{
    "SC": {
        "nu": 0.03419638900192,
        "delta": 0.096694558351873,
        "delta/natoms": 0.096694558351873
    },
    "XO": {
        "nu": 0.034647088629586,
        "delta": 0.097161749208696,
        "delta/natoms": 0.097161749208696
    },
    "BCC": {
        "nu": 0.066387992515658,
        "delta": 0.16520967048001,
        "delta/natoms": 0.16520967048001
    },
    "FCC": {
        "nu": 0.090130208231601,
        "delta": 0.20237179187918,
        "delta/natoms": 0.20237179187918
    },
    "X2O": {
        "nu": 0.073277130168393,
        "delta": 0.56604362295402,
        "delta/natoms": 0.18868120765134
    },
    "XO2": {
        "nu": 0.07327465017884,
        "delta": 0.56602265964056,
        "delta/natoms": 0.18867421988019
    },
    "XO3": {
        "nu": 0.10878254241109,
        "delta": 0.85881569287957,
        "delta/natoms": 0.21470392321989
    },
    "X2O3": {
        "nu": 0.047511897479785,
        "delta": 1.2951283268109,
        "delta/natoms": 0.12951283268109
    },
    "X2O5": {
        "nu": 0.047803869137262,
        "delta": 0.86363166976129,
        "delta/natoms": 0.12337595282304
    },
    "Diamond": {
        "nu": 0.016624777122234,
        "delta": 0.083901644628553,
        "delta/natoms": 0.041950822314276
    }
}