{
    "SC": {
        "nu": 0.026472892434798,
        "delta": 0.071595446942692,
        "delta/natoms": 0.071595446942692
    },
    "XO": {
        "nu": 0.027191904351935,
        "delta": 0.072150779528124,
        "delta/natoms": 0.072150779528124
    },
    "BCC": {
        "nu": 0.0040819964985139,
        "delta": 0.010583457025074,
        "delta/natoms": 0.010583457025074
    },
    "FCC": {
        "nu": 0.029511034814389,
        "delta": 0.067721522585306,
        "delta/natoms": 0.067721522585306
    },
    "X2O": {
        "nu": 0.042359387778771,
        "delta": 0.28258685326973,
        "delta/natoms": 0.094195617756575
    },
    "XO2": {
        "nu": 0.042282992306682,
        "delta": 0.28240519862219,
        "delta/natoms": 0.094135066207398
    },
    "XO3": {
        "nu": 0.07485452404037,
        "delta": 0.64942889449945,
        "delta/natoms": 0.16235722362486
    },
    "X2O3": {
        "nu": 0.032092585672997,
        "delta": 0.81008409613767,
        "delta/natoms": 0.081008409613767
    },
    "X2O5": {
        "nu": 0.026332695741132,
        "delta": 0.48947690467666,
        "delta/natoms": 0.069925272096665
    },
    "Diamond": {
        "nu": 0.012959539127864,
        "delta": 0.077082211833402,
        "delta/natoms": 0.038541105916701
    }
}