{
    "Ag-X/BCC": 17.950904901399372,
    "Ag-X/Diamond": 60.12208019285919,
    "Ag-X/FCC": 17.807416243094295,
    "Ag-X/SC": 20.793495222686055,
    "Al-X/BCC": 16.911556553649508,
    "Al-X/Diamond": 55.2804694434705,
    "Al-X/FCC": 16.48129763916759,
    "Al-X/SC": 20.152591072683208,
    "Ar-X/BCC": 53.33904367994998,
    "Ar-X/Diamond": 197.15961770054193,
    "Ar-X/FCC": 52.2849716570328,
    "Ar-X/SC": 65.233512581412,
    "As-X/BCC": 19.062847500630156,
    "As-X/Diamond": 57.059772452337725,
    "As-X/FCC": 19.327076796799535,
    "As-X/SC": 20.3824015639777,
    "Au-X/BCC": 17.936540121319503,
    "Au-X/Diamond": 58.17269744439494,
    "Au-X/FCC": 17.875887990621138,
    "Au-X/SC": 20.655285240254262,
    "B-X/BCC": 6.136941693385323,
    "B-X/Diamond": 16.634972856681415,
    "B-X/FCC": 5.889915335286677,
    "B-X/SC": 6.701604476415021,
    "Ba-X/BCC": 63.272906005286046,
    "Ba-X/Diamond": 113.57993782789453,
    "Ba-X/FCC": 64.09315218875112,
    "Ba-X/SC": 61.6208392419458,
    "Be-X/BCC": 7.844460913691689,
    "Be-X/Diamond": 29.454972564404724,
    "Be-X/FCC": 7.891109978038571,
    "Be-X/SC": 10.301173117502838,
    "Bi-X/BCC": 31.55224287289284,
    "Bi-X/Diamond": 96.59513876951625,
    "Bi-X/FCC": 31.727976626704,
    "Bi-X/SC": 35.101023803314924,
    "Br-X/BCC": 26.78482520056195,
    "Br-X/Diamond": 92.30698526532213,
    "Br-X/FCC": 26.42645325172879,
    "Br-X/SC": 29.831006254476286,
    "C-X/BCC": 6.6970114146967825,
    "C-X/Diamond": 11.402380765443581,
    "C-X/FCC": 7.3356520750966325,
    "C-X/SC": 5.590263976220283,
    "Ca-X/BCC": 42.133054793926426,
    "Ca-X/Diamond": 159.93073049971412,
    "Ca-X/FCC": 42.18044182268518,
    "Ca-X/SC": 43.58020528345923,
    "Cd-X/BCC": 23.384327782029985,
    "Cd-X/Diamond": 74.85931730057777,
    "Cd-X/FCC": 22.820241450947627,
    "Cd-X/SC": 26.90704310467822,
    "Ce-X/BCC": 27.681147752133597,
    "Ce-X/Diamond": 61.15092603961588,
    "Ce-X/FCC": 26.75009432684074,
    "Ce-X/SC": 25.210371111670632,
    "Cl-X/BCC": null,
    "Cl-X/Diamond": 72.98257265451029,
    "Cl-X/FCC": null,
    "Cl-X/SC": 23.458563002520123,
    "Co-X/BCC": 11.10072082430425,
    "Co-X/Diamond": null,
    "Co-X/FCC": 10.92382163558454,
    "Co-X/SC": 12.821240242295922,
    "Cr-X/BCC": 11.547680724858996,
    "Cr-X/Diamond": 33.08702927592219,
    "Cr-X/FCC": 11.885557247763698,
    "Cr-X/SC": 12.80816482894973,
    "Cs-X/BCC": 116.7571129265968,
    "Cs-X/Diamond": 377.13795163546416,
    "Cs-X/FCC": 117.27263565574216,
    "Cs-X/SC": 128.24034384174283,
    "Cu-X/BCC": 12.012962237609575,
    "Cu-X/Diamond": 38.422633444175794,
    "Cu-X/FCC": 11.960131220471652,
    "Cu-X/SC": 13.948584858793705,
    "Dy-X/BCC": 31.437655174878692,
    "Dy-X/Diamond": 58.735341112246104,
    "Dy-X/FCC": 32.38028778764532,
    "Dy-X/SC": 32.57840302847918,
    "Er-X/BCC": 33.78006747697283,
    "Er-X/Diamond": 141.58692523962824,
    "Er-X/FCC": 33.86140521068262,
    "Er-X/SC": 34.82282224808056,
    "Eu-X/BCC": 43.456765455336964,
    "Eu-X/Diamond": 66.31323148829455,
    "Eu-X/FCC": 44.22702020598842,
    "Eu-X/SC": null,
    "F-X/BCC": 10.706472953916656,
    "F-X/Diamond": 30.463805295170175,
    "F-X/FCC": 10.869611359194689,
    "F-X/SC": 11.512881985740991,
    "Fe-X/BCC": 11.382361384827997,
    "Fe-X/Diamond": 29.159626568879304,
    "Fe-X/FCC": 10.615276862618083,
    "Fe-X/SC": 13.17978459100531,
    "Ga-X/BCC": 19.19923280903087,
    "Ga-X/Diamond": 50.840053455896644,
    "Ga-X/FCC": 18.937632921426914,
    "Ga-X/SC": 20.115796620457004,
    "Gd-X/BCC": 33.21081796125492,
    "Gd-X/Diamond": 61.96741197435081,
    "Gd-X/FCC": 32.94015658835121,
    "Gd-X/SC": 38.95879071007422,
    "Ge-X/BCC": 19.237225850384377,
    "Ge-X/Diamond": 47.76037682022433,
    "Ge-X/FCC": 19.5412144784733,
    "Ge-X/SC": 19.912419485356473,
    "H-X/BCC": 2.9676135272875697,
    "H-X/Diamond": 6.830959930549359,
    "H-X/FCC": 2.9657828752353095,
    "H-X/SC": 3.0863584413534246,
    "He-X/BCC": 17.99278475443091,
    "He-X/Diamond": 64.00577945502371,
    "He-X/FCC": 17.727741856077213,
    "He-X/SC": 21.45448343991291,
    "Hf-X/BCC": 22.33518166359248,
    "Hf-X/Diamond": 70.43026500944153,
    "Hf-X/FCC": 22.577342970849212,
    "Hf-X/SC": 24.840277919471376,
    "Hg-X/BCC": 29.330216986848566,
    "Hg-X/Diamond": 112.33847516348808,
    "Hg-X/FCC": 32.38294430060912,
    "Hg-X/SC": 29.922774770885507,
    "Ho-X/BCC": 34.02056547267949,
    "Ho-X/Diamond": null,
    "Ho-X/FCC": 33.73306559503271,
    "Ho-X/SC": 35.28415734129095,
    "I-X/BCC": 36.041819474718636,
    "I-X/Diamond": 121.30749766273644,
    "I-X/FCC": 35.18994169023198,
    "I-X/SC": 41.597493777270735,
    "In-X/BCC": 27.777273731516736,
    "In-X/Diamond": 76.41578723798986,
    "In-X/FCC": 27.50076705409869,
    "In-X/SC": 29.545034186567488,
    "Ir-X/BCC": 15.103254369770713,
    "Ir-X/Diamond": 43.20738580591596,
    "Ir-X/FCC": 14.508592641767326,
    "Ir-X/SC": 17.001401120687024,
    "K-X/BCC": 73.77413828718241,
    "K-X/Diamond": 223.77167778349892,
    "K-X/FCC": 73.99803808101291,
    "K-X/SC": 79.34285727002444,
    "Kr-X/BCC": 67.3840252217251,
    "Kr-X/Diamond": 249.41090410122908,
    "Kr-X/FCC": 65.98156930058343,
    "Kr-X/SC": 82.58722626333102,
    "La-X/BCC": 37.97211414266361,
    "La-X/Diamond": 75.22983487566387,
    "La-X/FCC": 37.10345262111179,
    "La-X/SC": 37.01044614848795,
    "Li-X/BCC": 20.27084229181725,
    "Li-X/Diamond": 51.38000206497051,
    "Li-X/FCC": 20.228150710174578,
    "Li-X/SC": 20.41256027926166,
    "Lu-X/BCC": 29.63621932385346,
    "Lu-X/Diamond": 101.26771128027077,
    "Lu-X/FCC": 28.994500824353448,
    "Lu-X/SC": 32.970245653064595,
    "Mg-X/BCC": 22.909770618781746,
    "Mg-X/Diamond": 80.84404007365393,
    "Mg-X/FCC": 23.120593354718658,
    "Mg-X/SC": 27.57522074450285,
    "Mn-X/BCC": 10.93997020283226,
    "Mn-X/Diamond": 30.355531054034724,
    "Mn-X/FCC": 10.748375880733983,
    "Mn-X/SC": 11.939593247248979,
    "Mo-X/BCC": 15.78763930923477,
    "Mo-X/Diamond": 45.907898725836795,
    "Mo-X/FCC": 16.0260049119617,
    "Mo-X/SC": 17.57813133380165,
    "N-X/BCC": 7.264415539114744,
    "N-X/Diamond": 18.43826631038261,
    "N-X/FCC": 7.6293486820241485,
    "N-X/SC": 6.5286413575371505,
    "Na-X/BCC": 37.0175680523185,
    "Na-X/Diamond": 109.15049118923568,
    "Na-X/FCC": 37.10296134013228,
    "Na-X/SC": 39.75417188509686,
    "Nb-X/BCC": 18.16042115030908,
    "Nb-X/Diamond": 51.70321006152586,
    "Nb-X/FCC": 18.788489517650294,
    "Nb-X/SC": 20.13932289117882,
    "Nd-X/BCC": 29.70333309839468,
    "Nd-X/Diamond": 57.26489562115566,
    "Nd-X/FCC": 35.559558631468555,
    "Nd-X/SC": 19.967943280509203,
    "Ne-X/BCC": 24.670655125463597,
    "Ne-X/Diamond": 88.9830057062207,
    "Ne-X/FCC": 24.318072053503847,
    "Ne-X/SC": 29.72988520722474,
    "Ni-X/BCC": 10.994760629358037,
    "Ni-X/Diamond": 33.21742237425262,
    "Ni-X/FCC": 10.898132938186336,
    "Ni-X/SC": 12.676320721271475,
    "O-X/BCC": 7.787165219629552,
    "O-X/Diamond": 21.36261028641518,
    "O-X/FCC": 8.002402440895647,
    "O-X/SC": 7.95282055923445,
    "Os-X/BCC": 14.76426639730116,
    "Os-X/Diamond": 42.87712156819495,
    "Os-X/FCC": 14.324531506885448,
    "Os-X/SC": 16.717860547631734,
    "P-X/BCC": 14.24104384768588,
    "P-X/Diamond": 41.36439613948903,
    "P-X/FCC": 14.569389954580783,
    "P-X/SC": 14.671464452551556,
    "Pb-X/BCC": 31.970264056952832,
    "Pb-X/Diamond": 87.97464350820982,
    "Pb-X/FCC": 32.02676804494237,
    "Pb-X/SC": 34.46078542931683,
    "Pd-X/BCC": 15.445822894498745,
    "Pd-X/Diamond": 49.08522025643073,
    "Pd-X/FCC": 15.35003656914653,
    "Pd-X/SC": 17.872184520871496,
    "Pm-X/BCC": 43.59367603490654,
    "Pm-X/Diamond": 60.68008869859527,
    "Pm-X/FCC": 41.22524605989088,
    "Pm-X/SC": null,
    "Po-X/BCC": 32.89859447664051,
    "Po-X/Diamond": 105.01713725584241,
    "Po-X/FCC": 32.6265991899781,
    "Po-X/SC": 37.602732528023274,