{
    "SC": {
        "nu": 0.082736819488099,
        "delta": 0.24902242835153,
        "delta/natoms": 0.24902242835153
    },
    "XO": {
        "nu": 0.054942542920404,
        "delta": 0.36400396843727,
        "delta/natoms": 0.18200198421863
    },
    "BCC": {
        "nu": 0.092362500162007,
        "delta": 0.24487384978635,
        "delta/natoms": 0.24487384978635
    },
    "FCC": {
        "nu": 0.07354271764737,
        "delta": 0.21898372852352,
        "delta/natoms": 0.21898372852352
    },
    "X2O": {
        "nu": 0.044399586235844,
        "delta": 0.36795726446792,
        "delta/natoms": 0.12265242148931
    },
    "XO2": {
        "nu": 0.067599611561081,
        "delta": 0.91515604303479,
        "delta/natoms": 0.30505201434493
    },
    "XO3": {
        "nu": 0.07490091761007,
        "delta": 1.2936375332417,
        "delta/natoms": 0.32340938331043
    },
    "X2O3": {
        "nu": 0.038788208465106,
        "delta": 1.338760328976,
        "delta/natoms": 0.1338760328976
    },
    "X2O5": {
        "nu": 0.038168595879562,
        "delta": 1.744352291731,
        "delta/natoms": 0.1245965922665
    },
    "Diamond": {
        "nu": 0.17722336925709,
        "delta": 1.0141312566782,
        "delta/natoms": 0.50706562833909
    }
}