{
    "GS": {
        "nu": 0.44089789147789,
        "delta": 11.952299799106,
        "delta/natoms": 1.4940374748882
    },
    "SC": {
        "nu": 0.62403957650937,
        "delta": 1.5939747571689,
        "delta/natoms": 1.5939747571689
    },
    "XO": {
        "nu": 0.16422394298324,
        "delta": 1.0062756271742,
        "delta/natoms": 0.50313781358712
    },
    "BCC": {
        "nu": 0.29752697623861,
        "delta": 0.87732206368294,
        "delta/natoms": 0.87732206368294
    },
    "FCC": {
        "nu": 0.29840226599182,
        "delta": 0.88166202525533,
        "delta/natoms": 0.88166202525533
    },
    "X2O": {
        "nu": 0.11971258374528,
        "delta": 0.98226519396851,
        "delta/natoms": 0.32742173132284
    },
    "XO2": {
        "nu": 0.1353072120672,
        "delta": 1.2112207941388,
        "delta/natoms": 0.40374026471294
    },
    "XO3": {
        "nu": 0.31082087148699,
        "delta": 2.9914971383675,
        "delta/natoms": 0.74787428459188
    },
    "X2O3": {
        "nu": 0.16156102437018,
        "delta": 4.7577533442678,
        "delta/natoms": 0.47577533442678
    },
    "X2O5": {
        "nu": 0.018549702557356,
        "delta": 0.72556266943409,
        "delta/natoms": 0.051825904959578
    },
    "Diamond": {
        "nu": 0.38666773593959,
        "delta": 2.3976448841186,
        "delta/natoms": 1.1988224420593
    }
}