{
    "GS": {
        "nu": 0.10814887917851,
        "delta": 1.6840733704668,
        "delta/natoms": 0.21050917130835
    },
    "SC": {
        "nu": 0.82625860826797,
        "delta": 2.2320237796612,
        "delta/natoms": 2.2320237796612
    },
    "XO": {
        "nu": 0.20293922984287,
        "delta": 1.2501425513613,
        "delta/natoms": 0.62507127568065
    },
    "BCC": {
        "nu": 0.40690506584993,
        "delta": 1.2033289642272,
        "delta/natoms": 1.2033289642272
    },
    "FCC": {
        "nu": 0.38448833125576,
        "delta": 1.1417111239107,
        "delta/natoms": 1.1417111239107
    },
    "X2O": {
        "nu": 0.15584264297657,
        "delta": 1.2839416867936,
        "delta/natoms": 0.42798056226455
    },
    "XO2": {
        "nu": 0.18619413761502,
        "delta": 1.6674864050507,
        "delta/natoms": 0.55582880168356
    },
    "XO3": {
        "nu": 0.44761118694601,
        "delta": 4.3121173315095,
        "delta/natoms": 1.0780293328774
    },
    "X2O3": {
        "nu": 0.2223855559213,
        "delta": 6.5522484608672,
        "delta/natoms": 0.65522484608672
    },
    "X2O5": {
        "nu": 0.011220610122198,
        "delta": 0.22013933670088,
        "delta/natoms": 0.015724238335777
    },
    "Diamond": {
        "nu": 0.49044994955116,
        "delta": 3.0837650787662,
        "delta/natoms": 1.5418825393831
    }
}