{
    "GS": {
        "nu": 0.10453332818076,
        "delta": 1.2928842885407,
        "delta/natoms": 0.16161053606758
    },
    "SC": {
        "nu": 0.83043613407133,
        "delta": 2.2453968090514,
        "delta/natoms": 2.2453968090514
    },
    "XO": {
        "nu": 0.20286492155499,
        "delta": 1.2495654162213,
        "delta/natoms": 0.62478270811066
    },
    "BCC": {
        "nu": 0.40645041213596,
        "delta": 1.2018730757244,
        "delta/natoms": 1.2018730757244
    },
    "FCC": {
        "nu": 0.38405304852477,
        "delta": 1.1403802733724,
        "delta/natoms": 1.1403802733724
    },
    "X2O": {
        "nu": 0.15461320048599,
        "delta": 1.2737804104422,
        "delta/natoms": 0.42459347014741
    },
    "XO2": {
        "nu": 0.18611631950812,
        "delta": 1.66678004236,
        "delta/natoms": 0.55559334745332
    },
    "XO3": {
        "nu": 0.44976713409842,
        "delta": 4.3331810687287,
        "delta/natoms": 1.0832952671822
    },
    "X2O3": {
        "nu": 0.22233639336663,
        "delta": 6.5506578029052,
        "delta/natoms": 0.65506578029052
    },
    "X2O5": {
        "nu": 0.010622740523753,
        "delta": 0.19956873944089,
        "delta/natoms": 0.014254909960064
    },
    "Diamond": {
        "nu": 0.49217858911865,
        "delta": 3.0949934165385,
        "delta/natoms": 1.5474967082692
    }
}