{
    "GS": {
        "nu": 0.32984576644266,
        "delta": 9.1191666590708,
        "delta/natoms": 1.1398958323839
    },
    "SC": {
        "nu": 0.37467379482029,
        "delta": 0.83724625302213,
        "delta/natoms": 0.83724625302213
    },
    "XO": {
        "nu": 0.071035358212958,
        "delta": 0.43441791080841,
        "delta/natoms": 0.2172089554042
    },
    "BCC": {
        "nu": 0.096410481936416,
        "delta": 0.28937284148971,
        "delta/natoms": 0.28937284148971
    },
    "FCC": {
        "nu": 0.080764875318781,
        "delta": 0.20354203768275,
        "delta/natoms": 0.20354203768275
    },
    "X2O": {
        "nu": 0.050952729314753,
        "delta": 0.45503378334604,
        "delta/natoms": 0.15167792778201
    },
    "XO2": {
        "nu": 0.062763770570988,
        "delta": 0.56113329389407,
        "delta/natoms": 0.18704443129802
    },
    "XO3": {
        "nu": 0.17835246250523,
        "delta": 1.7091740602697,
        "delta/natoms": 0.42729351506741
    },
    "X2O3": {
        "nu": 0.081293330789807,
        "delta": 2.2482292723519,
        "delta/natoms": 0.22482292723519
    },
    "X2O5": {
        "nu": 0.10755509870969,
        "delta": 4.222923659127,
        "delta/natoms": 0.30163740422336
    },
    "Diamond": {
        "nu": 0.10420796789524,
        "delta": 0.68835125904876,
        "delta/natoms": 0.34417562952438
    }
}