{
    "GS": {
        "nu": 0.56566265783988,
        "delta": 15.813091837772,
        "delta/natoms": 1.9766364797215
    },
    "SC": {
        "nu": 0.33218676583241,
        "delta": 0.60871401558781,
        "delta/natoms": 0.60871401558781
    },
    "XO": {
        "nu": 0.03386655977846,
        "delta": 0.20870344265656,
        "delta/natoms": 0.10435172132828
    },
    "BCC": {
        "nu": 0.068104831743112,
        "delta": 0.20221616300818,
        "delta/natoms": 0.20221616300818
    },
    "FCC": {
        "nu": 0.034386543018097,
        "delta": 0.098485781313487,
        "delta/natoms": 0.098485781313487
    },
    "X2O": {
        "nu": 0.037002905225064,
        "delta": 0.30454835373443,
        "delta/natoms": 0.10151611791148
    },
    "XO2": {
        "nu": 0.012582073902356,
        "delta": 0.11058702934729,
        "delta/natoms": 0.036862343115762
    },
    "XO3": {
        "nu": 0.068813829905898,
        "delta": 0.63638227428371,
        "delta/natoms": 0.15909556857093
    },
    "X2O3": {
        "nu": 0.017679723116387,
        "delta": 0.52401742804553,
        "delta/natoms": 0.052401742804553
    },
    "X2O5": {
        "nu": 0.094524415788748,
        "delta": 3.724628178915,
        "delta/natoms": 0.2660448699225
    },
    "Diamond": {
        "nu": 0.078018434189138,
        "delta": 0.50161409174423,
        "delta/natoms": 0.25080704587212
    }
}