{
    "GS": {
        "nu": 1.3109508501973,
        "delta": 36.498985083327,
        "delta/natoms": 4.5623731354159
    },
    "SC": {
        "nu": 0.27053436566521,
        "delta": 0.34136703424686,
        "delta/natoms": 0.34136703424686
    },
    "XO": {
        "nu": 0.052751199991522,
        "delta": 0.32247450304918,
        "delta/natoms": 0.16123725152459
    },
    "BCC": {
        "nu": 0.096143266269325,
        "delta": 0.28155383867065,
        "delta/natoms": 0.28155383867065
    },
    "FCC": {
        "nu": 0.1209302288208,
        "delta": 0.35745778945073,
        "delta/natoms": 0.35745778945073
    },
    "X2O": {
        "nu": 0.074490773954758,
        "delta": 0.60899252718233,
        "delta/natoms": 0.20299750906078
    },
    "XO2": {
        "nu": 0.056050954126018,
        "delta": 0.48997339349547,
        "delta/natoms": 0.16332446449849
    },
    "XO3": {
        "nu": 0.05049170242675,
        "delta": 0.46895024649575,
        "delta/natoms": 0.11723756162394
    },
    "X2O3": {
        "nu": 0.052880493680148,
        "delta": 1.5064929622392,
        "delta/natoms": 0.15064929622392
    },
    "X2O5": {
        "nu": 0.05326187800225,
        "delta": 2.1041652090244,
        "delta/natoms": 0.15029751493032
    },
    "Diamond": {
        "nu": 0.13086724828399,
        "delta": 0.80739044204288,
        "delta/natoms": 0.40369522102144
    }
}