{
    "Fe.nc.pbe.z_16.oncvpsp3.dojo.v0.4.1-std.upf": {
        "element": "Fe",
        "stable_conf": "FCC",
        "z_valence": "16",
        "abbr_name": "DOJO-041-std",
        "nu_confs": {
            "BCC": 0.11549186357318,
            "DC": 0.073633076640776,
            "FCC": 0.077137621176343,
            "SC": 0.043157452553075,
            "X2O": 0.12245148119461,
            "X2O3": 0.040735162229836,
            "X2O5": 0.01326980688721,
            "XO": 0.075157603120232,
            "XO2": 0.027767067981297,
            "XO3": 0.026934575023623
        },
        "avg.nu.w/o.max": 0.05480935879839688,
        "efficiency": 80,
        "precision": 80
    },
    "Fe.nc.pbe.z_16.oncvpsp3.dojo.v0.4.1-str.upf": {
        "element": "Fe",
        "stable_conf": "FCC",
        "z_valence": "16",
        "abbr_name": "DOJO-041-str",
        "nu_confs": {
            "BCC": 0.19698029849713,
            "DC": 0.11127099000105,
            "FCC": 0.16530798445187,
            "SC": 0.093371244635295,
            "X2O": 0.12680517493083,
            "X2O3": 0.072829743200852,
            "X2O5": 0.038533777182997,
            "XO": 0.06993187713299,
            "XO2": 0.053605823457672,
            "XO3": 0.0058860776654354
        },
        "avg.nu.w/o.max": 0.08194918807322124,
        "efficiency": null,
        "precision": null
    },
    "Fe.nc.pbe.z_16.oncvpsp4.sg15.v0.upf": {
        "element": "Fe",
        "stable_conf": "FCC",
        "z_valence": "16",
        "abbr_name": "SG15",
        "nu_confs": {
            "BCC": 0.73055335130678,
            "DC": 0.75250361684887,
            "FCC": 0.77190448431967,
            "SC": 0.72941433551032,
            "X2O": 0.41413772277806,
            "X2O3": 0.54589153608024,
            "X2O5": 0.34190040313219,
            "XO": 0.61316653907633,
            "XO2": 0.55635451304272,
            "XO3": 0.80586236187804
        },
        "avg.nu.w/o.max": 0.6062029446772422,
        "efficiency": 65,
        "precision": 65
    },
    "Fe.nc.pbe.z_16.oncvpsp4.spms.v1.upf": {
        "element": "Fe",
        "stable_conf": "FCC",
        "z_valence": "16",
        "abbr_name": "SPMS",
        "nu_confs": {
            "BCC": 0.082628194732987,
            "DC": 0.77749646603511,
            "FCC": 0.098814630858649,
            "SC": 0.50444408318053,
            "X2O": 0.53706907295334,
            "X2O3": 0.23604886202731,
            "X2O5": 0.1868485850337,
            "XO": 0.10325273671987,
            "XO2": 0.32634382505037,
            "XO3": 0.36614623223192
        },
        "avg.nu.w/o.max": 0.2712884691987418,
        "efficiency": 50,
        "precision": 50
    },
    "Fe.paw.pbe.z_16.atompaw.jth.v1.1-std.upf": {
        "element": "Fe",
        "stable_conf": "FCC",
        "z_valence": "16",
        "abbr_name": "JTH-1.1-std",
        "nu_confs": {
            "BCC": 1.0060925879068,
            "DC": 1.2244092293823,
            "FCC": 1.0340876454125,
            "SC": 0.99819459867969,
            "X2O": 0.77710310015823,
            "X2O3": 1.065886415247,
            "X2O5": 0.45467088083429,
            "XO": 0.9359326729669,
            "XO2": 0.9911234821583,
            "XO3": 1.3419659937323
        },
        "avg.nu.w/o.max": 0.9430556236384456,
        "efficiency": 40,
        "precision": 45
    },
    "Fe.paw.pbe.z_16.ld1.psl.v0.2.1.upf": {
        "element": "Fe",
        "stable_conf": "FCC",
        "z_valence": "16",
        "abbr_name": "PSL-PAW-v0.x",
        "nu_confs": {
            "BCC": 0.43509004527627,
            "DC": 0.78945225205073,
            "FCC": 0.41715406899467,
            "SC": 0.54383817717962,
            "X2O": 0.48867798081381,
            "X2O3": 0.60916082738502,
            "X2O5": 0.30098231860987,
            "XO": 0.55409942507603,
            "XO2": 0.55609916395455,
            "XO3": 1.0000784532551
        },
        "avg.nu.w/o.max": 0.5216171399267301,
        "efficiency": 75,
        "precision": 80
    },
    "Fe.paw.pbe.z_16.ld1.psl.v1.0.0-high.upf": {
        "element": "Fe",
        "stable_conf": "FCC",
        "z_valence": "16",
        "avg.nu.w/o.max": null,
        "efficiency": 80,
        "precision": 80
    },
    "Fe.paw.pbe.z_8.ld1.psl.v1.0.0-low.upf": {
        "element": "Fe",
        "stable_conf": "FCC",
        "z_valence": "8",
        "avg.nu.w/o.max": null,
        "efficiency": 30,
        "precision": 45
    },
    "Fe.us.pbe.z_16.ld1.psl.v0.2.1.upf": {
        "element": "Fe",
        "stable_conf": "FCC",
        "z_valence": "16",
        "abbr_name": "PSL-US-v0.x",
        "nu_confs": {
            "BCC": 0.42408662447549,
            "DC": 0.82153998274688,
            "FCC": 0.44580029822206,
            "SC": 0.60906813287736,
            "X2O": 0.53983488881555,
            "X2O3": 0.62852666506361,
            "X2O5": 0.31253357196723,
            "XO": 0.57487802898788,
            "XO2": 0.56555910759463,
            "XO3": 0.99850565991237
        },
        "avg.nu.w/o.max": 0.5468697000834098,
        "efficiency": 75,
        "precision": 80
    },
    "Fe.us.pbe.z_16.ld1.psl.v1.0.0-high.upf": {
        "element": "Fe",
        "stable_conf": "FCC",
        "z_valence": "16",
        "abbr_name": "PSL-US-v1-high",
        "nu_confs": {
            "BCC": 0.43416715074859,
            "DC": 0.55796083860408,
            "FCC": 0.47073932044217,
            "SC": 0.55108164328213,
            "X2O": 0.43672142683433,
            "X2O3": 0.35414423932906,
            "X2O5": 0.19558912426178,
            "XO": 0.41333125978668,
            "XO2": 0.31640548816273,
            "XO3": 0.48842876336565
        },
        "avg.nu.w/o.max": 0.40673426846812444,
        "efficiency": null,
        "precision": null
    },
    "Fe.us.pbe.z_16.uspp.gbrv.v1.5.upf": {
        "element": "Fe",
        "stable_conf": "FCC",
        "z_valence": "16",
        "abbr_name": "GBRV-1.X",
        "nu_confs": {
            "BCC": 0.042680671466707,
            "DC": 0.037182232791466,
            "FCC": 0.047536938959206,
            "SC": 0.0053317234787373,
            "X2O": 0.0085704115530602,
            "X2O3": 0.033571738613664,
            "X2O5": 0.035681975010878,
            "XO": 0.016110128295273,
            "XO2": 0.045740631505032,
            "XO3": 0.026277892473368
        },
        "avg.nu.w/o.max": 0.027905267243131717,
        "efficiency": 30,
        "precision": 35
    },
    "Fe.us.pbe.z_8.ld1.psl.v1.0.0-low.upf": {
        "element": "Fe",
        "stable_conf": "FCC",
        "z_valence": "8",
        "abbr_name": "PSL-US-v1-low",
        "nu_confs": {
            "BCC": 0.1646402952636,
            "DC": 0.13726708300714,
            "FCC": 0.19346069132737,
            "SC": 0.27212310697493,
            "X2O": 0.24671572356634,
            "X2O3": 0.3496109379754,
            "X2O5": 0.034287766812688,
            "XO": 0.21066202082188,
            "XO2": 0.24125162630606,
            "XO3": 0.98035386662881
        },
        "avg.nu.w/o.max": 0.2055576946728231,
        "efficiency": 30,
        "precision": 45
    }
}