 #  r       coreden        valeden         tcoreden        tvaleden      nhatden
  0.0000000E+00  0.00000000000000000E+00  0.00000000000000000E+00  0.00000000000000000E+00  0.00000000000000000E+00  0.00000000000000000E+00
  5.0071180E-06  3.00396514926278390E-05  8.01220995344515544E-08  1.57261236112524634E-10  1.98422591066733986E-10  2.55552632135926512E-11
  1.0085348E-05  1.14613759131772290E-04  3.05695816130818529E-07  6.38010511873574478E-10  8.05002567936052626E-10  1.03677975370114777E-10
  1.5235701E-05  2.52228644573423456E-04  6.72732489652593191E-07  1.45603194939871454E-09  1.83713189150340034E-09  2.36608083698406669E-10
  2.0459200E-05  4.43112033610891314E-04  1.18183472192669990E-06  2.62556832311755400E-09  3.31278122226235042E-09  4.26660067345257197E-10
  2.5756884E-05  6.88033977518034295E-04  1.83505139935175585E-06  4.16133509384224843E-09  5.25051762766106221E-09  6.76225217940213731E-10
  3.1129808E-05  9.88138031074944651E-04  2.63542735088359778E-06  6.07853485727393761E-09  7.66952281237375370E-09  9.87773987507451472E-10
  3.6579039E-05  1.34473274853798720E-03  3.58644718780782787E-06  8.39287221898659265E-09  1.05896118866780937E-08  1.36385840568115026E-09
  4.2105661E-05  1.75928376913287625E-03  4.69201416313137815E-06  1.11205691082752661E-08  1.40312526885678605E-08  1.80711456823729349E-09
  4.7710774E-05  2.23338378488968257E-03  5.95637004104870472E-06  1.42783805436124106E-08  1.80155856756802772E-08  2.32026519901276574E-09
  5.3395492E-05  2.76873443728803794E-03  7.38404678555350102E-06  1.78836108628230522E-08  2.25644444035806751E-08  2.90612228734228767E-09
  5.9160945E-05  3.36713434796603612E-03  8.97983460945763883E-06  2.19541304314678641E-08  2.77003766074243836E-08  3.56758980320519006E-09
  6.5008281E-05  4.03047167340896736E-03  1.07487620902189502E-05  2.65083928433111514E-08  3.34466659045052485E-08  4.30766649233707656E-09
  7.0938662E-05  4.76071945974245424E-03  1.26960837536845417E-05  3.15654526271510989E-08  3.98273541357055608E-08  5.12944875362648793E-09
  7.6953268E-05  5.55993261657835268E-03  1.48272719755216452E-05  3.71449834747010639E-08  4.68672643643807793E-08  6.03613360118351578E-09
  8.3053295E-05  6.43024602668157419E-03  1.71480119112898044E-05  4.32672970046321899E-08  5.45920245517450637E-08  7.03102171353585668E-09
  8.9239956E-05  7.37387347845126773E-03  1.96641986201470663E-05  4.99533620783256663E-08  6.30280919283753074E-08  8.11752057247890164E-09
  9.5514481E-05  8.39310720425804659E-03  2.23819358033979356E-05  5.72248246833273541E-08  7.22027780820135318E-08  9.29914769417878611E-09
  1.0187812E-04  9.49031787899622288E-03  2.53075357693211441E-05  6.51040284009611584E-08  8.21442747824308285E-08  1.05795339552025398E-08
  1.0833213E-04  1.06679549766049622E-02  2.84475203514677661E-05  7.36140354750281681E-08  9.28816805647115072E-08  1.19624270162260778E-08
  1.1487781E-04  1.19285474113939149E-02  3.18086225851931683E-05  8.27786484990093669E-08  1.04445028092933876E-07  1.34516948462504380E-08
  1.2151645E-04  1.32747044111067546E-02  3.53977890007952878E-05  9.26224327396883287E-08  1.16865312326855127E-07  1.50513293502377368E-08
  1.2824938E-04  1.47091165826107283E-02  3.92221824288530279E-05  1.03170739115625884E-07  1.30174519514855836E-07  1.67654501031621339E-08
  1.3507792E-04  1.62345571409862263E-02  4.32891852397279334E-05  1.14449727849453329E-07  1.44405657037076832E-07  1.85983081935578424E-08
  1.4200345E-04  1.78538832799126669E-02  4.76064029581880146E-05  1.26486392813489785E-07  1.59592784123359022E-07  2.05542901797340086E-08
  1.4902733E-04  1.95700376664475206E-02  5.21816682079822872E-05  1.39308586588757806E-07  1.75771043471315750E-07  2.26379221619184829E-08
  1.5615097E-04  2.13860500471433936E-02  5.70230449514572084E-05  1.52945046258043537E-07  1.92976693790588173E-07  2.48538739736855665E-08
  1.6337579E-04  2.33050389553326118E-02  6.21388329969970707E-05  1.67425419954243274E-07  2.11247143300086569E-07  2.72069634961196659E-08
  1.7070321E-04  2.53302135115967587E-02  6.75375727529031435E-05  1.82780294185852853E-07  2.30620984205794998E-07  2.97021610982664779E-08
  1.7813469E-04  2.74648753111181483E-02  7.32280502108046278E-05  1.99041221962077488E-07  2.51138028187501547E-07  3.23445942075245932E-08
  1.8567172E-04  2.97124203929151828E-02  7.92193021451691697E-05  2.16240751740694665E-07  2.72839342923641726E-07  3.51395520137363053E-08
  1.9331579E-04  3.20763412869876294E-02  8.55206215182110504E-05  2.34412457222462442E-07  2.95767289684276328E-07  3.80924903108443216E-08
  2.0106843E-04  3.45602291362112485E-02  9.21415630816586223E-05  2.53590968016550865E-07  3.19965562023088868E-07  4.12090364800917763E-08
  2.0893117E-04  3.71677758904730565E-02  9.90919491685778047E-05  2.73812001202180247E-07  3.45479225600179583E-07  4.44949946188583058E-08
  2.1690558E-04  3.99027765710659732E-02  1.06381875669851758E-04  2.95112393812371405E-07  3.72354759168340996E-07  4.79563508193413509E-08
  2.2499324E-04  4.27691316037922611E-02  1.14021718191058516E-04  3.17530136266458436E-07  4.00640096756446000E-07  5.15992786014142246E-08
  2.3319577E-04  4.57708492195790378E-02  1.22022138386429247E-04  3.41104406778784907E-07  4.30384671084542170E-07  5.54301445041160727E-08
  2.4151479E-04  4.89120479217020898E-02  1.30394090467345677E-04  3.65875606771784380E-07  4.61639458246241996E-07  5.94555138403572557E-08
  2.4995196E-04  5.21969590189576005E-02  1.39148827883478043E-04  3.91885397322464678E-07  4.94457023695020122E-07  6.36821566195554176E-08
  2.5850895E-04  5.56299292243254556E-02  1.48297910175204634E-04  4.19176736672146363E-07  5.28891569572086946E-07  6.81170536430530081E-08
  2.6718748E-04  5.92154233188384171E-02  1.57853209996402274E-04  4.47793918830164273E-07  5.64998983414584942E-07  7.27674027773072148E-08
  2.7598925E-04  6.29580268805146059E-02  1.67826920307073295E-04  4.77782613303119247E-07  6.02836888283962135E-07  7.76406254099843181E-08
  2.8491604E-04  6.68624490783313180E-02  1.78231561735591062E-04  5.09189905982186208E-07  6.42464694355543169E-07  8.27443730942416197E-08
  2.9396960E-04  7.09335255313204016E-02  1.89079990110608041E-04  5.42064341221903887E-07  6.83943652011472937E-07  8.80865343866286159E-08
  3.0315175E-04  7.51762212329493973E-02  2.00385404162893176E-04  5.76455965144846700E-07  7.27336906480433541E-07  9.36752418841969388E-08
  3.1246430E-04  7.95956335410240023E-02  2.12161353397543614E-04  6.12416370207556254E-07  7.72709554068785281E-07  9.95188794665689916E-08
  3.2190911E-04  8.41969952334071792E-02  2.24421746137170344E-04  6.49998741064129615E-07  8.20128700029046264E-07  1.05626089748879326E-07
  3.3148806E-04  8.89856776298971058E-02  2.37180857736773645E-04  6.89257901764915196E-07  8.69663518112975689E-07  1.12005781751674948E-07
  3.4120305E-04  9.39671937806471486E-02  2.50453338971126812E-04  7.30250364328829163E-07  9.21385311857848133E-07  1.18667138794032479E-07
  3.5105602E-04  9.91472017215410117E-02  2.64254224595554673E-04  7.73034378728918154E-07  9.75367577655930274E-07  1.25619626616333203E-07
  3.6104892E-04  1.04531507796960563E-01  2.78598942081054949E-04  8.17669984331947431E-07  1.03168606965860092E-06  1.32873001739319637E-07
  3.7118374E-04  1.10126070050400454E-01  2.93503320524741702E-04  8.64219062833921226E-07  1.09041886656800950E-06  1.40437320066247901E-07
  3.8146249E-04  1.15937001683396823E-01  3.08983599736615871E-04  9.12745392734706403E-07  1.15164644037073597E-06  1.48322945735146813E-07
  3.9188723E-04  1.21970574583240940E-01  3.25056439503670219E-04  9.63314705396117323E-07  1.21545172706942596E-06  1.56540560228396284E-07
  4.0246003E-04  1.28233222919951456E-01  3.41738929032333390E-04  1.01599474272912287E-06  1.28192019947002119E-06  1.65101171747041583E-07
  4.1318298E-04  1.34731546812974029E-01  3.59048596570228867E-04  1.07085531655713920E-06  1.35113994208384135E-06  1.74016124857477937E-07
  4.2405822E-04  1.41472316068070564E-01  3.77003419208203356E-04  1.12796836970371791E-06  1.42320172820547972E-06  1.83297110418354051E-07
  4.3508792E-04  1.48462473984844107E-01  3.95621832863521990E-04  1.18740803885433500E-06  1.49819909922922546E-06  1.92956175795773634E-07
  4.4627426E-04  1.55709141235335025E-01  4.14922742445082108E-04  1.24925071924339694E-06  1.57622844626852543E-06  2.03005735375100047E-07
  4.5761947E-04  1.63219619814095912E-01  4.34925532201425684E-04  1.31357513121907841E-06  1.65738909414486322E-06  2.13458581377914967E-07
  4.6912581E-04  1.71001397060136756E-01  4.55650076252251952E-04  1.38046238874006507E-06  1.74178338781430018E-06  2.24327894992918446E-07
  4.8079557E-04  1.79062149751095440E-01  4.77116749304047443E-04  1.44999606985989146E-06  1.82951678130193549E-06  2.35627257829819731E-07
  4.9263106E-04  1.87409748269963733E-01  4.99346437550349264E-04  1.52226228925610774E-06  1.92069792921652586E-06  2.47370663705519835E-07
  5.0463464E-04  1.96052260844658155E-01  5.22360549757047753E-04  1.59734977286317831E-06  2.01543878091957695E-06  2.59572530772158259E-07
  5.1680870E-04  2.04997957860689917E-01  5.46181028533015978E-04  1.67534993466971142E-06  2.11385467742537149E-06  2.72247713996870834E-07
  5.2915566E-04  2.14255316247139144E-01  5.70830361786221568E-04  1.75635695574232554E-06  2.21606445111057820E-06  2.85411518003384651E-07
  5.4167797E-04  2.23833023936099135E-01  5.96331594365337296E-04  1.84046786554029585E-06  2.32219052831435248E-06  2.99079710285872940E-07
  5.5437813E-04  2.33739984395695960E-01  6.22708339886711144E-04  1.92778262558692222E-06  2.43235903491215627E-06  3.13268534805785223E-07
  5.6725866E-04  2.43985321236743519E-01  6.49984792746392771E-04  2.01840421556545904E-06  2.54669990494890579E-06  3.27994725982679717E-07
  5.8032212E-04  2.54578382893026423E-01  6.78185740316740839E-04  2.11243872190943011E-06  2.66534699241953915E-06  3.43275523090401814E-07
  5.9357112E-04  2.65528747375143703E-01  7.07336575326944429E-04  2.20999542895909663E-06  2.78843818628758641E-06  3.59128685070271926E-07
  6.0700827E-04  2.76846227097779451E-01  7.37463308426597680E-04  2.31118691275796146E-06  2.91611552883496095E-06  3.75572505773292008E-07
  6.2063627E-04  2.88540873780190554E-01  7.68592580931245399E-04  2.41612913756527312E-06  3.04852533743883339E-06  3.92625829643710153E-07
  6.3445781E-04  3.00622983419628509E-01  8.00751677748602619E-04  2.52494155516269664E-06  3.18581832987423324E-06  4.10308067856650797E-07
  6.4847565E-04  3.13103101337329881E-01  8.33968540483909400E-04  2.63774720703552880E-06  3.32814975324380225E-06  4.28639214922870573E-07
  6.6269258E-04  3.25992027296619857E-01  8.68271780722628035E-04  2.75467282951121496E-06  3.47567951663912050E-06  4.47639865774086672E-07
  6.7711141E-04  3.39300820692588656E-01  9.03690693488422791E-04  2.87584896194017280E-06  3.62857232764090871E-06  4.67331233342695464E-07
  6.9173503E-04  3.53040805812699532E-01  9.40255270874091578E-04  3.00141005800650609E-06  3.78699783276858085E-06  4.87735166650109420E-07
  7.0656634E-04  3.67223577167583359E-01  9.77996215842809194E-04  3.13149460025860329E-06  3.95113076199276692E-06  5.08874169418343655E-07
  7.2160828E-04  3.81861004891174027E-01  1.01694495619674861E-03  3.26624521795225707E-06  4.12115107742765583E-06  5.30771419219897105E-07
  7.3686385E-04  3.96965240209219250E-01  1.05713365870979486E-03  3.40580880830151392E-06  4.29724412632335429E-06  5.53450787181411553E-07
  7.5233609E-04  4.12548720975083050E-01  1.09859524342075182E-03  3.55033666123535999E-06  4.47960079848202696E-06  5.76936858257041056E-07
  7.6802806E-04  4.28624177271638929E-01  1.14136339808306548E-03  3.69998458776093103E-06  4.66841768822490150E-06  6.01254952087901192E-07
  7.8394290E-04  4.45204637077906751E-01  1.18547259276669654E-03  3.85491305203703615E-06  4.86389726104112032E-06  6.26431144464463157E-07
  8.0008376E-04  4.62303431998964010E-01  1.23095809460741358E-03  4.01528730726464457E-06  5.06624802505300470E-06  6.52492289409221185E-07
  8.1645386E-04  4.79934203057503839E-01  1.27785598269833205E-03  4.18127753550402656E-06  5.27568470743620148E-06  6.79466041897464621E-07
  8.3305645E-04  4.98110906545272902E-01  1.32620316311810342E-03  4.35305899153151136E-06  5.49242843593721066E-06  7.07380881234506781E-07
  8.4989484E-04  5.16847819932451991E-01  1.37603738408969872E-03  4.53081215085189674E-06  5.71670692563477016E-06  7.36266135108228705E-07
  8.6697237E-04  5.36159547832884886E-01  1.42739725126326818E-03  4.71472286198601132E-06  5.94875467109591559E-06  7.66152004336361897E-07
  8.8429244E-04  5.56061028022881709E-01  1.48032224311604320E-03  4.90498250315627525E-06  6.18881314408168719E-06  7.97069588328465577E-07
  9.0185849E-04  5.76567537511144090E-01  1.53485272646174402E-03  5.10178814349662885E-06  6.43713099696206167E-06  8.29050911283145060E-07
  9.1967402E-04  5.97694698657169843E-01  1.59102997206141583E-03  5.30534270891692012E-06  6.69396427200418072E-06  8.62128949141640589E-07
  9.3774256E-04  6.19458485335291908E-01  1.64889617032703759E-03  5.51585515275539239E-06  6.95957661670259786E-06  8.96337657319515137E-07
  9.5606773E-04  6.41875229141309678E-01  1.70849444710868587E-03  5.73354063135693115E-06  7.23423950532529174E-06  9.31711999238807620E-07
  9.7465315E-04  6.64961625638440856E-01  1.76986887955538595E-03  5.95862068471856438E-06  7.51823246685394061E-06  9.68287975683641996E-07
  9.9350253E-04  6.88734740639113663E-01  1.83306451203920132E-03  6.19132342234774256E-06  7.81184331950220289E-06  1.00610265500295126E-06
  1.0126196E-03  7.13212016518870118E-01  1.89812737213137877E-03  6.43188371448324859E-06  8.11536841200109227E-06  1.04519420418465986E-06
  1.0320082E-03  7.38411278558415485E-01  1.96510448661874797E-03  6.68054338883267328E-06  8.42911287184570152E-06  1.08560192082634693E-06
  1.0516721E-03  7.64350741309596016E-01  2.03404389754780314E-03  6.93755143298499034E-06  8.75339086070340602E-06  1.12736626602814629E-06
  1.0716154E-03  7.91049014980815257E-01  2.10499467828318071E-03  7.20316420266118404E-06  9.08852583718916524E-06  1.17052889823437747E-06
  1.0918418E-03  8.18525111837138164E-01  2.17800694956645207E-03  7.47764563597057931E-06  9.43485082721956249E-06  1.21513270805113970E-06
  1.1123555E-03  8.46798452610029506E-01  2.25313189556037609E-03  7.76126747384544622E-06  9.79270870216334594E-06  1.26122185406792290E-06
  1.1331606E-03  8.75888872911393723E-01  2.33042177986288396E-03  8.05430948683115109E-06  1.01624524650122451E-05  1.30884179971204086E-06
  1.1542611E-03  9.05816629646263749E-01  2.40992996147424777E-03  8.35705970841444640E-06  1.05444455448024606E-05  1.35803935116555797E-06
  1.1756613E-03  9.36602407418175686E-01  2.49171091069995323E-03  8.66981467507763519E-06  1.09390620995239329E-05  1.40886269637523302E-06
  1.1973655E-03  9.68267324920927597E-01  2.57582022497087910E-03  8.99287967327162501E-06  1.13466873277607478E-05  1.46136144518682000E-06
  1.2193779E-03  1.00083294131008360E+00  2.66231464456144398E-03  9.32656899350663524E-06  1.17677177893138596E-05  1.51558667063606189E-06
  1.2417029E-03  1.03432126254722712E+00  2.75125206818538359E-03  9.67120619176477753E-06  1.22025617350636135E-05  1.57159095142953593E-06
  1.2643450E-03  1.06875474770959555E+00  2.84269156844773295E-03  1.00271243584447344E-05  1.26516394463376937E-05  1.62942841564954072E-06
  1.2873086E-03  1.10415631525735503E+00  2.93669340713064190E-03  1.03946663950547970E-05  1.31153835840571743E-05  1.68915478571814508E-06
  1.3105984E-03  1.14054934925036799E+00  3.03331905028943844E-03  1.07741852988765274E-05  1.35942395479414642E-05  1.75082742465654475E-06
  1.3342189E-03  1.17795770550591450E+00  3.13263118313430056E-03  1.11660444558279903E-05  1.40886658460610502E-05  1.81450538367692003E-06
  1.3581750E-03  1.21640571768838890E+00  3.23469372467167539E-03  1.15706179417617092E-05  1.45991344750348134E-05  1.88024945114501176E-06
  1.3824712E-03  1.25591820332157034E+00  3.33957184207841779E-03  1.19882908324394939E-05  1.51261313111776453E-05  1.94812220295277558E-06
  1.4071125E-03  1.29652046971361301E+00  3.44733196478033861E-03  1.24194595224332046E-05  1.56701565129127891E-05  2.01818805434158348E-06
  1.4321038E-03  1.33823831978443453E+00  3.55804179820559934E-03  1.28645320532073684E-05  1.62317249347718164E-05  2.09051331321757190E-06
  1.4574500E-03  1.38109805778470784E+00  3.67177033718207001E-03  1.33239284506473874E-05  1.68113665533153383E-05  2.16516623500199440E-06
  1.4831562E-03  1.42512649489515608E+00  3.78858787894635661E-03  1.37980810723041153E-05  1.74096269053161913E-05  2.24221707906058373E-06
  1.5092274E-03  1.47035095469436672E+00  3.90856603573090048E-03  1.42874349646337018E-05  1.80270675385570922E-05  2.32173816675725201E-06
  1.5356689E-03  1.51679927848278062E+00  4.03177774689402000E-03  1.47924482305194513E-05  1.86642664756049245E-05  2.40380394117873662E-06
  1.5624860E-03  1.56449983045000596E+00  4.15829729055632730E-03  1.53135924073706162E-05  1.93218186909338395E-05  2.48849102857811019E-06
  1.5896839E-03  1.61348150267204105E+00  4.28820029470549421E-03  1.58513528561015030E-05  2.00003366017801892E-05  2.57587830158647432E-06
  1.6172681E-03  1.66377371992439604E+00  4.42156374772964458E-03  1.64062291613032437E-05  2.07004505731236774E-05  2.66604694424358593E-06
  1.6452441E-03  1.71540644429656930E+00  4.55846600833821006E-03  1.69787355429287896E-05  2.14228094371993546E-05  2.75908051889953356E-06
  1.6736173E-03  1.76841017959267655E+00  4.69898681482738140E-03  1.75694012798219802E-05  2.21680810279581962E-05  2.85506503504121101E-06
  1.7023936E-03  1.82281597550245222E+00  4.84320729364557355E-03  1.81787711454297500E-05  2.29369527309043705E-05  2.95408902009871809E-06
  1.7315785E-03  1.87865543152618208E+00  4.99120996721270915E-03  1.88074058560473828E-05  2.37301320487509195E-05  3.05624359228853607E-06
  1.7611779E-03  1.93596070063650716E+00  5.14307876094530214E-03  1.94558825319559476E-05  2.45483471833472698E-05  3.16162253555186658E-06
  1.7911977E-03  1.99476449265933709E+00  5.29889900943757066E-03  2.01247951718216605E-05  2.53923476343455418E-05  3.27032237664820860E-06
  1.8216438E-03  2.05510007735545752E+00  5.45875746174698511E-03  2.08147551407376273E-05  2.62629048150858391E-05  3.38244246446601751E-06
  1.8525224E-03  2.11700128718371605E+00  5.62274228573076285E-03  2.15263916722989405E-05  2.71608126861943455E-05  3.49808505161399438E-06
  1.8838394E-03  2.18050251972593356E+00  5.79094307137800919E-03  2.22603523851134905E-05  2.80868884074022250E-05  3.61735537835838345E-06
  1.9156013E-03  2.24563873975300510E+00  5.96345083308018765E-03  2.30173038141627416E-05  2.90419730081083146E-05  3.74036175897362561E-06
  1.9478142E-03  2.31244548091086832E+00  6.14035801078070993E-03  2.37979319574375995E-05  3.00269320772226280E-05  3.86721567057545501E-06
  1.9804847E-03  2.38095884700427662E+00  6.32175846994242809E-03  2.46029428382880023E-05  3.10426564728443112E-05  3.99803184450771873E-06
  2.0136191E-03  2.45121551285557215E+00  6.50774750026976781E-03  2.54330630839360498E-05  3.20900630523423587E-05  4.13292836035605392E-06
  2.0472241E-03  2.52325272471480400E+00  6.69842181312027204E-03  2.62890405206164255E-05  3.31700954234244409E-05  4.27202674266376948E-06
  2.0813064E-03  2.59710830019679184E+00  6.89387953753816535E-03  2.71716447858206675E-05  3.42837247167959030E-05  4.41545206042740824E-06
  2.1158728E-03  2.67282062771990914E+00  7.09422021484054904E-03  2.80816679581352864E-05  3.54319503810275922E-05  4.56333302945163570E-06
  2.1509300E-03  2.75042866542053099E+00  7.29954479168465429E-03  2.90199252051784627E-05  3.66158010002701345E-05  4.71580211764545750E-06
  2.1864852E-03  2.82997193951624393E+00  7.50995561154252540E-03  2.99872554501535493E-05  3.78363351354688232E-05  4.87299565334403512E-06
  2.2225453E-03  2.91149054209008540E+00  7.72555640450729979E-03  3.09845220575532339E-05  3.90946421897539386E-05  5.03505393674285812E-06
  2.2591175E-03  2.99502512826724310E+00  7.94645227535317050E-03  3.20126135385632478E-05  4.03918432986990464E-05  5.20212135453348325E-06
  2.2962091E-03  3.08061691275469762E+00  8.17274968976894854E-03  3.30724442767297083E-05  4.17290922461604374E-05  5.37434649783251644E-06
  2.3338276E-03  3.16830766571354161E+00  8.40455645868294285E-03  3.41649552744714374E-05  4.31075764064315698E-05  5.55188228349836576E-06
  2.3719803E-03  3.25813970793268881E+00  8.64198172059481642E-03  3.52911149210338281E-05  4.45285177134663128E-05  5.73488607893268707E-06
  2.4106748E-03  3.35015590527192098E+00  8.88513592182784556E-03  3.64519197824992902E-05  4.59931736579476732E-05  5.92351983046652908E-06
  2.4499189E-03  3.44439966234125361E+00  9.13413079461295428E-03  3.76483954144856285E-05  4.75028383129999236E-05  6.11795019543377868E-06
  2.4897204E-03  3.54091491538269931E+00  9.38907933291379879E-03  3.88815971981831403E-05  4.90588433893657751E-05  6.31834867803769456E-06
  2.5300871E-03  3.63974612431969780E+00  9.65009576590000404E-03  4.01526112003979419E-05  5.06625593208923398E-05  6.52489176911902940E-06
  2.5710271E-03  3.74093826393847140E+00  9.91729552897368735E-03  4.14625550582905665E-05  5.23153963811961526E-05  6.73776108993775683E-06
  2.6125486E-03  3.84453681416473447E+00  1.01907952322524593E-02  4.28125788895162884E-05  5.40188058323998557E-05  6.95714354008321488E-06
  2.6546598E-03  3.95058774939830126E+00  1.04707126264099587E-02  4.42038662284951326E-05  5.57742811068603285E-05  7.18323144963099989E-06
  2.6973690E-03  4.05913752686719587E+00  1.07571665657732272E-02  4.56376349895602722E-05  5.75833590228342290E-05  7.41622273566833126E-06
  2.7406848E-03  4.17023307396205301E+00  1.10502769685743782E-02  4.71151384577544021E-05  5.94476210350535579E-05  7.65632106331298432E-06
  2.7846158E-03  4.28392177451068257E+00  1.13501647742521704E-02  4.86376663080658665E-05  6.13686945212114693E-05  7.90373601135446010E-06
  2.8291707E-03  4.40025145395183781E+00  1.16569518976974724E-02  5.02065456539194753E-05  6.33482541053883463E-05  8.15868324264992193E-06
  2.8743583E-03  4.51927036336637489E+00  1.19707611803351027E-02  5.18231421257597035E-05  6.53880230194769409E-05  8.42138467941102398E-06
  2.9201878E-03  4.64102716232319512E+00  1.22917163379328322E-02  5.34888609805874300E-05  6.74897745036944993E-05  8.69206868352168354E-06
  2.9666681E-03  4.76557090049653098E+00  1.26199419050272762E-02  5.52051482433377959E-05  6.96553332473039886E-05  8.97097024203098489E-06
  3.0138086E-03  4.89295099801034894E+00  1.29555631758549086E-02  5.69734918810099134E-05  7.18865768706954952E-05  9.25833115796936673E-06
  3.0616185E-03  5.02321722446497088E+00  1.32987061416755536E-02  5.87954230104869040E-05  7.41854374500139114E-05  9.55440024664060318E-06
  3.1101075E-03  5.15641967660020573E+00  1.36494974243746188E-02  6.06725171410102220E-05  7.65539030855515818E-05  9.85943353754629474E-06
  3.1592851E-03  5.29260875454862934E+00  1.40080642062297405E-02  6.26063954523010897E-05  7.89940195151606561E-05  1.01736944821042831E-05
  3.2091611E-03  5.43183513663207584E+00  1.43745341557268390E-02  6.45987261093499543E-05  8.15078917739764044E-05  1.04974541673269252E-05
  3.2597455E-03  5.57414975265367652E+00  1.47490353493103504E-02  6.66512256149219095E-05  8.40976859017755806E-05  1.08309915356296687E-05
  3.3110483E-03  5.71960375563737866E+00  1.51316961889521075E-02  6.87656602008600553E-05  8.67656306993387026E-05  1.11745936109457428E-05
  3.3630798E-03  5.86824849196623344E+00  1.55226453154236159E-02  7.09438472592963874E-05  8.95140195352182616E-05  1.15285557313273914E-05
  3.4158501E-03  6.02013546987041437E+00  1.59220115171568380E-02  7.31876568149116658E-05  9.23452122043573958E-05  1.18931817882192734E-05
  3.4693700E-03  6.17531632621548976E+00  1.63299236345791424E-02  7.54990130394210817E-05  9.52616368400462278E-05  1.22687844725952920E-05
  3.5236499E-03  6.33384279154120300E+00  1.67465104598092177E-02  7.78798958094926834E-05  9.82657918807427501E-05  1.26556855281550958E-05
  3.5787008E-03  6.49576665330069147E+00  1.71719006316018614E-02  8.03323423093425359E-05  1.01360248093331528E-04  1.30542160117825636E-05
  3.6345335E-03  6.66113971725005705E+00  1.76062225254314288E-02  8.28584486792847101E-05  1.04547650654437000E-04  1.34647165614739838E-05
  3.6911591E-03  6.83001376693799234E+00  1.80496041386055683E-02  8.54603717115512808E-05  1.07830721291454450E-04  1.38875376719498632E-05
  3.7485889E-03  7.00244052124528871E+00  1.85021729703033003E-02  8.81403305947357568E-05  1.11212260485011496E-04  1.43230399781703255E-05
  3.8068344E-03  7.17847158992408829E+00  1.89640558964346805E-02  9.09006087082496044E-05  1.14695149734617743E-04  1.47715945469801684E-05
  3.8659071E-03  7.35815842708705325E+00  1.94353790392219963E-02  9.37435554682245853E-05  1.18282353889315425E-04  1.52335831771164217E-05
  3.9258188E-03  7.54155228259688926E+00  1.99162676314069698E-02  9.66715882263322366E-05  1.21976923545192821E-04  1.57093987078177124E-05
  3.9865813E-03  7.72870415130718147E+00  2.04068458749921966E-02  9.96871942230336753E-05  1.25781997511675305E-04  1.61994453362815050E-05
  4.0482068E-03  7.91966472010603262E+00  2.09072367944302326E-02  1.02792932596818158E-04  1.29700805348566083E-04  1.67041389442225737E-05
  4.1107075E-03  8.11448431271474035E+00  2.14175620841790953E-02  1.05991436451031073E-04  1.33736669975863384E-04  1.72239074337930589E-05
  4.1740959E-03  8.31321283219469365E+00  2.19379419505491488E-02  1.09285414979939390E-04  1.37893010358438190E-04  1.77591910731320010E-05
  4.2383845E-03  8.51589970111651873E+00  2.24684949477728588E-02  1.12677655655727890E-04  1.42173344267718929E-04  1.83104428518198844E-05
  4.3035862E-03  8.72259379934689072E+00  2.30093378082366386E-02  1.16171026478170618E-04  1.46581291122588694E-04  1.88781288465216897E-05
  4.3697139E-03  8.93334339940965272E+00  2.35605852668217923E-02  1.19768478288768477E-04  1.51120574911765143E-04  1.94627285971098207E-05
  4.4367807E-03  9.14819609937944733E+00  2.41223498793110037E-02  1.23473047151196930E-04  1.55795027199995669E-04  2.00647354935667525E-05
  4.5048001E-03  9.36719875326785001E+00  2.46947418348259576E-02  1.27287856799960559E-04  1.60608590220472205E-04  2.06846571739758928E-05
  4.5737854E-03  9.59039739886392262E+00  2.52778687622728232E-02  1.31216121159205172E-04  1.65565320055934126E-04  2.13230159339178329E-05
  4.6437506E-03  9.81783718299305619E+00  2.58718355307834859E-02  1.35261146933691442E-04  1.70669389910999377E-04  2.19803491475980636E-05
  4.7147093E-03  1.00495622841607677E+01  2.64767440441530631E-02  1.39426336273995631E-04  1.75925093478339930E-04  2.26572097010419519E-05
  4.7866759E-03  1.02856158325502083E+01  2.70926930292875283E-02  1.43715189518059031E-04  1.81336848401388544E-04  2.33541664377020845E-05
  4.8596645E-03  1.05260398273453468E+01  2.77197778186896344E-02  1.48131308011265983E-04  1.86909199836342104E-04  2.40718046168327870E-05
  4.9336898E-03  1.07708750513547287E+01  2.83580901270274709E-02  1.52678397007300303E-04  1.92646824116307706E-04  2.48107263849972579E-05
  5.0087663E-03  1.10201609829141471E+01  2.90077178218456321E-02  1.57360268652083975E-04  1.98554532520517249E-04  2.55715512610825851E-05
  5.0849092E-03  1.12739357050501408E+01  2.96687446884979604E-02  1.62180845053176112E-04  2.04637275151620481E-04  2.63549166352092055E-05
  5.1621334E-03  1.15322358118902759E+01  3.03412501893990938E-02  1.67144161437072651E-04  2.10900144924152435E-04  2.71614782819317695E-05
  5.2404543E-03  1.17950963123101307E+01  3.10253092177128903E-02  1.72254369396919867E-04  2.17348381667362205E-04  2.79919108881404280E-05
  5.3198877E-03  1.20625505308119454E+01  3.17209918456173856E-02  1.77515740233225082E-04  2.23987376345677504E-04  2.88469085960825893E-05
  5.4004491E-03  1.23346300056341587E+01  3.24283630673090351E-02  1.82932668390221089E-04  2.30822675400175586E-04  2.97271855619373658E-05
  5.4821547E-03  1.26113643840968219E+01  3.31474825369335868E-02  1.88509674990617172E-04  2.37859985214527623E-04  3.06334765303876083E-05
  5.5650207E-03  1.28927813151930071E+01  3.38784043016571376E-02  1.94251411471549942E-04  2.45105176708984432E-04  3.15665374256467797E-05
  5.6490636E-03  1.31789063394425394E+01  3.46211765301181681E-02  2.00162663324620341E-04  2.52564290066066750E-04  3.25271459594104876E-05
  5.7343000E-03  1.34697627760305032E+01  3.53758412365311747E-02  2.06248353942993913E-04  2.60243539591739409E-04  3.35161022562174390E-05
  5.8207471E-03  1.37653716072596506E+01  3.61424340007427472E-02  2.12513548578620819E-04  2.68149318715947321E-04  3.45342294967163272E-05
  5.9084218E-03  1.40657513603530919E+01  3.69209836845741865E-02  2.18963458412719430E-04  2.76288205136505786E-04  3.55823745793510564E-05
  5.9973418E-03  1.43709179866508077E+01  3.77115121448185625E-02  2.25603444742759386E-04  2.84666966110454374E-04  3.66614088009904483E-05
  6.0875246E-03  1.46808847382516863E+01  3.85140339432967285E-02  2.32439023289270254E-04  2.93292563897097755E-04  3.77722285570435815E-05
  6.1789882E-03  1.49956620421609834E+01  3.93285560544147858E-02  2.39475868625896695E-04  3.02172161357079844E-04  3.89157560616179579E-05
  6.2717508E-03  1.53152573720118514E+01  4.01550775707053692E-02  2.46719818736217827E-04  3.11313127711959137E-04  4.00929400882925390E-05
  6.3658308E-03  1.56396751174387756E+01  4.09935894068770706E-02  2.54176879700950703E-04  3.20723044468889534E-04  4.13047567320950124E-05
  6.4612470E-03  1.59689164511904931E+01  4.18440740029405595E-02  2.61853230519260298E-04  3.30409711515130275E-04  4.25522101932890862E-05
  6.5580183E-03  1.63029791940798994E+01  4.27065050270258179E-02  2.69755228067998563E-04  3.40381153387254347E-04  4.38363335835942312E-05
  6.6561639E-03  1.66418576778792264E+01  4.35808470785526009E-02  2.77889412202815360E-04  3.50645625720060904E-04  4.51581897554791963E-05
  6.7557035E-03  1.69855426062797825E+01  4.44670553924677997E-02  2.86262511005185233E-04  3.61211621880340526E-04  4.65188721551881618E-05
  6.8566567E-03  1.73340209140468779E+01  4.53650755453139168E-02  2.94881446179511562E-04  3.72087879790784011E-04  4.79195057001765513E-05
  6.9590437E-03  1.76872756245128642E+01  4.62748431639491906E-02  3.03753338604595294E-04  3.83283388949493269E-04  4.93612476816547647E-05
  7.0628849E-03  1.80452857055636109E+01  4.71962836377957246E-02  3.12885514043866172E-04  3.94807397650689940E-04  5.08452886929557023E-05
  7.1682008E-03  1.84080259242865978E+01  4.81293118355515179E-02  3.22285509018905647E-04  4.06669420412386997E-04  5.23728535844634598E-05
  7.2750124E-03  1.87754667004625162E+01  4.90738318273631832E-02  3.31961076850920025E-04  4.18879245616961705E-04  5.39452024458620755E-05
  7.3833410E-03  1.91475739590960785E+01  5.00297366135201704E-02  3.41920193874950171E-04  4.31446943370717578E-04  5.55636316164833481E-05
  7.4932081E-03  1.95243089821962528E+01  5.09969078607966642E-02  3.52171065831745952E-04  4.44382873588724148E-04  5.72294747245565439E-05
  7.6046355E-03  1.99056282600310368E+01  5.19752156476355684E-02  3.62722134442365444E-04  4.57697694311375069E-04  5.89441037561837358E-05
  7.7176455E-03  2.02914833420972371E+01  5.29645182194393646E-02  3.73582084170710294E-04  4.71402370259316802E-04  6.07089301548900976E-05
  7.8322605E-03  2.06818206880618973E+01  5.39646617553045521E-02  3.84759849179355177E-04  4.85508181633573092E-04  6.25254059526212519E-05
  7.9485033E-03  2.10765815189476520E+01  5.49754801476115482E-02  3.96264620484171814E-04  5.00026733167889125E-04  6.43950249330841712E-05
  8.0663969E-03  2.14757016688519009E+01  5.59967947959578854E-02  4.08105853313419731E-04  5.14969963440526572E-04  6.63193238283551491E-05
  8.1859649E-03  2.18791114375061468E+01  5.70284144170021198E-02  4.20293274677125143E-04  5.30350154452946380E-04  6.82998835497036067E-05
  8.3072311E-03  2.22867354439997847E+01  5.80701348718651866E-02  4.32836891152734262E-04  5.46179941483021904E-04  7.03383304536070675E-05
  8.4302195E-03  2.26984924820104190E+01  5.91217390128197656E-02  4.45746996893204011E-04  5.62472323220652125E-04  7.24363376439611935E-05
  8.5549546E-03  2.31142953769013211E+01  6.01829965510810583E-02  4.59034181863864988E-04  5.79240672193870516E-04  7.45956263115173107E-05
  8.6814613E-03  2.35340508450648365E+01  6.12536639475995473E-02  4.72709340314564808E-04  5.96498745493777489E-04  7.68179671116081699E-05
  8.8097646E-03  2.39576593559099003E+01  6.23334843288419899E-02  4.86783679493791655E-04  6.14260695806845888E-04  7.91051815812536231E-05
  8.9398901E-03  2.43850149969107228E+01  6.34221874296371502E-02  5.01268728611663000E-04  6.32541082763428950E-04  8.14591435967686384E-05
  9.0718637E-03  2.48160053421532396E+01  6.45194895652504985E-02  5.16176348058866911E-04  6.51354884611523828E-04  8.38817808730286924E-05
  9.2057116E-03  2.52505113248353297E+01  6.56250936349448838E-02  5.31518738888825046E-04  6.70717510225107860E-04  8.63750765055777778E-05
  9.3414604E-03  2.56884071141965755E+01  6.67386891593730186E-02  5.47308452570577624E-04  6.90644811456648643E-04  8.89410705568017759E-05
  9.4791372E-03  2.61295599973732280E+01  6.78599523542414151E-02  5.63558401020082403E-04  7.11153095843650032E-04  9.15818616874215330E-05
  9.6187693E-03  2.65738302666933848E+01  6.89885462427756724E-02  5.80281866917841858E-04  7.32259139679374048E-04  9.42996088345955587E-05
  9.7603845E-03  2.70210711129476664E+01  7.01241208096092111E-02  5.97492514321002486E-04  7.53980201458190531E-04  9.70965329379617668E-05
  9.9040109E-03  2.74711285251898225E+01  7.12663131988090920E-02  6.15204399578296612E-04  7.76334035706288780E-04  9.99749187149819946E-05
  1.0049677E-02  2.79238411976413268E+01  7.24147479588411469E-02  6.33431982556422672E-04  7.99338907208793897E-04  1.02937116486992517E-04
  1.0197412E-02  2.83790404442931177E+01  7.35690373373678874E-02  6.52190138186723757E-04  8.23013605644662828E-04  1.05985544057405744E-04
  1.0347245E-02  2.88365501218166926E+01  7.47287816288573353E-02  6.71494168341250138E-04  8.47377460641040030E-04  1.09122688643545064E-04
  1.0499207E-02  2.92961865614144834E+01  7.58935695780680181E-02  6.91359814047573388E-04  8.72450357259113335E-04  1.12351108863641608E-04
  1.0653326E-02  2.97577585102582596E+01  7.70629788425557516E-02  7.11803268051946418E-04  8.98252751923820183E-04  1.15673436780559151E-04
  1.0809634E-02  3.02210670831806247E+01  7.82365765174286298E-02  7.32841187740720674E-04  9.24805688810158765E-04  1.19092380003864060E-04
  1.0968162E-02  3.06859057253018435E+01  7.94139197256494844E-02  7.54490708430171860E-04  9.52130816699177721E-04  1.22610723851897984E-04
  1.1128942E-02  3.11520601862893507E+01  8.05945562772580754E-02  7.76769457035184291E-04  9.80250406317115588E-04  1.26231333575558646E-04
  1.1292005E-02  3.16193085069626427E+01  8.17780254009488061E-02  7.99695566127545132E-04  1.00918736817155437E-03  1.29957156645545320E-04
  1.1457384E-02  3.20874210189692093E+01  8.29638585515001942E-02  8.23287688394892434E-04  1.03896527089883482E-03  1.33791225104871179E-04
  1.1625111E-02  3.25561603582700059E+01  8.41515802966047721E-02  8.47565011511668132E-04  1.06960836013739527E-03  1.37736657988497466E-04
  1.1795221E-02  3.30252814931840390E+01  8.53407092866934336E-02  8.72547273433756641E-04  1.10114157794212225E-03  1.41796663811997228E-04
  1.1967747E-02  3.34945317677509777E+01  8.65307593113855966E-02  8.98254778128810541E-04  1.13359058275523650E-03  1.45974543131208840E-04
  1.2142723E-02  3.39636509611790984E+01  8.77212404462233281E-02  9.24708411754599489E-04  1.16698176994966597E-03  1.50273691174896264E-04
  1.2320184E-02  3.44323713641516207E+01  8.89116602933661404E-02  9.51929659298059953E-04  1.20134229296133704E-03  1.54697600552486294E-04
  1.2500165E-02  3.49004178727689975E+01  9.01015253199279470E-02  9.79940621688096944E-04  1.23670008502727870E-03  1.59249864039018047E-04
  1.2682703E-02  3.53675081009072088E+01  9.12903422976324153E-02  1.00876403339553579E-03  1.27308388154693001E-03  1.63934177439492725E-04
  1.2867833E-02  3.58333525117711531E+01  9.24776198474427935E-02  1.03842328053398766E-03  1.31052324308450182E-03  1.68754342534876647E-04
  1.3055592E-02  3.62976545694208497E+01  9.36628700927875230E-02  1.06894241947581392E-03  1.34904857903083179E-03  1.73714270112075255E-04
  1.3246017E-02  3.67601109110419983E+01  9.48456104249528337E-02  1.10034619599773203E-03  1.38869117194362129E-03  1.78817983080258508E-04
  1.3439148E-02  3.72204115407253866E+01  9.60253653841457444E-02  1.13266006497102266E-03  1.42948320258553955E-03  1.84069619675983868E-04
  1.3635021E-02  3.76782400455079483E+01  9.72016686596441359E-02  1.16591021061172710E-03  1.47145777568021647E-03  1.89473436759636196E-04
  1.3833676E-02  3.81332738344153697E+01  9.83740652123452630E-02  1.20012356730664804E-03  1.51464894640674893E-03  1.95033813205771792E-04
  1.4035152E-02  3.85851844012270035E+01  9.95421135228943960E-02  1.23532784103137132E-03  1.55909174765388528E-03  2.00755253390022179E-04
  1.4239490E-02  3.90336376116653696E+01  1.00705387968426777E-01  1.27155153137704859E-03  1.60482221805573005E-03  2.06642390775298179E-04
  1.4446730E-02  3.94782940156851367E+01  1.01863481330777855E-01  1.30882395420306766E-03  1.65187743083138267E-03  2.12699991600099562E-04
  1.4656913E-02  3.99188091855107956E+01  1.03016007438818474E-01  1.34717526493328011E-03  1.70029552345162221E-03  2.18932958671824376E-04
  1.4870081E-02  4.03548340800368308E+01  1.04162603947338020E-01  1.38663648251387663E-03  1.75011572815633341E-03  2.25346335268042597E-04
  1.5086276E-02  4.07860154361695990E+01  1.05302935254644181E-01  1.42723951405157156E-03  1.80137840334716358E-03  2.31945309148793075E-04
  1.5305542E-02  4.12119961876474648E+01  1.06436695560752748E-01  1.46901718015123636E-03  1.85412506588052790E-03  2.38735216683039794E-04
  1.5527922E-02  4.16324159118295185E+01  1.07563612067722025E-01  1.51200324097262471E-03  1.90839842428678600E-03  2.45721547092510415E-04
  1.5753461E-02  4.20469113048938752E+01  1.08683448323324050E-01  1.55623242302645052E-03  1.96424241294225433E-03  2.52909946816238910E-04
  1.5982202E-02  4.24551166858285427E+01  1.09796007708853033E-01  1.60174044673056220E-03  2.02170222722139860E-03  2.60306223999216119E-04
  1.6214193E-02  4.28566645295386337E+01  1.10901137071435327E-01  1.64856405474755343E-03  2.08082435965734622E-03  2.67916353108652115E-04
  1.6449478E-02  4.32511860293264832E+01  1.11998730500733390E-01  1.69674104112577931E-03  2.14165663713973987E-03  2.75746479681452381E-04
  1.6688104E-02  4.36383116889295906E+01  1.13088733249418080E-01  1.74631028126626966E-03  2.20424825917971004E-03  2.83802925206606794E-04
  1.6930120E-02  4.40176719442241478E+01  1.14171145796225171E-01  1.79731176273872895E-03  2.26864983727264550E-03  2.92092192146296522E-04
  1.7175572E-02  4.43888978146187085E+01  1.15246028049803925E-01  1.84978661697037211E-03  2.33491343539031547E-03  3.00620969099623444E-04
  1.7424511E-02  4.47516215840741793E+01  1.16313503690914158E-01  1.90377715183208439E-03  2.40309261163480998E-03  3.09396136112985497E-04
  1.7676985E-02  4.51054775115904434E+01  1.17373764649822326E-01  1.95932688514697216E-03  2.47324246108771625E-03  3.18424770141221289E-04
  1.7933045E-02  4.54501025709012012E+01  1.18427075714995333E-01  2.01648057914710849E-03  2.54541965988887373E-03  3.27714150663767107E-04
  1.8192742E-02  4.57851372190103518E+01  1.19473779268383026E-01  2.07528427590496960E-03  2.61968251058008160E-03  3.37271765460187250E-04
  1.8456127E-02  4.61102261930913855E+01  1.20514300141717767E-01  2.13578533376679531E-03  2.69609098875016979E-03  3.47105316549559193E-04
  1.8723252E-02  4.64250193351529745E+01  1.21549150587346347E-01  2.19803246481579473E-03  2.77470679101880693E-03  3.57222726298311616E-04
  1.8994171E-02  4.67291724437491496E+01  1.22578935356133109E-01  2.26207577339393451E-03  2.85559338439762139E-03  3.67632143701249908E-04
  1.9268938E-02  4.70223481518821842E+01  1.23604356873942167E-01  2.32796679571180753E-03  2.93881605706824761E-03  3.78341950840631520E-04
  1.9547607E-02  4.73042168301100858E+01  1.24626220507118746E-01  2.39575854057683590E-03  3.02444197061804828E-03  3.89360769528274923E-04
  1.9830234E-02  4.75744575137297687E+01  1.25645439906237277E-01  2.46550553127098315E-03  3.11254021377554285E-03  4.00697468135850169E-04
  2.0116875E-02  4.78327588527585021E+01  1.26663042416174709E-01  2.53726384860981187E-03  3.20318185768859662E-03  4.12361168618599638E-04
  2.0407587E-02  4.80788200832850023E+01  1.27680174539298114E-01  2.61109117521581523E-03  3.29644001278993131E-03  4.24361253737928616E-04
  2.0702428E-02  4.83123520186037325E+01  1.28698107437223458E-01  2.68704684103960798E-03  3.39238988729555647E-03  4.36707374488410271E-04
  2.1001456E-02  4.85330780583837793E+01  1.29718242455212518E-01  2.76519187016361452E-03  3.49110884738322623E-03  4.49409457734933947E-04
  2.1304730E-02  4.87407352139576346E+01  1.30742116651823670E-01  2.84558902892375351E-03  3.59267647909927278E-03  4.62477714065857642E-04
  2.1612312E-02  4.89350751476450938E+01  1.31771408314924010E-01  2.92830287538555032E-03  3.69717465204362668E-03  4.75922645868202441E-04
  2.1924263E-02  4.91158652238523743E+01  1.32807942443604110E-01  3.01339981021217984E-03  3.80468758488432994E-03  4.89755055631085922E-04
  2.2240644E-02  4.92828895695120082E+01  1.33853696173914377E-01  3.10094812896273293E-03  3.91530191275413914E-03  5.03986054483743467E-04
  2.2561518E-02  4.94359501412471047E+01  1.34910804124670741E-01  3.19101807586028626E-03  4.02910675658362492E-03  5.18627070974693048E-04
  2.2886949E-02  4.95748677964646447E+01  1.35981563637848413E-01  3.28368189907017301E-03  4.14619379442654652E-03  5.33689860098739903E-04
  2.3217002E-02  4.96994833653986490E+01  1.37068439886316645E-01  3.37901390753000659E-03  4.26665733483490989E-03  5.49186512578719063E-04
  2.3551742E-02  4.98096587209414707E+01  1.38174070819850087E-01  3.47709052937412435E-03  4.39059439234293532E-03  5.65129464409055851E-04
  2.3891237E-02  4.99052778429194674E+01  1.39301271918502029E-01  3.57799037199622730E-03  4.51810476512074129E-03  5.81531506668417006E-04
  2.4235553E-02  4.99862478732867572E+01  1.40453040720541156E-01  3.68179428379501609E-03  4.64929111486029993E-03  5.98405795608900580E-04
  2.4584759E-02  5.00525001585318705E+01  1.41632561090238390E-01  3.78858541764903441E-03  4.78425904895823494E-03  6.15765863029449985E-04
  2.4938925E-02  5.01039912754154244E+01  1.42843207188865950E-01  3.89844929616790402E-03  4.92311720506167713E-03  6.33625626941350254E-04
  2.5298121E-02  5.01407040359836387E+01  1.44088547110319265E-01  4.01147387876844060E-03  5.06597733804544509E-03  6.51999402533880797E-04
  2.5662418E-02  5.01626484676357265E+01  1.45372346140829389E-01  4.12774963062544683E-03  5.21295440949082461E-03  6.70901913448429207E-04
  2.6031889E-02  5.01698627638609196E+01  1.46698569600292428E-01  4.24736959354815244E-03  5.36416667973818422E-03  6.90348303369571351E-04
  2.6406607E-02  5.01624142011065501E+01  1.48071385220808649E-01  4.37042945883471621E-03  5.51973580258787334E-03  7.10354147941866503E-04
  2.6786647E-02  5.01404000170934054E+01  1.49495165016133968E-01  4.49702764215831937E-03  5.67978692272587144E-03  7.30935467021322487E-04
  2.7172085E-02  5.01039482457574223E+01  1.50974486593876189E-01  4.62726536054004767E-03  5.84444877595310334E-03  7.52108737270754352E-04
  2.7562996E-02  5.00532185038736017E+01  1.52514133860466111E-01  4.76124671146490978E-03  6.01385379229943395E-03  7.73890905108477159E-04
  2.7959460E-02  4.99884027243030431E+01  1.54119097067187211E-01  4.89907875419882434E-03  6.18813820210585130E-03  7.96299400020030108E-04
  2.8361554E-02  4.99097258307078775E+01  1.55794572143890725E-01  5.04087159336594898E-03  6.36744214516071338E-03  8.19352148242879206E-04
  2.8769359E-02  4.98174463484938315E+01  1.57545959265459556E-01  5.18673846484715619E-03  6.55190978297856899E-03  8.43067586834320365E-04
  2.9182955E-02  4.97118569466738975E+01  1.59378860594637933E-01  5.33679582406183621E-03  6.74168941431238337E-03  8.67464678133034726E-04
  2.9602426E-02  4.95932849052985389E+01  1.61299077143538000E-01  5.49116343669705988E-03  6.93693359399305716E-03  8.92562924625065271E-04
  3.0027853E-02  4.94620925030684688E+01  1.63312604694972663E-01  5.64996447194942956E-03  7.13779925519253400E-03  9.18382384225226210E-04
  3.0459323E-02  4.93186773197387751E+01  1.65425628723792045E-01  5.81332559834665287E-03  7.34444783520974732E-03  9.44943685985256835E-04
  3.0896921E-02  4.91634724479382541E+01  1.67644518257614700E-01  5.98137708221756301E-03  7.55704540488163438E-03  9.72268046240306271E-04
  3.1340734E-02  4.89969466090664056E+01  1.69975818615790170E-01  6.15425288888084808E-03  7.77576280172427928E-03  1.00037728520566051E-03
  3.1790849E-02  4.88196041679958697E+01  1.72426242965116189E-01  6.33209078662468495E-03  8.00077576691257328E-03  1.02929384403589838E-03
  3.2247358E-02  4.86319850413993109E+01  1.75002662630793449E-01  6.51503245355077899E-03  8.23226508620961313E-03  1.05904080235896749E-03
  3.2710350E-02  4.84346644946396339E+01  1.77712096101361378E-01  6.70322358735861781E-03  8.47041673496079159E-03  1.08964189629803159E-03
  3.3179917E-02  4.82282528223122426E+01  1.80561696666942412E-01  6.89681401814708304E-03  8.71542202727045891E-03  1.12112153699421026E-03
  3.3656153E-02  4.80133949077078199E+01  1.83558738631062562E-01  7.09595782431258343E-03  8.96747776948287820E-03  1.15350482964368954E-03
  3.4139153E-02  4.77907696566771421E+01  1.86710602037640533E-01  7.30081345162467057E-03  9.22678641809238954E-03  1.18681759306300599E-03
  3.4629013E-02  4.75610893016237455E+01  1.90024755856472410E-01  7.51154383556213324E-03  9.49355624221204057E-03  1.22108637979668143E-03
  3.5125829E-02  4.73250985716302779E+01  1.93508739572724464E-01  7.72831652699401336E-03  9.76800149073271673E-03  1.25633849678165907E-03
  3.5629702E-02  4.70835737250375885E+01  1.97170143128596265E-01  7.95130382129259627E-03  1.00503425643099064E-02  1.29260202658344758E-03
  3.6140731E-02  4.68373214411448870E+01  2.01016585168481504E-01  8.18068289096678981E-03  1.03408061923183549E-02  1.32990584921916519E-03
  3.6659017E-02  4.65871775680846767E+01  2.05055689542647690E-01  8.41663592190656021E-03  1.06396256149194606E-02  1.36827966458307523E-03
  3.7184664E-02  4.63340057243463832E+01  2.09295060028717533E-01  8.65935025333115262E-03  1.09470407703904128E-02  1.40775401549058147E-03
  3.7717777E-02  4.60786957518812272E+01  2.13742253235092411E-01  8.90901852153564572E-03  1.12632984878685803E-02  1.44836031135703270E-03
  3.8258461E-02  4.58221620192132093E+01  2.18404749655943087E-01  9.16583880753271685E-03  1.15886526856691496E-02  1.49013085252808057E-03
  3.8806824E-02  4.55653415735116027E+01  2.23289922853520534E-01  9.43001478868820721E-03  1.19233645753384909E-02  1.53309885527869172E-03
  3.9362975E-02  4.53091921411452176E+01  2.28405006750361989E-01  9.70175589445164757E-03  1.22677028716111722E-02  1.57729847749841037E-03
  3.9927025E-02  4.50546899768378637E+01  2.33757061021472978E-01  9.98127746628456845E-03  1.26219440084427460E-02  1.62276484508076975E-03
  4.0499085E-02  4.48028275621795942E+01  2.39352934584816379E-01  1.02688009218918214E-02  1.29863723612961123E-02  1.66953407903523438E-03
  4.1079270E-02  4.45546111549128199E+01  2.45199227197422542E-01  1.05645539238631812E-02  1.33612804758643424E-02  1.71764332334045926E-03
  4.1667695E-02  4.43110581911120747E+01  2.51302249174185810E-01  1.08687705528346425E-02  1.37469693034182900E-02  1.76713077355808391E-03
  4.2264476E-02  4.40731945431021046E+01  2.57667979256945290E-01  1.11816914852811942E-02  1.41437484429731558E-02  1.81803570622671141E-03
  4.2869734E-02  4.38420516367151691E+01  2.64302020672764704E-01  1.15035641760544965E-02  1.45519363904733235E-02  1.87039850905613807E-03
  4.3483587E-02  4.36186634322687681E+01  2.71209555432445903E-01  1.18346430457817921E-02  1.49718607952017673E-02  1.92426071194241096E-03
  4.4106158E-02  4.34040632744503441E+01  2.78395296933238390E-01  1.21751896732440155E-02  1.54038587236255756E-02  1.97966501882467427E-03
  4.4737572E-02  4.31992806171196122E+01  2.85863440943433744E-01  1.25254729928533232E-02  1.58482769308958063E-02  2.03665534040524789E-03
  4.5377953E-02  4.30053376298840959E+01  2.93617615061081416E-01  1.28857694973526522E-02  1.63054721402266095E-02  2.09527682775485476E-03
  4.6027428E-02  4.28232456941613293E+01  3.01660826754401701E-01  1.32563634458619378E-02  1.67758113303850785E-02  2.15557590682537593E-03
  4.6686128E-02  4.26540017973124748E+01  3.09995410107621105E-01  1.36375470773974251E-02  1.72596720315299663E-02  2.21760031389292263E-03
  4.7354183E-02  4.24985848343111670E+01  3.18622971412887868E-01  1.40296208299934416E-02  1.77574426296453619E-02  2.28139913195462467E-03
  4.8031725E-02  4.23579518272966880E+01  3.27544333766645768E-01  1.44328935655571831E-02  1.82695226798220076E-02  2.34702282810285781E-03
  4.8718891E-02  4.22330340742452606E+01  3.36759480847319104E-01  1.48476828005896823E-02  1.87963232286468239E-02  2.41452329190120201E-03
  4.9415815E-02  4.21247332388768285E+01  3.46267500070391032E-01  1.52743149429079659E-02  1.93382671459692221E-02  2.48395387478689712E-03
  5.0122637E-02  4.20339173947886593E+01  3.56066525336901529E-01  1.57131255345053546E-02  1.98957894663205730E-02  2.55536943052500415E-03
  5.0839498E-02  4.19614170376708984E+01  3.66153679612022442E-01  1.61644595006890830E-02  2.04693377402720492E-02  2.62882635674004713E-03
  5.1566540E-02  4.19080210803033921E+01  3.76525017591645417E-01  1.66286714056353702E-02  2.10593723960235367E-02  2.70438263755123313E-03
  5.2303908E-02  4.18744728458560900E+01  3.87175468736778716E-01  1.71061257145054060E-02  2.16663671115269567E-02  2.78209788733807962E-03
  5.3051747E-02  4.18614660758074990E+01  3.98098780977940159E-01  1.75971970622658472E-02  2.22908091974546550E-02  2.86203339566351101E-03
  5.3810208E-02  4.18696409695549363E+01  4.09287465414532647E-01  1.81022705293600282E-02  2.29331999913340856E-02  2.94425217338212426E-03
  5.4579441E-02  4.18995802734814049E+01  4.20732742357329437E-01  1.86217419243773566E-02  2.35940552631794219E-02  3.02881899996174401E-03
  5.5359598E-02  4.19518054380094512E+01  4.32424489085504904E-01  1.91560180738697614E-02  2.42739056329607170E-02  3.11580047204688872E-03
  5.6150836E-02  4.20267728616730167E+01  4.44351189712986983E-01  1.97055171194651414E-02  2.49732970002612409E-02  3.20526505329314908E-03
  5.6953310E-02  4.21248702417704948E+01  4.56499887582106967E-01  2.02706688224296785E-02  2.56927909864852200E-02  3.29728312550212153E-03
  5.7767182E-02  4.22464130517880889E+01  4.68856140625351858E-01  2.08519148758309833E-02  2.64329653899881209E-02  3.39192704108678489E-03
  5.8592613E-02  4.23916411660850443E+01  4.81403980158274014E-01  2.14497092244555453E-02  2.71944146545135303E-02  3.48927117689779107E-03
  5.9429766E-02  4.25607156526873283E+01  4.94125873588039333E-01  2.20645183926344267E-02  2.79777503513323478E-02  3.58939198944152257E-03
  6.0278809E-02  4.27537157552768150E+01  5.07002691542417949E-01  2.26968218201316282E-02  2.87836016754917275E-02  3.69236807152119968E-03
  6.1139910E-02  4.29706360856107992E+01  5.20013679942939677E-01  2.33471122062502666E-02  2.96126159565943334E-02  3.79828021033275015E-03
  6.2013241E-02  4.32113840476515421E+01  5.33136437563172860E-01  2.40158958623105726E-02  3.04654591845398247E-02  3.90721144704742670E-03
  6.2898975E-02  4.34757775146238714E+01  5.46346899628252225E-01  2.47036930726555332E-02  3.13428165506759102E-02  4.01924713791375430E-03
  6.3797289E-02  4.37635427800370067E+01  5.59619328024537621E-01  2.54110384643376278E-02  3.22453930048176990E-02  4.13447501691151589E-03
  6.4708360E-02  4.40743128034000549E+01  5.72926308698228359E-01  2.61384813856404587E-02  3.31739138286095275E-02  4.25298525999092888E-03
  6.5632371E-02  4.44076257709165247E+01  5.86238756828465712E-01  2.68865862935876790E-02  3.41291252257170871E-02  4.37487055093043441E-03
  6.6569505E-02  4.47629239908520802E+01  5.99525930363496329E-01  2.76559331505907974E-02  3.51117949293538595E-02  4.50022614884687706E-03
  6.7519948E-02  4.51395531425248322E+01  6.12755452507433795E-01  2.84471178303841998E-02  3.61227128276588108E-02  4.62914995739187925E-03
  6.8483890E-02  4.55367618969623535E+01  6.25893343739665875E-01  2.92607525333958458E-02  3.71626916074612110E-02  4.76174259566874807E-03
  6.9461521E-02  4.59537019262003454E+01  6.38904063938672717E-01  3.00974662116975829E-02  3.82325674169824714E-02  4.89810747090414864E-03
  7.0453038E-02  4.63894283169710206E+01  6.51750565166741680E-01  3.09579050036768479E-02  3.93332005480425129E-02  5.03835085290903727E-03
  7.1458636E-02  4.68429004031466789E+01  6.64394355651597435E-01  3.18427326785680337E-02  4.04654761383556674E-02  5.18258195036342892E-03
  7.2478516E-02  4.73129830297826928E+01  6.76795575475324762E-01  3.27526310909776255E-02  4.16303048945187923E-02  5.33091298895960967E-03
  7.3512880E-02  4.77984482599526430E+01  6.88913084450057389E-01  3.36883006455326178E-02  4.28286238363129526E-02  5.48345929143840422E-03
  7.4561935E-02  4.82979775338058772E+01  7.00704562623843064E-01  3.46504607717762272E-02  4.40613970629580021E-02  5.64033935955293546E-03
  7.5625888E-02  4.88101642874134498E+01  7.12126623818824189E-01  3.56398504094298935E-02  4.53296165419808730E-02  5.80167495799444738E-03
  7.6704952E-02  4.93335170370147509E+01  7.23134942557314919E-01  3.66572285041329299E-02  4.66343029213764498E-02  5.96759120031424822E-03
  7.7799342E-02  4.98664629322359474E+01  7.33684394679401941E-01  3.77033745137647161E-02  4.79765063657619367E-02  6.13821663687580486E-03
  7.8909274E-02  5.04073517797252748E+01  7.43729211898030651E-01  3.87790889254454943E-02  4.93573074172463100E-02  6.31368334487053193E-03
  8.0034969E-02  5.09544605364348087E+01  7.53223150473864234E-01  3.98851937833037129E-02  5.07778178817589326E-02  6.49412702043051290E-03
  8.1176652E-02  5.15059982694684635E+01  7.62119674122182844E-01  4.10225332270873280E-02  5.22391817416039267E-02  6.67968707287081020E-03
  8.2334550E-02  5.20601115770064027E+01  7.70372151187313392E-01  4.21919740416852179E-02  5.37425760950288947E-02  6.87050672109328162E-03
  8.3508892E-02  5.26148904623090488E+01  7.77934066036326977E-01  4.33944062176145617E-02  5.52892121236231437E-02  7.06673309218344616E-03
  8.4699912E-02  5.31683746501917298E+01  7.84759244532781786E-01  4.46307435225150109E-02  5.68803360883823883E-02  7.26851732223074247E-03
  8.5907848E-02  5.37185603326628183E+01  7.90802093353076718E-01  4.59019240836779849E-02  5.85172303553041645E-02  7.47601465940181138E-03
  8.7132939E-02  5.42634073276335158E+01  7.96017852802583081E-01  4.72089109816222902E-02  6.02012144514029041E-02  7.68938456929523471E-03
  8.8375429E-02  5.48008466317588869E+01  8.00362862676338493E-01  4.85526928547125591E-02  6.19336461520617679E-02  7.90879084260510956E-03
  8.9635565E-02  5.53287883455747718E+01  8.03794840590032256E-01  4.99342845147958472E-02  6.37159226006632912E-02  8.13440170511914654E-03
  9.0913598E-02  5.58451299461712480E+01  8.06273172081727885E-01  5.13547275738151510E-02  6.55494814614727278E-02  8.36638993007596775E-03
  9.2209782E-02  5.63477648797193638E+01  8.07759211653739984E-01  5.28150910813347252E-02  6.74358021067732599E-02  8.60493295290410028E-03
  9.3524374E-02  5.68345914432595336E+01  8.08216593787914994E-01  5.43164721728897487E-02  6.93764068392842548E-02  8.85021298836360243E-03
  9.4857637E-02  5.73035219222957792E+01  8.07611552826914991E-01  5.58599967290483446E-02  7.13728621509230332E-02  9.10241715010905346E-03
  9.6209835E-02  5.77524919479383811E+01  8.05913250469679210E-01  5.74468200450460667E-02  7.34267800190024356E-02  9.36173757269053060E-03
  9.7581238E-02  5.81794700346215450E+01  8.03094109481830243E-01  5.90781275108248141E-02  7.55398192409882235E-02  9.62837153600653445E-03
  9.8972117E-02  5.85824672568127127E+01  7.99130152072264899E-01  6.07551353012756312E-02  7.77136868089716992E-02  9.90252159222015579E-03
  1.0038275E-01  5.89595470206463332E+01  7.94001341236450608E-01  6.24790910764530111E-02  7.99501393250494630E-02  1.01843956951470065E-02
  1.0181342E-01  5.93088348840777115E+01  7.87691923216047640E-01  6.42512746914903204E-02  8.22509844588328459E-02  1.04742073321199471E-02
  1.0326440E-01  5.96285283769808103E+01  7.80190769074518453E-01  6.60729989159084680E-02  8.46180824483467597E-02  1.07721756583322899E-02
  1.0473600E-01  5.99169067706288416E+01  7.71491713240555210E-01  6.79456101619676511E-02  8.70533476456126082E-02  1.10785256336572990E-02
  1.0622849E-01  6.01723407442149920E+01  7.61593886726759539E-01  6.98704892216683582E-02  8.95587501082460713E-02  1.13934881619378557E-02
  1.0774218E-01  6.03933018945172080E+01  7.50502042591427498E-01  7.18490520119574316E-02  9.21363172384365020E-02  1.17173002327351696E-02
  1.0927737E-01  6.05783720335005498E+01  7.38226871078051849E-01  7.38827503276487940E-02  9.47881354707158369E-02  1.20502050655214767E-02
  1.1083436E-01  6.07262522176060457E+01  7.24785301741777244E-01  7.59730726015085539E-02  9.75163520099582709E-02  1.23924522562956305E-02
  1.1241346E-01  6.08357714517153738E+01  7.10200789756281203E-01  7.81215446708986849E-02  1.00323176621094107E-01  1.27442979265952917E-02
  1.1401499E-01  6.09058950103247057E+01  6.94503583490068799E-01  8.03297305503111320E-02  1.03210883472059603E-01  1.31060048748734316E-02
  1.1563926E-01  6.09357323183277515E+01  6.77730970349854300E-01  8.25992332090559195E-02  1.06181813031543199E-01  1.34778427302001038E-02
  1.1728661E-01  6.09245443340153656E+01  6.59927497812388686E-01  8.49316953532981006E-02  1.09238374023131524E-01  1.38600881082439099E-02
  1.1895735E-01  6.08717503774646005E+01  6.41145166506715380E-01  8.73288002115591849E-02  1.12383045437493514E-01  1.42530247694793531E-02
  1.2065182E-01  6.07769343484272895E+01  6.21443592168364201E-01  8.97922723227223968E-02  1.15618378604289695E-01  1.46569437795593515E-02
  1.2237035E-01  6.06398502791556666E+01  6.00890133267376281E-01  9.23238783254909517E-02  1.18946999325526034E-01  1.50721436717824661E-02
  1.2411329E-01  6.04604271693278577E+01  5.79559981115264078E-01  9.49254277481589998E-02  1.22371610072118581E-01  1.54989306115759628E-02
  1.2588098E-01  6.02387730523733467E+01  5.57536209284001050E-01  9.75987737974568226E-02  1.25894992245472348E-01  1.59376185629055978E-02
  1.2767378E-01  5.99751782450562914E+01  5.34909779224789439E-01  1.00345814145128734E-01  1.29520008505921741E-01  1.63885294565128195E-02
  1.2949204E-01  5.96701177351564738E+01  5.11779499057506859E-01  1.03168491710789026E-01  1.33249605169912938E-01  1.68519933598682628E-02
  1.3133613E-01  5.93242526655001967E+01  4.88251932615114459E-01  1.06068795439489175E-01  1.37086814677858937E-01  1.73283486487192523E-02
  1.3320640E-01  5.89384308764354472E+01  4.64441255972533051E-01  1.09048761072299522E-01  1.41034758134625987E-01  1.78179421800955702E-02
  1.3510324E-01  5.85136864731153565E+01  4.40469058867992147E-01  1.12110471908078740E-01  1.45096647924653627E-01  1.83211294666241788E-02
  1.3702701E-01  5.80512383886467092E+01  4.16464088637934049E-01  1.15256059554464885E-01  1.49275790403745445E-01  1.88382748519894984E-02
  1.3897811E-01  5.75524879192583683E+01  3.92561934535217594E-01  1.18487704665969598E-01  1.53575588669602525E-01  1.93697516873598263E-02
  1.4095692E-01  5.70190152131582693E+01  3.68904650585441696E-01  1.21807637666903071E-01  1.57999545413206072E-01  1.99159425085844756E-02
  1.4296383E-01  5.64525747006131127E+01  3.45640315458174363E-01  1.25218139456683558E-01  1.62551265853180527E-01  2.04772392139481105E-02
  1.4499924E-01  5.58550894590473206E+01  3.22922528188934743E-01  1.28721542094915320E-01  1.67234460755308623E-01  2.10540432422510262E-02
  1.4706356E-01  5.52286445135145385E+01  3.00909838983725031E-01  1.32320229463422784E-01  1.72052949539381661E-01  2.16467657509634287E-02
  1.4915720E-01  5.45754790797814664E+01  2.79765114770191170E-01  1.36016637902234810E-01  1.77010663475600932E-01  2.22558277941814417E-02
  1.5128058E-01  5.38979777643967211E+01  2.59654839627101341E-01  1.39813256816297360E-01  1.82111648972757750E-01  2.28816605000897386E-02
  1.5343411E-01  5.31986607434800618E+01  2.40748350725300597E-01  1.43712629249474616E-01  1.87360070960439495E-01  2.35247052476129752E-02
  1.5561822E-01  5.24801729495016716E+01  2.23217010946705319E-01  1.47717352422153836E-01  1.92760216367509174E-01  2.41854138419115017E-02
  1.5783336E-01  5.17452723029771349E+01  2.07233319910792635E-01  1.51830078228529786E-01  1.98316497699119965E-01  2.48642486883524985E-02
  1.6007995E-01  5.09968170337229054E+01  1.92969965727449733E-01  1.56053513689369594E-01  2.04033456714514561E-01  2.55616829645574466E-02
  1.6235845E-01  5.02377521440345660E+01  1.80598820407483374E-01  1.60390421355787627E-01  2.09915768207853126E-01  2.62782007900985749E-02
  1.6466931E-01  4.94710950737975423E+01  1.70289882493505434E-01  1.64843619659258811E-01  2.15968243894294309E-01  2.70142973933846439E-02
  1.6701299E-01  4.86999206350424814E+01  1.62210171119706176E-01  1.69415983202790998E-01  2.22195836403525776E-01  2.77704792752431970E-02
  1.6938996E-01  4.79273452907369872E+01  1.56522576364061416E-01  1.74110442987847419E-01  2.28603643382908867E-01  2.85472643686720158E-02
  1.7180068E-01  4.71565108595806777E+01  1.53384671415082996E-01  1.78929986571258970E-01  2.35196911712343359E-01  2.93451821941936239E-02
  1.7424565E-01  4.63905677351540859E+01  1.52947492731034446E-01  1.83877658146007289E-01  2.41981041832912580E-01  3.01647740102094809E-02
  1.7672533E-01  4.56326577138838161E+01  1.55354295015774385E-01  1.88956558539366881E-01  2.48961592191283332E-01  3.10065929577074233E-02
  1.7924023E-01  4.48858965318361882E+01  1.60739288464632479E-01  1.94169845121491214E-01  2.56144283801752970E-01  3.18712041986329436E-02
  1.8179085E-01  4.41533562152629031E+01  1.69226366338008055E-01  1.99520731617097408E-01  2.63535004927729022E-01  3.27591850471885410E-02
  1.8437770E-01  4.34380473540171792E+01  1.80927831491203978E-01  2.05012487812455180E-01  2.71139815884304913E-01  3.36711250932769726E-02
  1.8700128E-01  4.27429014103726601E+01  1.95943131017388333E-01  2.10648439149409367E-01  2.78964953963453499E-01  3.46076263172529208E-02
  1.8966213E-01  4.20707531783544795E+01  2.14357608637231606E-01  2.16431966197662501E-01  2.87016838483188319E-01  3.55693031950931396E-02
  1.9236076E-01  4.14243235103961069E+01  2.36241284884278813E-01  2.22366503996026560E-01  2.95302075961865140E-01  3.65567827930396785E-02
  1.9509772E-01  4.08062024289440046E+01  2.61647675480382036E-01  2.28455541252794186E-01  3.03827465418572529E-01  3.75707048507100197E-02
  1.9787355E-01  4.02188327405468371E+01  2.90612658562176218E-01  2.34702619394799972E-01  3.12600003800319326E-01  3.86117218516054198E-02
  2.0068881E-01  3.96644942690069158E+01  3.23153401600776213E-01  2.41111331454136213E-01  3.21626891536448078E-01  3.96804990798830318E-02
  2.0354404E-01  3.91452888223877977E+01  3.59267358948003102E-01  2.47685320780850787E-01  3.30915538220404981E-01  4.07777146621888867E-02
  2.0643983E-01  3.86631260061189295E+01  3.98931350942085261E-01  2.54428279569271554E-01  3.40473568418627748E-01  4.19040595932740068E-02
  2.0937675E-01  3.82197099909373321E+01  4.42100735416558144E-01  2.61343947184918546E-01  3.50308827605949613E-01  4.30602377440426620E-02
  2.1235537E-01  3.78165273417104970E+01  4.88708682285238061E-01  2.68436108278212848E-01  3.60429388226467695E-01  4.42469658505998883E-02
  2.1537630E-01  3.74548360075813775E+01  5.38665561635855550E-01  2.75708590670426967E-01  3.70843555878345776E-01  4.54649734827821048E-02
  2.1844014E-01  3.71356555692155723E+01  5.91858455472241585E-01  2.83165262996514622E-01  3.81559875620490430E-01  4.67150029905680220E-02
  2.2154748E-01  3.68597588355680870E+01  6.48150802920009927E-01  2.90810032088612391E-01  3.92587138398444002E-01  4.79978094266740735E-02
  2.2469896E-01  3.66276648765433777E+01  7.07382188374825915E-01  2.98646840083132525E-01  4.03934387586193155E-01  4.93141604435447384E-02
  2.2789520E-01  3.64396335731164527E+01  7.69368281743502136E-01  3.06679661233424272E-01  4.15610925639845086E-01  5.06648361628450547E-02
  2.3113683E-01  3.62956617610465244E+01  8.33900939613712255E-01  3.14912498409056218E-01  4.27626320858369768E-01  5.20506290154624379E-02
  2.3442449E-01  3.61954810380554193E+01  9.00748475876425703E-01  3.23349379261733516E-01  4.39990414245690464E-01  5.34723435499116981E-02
  2.3775885E-01  3.61385572964616557E+01  9.69656109974465275E-01  3.31994352036850848E-01  4.52713326467476196E-01  5.49307962069268754E-02
  2.4114057E-01  3.61240920324558488E+01  1.04034660048136085E+00  3.40851481008576818E-01  4.65805464894921029E-01  5.64268150579032152E-02
  2.4457031E-01  3.61510254687267931E+01  1.11252107101061526E+00  3.49924841515254714E-01  4.79277530726656076E-01  5.79612395047314488E-02
  2.4804877E-01  3.62180415074346058E+01  1.18586003437995569E+00  3.59218514570712022E-01  4.93140526178662608E-01  5.95349199384359248E-02
  2.5157662E-01  3.63235745059444213E+01  1.26002461938719468E+00  3.68736581025880972E-01  5.07405761730708393E-01  6.11487173538994774E-02
  2.5515458E-01  3.64658178394970207E+01  1.33465800243712596E+00  3.78483115253849811E-01  5.22084863416299227E-01  6.28035029178157789E-02
  2.5878335E-01  3.66427341857042990E+01  1.40938704364360623E+00  3.88462178330177044E-01  5.37189780141527295E-01  6.45001574868707961E-02
  2.6246366E-01  3.68520674389484242E+01  1.48382412409069109E+00  3.98677810678941480E-01  5.52732791016403380E-01  6.62395710730045162E-02
  2.6619624E-01  3.70913561417891842E+01  1.55756917793417649E+00  4.09134024153622655E-01  5.68726512680342910E-01  6.80226422524537883E-02
  2.6998183E-01  3.73579483074069572E+01  1.63021191023897360E+00  4.19834793520463267E-01  5.85183906601362547E-01  6.98502775151175620E-02
  2.7382119E-01  3.76490175019818167E+01  1.70133418908674550E+00  4.30784047310491858E-01  6.02118286326276064E-01  7.17233905506239472E-02
  2.7771507E-01  3.79615800568369650E+01  1.77051259863067290E+00  4.41985658004879933E-01  6.19543324656710248E-01  7.36429014673115750E-02
  2.8166425E-01  3.82925132840924789E+01  1.83732113836221789E+00  4.53443431516744488E-01  6.37473060723096951E-01  7.56097359401656094E-02
  2.8566952E-01  3.86385745733982588E+01  1.90133405273835066E+00  4.65161095930927027E-01  6.55921906925895248E-01  7.76248242835709534E-02
  2.8973168E-01  3.89964212488513340E+01  1.96212877432358757E+00  4.77142289461661206E-01  6.74904655710200529E-01  7.96891004445663964E-02
  2.9385152E-01  3.93626310635790730E+01  2.01928896259122936E+00  4.89390547586399716E-01  6.94436486136522757E-01  8.18035009120978429E-02
  2.9802988E-01  3.97337232049758029E+01  2.07240761942962415E+00  5.01909289312381213E-01  7.14532970206873563E-01  8.39689635375781285E-02
  3.0226758E-01  4.01061796772135892E+01  2.12109026120341015E+00  5.14701802530871388E-01  7.35210078901445296E-01  8.61864262618742549E-02
  3.0656546E-01  4.04764669206178809E+01  2.16495812596352177E+00  5.27771228412264759E-01  7.56484187876906966E-01  8.84568257436423033E-02
  3.1092439E-01  4.08410575208758146E+01  2.20365139314296421E+00  5.41120544793565861E-01  7.78372082772874063E-01  9.07810958837371174E-02
  3.1534522E-01  4.11964518556188750E+01  2.23683239188307414E+00  5.54752548508050003E-01  8.00890964068246225E-01  9.31601662402236769E-02
  3.1982883E-01  4.15391995221865784E+01  2.26418877306794641E+00  5.68669836605225520E-01  8.24058451423924643E-01  9.55949603283176713E-02
  3.2437612E-01  4.18659203886137092E+01  2.28543661925525310E+00  5.82874786407553858E-01  8.47892587442865886E-01  9.80863937993820267E-02
  3.2898800E-01  4.21733251102189541E+01  2.30032346602305715E+00  5.97369534348752507E-01  8.72411840772464808E-01  1.00635372492906494E-01
  3.3366537E-01  4.24582349566524755E+01  2.30863120783877518E+00  6.12155953536951514E-01  8.97635108467950360E-01  1.03242790355201439E-01
  3.3840918E-01  4.27176007988659165E+01  2.31017886142366891E+00  6.27235629984448151E-01  9.23581717528668689E-01  1.05909527218338975E-01
  3.4322035E-01  4.29485211121329442E+01  2.30482515975047164E+00  6.42609837444395593E-01  9.50271425511931334E-01  1.08636446432685274E-01
  3.4809986E-01  4.31482588598544652E+01  2.29247095028024317E+00  6.58279510793448819E-01  9.77724420121432347E-01  1.11424392346181803E-01
  3.5304866E-01  4.33142571332603836E+01  2.27306137181592938E+00  6.74245217898210569E-01  1.00596131765907804E+00  1.14274187623354340E-01
  3.5806775E-01  4.34441534340575544E+01  2.24658778541500892E+00  6.90507129902293904E-01  1.03500316022043282E+00  1.17186630396859323E-01
  3.6315812E-01  4.35357925003234243E+01  2.21308943614680409E+00  7.07064989869972904E-01  1.06487141150480569E+00  1.20162491244216019E-01
  3.6832079E-01  4.35872375902389351E+01  2.17265482408141253E+00  7.23918079721796781E-01  1.09558795110135621E+00  1.23202509982230451E-01
  3.7355677E-01  4.35967801533197843E+01  2.12542276473446412E+00  7.41065185397154047E-01  1.12717506710233328E+00  1.26307392271481939E-01
  3.7886712E-01  4.35629478343735030E+01  2.07158312124106114E+00  7.58504560178724696E-01  1.15965544688382716E+00  1.29477806023132413E-01
  3.8425289E-01  4.34845107712305179E+01  2.01137719276970017E+00  7.76233886114035432E-01  1.19305216588306640E+00  1.32714377600225142E-01
  3.8971515E-01  4.33604861631398109E+01  1.94509774608935260E+00  7.94250233470005562E-01  1.22738867418946018E+00  1.36017687805573523E-01
  3.9525499E-01  4.31901411023764723E+01  1.87308867974807391E+00  8.12550018157488729E-01  1.26268878075407609E+00  1.39388267648292791E-01
  4.0087350E-01  4.29729936768972181E+01  1.79574431298823867E+00  8.31128957064477203E-01  1.29897663500936411E+00  1.42826593881027641E-01
  4.0657181E-01  4.27088123666375026E+01  1.71350829429146834E+00  8.49982021238836594E-01  1.33627670567732793E+00  1.46333084299943128E-01
  4.1235105E-01  4.23976137701324802E+01  1.62687212729603292E+00  8.69103386864343297E-01  1.37461375653035711E+00  1.49908092799619447E-01
  4.1821236E-01  4.20396587114379656E+01  1.53637331474199779E+00  8.88486383977433181E-01  1.41401281885438990E+00  1.53551904175093845E-01
  4.2415692E-01  4.16354467897250231E+01  1.44259312405618623E+00  9.08123442876541564E-01  1.45449916034907156E+00  1.57264728663456366E-01
  4.3018591E-01  4.11857094453320371E+01  1.34615398117193985E+00  9.28006038181369064E-01  1.49609825018419951E+00  1.61046696217618218E-01
  4.3630052E-01  4.06914016264087763E+01  1.24771650216979380E+00  9.48124630505877364E-01  1.53883571991591728E+00  1.64897850505144605E-01
  4.4250197E-01  4.01536921495204240E+01  1.14797617530674589E+00  9.68468605716553355E-01  1.58273731995015154E+00  1.68818142625394213E-01
  4.4879150E-01  3.95739528556533600E+01  1.04765970895614591E+00  9.89026211756482532E-01  1.62782887122443176E+00  1.72807424538618470E-01
  4.5517035E-01  3.89537466699504620E+01  9.47521063889710580E-01  1.00978449302632667E+00  1.67413621176291350E+00  1.76865442201179918E-01
  4.6163979E-01  3.82948146791904307E+01  8.48337191180036587E-01  1.03072922232548403E+00  1.72168513774302889E+00  1.80991828401639576E-01
  4.6820112E-01  3.75990623455123938E+01  7.50903499768249771E-01  1.05184483037079768E+00  1.77050133869596649E+00  1.85186095293155772E-01
  4.7485563E-01  3.68685449781917782E+01  6.56029080408768395E-01  1.07311433292627578E+00  1.82061032644724330E+00  1.89447626618434922E-01
  4.8160465E-01  3.61054525874207428E+01  5.64531715252571398E-01  1.09451925559576302E+00  1.87203735738819921E+00  1.93775669624399238E-01
  4.8844953E-01  3.53120942450772901E+01  4.77232704742197089E-01  1.11603955635147112E+00  1.92480734765447048E+00  1.98169326664779877E-01
  4.9539161E-01  3.44908820774313796E+01  3.94951545745193811E-01  1.13765354589511913E+00  1.97894478077366798E+00  2.02627546490036975E-01
  5.0243229E-01  3.36443150136902318E+01  3.18500496926122312E-01  1.15933780597542246E+00  2.03447360733184723E+00  2.07149115225348041E-01
  5.0957296E-01  3.27749624122969365E+01  2.48679069227264071E-01  1.18106710581612750E+00  2.09141713619722580E+00  2.11732647038911814E-01
  5.1681504E-01  3.18854476840348866E+01  1.86268480970458616E-01  1.20281431684315443E+00  2.14979791683032140E+00  2.16376574504504926E-01
  5.2415998E-01  3.09784320273352662E+01  1.32026118481063659E-01  1.22455032593794555E+00  2.20963761220252675E+00  2.21079138664092817E-01
  5.3160923E-01  3.00565983868080124E+01  8.66800442428446588E-02  1.24624394748753309E+00  2.27095686184085510E+00  2.25838378798395217E-01
  5.3916428E-01  2.91226357410037231E+01  5.09235953916592002E-02  1.26786183455029833E+00  2.33377513451511076E+00  2.30652121915595087E-01
  5.4682663E-01  2.81792238198364302E+01  2.54101158177223868E-02  1.28936838951073973E+00  2.39811057008617912E+00  2.35517971970930967E-01
  5.5459780E-01  2.72290183460331932E+01  1.07478652430046569E-02  1.31072567465718537E+00  2.46397981004054900E+00  2.40433298832698733E-01
  5.6247934E-01  2.62746368884924024E+01  7.49514834527218940E-03  1.33189332318407927E+00  2.53139781624766469E+00  2.45395227013260664E-01
  5.7047281E-01  2.53186454085918484E+01  1.61557062894624806E-02  1.35282845119578399E+00  2.60037767749335913E+00  2.50400624186996323E-01
  5.7857981E-01  2.43635455733379835E+01  3.71744118807428581E-02  1.37348557137279226E+00  2.67093040336595999E+00  2.55446089520800668E-01
  5.8680195E-01  2.34117629018309330E+01  7.09333079579260450E-02  1.39381650905442767E+00  2.74306470510164768E+00  2.60527941846697697E-01
  5.9514086E-01  2.24656358038568413E+01  1.17748026594786545E-01  1.41377032159568850E+00  2.81678676303373043E+00  2.65642207710453937E-01
  6.0359820E-01  2.15274055615192239E+01  1.77864624173253383E-01  1.43329322197077480E+00  2.89209998033748317E+00  2.70784609334758897E-01
  6.1217565E-01  2.05992072966749973E+01  2.51456864449421724E-01  1.45232850772318334E+00  2.96900472281873995E+00  2.75950552540569605E-01
  6.2087493E-01  1.96830619585262276E+01  3.38623978373385981E-01  1.47081649650333923E+00  3.04749804456217621E+00  2.81135114675670705E-01
  6.2969775E-01  1.87808693570049243E+01  4.39388925677007602E-01  1.48869446959080354E+00  3.12757339933441214E+00  2.86333032605328663E-01
  6.3864587E-01  1.78944022585983049E+01  5.53697179142645934E-01  1.50589662497082100E+00  3.20922033772995974E+00  2.91538690826204372E-01
  6.4772108E-01  1.70253015516775221E+01  6.81416048038910760E-01  1.52235404172574706E+00  3.29242419015460275E+00  2.96746109771374778E-01
  6.5692518E-01  1.61750724791280476E+01  8.22334552469708102E-01  1.53799465771266930E+00  3.37716573586321722E+00  3.01948934381477463E-01
  6.6626000E-01  1.53450819243974017E+01  9.76163855318616602E-01  1.55274326273119279E+00  3.46342085840807057E+00  3.07140423024594655E-01
  6.7572739E-01  1.45365567311807471E+01  1.14253825303136125E+00  1.56652150964200132E+00  3.55116018801065092E+00  3.12313436855572890E-01
  6.8532924E-01  1.37505830215138758E+01  1.32101672057306052E+00  1.57924794617975994E+00  3.64034873154622796E+00  3.17460429714012393E-01
  6.9506745E-01  1.29881064718738557E+01  1.51108499940257679E+00  1.59083807051580117E+00  3.73094549102711071E+00  3.22573438669182755E-01
  7.0494398E-01  1.22499334971400131E+01  1.71215821008945257E+00  1.60120441396947455E+00  3.82290307168868315E+00  3.27644075329592555E-01
  7.1496077E-01  1.15367332861808443E+01  1.92358396319298253E+00  1.61025665464522327E+00  3.91616728102315736E+00  3.32663518044878925E-01
  7.2511982E-01  1.08490406289709966E+01  2.14464593330642783E+00  1.61790176618857706E+00  4.01067672037051270E+00  3.37622505138057916E-01
  7.3542315E-01  1.01872594743297515E+01  2.37456785209898236E+00  1.62404420631202062E+00  4.10636237096477341E+00  3.42511329316966873E-01
  7.4587281E-01  9.55166715988033133E+00  2.61251786753777582E+00  1.62858615024502473E+00  4.20314717664764803E+00  3.47319833424911406E-01
  7.5647089E-01  8.94241926139111776E+00  2.85761320950519959E+00  1.63142777481575374E+00  4.30094562580041728E+00  3.52037407702046723E-01
  7.6721947E-01  8.35955501626279940E+00  3.10892509848460996E+00  1.63246759947982834E+00  4.39966333540945342E+00  3.56652988740854382E-01
  7.7812072E-01  7.80300328371820129E+00  3.36548383585518085E+00  1.63160289127915847E+00  4.49919664056972124E+00  3.61155060331116717E-01
  7.8917678E-01  7.27258900966495325E+00  3.62628402336999045E+00  1.62873014144691353E+00  4.59943219314385843E+00  3.65531656402007354E-01
  8.0038987E-01  6.76804016436648403E+00  3.89028987639715274E+00  1.62374562217934493E+00  4.70024657373034849E+00  3.69770366281191087E-01
  8.1176220E-01  6.28899511351522200E+00  4.15644061951794885E+00  1.61654603297810295E+00  4.80150592155072875E+00  3.73858342503059049E-01
  8.2329605E-01  5.83501036690313057E+00  4.42365598071634469E+00  1.60702924693523808E+00  4.90306558734025444E+00  3.77782311410294558E-01
  8.3499371E-01  5.40556862466568511E+00  4.69084182578861864E+00  1.59509516839531185E+00  5.00476981481516781E+00  3.81528586804716074E-01
  8.4685749E-01  5.00008701278297973E+00  4.95689599028587047E+00  1.58064671459358186E+00  5.10645145678863255E+00  3.85083086914617123E-01
  8.5888978E-01  4.61792537339304232E+00  5.22071436524137500E+00  1.56359093514577974E+00  5.20793173251037089E+00  3.88431354956415398E-01
  8.7109294E-01  4.25839445894263413E+00  5.48119727128403866E+00  1.54384028466381928E+00  5.30902003330607730E+00  3.91558583578123731E-01
  8.8346942E-01  3.92076387862166076E+00  5.73725611527780721E+00  1.52131406530432733E+00  5.40951378408345462E+00  3.94449643480704826E-01
  8.9602167E-01  3.60426966362174417E+00  5.98782027245558446E+00  1.49594005773554262E+00  5.50919836874317603E+00  3.97089116520500662E-01
  9.0875219E-01  3.30812135204794533E+00  6.23184408757018193E+00  1.46765636084642592E+00  5.60784712797419793E+00  3.99461333601303203E-01
  9.2166352E-01  3.03150853754377714E+00  6.46831385337703502E+00  1.43641346253445135E+00  5.70522143831193684E+00  4.01550417667927873E-01
  9.3475821E-01  2.77360686833133352E+00  6.69625461174081504E+00  1.40217656611177044E+00  5.80107088168012641E+00  4.03340332113947153E-01
  9.4803888E-01  2.53358351700709905E+00  6.91473663252683401E+00  1.36492819928063436E+00  5.89513351490775506E+00  4.04814934914133617E-01
  9.6150816E-01  2.31060216142954999E+00  7.12288145225723923E+00  1.32467113526741298E+00  5.98713624889379226E+00  4.05958038786647823E-01
  9.7516874E-01  2.10382752329184264E+00  7.31986738893618227E+00  1.28143165859111852E+00  6.07679534716526959E+00  4.06753477680599829E-01
  9.8902333E-01  1.91242950685146895E+00  7.50493448263834040E+00  1.23526321109979920E+00  6.16381705351851483E+00  4.07185179870706848E-01
  1.0030747E+00  1.73558697058252132E+00  7.67738883771334990E+00  1.18625045736145007E+00  6.24789835822603212E+00  4.07237247921788337E-01
  1.0173256E+00  1.57249115360661529E+00  7.83660635983775755E+00  1.13451381227210346E+00  6.32872791191040740E+00  4.06894045761089118E-01
  1.0317789E+00  1.42234876958807455E+00  7.98203589052753859E+00  1.08021447787236902E+00  6.40598709560590240E+00  4.06140293065211544E-01
  1.0464375E+00  1.28438477468628642E+00  8.11320174537524430E+00  1.02356004087684327E+00  6.47935125472399953E+00  4.04961167129992750E-01
  1.0613042E+00  1.15784481325103483E+00  8.22970566266311643E+00  9.64810687353729435E-01  6.54849110358532549E+00  4.03342412345188472E-01
  1.0763822E+00  1.04199734463715044E+00  8.33122816813859046E+00  9.04286096383095428E-01  6.61307430585227785E+00  4.01270457340464293E-01
  1.0916742E+00  9.36135455972393005E-01  8.41752936097972793E+00  8.42373080413052366E-01  6.67276723457081111E+00  3.98732539804065589E-01
  1.1071834E+00  8.39578368147229859E-01  8.48844912608716484E+00  7.79534046469475661E-01  6.72723691358443254E+00  3.95716838899715262E-01
  1.1229129E+00  7.51672645086121527E-01  8.54390677913102436E+00  7.16316359405955394E-01  6.77615313980047329E+00  3.92212615119820307E-01
  1.1388658E+00  6.71793119081813161E-01  8.58390015327882416E+00  6.53362696061308590E-01  6.81919078315342553E+00  3.88210357313020671E-01
  1.1550453E+00  5.99343547371738894E-01  8.60850414007888887E+00  5.91422487580120171E-01  6.85603225811520023E+00  3.83701936510473851E-01
  1.1714545E+00  5.33757017082106766E-01  8.61786870132684690E+00  5.31364556312484471E-01  6.88637015724592949E+00  3.78680766047138850E-01
  1.1880968E+00  4.74496117120526140E-01  8.61221637361342474E+00  4.74191063712433358E-01  6.90991003356946898E+00  3.73141967330753832E-01
  1.2049754E+00  4.21052896575741964E-01  8.59183929234935739E+00  4.21052896575741187E-01  6.92637331451499172E+00  3.67082540451316941E-01
  1.2220938E+00  3.72948629726205294E-01  8.55709576711603859E+00  3.72948629726205294E-01  6.93550032582012221E+00  3.60501538646945618E-01
  1.2394553E+00  3.29733407923936128E-01  8.50840644496113363E+00  3.29733407923936128E-01  6.93705339919016328E+00  3.53400245447254291E-01
  1.2570633E+00  2.90985578465497607E-01  8.44625010255302655E+00  2.90985578465497607E-01  6.93082003271382430E+00  3.45782353102416062E-01
  1.2749214E+00  2.56311050144032881E-01  8.37115911177946614E+00  2.56311050144032881E-01  6.91661606813086927E+00  3.37654140674452874E-01
  1.2930332E+00  2.25342484545565019E-01  8.28371462632363276E+00  2.25342484545565019E-01  6.89428884413239196E+00  3.29024649916944856E-01
  1.3114021E+00  1.97738391352855980E-01  8.18454153891731018E+00  1.97738391352855980E-01  6.86372028007242285E+00  3.19905856800524913E-01
  1.3300320E+00  1.73182144988211356E-01  8.07430326033504997E+00  1.73182144988211356E-01  6.82482983992465009E+00  3.10312836254607483E-01
  1.3489264E+00  1.51380938894232153E-01  7.95369637176472200E+00  1.51380938894232153E-01  6.77757732219500841E+00  3.00263917391979551E-01
  1.3680892E+00  1.32064692645388060E-01  7.82344520200176241E+00  1.32064692645388060E-01  6.72196541798605640E+00  2.89780826163329286E-01
  1.3875242E+00  1.14984925926401527E-01  7.68429638001773974E+00  1.14984925926401527E-01  6.65804197670421605E+00  2.78888812055831659E-01
  1.4072351E+00  9.99136122257686665E-02  7.53701341191079344E+00  9.99136122257686665E-02  6.58590191722394280E+00  2.67616755105965110E-01
  1.4272260E+00  8.66420238918838431E-02  7.38237132912730587E+00  8.66420238918838431E-02  6.50568872189628244E+00  2.55997249145428984E-01
  1.4475008E+00  7.49795790008159907E-02  7.22115145222490717E+00  7.49795790008159907E-02  6.41759545183917890E+00  2.44066656844673435E-01
  1.4680636E+00  6.47526993026825565E-02  7.05413631140335973E+00  6.47526993026825565E-02  6.32186522468470713E+00  2.31865131766268912E-01
  1.4889184E+00  5.58036873600945560E-02  6.88210476163780438E+00  5.58036873600945560E-02  6.21879110057799167E+00  2.19436602296809335E-01
  1.5100694E+00  4.79896298780750491E-02  6.70582732658216507E+00  4.79896298780750491E-02  6.10871532887597191E+00  2.06828711998530312E-01
  1.5315208E+00  4.11813331594303861E-02  6.52606180154016791E+00  4.11813331594303861E-02  5.99202791678275037E+00  1.94092710619467007E-01
  1.5532768E+00  3.52622956105216739E-02  6.34354914179456131E+00  3.52622956105216739E-02  5.86916449210903846E+00  1.81283289734122999E-01
  1.5753418E+00  3.01277212759745276E-02  6.15900965850416782E+00  3.01277212759745276E-02  5.74060344539071998E+00  1.68458356766979206E-01
  1.5977202E+00  2.56835775017830968E-02  5.97313954028131011E+00  2.56835775017830968E-02  5.60686235157060331E+00  1.55678740992694908E-01
  1.6204164E+00  2.18456990179046462E-02  5.78660771450105837E+00  2.18456990179046462E-02  5.46849368802877045E+00  1.43007825024407814E-01
  1.6434350E+00  1.85389399956333231E-02  5.60005305841670875E+00  1.85389399956333231E-02  5.32607988349348105E+00  1.30511095312770165E-01
  1.6667804E+00  1.56963749725522114E-02  5.41408196605160708E+00  1.56963749725522114E-02  5.18022775066818575E+00  1.18255605301828354E-01
  1.6904574E+00  1.32585489482502355E-02  5.22926627470010441E+00  1.32585489482502355E-02  5.03156237351878310E+00  1.06309345144759468E-01
  1.7144707E+00  1.11727764356686927E-02  5.04614154735859799E+00  1.11727764356686927E-02  4.88072053718302712E+00  9.47405122954467216E-02
  1.7388251E+00  9.39248880369605507E-03  4.86520570963981669E+00  9.39248880369605507E-03  4.72834380338479754E+00  8.36166778852390075E-02
  1.7635253E+00  7.87662886333946079E-03  4.68691803241669369E+00  7.87662886333946079E-03  4.57507134599953424E+00  7.30038445942965131E-02
  1.7885763E+00  6.58909132868882100E-03  4.51169845039971040E+00  6.58909132868882100E-03  4.42153266896167008E+00  6.29653927606980690E-02
  1.8139831E+00  5.49820752114009090E-03  4.33992720401844778E+00  5.49820752114009090E-03  4.26834037051136672E+00  5.35609127666631310E-02
  1.8397507E+00  4.57627247620274232E-03  4.17194478971871696E+00  4.57627247620274232E-03  4.11608307042918842E+00  4.48449233283750442E-02
  1.8658843E+00  3.79911245225264408E-03  4.00805220182144062E+00  3.79911245225264408E-03  3.96532112795725933E+00  3.68654772229725716E-02
  1.8923891E+00  3.14569072518215481E-03  3.84851144727427741E+00  3.14569072518215481E-03  3.81658253346383791E+00  2.96626582412379720E-02
  1.9192702E+00  2.59774947705559848E-03  3.69354631331584571E+00  2.59774947705559848E-03  3.67035665977089431E+00  2.32669757834494256E-02
  1.9465332E+00  2.13948554630604033E-03  3.54334336688488616E+00  2.13948554630604033E-03  3.52708792519907366E+00  1.76976665424141665E-02
  1.9741833E+00  1.75725779704687807E-03  3.39805316358522624E+00  1.75725779704687807E-03  3.38716957974436994E+00  1.29609161607902312E-02
  2.0022261E+00  1.43932388148564831E-03  3.25779164345473049E+00  1.43932388148564831E-03  3.25093768361082081E+00  9.04801762322428489E-03
  2.0306672E+00  1.17560420827812393E-03  3.12264169035995565E+00  1.17560420827812393E-03  3.11866739933115156E+00  5.93348745333304416E-03
  2.0595123E+00  9.57470987126032586E-04  2.99265483167922497E+00  9.57470987126032586E-04  2.99059645813368791E+00  3.57316552777391322E-03
  2.0887670E+00  7.77560292591914838E-04  2.86785305501362409E+00  7.77560292591914838E-04  2.86694778662105909E+00  1.90232947912554709E-03
  2.1184371E+00  6.29605174824262367E-04  2.74823071897079441E+00  6.29605174824262367E-04  2.74792322765260799E+00  8.33860206220495936E-04
  2.1485287E+00  5.08287938817947814E-04  2.63375653559299572E+00  5.08287938817947814E-04  2.63369134606854427E+00  2.56500898056350260E-04
  2.1790476E+00  4.09109814443296552E-04  2.52437560273803285E+00  4.09109814443296552E-04  2.52437123223807358E+00  3.32581381768364134E-05
  2.2100000E+00  3.28276344520789893E-04  2.42001146565898839E+00  3.28276344520789893E-04  2.42001146565898839E+00  0.00000000000000000E+00
  2.2413920E+00  2.62596925738262826E-04  2.32056818815259591E+00  2.62596925738262826E-04  2.32056818815259591E+00  0.00000000000000000E+00
  2.2732298E+00  2.09397045510989943E-04  2.22593241494019489E+00  2.09397045510989943E-04  2.22593241494019489E+00  0.00000000000000000E+00
  2.3055197E+00  1.66441865528699494E-04  2.13597540838969779E+00  1.66441865528699494E-04  2.13597540838969779E+00  0.00000000000000000E+00
  2.3382683E+00  1.31869908504050345E-04  2.05055504425749957E+00  1.31869908504050345E-04  2.05055504425749957E+00  0.00000000000000000E+00
  2.3714819E+00  1.04135707532192805E-04  1.96951775279708019E+00  1.04135707532192805E-04  1.96951775279708019E+00  0.00000000000000000E+00
  2.4051673E+00  8.19603766800215466E-05  1.89270039331277418E+00  8.19603766800215466E-05  1.89270039331277418E+00  0.00000000000000000E+00
  2.4393311E+00  6.42891563086424013E-05  1.81993205199525820E+00  6.42891563086424013E-05  1.81993205199525820E+00  0.00000000000000000E+00
  2.4739800E+00  5.02550767098381470E-05  1.75103575461930205E+00  5.02550767098381470E-05  1.75103575461930205E+00  0.00000000000000000E+00
  2.5091211E+00  3.91479685604096672E-05  1.68583008737258266E+00  3.91479685604096672E-05  1.68583008737258266E+00  0.00000000000000000E+00
  2.5447612E+00  3.03881282414245167E-05  1.62413072067707764E+00  3.03881282414245167E-05  1.62413072067707764E+00  0.00000000000000000E+00
  2.5809076E+00  2.35040201122965334E-05  1.56575183232676207E+00  2.35040201122965334E-05  1.56575183232676207E+00  0.00000000000000000E+00
  2.6175672E+00  1.81134663431980302E-05  1.51050742756673273E+00  1.81134663431980302E-05  1.51050742756673273E+00  0.00000000000000000E+00
  2.6547476E+00  1.39078379424973454E-05  1.45821255487925683E+00  1.39078379424973454E-05  1.45821255487925683E+00  0.00000000000000000E+00
  2.6924559E+00  1.06388182835253375E-05  1.40868441717703297E+00  1.06388182835253375E-05  1.40868441717703297E+00  0.00000000000000000E+00
  2.7306998E+00  8.10736290609434803E-06  1.36174337892031305E+00  8.10736290609434803E-06  1.36174337892031305E+00  0.00000000000000000E+00
  2.7694869E+00  6.15452685579471745E-06  1.31721387030138004E+00  6.15452685579471745E-06  1.31721387030138004E+00  0.00000000000000000E+00
  2.8088248E+00  4.65387357546927912E-06  1.27492518999457660E+00  4.65387357546927912E-06  1.27492518999457660E+00  0.00000000000000000E+00
  2.8487214E+00  3.50521765068807598E-06  1.23471220972688589E+00  3.50521765068807598E-06  1.23471220972688589E+00  0.00000000000000000E+00
  2.8891847E+00  2.62948782422832606E-06  1.19641598093534540E+00  2.62948782422832606E-06  1.19641598093534540E+00  0.00000000000000000E+00
  2.9302226E+00  1.96452693324996680E-06  1.15988424893926423E+00  1.96452693324996680E-06  1.15988424893926423E+00  0.00000000000000000E+00
  2.9718433E+00  1.46167209051484917E-06  1.12497187679650779E+00  1.46167209051484917E-06  1.12497187679650779E+00  0.00000000000000000E+00
  3.0140551E+00  1.08298182969330461E-06  1.09154118293101288E+00  1.08298182969330461E-06  1.09154118293101288E+00  0.00000000000000000E+00
  3.0568665E+00  7.98997360514551181E-07  1.05946219679033349E+00  7.98997360514551181E-07  1.05946219679033349E+00  0.00000000000000000E+00
  3.1002858E+00  5.86942818985433305E-07  1.02861283717502072E+00  5.86942818985433305E-07  1.02861283717502072E+00  0.00000000000000000E+00
  3.1443219E+00  4.29284725023735164E-07  9.98879018259686946E-01  4.29284725023735164E-07  9.98879018259686946E-01  0.00000000000000000E+00
  3.1889833E+00  3.12584033219244660E-07  9.70154688605293192E-01  3.12584033219244660E-07  9.70154688605293192E-01  0.00000000000000000E+00
  3.2342790E+00  2.26585428863530427E-07  9.42341808693568650E-01  2.26585428863530427E-07  9.42341808693568650E-01  0.00000000000000000E+00
  3.2802180E+00  1.63498101727402773E-07  9.15350272646722196E-01  1.63498101727402773E-07  9.15350272646722196E-01  0.00000000000000000E+00
  3.3268095E+00  1.17430338024000819E-07  8.89097779840581914E-01  1.17430338024000819E-07  8.89097779840581914E-01  0.00000000000000000E+00
  3.3740626E+00  8.39470941653791603E-08  8.63509662075851891E-01  8.39470941653791603E-08  8.63509662075851891E-01  0.00000000000000000E+00
  3.4219869E+00  5.97254279740676409E-08  8.38518671848714314E-01  5.97254279740676409E-08  8.38518671848714314E-01  0.00000000000000000E+00
  3.4705917E+00  4.22874195630570632E-08  8.14064737070054445E-01  4.22874195630570632E-08  8.14064737070054445E-01  0.00000000000000000E+00
  3.5198869E+00  2.97941535050577425E-08  7.90094687335283874E-01  2.97941535050577425E-08  7.90094687335283874E-01  0.00000000000000000E+00
  3.5698822E+00  2.08875775557734080E-08  7.66561956557703539E-01  2.08875775557734080E-08  7.66561956557703539E-01  0.00000000000000000E+00
  3.6205875E+00  1.45697138651735296E-08  7.43426266459920493E-01  1.45697138651735296E-08  7.43426266459920493E-01  0.00000000000000000E+00
  3.6720130E+00  1.01108625766982009E-08  7.20653295080907252E-01  1.01108625766982009E-08  7.20653295080907252E-01  0.00000000000000000E+00
  3.7241688E+00  6.98019388333200798E-09  6.98214334109398149E-01  6.98019388333200798E-09  6.98214334109398149E-01  0.00000000000000000E+00
  3.7770654E+00  4.79353876931531332E-09  6.76085938504052519E-01  4.79353876931531332E-09  6.76085938504052519E-01  0.00000000000000000E+00
  3.8307132E+00  3.27432203562937566E-09  6.54249571511668737E-01  3.27432203562937566E-09  6.54249571511668737E-01  0.00000000000000000E+00
  3.8851229E+00  2.22448429841625134E-09  6.32691247849744176E-01  2.22448429841625134E-09  6.32691247849744176E-01  0.00000000000000000E+00
  3.9403053E+00  1.50295516356869466E-09  6.11401177480689784E-01  1.50295516356869466E-09  6.11401177480689784E-01  0.00000000000000000E+00
  3.9962715E+00  1.00980342819716786E-09  5.90373412073299186E-01  1.00980342819716786E-09  5.90373412073299186E-01  0.00000000000000000E+00
  4.0530325E+00  6.74631602579510079E-10  5.69605495923872329E-01  6.74631602579510079E-10  5.69605495923872329E-01  0.00000000000000000E+00
  4.1105997E+00  4.48125756726417025E-10  5.49098122796365162E-01  4.48125756726417025E-10  5.49098122796365162E-01  0.00000000000000000E+00
  4.1689844E+00  2.95937728457539338E-10  5.28854799840808187E-01  2.95937728457539338E-10  5.28854799840808187E-01  0.00000000000000000E+00
  4.2281983E+00  1.94281408839745058E-10  5.08881519466136023E-01  1.94281408839745058E-10  5.08881519466136023E-01  0.00000000000000000E+00
  4.2882532E+00  1.26781344049456406E-10  4.89186439783493854E-01  1.26781344049456406E-10  4.89186439783493854E-01  0.00000000000000000E+00
  4.3491610E+00  8.22308579745991455E-11  4.69779574006954470E-01  8.22308579745991455E-11  4.69779574006954470E-01  0.00000000000000000E+00
  4.4109339E+00  5.30067594725402855E-11  4.50672489010223165E-01  5.30067594725402855E-11  4.50672489010223165E-01  0.00000000000000000E+00
  4.4735840E+00  3.39551523731183407E-11  4.31878013101428038E-01  3.39551523731183407E-11  4.31878013101428038E-01  0.00000000000000000E+00
  4.5371239E+00  2.16131774456014323E-11  4.13409953004971742E-01  2.16131774456014323E-11  4.13409953004971742E-01  0.00000000000000000E+00
  4.6015663E+00  1.36687850662162987E-11  3.95282820039878746E-01  1.36687850662162987E-11  3.95282820039878746E-01  0.00000000000000000E+00
  4.6669238E+00  8.58812187096174488E-12  3.77511565565229579E-01  8.58812187096174488E-12  3.77511565565229579E-01  0.00000000000000000E+00
  4.7332096E+00  5.36022453993315152E-12  3.60111325926589398E-01  5.36022453993315152E-12  3.60111325926589398E-01  0.00000000000000000E+00
  4.8004368E+00  3.32309339877722155E-12  3.43097177377076901E-01  3.32309339877722155E-12  3.43097177377076901E-01  0.00000000000000000E+00
  4.8686187E+00  2.04613672958951079E-12  3.26483901747183225E-01  2.04613672958951079E-12  3.26483901747183225E-01  0.00000000000000000E+00
  4.9377690E+00  1.25117062280154232E-12  3.10285763974254669E-01  1.25117062280154232E-12  3.10285763974254669E-01  0.00000000000000000E+00
  5.0079014E+00  7.59704945818365839E-13  2.94516302941133123E-01  7.59704945818365839E-13  2.94516302941133123E-01  0.00000000000000000E+00
  5.0790299E+00  4.58011253945874472E-13  2.79188137376146395E-01  4.58011253945874472E-13  2.79188137376146395E-01  0.00000000000000000E+00
  5.1511685E+00  2.74135888828125089E-13  2.64312788788886865E-01  2.74135888828125089E-13  2.64312788788886865E-01  0.00000000000000000E+00
  5.2243316E+00  1.62880646640398122E-13  2.49900523524571760E-01  1.62880646640398122E-13  2.49900523524571760E-01  0.00000000000000000E+00
  5.2985338E+00  9.60598126089467795E-14  2.35960215986023042E-01  9.60598126089467795E-14  2.35960215986023042E-01  0.00000000000000000E+00
  5.3737899E+00  5.62259739572826358E-14  2.22499234852458677E-01  5.62259739572826358E-14  2.22499234852458677E-01  0.00000000000000000E+00
  5.4501147E+00  3.26594674650298034E-14  2.09523353893410147E-01  3.26594674650298034E-14  2.09523353893410147E-01  0.00000000000000000E+00
  5.5275236E+00  1.88239792682989323E-14  1.97036688323178444E-01  1.88239792682989323E-14  1.97036688323178444E-01  0.00000000000000000E+00
  5.6060318E+00  1.07645741881384253E-14  1.85041657124058512E-01  1.07645741881384253E-14  1.85041657124058512E-01  0.00000000000000000E+00
  5.6856550E+00  6.10685612337476974E-15  1.73538971199779402E-01  6.10685612337476974E-15  1.73538971199779402E-01  0.00000000000000000E+00
  5.7664091E+00  3.43657413639522574E-15  1.62527646487070715E-01  3.43657413639522574E-15  1.62527646487070715E-01  0.00000000000000000E+00
  5.8483100E+00  1.91810399786109972E-15  1.52005040553196386E-01  1.91810399786109972E-15  1.52005040553196386E-01  0.00000000000000000E+00
  5.9313741E+00  1.06171412057757388E-15  1.41966910660309587E-01  1.06171412057757388E-15  1.41966910660309587E-01  0.00000000000000000E+00
  6.0156179E+00  5.82749646177824964E-16  1.32407490831848468E-01  5.82749646177824964E-16  1.32407490831848468E-01  0.00000000000000000E+00
  6.1010582E+00  3.17135408135665893E-16  1.23319585130928375E-01  3.17135408135665893E-16  1.23319585130928375E-01  0.00000000000000000E+00
  6.1877119E+00  1.71097769790765952E-16  1.14694674162669305E-01  1.71097769790765952E-16  1.14694674162669305E-01  0.00000000000000000E+00
  6.2755963E+00  9.15016112010678343E-17  1.06523031738619503E-01  9.15016112010678343E-17  1.06523031738619503E-01  0.00000000000000000E+00
  6.3647288E+00  4.85003697708433338E-17  9.87938486810049088E-02  4.85003697708433338E-17  9.87938486810049088E-02  0.00000000000000000E+00
  6.4551272E+00  2.54764854623516211E-17  9.14953608811602814E-02  2.54764854623516211E-17  9.14953608811602814E-02  0.00000000000000000E+00
  6.5468095E+00  1.32604007708339274E-17  8.46149789408193465E-02  1.32604007708339274E-17  8.46149789408193465E-02  0.00000000000000000E+00
  6.6397938E+00  6.83820326975888172E-18  7.81394169966664609E-02  6.83820326975888172E-18  7.81394169966664609E-02  0.00000000000000000E+00
  6.7340988E+00  3.49332766112467829E-18  7.20548186380560174E-02  3.49332766112467829E-18  7.20548186380560174E-02  0.00000000000000000E+00
  6.8297431E+00  1.76763024355060334E-18  6.63468781572922883E-02  1.76763024355060334E-18  6.63468781572922883E-02  0.00000000000000000E+00
  6.9267458E+00  8.85809216407684207E-19  6.10009557060360447E-02  8.85809216407684207E-19  6.10009557060360447E-02  0.00000000000000000E+00
  7.0251261E+00  4.39568497468713512E-19  5.60021852577608573E-02  4.39568497468713512E-19  5.60021852577608573E-02  0.00000000000000000E+00
  7.1249036E+00  2.15968525668904574E-19  5.13355745850125195E-02  2.15968525668904574E-19  5.13355745850125195E-02  0.00000000000000000E+00
  7.2260982E+00  1.05043902337260176E-19  4.69860967443956612E-02  1.05043902337260176E-19  4.69860967443956612E-02  0.00000000000000000E+00
  7.3287300E+00  5.05714771053540600E-20  4.29387728168677402E-02  5.05714771053540600E-20  4.29387728168677402E-02  0.00000000000000000E+00
  7.4328194E+00  2.40952666498827981E-20  3.91787458730883248E-02  2.40952666498827981E-20  3.91787458730883248E-02  0.00000000000000000E+00
  7.5383871E+00  1.13601744324540176E-20  3.56913463218269736E-02  1.13601744324540176E-20  3.56913463218269736E-02  0.00000000000000000E+00
  7.6454541E+00  5.29907710137570062E-21  3.24621489535549673E-02  5.29907710137570062E-21  3.24621489535549673E-02  0.00000000000000000E+00
  7.7540416E+00  2.44518210123532815E-21  2.94770221120663652E-02  2.44518210123532815E-21  2.94770221120663652E-02  0.00000000000000000E+00
  7.8641714E+00  1.11596507833745955E-21  2.67221695157745277E-02  1.11596507833745955E-21  2.67221695157745277E-02  0.00000000000000000E+00
  7.9758653E+00  5.03674613007018259E-22  2.41841653093013836E-02  5.03674613007018259E-22  2.41841653093013836E-02  0.00000000000000000E+00
  8.0891454E+00  2.24770933077687541E-22  2.18499829577249866E-02  2.24770933077687541E-22  2.18499829577249866E-02  0.00000000000000000E+00
  8.2040344E+00  9.91631627963366671E-23  1.97070186034267805E-02  9.91631627963366671E-23  1.97070186034267805E-02  0.00000000000000000E+00
  8.3205551E+00  4.32423379864101618E-23  1.77431094923117642E-02  4.32423379864101618E-23  1.77431094923117642E-02  0.00000000000000000E+00
  8.4387306E+00  1.86356239320958469E-23  1.59465480459958404E-02  1.86356239320958469E-23  1.59465480459958404E-02  0.00000000000000000E+00
  8.5585845E+00  7.93562056031376100E-24  1.43060921132924165E-02  7.93562056031376100E-24  1.43060921132924165E-02  0.00000000000000000E+00
  8.6801406E+00  3.33844311480212092E-24  1.28109718819838757E-02  3.33844311480212092E-24  1.28109718819838757E-02  0.00000000000000000E+00
  8.8034230E+00  1.38726228258150888E-24  1.14508938743395731E-02  1.38726228258150888E-24  1.14508938743395731E-02  0.00000000000000000E+00
  8.9284564E+00  5.69308645044085946E-25  1.02160423907951929E-02  5.69308645044085946E-25  1.02160423907951929E-02  0.00000000000000000E+00
  9.0552655E+00  2.30692563497931895E-25  9.09707870887321163E-03  2.30692563497931895E-25  9.09707870887321163E-03  0.00000000000000000E+00
  9.1838755E+00  9.22862417319944901E-26  8.08513829148238203E-03  9.22862417319944901E-26  8.08513829148238203E-03  0.00000000000000000E+00
  9.3143121E+00  3.64399452935887927E-26  7.17182621221352547E-03  3.64399452935887927E-26  7.17182621221352547E-03  0.00000000000000000E+00
  9.4466012E+00  1.41995507943365801E-26  6.34921096647477270E-03  1.41995507943365801E-26  6.34921096647477270E-03  0.00000000000000000E+00
  9.5807691E+00  5.45940430205429020E-27  5.60981680691407386E-03  5.45940430205429020E-27  5.60981680691407386E-03  0.00000000000000000E+00
  9.7168425E+00  2.07064751473089471E-27  4.94661471955094509E-03  2.07064751473089471E-27  4.94661471955094509E-03  0.00000000000000000E+00
  9.8548485E+00  7.74591486637728537E-28  4.35301214283229706E-03  7.74591486637728537E-28  4.35301214283229706E-03  0.00000000000000000E+00
  9.9948144E+00  2.85732137052953019E-28  3.82284152446948217E-03  2.85732137052953019E-28  3.82284152446948217E-03  0.00000000000000000E+00
  1.0136768E+01  1.03915015040179793E-28  3.35034780915379827E-03  1.03915015040179793E-28  3.35034780915379827E-03  0.00000000000000000E+00
  1.0280738E+01  3.72513643484687417E-29  2.93017495268874367E-03  3.72513643484687417E-29  2.93017495268874367E-03  0.00000000000000000E+00
  1.0426752E+01  1.31601645219077641E-29  2.55735156329794716E-03  1.31601645219077641E-29  2.55735156329794716E-03  0.00000000000000000E+00
  1.0574841E+01  4.58083928514597398E-30  2.22727577752558159E-03  4.58083928514597398E-30  2.22727577752558159E-03  0.00000000000000000E+00
  1.0725032E+01  1.57072982254534924E-30  1.93569948505261389E-03  1.57072982254534924E-30  1.93569948505261389E-03  0.00000000000000000E+00
  1.0877357E+01  5.30441194886200364E-31  1.67871202292389321E-03  5.30441194886200364E-31  1.67871202292389321E-03  0.00000000000000000E+00
  1.1031845E+01  1.76382718375929178E-31  1.45272346436373968E-03  1.76382718375929178E-31  1.45272346436373968E-03  0.00000000000000000E+00
  1.1188526E+01  5.77382386512072968E-32  1.25444763003106541E-03  5.77382386512072968E-32  1.25444763003106541E-03  0.00000000000000000E+00
  1.1347434E+01  1.86021187424698729E-32  1.08088494993004765E-03  1.86021187424698729E-32  1.08088494993004765E-03  0.00000000000000000E+00
  1.1508598E+01  5.89730954426041061E-33  9.29305302146113746E-04  5.89730954426041061E-33  9.29305302146113746E-04  0.00000000000000000E+00
  1.1672050E+01  1.83923772452592838E-33  7.97230950182041456E-04  1.83923772452592838E-33  7.97230950182041456E-04  0.00000000000000000E+00
  1.1837825E+01  5.64173335271763638E-34  6.82419694115751286E-04  5.64173335271763638E-34  6.82419694115751286E-04  0.00000000000000000E+00
  1.2005953E+01  1.70166786409006089E-34  5.82848342376063875E-04  1.70166786409006089E-34  5.82848342376063875E-04  0.00000000000000000E+00
  1.2176470E+01  5.04568164965788208E-35  4.96696600980675953E-04  5.04568164965788208E-35  4.96696600980675953E-04  0.00000000000000000E+00
  1.2349408E+01  1.47041991641291142E-35  4.22331465979250539E-04  1.47041991641291142E-35  4.22331465979250539E-04  0.00000000000000000E+00
  1.2524802E+01  4.21047844357947938E-36  3.58292192977155324E-04  4.21047844357947938E-36  3.58292192977155324E-04  0.00000000000000000E+00
  1.2702687E+01  1.18435110331090521E-36  3.03275905351980870E-04  1.18435110331090521E-36  3.03275905351980870E-04  0.00000000000000000E+00
  1.2883099E+01  3.27172776216875647E-37  2.56123890456836712E-04  3.27172776216875647E-37  2.56123890456836712E-04  0.00000000000000000E+00
  1.3066073E+01  8.87377709425486281E-38  2.15808621034138128E-04  8.87377709425486281E-38  2.15808621034138128E-04  0.00000000000000000E+00
  1.3251645E+01  2.36243447141787356E-38  1.81421527498372128E-04  2.36243447141787356E-38  1.81421527498372128E-04  0.00000000000000000E+00
  1.3439853E+01  6.17183574676011141E-39  1.52161535895348410E-04  6.17183574676011141E-39  1.52161535895348410E-04  0.00000000000000000E+00
  1.3630735E+01  1.58180838251577603E-39  1.27324376369407024E-04  1.58180838251577603E-39  1.27324376369407024E-04  0.00000000000000000E+00
  1.3824327E+01  3.97610660959378948E-40  1.06292657983396831E-04  3.97610660959378948E-40  1.06292657983396831E-04  0.00000000000000000E+00
  1.4020668E+01  9.79951514620755211E-41  8.85266978104080616E-05  9.79951514620755211E-41  8.85266978104080616E-05  0.00000000000000000E+00
  1.4219798E+01  2.36738774425676602E-41  7.35560853843834678E-05  2.36738774425676602E-41  7.35560853843834678E-05  0.00000000000000000E+00
  1.4421756E+01  5.60436284999614981E-42  6.09719578587923199E-05  5.60436284999614981E-42  6.09719578587923199E-05  0.00000000000000000E+00
  1.4626582E+01  1.29971127767644324E-42  5.04199565506846824E-05  1.29971127767644324E-42  5.04199565506846824E-05  0.00000000000000000E+00
  1.4834317E+01  2.95189537840746560E-43  4.15938318914491997E-05  2.95189537840746560E-43  4.15938318914491997E-05  0.00000000000000000E+00
  1.5045003E+01  6.56380925444783336E-44  3.42296610980431372E-05  6.56380925444783336E-44  3.42296610980431372E-05  0.00000000000000000E+00
  1.5258681E+01  1.42848978205897093E-44  2.81006410395049818E-05  1.42848978205897093E-44  2.81006410395049818E-05  0.00000000000000000E+00
  1.5475393E+01  3.04177817281434407E-45  2.30124177152324081E-05  3.04177817281434407E-45  2.30124177152324081E-05  0.00000000000000000E+00
  1.5695183E+01  6.33530983710852007E-46  1.87989133915013483E-05  6.33530983710852007E-46  1.87989133915013483E-05  0.00000000000000000E+00
  1.5918095E+01  1.29019820479660942E-46  1.53186126675776727E-05  1.29019820479660942E-46  1.53186126675776727E-05  0.00000000000000000E+00
  1.6144173E+01  2.56832018337167622E-47  1.24512694706057193E-05  2.56832018337167622E-47  1.24512694706057193E-05  0.00000000000000000E+00
  1.6373461E+01  4.99573585527783832E-48  1.00949981209727901E-05  4.99573585527783832E-48  1.00949981209727901E-05  0.00000000000000000E+00
  1.6606006E+01  9.49201029847732834E-49  8.16371308402644257E-06  9.49201029847732834E-49  8.16371308402644257E-06  0.00000000000000000E+00
  1.6841853E+01  1.76105777540928407E-49  6.58488375328550440E-06  1.76105777540928407E-49  6.58488375328550440E-06  0.00000000000000000E+00
  1.7081050E+01  3.18926956837811229E-50  5.29757252526884325E-06  3.18926956837811229E-50  5.29757252526884325E-06  0.00000000000000000E+00
  1.7323645E+01  5.63577785936033060E-51  4.25072646504320926E-06  5.63577785936033060E-51  4.25072646504320926E-06  0.00000000000000000E+00
  1.7569684E+01  9.71407552082071608E-52  3.40169497062477208E-06  9.71407552082071608E-52  3.40169497062477208E-06  0.00000000000000000E+00
  1.7819218E+01  1.63256733955842604E-52  2.71494797720686907E-06  1.63256733955842604E-52  2.71494797720686907E-06  0.00000000000000000E+00
  1.8072296E+01  2.67421801361860494E-53  2.16097135998764308E-06  2.67421801361860494E-53  2.16097135998764308E-06  0.00000000000000000E+00
  1.8328968E+01  4.26785423700086427E-54  1.71531826527476985E-06  4.26785423700086427E-54  1.71531826527476985E-06  0.00000000000000000E+00
  1.8589285E+01  6.63341600275835920E-55  1.35779709814522296E-06  6.63341600275835920E-55  1.35779709814522296E-06  0.00000000000000000E+00
  1.8853300E+01  1.00370099163952839E-55  1.07177880169139183E-06  1.00370099163952839E-55  1.07177880169139183E-06  0.00000000000000000E+00
  1.9121064E+01  1.47785616624992910E-56  8.43607863474115785E-07  1.47785616624992910E-56  8.43607863474115785E-07  0.00000000000000000E+00
  1.9392631E+01  2.11659843495016015E-57  6.62103169496874226E-07  2.11659843495016015E-57  6.62103169496874226E-07  0.00000000000000000E+00
  1.9668055E+01  2.94738936443137386E-58  5.18136389029615484E-07  2.94738936443137386E-58  5.18136389029615484E-07  0.00000000000000000E+00
  1.9947390E+01  3.98877828141817917E-59  4.04277012498570559E-07  3.98877828141817917E-59  4.04277012498570559E-07  0.00000000000000000E+00
  2.0230693E+01  5.24387671296494980E-60  3.14494479732740040E-07  5.24387671296494980E-60  3.14494479732740040E-07  0.00000000000000000E+00
  2.0518019E+01  6.69388458394590029E-61  2.43909029659994457E-07  6.69388458394590029E-61  2.43909029659994457E-07  0.00000000000000000E+00
  2.0809426E+01  8.29308527950526355E-62  1.88583979364032704E-07  8.29308527950526355E-62  1.88583979364032704E-07  0.00000000000000000E+00
  2.1104971E+01  9.96692270631265080E-63  1.45353105853296069E-07  9.96692270631265080E-63  1.45353105853296069E-07  0.00000000000000000E+00
  2.1404714E+01  1.16145862818605607E-63  1.11677664502065440E-07  1.16145862818605607E-63  1.11677664502065440E-07  0.00000000000000000E+00
  2.1708714E+01  1.31168748402769267E-64  8.55283410689960112E-08  1.31168748402769267E-64  8.55283410689960112E-08  0.00000000000000000E+00
  2.2017031E+01  1.43490370539333925E-65  6.52881069925749751E-08  1.43490370539333925E-65  6.52881069925749751E-08  0.00000000000000000E+00
  2.2329728E+01  1.51970056322062631E-66  4.96725379407604769E-08  1.51970056322062631E-66  4.96725379407604769E-08  0.00000000000000000E+00
  2.2646865E+01  1.55742993710261591E-67  3.76646709267733312E-08  1.55742993710261591E-67  3.76646709267733312E-08  0.00000000000000000E+00
  2.2968506E+01  1.54362441866016800E-68  2.84619230639598936E-08  1.54362441866016800E-68  2.84619230639598936E-08  0.00000000000000000E+00
  2.3294715E+01  1.47883490643645720E-69  2.14329822763456124E-08  1.47883490643645720E-69  2.14329822763456124E-08  0.00000000000000000E+00
  2.3625557E+01  1.36867307646661363E-70  1.60829136731791416E-08  1.36867307646661363E-70  1.60829136731791416E-08  0.00000000000000000E+00
  2.3961098E+01  1.22301943147842478E-71  1.20250110562561551E-08  1.22301943147842478E-71  1.20250110562561551E-08  0.00000000000000000E+00
  2.4301405E+01  1.05454865700266350E-72  8.95816690313140816E-09  1.05454865700266350E-72  8.95816690313140816E-09  0.00000000000000000E+00
  2.4646544E+01  8.76879231882767346E-74  6.64874141272789505E-09  8.76879231882767346E-74  6.64874141272789505E-09  0.00000000000000000E+00
  2.4996585E+01  7.02727836008709508E-75  4.91608657810782248E-09  7.02727836008709508E-75  4.91608657810782248E-09  0.00000000000000000E+00
  2.5351598E+01  5.42421536878871889E-76  3.62102905181840682E-09  5.42421536878871889E-76  3.62102905181840682E-09  0.00000000000000000E+00
  2.5711652E+01  4.03005481554619810E-77  2.65673962112614647E-09  4.03005481554619810E-77  2.65673962112614647E-09  0.00000000000000000E+00
  2.6076820E+01  2.88021293110288869E-78  1.94152080928427145E-09  2.88021293110288869E-78  1.94152080928427145E-09  0.00000000000000000E+00
  2.6447174E+01  0.00000000000000000E+00  1.41313045669584011E-09  0.00000000000000000E+00  1.41313045669584011E-09  0.00000000000000000E+00
  2.6822789E+01  0.00000000000000000E+00  1.02433073247296714E-09  0.00000000000000000E+00  1.02433073247296714E-09  0.00000000000000000E+00
  2.7203737E+01  0.00000000000000000E+00  7.39411163364276036E-10  0.00000000000000000E+00  7.39411163364276036E-10  0.00000000000000000E+00
  2.7590096E+01  0.00000000000000000E+00  5.31482917889743132E-10  0.00000000000000000E+00  5.31482917889743132E-10  0.00000000000000000E+00
  2.7981942E+01  0.00000000000000000E+00  3.80381448937852976E-10  0.00000000000000000E+00  3.80381448937852976E-10  0.00000000000000000E+00
  2.8379354E+01  0.00000000000000000E+00  2.71047134319168179E-10  0.00000000000000000E+00  2.71047134319168179E-10  0.00000000000000000E+00
  2.8782409E+01  0.00000000000000000E+00  1.92280002877368370E-10  0.00000000000000000E+00  1.92280002877368370E-10  0.00000000000000000E+00
  2.9191189E+01  0.00000000000000000E+00  1.35786046165302748E-10  0.00000000000000000E+00  1.35786046165302748E-10  0.00000000000000000E+00
  2.9605774E+01  0.00000000000000000E+00  9.54498808445103816E-11  0.00000000000000000E+00  9.54498808445103816E-11  0.00000000000000000E+00
  3.0026247E+01  0.00000000000000000E+00  6.67823907126308296E-11  0.00000000000000000E+00  6.67823907126308296E-11  0.00000000000000000E+00
  3.0452692E+01  0.00000000000000000E+00  4.65030625622471713E-11  0.00000000000000000E+00  4.65030625622471713E-11  0.00000000000000000E+00
  3.0885194E+01  0.00000000000000000E+00  3.22255593874330944E-11  0.00000000000000000E+00  3.22255593874330944E-11  0.00000000000000000E+00
  3.1323838E+01  0.00000000000000000E+00  2.22220755635042724E-11  0.00000000000000000E+00  2.22220755635042724E-11  0.00000000000000000E+00
  3.1768711E+01  0.00000000000000000E+00  1.52475315909234916E-11  0.00000000000000000E+00  1.52475315909234916E-11  0.00000000000000000E+00
  3.2219903E+01  0.00000000000000000E+00  1.04090320041971157E-11  0.00000000000000000E+00  1.04090320041971157E-11  0.00000000000000000E+00
  3.2677503E+01  0.00000000000000000E+00  7.06939104555636579E-12  0.00000000000000000E+00  7.06939104555636579E-12  0.00000000000000000E+00
  3.3141602E+01  0.00000000000000000E+00  4.77615266254485953E-12  0.00000000000000000E+00  4.77615266254485953E-12  0.00000000000000000E+00
  3.3612292E+01  0.00000000000000000E+00  3.20969694835039607E-12  0.00000000000000000E+00  3.20969694835039607E-12  0.00000000000000000E+00
  3.4089667E+01  0.00000000000000000E+00  2.14536894411288851E-12  0.00000000000000000E+00  2.14536894411288851E-12  0.00000000000000000E+00
  3.4573821E+01  0.00000000000000000E+00  1.42612023142074385E-12  0.00000000000000000E+00  1.42612023142074385E-12  0.00000000000000000E+00
  3.5064852E+01  0.00000000000000000E+00  9.42734375784546746E-13  0.00000000000000000E+00  9.42734375784546746E-13  0.00000000000000000E+00
  3.5562856E+01  0.00000000000000000E+00  6.19674160678618472E-13  0.00000000000000000E+00  6.19674160678618472E-13  0.00000000000000000E+00
  3.6067934E+01  0.00000000000000000E+00  4.04986745872086486E-13  0.00000000000000000E+00  4.04986745872086486E-13  0.00000000000000000E+00
  3.6580184E+01  0.00000000000000000E+00  2.63137694816543134E-13  0.00000000000000000E+00  2.63137694816543134E-13  0.00000000000000000E+00
  3.7099710E+01  0.00000000000000000E+00  1.69961800508570264E-13  0.00000000000000000E+00  1.69961800508570264E-13  0.00000000000000000E+00
  3.7626614E+01  0.00000000000000000E+00  1.09120497524272501E-13  0.00000000000000000E+00  1.09120497524272501E-13  0.00000000000000000E+00
  3.8161001E+01  0.00000000000000000E+00  6.96319364458166697E-14  0.00000000000000000E+00  6.96319364458166697E-14  0.00000000000000000E+00
  3.8702978E+01  0.00000000000000000E+00  4.41588296189089586E-14  0.00000000000000000E+00  4.41588296189089586E-14  0.00000000000000000E+00
  3.9252652E+01  0.00000000000000000E+00  2.78286589019185490E-14  0.00000000000000000E+00  2.78286589019185490E-14  0.00000000000000000E+00
  3.9810132E+01  0.00000000000000000E+00  1.74257831019875666E-14  0.00000000000000000E+00  1.74257831019875666E-14  0.00000000000000000E+00
  4.0375530E+01  0.00000000000000000E+00  1.08411692593905311E-14  0.00000000000000000E+00  1.08411692593905311E-14  0.00000000000000000E+00
  4.0948958E+01  0.00000000000000000E+00  6.70041568790584972E-15  0.00000000000000000E+00  6.70041568790584972E-15  0.00000000000000000E+00
  4.1530530E+01  0.00000000000000000E+00  4.11364376938287928E-15  0.00000000000000000E+00  4.11364376938287928E-15  0.00000000000000000E+00
  4.2120362E+01  0.00000000000000000E+00  2.50846432436071358E-15  0.00000000000000000E+00  2.50846432436071358E-15  0.00000000000000000E+00
  4.2718570E+01  0.00000000000000000E+00  1.51915461430377503E-15  0.00000000000000000E+00  1.51915461430377503E-15  0.00000000000000000E+00
  4.3325275E+01  0.00000000000000000E+00  9.13618275216026757E-16  0.00000000000000000E+00  9.13618275216026757E-16  0.00000000000000000E+00
  4.3940596E+01  0.00000000000000000E+00  5.45571586966707268E-16  0.00000000000000000E+00  5.45571586966707268E-16  0.00000000000000000E+00
  4.4564656E+01  0.00000000000000000E+00  3.23457877233961907E-16  0.00000000000000000E+00  3.23457877233961907E-16  0.00000000000000000E+00
  4.5197578E+01  0.00000000000000000E+00  1.90378118412339767E-16  0.00000000000000000E+00  1.90378118412339767E-16  0.00000000000000000E+00
  4.5839490E+01  0.00000000000000000E+00  1.11225239166345703E-16  0.00000000000000000E+00  1.11225239166345703E-16  0.00000000000000000E+00
  4.6490519E+01  0.00000000000000000E+00  6.44955578705781082E-17  0.00000000000000000E+00  6.44955578705781082E-17  0.00000000000000000E+00
  4.7150793E+01  0.00000000000000000E+00  3.71149524825391827E-17  0.00000000000000000E+00  3.71149524825391827E-17  0.00000000000000000E+00
  4.7820445E+01  0.00000000000000000E+00  2.11939819030358670E-17  0.00000000000000000E+00  2.11939819030358670E-17  0.00000000000000000E+00
  4.8499608E+01  0.00000000000000000E+00  1.20080370634592022E-17  0.00000000000000000E+00  1.20080370634592022E-17  0.00000000000000000E+00
  4.9188416E+01  0.00000000000000000E+00  6.74959808574604354E-18  0.00000000000000000E+00  6.74959808574604354E-18  0.00000000000000000E+00
  4.9887006E+01  0.00000000000000000E+00  3.76339848519635595E-18  0.00000000000000000E+00  3.76339848519635595E-18  0.00000000000000000E+00
  5.0595519E+01  0.00000000000000000E+00  2.08126891065032474E-18  0.00000000000000000E+00  2.08126891065032474E-18  0.00000000000000000E+00
  5.1314093E+01  0.00000000000000000E+00  1.14148577583223380E-18  0.00000000000000000E+00  1.14148577583223380E-18  0.00000000000000000E+00
  5.2042873E+01  0.00000000000000000E+00  6.20804778529138550E-19  0.00000000000000000E+00  6.20804778529138550E-19  0.00000000000000000E+00
  5.2782004E+01  0.00000000000000000E+00  3.34756527943862163E-19  0.00000000000000000E+00  3.34756527943862163E-19  0.00000000000000000E+00
  5.3531632E+01  0.00000000000000000E+00  1.78953011087751203E-19  0.00000000000000000E+00  1.78953011087751203E-19  0.00000000000000000E+00
  5.4291906E+01  0.00000000000000000E+00  9.48267147296547741E-20  0.00000000000000000E+00  9.48267147296547741E-20  0.00000000000000000E+00
  5.5062977E+01  0.00000000000000000E+00  4.98022629773760349E-20  0.00000000000000000E+00  4.98022629773760349E-20  0.00000000000000000E+00
  5.5845000E+01  0.00000000000000000E+00  2.59201432708263116E-20  0.00000000000000000E+00  2.59201432708263116E-20  0.00000000000000000E+00
  5.6638129E+01  0.00000000000000000E+00  1.33671889461490323E-20  0.00000000000000000E+00  1.33671889461490323E-20  0.00000000000000000E+00
  5.7442522E+01  0.00000000000000000E+00  6.82967187177904129E-21  0.00000000000000000E+00  6.82967187177904129E-21  0.00000000000000000E+00
  5.8258340E+01  0.00000000000000000E+00  3.45667500262321659E-21  0.00000000000000000E+00  3.45667500262321659E-21  0.00000000000000000E+00
  5.9085744E+01  0.00000000000000000E+00  1.73283536105945393E-21  0.00000000000000000E+00  1.73283536105945393E-21  0.00000000000000000E+00
  5.9924899E+01  0.00000000000000000E+00  8.60273127517709042E-22  0.00000000000000000E+00  8.60273127517709042E-22  0.00000000000000000E+00
  6.0775972E+01  0.00000000000000000E+00  4.22897516228598655E-22  0.00000000000000000E+00  4.22897516228598655E-22  0.00000000000000000E+00
  6.1639131E+01  0.00000000000000000E+00  2.05822194476143358E-22  0.00000000000000000E+00  2.05822194476143358E-22  0.00000000000000000E+00
  6.2514550E+01  0.00000000000000000E+00  9.91619989899147022E-23  0.00000000000000000E+00  9.91619989899147022E-23  0.00000000000000000E+00
  6.3402402E+01  0.00000000000000000E+00  4.72858463516671014E-23  0.00000000000000000E+00  4.72858463516671014E-23  0.00000000000000000E+00
  6.4302863E+01  0.00000000000000000E+00  2.23144310500963548E-23  0.00000000000000000E+00  2.23144310500963548E-23  0.00000000000000000E+00
  6.5216113E+01  0.00000000000000000E+00  1.04194370064306409E-23  0.00000000000000000E+00  1.04194370064306409E-23  0.00000000000000000E+00
  6.6142333E+01  0.00000000000000000E+00  4.81327391721716756E-24  0.00000000000000000E+00  4.81327391721716756E-24  0.00000000000000000E+00
  6.7081707E+01  0.00000000000000000E+00  2.19941893939180462E-24  0.00000000000000000E+00  2.19941893939180462E-24  0.00000000000000000E+00
  6.8034422E+01  0.00000000000000000E+00  9.93982234593325292E-25  0.00000000000000000E+00  9.93982234593325292E-25  0.00000000000000000E+00
  6.9000669E+01  0.00000000000000000E+00  4.44205384611107116E-25  0.00000000000000000E+00  4.44205384611107116E-25  0.00000000000000000E+00
  6.9980638E+01  0.00000000000000000E+00  1.96269956017459643E-25  0.00000000000000000E+00  1.96269956017459643E-25  0.00000000000000000E+00
  7.0974525E+01  0.00000000000000000E+00  8.57270586784517208E-26  0.00000000000000000E+00  8.57270586784517208E-26  0.00000000000000000E+00
  7.1982527E+01  0.00000000000000000E+00  3.70087491308885054E-26  0.00000000000000000E+00  3.70087491308885054E-26  0.00000000000000000E+00
  7.3004845E+01  0.00000000000000000E+00  1.57884836662768009E-26  0.00000000000000000E+00  1.57884836662768009E-26  0.00000000000000000E+00
  7.4041682E+01  0.00000000000000000E+00  6.65504335656972246E-27  0.00000000000000000E+00  6.65504335656972246E-27  0.00000000000000000E+00
  7.5093245E+01  0.00000000000000000E+00  2.77116342979586796E-27  0.00000000000000000E+00  2.77116342979586796E-27  0.00000000000000000E+00
  7.6159742E+01  0.00000000000000000E+00  1.13972014045606720E-27  0.00000000000000000E+00  1.13972014045606720E-27  0.00000000000000000E+00
  7.7241386E+01  0.00000000000000000E+00  4.62894582663163677E-28  0.00000000000000000E+00  4.62894582663163677E-28  0.00000000000000000E+00
  7.8338392E+01  0.00000000000000000E+00  1.85624634589110055E-28  0.00000000000000000E+00  1.85624634589110055E-28  0.00000000000000000E+00
  7.9450978E+01  0.00000000000000000E+00  7.34817485402734717E-29  0.00000000000000000E+00  7.34817485402734717E-29  0.00000000000000000E+00
  8.0579365E+01  0.00000000000000000E+00  2.87100058619333859E-29  0.00000000000000000E+00  2.87100058619333859E-29  0.00000000000000000E+00
  8.1723777E+01  0.00000000000000000E+00  1.10691791489177883E-29  0.00000000000000000E+00  1.10691791489177883E-29  0.00000000000000000E+00
  8.2884443E+01  0.00000000000000000E+00  4.21059151650164961E-30  0.00000000000000000E+00  4.21059151650164961E-30  0.00000000000000000E+00
  8.4061592E+01  0.00000000000000000E+00  1.57991013915318374E-30  0.00000000000000000E+00  1.57991013915318374E-30  0.00000000000000000E+00
  8.5255460E+01  0.00000000000000000E+00  5.84652807911289005E-31  0.00000000000000000E+00  5.84652807911289005E-31  0.00000000000000000E+00
  8.6466284E+01  0.00000000000000000E+00  2.13330832171561932E-31  0.00000000000000000E+00  2.13330832171561932E-31  0.00000000000000000E+00
  8.7694304E+01  0.00000000000000000E+00  7.67381705889259893E-32  0.00000000000000000E+00  7.67381705889259893E-32  0.00000000000000000E+00
  8.8939764E+01  0.00000000000000000E+00  2.72071148175535942E-32  0.00000000000000000E+00  2.72071148175535942E-32  0.00000000000000000E+00
  9.0202913E+01  0.00000000000000000E+00  9.50553298754747094E-33  0.00000000000000000E+00  9.50553298754747094E-33  0.00000000000000000E+00
  9.1484002E+01  0.00000000000000000E+00  3.27191333598595780E-33  0.00000000000000000E+00  3.27191333598595780E-33  0.00000000000000000E+00
  9.2783284E+01  0.00000000000000000E+00  1.10934166493089573E-33  0.00000000000000000E+00  1.10934166493089573E-33  0.00000000000000000E+00
  9.4101020E+01  0.00000000000000000E+00  3.70400055849331630E-34  0.00000000000000000E+00  3.70400055849331630E-34  0.00000000000000000E+00
  9.5437470E+01  0.00000000000000000E+00  1.21765637196174024E-34  0.00000000000000000E+00  1.21765637196174024E-34  0.00000000000000000E+00
  9.6792901E+01  0.00000000000000000E+00  3.94029945559075559E-35  0.00000000000000000E+00  3.94029945559075559E-35  0.00000000000000000E+00
  9.8167582E+01  0.00000000000000000E+00  1.25483273058966309E-35  0.00000000000000000E+00  1.25483273058966309E-35  0.00000000000000000E+00
  9.9561787E+01  0.00000000000000000E+00  3.93182737844420264E-36  0.00000000000000000E+00  3.93182737844420264E-36  0.00000000000000000E+00
  1.0097579E+02  0.00000000000000000E+00  1.21186266292432201E-36  0.00000000000000000E+00  1.21186266292432201E-36  0.00000000000000000E+00
  1.0240988E+02  0.00000000000000000E+00  3.67332671595528081E-37  0.00000000000000000E+00  3.67332671595528081E-37  0.00000000000000000E+00
  1.0386433E+02  0.00000000000000000E+00  1.09473289688529491E-37  0.00000000000000000E+00  1.09473289688529491E-37  0.00000000000000000E+00
  1.0533945E+02  0.00000000000000000E+00  3.20695538837947800E-38  0.00000000000000000E+00  3.20695538837947800E-38  0.00000000000000000E+00
  1.0683551E+02  0.00000000000000000E+00  9.23221402580735520E-39  0.00000000000000000E+00  9.23221402580735520E-39  0.00000000000000000E+00
  1.0835282E+02  0.00000000000000000E+00  2.61118360267691755E-39  0.00000000000000000E+00  2.61118360267691755E-39  0.00000000000000000E+00
  1.0989167E+02  0.00000000000000000E+00  7.25397869339048414E-40  0.00000000000000000E+00  7.25397869339048414E-40  0.00000000000000000E+00
  1.1145239E+02  0.00000000000000000E+00  1.97883444622354532E-40  0.00000000000000000E+00  1.97883444622354532E-40  0.00000000000000000E+00
  1.1303526E+02  0.00000000000000000E+00  5.29934525304912534E-41  0.00000000000000000E+00  5.29934525304912534E-41  0.00000000000000000E+00
  1.1464062E+02  0.00000000000000000E+00  1.39282961453707144E-41  0.00000000000000000E+00  1.39282961453707144E-41  0.00000000000000000E+00
  1.1626878E+02  0.00000000000000000E+00  3.59185192675648102E-42  0.00000000000000000E+00  3.59185192675648102E-42  0.00000000000000000E+00
  1.1792006E+02  0.00000000000000000E+00  9.08580219591256873E-43  0.00000000000000000E+00  9.08580219591256873E-43  0.00000000000000000E+00
  1.1959480E+02  0.00000000000000000E+00  2.25377424702411946E-43  0.00000000000000000E+00  2.25377424702411946E-43  0.00000000000000000E+00
  1.2129332E+02  0.00000000000000000E+00  5.48069636631424039E-44  0.00000000000000000E+00  5.48069636631424039E-44  0.00000000000000000E+00
  1.2301596E+02  0.00000000000000000E+00  1.30621057443065189E-44  0.00000000000000000E+00  1.30621057443065189E-44  0.00000000000000000E+00
  1.2476307E+02  0.00000000000000000E+00  3.05010410825046326E-45  0.00000000000000000E+00  3.05010410825046326E-45  0.00000000000000000E+00
  1.2653499E+02  0.00000000000000000E+00  6.97605603949547125E-46  0.00000000000000000E+00  6.97605603949547125E-46  0.00000000000000000E+00
  1.2833207E+02  0.00000000000000000E+00  1.56230842677676307E-46  0.00000000000000000E+00  1.56230842677676307E-46  0.00000000000000000E+00
  1.3015468E+02  0.00000000000000000E+00  3.42492147551544127E-47  0.00000000000000000E+00  3.42492147551544127E-47  0.00000000000000000E+00
  1.3200317E+02  0.00000000000000000E+00  7.34724928662417137E-48  0.00000000000000000E+00  7.34724928662417137E-48  0.00000000000000000E+00
  1.3387792E+02  0.00000000000000000E+00  1.54187884206687080E-48  0.00000000000000000E+00  1.54187884206687080E-48  0.00000000000000000E+00
  1.3577929E+02  0.00000000000000000E+00  3.16435869744767865E-49  0.00000000000000000E+00  3.16435869744767865E-49  0.00000000000000000E+00
  1.3770766E+02  0.00000000000000000E+00  6.34873828125580513E-50  0.00000000000000000E+00  6.34873828125580513E-50  0.00000000000000000E+00
  1.3966343E+02  0.00000000000000000E+00  1.24482763280359949E-50  0.00000000000000000E+00  1.24482763280359949E-50  0.00000000000000000E+00
  1.4164697E+02  0.00000000000000000E+00  2.38452785588711859E-51  0.00000000000000000E+00  2.38452785588711859E-51  0.00000000000000000E+00
  1.4365867E+02  0.00000000000000000E+00  4.46083015821700926E-52  0.00000000000000000E+00  4.46083015821700926E-52  0.00000000000000000E+00
  1.4569895E+02  0.00000000000000000E+00  8.14695205860954420E-53  0.00000000000000000E+00  8.14695205860954420E-53  0.00000000000000000E+00
  1.4776821E+02  0.00000000000000000E+00  1.45205870937872416E-53  0.00000000000000000E+00  1.45205870937872416E-53  0.00000000000000000E+00
  1.4986686E+02  0.00000000000000000E+00  2.52477860858203951E-54  0.00000000000000000E+00  2.52477860858203951E-54  0.00000000000000000E+00
  1.5199531E+02  0.00000000000000000E+00  4.28104940135554460E-55  0.00000000000000000E+00  4.28104940135554460E-55  0.00000000000000000E+00
  1.5415398E+02  0.00000000000000000E+00  7.07619421148009249E-56  0.00000000000000000E+00  7.07619421148009249E-56  0.00000000000000000E+00
  1.5634332E+02  0.00000000000000000E+00  1.13973410280885773E-56  0.00000000000000000E+00  1.13973410280885773E-56  0.00000000000000000E+00
  1.5856375E+02  0.00000000000000000E+00  1.78809361441874035E-57  0.00000000000000000E+00  1.78809361441874035E-57  0.00000000000000000E+00
  1.6081572E+02  0.00000000000000000E+00  2.73139986431085492E-58  0.00000000000000000E+00  2.73139986431085492E-58  0.00000000000000000E+00
  1.6309967E+02  0.00000000000000000E+00  4.06079209847321617E-59  0.00000000000000000E+00  4.06079209847321617E-59  0.00000000000000000E+00
  1.6541605E+02  0.00000000000000000E+00  5.87334342494355631E-60  0.00000000000000000E+00  5.87334342494355631E-60  0.00000000000000000E+00
  1.6776534E+02  0.00000000000000000E+00  8.26084438302276903E-61  0.00000000000000000E+00  8.26084438302276903E-61  0.00000000000000000E+00
  1.7014798E+02  0.00000000000000000E+00  1.12937854977435461E-61  0.00000000000000000E+00  1.12937854977435461E-61  0.00000000000000000E+00
  1.7256447E+02  0.00000000000000000E+00  1.50016356866675572E-62  0.00000000000000000E+00  1.50016356866675572E-62  0.00000000000000000E+00
  1.7501528E+02  0.00000000000000000E+00  1.93519982952744338E-63  0.00000000000000000E+00  1.93519982952744338E-63  0.00000000000000000E+00
  1.7750089E+02  0.00000000000000000E+00  2.42326704271889624E-64  0.00000000000000000E+00  2.42326704271889624E-64  0.00000000000000000E+00
  1.8002181E+02  0.00000000000000000E+00  2.94416016181990524E-65  0.00000000000000000E+00  2.94416016181990524E-65  0.00000000000000000E+00
  1.8257853E+02  0.00000000000000000E+00  3.46894818940582336E-66  0.00000000000000000E+00  3.46894818940582336E-66  0.00000000000000000E+00
  1.8517155E+02  0.00000000000000000E+00  3.96189040925020270E-67  0.00000000000000000E+00  3.96189040925020270E-67  0.00000000000000000E+00
  1.8780141E+02  0.00000000000000000E+00  4.38333388919957592E-68  0.00000000000000000E+00  4.38333388919957592E-68  0.00000000000000000E+00
  1.9046862E+02  0.00000000000000000E+00  4.70382371698487580E-69  0.00000000000000000E+00  4.70382371698487580E-69  0.00000000000000000E+00
  1.9317370E+02  0.00000000000000000E+00  4.97431305246554616E-70  0.00000000000000000E+00  4.97431305246554616E-70  0.00000000000000000E+00
  1.9591721E+02  0.00000000000000000E+00  5.09515980119721889E-71  0.00000000000000000E+00  5.09515980119721889E-71  0.00000000000000000E+00
  1.9869967E+02  0.00000000000000000E+00  5.05275591694031690E-72  0.00000000000000000E+00  5.05275591694031690E-72  0.00000000000000000E+00
  2.0152166E+02  0.00000000000000000E+00  4.84892025939655748E-73  0.00000000000000000E+00  4.84892025939655748E-73  0.00000000000000000E+00
