 #r   AErefrv      Krveff      Har    vxc    Unscreened  Ktvt
   0.0000000E+00  -8.0000000E+01   0.0000000E+00   0.0000000E+00  -0.0000000E+00   0.0000000E+00   0.0000000E+00   0.0000000E+00
   5.0071180E-06  -7.9998681E+01   0.0000000E+00   9.5159249E-05  -1.1296871E-05  -8.3862377E-05   0.0000000E+00   0.0000000E+00
   1.0085348E-05  -7.9997605E+01   0.0000000E+00   1.9166997E-04  -2.2754185E-05  -1.6891579E-04   0.0000000E+00   0.0000000E+00
   1.5235701E-05  -7.9997029E+01   0.0000000E+00   2.8955136E-04  -3.4374218E-05  -2.5517715E-04   0.0000000E+00   0.0000000E+00
   2.0459200E-05  -7.9996969E+01   0.0000000E+00   3.8882289E-04  -4.6159279E-05  -3.4266361E-04   0.0000000E+00   0.0000000E+00
   2.5756884E-05  -7.9997759E+01   0.0000000E+00   4.8950429E-04  -5.8111716E-05  -4.3139258E-04   0.0000000E+00   0.0000000E+00
   3.1129808E-05  -7.9999360E+01   0.0000000E+00   5.9161560E-04  -7.0233906E-05  -5.2138169E-04   0.0000000E+00   0.0000000E+00
   3.6579039E-05  -8.0001730E+01   0.0000000E+00   6.9517712E-04  -8.2528256E-05  -6.1264886E-04   0.0000000E+00   0.0000000E+00
   4.2105661E-05  -8.0004860E+01   0.0000000E+00   8.0020944E-04  -9.4997213E-05  -7.0521222E-04   0.0000000E+00   0.0000000E+00
   4.7710774E-05  -8.0008634E+01   0.0000000E+00   9.0673345E-04  -1.0764326E-04  -7.9909019E-04   0.0000000E+00   0.0000000E+00
   5.3395492E-05  -8.0012917E+01   0.0000000E+00   1.0147703E-03  -1.2046891E-04  -8.9430144E-04   0.0000000E+00   0.0000000E+00
   5.9160945E-05  -8.0017549E+01   0.0000000E+00   1.1243416E-03  -1.3347671E-04  -9.9086490E-04   0.0000000E+00   0.0000000E+00
   6.5008281E-05  -8.0022369E+01   0.0000000E+00   1.2354690E-03  -1.4666925E-04  -1.0887998E-03   0.0000000E+00   0.0000000E+00
   7.0938662E-05  -8.0027216E+01   0.0000000E+00   1.3481747E-03  -1.6004915E-04  -1.1881256E-03   0.0000000E+00   0.0000000E+00
   7.6953268E-05  -8.0031940E+01   0.0000000E+00   1.4624811E-03  -1.7361908E-04  -1.2888620E-03   0.0000000E+00   0.0000000E+00
   8.3053295E-05  -8.0036412E+01   0.0000000E+00   1.5784108E-03  -1.8738173E-04  -1.3910291E-03   0.0000000E+00   0.0000000E+00
   8.9239956E-05  -8.0040521E+01   0.0000000E+00   1.6959870E-03  -2.0133984E-04  -1.4946472E-03   0.0000000E+00   0.0000000E+00
   9.5514481E-05  -8.0044181E+01   0.0000000E+00   1.8152331E-03  -2.1549619E-04  -1.5997369E-03   0.0000000E+00   0.0000000E+00
   1.0187812E-04  -8.0047329E+01   0.0000000E+00   1.9361727E-03  -2.2985359E-04  -1.7063191E-03   0.0000000E+00   0.0000000E+00
   1.0833213E-04  -8.0049922E+01   0.0000000E+00   2.0588299E-03  -2.4441490E-04  -1.8144150E-03   0.0000000E+00   0.0000000E+00
   1.1487781E-04  -8.0051937E+01   0.0000000E+00   2.1832292E-03  -2.5918301E-04  -1.9240462E-03   0.0000000E+00   0.0000000E+00
   1.2151645E-04  -8.0053368E+01   0.0000000E+00   2.3093952E-03  -2.7416086E-04  -2.0352343E-03   0.0000000E+00   0.0000000E+00
   1.2824938E-04  -8.0054222E+01   0.0000000E+00   2.4373530E-03  -2.8935143E-04  -2.1480016E-03   0.0000000E+00   0.0000000E+00
   1.3507792E-04  -8.0054518E+01   0.0000000E+00   2.5671281E-03  -3.0475774E-04  -2.2623704E-03   0.0000000E+00   0.0000000E+00
   1.4200345E-04  -8.0054282E+01   0.0000000E+00   2.6987464E-03  -3.2038286E-04  -2.3783635E-03   0.0000000E+00   0.0000000E+00
   1.4902733E-04  -8.0053545E+01   0.0000000E+00   2.8322338E-03  -3.3622988E-04  -2.4960040E-03   0.0000000E+00   0.0000000E+00
   1.5615097E-04  -8.0052343E+01   0.0000000E+00   2.9676172E-03  -3.5230197E-04  -2.6153152E-03   0.0000000E+00   0.0000000E+00
   1.6337579E-04  -8.0050714E+01   0.0000000E+00   3.1049232E-03  -3.6860232E-04  -2.7363209E-03   0.0000000E+00   0.0000000E+00
   1.7070321E-04  -8.0048695E+01   0.0000000E+00   3.2441793E-03  -3.8513417E-04  -2.8590452E-03   0.0000000E+00   0.0000000E+00
   1.7813469E-04  -8.0046324E+01   0.0000000E+00   3.3854132E-03  -4.0190081E-04  -2.9835124E-03   0.0000000E+00   0.0000000E+00
   1.8567172E-04  -8.0043638E+01   0.0000000E+00   3.5286529E-03  -4.1890558E-04  -3.1097473E-03   0.0000000E+00   0.0000000E+00
   1.9331579E-04  -8.0040669E+01   0.0000000E+00   3.6739269E-03  -4.3615184E-04  -3.2377751E-03   0.0000000E+00   0.0000000E+00
   2.0106843E-04  -8.0037451E+01   0.0000000E+00   3.8212641E-03  -4.5364305E-04  -3.3676211E-03   0.0000000E+00   0.0000000E+00
   2.0893117E-04  -8.0034012E+01   0.0000000E+00   3.9706939E-03  -4.7138267E-04  -3.4993112E-03   0.0000000E+00   0.0000000E+00
   2.1690558E-04  -8.0030379E+01   0.0000000E+00   4.1222459E-03  -4.8937423E-04  -3.6328717E-03   0.0000000E+00   0.0000000E+00
   2.2499324E-04  -8.0026577E+01   0.0000000E+00   4.2759503E-03  -5.0762131E-04  -3.7683290E-03   0.0000000E+00   0.0000000E+00
   2.3319577E-04  -8.0022626E+01   0.0000000E+00   4.4318376E-03  -5.2612754E-04  -3.9057100E-03   0.0000000E+00   0.0000000E+00
   2.4151479E-04  -8.0018547E+01   0.0000000E+00   4.5899389E-03  -5.4489660E-04  -4.0450423E-03   0.0000000E+00   0.0000000E+00
   2.4995196E-04  -8.0014356E+01   0.0000000E+00   4.7502855E-03  -5.6393223E-04  -4.1863533E-03   0.0000000E+00   0.0000000E+00
   2.5850895E-04  -8.0010069E+01   0.0000000E+00   4.9129095E-03  -5.8323820E-04  -4.3296713E-03   0.0000000E+00   0.0000000E+00
   2.6718748E-04  -8.0005696E+01   0.0000000E+00   5.0778430E-03  -6.0281836E-04  -4.4750247E-03   0.0000000E+00   0.0000000E+00
   2.7598925E-04  -8.0001251E+01   0.0000000E+00   5.2451190E-03  -6.2267660E-04  -4.6224424E-03   0.0000000E+00   0.0000000E+00
   2.8491604E-04  -7.9996742E+01   0.0000000E+00   5.4147707E-03  -6.4281688E-04  -4.7719538E-03   0.0000000E+00   0.0000000E+00
   2.9396960E-04  -7.9992177E+01   0.0000000E+00   5.5868318E-03  -6.6324319E-04  -4.9235886E-03   0.0000000E+00   0.0000000E+00
   3.0315175E-04  -7.9987563E+01   0.0000000E+00   5.7613366E-03  -6.8395960E-04  -5.0773770E-03   0.0000000E+00   0.0000000E+00
   3.1246430E-04  -7.9982906E+01   0.0000000E+00   5.9383197E-03  -7.0497023E-04  -5.2333495E-03   0.0000000E+00   0.0000000E+00
   3.2190911E-04  -7.9978209E+01   0.0000000E+00   6.1178164E-03  -7.2627926E-04  -5.3915371E-03   0.0000000E+00   0.0000000E+00
   3.3148806E-04  -7.9973478E+01   0.0000000E+00   6.2998623E-03  -7.4789092E-04  -5.5519714E-03   0.0000000E+00   0.0000000E+00
   3.4120305E-04  -7.9968714E+01   0.0000000E+00   6.4844937E-03  -7.6980952E-04  -5.7146842E-03   0.0000000E+00   0.0000000E+00
   3.5105602E-04  -7.9963921E+01   0.0000000E+00   6.6717473E-03  -7.9203941E-04  -5.8797079E-03   0.0000000E+00   0.0000000E+00
   3.6104892E-04  -7.9959099E+01   0.0000000E+00   6.8616603E-03  -8.1458501E-04  -6.0470753E-03   0.0000000E+00   0.0000000E+00
   3.7118374E-04  -7.9954249E+01   0.0000000E+00   7.0542705E-03  -8.3745081E-04  -6.2168197E-03   0.0000000E+00   0.0000000E+00
   3.8146249E-04  -7.9949373E+01   0.0000000E+00   7.2496162E-03  -8.6064136E-04  -6.3889748E-03   0.0000000E+00   0.0000000E+00
   3.9188723E-04  -7.9944471E+01   0.0000000E+00   7.4477362E-03  -8.8416127E-04  -6.5635749E-03   0.0000000E+00   0.0000000E+00
   4.0246003E-04  -7.9939543E+01   0.0000000E+00   7.6486700E-03  -9.0801521E-04  -6.7406547E-03   0.0000000E+00   0.0000000E+00
   4.1318298E-04  -7.9934588E+01   0.0000000E+00   7.8524574E-03  -9.3220793E-04  -6.9202495E-03   0.0000000E+00   0.0000000E+00
   4.2405822E-04  -7.9929606E+01   0.0000000E+00   8.0591392E-03  -9.5674424E-04  -7.1023949E-03   0.0000000E+00   0.0000000E+00
   4.3508792E-04  -7.9924596E+01   0.0000000E+00   8.2687562E-03  -9.8162902E-04  -7.2871272E-03   0.0000000E+00   0.0000000E+00
   4.4627426E-04  -7.9919557E+01   0.0000000E+00   8.4813503E-03  -1.0068672E-03  -7.4744831E-03   0.0000000E+00   0.0000000E+00
   4.5761947E-04  -7.9914489E+01   0.0000000E+00   8.6969637E-03  -1.0324639E-03  -7.6644999E-03   0.0000000E+00   0.0000000E+00
   4.6912581E-04  -7.9909390E+01   0.0000000E+00   8.9156393E-03  -1.0584240E-03  -7.8572153E-03   0.0000000E+00   0.0000000E+00
   4.8079557E-04  -7.9904259E+01   0.0000000E+00   9.1374206E-03  -1.0847529E-03  -8.0526677E-03   0.0000000E+00   0.0000000E+00
   4.9263106E-04  -7.9899094E+01   0.0000000E+00   9.3623517E-03  -1.1114557E-03  -8.2508960E-03   0.0000000E+00   0.0000000E+00
   5.0463464E-04  -7.9893895E+01   0.0000000E+00   9.5904773E-03  -1.1385377E-03  -8.4519395E-03   0.0000000E+00   0.0000000E+00
   5.1680870E-04  -7.9888659E+01   0.0000000E+00   9.8218427E-03  -1.1660044E-03  -8.6558384E-03   0.0000000E+00   0.0000000E+00
   5.2915566E-04  -7.9883385E+01   0.0000000E+00   1.0056494E-02  -1.1938611E-03  -8.8626330E-03   0.0000000E+00   0.0000000E+00
   5.4167797E-04  -7.9878071E+01   0.0000000E+00   1.0294478E-02  -1.2221135E-03  -9.0723646E-03   0.0000000E+00   0.0000000E+00
   5.5437813E-04  -7.9872717E+01   0.0000000E+00   1.0535842E-02  -1.2507671E-03  -9.2850749E-03   0.0000000E+00   0.0000000E+00
   5.6725866E-04  -7.9867320E+01   0.0000000E+00   1.0780634E-02  -1.2798277E-03  -9.5008061E-03   0.0000000E+00   0.0000000E+00
   5.8032212E-04  -7.9861879E+01   0.0000000E+00   1.1028902E-02  -1.3093010E-03  -9.7196012E-03   0.0000000E+00   0.0000000E+00
   5.9357112E-04  -7.9856392E+01   0.0000000E+00   1.1280696E-02  -1.3391928E-03  -9.9415036E-03   0.0000000E+00   0.0000000E+00
   6.0700827E-04  -7.9850858E+01   0.0000000E+00   1.1536067E-02  -1.3695092E-03  -1.0166558E-02   0.0000000E+00   0.0000000E+00
   6.2063627E-04  -7.9845274E+01   0.0000000E+00   1.1795064E-02  -1.4002562E-03  -1.0394808E-02   0.0000000E+00   0.0000000E+00
   6.3445781E-04  -7.9839640E+01   0.0000000E+00   1.2057740E-02  -1.4314399E-03  -1.0626300E-02   0.0000000E+00   0.0000000E+00
   6.4847565E-04  -7.9833953E+01   0.0000000E+00   1.2324146E-02  -1.4630664E-03  -1.0861079E-02   0.0000000E+00   0.0000000E+00
   6.6269258E-04  -7.9828212E+01   0.0000000E+00   1.2594335E-02  -1.4951421E-03  -1.1099193E-02   0.0000000E+00   0.0000000E+00
   6.7711141E-04  -7.9822416E+01   0.0000000E+00   1.2868362E-02  -1.5276733E-03  -1.1340689E-02   0.0000000E+00   0.0000000E+00
   6.9173503E-04  -7.9816561E+01   0.0000000E+00   1.3146281E-02  -1.5606665E-03  -1.1585615E-02   0.0000000E+00   0.0000000E+00
   7.0656634E-04  -7.9810648E+01   0.0000000E+00   1.3428147E-02  -1.5941284E-03  -1.1834019E-02   0.0000000E+00   0.0000000E+00
   7.2160828E-04  -7.9804674E+01   0.0000000E+00   1.3714016E-02  -1.6280654E-03  -1.2085950E-02   0.0000000E+00   0.0000000E+00
   7.3686385E-04  -7.9798638E+01   0.0000000E+00   1.4003945E-02  -1.6624845E-03  -1.2341460E-02   0.0000000E+00   0.0000000E+00
   7.5233609E-04  -7.9792538E+01   0.0000000E+00   1.4297991E-02  -1.6973923E-03  -1.2600599E-02   0.0000000E+00   0.0000000E+00
   7.6802806E-04  -7.9786372E+01   0.0000000E+00   1.4596214E-02  -1.7327960E-03  -1.2863418E-02   0.0000000E+00   0.0000000E+00
   7.8394290E-04  -7.9780139E+01   0.0000000E+00   1.4898672E-02  -1.7687024E-03  -1.3129970E-02   0.0000000E+00   0.0000000E+00
   8.0008376E-04  -7.9773837E+01   0.0000000E+00   1.5205426E-02  -1.8051188E-03  -1.3400307E-02   0.0000000E+00   0.0000000E+00
   8.1645386E-04  -7.9767464E+01   0.0000000E+00   1.5516536E-02  -1.8420524E-03  -1.3674484E-02   0.0000000E+00   0.0000000E+00
   8.3305645E-04  -7.9761019E+01   0.0000000E+00   1.5832065E-02  -1.8795106E-03  -1.3952554E-02   0.0000000E+00   0.0000000E+00
   8.4989484E-04  -7.9754500E+01   0.0000000E+00   1.6152075E-02  -1.9175007E-03  -1.4234574E-02   0.0000000E+00   0.0000000E+00
   8.6697237E-04  -7.9747905E+01   0.0000000E+00   1.6476630E-02  -1.9560304E-03  -1.4520599E-02   0.0000000E+00   0.0000000E+00
   8.8429244E-04  -7.9741233E+01   0.0000000E+00   1.6805794E-02  -1.9951072E-03  -1.4810687E-02   0.0000000E+00   0.0000000E+00
   9.0185849E-04  -7.9734482E+01   0.0000000E+00   1.7139633E-02  -2.0347391E-03  -1.5104894E-02   0.0000000E+00   0.0000000E+00
   9.1967402E-04  -7.9727651E+01   0.0000000E+00   1.7478213E-02  -2.0749338E-03  -1.5403280E-02   0.0000000E+00   0.0000000E+00
   9.3774256E-04  -7.9720737E+01   0.0000000E+00   1.7821602E-02  -2.1156994E-03  -1.5705903E-02   0.0000000E+00   0.0000000E+00
   9.5606773E-04  -7.9713740E+01   0.0000000E+00   1.8169868E-02  -2.1570439E-03  -1.6012824E-02   0.0000000E+00   0.0000000E+00
   9.7465315E-04  -7.9706657E+01   0.0000000E+00   1.8523080E-02  -2.1989756E-03  -1.6324104E-02   0.0000000E+00   0.0000000E+00
   9.9350253E-04  -7.9699486E+01   0.0000000E+00   1.8881308E-02  -2.2415029E-03  -1.6639806E-02   0.0000000E+00   0.0000000E+00
   1.0126196E-03  -7.9692227E+01   0.0000000E+00   1.9244624E-02  -2.2846341E-03  -1.6959990E-02   0.0000000E+00   0.0000000E+00
   1.0320082E-03  -7.9684877E+01   0.0000000E+00   1.9613100E-02  -2.3283779E-03  -1.7284722E-02   0.0000000E+00   0.0000000E+00
   1.0516721E-03  -7.9677434E+01   0.0000000E+00   1.9986809E-02  -2.3727429E-03  -1.7614066E-02   0.0000000E+00   0.0000000E+00
   1.0716154E-03  -7.9669898E+01   0.0000000E+00   2.0365826E-02  -2.4177380E-03  -1.7948088E-02   0.0000000E+00   0.0000000E+00
   1.0918418E-03  -7.9662265E+01   0.0000000E+00   2.0750225E-02  -2.4633722E-03  -1.8286853E-02   0.0000000E+00   0.0000000E+00
   1.1123555E-03  -7.9654535E+01   0.0000000E+00   2.1140084E-02  -2.5096544E-03  -1.8630430E-02   0.0000000E+00   0.0000000E+00
   1.1331606E-03  -7.9646706E+01   0.0000000E+00   2.1535480E-02  -2.5565940E-03  -1.8978886E-02   0.0000000E+00   0.0000000E+00
   1.1542611E-03  -7.9638775E+01   0.0000000E+00   2.1936491E-02  -2.6042002E-03  -1.9332291E-02   0.0000000E+00   0.0000000E+00
   1.1756613E-03  -7.9630741E+01   0.0000000E+00   2.2343197E-02  -2.6524825E-03  -1.9690715E-02   0.0000000E+00   0.0000000E+00
   1.1973655E-03  -7.9622603E+01   0.0000000E+00   2.2755680E-02  -2.7014506E-03  -2.0054229E-02   0.0000000E+00   0.0000000E+00
   1.2193779E-03  -7.9614358E+01   0.0000000E+00   2.3174020E-02  -2.7511141E-03  -2.0422906E-02   0.0000000E+00   0.0000000E+00
   1.2417029E-03  -7.9606005E+01   0.0000000E+00   2.3598302E-02  -2.8014829E-03  -2.0796819E-02   0.0000000E+00   0.0000000E+00
   1.2643450E-03  -7.9597541E+01   0.0000000E+00   2.4028610E-02  -2.8525671E-03  -2.1176043E-02   0.0000000E+00   0.0000000E+00
   1.2873086E-03  -7.9588965E+01   0.0000000E+00   2.4465029E-02  -2.9043768E-03  -2.1560652E-02   0.0000000E+00   0.0000000E+00
   1.3105984E-03  -7.9580276E+01   0.0000000E+00   2.4907646E-02  -2.9569223E-03  -2.1950724E-02   0.0000000E+00   0.0000000E+00
   1.3342189E-03  -7.9571470E+01   0.0000000E+00   2.5356550E-02  -3.0102141E-03  -2.2346336E-02   0.0000000E+00   0.0000000E+00
   1.3581750E-03  -7.9562547E+01   0.0000000E+00   2.5811829E-02  -3.0642627E-03  -2.2747566E-02   0.0000000E+00   0.0000000E+00
   1.3824712E-03  -7.9553504E+01   0.0000000E+00   2.6273573E-02  -3.1190789E-03  -2.3154494E-02   0.0000000E+00   0.0000000E+00
   1.4071125E-03  -7.9544339E+01   0.0000000E+00   2.6741876E-02  -3.1746737E-03  -2.3567202E-02   0.0000000E+00   0.0000000E+00
   1.4321038E-03  -7.9535050E+01   0.0000000E+00   2.7216829E-02  -3.2310580E-03  -2.3985771E-02   0.0000000E+00   0.0000000E+00
   1.4574500E-03  -7.9525636E+01   0.0000000E+00   2.7698528E-02  -3.2882431E-03  -2.4410285E-02   0.0000000E+00   0.0000000E+00
   1.4831562E-03  -7.9516094E+01   0.0000000E+00   2.8187068E-02  -3.3462403E-03  -2.4840828E-02   0.0000000E+00   0.0000000E+00
   1.5092274E-03  -7.9506423E+01   0.0000000E+00   2.8682547E-02  -3.4050613E-03  -2.5277485E-02   0.0000000E+00   0.0000000E+00
   1.5356689E-03  -7.9496619E+01   0.0000000E+00   2.9185062E-02  -3.4647176E-03  -2.5720344E-02   0.0000000E+00   0.0000000E+00
   1.5624860E-03  -7.9486682E+01   0.0000000E+00   2.9694714E-02  -3.5252212E-03  -2.6169493E-02   0.0000000E+00   0.0000000E+00
   1.5896839E-03  -7.9476609E+01   0.0000000E+00   3.0211604E-02  -3.5865841E-03  -2.6625020E-02   0.0000000E+00   0.0000000E+00
   1.6172681E-03  -7.9466398E+01   0.0000000E+00   3.0735835E-02  -3.6488184E-03  -2.7087017E-02   0.0000000E+00   0.0000000E+00
   1.6452441E-03  -7.9456046E+01   0.0000000E+00   3.1267512E-02  -3.7119366E-03  -2.7555575E-02   0.0000000E+00   0.0000000E+00
   1.6736173E-03  -7.9445552E+01   0.0000000E+00   3.1806739E-02  -3.7759513E-03  -2.8030788E-02   0.0000000E+00   0.0000000E+00
   1.7023936E-03  -7.9434913E+01   0.0000000E+00   3.2353625E-02  -3.8408751E-03  -2.8512750E-02   0.0000000E+00   0.0000000E+00
   1.7315785E-03  -7.9424128E+01   0.0000000E+00   3.2908278E-02  -3.9067209E-03  -2.9001557E-02   0.0000000E+00   0.0000000E+00
   1.7611779E-03  -7.9413193E+01   0.0000000E+00   3.3470808E-02  -3.9735019E-03  -2.9497306E-02   0.0000000E+00   0.0000000E+00
   1.7911977E-03  -7.9402107E+01   0.0000000E+00   3.4041327E-02  -4.0412313E-03  -3.0000095E-02   0.0000000E+00   0.0000000E+00
   1.8216438E-03  -7.9390867E+01   0.0000000E+00   3.4619948E-02  -4.1099227E-03  -3.0510026E-02   0.0000000E+00   0.0000000E+00
   1.8525224E-03  -7.9379471E+01   0.0000000E+00   3.5206788E-02  -4.1795896E-03  -3.1027198E-02   0.0000000E+00   0.0000000E+00
   1.8838394E-03  -7.9367916E+01   0.0000000E+00   3.5801961E-02  -4.2502459E-03  -3.1551716E-02   0.0000000E+00   0.0000000E+00
   1.9156013E-03  -7.9356201E+01   0.0000000E+00   3.6405588E-02  -4.3219057E-03  -3.2083682E-02   0.0000000E+00   0.0000000E+00
   1.9478142E-03  -7.9344322E+01   0.0000000E+00   3.7017787E-02  -4.3945833E-03  -3.2623204E-02   0.0000000E+00   0.0000000E+00
   1.9804847E-03  -7.9332278E+01   0.0000000E+00   3.7638681E-02  -4.4682930E-03  -3.3170388E-02   0.0000000E+00   0.0000000E+00
   2.0136191E-03  -7.9320066E+01   0.0000000E+00   3.8268393E-02  -4.5430496E-03  -3.3725344E-02   0.0000000E+00   0.0000000E+00
   2.0472241E-03  -7.9307682E+01   0.0000000E+00   3.8907049E-02  -4.6188678E-03  -3.4288181E-02   0.0000000E+00   0.0000000E+00
   2.0813064E-03  -7.9295126E+01   0.0000000E+00   3.9554774E-02  -4.6957629E-03  -3.4859011E-02   0.0000000E+00   0.0000000E+00
   2.1158728E-03  -7.9282393E+01   0.0000000E+00   4.0211699E-02  -4.7737500E-03  -3.5437949E-02   0.0000000E+00   0.0000000E+00
   2.1509300E-03  -7.9269483E+01   0.0000000E+00   4.0877953E-02  -4.8528447E-03  -3.6025109E-02   0.0000000E+00   0.0000000E+00
   2.1864852E-03  -7.9256391E+01   0.0000000E+00   4.1553670E-02  -4.9330627E-03  -3.6620607E-02   0.0000000E+00   0.0000000E+00
   2.2225453E-03  -7.9243115E+01   0.0000000E+00   4.2238983E-02  -5.0144200E-03  -3.7224563E-02   0.0000000E+00   0.0000000E+00
   2.2591175E-03  -7.9229653E+01   0.0000000E+00   4.2934030E-02  -5.0969328E-03  -3.7837097E-02   0.0000000E+00   0.0000000E+00
   2.2962091E-03  -7.9216001E+01   0.0000000E+00   4.3638947E-02  -5.1806174E-03  -3.8458330E-02   0.0000000E+00   0.0000000E+00
   2.3338276E-03  -7.9202158E+01   0.0000000E+00   4.4353876E-02  -5.2654905E-03  -3.9088385E-02   0.0000000E+00   0.0000000E+00
   2.3719803E-03  -7.9188119E+01   0.0000000E+00   4.5078958E-02  -5.3515690E-03  -3.9727389E-02   0.0000000E+00   0.0000000E+00
   2.4106748E-03  -7.9173883E+01   0.0000000E+00   4.5814338E-02  -5.4388700E-03  -4.0375468E-02   0.0000000E+00   0.0000000E+00
   2.4499189E-03  -7.9159447E+01   0.0000000E+00   4.6560162E-02  -5.5274109E-03  -4.1032751E-02   0.0000000E+00   0.0000000E+00
   2.4897204E-03  -7.9144807E+01   0.0000000E+00   4.7316578E-02  -5.6172092E-03  -4.1699369E-02   0.0000000E+00   0.0000000E+00
   2.5300871E-03  -7.9129960E+01   0.0000000E+00   4.8083737E-02  -5.7082829E-03  -4.2375454E-02   0.0000000E+00   0.0000000E+00
   2.5710271E-03  -7.9114905E+01   0.0000000E+00   4.8861792E-02  -5.8006500E-03  -4.3061142E-02   0.0000000E+00   0.0000000E+00
   2.6125486E-03  -7.9099636E+01   0.0000000E+00   4.9650896E-02  -5.8943289E-03  -4.3756567E-02   0.0000000E+00   0.0000000E+00
   2.6546598E-03  -7.9084152E+01   0.0000000E+00   5.0451207E-02  -5.9893383E-03  -4.4461869E-02   0.0000000E+00   0.0000000E+00
   2.6973690E-03  -7.9068450E+01   0.0000000E+00   5.1262885E-02  -6.0856970E-03  -4.5177188E-02   0.0000000E+00   0.0000000E+00
   2.7406848E-03  -7.9052526E+01   0.0000000E+00   5.2086090E-02  -6.1834242E-03  -4.5902666E-02   0.0000000E+00   0.0000000E+00
   2.7846158E-03  -7.9036376E+01   0.0000000E+00   5.2920986E-02  -6.2825393E-03  -4.6638447E-02   0.0000000E+00   0.0000000E+00
   2.8291707E-03  -7.9019999E+01   0.0000000E+00   5.3767740E-02  -6.3830621E-03  -4.7384678E-02   0.0000000E+00   0.0000000E+00
   2.8743583E-03  -7.9003390E+01   0.0000000E+00   5.4626519E-02  -6.4850125E-03  -4.8141506E-02   0.0000000E+00   0.0000000E+00
   2.9201878E-03  -7.8986547E+01   0.0000000E+00   5.5497495E-02  -6.5884108E-03  -4.8909084E-02   0.0000000E+00   0.0000000E+00
   2.9666681E-03  -7.8969465E+01   0.0000000E+00   5.6380840E-02  -6.6932776E-03  -4.9687563E-02   0.0000000E+00   0.0000000E+00
   3.0138086E-03  -7.8952142E+01   0.0000000E+00   5.7276731E-02  -6.7996338E-03  -5.0477097E-02   0.0000000E+00   0.0000000E+00
   3.0616185E-03  -7.8934574E+01   0.0000000E+00   5.8185345E-02  -6.9075004E-03  -5.1277845E-02   0.0000000E+00   0.0000000E+00
   3.1101075E-03  -7.8916758E+01   0.0000000E+00   5.9106864E-02  -7.0168990E-03  -5.2089965E-02   0.0000000E+00   0.0000000E+00
   3.1592851E-03  -7.8898689E+01   0.0000000E+00   6.0041470E-02  -7.1278512E-03  -5.2913619E-02   0.0000000E+00   0.0000000E+00
   3.2091611E-03  -7.8880366E+01   0.0000000E+00   6.0989349E-02  -7.2403792E-03  -5.3748970E-02   0.0000000E+00   0.0000000E+00
   3.2597455E-03  -7.8861783E+01   0.0000000E+00   6.1950691E-02  -7.3545054E-03  -5.4596185E-02   0.0000000E+00   0.0000000E+00
   3.3110483E-03  -7.8842937E+01   0.0000000E+00   6.2925685E-02  -7.4702524E-03  -5.5455433E-02   0.0000000E+00   0.0000000E+00
   3.3630798E-03  -7.8823826E+01   0.0000000E+00   6.3914526E-02  -7.5876432E-03  -5.6326883E-02   0.0000000E+00   0.0000000E+00
   3.4158501E-03  -7.8804444E+01   0.0000000E+00   6.4917411E-02  -7.7067012E-03  -5.7210710E-02   0.0000000E+00   0.0000000E+00
   3.4693700E-03  -7.8784788E+01   0.0000000E+00   6.5934539E-02  -7.8274501E-03  -5.8107089E-02   0.0000000E+00   0.0000000E+00
   3.5236499E-03  -7.8764855E+01   0.0000000E+00   6.6966112E-02  -7.9499139E-03  -5.9016199E-02   0.0000000E+00   0.0000000E+00
   3.5787008E-03  -7.8744640E+01   0.0000000E+00   6.8012336E-02  -8.0741169E-03  -5.9938219E-02   0.0000000E+00   0.0000000E+00
   3.6345335E-03  -7.8724140E+01   0.0000000E+00   6.9073418E-02  -8.2000839E-03  -6.0873334E-02   0.0000000E+00   0.0000000E+00
   3.6911591E-03  -7.8703350E+01   0.0000000E+00   7.0149570E-02  -8.3278398E-03  -6.1821730E-02   0.0000000E+00   0.0000000E+00
   3.7485889E-03  -7.8682267E+01   0.0000000E+00   7.1241005E-02  -8.4574102E-03  -6.2783595E-02   0.0000000E+00   0.0000000E+00
   3.8068344E-03  -7.8660887E+01   0.0000000E+00   7.2347941E-02  -8.5888207E-03  -6.3759121E-02   0.0000000E+00   0.0000000E+00
   3.8659071E-03  -7.8639205E+01   0.0000000E+00   7.3470598E-02  -8.7220976E-03  -6.4748500E-02   0.0000000E+00   0.0000000E+00
   3.9258188E-03  -7.8617217E+01   0.0000000E+00   7.4609199E-02  -8.8572672E-03  -6.5751931E-02   0.0000000E+00   0.0000000E+00
   3.9865813E-03  -7.8594920E+01   0.0000000E+00   7.5763970E-02  -8.9943565E-03  -6.6769613E-02   0.0000000E+00   0.0000000E+00
   4.0482068E-03  -7.8572308E+01   0.0000000E+00   7.6935141E-02  -9.1333928E-03  -6.7801748E-02   0.0000000E+00   0.0000000E+00
   4.1107075E-03  -7.8549378E+01   0.0000000E+00   7.8122945E-02  -9.2744036E-03  -6.8848541E-02   0.0000000E+00   0.0000000E+00
   4.1740959E-03  -7.8526126E+01   0.0000000E+00   7.9327618E-02  -9.4174171E-03  -6.9910201E-02   0.0000000E+00   0.0000000E+00
   4.2383845E-03  -7.8502546E+01   0.0000000E+00   8.0549400E-02  -9.5624617E-03  -7.0986939E-02   0.0000000E+00   0.0000000E+00
   4.3035862E-03  -7.8478635E+01   0.0000000E+00   8.1788534E-02  -9.7095662E-03  -7.2078968E-02   0.0000000E+00   0.0000000E+00
   4.3697139E-03  -7.8454388E+01   0.0000000E+00   8.3045266E-02  -9.8587599E-03  -7.3186506E-02   0.0000000E+00   0.0000000E+00
   4.4367807E-03  -7.8429800E+01   0.0000000E+00   8.4319846E-02  -1.0010072E-02  -7.4309773E-02   0.0000000E+00   0.0000000E+00
   4.5048001E-03  -7.8404867E+01   0.0000000E+00   8.5612527E-02  -1.0163534E-02  -7.5448993E-02   0.0000000E+00   0.0000000E+00
   4.5737854E-03  -7.8379585E+01   0.0000000E+00   8.6923567E-02  -1.0319175E-02  -7.6604393E-02   0.0000000E+00   0.0000000E+00
   4.6437506E-03  -7.8353948E+01   0.0000000E+00   8.8253227E-02  -1.0477026E-02  -7.7776201E-02   0.0000000E+00   0.0000000E+00
   4.7147093E-03  -7.8327953E+01   0.0000000E+00   8.9601770E-02  -1.0637119E-02  -7.8964651E-02   0.0000000E+00   0.0000000E+00
   4.7866759E-03  -7.8301593E+01   0.0000000E+00   9.0969465E-02  -1.0799486E-02  -8.0169979E-02   0.0000000E+00   0.0000000E+00
   4.8596645E-03  -7.8274865E+01   0.0000000E+00   9.2356584E-02  -1.0964159E-02  -8.1392425E-02   0.0000000E+00   0.0000000E+00
   4.9336898E-03  -7.8247763E+01   0.0000000E+00   9.3763402E-02  -1.1131170E-02  -8.2632232E-02   0.0000000E+00   0.0000000E+00
   5.0087663E-03  -7.8220282E+01   0.0000000E+00   9.5190201E-02  -1.1300554E-02  -8.3889647E-02   0.0000000E+00   0.0000000E+00
   5.0849092E-03  -7.8192419E+01   0.0000000E+00   9.6637262E-02  -1.1472342E-02  -8.5164919E-02   0.0000000E+00   0.0000000E+00
   5.1621334E-03  -7.8164166E+01   0.0000000E+00   9.8104874E-02  -1.1646571E-02  -8.6458303E-02   0.0000000E+00   0.0000000E+00
   5.2404543E-03  -7.8135521E+01   0.0000000E+00   9.9593329E-02  -1.1823274E-02  -8.7770055E-02   0.0000000E+00   0.0000000E+00
   5.3198877E-03  -7.8106476E+01   0.0000000E+00   1.0110292E-01  -1.2002486E-02  -8.9100437E-02   0.0000000E+00   0.0000000E+00
   5.4004491E-03  -7.8077028E+01   0.0000000E+00   1.0263396E-01  -1.2184244E-02  -9.0449712E-02   0.0000000E+00   0.0000000E+00
   5.4821547E-03  -7.8047171E+01   0.0000000E+00   1.0418673E-01  -1.2368583E-02  -9.1818149E-02   0.0000000E+00   0.0000000E+00
   5.5650207E-03  -7.8016899E+01   0.0000000E+00   1.0576156E-01  -1.2555540E-02  -9.3206021E-02   0.0000000E+00   0.0000000E+00
   5.6490636E-03  -7.7986208E+01   0.0000000E+00   1.0735876E-01  -1.2745152E-02  -9.4613603E-02   0.0000000E+00   0.0000000E+00
   5.7343000E-03  -7.7955092E+01   0.0000000E+00   1.0897863E-01  -1.2937457E-02  -9.6041175E-02   0.0000000E+00   0.0000000E+00
   5.8207471E-03  -7.7923546E+01   0.0000000E+00   1.1062151E-01  -1.3132493E-02  -9.7489021E-02   0.0000000E+00   0.0000000E+00
   5.9084218E-03  -7.7891563E+01   0.0000000E+00   1.1228773E-01  -1.3330299E-02  -9.8957430E-02   0.0000000E+00   0.0000000E+00
   5.9973418E-03  -7.7859139E+01   0.0000000E+00   1.1397761E-01  -1.3530914E-02  -1.0044669E-01   0.0000000E+00   0.0000000E+00
   6.0875246E-03  -7.7826269E+01   0.0000000E+00   1.1569148E-01  -1.3734378E-02  -1.0195710E-01   0.0000000E+00   0.0000000E+00
   6.1789882E-03  -7.7792945E+01   0.0000000E+00   1.1742970E-01  -1.3940732E-02  -1.0348897E-01   0.0000000E+00   0.0000000E+00
   6.2717508E-03  -7.7759164E+01   0.0000000E+00   1.1919260E-01  -1.4150016E-02  -1.0504258E-01   0.0000000E+00   0.0000000E+00
   6.3658308E-03  -7.7724918E+01   0.0000000E+00   1.2098054E-01  -1.4362272E-02  -1.0661827E-01   0.0000000E+00   0.0000000E+00
   6.4612470E-03  -7.7690203E+01   0.0000000E+00   1.2279387E-01  -1.4577543E-02  -1.0821632E-01   0.0000000E+00   0.0000000E+00
   6.5580183E-03  -7.7655012E+01   0.0000000E+00   1.2463295E-01  -1.4795871E-02  -1.0983708E-01   0.0000000E+00   0.0000000E+00
   6.6561639E-03  -7.7619339E+01   0.0000000E+00   1.2649815E-01  -1.5017300E-02  -1.1148085E-01   0.0000000E+00   0.0000000E+00
   6.7557035E-03  -7.7583180E+01   0.0000000E+00   1.2838984E-01  -1.5241874E-02  -1.1314796E-01   0.0000000E+00   0.0000000E+00
   6.8566567E-03  -7.7546527E+01   0.0000000E+00   1.3030839E-01  -1.5469636E-02  -1.1483876E-01   0.0000000E+00   0.0000000E+00
   6.9590437E-03  -7.7509375E+01   0.0000000E+00   1.3225419E-01  -1.5700634E-02  -1.1655356E-01   0.0000000E+00   0.0000000E+00
   7.0628849E-03  -7.7471717E+01   0.0000000E+00   1.3422763E-01  -1.5934912E-02  -1.1829271E-01   0.0000000E+00   0.0000000E+00
   7.1682008E-03  -7.7433549E+01   0.0000000E+00   1.3622909E-01  -1.6172517E-02  -1.2005657E-01   0.0000000E+00   0.0000000E+00
   7.2750124E-03  -7.7394862E+01   0.0000000E+00   1.3825897E-01  -1.6413496E-02  -1.2184547E-01   0.0000000E+00   0.0000000E+00
   7.3833410E-03  -7.7355652E+01   0.0000000E+00   1.4031768E-01  -1.6657898E-02  -1.2365978E-01   0.0000000E+00   0.0000000E+00
   7.4932081E-03  -7.7315912E+01   0.0000000E+00   1.4240563E-01  -1.6905771E-02  -1.2549986E-01   0.0000000E+00   0.0000000E+00
   7.6046355E-03  -7.7275636E+01   0.0000000E+00   1.4452323E-01  -1.7157163E-02  -1.2736606E-01   0.0000000E+00   0.0000000E+00
   7.7176455E-03  -7.7234817E+01   0.0000000E+00   1.4667090E-01  -1.7412126E-02  -1.2925877E-01   0.0000000E+00   0.0000000E+00
   7.8322605E-03  -7.7193449E+01   0.0000000E+00   1.4884907E-01  -1.7670710E-02  -1.3117836E-01   0.0000000E+00   0.0000000E+00
   7.9485033E-03  -7.7151526E+01   0.0000000E+00   1.5105818E-01  -1.7932966E-02  -1.3312521E-01   0.0000000E+00   0.0000000E+00
   8.0663969E-03  -7.7109041E+01   0.0000000E+00   1.5329865E-01  -1.8198947E-02  -1.3509971E-01   0.0000000E+00   0.0000000E+00
   8.1859649E-03  -7.7065988E+01   0.0000000E+00   1.5557095E-01  -1.8468705E-02  -1.3710224E-01   0.0000000E+00   0.0000000E+00
   8.3072311E-03  -7.7022360E+01   0.0000000E+00   1.5787551E-01  -1.8742294E-02  -1.3913322E-01   0.0000000E+00   0.0000000E+00
   8.4302195E-03  -7.6978150E+01   0.0000000E+00   1.6021281E-01  -1.9019768E-02  -1.4119304E-01   0.0000000E+00   0.0000000E+00
   8.5549546E-03  -7.6933353E+01   0.0000000E+00   1.6258329E-01  -1.9301182E-02  -1.4328211E-01   0.0000000E+00   0.0000000E+00
   8.6814613E-03  -7.6887961E+01   0.0000000E+00   1.6498744E-01  -1.9586594E-02  -1.4540085E-01   0.0000000E+00   0.0000000E+00
   8.8097646E-03  -7.6841968E+01   0.0000000E+00   1.6742573E-01  -1.9876058E-02  -1.4754967E-01   0.0000000E+00   0.0000000E+00
   8.9398901E-03  -7.6795367E+01   0.0000000E+00   1.6989865E-01  -2.0169633E-02  -1.4972901E-01   0.0000000E+00   0.0000000E+00
   9.0718637E-03  -7.6748151E+01   0.0000000E+00   1.7240668E-01  -2.0467378E-02  -1.5193930E-01   0.0000000E+00   0.0000000E+00
   9.2057116E-03  -7.6700313E+01   0.0000000E+00   1.7495033E-01  -2.0769350E-02  -1.5418098E-01   0.0000000E+00   0.0000000E+00
   9.3414604E-03  -7.6651847E+01   0.0000000E+00   1.7753011E-01  -2.1075611E-02  -1.5645450E-01   0.0000000E+00   0.0000000E+00
   9.4791372E-03  -7.6602746E+01   0.0000000E+00   1.8014652E-01  -2.1386222E-02  -1.5876030E-01   0.0000000E+00   0.0000000E+00
   9.6187693E-03  -7.6553003E+01   0.0000000E+00   1.8280008E-01  -2.1701243E-02  -1.6109884E-01   0.0000000E+00   0.0000000E+00
   9.7603845E-03  -7.6502610E+01   0.0000000E+00   1.8549133E-01  -2.2020738E-02  -1.6347059E-01   0.0000000E+00   0.0000000E+00
   9.9040109E-03  -7.6451561E+01   0.0000000E+00   1.8822080E-01  -2.2344770E-02  -1.6587603E-01   0.0000000E+00   0.0000000E+00
   1.0049677E-02  -7.6399850E+01   0.0000000E+00   1.9098903E-01  -2.2673404E-02  -1.6831562E-01   0.0000000E+00   0.0000000E+00
   1.0197412E-02  -7.6347468E+01   0.0000000E+00   1.9379657E-01  -2.3006705E-02  -1.7078986E-01   0.0000000E+00   0.0000000E+00
   1.0347245E-02  -7.6294408E+01   0.0000000E+00   1.9664397E-01  -2.3344739E-02  -1.7329924E-01   0.0000000E+00   0.0000000E+00
   1.0499207E-02  -7.6240665E+01   0.0000000E+00   1.9953182E-01  -2.3687574E-02  -1.7584424E-01   0.0000000E+00   0.0000000E+00
   1.0653326E-02  -7.6186230E+01   0.0000000E+00   2.0246067E-01  -2.4035277E-02  -1.7842539E-01   0.0000000E+00   0.0000000E+00
   1.0809634E-02  -7.6131096E+01   0.0000000E+00   2.0543112E-01  -2.4387917E-02  -1.8104320E-01   0.0000000E+00   0.0000000E+00
   1.0968162E-02  -7.6075257E+01   0.0000000E+00   2.0844374E-01  -2.4745566E-02  -1.8369818E-01   0.0000000E+00   0.0000000E+00
   1.1128942E-02  -7.6018704E+01   0.0000000E+00   2.1149915E-01  -2.5108293E-02  -1.8639086E-01   0.0000000E+00   0.0000000E+00
   1.1292005E-02  -7.5961432E+01   0.0000000E+00   2.1459795E-01  -2.5476172E-02  -1.8912177E-01   0.0000000E+00   0.0000000E+00
   1.1457384E-02  -7.5903431E+01   0.0000000E+00   2.1774075E-01  -2.5849274E-02  -1.9189147E-01   0.0000000E+00   0.0000000E+00
   1.1625111E-02  -7.5844696E+01   0.0000000E+00   2.2092818E-01  -2.6227675E-02  -1.9470050E-01   0.0000000E+00   0.0000000E+00
   1.1795221E-02  -7.5785219E+01   0.0000000E+00   2.2416087E-01  -2.6611450E-02  -1.9754942E-01   0.0000000E+00   0.0000000E+00
   1.1967747E-02  -7.5724992E+01   0.0000000E+00   2.2743947E-01  -2.7000674E-02  -2.0043879E-01   0.0000000E+00   0.0000000E+00
   1.2142723E-02  -7.5664009E+01   0.0000000E+00   2.3076462E-01  -2.7395426E-02  -2.0336920E-01   0.0000000E+00   0.0000000E+00
   1.2320184E-02  -7.5602261E+01   0.0000000E+00   2.3413699E-01  -2.7795783E-02  -2.0634121E-01   0.0000000E+00   0.0000000E+00
   1.2500165E-02  -7.5539741E+01   0.0000000E+00   2.3755725E-01  -2.8201825E-02  -2.0935543E-01   0.0000000E+00   0.0000000E+00
   1.2682703E-02  -7.5476442E+01   0.0000000E+00   2.4102608E-01  -2.8613634E-02  -2.1241245E-01   0.0000000E+00   0.0000000E+00
   1.2867833E-02  -7.5412357E+01   0.0000000E+00   2.4454417E-01  -2.9031290E-02  -2.1551288E-01   0.0000000E+00   0.0000000E+00
   1.3055592E-02  -7.5347477E+01   0.0000000E+00   2.4811221E-01  -2.9454877E-02  -2.1865733E-01   0.0000000E+00   0.0000000E+00
   1.3246017E-02  -7.5281796E+01   0.0000000E+00   2.5173092E-01  -2.9884480E-02  -2.2184644E-01   0.0000000E+00   0.0000000E+00
   1.3439148E-02  -7.5215305E+01   0.0000000E+00   2.5540101E-01  -3.0320182E-02  -2.2508083E-01   0.0000000E+00   0.0000000E+00
   1.3635021E-02  -7.5147998E+01   0.0000000E+00   2.5912322E-01  -3.0762072E-02  -2.2836115E-01   0.0000000E+00   0.0000000E+00
   1.3833676E-02  -7.5079866E+01   0.0000000E+00   2.6289828E-01  -3.1210236E-02  -2.3168805E-01   0.0000000E+00   0.0000000E+00
   1.4035152E-02  -7.5010902E+01   0.0000000E+00   2.6672695E-01  -3.1664765E-02  -2.3506218E-01   0.0000000E+00   0.0000000E+00
   1.4239490E-02  -7.4941099E+01   0.0000000E+00   2.7060998E-01  -3.2125748E-02  -2.3848423E-01   0.0000000E+00   0.0000000E+00
   1.4446730E-02  -7.4870448E+01   0.0000000E+00   2.7454815E-01  -3.2593276E-02  -2.4195487E-01   0.0000000E+00   0.0000000E+00
   1.4656913E-02  -7.4798942E+01   0.0000000E+00   2.7854224E-01  -3.3067444E-02  -2.4547479E-01   0.0000000E+00   0.0000000E+00
   1.4870081E-02  -7.4726574E+01   0.0000000E+00   2.8259304E-01  -3.3548345E-02  -2.4904469E-01   0.0000000E+00   0.0000000E+00
   1.5086276E-02  -7.4653335E+01   0.0000000E+00   2.8670136E-01  -3.4036074E-02  -2.5266528E-01   0.0000000E+00   0.0000000E+00
   1.5305542E-02  -7.4579218E+01   0.0000000E+00   2.9086801E-01  -3.4530729E-02  -2.5633728E-01   0.0000000E+00   0.0000000E+00
   1.5527922E-02  -7.4504214E+01   0.0000000E+00   2.9509383E-01  -3.5032407E-02  -2.6006142E-01   0.0000000E+00   0.0000000E+00
   1.5753461E-02  -7.4428317E+01   0.0000000E+00   2.9937964E-01  -3.5541210E-02  -2.6383843E-01   0.0000000E+00   0.0000000E+00
   1.5982202E-02  -7.4351518E+01   0.0000000E+00   3.0372631E-01  -3.6057236E-02  -2.6766908E-01   0.0000000E+00   0.0000000E+00
   1.6214193E-02  -7.4273810E+01   0.0000000E+00   3.0813470E-01  -3.6580591E-02  -2.7155411E-01   0.0000000E+00   0.0000000E+00
   1.6449478E-02  -7.4195184E+01   0.0000000E+00   3.1260569E-01  -3.7111376E-02  -2.7549431E-01   0.0000000E+00   0.0000000E+00
   1.6688104E-02  -7.4115632E+01   0.0000000E+00   3.1714015E-01  -3.7649698E-02  -2.7949045E-01   0.0000000E+00   0.0000000E+00
   1.6930120E-02  -7.4035147E+01   0.0000000E+00   3.2173899E-01  -3.8195664E-02  -2.8354333E-01   0.0000000E+00   0.0000000E+00
   1.7175572E-02  -7.3953720E+01   0.0000000E+00   3.2640314E-01  -3.8749382E-02  -2.8765375E-01   0.0000000E+00   0.0000000E+00
   1.7424511E-02  -7.3871344E+01   0.0000000E+00   3.3113350E-01  -3.9310961E-02  -2.9182254E-01   0.0000000E+00   0.0000000E+00
   1.7676985E-02  -7.3788010E+01   0.0000000E+00   3.3593102E-01  -3.9880515E-02  -2.9605051E-01   0.0000000E+00   0.0000000E+00
   1.7933045E-02  -7.3703711E+01   0.0000000E+00   3.4079667E-01  -4.0458156E-02  -3.0033851E-01   0.0000000E+00   0.0000000E+00
   1.8192742E-02  -7.3618437E+01   0.0000000E+00   3.4573139E-01  -4.1043998E-02  -3.0468739E-01   0.0000000E+00   0.0000000E+00
   1.8456127E-02  -7.3532182E+01   0.0000000E+00   3.5073617E-01  -4.1638158E-02  -3.0909801E-01   0.0000000E+00   0.0000000E+00
   1.8723252E-02  -7.3444936E+01   0.0000000E+00   3.5581201E-01  -4.2240755E-02  -3.1357126E-01   0.0000000E+00   0.0000000E+00
   1.8994171E-02  -7.3356691E+01   0.0000000E+00   3.6095992E-01  -4.2851907E-02  -3.1810801E-01   0.0000000E+00   0.0000000E+00
   1.9268938E-02  -7.3267439E+01   0.0000000E+00   3.6618091E-01  -4.3471736E-02  -3.2270917E-01   0.0000000E+00   0.0000000E+00
   1.9547607E-02  -7.3177172E+01   0.0000000E+00   3.7147602E-01  -4.4100366E-02  -3.2737565E-01   0.0000000E+00   0.0000000E+00
   1.9830234E-02  -7.3085881E+01   0.0000000E+00   3.7684631E-01  -4.4737921E-02  -3.3210839E-01   0.0000000E+00   0.0000000E+00
   2.0116875E-02  -7.2993557E+01   0.0000000E+00   3.8229284E-01  -4.5384528E-02  -3.3690831E-01   0.0000000E+00   0.0000000E+00
   2.0407587E-02  -7.2900193E+01   0.0000000E+00   3.8781669E-01  -4.6040315E-02  -3.4177637E-01   0.0000000E+00   0.0000000E+00
   2.0702428E-02  -7.2805779E+01   0.0000000E+00   3.9341896E-01  -4.6705412E-02  -3.4671355E-01   0.0000000E+00   0.0000000E+00
   2.1001456E-02  -7.2710307E+01   0.0000000E+00   3.9910076E-01  -4.7379952E-02  -3.5172081E-01   0.0000000E+00   0.0000000E+00
   2.1304730E-02  -7.2613769E+01   0.0000000E+00   4.0486323E-01  -4.8064069E-02  -3.5679916E-01   0.0000000E+00   0.0000000E+00
   2.1612312E-02  -7.2516155E+01   0.0000000E+00   4.1070749E-01  -4.8757898E-02  -3.6194960E-01   0.0000000E+00   0.0000000E+00
   2.1924263E-02  -7.2417456E+01   0.0000000E+00   4.1663473E-01  -4.9461577E-02  -3.6717315E-01   0.0000000E+00   0.0000000E+00
   2.2240644E-02  -7.2317664E+01   0.0000000E+00   4.2264610E-01  -5.0175246E-02  -3.7247085E-01   0.0000000E+00   0.0000000E+00
   2.2561518E-02  -7.2216770E+01   0.0000000E+00   4.2874281E-01  -5.0899047E-02  -3.7784376E-01   0.0000000E+00   0.0000000E+00
   2.2886949E-02  -7.2114765E+01   0.0000000E+00   4.3492606E-01  -5.1633124E-02  -3.8329293E-01   0.0000000E+00   0.0000000E+00
   2.3217002E-02  -7.2011639E+01   0.0000000E+00   4.4119708E-01  -5.2377621E-02  -3.8881946E-01   0.0000000E+00   0.0000000E+00
   2.3551742E-02  -7.1907385E+01   0.0000000E+00   4.4755712E-01  -5.3132687E-02  -3.9442443E-01   0.0000000E+00   0.0000000E+00
   2.3891237E-02  -7.1801991E+01   0.0000000E+00   4.5400744E-01  -5.3898473E-02  -4.0010897E-01   0.0000000E+00   0.0000000E+00
   2.4235553E-02  -7.1695450E+01   0.0000000E+00   4.6054932E-01  -5.4675129E-02  -4.0587419E-01   0.0000000E+00   0.0000000E+00
   2.4584759E-02  -7.1587752E+01   0.0000000E+00   4.6718405E-01  -5.5462810E-02  -4.1172124E-01   0.0000000E+00   0.0000000E+00
   2.4938925E-02  -7.1478888E+01   0.0000000E+00   4.7391296E-01  -5.6261672E-02  -4.1765129E-01   0.0000000E+00   0.0000000E+00
   2.5298121E-02  -7.1368847E+01   0.0000000E+00   4.8073738E-01  -5.7071874E-02  -4.2366550E-01   0.0000000E+00   0.0000000E+00
   2.5662418E-02  -7.1257622E+01   0.0000000E+00   4.8765865E-01  -5.7893578E-02  -4.2976508E-01   0.0000000E+00   0.0000000E+00
   2.6031889E-02  -7.1145201E+01   0.0000000E+00   4.9467817E-01  -5.8726945E-02  -4.3595122E-01   0.0000000E+00   0.0000000E+00
   2.6406607E-02  -7.1031576E+01   0.0000000E+00   5.0179731E-01  -5.9572141E-02  -4.4222517E-01   0.0000000E+00   0.0000000E+00
   2.6786647E-02  -7.0916737E+01   0.0000000E+00   5.0901749E-01  -6.0429334E-02  -4.4858816E-01   0.0000000E+00   0.0000000E+00
   2.7172085E-02  -7.0800675E+01   0.0000000E+00   5.1634015E-01  -6.1298694E-02  -4.5504145E-01   0.0000000E+00   0.0000000E+00
   2.7562996E-02  -7.0683379E+01   0.0000000E+00   5.2376672E-01  -6.2180394E-02  -4.6158633E-01   0.0000000E+00   0.0000000E+00
   2.7959460E-02  -7.0564840E+01   0.0000000E+00   5.3129870E-01  -6.3074608E-02  -4.6822409E-01   0.0000000E+00   0.0000000E+00
   2.8361554E-02  -7.0445047E+01   0.0000000E+00   5.3893757E-01  -6.3981514E-02  -4.7495605E-01   0.0000000E+00   0.0000000E+00
   2.8769359E-02  -7.0323992E+01   0.0000000E+00   5.4668484E-01  -6.4901292E-02  -4.8178355E-01   0.0000000E+00   0.0000000E+00
   2.9182955E-02  -7.0201665E+01   0.0000000E+00   5.5454205E-01  -6.5834123E-02  -4.8870793E-01   0.0000000E+00   0.0000000E+00
   2.9602426E-02  -7.0078055E+01   0.0000000E+00   5.6251076E-01  -6.6780195E-02  -4.9573057E-01   0.0000000E+00   0.0000000E+00
   3.0027853E-02  -6.9953152E+01   0.0000000E+00   5.7059255E-01  -6.7739693E-02  -5.0285286E-01   0.0000000E+00   0.0000000E+00
   3.0459323E-02  -6.9826947E+01   0.0000000E+00   5.7878903E-01  -6.8712808E-02  -5.1007622E-01   0.0000000E+00   0.0000000E+00
   3.0896921E-02  -6.9699430E+01   0.0000000E+00   5.8710180E-01  -6.9699733E-02  -5.1740207E-01   0.0000000E+00   0.0000000E+00
   3.1340734E-02  -6.9570591E+01   0.0000000E+00   5.9553253E-01  -7.0700664E-02  -5.2483186E-01   0.0000000E+00   0.0000000E+00
   3.1790849E-02  -6.9440420E+01   0.0000000E+00   6.0408288E-01  -7.1715799E-02  -5.3236708E-01   0.0000000E+00   0.0000000E+00
   3.2247358E-02  -6.9308908E+01   0.0000000E+00   6.1275455E-01  -7.2745340E-02  -5.4000921E-01   0.0000000E+00   0.0000000E+00
   3.2710350E-02  -6.9176043E+01   0.0000000E+00   6.2154925E-01  -7.3789490E-02  -5.4775976E-01   0.0000000E+00   0.0000000E+00
   3.3179917E-02  -6.9041818E+01   0.0000000E+00   6.3046872E-01  -7.4848457E-02  -5.5562027E-01   0.0000000E+00   0.0000000E+00
   3.3656153E-02  -6.8906221E+01   0.0000000E+00   6.3951474E-01  -7.5922450E-02  -5.6359229E-01   0.0000000E+00   0.0000000E+00
   3.4139153E-02  -6.8769244E+01   0.0000000E+00   6.4868910E-01  -7.7011683E-02  -5.7167742E-01   0.0000000E+00   0.0000000E+00
   3.4629013E-02  -6.8630876E+01   0.0000000E+00   6.5799361E-01  -7.8116370E-02  -5.7987724E-01   0.0000000E+00   0.0000000E+00
   3.5125829E-02  -6.8491108E+01   0.0000000E+00   6.6743010E-01  -7.9236732E-02  -5.8819337E-01   0.0000000E+00   0.0000000E+00
   3.5629702E-02  -6.8349931E+01   0.0000000E+00   6.7700047E-01  -8.0372989E-02  -5.9662748E-01   0.0000000E+00   0.0000000E+00
   3.6140731E-02  -6.8207336E+01   0.0000000E+00   6.8670658E-01  -8.1525367E-02  -6.0518121E-01   0.0000000E+00   0.0000000E+00
   3.6659017E-02  -6.8063314E+01   0.0000000E+00   6.9655037E-01  -8.2694094E-02  -6.1385628E-01   0.0000000E+00   0.0000000E+00
   3.7184664E-02  -6.7917855E+01   0.0000000E+00   7.0653379E-01  -8.3879402E-02  -6.2265439E-01   0.0000000E+00   0.0000000E+00
   3.7717777E-02  -6.7770951E+01   0.0000000E+00   7.1665880E-01  -8.5081525E-02  -6.3157728E-01   0.0000000E+00   0.0000000E+00
   3.8258461E-02  -6.7622593E+01   0.0000000E+00   7.2692742E-01  -8.6300702E-02  -6.4062672E-01   0.0000000E+00   0.0000000E+00
   3.8806824E-02  -6.7472774E+01   0.0000000E+00   7.3734167E-01  -8.7537173E-02  -6.4980450E-01   0.0000000E+00   0.0000000E+00
   3.9362975E-02  -6.7321485E+01   0.0000000E+00   7.4790362E-01  -8.8791184E-02  -6.5911243E-01   0.0000000E+00   0.0000000E+00
   3.9927025E-02  -6.7168719E+01   0.0000000E+00   7.5861534E-01  -9.0062982E-02  -6.6855236E-01   0.0000000E+00   0.0000000E+00
   4.0499085E-02  -6.7014469E+01   0.0000000E+00   7.6947897E-01  -9.1352819E-02  -6.7812615E-01   0.0000000E+00   0.0000000E+00
   4.1079270E-02  -6.6858729E+01   0.0000000E+00   7.8049663E-01  -9.2660951E-02  -6.8783568E-01   0.0000000E+00   0.0000000E+00
   4.1667695E-02  -6.6701493E+01   0.0000000E+00   7.9167053E-01  -9.3987636E-02  -6.9768289E-01   0.0000000E+00   0.0000000E+00
   4.2264476E-02  -6.6542755E+01   0.0000000E+00   8.0300285E-01  -9.5333137E-02  -7.0766971E-01   0.0000000E+00   0.0000000E+00
   4.2869734E-02  -6.6382511E+01   0.0000000E+00   8.1449584E-01  -9.6697719E-02  -7.1779812E-01   0.0000000E+00   0.0000000E+00
   4.3483587E-02  -6.6220758E+01   0.0000000E+00   8.2615178E-01  -9.8081653E-02  -7.2807012E-01   0.0000000E+00   0.0000000E+00
   4.4106158E-02  -6.6057493E+01   0.0000000E+00   8.3797295E-01  -9.9485212E-02  -7.3848774E-01   0.0000000E+00   0.0000000E+00
   4.4737572E-02  -6.5892716E+01   0.0000000E+00   8.4996170E-01  -1.0090867E-01  -7.4905302E-01   0.0000000E+00   0.0000000E+00
   4.5377953E-02  -6.5726425E+01   0.0000000E+00   8.6212039E-01  -1.0235232E-01  -7.5976807E-01   0.0000000E+00   0.0000000E+00
   4.6027428E-02  -6.5558621E+01   0.0000000E+00   8.7445142E-01  -1.0381643E-01  -7.7063499E-01   0.0000000E+00   0.0000000E+00
   4.6686128E-02  -6.5389309E+01   0.0000000E+00   8.8695722E-01  -1.0530131E-01  -7.8165592E-01   0.0000000E+00   0.0000000E+00
   4.7354183E-02  -6.5218490E+01   0.0000000E+00   8.9964027E-01  -1.0680723E-01  -7.9283304E-01   0.0000000E+00   0.0000000E+00
   4.8031725E-02  -6.5046172E+01   0.0000000E+00   9.1250306E-01  -1.0833450E-01  -8.0416855E-01   0.0000000E+00   0.0000000E+00
   4.8718891E-02  -6.4872361E+01   0.0000000E+00   9.2554812E-01  -1.0988343E-01  -8.1566469E-01   0.0000000E+00   0.0000000E+00
   4.9415815E-02  -6.4697066E+01   0.0000000E+00   9.3877804E-01  -1.1145431E-01  -8.2732373E-01   0.0000000E+00   0.0000000E+00
   5.0122637E-02  -6.4520297E+01   0.0000000E+00   9.5219541E-01  -1.1304745E-01  -8.3914795E-01   0.0000000E+00   0.0000000E+00
   5.0839498E-02  -6.4342065E+01   0.0000000E+00   9.6580288E-01  -1.1466318E-01  -8.5113970E-01   0.0000000E+00   0.0000000E+00
   5.1566540E-02  -6.4162384E+01   0.0000000E+00   9.7960313E-01  -1.1630180E-01  -8.6330132E-01   0.0000000E+00   0.0000000E+00
   5.2303908E-02  -6.3981267E+01   0.0000000E+00   9.9359887E-01  -1.1796365E-01  -8.7563522E-01   0.0000000E+00   0.0000000E+00
   5.3051747E-02  -6.3798728E+01   0.0000000E+00   1.0077929E+00  -1.1964905E-01  -8.8814382E-01   0.0000000E+00   0.0000000E+00
   5.3810208E-02  -6.3614783E+01   0.0000000E+00   1.0221879E+00  -1.2135833E-01  -9.0082958E-01   0.0000000E+00   0.0000000E+00
   5.4579441E-02  -6.3429446E+01   0.0000000E+00   1.0367868E+00  -1.2309183E-01  -9.1369500E-01   0.0000000E+00   0.0000000E+00
   5.5359598E-02  -6.3242732E+01   0.0000000E+00   1.0515925E+00  -1.2484989E-01  -9.2674261E-01   0.0000000E+00   0.0000000E+00
   5.6150836E-02  -6.3054656E+01   0.0000000E+00   1.0666078E+00  -1.2663285E-01  -9.3997497E-01   0.0000000E+00   0.0000000E+00
   5.6953310E-02  -6.2865230E+01   0.0000000E+00   1.0818358E+00  -1.2844108E-01  -9.5339468E-01   0.0000000E+00   0.0000000E+00
   5.7767182E-02  -6.2674466E+01   0.0000000E+00   1.0972793E+00  -1.3027492E-01  -9.6700438E-01   0.0000000E+00   0.0000000E+00
   5.8592613E-02  -6.2482372E+01   0.0000000E+00   1.1129415E+00  -1.3213473E-01  -9.8080674E-01   0.0000000E+00   0.0000000E+00
   5.9429766E-02  -6.2288956E+01   0.0000000E+00   1.1288253E+00  -1.3402088E-01  -9.9480447E-01   0.0000000E+00   0.0000000E+00
   6.0278809E-02  -6.2094223E+01   0.0000000E+00   1.1449341E+00  -1.3593375E-01  -1.0090003E+00   0.0000000E+00   0.0000000E+00
   6.1139910E-02  -6.1898174E+01   0.0000000E+00   1.1612707E+00  -1.3787370E-01  -1.0233970E+00   0.0000000E+00   0.0000000E+00
   6.2013241E-02  -6.1700807E+01   0.0000000E+00   1.1778386E+00  -1.3984112E-01  -1.0379975E+00   0.0000000E+00   0.0000000E+00
   6.2898975E-02  -6.1502116E+01   0.0000000E+00   1.1946409E+00  -1.4183639E-01  -1.0528046E+00   0.0000000E+00   0.0000000E+00
   6.3797289E-02  -6.1302094E+01   0.0000000E+00   1.2116810E+00  -1.4385992E-01  -1.0678211E+00   0.0000000E+00   0.0000000E+00
   6.4708360E-02  -6.1100727E+01   0.0000000E+00   1.2289621E+00  -1.4591208E-01  -1.0830500E+00   0.0000000E+00   0.0000000E+00
   6.5632371E-02  -6.0898001E+01   0.0000000E+00   1.2464877E+00  -1.4799330E-01  -1.0984944E+00   0.0000000E+00   0.0000000E+00
   6.6569505E-02  -6.0693896E+01   0.0000000E+00   1.2642611E+00  -1.5010397E-01  -1.1141572E+00   0.0000000E+00   0.0000000E+00
   6.7519948E-02  -6.0488391E+01   0.0000000E+00   1.2822859E+00  -1.5224450E-01  -1.1300414E+00   0.0000000E+00   0.0000000E+00
   6.8483890E-02  -6.0281461E+01   0.0000000E+00   1.3005656E+00  -1.5441533E-01  -1.1461503E+00   0.0000000E+00   0.0000000E+00
   6.9461521E-02  -6.0073081E+01   0.0000000E+00   1.3191037E+00  -1.5661687E-01  -1.1624869E+00   0.0000000E+00   0.0000000E+00
   7.0453038E-02  -5.9863223E+01   0.0000000E+00   1.3379039E+00  -1.5884956E-01  -1.1790544E+00   0.0000000E+00   0.0000000E+00
   7.1458636E-02  -5.9651858E+01   0.0000000E+00   1.3569699E+00  -1.6111382E-01  -1.1958560E+00   0.0000000E+00   0.0000000E+00
   7.2478516E-02  -5.9438958E+01   0.0000000E+00   1.3763053E+00  -1.6341011E-01  -1.2128951E+00   0.0000000E+00   0.0000000E+00
   7.3512880E-02  -5.9224496E+01   0.0000000E+00   1.3959139E+00  -1.6573888E-01  -1.2301750E+00   0.0000000E+00   0.0000000E+00
   7.4561935E-02  -5.9008446E+01   0.0000000E+00   1.4157996E+00  -1.6810057E-01  -1.2476990E+00   0.0000000E+00   0.0000000E+00
   7.5625888E-02  -5.8790783E+01   0.0000000E+00   1.4359662E+00  -1.7049566E-01  -1.2654705E+00   0.0000000E+00   0.0000000E+00
   7.6704952E-02  -5.8571486E+01   0.0000000E+00   1.4564176E+00  -1.7292460E-01  -1.2834930E+00   0.0000000E+00   0.0000000E+00
   7.7799342E-02  -5.8350535E+01   0.0000000E+00   1.4771579E+00  -1.7538788E-01  -1.3017700E+00   0.0000000E+00   0.0000000E+00
   7.8909274E-02  -5.8127913E+01   0.0000000E+00   1.4981910E+00  -1.7788596E-01  -1.3203051E+00   0.0000000E+00   0.0000000E+00
   8.0034969E-02  -5.7903608E+01   0.0000000E+00   1.5195211E+00  -1.8041935E-01  -1.3391017E+00   0.0000000E+00   0.0000000E+00
   8.1176652E-02  -5.7677607E+01   0.0000000E+00   1.5411522E+00  -1.8298853E-01  -1.3581637E+00   0.0000000E+00   0.0000000E+00
   8.2334550E-02  -5.7449903E+01   0.0000000E+00   1.5630887E+00  -1.8559400E-01  -1.3774947E+00   0.0000000E+00   0.0000000E+00
   8.3508892E-02  -5.7220490E+01   0.0000000E+00   1.5853346E+00  -1.8823628E-01  -1.3970984E+00   0.0000000E+00   0.0000000E+00
   8.4699912E-02  -5.6989364E+01   0.0000000E+00   1.6078944E+00  -1.9091586E-01  -1.4169786E+00   0.0000000E+00   0.0000000E+00
   8.5907848E-02  -5.6756525E+01   0.0000000E+00   1.6307724E+00  -1.9363328E-01  -1.4371392E+00   0.0000000E+00   0.0000000E+00
   8.7132939E-02  -5.6521973E+01   0.0000000E+00   1.6539731E+00  -1.9638907E-01  -1.4575840E+00   0.0000000E+00   0.0000000E+00
   8.8375429E-02  -5.6285710E+01   0.0000000E+00   1.6775008E+00  -1.9918375E-01  -1.4783171E+00   0.0000000E+00   0.0000000E+00
   8.9635565E-02  -5.6047739E+01   0.0000000E+00   1.7013602E+00  -2.0201786E-01  -1.4993424E+00   0.0000000E+00   0.0000000E+00
   9.0913598E-02  -5.5808067E+01   0.0000000E+00   1.7255559E+00  -2.0489197E-01  -1.5206639E+00   0.0000000E+00   0.0000000E+00
   9.2209782E-02  -5.5566699E+01   0.0000000E+00   1.7500924E+00  -2.0780662E-01  -1.5422858E+00   0.0000000E+00   0.0000000E+00
   9.3524374E-02  -5.5323644E+01   0.0000000E+00   1.7749747E+00  -2.1076237E-01  -1.5642123E+00   0.0000000E+00   0.0000000E+00
   9.4857637E-02  -5.5078910E+01   0.0000000E+00   1.8002073E+00  -2.1375981E-01  -1.5864475E+00   0.0000000E+00   0.0000000E+00
   9.6209835E-02  -5.4832507E+01   0.0000000E+00   1.8257952E+00  -2.1679950E-01  -1.6089957E+00   0.0000000E+00   0.0000000E+00
   9.7581238E-02  -5.4584445E+01   0.0000000E+00   1.8517434E+00  -2.1988204E-01  -1.6318613E+00   0.0000000E+00   0.0000000E+00
   9.8972117E-02  -5.4334738E+01   0.0000000E+00   1.8780567E+00  -2.2300801E-01  -1.6550486E+00   0.0000000E+00   0.0000000E+00
   1.0038275E-01  -5.4083397E+01   0.0000000E+00   1.9047402E+00  -2.2617803E-01  -1.6785621E+00   0.0000000E+00   0.0000000E+00
   1.0181342E-01  -5.3830436E+01   0.0000000E+00   1.9317990E+00  -2.2939270E-01  -1.7024063E+00   0.0000000E+00   0.0000000E+00
   1.0326440E-01  -5.3575868E+01   0.0000000E+00   1.9592383E+00  -2.3265263E-01  -1.7265856E+00   0.0000000E+00   0.0000000E+00
   1.0473600E-01  -5.3319709E+01   0.0000000E+00   1.9870633E+00  -2.3595846E-01  -1.7511048E+00   0.0000000E+00   0.0000000E+00
   1.0622849E-01  -5.3061972E+01   0.0000000E+00   2.0152794E+00  -2.3931081E-01  -1.7759685E+00   0.0000000E+00   0.0000000E+00
   1.0774218E-01  -5.2802674E+01   0.0000000E+00   2.0438918E+00  -2.4271034E-01  -1.8011815E+00   0.0000000E+00   0.0000000E+00
   1.0927737E-01  -5.2541829E+01   0.0000000E+00   2.0729061E+00  -2.4615768E-01  -1.8267484E+00   0.0000000E+00   0.0000000E+00
   1.1083436E-01  -5.2279453E+01   0.0000000E+00   2.1023278E+00  -2.4965351E-01  -1.8526743E+00   0.0000000E+00   0.0000000E+00
   1.1241346E-01  -5.2015562E+01   0.0000000E+00   2.1321624E+00  -2.5319848E-01  -1.8789639E+00   0.0000000E+00   0.0000000E+00
   1.1401499E-01  -5.1750171E+01   0.0000000E+00   2.1624156E+00  -2.5679327E-01  -1.9056224E+00   0.0000000E+00   0.0000000E+00
   1.1563926E-01  -5.1483295E+01   0.0000000E+00   2.1930932E+00  -2.6043857E-01  -1.9326546E+00   0.0000000E+00   0.0000000E+00
   1.1728661E-01  -5.1214950E+01   0.0000000E+00   2.2242008E+00  -2.6413507E-01  -1.9600657E+00   0.0000000E+00   0.0000000E+00
   1.1895735E-01  -5.0945148E+01   0.0000000E+00   2.2557444E+00  -2.6788348E-01  -1.9878610E+00   0.0000000E+00   0.0000000E+00
   1.2065182E-01  -5.0673905E+01   0.0000000E+00   2.2877300E+00  -2.7168449E-01  -2.0160455E+00   0.0000000E+00   0.0000000E+00
   1.2237035E-01  -5.0401234E+01   0.0000000E+00   2.3201635E+00  -2.7553884E-01  -2.0446246E+00   0.0000000E+00   0.0000000E+00
   1.2411329E-01  -5.0127148E+01   0.0000000E+00   2.3530509E+00  -2.7944725E-01  -2.0736037E+00   0.0000000E+00   0.0000000E+00
   1.2588098E-01  -4.9851658E+01   0.0000000E+00   2.3863986E+00  -2.8341046E-01  -2.1029882E+00   0.0000000E+00   0.0000000E+00
   1.2767378E-01  -4.9574777E+01   0.0000000E+00   2.4202127E+00  -2.8742921E-01  -2.1327835E+00   0.0000000E+00   0.0000000E+00
   1.2949204E-01  -4.9296514E+01   0.0000000E+00   2.4544995E+00  -2.9150427E-01  -2.1629953E+00   0.0000000E+00   0.0000000E+00
   1.3133613E-01  -4.9016881E+01   0.0000000E+00   2.4892655E+00  -2.9563639E-01  -2.1936291E+00   0.0000000E+00   0.0000000E+00
   1.3320640E-01  -4.8735886E+01   0.0000000E+00   2.5245170E+00  -2.9982635E-01  -2.2246907E+00   0.0000000E+00   0.0000000E+00
   1.3510324E-01  -4.8453538E+01   0.0000000E+00   2.5602607E+00  -3.0407494E-01  -2.2561857E+00   0.0000000E+00   0.0000000E+00
   1.3702701E-01  -4.8169845E+01   0.0000000E+00   2.5965031E+00  -3.0838295E-01  -2.2881201E+00   0.0000000E+00   0.0000000E+00
   1.3897811E-01  -4.7884814E+01   0.0000000E+00   2.6332510E+00  -3.1275119E-01  -2.3204998E+00   0.0000000E+00   0.0000000E+00
   1.4095692E-01  -4.7598453E+01   0.0000000E+00   2.6705110E+00  -3.1718045E-01  -2.3533306E+00   0.0000000E+00   0.0000000E+00
   1.4296383E-01  -4.7310768E+01   0.0000000E+00   2.7082902E+00  -3.2167158E-01  -2.3866186E+00   0.0000000E+00   0.0000000E+00
   1.4499924E-01  -4.7021764E+01   0.0000000E+00   2.7465954E+00  -3.2622539E-01  -2.4203700E+00   0.0000000E+00   0.0000000E+00
   1.4706356E-01  -4.6731448E+01   0.0000000E+00   2.7854336E+00  -3.3084273E-01  -2.4545909E+00   0.0000000E+00   0.0000000E+00
   1.4915720E-01  -4.6439826E+01   0.0000000E+00   2.8248119E+00  -3.3552446E-01  -2.4892875E+00   0.0000000E+00   0.0000000E+00
   1.5128058E-01  -4.6146904E+01   0.0000000E+00   2.8647376E+00  -3.4027143E-01  -2.5244661E+00   0.0000000E+00   0.0000000E+00
   1.5343411E-01  -4.5852686E+01   0.0000000E+00   2.9052177E+00  -3.4508451E-01  -2.5601332E+00   0.0000000E+00   0.0000000E+00
   1.5561822E-01  -4.5557181E+01   0.0000000E+00   2.9462598E+00  -3.4996458E-01  -2.5962952E+00   0.0000000E+00   0.0000000E+00
   1.5783336E-01  -4.5260396E+01   0.0000000E+00   2.9878712E+00  -3.5491254E-01  -2.6329586E+00   0.0000000E+00   0.0000000E+00
   1.6007995E-01  -4.4962336E+01   0.0000000E+00   3.0300593E+00  -3.5992928E-01  -2.6701301E+00   0.0000000E+00   0.0000000E+00
   1.6235845E-01  -4.4663013E+01   0.0000000E+00   3.0728319E+00  -3.6501572E-01  -2.7078162E+00   0.0000000E+00   0.0000000E+00
   1.6466931E-01  -4.4362436E+01   0.0000000E+00   3.1161965E+00  -3.7017278E-01  -2.7460237E+00   0.0000000E+00   0.0000000E+00
   1.6701299E-01  -4.4060616E+01   0.0000000E+00   3.1601608E+00  -3.7540138E-01  -2.7847594E+00   0.0000000E+00   0.0000000E+00
   1.6938996E-01  -4.3757566E+01   0.0000000E+00   3.2047328E+00  -3.8070246E-01  -2.8240303E+00   0.0000000E+00   0.0000000E+00
   1.7180068E-01  -4.3453303E+01   0.0000000E+00   3.2499202E+00  -3.8607698E-01  -2.8638433E+00   0.0000000E+00   0.0000000E+00
   1.7424565E-01  -4.3147843E+01   0.0000000E+00   3.2957312E+00  -3.9152589E-01  -2.9042053E+00   0.0000000E+00   0.0000000E+00
   1.7672533E-01  -4.2841209E+01   0.0000000E+00   3.3421737E+00  -3.9705017E-01  -2.9451235E+00   0.0000000E+00   0.0000000E+00
   1.7924023E-01  -4.2533425E+01   0.0000000E+00   3.3892558E+00  -4.0265079E-01  -2.9866050E+00   0.0000000E+00   0.0000000E+00
   1.8179085E-01  -4.2224519E+01   0.0000000E+00   3.4369859E+00  -4.0832874E-01  -3.0286572E+00   0.0000000E+00   0.0000000E+00
   1.8437770E-01  -4.1914525E+01   0.0000000E+00   3.4853722E+00  -4.1408503E-01  -3.0712872E+00   0.0000000E+00   0.0000000E+00
   1.8700128E-01  -4.1603484E+01   0.0000000E+00   3.5344231E+00  -4.1992065E-01  -3.1145024E+00   0.0000000E+00   0.0000000E+00
   1.8966213E-01  -4.1291441E+01   0.0000000E+00   3.5841470E+00  -4.2583662E-01  -3.1583104E+00   0.0000000E+00   0.0000000E+00
   1.9236076E-01  -4.0978450E+01   0.0000000E+00   3.6345525E+00  -4.3183398E-01  -3.2027186E+00   0.0000000E+00   0.0000000E+00
   1.9509772E-01  -4.0664576E+01   0.0000000E+00   3.6856483E+00  -4.3791375E-01  -3.2477345E+00   0.0000000E+00   0.0000000E+00
   1.9787355E-01  -4.0349891E+01   0.0000000E+00   3.7374429E+00  -4.4407699E-01  -3.2933659E+00   0.0000000E+00   0.0000000E+00
   2.0068881E-01  -4.0034480E+01   0.0000000E+00   3.7899452E+00  -4.5032475E-01  -3.3396204E+00   0.0000000E+00   0.0000000E+00
   2.0354404E-01  -3.9718438E+01   0.0000000E+00   3.8431640E+00  -4.5665808E-01  -3.3865059E+00   0.0000000E+00   0.0000000E+00
   2.0643983E-01  -3.9401872E+01   0.0000000E+00   3.8971081E+00  -4.6307807E-01  -3.4340301E+00   0.0000000E+00   0.0000000E+00
   2.0937675E-01  -3.9084900E+01   0.0000000E+00   3.9517867E+00  -4.6958580E-01  -3.4822009E+00   0.0000000E+00   0.0000000E+00
   2.1235537E-01  -3.8767650E+01   0.0000000E+00   4.0072088E+00  -4.7618234E-01  -3.5310264E+00   0.0000000E+00   0.0000000E+00
   2.1537630E-01  -3.8450256E+01   0.0000000E+00   4.0633834E+00  -4.8286880E-01  -3.5805146E+00   0.0000000E+00   0.0000000E+00
   2.1844014E-01  -3.8132857E+01   0.0000000E+00   4.1203198E+00  -4.8964628E-01  -3.6306735E+00   0.0000000E+00   0.0000000E+00
   2.2154748E-01  -3.7815590E+01   0.0000000E+00   4.1780272E+00  -4.9651590E-01  -3.6815113E+00   0.0000000E+00   0.0000000E+00
   2.2469896E-01  -3.7498585E+01   0.0000000E+00   4.2365150E+00  -5.0347877E-01  -3.7330362E+00   0.0000000E+00   0.0000000E+00
   2.2789520E-01  -3.7181957E+01   0.0000000E+00   4.2957925E+00  -5.1053602E-01  -3.7852564E+00   0.0000000E+00   0.0000000E+00
   2.3113683E-01  -3.6865800E+01   0.0000000E+00   4.3558691E+00  -5.1768879E-01  -3.8381803E+00   0.0000000E+00   0.0000000E+00
   2.3442449E-01  -3.6550174E+01   0.0000000E+00   4.4167544E+00  -5.2493820E-01  -3.8918162E+00   0.0000000E+00   0.0000000E+00
   2.3775885E-01  -3.6235105E+01   0.0000000E+00   4.4784580E+00  -5.3228542E-01  -3.9461726E+00   0.0000000E+00   0.0000000E+00
   2.4114057E-01  -3.5920574E+01   0.0000000E+00   4.5409894E+00  -5.3973158E-01  -4.0012578E+00   0.0000000E+00   0.0000000E+00
   2.4457031E-01  -3.5606518E+01   0.0000000E+00   4.6043583E+00  -5.4727784E-01  -4.0570804E+00   0.0000000E+00   0.0000000E+00
   2.4804877E-01  -3.5292836E+01   0.0000000E+00   4.6685743E+00  -5.5492536E-01  -4.1136490E+00   0.0000000E+00   0.0000000E+00
   2.5157662E-01  -3.4979392E+01   0.0000000E+00   4.7336474E+00  -5.6267531E-01  -4.1709720E+00   0.0000000E+00   0.0000000E+00
   2.5515458E-01  -3.4666034E+01   0.0000000E+00   4.7995871E+00  -5.7052886E-01  -4.2290582E+00   0.0000000E+00   0.0000000E+00
   2.5878335E-01  -3.4352605E+01   0.0000000E+00   4.8664034E+00  -5.7848717E-01  -4.2879162E+00   0.0000000E+00   0.0000000E+00
   2.6246366E-01  -3.4038962E+01   0.0000000E+00   4.9341060E+00  -5.8655141E-01  -4.3475546E+00   0.0000000E+00   0.0000000E+00
   2.6619624E-01  -3.3724989E+01   0.0000000E+00   5.0027049E+00  -5.9472276E-01  -4.4079822E+00   0.0000000E+00   0.0000000E+00
   2.6998183E-01  -3.3410609E+01   0.0000000E+00   5.0722101E+00  -6.0300240E-01  -4.4692077E+00   0.0000000E+00   0.0000000E+00
   2.7382119E-01  -3.3095784E+01   0.0000000E+00   5.1426313E+00  -6.1139150E-01  -4.5312398E+00   0.0000000E+00   0.0000000E+00
   2.7771507E-01  -3.2780518E+01   0.0000000E+00   5.2139785E+00  -6.1989123E-01  -4.5940873E+00   0.0000000E+00   0.0000000E+00
   2.8166425E-01  -3.2464849E+01   0.0000000E+00   5.2862617E+00  -6.2850276E-01  -4.6577589E+00   0.0000000E+00   0.0000000E+00
   2.8566952E-01  -3.2148846E+01   0.0000000E+00   5.3594908E+00  -6.3722727E-01  -4.7222636E+00   0.0000000E+00   0.0000000E+00
   2.8973168E-01  -3.1832597E+01   0.0000000E+00   5.4336758E+00  -6.4606592E-01  -4.7876099E+00   0.0000000E+00   0.0000000E+00
   2.9385152E-01  -3.1516201E+01   0.0000000E+00   5.5088266E+00  -6.5501986E-01  -4.8538068E+00   0.0000000E+00   0.0000000E+00
   2.9802988E-01  -3.1199765E+01   0.0000000E+00   5.5849531E+00  -6.6409027E-01  -4.9208629E+00   0.0000000E+00   0.0000000E+00
   3.0226758E-01  -3.0883397E+01   0.0000000E+00   5.6620652E+00  -6.7327827E-01  -4.9887870E+00   0.0000000E+00   0.0000000E+00
   3.0656546E-01  -3.0567199E+01   0.0000000E+00   5.7401728E+00  -6.8258502E-01  -5.0575878E+00   0.0000000E+00   0.0000000E+00
   3.1092439E-01  -3.0251274E+01   0.0000000E+00   5.8192857E+00  -6.9201164E-01  -5.1272740E+00   0.0000000E+00   0.0000000E+00
   3.1534522E-01  -2.9935716E+01   0.0000000E+00   5.8994136E+00  -7.0155925E-01  -5.1978544E+00   0.0000000E+00   0.0000000E+00
   3.1982883E-01  -2.9620616E+01   0.0000000E+00   5.9805663E+00  -7.1122896E-01  -5.2693374E+00   0.0000000E+00   0.0000000E+00
   3.2437612E-01  -2.9306058E+01   0.0000000E+00   6.0627535E+00  -7.2102186E-01  -5.3417317E+00   0.0000000E+00   0.0000000E+00
   3.2898800E-01  -2.8992125E+01   0.0000000E+00   6.1459848E+00  -7.3093902E-01  -5.4150458E+00   0.0000000E+00   0.0000000E+00
   3.3366537E-01  -2.8678897E+01   0.0000000E+00   6.2302696E+00  -7.4098151E-01  -5.4892881E+00   0.0000000E+00   0.0000000E+00
   3.3840918E-01  -2.8366454E+01   0.0000000E+00   6.3156173E+00  -7.5115036E-01  -5.5644670E+00   0.0000000E+00   0.0000000E+00
   3.4322035E-01  -2.8054872E+01   0.0000000E+00   6.4020374E+00  -7.6144659E-01  -5.6405908E+00   0.0000000E+00   0.0000000E+00
   3.4809986E-01  -2.7744233E+01   0.0000000E+00   6.4895389E+00  -7.7187119E-01  -5.7176677E+00   0.0000000E+00   0.0000000E+00
   3.5304866E-01  -2.7434615E+01   0.0000000E+00   6.5781309E+00  -7.8242514E-01  -5.7957057E+00   0.0000000E+00   0.0000000E+00
   3.5806775E-01  -2.7126101E+01   0.0000000E+00   6.6678223E+00  -7.9310936E-01  -5.8747130E+00   0.0000000E+00   0.0000000E+00
   3.6315812E-01  -2.6818773E+01   0.0000000E+00   6.7586220E+00  -8.0392477E-01  -5.9546973E+00   0.0000000E+00   0.0000000E+00
   3.6832079E-01  -2.6512714E+01   0.0000000E+00   6.8505385E+00  -8.1487224E-01  -6.0356663E+00   0.0000000E+00   0.0000000E+00
   3.7355677E-01  -2.6208010E+01   0.0000000E+00   6.9435803E+00  -8.2595262E-01  -6.1176277E+00   0.0000000E+00   0.0000000E+00
   3.7886712E-01  -2.5904743E+01   0.0000000E+00   7.0377555E+00  -8.3716669E-01  -6.2005888E+00   0.0000000E+00   0.0000000E+00
   3.8425289E-01  -2.5602999E+01   0.0000000E+00   7.1330722E+00  -8.4851522E-01  -6.2845569E+00   0.0000000E+00   0.0000000E+00
   3.8971515E-01  -2.5302859E+01   0.0000000E+00   7.2295381E+00  -8.5999892E-01  -6.3695392E+00   0.0000000E+00   0.0000000E+00
   3.9525499E-01  -2.5004404E+01   0.0000000E+00   7.3271608E+00  -8.7161846E-01  -6.4555424E+00   0.0000000E+00   0.0000000E+00
   4.0087350E-01  -2.4707711E+01   0.0000000E+00   7.4259476E+00  -8.8337443E-01  -6.5425732E+00   0.0000000E+00   0.0000000E+00
   4.0657181E-01  -2.4412854E+01   0.0000000E+00   7.5259054E+00  -8.9526740E-01  -6.6306380E+00   0.0000000E+00   0.0000000E+00
   4.1235105E-01  -2.4119902E+01   0.0000000E+00   7.6270410E+00  -9.0729786E-01  -6.7197431E+00   0.0000000E+00   0.0000000E+00
   4.1821236E-01  -2.3828922E+01   0.0000000E+00   7.7293606E+00  -9.1946624E-01  -6.8098944E+00   0.0000000E+00   0.0000000E+00
   4.2415692E-01  -2.3539972E+01   0.0000000E+00   7.8328703E+00  -9.3177290E-01  -6.9010974E+00   0.0000000E+00   0.0000000E+00
   4.3018591E-01  -2.3253107E+01   0.0000000E+00   7.9375758E+00  -9.4421812E-01  -6.9933577E+00   0.0000000E+00   0.0000000E+00
   4.3630052E-01  -2.2968375E+01   0.0000000E+00   8.0434823E+00  -9.5680212E-01  -7.0866802E+00   0.0000000E+00   0.0000000E+00
   4.4250197E-01  -2.2685818E+01   0.0000000E+00   8.1505946E+00  -9.6952502E-01  -7.1810696E+00   0.0000000E+00   0.0000000E+00
   4.4879150E-01  -2.2405470E+01   0.0000000E+00   8.2589171E+00  -9.8238686E-01  -7.2765303E+00   0.0000000E+00   0.0000000E+00
   4.5517035E-01  -2.2127361E+01   0.0000000E+00   8.3684539E+00  -9.9538758E-01  -7.3730663E+00   0.0000000E+00   0.0000000E+00
   4.6163979E-01  -2.1851511E+01   0.0000000E+00   8.4792082E+00  -1.0085270E+00  -7.4706812E+00   0.0000000E+00   0.0000000E+00
   4.6820112E-01  -2.1577937E+01   0.0000000E+00   8.5911832E+00  -1.0218049E+00  -7.5693782E+00   0.0000000E+00   0.0000000E+00
   4.7485563E-01  -2.1306645E+01   0.0000000E+00   8.7043810E+00  -1.0352209E+00  -7.6691600E+00   0.0000000E+00   0.0000000E+00
   4.8160465E-01  -2.1037640E+01   0.0000000E+00   8.8188035E+00  -1.0487745E+00  -7.7700290E+00   0.0000000E+00   0.0000000E+00
   4.8844953E-01  -2.0770915E+01   0.0000000E+00   8.9344520E+00  -1.0624651E+00  -7.8719869E+00   0.0000000E+00   0.0000000E+00
   4.9539161E-01  -2.0506463E+01   0.0000000E+00   9.0513269E+00  -1.0762919E+00  -7.9750350E+00   0.0000000E+00   0.0000000E+00
   5.0243229E-01  -2.0244266E+01   0.0000000E+00   9.1694282E+00  -1.0902540E+00  -8.0791742E+00   0.0000000E+00   0.0000000E+00
   5.0957296E-01  -1.9984305E+01   0.0000000E+00   9.2887549E+00  -1.1043504E+00  -8.1844045E+00   0.0000000E+00   0.0000000E+00
   5.1681504E-01  -1.9726556E+01   0.0000000E+00   9.4093055E+00  -1.1185799E+00  -8.2907256E+00   0.0000000E+00   0.0000000E+00
   5.2415998E-01  -1.9470989E+01   0.0000000E+00   9.5310777E+00  -1.1329411E+00  -8.3981365E+00   0.0000000E+00   0.0000000E+00
   5.3160923E-01  -1.9217575E+01   0.0000000E+00   9.6540682E+00  -1.1474326E+00  -8.5066356E+00   0.0000000E+00   0.0000000E+00
   5.3916428E-01  -1.8966279E+01   0.0000000E+00   9.7782730E+00  -1.1620524E+00  -8.6162206E+00   0.0000000E+00   0.0000000E+00
   5.4682663E-01  -1.8717066E+01   0.0000000E+00   9.9036872E+00  -1.1767988E+00  -8.7268883E+00   0.0000000E+00   0.0000000E+00
   5.5459780E-01  -1.8469900E+01   0.0000000E+00   1.0030305E+01  -1.1916697E+00  -8.8386352E+00   0.0000000E+00   0.0000000E+00
   5.6247934E-01  -1.8224745E+01   0.0000000E+00   1.0158119E+01  -1.2066627E+00  -8.9514565E+00   0.0000000E+00   0.0000000E+00
   5.7047281E-01  -1.7981566E+01   0.0000000E+00   1.0287122E+01  -1.2217752E+00  -9.0653471E+00   0.0000000E+00   0.0000000E+00
   5.7857981E-01  -1.7740329E+01   0.0000000E+00   1.0417305E+01  -1.2370044E+00  -9.1803008E+00   0.0000000E+00   0.0000000E+00
   5.8680195E-01  -1.7501002E+01   0.0000000E+00   1.0548658E+01  -1.2523474E+00  -9.2963106E+00   0.0000000E+00   0.0000000E+00
   5.9514086E-01  -1.7263556E+01   0.0000000E+00   1.0681169E+01  -1.2678007E+00  -9.4133685E+00   0.0000000E+00   0.0000000E+00
   6.0359820E-01  -1.7027965E+01   0.0000000E+00   1.0814827E+01  -1.2833609E+00  -9.5314658E+00   0.0000000E+00   0.0000000E+00
   6.1217565E-01  -1.6794207E+01   0.0000000E+00   1.0949617E+01  -1.2990241E+00  -9.6505926E+00   0.0000000E+00   0.0000000E+00
   6.2087493E-01  -1.6562262E+01   0.0000000E+00   1.1085524E+01  -1.3147862E+00  -9.7707383E+00   0.0000000E+00   0.0000000E+00
   6.2969775E-01  -1.6332116E+01   0.0000000E+00   1.1222533E+01  -1.3306425E+00  -9.8918910E+00   0.0000000E+00   0.0000000E+00
   6.3864587E-01  -1.6103757E+01   0.0000000E+00   1.1360626E+01  -1.3465885E+00  -1.0014038E+01   0.0000000E+00   0.0000000E+00
   6.4772108E-01  -1.5877180E+01   0.0000000E+00   1.1499784E+01  -1.3626188E+00  -1.0137165E+01   0.0000000E+00   0.0000000E+00
   6.5692518E-01  -1.5652381E+01   0.0000000E+00   1.1639985E+01  -1.3787280E+00  -1.0261257E+01   0.0000000E+00   0.0000000E+00
   6.6626000E-01  -1.5429367E+01   0.0000000E+00   1.1781208E+01  -1.3949103E+00  -1.0386298E+01   0.0000000E+00   0.0000000E+00
   6.7572739E-01  -1.5208149E+01   0.0000000E+00   1.1923430E+01  -1.4111593E+00  -1.0512271E+01   0.0000000E+00   0.0000000E+00
   6.8532924E-01  -1.4988750E+01   0.0000000E+00   1.2066624E+01  -1.4274683E+00  -1.0639156E+01   0.0000000E+00   0.0000000E+00
   6.9506745E-01  -1.4771209E+01   0.0000000E+00   1.2210765E+01  -1.4438303E+00  -1.0766935E+01   0.0000000E+00   0.0000000E+00
   7.0494398E-01  -1.4555583E+01   0.0000000E+00   1.2355823E+01  -1.4602376E+00  -1.0895585E+01   0.0000000E+00   0.0000000E+00
   7.1496077E-01  -1.4341954E+01   0.0000000E+00   1.2501767E+01  -1.4766822E+00  -1.1025085E+01   0.0000000E+00   0.0000000E+00
   7.2511982E-01  -1.4130436E+01   0.0000000E+00   1.2648567E+01  -1.4931554E+00  -1.1155411E+01   0.0000000E+00   0.0000000E+00
   7.3542315E-01  -1.3921177E+01   0.0000000E+00   1.2796187E+01  -1.5096482E+00  -1.1286539E+01   0.0000000E+00   0.0000000E+00
   7.4587281E-01  -1.3714367E+01   0.0000000E+00   1.2944591E+01  -1.5261510E+00  -1.1418440E+01   0.0000000E+00   0.0000000E+00
   7.5647089E-01  -1.3510229E+01   0.0000000E+00   1.3093743E+01  -1.5426534E+00  -1.1551089E+01   0.0000000E+00   0.0000000E+00
   7.6721947E-01  -1.3309017E+01   0.0000000E+00   1.3243601E+01  -1.5591446E+00  -1.1684456E+01   0.0000000E+00   0.0000000E+00
   7.7812072E-01  -1.3111000E+01   0.0000000E+00   1.3394125E+01  -1.5756130E+00  -1.1818512E+01   0.0000000E+00   0.0000000E+00
   7.8917678E-01  -1.2916436E+01   0.0000000E+00   1.3545270E+01  -1.5920465E+00  -1.1953223E+01   0.0000000E+00   0.0000000E+00
   8.0038987E-01  -1.2725549E+01   0.0000000E+00   1.3696990E+01  -1.6084319E+00  -1.2088558E+01   0.0000000E+00   0.0000000E+00
   8.1176220E-01  -1.2538489E+01   0.0000000E+00   1.3849238E+01  -1.6247554E+00  -1.2224483E+01   0.0000000E+00   0.0000000E+00
   8.2329605E-01  -1.2355308E+01   0.0000000E+00   1.4001965E+01  -1.6410024E+00  -1.2360962E+01   0.0000000E+00   0.0000000E+00
   8.3499371E-01  -1.2175931E+01   0.0000000E+00   1.4155117E+01  -1.6571573E+00  -1.2497960E+01   0.0000000E+00   0.0000000E+00
   8.4685749E-01  -1.2000156E+01   0.0000000E+00   1.4308641E+01  -1.6732035E+00  -1.2635438E+01   0.0000000E+00   0.0000000E+00
   8.5888978E-01  -1.1827656E+01   0.0000000E+00   1.4462481E+01  -1.6891232E+00  -1.2773358E+01   0.0000000E+00   0.0000000E+00
   8.7109294E-01  -1.1658014E+01   0.0000000E+00   1.4616579E+01  -1.7048976E+00  -1.2911682E+01   0.0000000E+00   0.0000000E+00
   8.8346942E-01  -1.1490764E+01   0.0000000E+00   1.4770875E+01  -1.7205064E+00  -1.3050369E+01   0.0000000E+00   0.0000000E+00
   8.9602167E-01  -1.1325440E+01   0.0000000E+00   1.4925307E+01  -1.7359282E+00  -1.3189378E+01   0.0000000E+00   0.0000000E+00
   9.0875219E-01  -1.1161621E+01   0.0000000E+00   1.5079810E+01  -1.7511397E+00  -1.3328670E+01   0.0000000E+00   0.0000000E+00
   9.2166352E-01  -1.0998963E+01   0.0000000E+00   1.5234319E+01  -1.7661162E+00  -1.3468203E+01   0.0000000E+00   0.0000000E+00
   9.3475821E-01  -1.0837219E+01   0.0000000E+00   1.5388766E+01  -1.7808309E+00  -1.3607935E+01   0.0000000E+00   0.0000000E+00
   9.4803888E-01  -1.0676234E+01   0.0000000E+00   1.5543082E+01  -1.7952552E+00  -1.3747827E+01   0.0000000E+00   0.0000000E+00
   9.6150816E-01  -1.0515941E+01   0.0000000E+00   1.5697195E+01  -1.8093581E+00  -1.3887837E+01   0.0000000E+00   0.0000000E+00
   9.7516874E-01  -1.0356333E+01   0.0000000E+00   1.5851033E+01  -1.8231061E+00  -1.4027927E+01   0.0000000E+00   0.0000000E+00
   9.8902333E-01  -1.0197453E+01   0.0000000E+00   1.6004521E+01  -1.8364632E+00  -1.4168058E+01   0.0000000E+00   0.0000000E+00
   1.0030747E+00  -1.0039364E+01   0.0000000E+00   1.6157584E+01  -1.8493904E+00  -1.4308194E+01   0.0000000E+00   0.0000000E+00
   1.0173256E+00  -9.8821442E+00   0.0000000E+00   1.6310146E+01  -1.8618455E+00  -1.4448300E+01   0.0000000E+00   0.0000000E+00
   1.0317789E+00  -9.7258687E+00   0.0000000E+00   1.6462127E+01  -1.8737831E+00  -1.4588344E+01   0.0000000E+00   0.0000000E+00
   1.0464375E+00  -9.5706077E+00   0.0000000E+00   1.6613449E+01  -1.8851543E+00  -1.4728295E+01   0.0000000E+00   0.0000000E+00
   1.0613042E+00  -9.4164213E+00   0.0000000E+00   1.6764033E+01  -1.8959065E+00  -1.4868127E+01   0.0000000E+00   0.0000000E+00
   1.0763822E+00  -9.2633596E+00   0.0000000E+00   1.6913799E+01  -1.9059836E+00  -1.5007815E+01   0.0000000E+00   0.0000000E+00
   1.0916742E+00  -9.1114629E+00   0.0000000E+00   1.7062665E+01  -1.9153261E+00  -1.5147339E+01   0.0000000E+00   0.0000000E+00
   1.1071834E+00  -8.9607639E+00   0.0000000E+00   1.7210552E+01  -1.9238717E+00  -1.5286680E+01   0.0000000E+00   0.0000000E+00
   1.1229129E+00  -8.8112891E+00   0.0000000E+00   1.7357378E+01  -1.9315562E+00  -1.5425822E+01   0.0000000E+00   0.0000000E+00
   1.1388658E+00  -8.6630611E+00   0.0000000E+00   1.7503063E+01  -1.9383147E+00  -1.5564748E+01   0.0000000E+00   0.0000000E+00
   1.1550453E+00  -8.5161004E+00   0.0000000E+00   1.7647527E+01  -1.9440941E+00  -1.5703433E+01   0.0000000E+00   0.0000000E+00
   1.1714545E+00  -8.3704265E+00   0.0000000E+00   1.7790691E+01  -1.9487377E+00  -1.5841954E+01   0.0000000E+00   0.0000000E+00
   1.1880968E+00  -8.2260594E+00   0.0000000E+00   1.7932478E+01  -1.9520842E+00  -1.5980394E+01   0.0000000E+00   0.0000000E+00
   1.2049754E+00  -8.0830199E+00   0.0000000E+00   1.8072811E+01  -1.9564071E+00  -1.6116404E+01   0.0000000E+00   0.0000000E+00
   1.2220938E+00  -7.9413300E+00   0.0000000E+00   1.8211615E+01  -1.9642347E+00  -1.6247380E+01   0.0000000E+00   0.0000000E+00
   1.2394553E+00  -7.8010133E+00   0.0000000E+00   1.8348816E+01  -1.9736458E+00  -1.6375170E+01   0.0000000E+00   0.0000000E+00
   1.2570633E+00  -7.6620948E+00   0.0000000E+00   1.8484345E+01  -1.9824543E+00  -1.6501891E+01   0.0000000E+00   0.0000000E+00
   1.2749214E+00  -7.5246004E+00   0.0000000E+00   1.8618133E+01  -1.9906829E+00  -1.6627450E+01   0.0000000E+00   0.0000000E+00
   1.2930332E+00  -7.3885566E+00   0.0000000E+00   1.8750115E+01  -1.9983816E+00  -1.6751733E+01   0.0000000E+00   0.0000000E+00
   1.3114021E+00  -7.2539904E+00   0.0000000E+00   1.8880228E+01  -2.0054906E+00  -1.6874737E+01   0.0000000E+00   0.0000000E+00
   1.3300320E+00  -7.1209284E+00   0.0000000E+00   1.9008413E+01  -2.0119568E+00  -1.6996456E+01   0.0000000E+00   0.0000000E+00
   1.3489264E+00  -6.9893969E+00   0.0000000E+00   1.9134617E+01  -2.0177253E+00  -1.7116891E+01   0.0000000E+00   0.0000000E+00
   1.3680892E+00  -6.8594208E+00   0.0000000E+00   1.9258786E+01  -2.0227404E+00  -1.7236046E+01   0.0000000E+00   0.0000000E+00
   1.3875242E+00  -6.7310240E+00   0.0000000E+00   1.9380875E+01  -2.0269462E+00  -1.7353929E+01   0.0000000E+00   0.0000000E+00
   1.4072351E+00  -6.6042286E+00   0.0000000E+00   1.9500841E+01  -2.0302873E+00  -1.7470554E+01   0.0000000E+00   0.0000000E+00
   1.4272260E+00  -6.4790550E+00   0.0000000E+00   1.9618646E+01  -2.0327097E+00  -1.7585936E+01   0.0000000E+00   0.0000000E+00
   1.4475008E+00  -6.3555214E+00   0.0000000E+00   1.9734257E+01  -2.0341611E+00  -1.7700096E+01   0.0000000E+00   0.0000000E+00
   1.4680636E+00  -6.2336441E+00   0.0000000E+00   1.9847646E+01  -2.0345921E+00  -1.7813054E+01   0.0000000E+00   0.0000000E+00
   1.4889184E+00  -6.1134371E+00   0.0000000E+00   1.9958790E+01  -2.0339567E+00  -1.7924833E+01   0.0000000E+00   0.0000000E+00
   1.5100694E+00  -5.9949123E+00   0.0000000E+00   2.0067671E+01  -2.0322132E+00  -1.8035457E+01   0.0000000E+00   0.0000000E+00
   1.5315208E+00  -5.8780796E+00   0.0000000E+00   2.0174276E+01  -2.0293247E+00  -1.8144952E+01   0.0000000E+00   0.0000000E+00
   1.5532768E+00  -5.7629469E+00   0.0000000E+00   2.0278600E+01  -2.0252606E+00  -1.8253339E+01   0.0000000E+00   0.0000000E+00
   1.5753418E+00  -5.6495203E+00   0.0000000E+00   2.0380639E+01  -2.0199969E+00  -1.8360642E+01   0.0000000E+00   0.0000000E+00
   1.5977202E+00  -5.5378043E+00   0.0000000E+00   2.0480398E+01  -2.0135175E+00  -1.8466880E+01   0.0000000E+00   0.0000000E+00
   1.6204164E+00  -5.4278018E+00   0.0000000E+00   2.0577883E+01  -2.0058150E+00  -1.8572068E+01   0.0000000E+00   0.0000000E+00
   1.6434350E+00  -5.3195147E+00   0.0000000E+00   2.0673110E+01  -1.9968918E+00  -1.8676218E+01   0.0000000E+00   0.0000000E+00
   1.6667804E+00  -5.2129440E+00   0.0000000E+00   2.0766096E+01  -1.9867613E+00  -1.8779335E+01   0.0000000E+00   0.0000000E+00
   1.6904574E+00  -5.1080897E+00   0.0000000E+00   2.0856863E+01  -1.9754484E+00  -1.8881415E+01   0.0000000E+00   0.0000000E+00
   1.7144707E+00  -5.0049515E+00   0.0000000E+00   2.0945440E+01  -1.9629908E+00  -1.8982449E+01   0.0000000E+00   0.0000000E+00
   1.7388251E+00  -4.9035289E+00   0.0000000E+00   2.1031856E+01  -1.9494401E+00  -1.9082416E+01   0.0000000E+00   0.0000000E+00
   1.7635253E+00  -4.8038213E+00   0.0000000E+00   2.1116147E+01  -1.9348616E+00  -1.9181285E+01   0.0000000E+00   0.0000000E+00
   1.7885763E+00  -4.7058281E+00   0.0000000E+00   2.1198350E+01  -1.9193379E+00  -1.9279012E+01   0.0000000E+00   0.0000000E+00
   1.8139831E+00  -4.6095492E+00   0.0000000E+00   2.1278506E+01  -1.9029608E+00  -1.9375545E+01   0.0000000E+00   0.0000000E+00
   1.8397507E+00  -4.5149850E+00   0.0000000E+00   2.1356659E+01  -1.8858172E+00  -1.9470842E+01   0.0000000E+00   0.0000000E+00
   1.8658843E+00  -4.4221363E+00   0.0000000E+00   2.1432855E+01  -1.8680073E+00  -1.9564848E+01   0.0000000E+00   0.0000000E+00
   1.8923891E+00  -4.3310048E+00   0.0000000E+00   2.1507140E+01  -1.8496658E+00  -1.9657474E+01   0.0000000E+00   0.0000000E+00
   1.9192702E+00  -4.2415925E+00   0.0000000E+00   2.1579564E+01  -1.8309546E+00  -1.9748609E+01   0.0000000E+00   0.0000000E+00
   1.9465332E+00  -4.1539024E+00   0.0000000E+00   2.1650175E+01  -1.8120568E+00  -1.9838118E+01   0.0000000E+00   0.0000000E+00
   1.9741833E+00  -4.0679380E+00   0.0000000E+00   2.1719024E+01  -1.7932081E+00  -1.9925816E+01   0.0000000E+00   0.0000000E+00
   2.0022261E+00  -3.9837036E+00   0.0000000E+00   2.1786161E+01  -1.7745727E+00  -2.0011589E+01   0.0000000E+00   0.0000000E+00
   2.0306672E+00  -3.9012037E+00   0.0000000E+00   2.1851636E+01  -1.7560389E+00  -2.0095597E+01   0.0000000E+00   0.0000000E+00
   2.0595123E+00  -3.8204438E+00   0.0000000E+00   2.1915498E+01  -1.7374707E+00  -2.0178027E+01   0.0000000E+00   0.0000000E+00
   2.0887670E+00  -3.7414293E+00   0.0000000E+00   2.1977796E+01  -1.7190269E+00  -2.0258769E+01   0.0000000E+00   0.0000000E+00
   2.1184371E+00  -3.6641663E+00   0.0000000E+00   2.2038577E+01  -1.7010480E+00  -2.0337529E+01   0.0000000E+00   0.0000000E+00
   2.1485287E+00  -3.5886610E+00   0.0000000E+00   2.2097888E+01  -1.6840223E+00  -2.0413865E+01   0.0000000E+00   0.0000000E+00
   2.1790476E+00  -3.5149201E+00   0.0000000E+00   2.2155773E+01  -1.6686996E+00  -2.0487073E+01   0.0000000E+00   0.0000000E+00
   2.2100000E+00  -3.4429500E+00   0.0000000E+00   2.2212276E+01  -1.6546180E+00  -2.0557658E+01   0.0000000E+00   0.0000000E+00
   2.2413920E+00  -3.3727575E+00   0.0000000E+00   2.2267438E+01  -1.6402601E+00  -2.0627178E+01   0.0000000E+00   0.0000000E+00
   2.2732298E+00  -3.3043492E+00   0.0000000E+00   2.2321299E+01  -1.6256765E+00  -2.0695623E+01   0.0000000E+00   0.0000000E+00
   2.3055197E+00  -3.2377313E+00   0.0000000E+00   2.2373897E+01  -1.6116228E+00  -2.0762275E+01   0.0000000E+00   0.0000000E+00
   2.3382683E+00  -3.1729096E+00   0.0000000E+00   2.2425269E+01  -1.5981766E+00  -2.0827092E+01   0.0000000E+00   0.0000000E+00
   2.3714819E+00  -3.1098885E+00   0.0000000E+00   2.2475449E+01  -1.5853359E+00  -2.0890113E+01   0.0000000E+00   0.0000000E+00
   2.4051673E+00  -3.0486711E+00   0.0000000E+00   2.2524470E+01  -1.5731398E+00  -2.0951330E+01   0.0000000E+00   0.0000000E+00
   2.4393311E+00  -2.9892581E+00   0.0000000E+00   2.2572363E+01  -1.5616199E+00  -2.1010743E+01   0.0000000E+00   0.0000000E+00
   2.4739800E+00  -2.9316471E+00   0.0000000E+00   2.2619157E+01  -1.5508030E+00  -2.1068354E+01   0.0000000E+00   0.0000000E+00
   2.5091211E+00  -2.8758316E+00   0.0000000E+00   2.2664879E+01  -1.5407102E+00  -2.1124169E+01   0.0000000E+00   0.0000000E+00
   2.5447612E+00  -2.8218002E+00   0.0000000E+00   2.2709556E+01  -1.5313557E+00  -2.1178200E+01   0.0000000E+00   0.0000000E+00
   2.5809076E+00  -2.7695356E+00   0.0000000E+00   2.2753211E+01  -1.5227463E+00  -2.1230465E+01   0.0000000E+00   0.0000000E+00
   2.6175672E+00  -2.7190137E+00   0.0000000E+00   2.2795867E+01  -1.5148802E+00  -2.1280987E+01   0.0000000E+00   0.0000000E+00
   2.6547476E+00  -2.6702032E+00   0.0000000E+00   2.2837544E+01  -1.5077469E+00  -2.1329797E+01   0.0000000E+00   0.0000000E+00
   2.6924559E+00  -2.6230652E+00   0.0000000E+00   2.2878262E+01  -1.5013267E+00  -2.1376935E+01   0.0000000E+00   0.0000000E+00
   2.7306998E+00  -2.5775529E+00   0.0000000E+00   2.2918038E+01  -1.4955907E+00  -2.1422447E+01   0.0000000E+00   0.0000000E+00
   2.7694869E+00  -2.5336126E+00   0.0000000E+00   2.2956889E+01  -1.4905014E+00  -2.1466387E+01   0.0000000E+00   0.0000000E+00
   2.8088248E+00  -2.4911839E+00   0.0000000E+00   2.2994830E+01  -1.4860136E+00  -2.1508816E+01   0.0000000E+00   0.0000000E+00
   2.8487214E+00  -2.4502007E+00   0.0000000E+00   2.3031875E+01  -1.4820754E+00  -2.1549799E+01   0.0000000E+00   0.0000000E+00
   2.8891847E+00  -2.4105931E+00   0.0000000E+00   2.3068036E+01  -1.4786293E+00  -2.1589407E+01   0.0000000E+00   0.0000000E+00
   2.9302226E+00  -2.3722881E+00   0.0000000E+00   2.3103326E+01  -1.4756144E+00  -2.1627712E+01   0.0000000E+00   0.0000000E+00
   2.9718433E+00  -2.3352115E+00   0.0000000E+00   2.3137756E+01  -1.4729673E+00  -2.1664789E+01   0.0000000E+00   0.0000000E+00
   3.0140551E+00  -2.2992894E+00   0.0000000E+00   2.3171335E+01  -1.4706239E+00  -2.1700711E+01   0.0000000E+00   0.0000000E+00
   3.0568665E+00  -2.2644489E+00   0.0000000E+00   2.3204072E+01  -1.4685208E+00  -2.1735551E+01   0.0000000E+00   0.0000000E+00
   3.1002858E+00  -2.2306198E+00   0.0000000E+00   2.3235977E+01  -1.4665963E+00  -2.1769380E+01   0.0000000E+00   0.0000000E+00
   3.1443219E+00  -2.1977347E+00   0.0000000E+00   2.3267057E+01  -1.4647913E+00  -2.1802265E+01   0.0000000E+00   0.0000000E+00
   3.1889833E+00  -2.1657302E+00   0.0000000E+00   2.3297320E+01  -1.4630497E+00  -2.1834270E+01   0.0000000E+00   0.0000000E+00
   3.2342790E+00  -2.1345465E+00   0.0000000E+00   2.3326773E+01  -1.4613191E+00  -2.1865454E+01   0.0000000E+00   0.0000000E+00
   3.2802180E+00  -2.1041278E+00   0.0000000E+00   2.3355423E+01  -1.4595508E+00  -2.1895872E+01   0.0000000E+00   0.0000000E+00
   3.3268095E+00  -2.0744222E+00   0.0000000E+00   2.3383277E+01  -1.4576993E+00  -2.1925578E+01   0.0000000E+00   0.0000000E+00
   3.3740626E+00  -2.0453808E+00   0.0000000E+00   2.3410342E+01  -1.4557225E+00  -2.1954619E+01   0.0000000E+00   0.0000000E+00
   3.4219869E+00  -2.0169580E+00   0.0000000E+00   2.3436623E+01  -1.4535814E+00  -2.1983042E+01   0.0000000E+00   0.0000000E+00
   3.4705917E+00  -1.9891106E+00   0.0000000E+00   2.3462129E+01  -1.4512392E+00  -2.2010889E+01   0.0000000E+00   0.0000000E+00
   3.5198869E+00  -1.9617972E+00   0.0000000E+00   2.3486864E+01  -1.4486614E+00  -2.2038203E+01   0.0000000E+00   0.0000000E+00
   3.5698822E+00  -1.9349780E+00   0.0000000E+00   2.3510837E+01  -1.4458147E+00  -2.2065022E+01   0.0000000E+00   0.0000000E+00
   3.6205875E+00  -1.9086138E+00   0.0000000E+00   2.3534053E+01  -1.4426673E+00  -2.2091386E+01   0.0000000E+00   0.0000000E+00
   3.6720130E+00  -1.8826662E+00   0.0000000E+00   2.3556521E+01  -1.4391876E+00  -2.2117334E+01   0.0000000E+00   0.0000000E+00
   3.7241688E+00  -1.8570964E+00   0.0000000E+00   2.3578248E+01  -1.4353447E+00  -2.2142904E+01   0.0000000E+00   0.0000000E+00
   3.7770654E+00  -1.8318651E+00   0.0000000E+00   2.3599242E+01  -1.4311071E+00  -2.2168135E+01   0.0000000E+00   0.0000000E+00
   3.8307132E+00  -1.8069324E+00   0.0000000E+00   2.3619511E+01  -1.4264430E+00  -2.2193068E+01   0.0000000E+00   0.0000000E+00
   3.8851229E+00  -1.7822569E+00   0.0000000E+00   2.3639063E+01  -1.4213201E+00  -2.2217743E+01   0.0000000E+00   0.0000000E+00
   3.9403053E+00  -1.7577962E+00   0.0000000E+00   2.3657909E+01  -1.4157047E+00  -2.2242204E+01   0.0000000E+00   0.0000000E+00
   3.9962715E+00  -1.7335060E+00   0.0000000E+00   2.3676056E+01  -1.4095623E+00  -2.2266494E+01   0.0000000E+00   0.0000000E+00
   4.0530325E+00  -1.7093407E+00   0.0000000E+00   2.3693517E+01  -1.4028573E+00  -2.2290659E+01   0.0000000E+00   0.0000000E+00
   4.1105997E+00  -1.6852530E+00   0.0000000E+00   2.3710300E+01  -1.3955531E+00  -2.2314747E+01   0.0000000E+00   0.0000000E+00
   4.1689844E+00  -1.6611948E+00   0.0000000E+00   2.3726418E+01  -1.3876123E+00  -2.2338805E+01   0.0000000E+00   0.0000000E+00
   4.2281983E+00  -1.6371166E+00   0.0000000E+00   2.3741881E+01  -1.3789972E+00  -2.2362883E+01   0.0000000E+00   0.0000000E+00
   4.2882532E+00  -1.6129693E+00   0.0000000E+00   2.3756701E+01  -1.3696705E+00  -2.2387031E+01   0.0000000E+00   0.0000000E+00
   4.3491610E+00  -1.5887041E+00   0.0000000E+00   2.3770892E+01  -1.3595960E+00  -2.2411296E+01   0.0000000E+00   0.0000000E+00
   4.4109339E+00  -1.5642742E+00   0.0000000E+00   2.3784466E+01  -1.3487397E+00  -2.2435726E+01   0.0000000E+00   0.0000000E+00
   4.4735840E+00  -1.5396356E+00   0.0000000E+00   2.3797436E+01  -1.3370712E+00  -2.2460364E+01   0.0000000E+00   0.0000000E+00
   4.5371239E+00  -1.5147491E+00   0.0000000E+00   2.3809816E+01  -1.3245648E+00  -2.2485251E+01   0.0000000E+00   0.0000000E+00
   4.6015663E+00  -1.4895816E+00   0.0000000E+00   2.3821620E+01  -1.3112018E+00  -2.2510418E+01   0.0000000E+00   0.0000000E+00
   4.6669238E+00  -1.4641080E+00   0.0000000E+00   2.3832864E+01  -1.2969717E+00  -2.2535892E+01   0.0000000E+00   0.0000000E+00
   4.7332096E+00  -1.4383130E+00   0.0000000E+00   2.3843561E+01  -1.2818739E+00  -2.2561687E+01   0.0000000E+00   0.0000000E+00
   4.8004368E+00  -1.4121926E+00   0.0000000E+00   2.3853727E+01  -1.2659199E+00  -2.2587807E+01   0.0000000E+00   0.0000000E+00
   4.8686187E+00  -1.3857557E+00   0.0000000E+00   2.3863378E+01  -1.2491338E+00  -2.2614244E+01   0.0000000E+00   0.0000000E+00
   4.9377690E+00  -1.3590249E+00   0.0000000E+00   2.3872529E+01  -1.2315541E+00  -2.2640975E+01   0.0000000E+00   0.0000000E+00
   5.0079014E+00  -1.3320371E+00   0.0000000E+00   2.3881196E+01  -1.2132335E+00  -2.2667963E+01   0.0000000E+00   0.0000000E+00
   5.0790299E+00  -1.3048437E+00   0.0000000E+00   2.3889396E+01  -1.1942394E+00  -2.2695156E+01   0.0000000E+00   0.0000000E+00
   5.1511685E+00  -1.2775097E+00   0.0000000E+00   2.3897143E+01  -1.1746530E+00  -2.2722490E+01   0.0000000E+00   0.0000000E+00
   5.2243316E+00  -1.2501123E+00   0.0000000E+00   2.3904456E+01  -1.1545679E+00  -2.2749888E+01   0.0000000E+00   0.0000000E+00
   5.2985338E+00  -1.2227396E+00   0.0000000E+00   2.3911349E+01  -1.1340881E+00  -2.2777260E+01   0.0000000E+00   0.0000000E+00
   5.3737899E+00  -1.1954877E+00   0.0000000E+00   2.3917838E+01  -1.1133261E+00  -2.2804512E+01   0.0000000E+00   0.0000000E+00
   5.4501147E+00  -1.1684581E+00   0.0000000E+00   2.3923941E+01  -1.0923996E+00  -2.2831542E+01   0.0000000E+00   0.0000000E+00
   5.5275236E+00  -1.1417551E+00   0.0000000E+00   2.3929674E+01  -1.0714288E+00  -2.2858245E+01   0.0000000E+00   0.0000000E+00
   5.6060318E+00  -1.1154824E+00   0.0000000E+00   2.3935051E+01  -1.0505332E+00  -2.2884518E+01   0.0000000E+00   0.0000000E+00
   5.6856550E+00  -1.0897402E+00   0.0000000E+00   2.3940089E+01  -1.0298290E+00  -2.2910260E+01   0.0000000E+00   0.0000000E+00
   5.7664091E+00  -1.0646227E+00   0.0000000E+00   2.3944803E+01  -1.0094256E+00  -2.2935377E+01   0.0000000E+00   0.0000000E+00
   5.8483100E+00  -1.0402155E+00   0.0000000E+00   2.3949208E+01  -9.8942399E-01  -2.2959784E+01   0.0000000E+00   0.0000000E+00
   5.9313741E+00  -1.0165936E+00   0.0000000E+00   2.3953320E+01  -9.6991401E-01  -2.2983406E+01   0.0000000E+00   0.0000000E+00
   6.0156179E+00  -9.9381971E-01   0.0000000E+00   2.3957153E+01  -9.5097301E-01  -2.3006180E+01   0.0000000E+00   0.0000000E+00
   6.1010582E+00  -9.7194307E-01   0.0000000E+00   2.3960721E+01  -9.3266455E-01  -2.3028057E+01   0.0000000E+00   0.0000000E+00
   6.1877119E+00  -9.5099873E-01   0.0000000E+00   2.3964039E+01  -9.1503759E-01  -2.3049001E+01   0.0000000E+00   0.0000000E+00
   6.2755963E+00  -9.3100712E-01   0.0000000E+00   2.3967119E+01  -8.9812608E-01  -2.3068993E+01   0.0000000E+00   0.0000000E+00
   6.3647288E+00  -9.1197404E-01   0.0000000E+00   2.3969975E+01  -8.8194897E-01  -2.3088026E+01   0.0000000E+00   0.0000000E+00
   6.4551272E+00  -8.9389099E-01   0.0000000E+00   2.3972619E+01  -8.6651047E-01  -2.3106109E+01   0.0000000E+00   0.0000000E+00
   6.5468095E+00  -8.7673571E-01   0.0000000E+00   2.3975065E+01  -8.5180063E-01  -2.3123264E+01   0.0000000E+00   0.0000000E+00
   6.6397938E+00  -8.6047306E-01   0.0000000E+00   2.3977323E+01  -8.3779616E-01  -2.3139527E+01   0.0000000E+00   0.0000000E+00
   6.7340988E+00  -8.4505604E-01   0.0000000E+00   2.3979405E+01  -8.2446148E-01  -2.3154944E+01   0.0000000E+00   0.0000000E+00
   6.8297431E+00  -8.3042699E-01   0.0000000E+00   2.3981323E+01  -8.1174988E-01  -2.3169573E+01   0.0000000E+00   0.0000000E+00
   6.9267458E+00  -8.1651896E-01   0.0000000E+00   2.3983086E+01  -7.9960494E-01  -2.3183481E+01   0.0000000E+00   0.0000000E+00
   7.0251261E+00  -8.0325715E-01   0.0000000E+00   2.3984705E+01  -7.8796192E-01  -2.3196743E+01   0.0000000E+00   0.0000000E+00
   7.1249036E+00  -7.9056053E-01   0.0000000E+00   2.3986189E+01  -7.7674942E-01  -2.3209439E+01   0.0000000E+00   0.0000000E+00
   7.2260982E+00  -7.7834349E-01   0.0000000E+00   2.3987548E+01  -7.6589098E-01  -2.3221657E+01   0.0000000E+00   0.0000000E+00
   7.3287300E+00  -7.6651748E-01   0.0000000E+00   2.3988789E+01  -7.5530680E-01  -2.3233483E+01   0.0000000E+00   0.0000000E+00
   7.4328194E+00  -7.5499280E-01   0.0000000E+00   2.3989923E+01  -7.4491546E-01  -2.3245007E+01   0.0000000E+00   0.0000000E+00
   7.5383871E+00  -7.4368029E-01   0.0000000E+00   2.3990955E+01  -7.3463567E-01  -2.3256320E+01   0.0000000E+00   0.0000000E+00
   7.6454541E+00  -7.3249304E-01   0.0000000E+00   2.3991895E+01  -7.2438797E-01  -2.3267507E+01   0.0000000E+00   0.0000000E+00
   7.7540416E+00  -7.2134794E-01   0.0000000E+00   2.3992748E+01  -7.1409628E-01  -2.3278652E+01   0.0000000E+00   0.0000000E+00
   7.8641714E+00  -7.1016722E-01   0.0000000E+00   2.3993522E+01  -7.0368948E-01  -2.3289833E+01   0.0000000E+00   0.0000000E+00
   7.9758653E+00  -6.9887977E-01   0.0000000E+00   2.3994223E+01  -6.9310271E-01  -2.3301120E+01   0.0000000E+00   0.0000000E+00
   8.0891454E+00  -6.8742230E-01   0.0000000E+00   2.3994856E+01  -6.8227855E-01  -2.3312578E+01   0.0000000E+00   0.0000000E+00
   8.2040344E+00  -6.7574024E-01   0.0000000E+00   2.3995428E+01  -6.7116796E-01  -2.3324260E+01   0.0000000E+00   0.0000000E+00
   8.3205551E+00  -6.6378848E-01   0.0000000E+00   2.3995942E+01  -6.5973096E-01  -2.3336212E+01   0.0000000E+00   0.0000000E+00
   8.4387306E+00  -6.5153173E-01   0.0000000E+00   2.3996405E+01  -6.4793711E-01  -2.3348468E+01   0.0000000E+00   0.0000000E+00
   8.5585845E+00  -6.3894475E-01   0.0000000E+00   2.3996821E+01  -6.3576565E-01  -2.3361055E+01   0.0000000E+00   0.0000000E+00
   8.6801406E+00  -6.2601222E-01   0.0000000E+00   2.3997193E+01  -6.2320546E-01  -2.3373988E+01   0.0000000E+00   0.0000000E+00
   8.8034230E+00  -6.1272841E-01   0.0000000E+00   2.3997526E+01  -6.1025469E-01  -2.3387272E+01   0.0000000E+00   0.0000000E+00
   8.9284564E+00  -5.9909662E-01   0.0000000E+00   2.3997824E+01  -5.9692027E-01  -2.3400903E+01   0.0000000E+00   0.0000000E+00
   9.0552655E+00  -5.8512852E-01   0.0000000E+00   2.3998089E+01  -5.8321718E-01  -2.3414871E+01   0.0000000E+00   0.0000000E+00
   9.1838755E+00  -5.7084317E-01   0.0000000E+00   2.3998324E+01  -5.6916758E-01  -2.3429157E+01   0.0000000E+00   0.0000000E+00
   9.3143121E+00  -5.5626616E-01   0.0000000E+00   2.3998534E+01  -5.5479990E-01  -2.3443734E+01   0.0000000E+00   0.0000000E+00
   9.4466012E+00  -5.4142849E-01   0.0000000E+00   2.3998719E+01  -5.4014775E-01  -2.3458572E+01   0.0000000E+00   0.0000000E+00
   9.5807691E+00  -5.2636558E-01   0.0000000E+00   2.3998883E+01  -5.2524894E-01  -2.3473634E+01   0.0000000E+00   0.0000000E+00
   9.7168425E+00  -5.1111619E-01   0.0000000E+00   2.3999028E+01  -5.1014443E-01  -2.3488884E+01   0.0000000E+00   0.0000000E+00
   9.8548485E+00  -4.9572143E-01   0.0000000E+00   2.3999156E+01  -4.9487733E-01  -2.3504279E+01   0.0000000E+00   0.0000000E+00
   9.9948144E+00  -4.8022383E-01   0.0000000E+00   2.3999268E+01  -4.7949200E-01  -2.3519776E+01   0.0000000E+00   0.0000000E+00
   1.0136768E+01  -4.6466650E-01   0.0000000E+00   2.3999367E+01  -4.6403321E-01  -2.3535334E+01   0.0000000E+00   0.0000000E+00
   1.0280738E+01  -4.4909235E-01   0.0000000E+00   2.3999453E+01  -4.4854538E-01  -2.3550908E+01   0.0000000E+00   0.0000000E+00
   1.0426752E+01  -4.3354346E-01   0.0000000E+00   2.3999529E+01  -4.3307196E-01  -2.3566457E+01   0.0000000E+00   0.0000000E+00
   1.0574841E+01  -4.1806053E-01   0.0000000E+00   2.3999594E+01  -4.1765487E-01  -2.3581939E+01   0.0000000E+00   0.0000000E+00
   1.0725032E+01  -4.0268241E-01   0.0000000E+00   2.3999652E+01  -4.0233408E-01  -2.3597318E+01   0.0000000E+00   0.0000000E+00
   1.0877357E+01  -3.8744577E-01   0.0000000E+00   2.3999702E+01  -3.8714726E-01  -2.3612554E+01   0.0000000E+00   0.0000000E+00
   1.1031845E+01  -3.7238482E-01   0.0000000E+00   2.3999745E+01  -3.7212951E-01  -2.3627615E+01   0.0000000E+00   0.0000000E+00
   1.1188526E+01  -3.5753114E-01   0.0000000E+00   2.3999782E+01  -3.5731322E-01  -2.3642469E+01   0.0000000E+00   0.0000000E+00
   1.1347434E+01  -3.4291356E-01   0.0000000E+00   2.3999814E+01  -3.4272792E-01  -2.3657086E+01   0.0000000E+00   0.0000000E+00
   1.1508598E+01  -3.2855807E-01   0.0000000E+00   2.3999842E+01  -3.2840025E-01  -2.3671442E+01   0.0000000E+00   0.0000000E+00
   1.1672050E+01  -3.1448789E-01   0.0000000E+00   2.3999866E+01  -3.1435400E-01  -2.3685512E+01   0.0000000E+00   0.0000000E+00
   1.1837825E+01  -3.0072345E-01   0.0000000E+00   2.3999887E+01  -3.0061009E-01  -2.3699277E+01   0.0000000E+00   0.0000000E+00
   1.2005953E+01  -2.8728248E-01   0.0000000E+00   2.3999904E+01  -2.8718670E-01  -2.3712718E+01   0.0000000E+00   0.0000000E+00
   1.2176470E+01  -2.7418013E-01   0.0000000E+00   2.3999919E+01  -2.7409938E-01  -2.3725820E+01   0.0000000E+00   0.0000000E+00
   1.2349408E+01  -2.6142906E-01   0.0000000E+00   2.3999932E+01  -2.6136112E-01  -2.3738571E+01   0.0000000E+00   0.0000000E+00
   1.2524802E+01  -2.4903961E-01   0.0000000E+00   2.3999943E+01  -2.4898257E-01  -2.3750960E+01   0.0000000E+00   0.0000000E+00
   1.2702687E+01  -2.3701989E-01   0.0000000E+00   2.3999952E+01  -2.3697210E-01  -2.3762980E+01   0.0000000E+00   0.0000000E+00
   1.2883099E+01  -2.2537599E-01   0.0000000E+00   2.3999960E+01  -2.2533604E-01  -2.3774624E+01   0.0000000E+00   0.0000000E+00
   1.3066073E+01  -2.1411210E-01   0.0000000E+00   2.3999967E+01  -2.1407877E-01  -2.3785888E+01   0.0000000E+00   0.0000000E+00
   1.3251645E+01  -2.0323066E-01   0.0000000E+00   2.3999972E+01  -2.0320292E-01  -2.3796769E+01   0.0000000E+00   0.0000000E+00
   1.3439853E+01  -1.9273252E-01   0.0000000E+00   2.3999977E+01  -1.9270948E-01  -2.3807267E+01   0.0000000E+00   0.0000000E+00
   1.3630735E+01  -1.8261707E-01   0.0000000E+00   2.3999981E+01  -1.8259798E-01  -2.3817383E+01   0.0000000E+00   0.0000000E+00
   1.3824327E+01  -1.7288240E-01   0.0000000E+00   2.3999984E+01  -1.7286661E-01  -2.3827118E+01   0.0000000E+00   0.0000000E+00
   1.4020668E+01  -1.6352540E-01   0.0000000E+00   2.3999987E+01  -1.6351238E-01  -2.3836475E+01   0.0000000E+00   0.0000000E+00
   1.4219798E+01  -1.5454191E-01   0.0000000E+00   2.3999989E+01  -1.5453120E-01  -2.3845458E+01   0.0000000E+00   0.0000000E+00
   1.4421756E+01  -1.4592685E-01   0.0000000E+00   2.3999991E+01  -1.4591805E-01  -2.3854073E+01   0.0000000E+00   0.0000000E+00
   1.4626582E+01  -1.3767427E-01   0.0000000E+00   2.3999993E+01  -1.3766706E-01  -2.3862326E+01   0.0000000E+00   0.0000000E+00
   1.4834317E+01  -1.2977754E-01   0.0000000E+00   2.3999994E+01  -1.2977165E-01  -2.3870222E+01   0.0000000E+00   0.0000000E+00
   1.5045003E+01  -1.2222937E-01   0.0000000E+00   2.3999995E+01  -1.2222456E-01  -2.3877771E+01   0.0000000E+00   0.0000000E+00
   1.5258681E+01  -1.1502193E-01   0.0000000E+00   2.3999996E+01  -1.1501802E-01  -2.3884978E+01   0.0000000E+00   0.0000000E+00
   1.5475393E+01  -1.0814695E-01   0.0000000E+00   2.3999997E+01  -1.0814377E-01  -2.3891853E+01   0.0000000E+00   0.0000000E+00
   1.5695183E+01  -1.0159575E-01   0.0000000E+00   2.3999997E+01  -1.0159318E-01  -2.3898404E+01   0.0000000E+00   0.0000000E+00
   1.5918095E+01  -9.5359356E-02   0.0000000E+00   2.3999998E+01  -9.5357282E-02  -2.3904641E+01   0.0000000E+00   0.0000000E+00
   1.6144173E+01  -8.9428538E-02   0.0000000E+00   2.3999998E+01  -8.9426867E-02  -2.3910571E+01   0.0000000E+00   0.0000000E+00
   1.6373461E+01  -8.3793868E-02   0.0000000E+00   2.3999999E+01  -8.3792526E-02  -2.3916206E+01   0.0000000E+00   0.0000000E+00
   1.6606006E+01  -7.8445785E-02   0.0000000E+00   2.3999999E+01  -7.8444709E-02  -2.3921554E+01   0.0000000E+00   0.0000000E+00
   1.6841853E+01  -7.3374631E-02   0.0000000E+00   2.3999999E+01  -7.3373771E-02  -2.3926625E+01   0.0000000E+00   0.0000000E+00
   1.7081050E+01  -6.8570705E-02   0.0000000E+00   2.3999999E+01  -6.8570019E-02  -2.3931429E+01   0.0000000E+00   0.0000000E+00
   1.7323645E+01  -6.4024295E-02   0.0000000E+00   2.3999999E+01  -6.4023750E-02  -2.3935976E+01   0.0000000E+00   0.0000000E+00
   1.7569684E+01  -5.9725720E-02   0.0000000E+00   2.4000000E+01  -5.9725288E-02  -2.3940274E+01   0.0000000E+00   0.0000000E+00
   1.7819218E+01  -5.5665356E-02   0.0000000E+00   2.4000000E+01  -5.5665015E-02  -2.3944335E+01   0.0000000E+00   0.0000000E+00
   1.8072296E+01  -5.1833671E-02   0.0000000E+00   2.4000000E+01  -5.1833402E-02  -2.3948166E+01   0.0000000E+00   0.0000000E+00
   1.8328968E+01  -4.8221246E-02   0.0000000E+00   2.4000000E+01  -4.8221035E-02  -2.3951779E+01   0.0000000E+00   0.0000000E+00
   1.8589285E+01  -4.4818800E-02   0.0000000E+00   2.4000000E+01  -4.4818634E-02  -2.3955181E+01   0.0000000E+00   0.0000000E+00
   1.8853300E+01  -4.1617209E-02   0.0000000E+00   2.4000000E+01  -4.1617079E-02  -2.3958383E+01   0.0000000E+00   0.0000000E+00
   1.9121064E+01  -3.8607524E-02   0.0000000E+00   2.4000000E+01  -3.8607423E-02  -2.3961392E+01   0.0000000E+00   0.0000000E+00
   1.9392631E+01  -3.5780988E-02   0.0000000E+00   2.4000000E+01  -3.5780910E-02  -2.3964219E+01   0.0000000E+00   0.0000000E+00
   1.9668055E+01  -3.3129046E-02   0.0000000E+00   2.4000000E+01  -3.3128986E-02  -2.3966871E+01   0.0000000E+00   0.0000000E+00
   1.9947390E+01  -3.0643358E-02   0.0000000E+00   2.4000000E+01  -3.0643312E-02  -2.3969357E+01   0.0000000E+00   0.0000000E+00
   2.0230693E+01  -2.8315809E-02   0.0000000E+00   2.4000000E+01  -2.8315773E-02  -2.3971684E+01   0.0000000E+00   0.0000000E+00
   2.0518019E+01  -2.6138513E-02   0.0000000E+00   2.4000000E+01  -2.6138486E-02  -2.3973861E+01   0.0000000E+00   0.0000000E+00
   2.0809426E+01  -2.4103825E-02   0.0000000E+00   2.4000000E+01  -2.4103805E-02  -2.3975896E+01   0.0000000E+00   0.0000000E+00
   2.1104971E+01  -2.2204340E-02   0.0000000E+00   2.4000000E+01  -2.2204324E-02  -2.3977796E+01   0.0000000E+00   0.0000000E+00
   2.1404714E+01  -2.0432898E-02   0.0000000E+00   2.4000000E+01  -2.0432887E-02  -2.3979567E+01   0.0000000E+00   0.0000000E+00
   2.1708714E+01  -1.8782590E-02   0.0000000E+00   2.4000000E+01  -1.8782581E-02  -2.3981217E+01   0.0000000E+00   0.0000000E+00
   2.2017031E+01  -1.7246751E-02   0.0000000E+00   2.4000000E+01  -1.7246745E-02  -2.3982753E+01   0.0000000E+00   0.0000000E+00
   2.2329728E+01  -1.5818968E-02   0.0000000E+00   2.4000000E+01  -1.5818964E-02  -2.3984181E+01   0.0000000E+00   0.0000000E+00
   2.2646865E+01  -1.4493075E-02   0.0000000E+00   2.4000000E+01  -1.4493072E-02  -2.3985507E+01   0.0000000E+00   0.0000000E+00
   2.2968506E+01  -1.3263152E-02   0.0000000E+00   2.4000000E+01  -1.3263150E-02  -2.3986737E+01   0.0000000E+00   0.0000000E+00
   2.3294715E+01  -1.2123523E-02   0.0000000E+00   2.4000000E+01  -1.2123522E-02  -2.3987876E+01   0.0000000E+00   0.0000000E+00
   2.3625557E+01  -1.1068752E-02   0.0000000E+00   2.4000000E+01  -1.1068751E-02  -2.3988931E+01   0.0000000E+00   0.0000000E+00
   2.3961098E+01  -1.0093641E-02   0.0000000E+00   2.4000000E+01  -1.0093641E-02  -2.3989906E+01   0.0000000E+00   0.0000000E+00
   2.4301405E+01  -9.1932252E-03   0.0000000E+00   2.4000000E+01  -9.1932252E-03  -2.3990807E+01   0.0000000E+00   0.0000000E+00
   2.4646544E+01  -8.3627678E-03   0.0000000E+00   2.4000000E+01  -8.3627681E-03  -2.3991637E+01   0.0000000E+00   0.0000000E+00
   2.4996585E+01  -7.5977561E-03   0.0000000E+00   2.4000000E+01  -7.5977566E-03  -2.3992402E+01   0.0000000E+00   0.0000000E+00
   2.5351598E+01  -6.8938959E-03   0.0000000E+00   2.4000000E+01  -6.8938965E-03  -2.3993106E+01   0.0000000E+00   0.0000000E+00
   2.5711652E+01  -6.2471058E-03   0.0000000E+00   2.4000000E+01  -6.2471065E-03  -2.3993753E+01   0.0000000E+00   0.0000000E+00
   2.6076820E+01  -5.6535119E-03   0.0000000E+00   2.4000000E+01  -5.6535127E-03  -2.3994346E+01   0.0000000E+00   0.0000000E+00
   2.6447174E+01  -5.1094415E-03   0.0000000E+00   2.4000000E+01  -5.1094423E-03  -2.3994891E+01   0.0000000E+00   0.0000000E+00
   2.6822789E+01  -4.6114174E-03   0.0000000E+00   2.4000000E+01  -4.6114182E-03  -2.3995389E+01   0.0000000E+00   0.0000000E+00
   2.7203737E+01  -4.1561514E-03   0.0000000E+00   2.4000000E+01  -4.1561522E-03  -2.3995844E+01   0.0000000E+00   0.0000000E+00
   2.7590096E+01  -3.7405381E-03   0.0000000E+00   2.4000000E+01  -3.7405390E-03  -2.3996259E+01   0.0000000E+00   0.0000000E+00
   2.7981942E+01  -3.3616490E-03   0.0000000E+00   2.4000000E+01  -3.3616499E-03  -2.3996638E+01   0.0000000E+00   0.0000000E+00
   2.8379354E+01  -3.0167255E-03   0.0000000E+00   2.4000000E+01  -3.0167264E-03  -2.3996983E+01   0.0000000E+00   0.0000000E+00
   2.8782409E+01  -2.7031728E-03   0.0000000E+00   2.4000000E+01  -2.7031737E-03  -2.3997297E+01   0.0000000E+00   0.0000000E+00
   2.9191189E+01  -2.4185536E-03   0.0000000E+00   2.4000000E+01  -2.4185545E-03  -2.3997581E+01   0.0000000E+00   0.0000000E+00
   2.9605774E+01  -2.1605817E-03   0.0000000E+00   2.4000000E+01  -2.1605826E-03  -2.3997839E+01   0.0000000E+00   0.0000000E+00
   3.0026247E+01  -1.9271156E-03   0.0000000E+00   2.4000000E+01  -1.9271165E-03  -2.3998073E+01   0.0000000E+00   0.0000000E+00
   3.0452692E+01  -1.7161523E-03   0.0000000E+00   2.4000000E+01  -1.7161532E-03  -2.3998284E+01   0.0000000E+00   0.0000000E+00
   3.0885194E+01  -1.5258213E-03   0.0000000E+00   2.4000000E+01  -1.5258222E-03  -2.3998474E+01   0.0000000E+00   0.0000000E+00
   3.1323838E+01  -1.3543781E-03   0.0000000E+00   2.4000000E+01  -1.3543789E-03  -2.3998646E+01   0.0000000E+00   0.0000000E+00
   3.1768711E+01  -1.2001985E-03   0.0000000E+00   2.4000000E+01  -1.2001993E-03  -2.3998800E+01   0.0000000E+00   0.0000000E+00
   3.2219903E+01  -1.0617726E-03   0.0000000E+00   2.4000000E+01  -1.0617735E-03  -2.3998938E+01   0.0000000E+00   0.0000000E+00
   3.2677503E+01  -9.3769926E-04   0.0000000E+00   2.4000000E+01  -9.3770012E-04  -2.3999062E+01   0.0000000E+00   0.0000000E+00
   3.3141602E+01  -8.2668317E-04   0.0000000E+00   2.4000000E+01  -8.2668402E-04  -2.3999173E+01   0.0000000E+00   0.0000000E+00
   3.3612292E+01  -7.3887894E-04   0.0000000E+00   2.4000000E+01  -7.3887978E-04  -2.3999261E+01   0.0000000E+00   0.0000000E+00
   3.4089667E+01  -5.4792055E-04   0.0000000E+00   2.4000000E+01  -5.4792139E-04  -2.3999452E+01   0.0000000E+00   0.0000000E+00
   3.4573821E+01  -5.5614843E-04   0.0000000E+00   2.4000000E+01  -5.5614926E-04  -2.3999444E+01   0.0000000E+00   0.0000000E+00
   3.5064852E+01  -5.0607043E-04   0.0000000E+00   2.4000000E+01  -5.0607126E-04  -2.3999494E+01   0.0000000E+00   0.0000000E+00
   3.5562856E+01  -3.9380262E-04   0.0000000E+00   2.4000000E+01  -3.9380344E-04  -2.3999606E+01   0.0000000E+00   0.0000000E+00
   3.6067934E+01  -3.6721468E-04   0.0000000E+00   2.4000000E+01  -3.6721550E-04  -2.3999633E+01   0.0000000E+00   0.0000000E+00
   3.6580184E+01  -3.2343428E-04   0.0000000E+00   2.4000000E+01  -3.2343509E-04  -2.3999677E+01   0.0000000E+00   0.0000000E+00
   3.7099710E+01  -2.8191560E-04   0.0000000E+00   2.4000000E+01  -2.8191642E-04  -2.3999718E+01   0.0000000E+00   0.0000000E+00
   3.7626614E+01  -2.4460782E-04   0.0000000E+00   2.4000000E+01  -2.4460862E-04  -2.3999755E+01   0.0000000E+00   0.0000000E+00
   3.8161001E+01  -2.1164616E-04   0.0000000E+00   2.4000000E+01  -2.1164696E-04  -2.3999788E+01   0.0000000E+00   0.0000000E+00
   3.8702978E+01  -1.8270835E-04   0.0000000E+00   2.4000000E+01  -1.8270914E-04  -2.3999817E+01   0.0000000E+00   0.0000000E+00
   3.9252652E+01  -1.5738674E-04   0.0000000E+00   2.4000000E+01  -1.5738753E-04  -2.3999843E+01   0.0000000E+00   0.0000000E+00
   3.9810132E+01  -1.3528370E-04   0.0000000E+00   2.4000000E+01  -1.3528449E-04  -2.3999865E+01   0.0000000E+00   0.0000000E+00
   4.0375530E+01  -1.1603312E-04   0.0000000E+00   2.4000000E+01  -1.1603390E-04  -2.3999884E+01   0.0000000E+00   0.0000000E+00
   4.0948958E+01  -9.9303624E-05   0.0000000E+00   2.4000000E+01  -9.9304402E-05  -2.3999901E+01   0.0000000E+00   0.0000000E+00
   4.1530530E+01  -8.4797121E-05   0.0000000E+00   2.4000000E+01  -8.4797895E-05  -2.3999915E+01   0.0000000E+00   0.0000000E+00
   4.2120362E+01  -7.2246323E-05   0.0000000E+00   2.4000000E+01  -7.2247092E-05  -2.3999928E+01   0.0000000E+00   0.0000000E+00
   4.2718570E+01  -6.1412182E-05   0.0000000E+00   2.4000000E+01  -6.1412946E-05  -2.3999939E+01   0.0000000E+00   0.0000000E+00
   4.3325275E+01  -5.2081411E-05   0.0000000E+00   2.4000000E+01  -5.2082170E-05  -2.3999948E+01   0.0000000E+00   0.0000000E+00
   4.3940596E+01  -4.4064160E-05   0.0000000E+00   2.4000000E+01  -4.4064914E-05  -2.3999956E+01   0.0000000E+00   0.0000000E+00
   4.4564656E+01  -3.7191844E-05   0.0000000E+00   2.4000000E+01  -3.7192594E-05  -2.3999963E+01   0.0000000E+00   0.0000000E+00
   4.5197578E+01  -3.1315122E-05   0.0000000E+00   2.4000000E+01  -3.1315867E-05  -2.3999969E+01   0.0000000E+00   0.0000000E+00
   4.5839490E+01  -2.6302026E-05   0.0000000E+00   2.4000000E+01  -2.6302765E-05  -2.3999974E+01   0.0000000E+00   0.0000000E+00
   4.6490519E+01  -2.2036230E-05   0.0000000E+00   2.4000000E+01  -2.2036964E-05  -2.3999978E+01   0.0000000E+00   0.0000000E+00
   4.7150793E+01  -1.8415456E-05   0.0000000E+00   2.4000000E+01  -1.8416185E-05  -2.3999982E+01   0.0000000E+00   0.0000000E+00
   4.7820445E+01  -1.5350008E-05   0.0000000E+00   2.4000000E+01  -1.5350732E-05  -2.3999985E+01   0.0000000E+00   0.0000000E+00
   4.8499608E+01  -1.2761429E-05   0.0000000E+00   2.4000000E+01  -1.2762148E-05  -2.3999987E+01   0.0000000E+00   0.0000000E+00
   4.9188416E+01  -1.0581274E-05   0.0000000E+00   2.4000000E+01  -1.0581988E-05  -2.3999989E+01   0.0000000E+00   0.0000000E+00
   4.9887006E+01  -8.7499931E-06   0.0000000E+00   2.4000000E+01  -8.7507025E-06  -2.3999991E+01   0.0000000E+00   0.0000000E+00
   5.0595519E+01  -7.2159148E-06   0.0000000E+00   2.4000000E+01  -7.2166191E-06  -2.3999993E+01   0.0000000E+00   0.0000000E+00
   5.1314093E+01  -5.9343286E-06   0.0000000E+00   2.4000000E+01  -5.9350278E-06  -2.3999994E+01   0.0000000E+00   0.0000000E+00
   5.2042873E+01  -4.8666548E-06   0.0000000E+00   2.4000000E+01  -4.8673489E-06  -2.3999995E+01   0.0000000E+00   0.0000000E+00
   5.2782004E+01  -3.9796986E-06   0.0000000E+00   2.4000000E+01  -3.9803874E-06  -2.3999996E+01   0.0000000E+00   0.0000000E+00
   5.3531632E+01  -3.2449801E-06   0.0000000E+00   2.4000000E+01  -3.2456638E-06  -2.3999997E+01   0.0000000E+00   0.0000000E+00
   5.4291906E+01  -2.6381366E-06   0.0000000E+00   2.4000000E+01  -2.6388151E-06  -2.3999997E+01   0.0000000E+00   0.0000000E+00
   5.5062977E+01  -2.1383884E-06   0.0000000E+00   2.4000000E+01  -2.1390616E-06  -2.3999998E+01   0.0000000E+00   0.0000000E+00
   5.5845000E+01  -1.7280637E-06   0.0000000E+00   2.4000000E+01  -1.7287317E-06  -2.3999998E+01   0.0000000E+00   0.0000000E+00
   5.6638129E+01  -1.3921842E-06   0.0000000E+00   2.4000000E+01  -1.3928468E-06  -2.3999999E+01   0.0000000E+00   0.0000000E+00
   5.7442522E+01  -1.1180886E-06   0.0000000E+00   2.4000000E+01  -1.1187460E-06  -2.3999999E+01   0.0000000E+00   0.0000000E+00
   5.8258340E+01  -8.9510989E-07   0.0000000E+00   2.4000000E+01  -8.9576190E-07  -2.3999999E+01   0.0000000E+00   0.0000000E+00
   5.9085744E+01  -7.1428913E-07   0.0000000E+00   2.4000000E+01  -7.1493579E-07  -2.3999999E+01   0.0000000E+00   0.0000000E+00
   5.9924899E+01  -5.6812647E-07   0.0000000E+00   2.4000000E+01  -5.6876770E-07  -2.3999999E+01   0.0000000E+00   0.0000000E+00
   6.0775972E+01  -4.5036371E-07   0.0000000E+00   2.4000000E+01  -4.5099949E-07  -2.4000000E+01   0.0000000E+00   0.0000000E+00
   6.1639131E+01   6.3036509E-10   0.0000000E+00   2.4000000E+01   0.0000000E+00  -2.4000000E+01   0.0000000E+00   0.0000000E+00
   6.2514550E+01   6.2483707E-10   0.0000000E+00   2.4000000E+01   0.0000000E+00  -2.4000000E+01   0.0000000E+00   0.0000000E+00
   6.3402402E+01   6.1936589E-10   0.0000000E+00   2.4000000E+01   0.0000000E+00  -2.4000000E+01   0.0000000E+00   0.0000000E+00
   6.4302863E+01   6.1379524E-10   0.0000000E+00   2.4000000E+01   0.0000000E+00  -2.4000000E+01   0.0000000E+00   0.0000000E+00
   6.5216113E+01   6.0818195E-10   0.0000000E+00   2.4000000E+01   0.0000000E+00  -2.4000000E+01   0.0000000E+00   0.0000000E+00
   6.6142333E+01   6.0259708E-10   0.0000000E+00   2.4000000E+01   0.0000000E+00  -2.4000000E+01   0.0000000E+00   0.0000000E+00
   6.7081707E+01   5.9692695E-10   0.0000000E+00   2.4000000E+01   0.0000000E+00  -2.4000000E+01   0.0000000E+00   0.0000000E+00
   6.8034422E+01   5.9129945E-10   0.0000000E+00   2.4000000E+01   0.0000000E+00  -2.4000000E+01   0.0000000E+00   0.0000000E+00
   6.9000669E+01   5.8557248E-10   0.0000000E+00   2.4000000E+01   0.0000000E+00  -2.4000000E+01   0.0000000E+00   0.0000000E+00
   6.9980638E+01   5.7985972E-10   0.0000000E+00   2.4000000E+01   0.0000000E+00  -2.4000000E+01   0.0000000E+00   0.0000000E+00
   7.0974525E+01   5.7406169E-10   0.0000000E+00   2.4000000E+01   0.0000000E+00  -2.4000000E+01   0.0000000E+00   0.0000000E+00
   7.1982527E+01   5.6820681E-10   0.0000000E+00   2.4000000E+01   0.0000000E+00  -2.4000000E+01   0.0000000E+00   0.0000000E+00
   7.3004845E+01   5.6240879E-10   0.0000000E+00   2.4000000E+01   0.0000000E+00  -2.4000000E+01   0.0000000E+00   0.0000000E+00
   7.4041682E+01   5.5648286E-10   0.0000000E+00   2.4000000E+01   0.0000000E+00  -2.4000000E+01   0.0000000E+00   0.0000000E+00
   7.5093245E+01   5.5058536E-10   0.0000000E+00   2.4000000E+01   0.0000000E+00  -2.4000000E+01   0.0000000E+00   0.0000000E+00
   7.6159742E+01   5.4460259E-10   0.0000000E+00   2.4000000E+01   0.0000000E+00  -2.4000000E+01   0.0000000E+00   0.0000000E+00
   7.7241386E+01   5.3861982E-10   0.0000000E+00   2.4000000E+01   0.0000000E+00  -2.4000000E+01   0.0000000E+00   0.0000000E+00
   7.8338392E+01   5.3255178E-10   0.0000000E+00   2.4000000E+01   0.0000000E+00  -2.4000000E+01   0.0000000E+00   0.0000000E+00
   7.9450978E+01   5.2646953E-10   0.0000000E+00   2.4000000E+01   0.0000000E+00  -2.4000000E+01   0.0000000E+00   0.0000000E+00
   8.0579365E+01   5.2040150E-10   0.0000000E+00   2.4000000E+01   0.0000000E+00  -2.4000000E+01   0.0000000E+00   0.0000000E+00
   8.1723777E+01   5.1420557E-10   0.0000000E+00   2.4000000E+01   0.0000000E+00  -2.4000000E+01   0.0000000E+00   0.0000000E+00
   8.2884443E+01   5.0809490E-10   0.0000000E+00   2.4000000E+01   0.0000000E+00  -2.4000000E+01   0.0000000E+00   0.0000000E+00
   8.4061592E+01   5.0184212E-10   0.0000000E+00   2.4000000E+01   0.0000000E+00  -2.4000000E+01   0.0000000E+00   0.0000000E+00
   8.5255460E+01   4.9563198E-10   0.0000000E+00   2.4000000E+01   0.0000000E+00  -2.4000000E+01   0.0000000E+00   0.0000000E+00
   8.6466284E+01   4.8930815E-10   0.0000000E+00   2.4000000E+01   0.0000000E+00  -2.4000000E+01   0.0000000E+00   0.0000000E+00
   8.7694304E+01   4.8295590E-10   0.0000000E+00   2.4000000E+01   0.0000000E+00  -2.4000000E+01   0.0000000E+00   0.0000000E+00
   8.8939764E+01   4.7663207E-10   0.0000000E+00   2.4000000E+01   0.0000000E+00  -2.4000000E+01   0.0000000E+00   0.0000000E+00
   9.0202913E+01   4.7018034E-10   0.0000000E+00   2.4000000E+01   0.0000000E+00  -2.4000000E+01   0.0000000E+00   0.0000000E+00
   9.1484002E+01   4.6375703E-10   0.0000000E+00   2.4000000E+01   0.0000000E+00  -2.4000000E+01   0.0000000E+00   0.0000000E+00
   9.2783284E+01   4.5724846E-10   0.0000000E+00   2.4000000E+01   0.0000000E+00  -2.4000000E+01   0.0000000E+00   0.0000000E+00
   9.4101020E+01   4.5072568E-10   0.0000000E+00   2.4000000E+01   0.0000000E+00  -2.4000000E+01   0.0000000E+00   0.0000000E+00
   9.5437470E+01   4.4410342E-10   0.0000000E+00   2.4000000E+01   0.0000000E+00  -2.4000000E+01   0.0000000E+00   0.0000000E+00
   9.6792901E+01   4.3745274E-10   0.0000000E+00   2.4000000E+01   0.0000000E+00  -2.4000000E+01   0.0000000E+00   0.0000000E+00
   9.8167582E+01   4.3078785E-10   0.0000000E+00   2.4000000E+01   0.0000000E+00  -2.4000000E+01   0.0000000E+00   0.0000000E+00
   9.9561787E+01   4.2400927E-10   0.0000000E+00   2.4000000E+01   0.0000000E+00  -2.4000000E+01   0.0000000E+00   0.0000000E+00
   1.0097579E+02   4.1727333E-10   0.0000000E+00   2.4000000E+01   0.0000000E+00  -2.4000000E+01   0.0000000E+00   0.0000000E+00
   1.0240988E+02   4.1040948E-10   0.0000000E+00   2.4000000E+01   0.0000000E+00  -2.4000000E+01   0.0000000E+00   0.0000000E+00
   1.0386433E+02   4.0350301E-10   0.0000000E+00   2.4000000E+01   0.0000000E+00  -2.4000000E+01   0.0000000E+00   0.0000000E+00
   1.0533945E+02   3.9661074E-10   0.0000000E+00   2.4000000E+01   0.0000000E+00  -2.4000000E+01   0.0000000E+00   0.0000000E+00
   1.0683551E+02   3.8960479E-10   0.0000000E+00   2.4000000E+01   0.0000000E+00  -2.4000000E+01   0.0000000E+00   0.0000000E+00
   1.0835282E+02   3.8259884E-10   0.0000000E+00   2.4000000E+01   0.0000000E+00  -2.4000000E+01   0.0000000E+00   0.0000000E+00
   1.0989167E+02   3.7547920E-10   0.0000000E+00   2.4000000E+01   0.0000000E+00  -2.4000000E+01   0.0000000E+00   0.0000000E+00
   1.1145239E+02   3.6841641E-10   0.0000000E+00   2.4000000E+01   0.0000000E+00  -2.4000000E+01   0.0000000E+00   0.0000000E+00
   1.1303526E+02   3.6121151E-10   0.0000000E+00   2.4000000E+01   0.0000000E+00  -2.4000000E+01   0.0000000E+00   0.0000000E+00
   1.1464062E+02   3.5396397E-10   0.0000000E+00   2.4000000E+01   0.0000000E+00  -2.4000000E+01   0.0000000E+00   0.0000000E+00
   1.1626878E+02   3.4671643E-10   0.0000000E+00   2.4000000E+01   0.0000000E+00  -2.4000000E+01   0.0000000E+00   0.0000000E+00
   1.1792006E+02   3.3936942E-10   0.0000000E+00   2.4000000E+01   0.0000000E+00  -2.4000000E+01   0.0000000E+00   0.0000000E+00
   1.1959480E+02   3.3200820E-10   0.0000000E+00   2.4000000E+01   0.0000000E+00  -2.4000000E+01   0.0000000E+00   0.0000000E+00
   1.2129332E+02   3.2451908E-10   0.0000000E+00   2.4000000E+01   0.0000000E+00  -2.4000000E+01   0.0000000E+00   0.0000000E+00
   1.2301596E+02   3.1702996E-10   0.0000000E+00   2.4000000E+01   0.0000000E+00  -2.4000000E+01   0.0000000E+00   0.0000000E+00
   1.2476307E+02   3.0939873E-10   0.0000000E+00   2.4000000E+01   0.0000000E+00  -2.4000000E+01   0.0000000E+00   0.0000000E+00
   1.2653499E+02   3.0171066E-10   0.0000000E+00   2.4000000E+01   0.0000000E+00  -2.4000000E+01   0.0000000E+00   0.0000000E+00
   1.2833207E+02   2.9405101E-10   0.0000000E+00   2.4000000E+01   0.0000000E+00  -2.4000000E+01   0.0000000E+00   0.0000000E+00
   1.3015468E+02   2.8624925E-10   0.0000000E+00   2.4000000E+01   0.0000000E+00  -2.4000000E+01   0.0000000E+00   0.0000000E+00
   1.3200317E+02   2.7846170E-10   0.0000000E+00   2.4000000E+01   0.0000000E+00  -2.4000000E+01   0.0000000E+00   0.0000000E+00
   1.3387792E+02   2.7054625E-10   0.0000000E+00   2.4000000E+01   0.0000000E+00  -2.4000000E+01   0.0000000E+00   0.0000000E+00
   1.3577929E+02   2.6264502E-10   0.0000000E+00   2.4000000E+01   0.0000000E+00  -2.4000000E+01   0.0000000E+00   0.0000000E+00
   1.3770766E+02   2.5458746E-10   0.0000000E+00   2.4000000E+01   0.0000000E+00  -2.4000000E+01   0.0000000E+00   0.0000000E+00
   1.3966343E+02   2.4648728E-10   0.0000000E+00   2.4000000E+01   0.0000000E+00  -2.4000000E+01   0.0000000E+00   0.0000000E+00
   1.4164697E+02   2.3837288E-10   0.0000000E+00   2.4000000E+01   0.0000000E+00  -2.4000000E+01   0.0000000E+00   0.0000000E+00
   1.4365867E+02   2.3015900E-10   0.0000000E+00   2.4000000E+01   0.0000000E+00  -2.4000000E+01   0.0000000E+00   0.0000000E+00
   1.4569895E+02   2.2190250E-10   0.0000000E+00   2.4000000E+01   0.0000000E+00  -2.4000000E+01   0.0000000E+00   0.0000000E+00
   1.4776821E+02   2.1353230E-10   0.0000000E+00   2.4000000E+01   0.0000000E+00  -2.4000000E+01   0.0000000E+00   0.0000000E+00
   1.4986686E+02   2.0509106E-10   0.0000000E+00   2.4000000E+01   0.0000000E+00  -2.4000000E+01   0.0000000E+00   0.0000000E+00
   1.5199531E+02   1.9664981E-10   0.0000000E+00   2.4000000E+01   0.0000000E+00  -2.4000000E+01   0.0000000E+00   0.0000000E+00
   1.5415398E+02   1.8808066E-10   0.0000000E+00   2.4000000E+01   0.0000000E+00  -2.4000000E+01   0.0000000E+00   0.0000000E+00
   1.5634332E+02   1.7949731E-10   0.0000000E+00   2.4000000E+01   0.0000000E+00  -2.4000000E+01   0.0000000E+00   0.0000000E+00
   1.5856375E+02   1.7075763E-10   0.0000000E+00   2.4000000E+01   0.0000000E+00  -2.4000000E+01   0.0000000E+00   0.0000000E+00
   1.6081572E+02   1.6201795E-10   0.0000000E+00   2.4000000E+01   0.0000000E+00  -2.4000000E+01   0.0000000E+00   0.0000000E+00
   1.6309967E+02   1.5312196E-10   0.0000000E+00   2.4000000E+01   0.0000000E+00  -2.4000000E+01   0.0000000E+00   0.0000000E+00
   1.6541605E+02   1.4415491E-10   0.0000000E+00   2.4000000E+01   0.0000000E+00  -2.4000000E+01   0.0000000E+00   0.0000000E+00
   1.6776534E+02   1.3515944E-10   0.0000000E+00   2.4000000E+01   0.0000000E+00  -2.4000000E+01   0.0000000E+00   0.0000000E+00
   1.7014798E+02   1.2605028E-10   0.0000000E+00   2.4000000E+01   0.0000000E+00  -2.4000000E+01   0.0000000E+00   0.0000000E+00
   1.7256447E+02   1.1692691E-10   0.0000000E+00   2.4000000E+01   0.0000000E+00  -2.4000000E+01   0.0000000E+00   0.0000000E+00
   1.7501528E+02   1.0763301E-10   0.0000000E+00   2.4000000E+01   0.0000000E+00  -2.4000000E+01   0.0000000E+00   0.0000000E+00
   1.7750089E+02   9.8324904E-11   0.0000000E+00   2.4000000E+01   0.0000000E+00  -2.4000000E+01   0.0000000E+00   0.0000000E+00
   1.8002181E+02   8.8860475E-11   0.0000000E+00   2.4000000E+01   0.0000000E+00  -2.4000000E+01   0.0000000E+00   0.0000000E+00
   1.8257853E+02   7.9324991E-11   0.0000000E+00   2.4000000E+01   0.0000000E+00  -2.4000000E+01   0.0000000E+00   0.0000000E+00
   1.8517155E+02   6.9775297E-11   0.0000000E+00   2.4000000E+01   0.0000000E+00  -2.4000000E+01   0.0000000E+00   0.0000000E+00
   1.8780141E+02   6.0040861E-11   0.0000000E+00   2.4000000E+01   0.0000000E+00  -2.4000000E+01   0.0000000E+00   0.0000000E+00
   1.9046862E+02   5.0306426E-11   0.0000000E+00   2.4000000E+01   0.0000000E+00  -2.4000000E+01   0.0000000E+00   0.0000000E+00
   1.9317370E+02   4.0401460E-11   0.0000000E+00   2.4000000E+01   0.0000000E+00  -2.4000000E+01   0.0000000E+00   0.0000000E+00
   1.9591721E+02   3.0510705E-11   0.0000000E+00   2.4000000E+01   0.0000000E+00  -2.4000000E+01   0.0000000E+00   0.0000000E+00
   1.9869967E+02   2.0420998E-11   0.0000000E+00   2.4000000E+01   0.0000000E+00  -2.4000000E+01   0.0000000E+00   0.0000000E+00
   2.0152166E+02   1.0246026E-11   0.0000000E+00   2.4000000E+01   0.0000000E+00  -2.4000000E+01   0.0000000E+00   0.0000000E+00
