#                                         4                             5                             8                             9                            11
  0.0000000E+00  0.0000000E+00  0.0000000E+00  0.0000000E+00 -0.0000000E+00  0.0000000E+00  0.0000000E+00  0.0000000E+00 -0.0000000E+00  0.0000000E+00  0.0000000E+00
  5.0071180E-06 -1.9610103E-04  9.6657727E-06  5.6664487E-05 -3.4012156E-06  4.1495893E-08  3.3720776E-11 -8.9544107E-09 -7.4539423E-12 -3.3338051E-13  4.5587253E-17
  1.0085348E-05 -3.8304377E-04  1.9468821E-05  1.1068263E-04 -6.8507361E-06  1.3724072E-07  1.3680555E-10 -2.9615215E-08 -3.0240724E-11 -2.1043417E-12  3.7252262E-16
  1.5235701E-05 -5.6823082E-04  2.9411095E-05  1.6419346E-04 -1.0349248E-05  2.7776086E-07  3.1220997E-10 -5.9938098E-08 -6.9013690E-11 -6.2341540E-12  1.2843023E-15
  2.0459200E-05 -7.5315068E-04  3.9494571E-05  2.1762708E-04 -1.3897446E-05  4.5977236E-07  5.6298807E-10 -9.9214415E-08 -1.2444793E-10 -1.3550404E-11  3.1098961E-15
  2.5756884E-05 -9.3848540E-04  4.9721255E-05  2.7118058E-04 -1.7496036E-05  6.8170266E-07  8.9229520E-10 -1.4710482E-07 -1.9724093E-10 -2.4856461E-11  6.2052592E-15
  3.1129808E-05 -1.1246796E-03  6.0093181E-05  3.2498243E-04 -2.1145735E-05  9.4271956E-07  1.3033912E-09 -2.0342974E-07 -2.8811327E-10 -4.0958050E-11  1.0954921E-14
  3.6579039E-05 -1.3120047E-03  7.0612411E-05  3.7911105E-04 -2.4847267E-05  1.2424949E-06  1.7996435E-09 -2.6811835E-07 -3.9780932E-10 -6.2675071E-11  1.7773658E-14
  4.2105661E-05 -1.5006614E-03  8.1281038E-05  4.3362443E-04 -2.8601369E-05  1.5810082E-06  2.3845305E-09 -3.4116624E-07 -5.2709799E-10 -9.0850772E-11  2.7108246E-14
  4.7710774E-05 -1.6908058E-03  9.2101184E-05  4.8856771E-04 -3.2408789E-05  1.9584494E-06  3.0616449E-09 -4.2261440E-07 -6.7677342E-10 -1.2635790E-10  3.9439312E-14
  5.3395492E-05 -1.8825649E-03  1.0307500E-04  5.4397756E-04 -3.6270282E-05  2.3751753E-06  3.8346972E-09 -5.1253984E-07 -8.4765583E-10 -1.7010392E-10  5.5283269E-14
  5.9160945E-05 -2.0760449E-03  1.1420467E-04  5.9988466E-04 -4.0186616E-05  2.8316718E-06  4.7075193E-09 -6.1104737E-07 -1.0405922E-09 -2.2303525E-10  7.5194358E-14
  6.5008281E-05 -2.2713372E-03  1.2549240E-04  6.5631545E-04 -4.4158572E-05  3.3285313E-06  5.6840680E-09 -7.1826485E-07 -1.2564573E-09 -2.8614099E-10  9.9766789E-14
  7.0938662E-05 -2.4685225E-03  1.3694045E-04  7.1329321E-04 -4.8186938E-05  3.8664377E-06  6.7684292E-09 -8.3433988E-07 -1.4961542E-09 -3.6045657E-10  1.2963699E-13
  7.6953268E-05 -2.6676732E-03  1.4855108E-04  7.7083889E-04 -5.2272516E-05  4.4461550E-06  7.9648214E-09 -9.5943727E-07 -1.7606155E-09 -4.4706714E-10  1.6548596E-13
  8.3053295E-05 -2.8688555E-03  1.6032661E-04  8.2897160E-04 -5.6416119E-05  5.0685183E-06  9.2775998E-09 -1.0937373E-06 -2.0508038E-09 -5.4711095E-10  2.0804177E-13
  8.9239956E-05 -3.0721307E-03  1.7226938E-04  8.8770907E-04 -6.0618569E-05  5.7344287E-06  1.0711261E-08 -1.2374343E-06 -2.3677131E-09 -6.6178266E-10  2.5808216E-13
  9.5514481E-05 -3.2775562E-03  1.8438177E-04  9.4706787E-04 -6.4880704E-05  6.4448477E-06  1.2270446E-08 -1.3907359E-06 -2.7123693E-09 -7.9233675E-10  3.1643725E-13
  1.0187812E-04 -3.4851863E-03  1.9666617E-04  1.0070637E-03 -6.9203371E-05  7.2007949E-06  1.3959946E-08 -1.5538621E-06 -3.0858315E-09 -9.4009087E-10  3.8399246E-13
  1.0833213E-04 -3.6950729E-03  2.0912505E-04  1.0677116E-03 -7.3587430E-05  8.0033447E-06  1.5784706E-08 -1.7270446E-06 -3.4891928E-09 -1.1064294E-09  4.6169146E-13
  1.1487781E-04 -3.9072659E-03  2.2176086E-04  1.1290259E-03 -7.8033752E-05  8.8536249E-06  1.7749830E-08 -1.9105269E-06 -3.9235815E-09 -1.2928071E-09  5.5053939E-13
  1.2151645E-04 -4.1218132E-03  2.3457614E-04  1.1910205E-03 -8.2543221E-05  9.7528152E-06  1.9860586E-08 -2.1045635E-06 -4.3901618E-09 -1.5007527E-09  6.5160616E-13
  1.2824938E-04 -4.3387619E-03  2.4757341E-04  1.2537090E-03 -8.7116735E-05  1.0702147E-05  2.2122409E-08 -2.3094202E-06 -4.8901355E-09 -1.7318727E-09  7.6602989E-13
  1.3507792E-04 -4.5581575E-03  2.6075528E-04  1.3171045E-03 -9.1755203E-05  1.1702901E-05  2.4540909E-08 -2.5253733E-06 -5.4247423E-09 -1.9878555E-09  8.9502064E-13
  1.4200345E-04 -4.7800449E-03  2.7412437E-04  1.3812200E-03 -9.6459548E-05  1.2756410E-05  2.7121873E-08 -2.7527105E-06 -5.9952618E-09 -2.2704755E-09  1.0398642E-12
  1.4902733E-04 -5.0044681E-03  2.8768332E-04  1.4460683E-03 -1.0123071E-04  1.3864057E-05  2.9871275E-08 -2.9917300E-06 -6.6030142E-09 -2.5815972E-09  1.2019260E-12
  1.5615097E-04 -5.2314706E-03  3.0143484E-04  1.5116619E-03 -1.0606962E-04  1.5027273E-05  3.2795276E-08 -3.2427410E-06 -7.2493616E-09 -2.9231801E-09  1.3826556E-12
  1.6337579E-04 -5.4610953E-03  3.1538166E-04  1.5780131E-03 -1.1097727E-04  1.6247544E-05  3.5900233E-08 -3.5060637E-06 -7.9357092E-09 -3.2972827E-09  1.5835909E-12
  1.7070321E-04 -5.6933849E-03  3.2952656E-04  1.6451344E-03 -1.1595461E-04  1.7526403E-05  3.9192706E-08 -3.7820294E-06 -8.6635068E-09 -3.7060679E-09  1.8063628E-12
  1.7813469E-04 -5.9283816E-03  3.4387234E-04  1.7130379E-03 -1.2100264E-04  1.8865439E-05  4.2679459E-08 -4.0709805E-06 -9.4342500E-09 -4.1518076E-09  2.0526999E-12
  1.8567172E-04 -6.1661274E-03  3.5842187E-04  1.7817359E-03 -1.2612236E-04  2.0266291E-05  4.6367472E-08 -4.3732709E-06 -1.0249481E-08 -4.6368884E-09  2.3244341E-12
  1.9331579E-04 -6.4066644E-03  3.7317804E-04  1.8512403E-03 -1.3131480E-04  2.1730652E-05  5.0263944E-08 -4.6892660E-06 -1.1110793E-08 -5.1638166E-09  2.6235053E-12
  2.0106843E-04 -6.6500343E-03  3.8814378E-04  1.9215633E-03 -1.3658098E-04  2.3260269E-05  5.4376301E-08 -5.0193428E-06 -1.2019825E-08 -5.7352242E-09  2.9519676E-12
  2.0893117E-04 -6.8962788E-03  4.0332206E-04  1.9927169E-03 -1.4192195E-04  2.4856945E-05  5.8712201E-08 -5.3638903E-06 -1.2978271E-08 -6.3538749E-09  3.3119948E-12
  2.1690558E-04 -7.1454396E-03  4.1871591E-04  2.0647132E-03 -1.4733877E-04  2.6522540E-05  6.3279542E-08 -5.7233097E-06 -1.3987877E-08 -7.0226699E-09  3.7058864E-12
  2.2499324E-04 -7.3975586E-03  4.3432838E-04  2.1375642E-03 -1.5283253E-04  2.8258969E-05  6.8086472E-08 -6.0980147E-06 -1.5050444E-08 -7.7446550E-09  4.1360745E-12
  2.3319577E-04 -7.6526775E-03  4.5016259E-04  2.2112822E-03 -1.5840431E-04  3.0068209E-05  7.3141391E-08 -6.4884313E-06 -1.6167828E-08 -8.5230266E-09  4.6051303E-12
  2.4151479E-04 -7.9108382E-03  4.6622168E-04  2.2858790E-03 -1.6405522E-04  3.1952293E-05  7.8452961E-08 -6.8949988E-06 -1.7341945E-08 -9.3611394E-09  5.1157712E-12
  2.4995196E-04 -8.1720828E-03  4.8250884E-04  2.3613670E-03 -1.6978638E-04  3.3913319E-05  8.4030117E-08 -7.3181696E-06 -1.8574770E-08 -1.0262514E-08  5.6708682E-12
  2.5850895E-04 -8.4364533E-03  4.9902732E-04  2.4377582E-03 -1.7559895E-04  3.5953446E-05  8.9882069E-08 -7.7584095E-06 -1.9868338E-08 -1.1230842E-08  6.2734537E-12
  2.6718748E-04 -8.7039922E-03  5.1578040E-04  2.5150649E-03 -1.8149406E-04  3.8074896E-05  9.6018315E-08 -8.2161983E-06 -2.1224748E-08 -1.2269999E-08  6.9267295E-12
  2.7598925E-04 -8.9747419E-03  5.3277140E-04  2.5932994E-03 -1.8747290E-04  4.0279958E-05  1.0244865E-07 -8.6920298E-06 -2.2646167E-08 -1.3384049E-08  7.6340756E-12
  2.8491604E-04 -9.2487451E-03  5.5000372E-04  2.6724739E-03 -1.9353664E-04  4.2570988E-05  1.0918316E-07 -9.1864123E-06 -2.4134825E-08 -1.4577254E-08  8.3990588E-12
  2.9396960E-04 -9.5260447E-03  5.6748078E-04  2.7526010E-03 -1.9968651E-04  4.4950411E-05  1.1623227E-07 -9.6998692E-06 -2.5693023E-08 -1.5854082E-08  9.2254425E-12
  3.0315175E-04 -9.8066838E-03  5.8520605E-04  2.8336931E-03 -2.0592372E-04  4.7420721E-05  1.2360671E-07 -1.0232939E-05 -2.7323133E-08 -1.7219219E-08  1.0117196E-11
  3.1246430E-04 -1.0090706E-02  6.0318305E-04  2.9157627E-03 -2.1224952E-04  4.9984486E-05  1.3131752E-07 -1.0786175E-05 -2.9027602E-08 -1.8677580E-08  1.1078505E-11
  3.2190911E-04 -1.0378155E-02  6.2141537E-04  2.9988224E-03 -2.1866515E-04  5.2644347E-05  1.3937613E-07 -1.1360148E-05 -3.0808949E-08 -2.0234314E-08  1.2113781E-11
  3.3148806E-04 -1.0669074E-02  6.3990664E-04  3.0828849E-03 -2.2517190E-04  5.5403022E-05  1.4779429E-07 -1.1955444E-05 -3.2669773E-08 -2.1894819E-08  1.3227677E-11
  3.4120305E-04 -1.0963507E-02  6.5866051E-04  3.1679629E-03 -2.3177106E-04  5.8263305E-05  1.5658411E-07 -1.2572665E-05 -3.4612754E-08 -2.3664752E-08  1.4425094E-11
  3.5105602E-04 -1.1261500E-02  6.7768074E-04  3.2540694E-03 -2.3846394E-04  6.1228071E-05  1.6575808E-07 -1.3212434E-05 -3.6640651E-08 -2.5550043E-08  1.5711194E-11
  3.6104892E-04 -1.1563097E-02  6.9697109E-04  3.3412171E-03 -2.4525188E-04  6.4300277E-05  1.7532908E-07 -1.3875387E-05 -3.8756310E-08 -2.7556902E-08  1.7091417E-11
  3.7118374E-04 -1.1868342E-02  7.1653541E-04  3.4294193E-03 -2.5213622E-04  6.7482963E-05  1.8531038E-07 -1.4562181E-05 -4.0962666E-08 -2.9691839E-08  1.8571490E-11
  3.8146249E-04 -1.2177282E-02  7.3637759E-04  3.5186888E-03 -2.5911833E-04  7.0779257E-05  1.9571565E-07 -1.5273490E-05 -4.3262740E-08 -3.1961672E-08  2.0157444E-11
  3.9188723E-04 -1.2489961E-02  7.5650157E-04  3.6090390E-03 -2.6619960E-04  7.4192374E-05  2.0655899E-07 -1.6010008E-05 -4.5659649E-08 -3.4373541E-08  2.1855627E-11
  4.0246003E-04 -1.2806426E-02  7.7691135E-04  3.7004832E-03 -2.7338145E-04  7.7725620E-05  2.1785492E-07 -1.6772449E-05 -4.8156602E-08 -3.6934928E-08  2.3672721E-11
  4.1318298E-04 -1.3126724E-02  7.9761100E-04  3.7930346E-03 -2.8066529E-04  8.1382394E-05  2.2961841E-07 -1.7561546E-05 -5.0756910E-08 -3.9653666E-08  2.5615757E-11
  4.2405822E-04 -1.3450900E-02  8.1860463E-04  3.8867068E-03 -2.8805258E-04  8.5166190E-05  2.4186489E-07 -1.8378054E-05 -5.3463982E-08 -4.2537959E-08  2.7692132E-11
  4.3508792E-04 -1.3779002E-02  8.3989642E-04  3.9815134E-03 -2.9554478E-04  8.9080603E-05  2.5461026E-07 -1.9222747E-05 -5.6281332E-08 -4.5596396E-08  2.9909626E-11
  4.4627426E-04 -1.4111076E-02  8.6149060E-04  4.0774679E-03 -3.0314339E-04  9.3129324E-05  2.6787090E-07 -2.0096423E-05 -5.9212581E-08 -4.8837970E-08  3.2276425E-11
  4.5761947E-04 -1.4447172E-02  8.8339146E-04  4.1745843E-03 -3.1084992E-04  9.7316151E-05  2.8166368E-07 -2.0999901E-05 -6.2261461E-08 -5.2272096E-08  3.4801134E-11
  4.6912581E-04 -1.4787336E-02  9.0560336E-04  4.2728762E-03 -3.1866590E-04  1.0164499E-04  2.9600599E-07 -2.1934023E-05 -6.5431815E-08 -5.5908630E-08  3.7492802E-11
  4.8079557E-04 -1.5131617E-02  9.2813073E-04  4.3723578E-03 -3.2659288E-04  1.0611984E-04  3.1091577E-07 -2.2899655E-05 -6.8727606E-08 -5.9757887E-08  4.0360940E-11
  4.9263106E-04 -1.5480064E-02  9.5097803E-04  4.4730430E-03 -3.3463244E-04  1.1074484E-04  3.2641148E-07 -2.3897686E-05 -7.2152915E-08 -6.3830666E-08  4.3415547E-11
  5.0463464E-04 -1.5832725E-02  9.7414981E-04  4.5749460E-03 -3.4278619E-04  1.1552422E-04  3.4251213E-07 -2.4929032E-05 -7.5711948E-08 -6.8138264E-08  4.6667129E-11
  5.1680870E-04 -1.6189650E-02  9.9765068E-04  4.6780810E-03 -3.5105573E-04  1.2046234E-04  3.5923734E-07 -2.5994631E-05 -7.9409038E-08 -7.2692506E-08  5.0126728E-11
  5.2915566E-04 -1.6550888E-02  1.0214853E-03  4.7824626E-03 -3.5944272E-04  1.2556368E-04  3.7660729E-07 -2.7095451E-05 -8.3248648E-08 -7.7505764E-08  5.3805943E-11
  5.4167797E-04 -1.6916491E-02  1.0456585E-03  4.8881049E-03 -3.6794882E-04  1.3083283E-04  3.9464280E-07 -2.8232484E-05 -8.7235377E-08 -8.2590985E-08  5.7716958E-11
  5.5437813E-04 -1.7286507E-02  1.0701749E-03  4.9950228E-03 -3.7657573E-04  1.3627452E-04  4.1336530E-07 -2.9406751E-05 -9.1373965E-08 -8.7961711E-08  6.1872573E-11
  5.6725866E-04 -1.7660988E-02  1.0950396E-03  5.1032308E-03 -3.8532516E-04  1.4189362E-04  4.3279686E-07 -3.0619299E-05 -9.5669291E-08 -9.3632111E-08  6.6286228E-11
  5.8032212E-04 -1.8039986E-02  1.1202573E-03  5.2127436E-03 -3.9419885E-04  1.4769511E-04  4.5296024E-07 -3.1871207E-05 -1.0012638E-07 -9.9617006E-08  7.0972039E-11
  5.9357112E-04 -1.8423550E-02  1.1458333E-03  5.3235762E-03 -4.0319857E-04  1.5368413E-04  4.7387886E-07 -3.3163582E-05 -1.0475042E-07 -1.0593190E-07  7.5944823E-11
  6.0700827E-04 -1.8811734E-02  1.1717724E-03  5.4357435E-03 -4.1232610E-04  1.5986596E-04  4.9557688E-07 -3.4497561E-05 -1.0954675E-07 -1.1259300E-07  8.1220138E-11
  6.2063627E-04 -1.9204589E-02  1.1980800E-03  5.5492606E-03 -4.2158326E-04  1.6624600E-04  5.1807915E-07 -3.5874314E-05 -1.1452085E-07 -1.1961728E-07  8.6814315E-11
  6.3445781E-04 -1.9602168E-02  1.2247612E-03  5.6641426E-03 -4.3097190E-04  1.7282983E-04  5.4141129E-07 -3.7295043E-05 -1.1967840E-07 -1.2702245E-07  9.2744494E-11
  6.4847565E-04 -2.0004523E-02  1.2518213E-03  5.7804048E-03 -4.4049387E-04  1.7962316E-04  5.6559968E-07 -3.8760981E-05 -1.2502521E-07 -1.3482708E-07  9.9028662E-11
  6.6269258E-04 -2.0411708E-02  1.2792657E-03  5.8980626E-03 -4.5015108E-04  1.8663188E-04  5.9067149E-07 -4.0273397E-05 -1.3056731E-07 -1.4305054E-07  1.0568569E-10
  6.7711141E-04 -2.0823776E-02  1.3070999E-03  6.0171314E-03 -4.5994544E-04  1.9386203E-04  6.1665472E-07 -4.1833594E-05 -1.3631088E-07 -1.5171311E-07  1.1273539E-10
  6.9173503E-04 -2.1240782E-02  1.3353294E-03  6.1376268E-03 -4.6987890E-04  2.0131980E-04  6.4357821E-07 -4.3442911E-05 -1.4226228E-07 -1.6083599E-07  1.2019854E-10
  7.0656634E-04 -2.1662779E-02  1.3639598E-03  6.2595644E-03 -4.7995344E-04  2.0901158E-04  6.7147163E-07 -4.5102724E-05 -1.4842810E-07 -1.7044134E-07  1.2809692E-10
  7.2160828E-04 -2.2089821E-02  1.3929969E-03  6.3829600E-03 -4.9017106E-04  2.1694390E-04  7.0036558E-07 -4.6814446E-05 -1.5481507E-07 -1.8055233E-07  1.3645341E-10
  7.3686385E-04 -2.2521964E-02  1.4224463E-03  6.5078294E-03 -5.0053380E-04  2.2512351E-04  7.3029155E-07 -4.8579529E-05 -1.6143018E-07 -1.9119316E-07  1.4529197E-10
  7.5233609E-04 -2.2959263E-02  1.4523140E-03  6.6341885E-03 -5.1104370E-04  2.3355732E-04  7.6128199E-07 -5.0399465E-05 -1.6828058E-07 -2.0238916E-07  1.5463776E-10
  7.6802806E-04 -2.3401773E-02  1.4826058E-03  6.7620533E-03 -5.2170287E-04  2.4225241E-04  7.9337030E-07 -5.2275785E-05 -1.7537367E-07 -2.1416677E-07  1.6451713E-10
  7.8394290E-04 -2.3849549E-02  1.5133279E-03  6.8914400E-03 -5.3251343E-04  2.5121610E-04  8.2659090E-07 -5.4210065E-05 -1.8271704E-07 -2.2655365E-07  1.7495774E-10
  8.0008376E-04 -2.4302649E-02  1.5444863E-03  7.0223648E-03 -5.4347751E-04  2.6045587E-04  8.6097921E-07 -5.6203921E-05 -1.9031854E-07 -2.3957869E-07  1.8598856E-10
  8.1645386E-04 -2.4761127E-02  1.5760872E-03  7.1548439E-03 -5.5459731E-04  2.6997943E-04  8.9657173E-07 -5.8259015E-05 -1.9818623E-07 -2.5327209E-07  1.9763998E-10
  8.3305645E-04 -2.5225042E-02  1.6081369E-03  7.2888936E-03 -5.6587504E-04  2.7979467E-04  9.3340604E-07 -6.0377052E-05 -2.0632841E-07 -2.6766541E-07  2.0994385E-10
  8.4989484E-04 -2.5694449E-02  1.6406418E-03  7.4245305E-03 -5.7731293E-04  2.8990973E-04  9.7152083E-07 -6.2559787E-05 -2.1475365E-07 -2.8279161E-07  2.2293354E-10
  8.6697237E-04 -2.6169406E-02  1.6736083E-03  7.5617711E-03 -5.8891327E-04  3.0033295E-04  1.0109560E-06 -6.4809019E-05 -2.2347074E-07 -2.9868516E-07  2.3664406E-10
  8.8429244E-04 -2.6649971E-02  1.7070431E-03  7.7006318E-03 -6.0067836E-04  3.1107289E-04  1.0517525E-06 -6.7126598E-05 -2.3248876E-07 -3.1538205E-07  2.5111206E-10
  9.0185849E-04 -2.7136201E-02  1.7409526E-03  7.8411295E-03 -6.1261054E-04  3.2213836E-04  1.0939526E-06 -6.9514424E-05 -2.4181706E-07 -3.3291988E-07  2.6637596E-10
  9.1967402E-04 -2.7628153E-02  1.7753438E-03  7.9832808E-03 -6.2471218E-04  3.3353841E-04  1.1375999E-06 -7.1974447E-05 -2.5146524E-07 -3.5133794E-07  2.8247601E-10
  9.3774256E-04 -2.8125887E-02  1.8102234E-03  8.1271026E-03 -6.3698569E-04  3.4528231E-04  1.1827391E-06 -7.4508671E-05 -2.6144322E-07 -3.7067729E-07  2.9945441E-10
  9.5606773E-04 -2.8629461E-02  1.8455984E-03  8.2726117E-03 -6.4943350E-04  3.5737962E-04  1.2294164E-06 -7.7119156E-05 -2.7176118E-07 -3.9098079E-07  3.1735533E-10
  9.7465315E-04 -2.9138932E-02  1.8814757E-03  8.4198252E-03 -6.6205811E-04  3.6984011E-04  1.2776793E-06 -7.9808014E-05 -2.8242965E-07 -4.1229323E-07  3.3622506E-10
  9.9350253E-04 -2.9654361E-02  1.9178626E-03  8.5687598E-03 -6.7486201E-04  3.8267386E-04  1.3275767E-06 -8.2577417E-05 -2.9345941E-07 -4.3466139E-07  3.5611210E-10
  1.0126196E-03 -3.0175806E-02  1.9547663E-03  8.7194329E-03 -6.8784776E-04  3.9589120E-04  1.3791590E-06 -8.5429594E-05 -3.0486161E-07 -4.5813413E-07  3.7706724E-10
  1.0320082E-03 -3.0703326E-02  1.9921941E-03  8.8718613E-03 -7.0101793E-04  4.0950274E-04  1.4324779E-06 -8.8366835E-05 -3.1664771E-07 -4.8276248E-07  3.9914365E-10
  1.0516721E-03 -3.1236980E-02  2.0301534E-03  9.0260624E-03 -7.1437514E-04  4.2351937E-04  1.4875870E-06 -9.1391492E-05 -3.2882951E-07 -5.0859974E-07  4.2239707E-10
  1.0716154E-03 -3.1776829E-02  2.0686519E-03  9.1820533E-03 -7.2792206E-04  4.3795229E-04  1.5445412E-06 -9.4505980E-05 -3.4141917E-07 -5.3570156E-07  4.4688581E-10
  1.0918418E-03 -3.2322932E-02  2.1076971E-03  9.3398512E-03 -7.4166137E-04  4.5281298E-04  1.6033970E-06 -9.7712778E-05 -3.5442918E-07 -5.6412606E-07  4.7267099E-10
  1.1123555E-03 -3.2875349E-02  2.1472968E-03  9.4994734E-03 -7.5559581E-04  4.6811325E-04  1.6642128E-06 -1.0101443E-04 -3.6787244E-07 -5.9393395E-07  4.9981654E-10
  1.1331606E-03 -3.3434139E-02  2.1874589E-03  9.6609373E-03 -7.6972815E-04  4.8386522E-04  1.7270484E-06 -1.0441356E-04 -3.8176220E-07 -6.2518860E-07  5.2838946E-10
  1.1542611E-03 -3.3999363E-02  2.2281915E-03  9.8242602E-03 -7.8406119E-04  5.0008133E-04  1.7919658E-06 -1.0791284E-04 -3.9611211E-07 -6.5795619E-07  5.5845986E-10
  1.1756613E-03 -3.4571081E-02  2.2695025E-03  9.9894595E-03 -7.9859780E-04  5.1677436E-04  1.8590285E-06 -1.1151504E-04 -4.1093624E-07 -6.9230581E-07  5.9010115E-10
  1.1973655E-03 -3.5149353E-02  2.3114002E-03  1.0156552E-02 -8.1334086E-04  5.3395742E-04  1.9283019E-06 -1.1522298E-04 -4.2624905E-07 -7.2830960E-07  6.2339016E-10
  1.2193779E-03 -3.5734239E-02  2.3538929E-03  1.0325557E-02 -8.2829330E-04  5.5164399E-04  1.9998534E-06 -1.1903958E-04 -4.4206543E-07 -7.6604288E-07  6.5840734E-10
  1.2417029E-03 -3.6325799E-02  2.3969892E-03  1.0496489E-02 -8.4345809E-04  5.6984789E-04  2.0737525E-06 -1.2296781E-04 -4.5840074E-07 -8.0558429E-07  6.9523688E-10
  1.2643450E-03 -3.6924095E-02  2.4406975E-03  1.0669368E-02 -8.5883826E-04  5.8858332E-04  2.1500705E-06 -1.2701074E-04 -4.7527074E-07 -8.4701591E-07  7.3396690E-10
  1.2873086E-03 -3.7529185E-02  2.4850266E-03  1.0844210E-02 -8.7443686E-04  6.0786487E-04  2.2288809E-06 -1.3117151E-04 -4.9269170E-07 -8.9042343E-07  7.7468963E-10
  1.3105984E-03 -3.8141131E-02  2.5299852E-03  1.1021033E-02 -8.9025699E-04  6.2770750E-04  2.3102595E-06 -1.3545336E-04 -5.1068034E-07 -9.3589631E-07  8.1750159E-10
  1.3342189E-03 -3.8759992E-02  2.5755823E-03  1.1199854E-02 -9.0630180E-04  6.4812657E-04  2.3942842E-06 -1.3985961E-04 -5.2925390E-07 -9.8352792E-07  8.6250379E-10
  1.3581750E-03 -3.9385829E-02  2.6218270E-03  1.1380691E-02 -9.2257449E-04  6.6913787E-04  2.4810351E-06 -1.4439364E-04 -5.4843010E-07 -1.0334157E-06  9.0980193E-10
  1.3824712E-03 -4.0018702E-02  2.6687285E-03  1.1563561E-02 -9.3907827E-04  6.9075758E-04  2.5705949E-06 -1.4905897E-04 -5.6822719E-07 -1.0856614E-06  9.5950661E-10
  1.4071125E-03 -4.0658670E-02  2.7162961E-03  1.1748480E-02 -9.5581645E-04  7.1300232E-04  2.6630486E-06 -1.5385918E-04 -5.8866396E-07 -1.1403713E-06  1.0117335E-09
  1.4321038E-03 -4.1305794E-02  2.7645392E-03  1.1935468E-02 -9.7279234E-04  7.3588917E-04  2.7584836E-06 -1.5879794E-04 -6.0975976E-07 -1.1976560E-06  1.0666038E-09
  1.4574500E-03 -4.1960132E-02  2.8134675E-03  1.2124540E-02 -9.9000932E-04  7.5943563E-04  2.8569900E-06 -1.6387904E-04 -6.3153449E-07 -1.2576313E-06  1.1242441E-09
  1.4831562E-03 -4.2621745E-02  2.8630907E-03  1.2315714E-02 -1.0074708E-03  7.8365970E-04  2.9586606E-06 -1.6910637E-04 -6.5400865E-07 -1.3204178E-06  1.1847870E-09
  1.5092274E-03 -4.3290692E-02  2.9134187E-03  1.2509007E-02 -1.0251803E-03  8.0857982E-04  3.0635907E-06 -1.7448389E-04 -6.7720332E-07 -1.3861416E-06  1.2483710E-09
  1.5356689E-03 -4.3967031E-02  2.9644614E-03  1.2704435E-02 -1.0431413E-03  8.3421493E-04  3.1718785E-06 -1.8001570E-04 -7.0114023E-07 -1.4549340E-06  1.3151413E-09
  1.5624860E-03 -4.4650821E-02  3.0162290E-03  1.2902017E-02 -1.0613574E-03  8.6058449E-04  3.2836253E-06 -1.8570600E-04 -7.2584173E-07 -1.5269322E-06  1.3852495E-09
  1.5896839E-03 -4.5342120E-02  3.0687318E-03  1.3101769E-02 -1.0798322E-03  8.8770844E-04  3.3989351E-06 -1.9155909E-04 -7.5133081E-07 -1.6022793E-06  1.4588544E-09
  1.6172681E-03 -4.6040988E-02  3.1219803E-03  1.3303707E-02 -1.0985694E-03  9.1560726E-04  3.5179149E-06 -1.9757939E-04 -7.7763117E-07 -1.6811247E-06  1.5361218E-09
  1.6452441E-03 -4.6747480E-02  3.1759850E-03  1.3507849E-02 -1.1175726E-03  9.4430198E-04  3.6406751E-06 -2.0377143E-04 -8.0476716E-07 -1.7636241E-06  1.6172254E-09
  1.6736173E-03 -4.7461655E-02  3.2307567E-03  1.3714210E-02 -1.1368458E-03  9.7381417E-04  3.7673292E-06 -2.1013988E-04 -8.3276389E-07 -1.8499402E-06  1.7023468E-09
  1.7023936E-03 -4.8183569E-02  3.2863063E-03  1.3922807E-02 -1.1563927E-03  1.0041659E-03  3.8979939E-06 -2.1668950E-04 -8.6164717E-07 -1.9402425E-06  1.7916759E-09
  1.7315785E-03 -4.8913279E-02  3.3426447E-03  1.4133657E-02 -1.1762172E-03  1.0353800E-03  4.0327895E-06 -2.2342520E-04 -8.9144358E-07 -2.0347080E-06  1.8854112E-09
  1.7611779E-03 -4.9650839E-02  3.3997833E-03  1.4346775E-02 -1.1963232E-03  1.0674798E-03  4.1718398E-06 -2.3035201E-04 -9.2218047E-07 -2.1335213E-06  1.9837603E-09
  1.7911977E-03 -5.0396307E-02  3.4577334E-03  1.4562178E-02 -1.2167148E-03  1.1004890E-03  4.3152721E-06 -2.3747509E-04 -9.5388600E-07 -2.2368750E-06  2.0869405E-09
  1.8216438E-03 -5.1149736E-02  3.5165065E-03  1.4779881E-02 -1.2373959E-03  1.1344324E-03  4.4632175E-06 -2.4479974E-04 -9.8658915E-07 -2.3449700E-06  2.1951787E-09
  1.8525224E-03 -5.1911180E-02  3.5761143E-03  1.4999900E-02 -1.2583708E-03  1.1693350E-03  4.6158109E-06 -2.5233139E-04 -1.0203197E-06 -2.4580158E-06  2.3087125E-09
  1.8838394E-03 -5.2680693E-02  3.6365687E-03  1.5222251E-02 -1.2796436E-03  1.2052227E-03  4.7731913E-06 -2.6007561E-04 -1.0551085E-06 -2.5762312E-06  2.4277900E-09
  1.9156013E-03 -5.3458327E-02  3.6978816E-03  1.5446948E-02 -1.3012185E-03  1.2421221E-03  4.9355015E-06 -2.6803813E-04 -1.0909869E-06 -2.6998441E-06  2.5526708E-09
  1.9478142E-03 -5.4244134E-02  3.7600653E-03  1.5674006E-02 -1.3230998E-03  1.2800602E-03  5.1028886E-06 -2.7622481E-04 -1.1279877E-06 -2.8290924E-06  2.6836263E-09
  1.9804847E-03 -5.5038166E-02  3.8231322E-03  1.5903441E-02 -1.3452919E-03  1.3190651E-03  5.2755041E-06 -2.8464168E-04 -1.1661441E-06 -2.9642241E-06  2.8209402E-09
  2.0136191E-03 -5.5840472E-02  3.8870947E-03  1.6135266E-02 -1.3677991E-03  1.3591653E-03  5.4535036E-06 -2.9329491E-04 -1.2054907E-06 -3.1054981E-06  2.9649091E-09
  2.0472241E-03 -5.6651102E-02  3.9519656E-03  1.6369497E-02 -1.3906259E-03  1.4003902E-03  5.6370477E-06 -3.0219084E-04 -1.2460628E-06 -3.2531841E-06  3.1158430E-09
  2.0813064E-03 -5.7470105E-02  4.0177578E-03  1.6606147E-02 -1.4137770E-03  1.4427699E-03  5.8263013E-06 -3.1133597E-04 -1.2878971E-06 -3.4075637E-06  3.2740660E-09
  2.1158728E-03 -5.8297527E-02  4.0844844E-03  1.6845229E-02 -1.4372568E-03  1.4863354E-03  6.0214343E-06 -3.2073697E-04 -1.3310310E-06 -3.5689303E-06  3.4399171E-09
  2.1509300E-03 -5.9133415E-02  4.1521586E-03  1.7086757E-02 -1.4610701E-03  1.5311182E-03  6.2226214E-06 -3.3040066E-04 -1.3755032E-06 -3.7375901E-06  3.6137504E-09
  2.1864852E-03 -5.9977814E-02  4.2207940E-03  1.7330745E-02 -1.4852216E-03  1.5771510E-03  6.4300426E-06 -3.4033408E-04 -1.4213533E-06 -3.9138622E-06  3.7959361E-09
  2.2225453E-03 -6.0830769E-02  4.2904041E-03  1.7577205E-02 -1.5097161E-03  1.6244671E-03  6.6438830E-06 -3.5054441E-04 -1.4686225E-06 -4.0980796E-06  3.9868612E-09
  2.2591175E-03 -6.1692322E-02  4.3610028E-03  1.7826148E-02 -1.5345585E-03  1.6731005E-03  6.8643331E-06 -3.6103904E-04 -1.5173527E-06 -4.2905894E-06  4.1869301E-09
  2.2962091E-03 -6.2562514E-02  4.4326041E-03  1.8077588E-02 -1.5597537E-03  1.7230865E-03  7.0915889E-06 -3.7182552E-04 -1.5675873E-06 -4.4917534E-06  4.3965656E-09
  2.3338276E-03 -6.3441386E-02  4.5052224E-03  1.8331536E-02 -1.5853066E-03  1.7744610E-03  7.3258524E-06 -3.8291162E-04 -1.6193709E-06 -4.7019491E-06  4.6162095E-09
  2.3719803E-03 -6.4328977E-02  4.5788719E-03  1.8588003E-02 -1.6112225E-03  1.8272609E-03  7.5673310E-06 -3.9430529E-04 -1.6727494E-06 -4.9215699E-06  4.8463235E-09
  2.4106748E-03 -6.5225324E-02  4.6535674E-03  1.8846999E-02 -1.6375065E-03  1.8815239E-03  7.8162386E-06 -4.0601470E-04 -1.7277701E-06 -5.1510262E-06  5.0873903E-09
  2.4499189E-03 -6.6130462E-02  4.7293238E-03  1.9108536E-02 -1.6641637E-03  1.9372888E-03  8.0727950E-06 -4.1804822E-04 -1.7844815E-06 -5.3907456E-06  5.3399141E-09
  2.4897204E-03 -6.7044426E-02  4.8061560E-03  1.9372623E-02 -1.6911995E-03  1.9945955E-03  8.3372265E-06 -4.3041442E-04 -1.8429337E-06 -5.6411742E-06  5.6044220E-09
  2.5300871E-03 -6.7967249E-02  4.8840794E-03  1.9639269E-02 -1.7186192E-03  2.0534847E-03  8.6097661E-06 -4.4312210E-04 -1.9031782E-06 -5.9027768E-06  5.8814648E-09
  2.5710271E-03 -6.8898961E-02  4.9631094E-03  1.9908484E-02 -1.7464284E-03  2.1139981E-03  8.8906533E-06 -4.5618029E-04 -1.9652680E-06 -6.1760382E-06  6.1716179E-09
  2.6125486E-03 -6.9839592E-02  5.0432618E-03  2.0180275E-02 -1.7746325E-03  2.1761786E-03  9.1801348E-06 -4.6959821E-04 -2.0292574E-06 -6.4614635E-06  6.4754828E-09
  2.6546598E-03 -7.0789167E-02  5.1245526E-03  2.0454650E-02 -1.8032371E-03  2.2400702E-03  9.4784644E-06 -4.8338536E-04 -2.0952028E-06 -6.7595795E-06  6.7936878E-09
  2.6973690E-03 -7.1747712E-02  5.2069978E-03  2.0731618E-02 -1.8322480E-03  2.3057179E-03  9.7859033E-06 -4.9755145E-04 -2.1631617E-06 -7.0709353E-06  7.1268897E-09
  2.7406848E-03 -7.2715251E-02  5.2906139E-03  2.1011183E-02 -1.8616709E-03  2.3731678E-03  1.0102720E-05 -5.1210645E-04 -2.2331936E-06 -7.3961031E-06  7.4757745E-09
  2.7846158E-03 -7.3691804E-02  5.3754175E-03  2.1293353E-02 -1.8915116E-03  2.4424672E-03  1.0429192E-05 -5.2706055E-04 -2.3053596E-06 -7.7356795E-06  7.8410591E-09
  2.8291707E-03 -7.4677389E-02  5.4614254E-03  2.1578132E-02 -1.9217762E-03  2.5136647E-03  1.0765602E-05 -5.4242423E-04 -2.3797226E-06 -8.0902862E-06  8.2234925E-09
  2.8743583E-03 -7.5672023E-02  5.5486548E-03  2.1865526E-02 -1.9524705E-03  2.5868099E-03  1.1112245E-05 -5.5820820E-04 -2.4563474E-06 -8.4605714E-06  8.6238572E-09
  2.9201878E-03 -7.6675721E-02  5.6371231E-03  2.2155538E-02 -1.9836007E-03  2.6619538E-03  1.1469420E-05 -5.7442347E-04 -2.5353006E-06 -8.8472104E-06  9.0429709E-09
  2.9666681E-03 -7.7688492E-02  5.7268477E-03  2.2448172E-02 -2.0151731E-03  2.7391486E-03  1.1837439E-05 -5.9108129E-04 -2.6166507E-06 -9.2509072E-06  9.4816877E-09
  3.0138086E-03 -7.8710347E-02  5.8178466E-03  2.2743430E-02 -2.0471938E-03  2.8184477E-03  1.2216621E-05 -6.0819321E-04 -2.7004682E-06 -9.6723954E-06  9.9409000E-09
  3.0616185E-03 -7.9741291E-02  5.9101379E-03  2.3041314E-02 -2.0796693E-03  2.8999060E-03  1.2607293E-05 -6.2577105E-04 -2.7868257E-06 -1.0112440E-05  1.0421540E-08
  3.1101075E-03 -8.0781328E-02  6.0037398E-03  2.3341825E-02 -2.1126059E-03  2.9835797E-03  1.3009794E-05 -6.4382694E-04 -2.8757979E-06 -1.0571836E-05  1.0924582E-08
  3.1592851E-03 -8.1830458E-02  6.0986711E-03  2.3644963E-02 -2.1460103E-03  3.0695262E-03  1.3424472E-05 -6.6237328E-04 -2.9674616E-06 -1.1051416E-05  1.1451043E-08
  3.2091611E-03 -8.2888678E-02  6.1949505E-03  2.3950728E-02 -2.1798892E-03  3.1578046E-03  1.3851683E-05 -6.8142282E-04 -3.0618960E-06 -1.1552044E-05  1.2001986E-08
  3.2597455E-03 -8.3955984E-02  6.2925973E-03  2.4259117E-02 -2.2142491E-03  3.2484752E-03  1.4291796E-05 -7.0098856E-04 -3.1591823E-06 -1.2074622E-05  1.2578522E-08
  3.3110483E-03 -8.5032367E-02  6.3916308E-03  2.4570128E-02 -2.2490970E-03  3.3416000E-03  1.4745190E-05 -7.2108387E-04 -3.2594043E-06 -1.2620089E-05  1.3181809E-08
  3.3630798E-03 -8.6117813E-02  6.4920708E-03  2.4883758E-02 -2.2844398E-03  3.4372422E-03  1.5212255E-05 -7.4172243E-04 -3.3626481E-06 -1.3189423E-05  1.3813061E-08
  3.4158501E-03 -8.7212309E-02  6.5939372E-03  2.5200002E-02 -2.3202845E-03  3.5354668E-03  1.5693391E-05 -7.6291823E-04 -3.4690024E-06 -1.3783645E-05  1.4473541E-08
  3.4693700E-03 -8.8315835E-02  6.6972502E-03  2.5518854E-02 -2.3566382E-03  3.6363403E-03  1.6189011E-05 -7.8468563E-04 -3.5785584E-06 -1.4403817E-05  1.5164572E-08
  3.5236499E-03 -8.9428367E-02  6.8020305E-03  2.5840309E-02 -2.3935083E-03  3.7399308E-03  1.6699540E-05 -8.0703932E-04 -3.6914099E-06 -1.5051046E-05  1.5887535E-08
  3.5787008E-03 -9.0549881E-02  6.9082988E-03  2.6164358E-02 -2.4309019E-03  3.8463081E-03  1.7225414E-05 -8.2999435E-04 -3.8076535E-06 -1.5726485E-05  1.6643872E-08
  3.6345335E-03 -9.1680344E-02  7.0160763E-03  2.6490993E-02 -2.4688266E-03  3.9555434E-03  1.7767084E-05 -8.5356613E-04 -3.9273886E-06 -1.6431336E-05  1.7435089E-08
  3.6911591E-03 -9.2819724E-02  7.1253844E-03  2.6820204E-02 -2.5072898E-03  4.0677101E-03  1.8325011E-05 -8.7777043E-04 -4.0507174E-06 -1.7166849E-05  1.8262759E-08
  3.7485889E-03 -9.3967981E-02  7.2362448E-03  2.7151979E-02 -2.5462993E-03  4.1828828E-03  1.8899671E-05 -9.0262341E-04 -4.1777450E-06 -1.7934329E-05  1.9128526E-08
  3.8068344E-03 -9.5125073E-02  7.3486796E-03  2.7486306E-02 -2.5858627E-03  4.3011383E-03  1.9491555E-05 -9.2814162E-04 -4.3085797E-06 -1.8735134E-05  2.0034105E-08
  3.8659071E-03 -9.6290953E-02  7.4627112E-03  2.7823171E-02 -2.6259880E-03  4.4225551E-03  2.0101165E-05 -9.5434197E-04 -4.4433330E-06 -1.9570677E-05  2.0981289E-08
  3.9258188E-03 -9.7465567E-02  7.5783622E-03  2.8162560E-02 -2.6666832E-03  4.5472134E-03  2.0729021E-05 -9.8124181E-04 -4.5821192E-06 -2.0442433E-05  2.1971950E-08
  3.9865813E-03 -9.8648862E-02  7.6956556E-03  2.8504456E-02 -2.7079562E-03  4.6751956E-03  2.1375655E-05 -1.0088589E-03 -4.7250565E-06 -2.1351936E-05  2.3008042E-08
  4.0482068E-03 -9.9840773E-02  7.8146147E-03  2.8848841E-02 -2.7498154E-03  4.8065857E-03  2.2041617E-05 -1.0372114E-03 -4.8722660E-06 -2.2300785E-05  2.4091609E-08
  4.1107075E-03 -1.0104124E-01  7.9352632E-03  2.9195697E-02 -2.7922690E-03  4.9414699E-03  2.2727471E-05 -1.0663178E-03 -5.0238726E-06 -2.3290643E-05  2.5224780E-08
  4.1740959E-03 -1.0225018E-01  8.0576251E-03  2.9545002E-02 -2.8353255E-03  5.0799363E-03  2.3433798E-05 -1.0961972E-03 -5.1800047E-06 -2.4323244E-05  2.6409784E-08
  4.2383845E-03 -1.0346753E-01  8.1817247E-03  2.9896734E-02 -2.8789934E-03  5.2220752E-03  2.4161195E-05 -1.1268691E-03 -5.3407945E-06 -2.5400394E-05  2.7648946E-08
  4.3035862E-03 -1.0469319E-01  8.3075867E-03  3.0250870E-02 -2.9232815E-03  5.3679789E-03  2.4910279E-05 -1.1583534E-03 -5.5063778E-06 -2.6523973E-05  2.8944694E-08
  4.3697139E-03 -1.0592709E-01  8.4352361E-03  3.0607383E-02 -2.9681985E-03  5.5177417E-03  2.5681681E-05 -1.1906704E-03 -5.6768945E-06 -2.7695937E-05  3.0299563E-08
  4.4367807E-03 -1.0716913E-01  8.5646982E-03  3.0966248E-02 -3.0137534E-03  5.6714603E-03  2.6476052E-05 -1.2238411E-03 -5.8524887E-06 -2.8918327E-05  3.1716202E-08
  4.5048001E-03 -1.0841921E-01  8.6959989E-03  3.1327434E-02 -3.0599551E-03  5.8292335E-03  2.7294064E-05 -1.2578866E-03 -6.0333083E-06 -3.0193264E-05  3.3197376E-08
  4.5737854E-03 -1.0967723E-01  8.8291643E-03  3.1690912E-02 -3.1068130E-03  5.9911625E-03  2.8136404E-05 -1.2928289E-03 -6.2195057E-06 -3.1522958E-05  3.4745973E-08
  4.6437506E-03 -1.1094306E-01  8.9642207E-03  3.2056650E-02 -3.1543363E-03  6.1573505E-03  2.9003782E-05 -1.3286902E-03 -6.4112376E-06 -3.2909711E-05  3.6365007E-08
  4.7147093E-03 -1.1221660E-01  9.1011951E-03  3.2424612E-02 -3.2025345E-03  6.3279034E-03  2.9896927E-05 -1.3654934E-03 -6.6086653E-06 -3.4355918E-05  3.8057627E-08
  4.7866759E-03 -1.1349772E-01  9.2401146E-03  3.2794762E-02 -3.2514171E-03  6.5029292E-03  3.0816591E-05 -1.4032618E-03 -6.8119548E-06 -3.5864074E-05  3.9827121E-08
  4.8596645E-03 -1.1478628E-01  9.3810070E-03  3.3167064E-02 -3.3009938E-03  6.6825387E-03  3.1763545E-05 -1.4420193E-03 -7.0212767E-06 -3.7436774E-05  4.1676920E-08
  4.9336898E-03 -1.1608216E-01  9.5239002E-03  3.3541475E-02 -3.3512746E-03  6.8668447E-03  3.2738584E-05 -1.4817902E-03 -7.2368067E-06 -3.9076723E-05  4.3610610E-08
  5.0087663E-03 -1.1738519E-01  9.6688227E-03  3.3917955E-02 -3.4022694E-03  7.0559629E-03  3.3742525E-05 -1.5225995E-03 -7.4587255E-06 -4.0786733E-05  4.5631933E-08
  5.0849092E-03 -1.1869523E-01  9.8158032E-03  3.4296459E-02 -3.4539884E-03  7.2500115E-03  3.4776210E-05 -1.5644726E-03 -7.6872190E-06 -4.2569734E-05  4.7744796E-08
  5.1621334E-03 -1.2001212E-01  9.9648709E-03  3.4676939E-02 -3.5064417E-03  7.4491111E-03  3.5840504E-05 -1.6074358E-03 -7.9224785E-06 -4.4428774E-05  4.9953279E-08
  5.2404543E-03 -1.2133569E-01  1.0116056E-02  3.5059348E-02 -3.5596400E-03  7.6533853E-03  3.6936298E-05 -1.6515154E-03 -8.1647008E-06 -4.6367026E-05  5.2261643E-08
  5.3198877E-03 -1.2266576E-01  1.0269387E-02  3.5443634E-02 -3.6135936E-03  7.8629601E-03  3.8064507E-05 -1.6967389E-03 -8.4140884E-06 -4.8387794E-05  5.4674334E-08
  5.4004491E-03 -1.2400214E-01  1.0424896E-02  3.5829744E-02 -3.6683135E-03  8.0779645E-03  3.9226073E-05 -1.7431340E-03 -8.6708495E-06 -5.0494515E-05  5.7195996E-08
  5.4821547E-03 -1.2534465E-01  1.0582614E-02  3.6217621E-02 -3.7238103E-03  8.2985301E-03  4.0421967E-05 -1.7907291E-03 -8.9351986E-06 -5.2690765E-05  5.9831479E-08
  5.5650207E-03 -1.2669308E-01  1.0742571E-02  3.6607208E-02 -3.7800952E-03  8.5247915E-03  4.1653186E-05 -1.8395532E-03 -9.2073560E-06 -5.4980268E-05  6.2585843E-08
  5.6490636E-03 -1.2804722E-01  1.0904799E-02  3.6998443E-02 -3.8371794E-03  8.7568861E-03  4.2920756E-05 -1.8896361E-03 -9.4875487E-06 -5.7366898E-05  6.5464373E-08
  5.7343000E-03 -1.2940686E-01  1.1069332E-02  3.7391262E-02 -3.8950742E-03  8.9949543E-03  4.4225733E-05 -1.9410079E-03 -9.7760101E-06 -5.9854684E-05  6.8472587E-08
  5.8207471E-03 -1.3077175E-01  1.1236200E-02  3.7785600E-02 -3.9537910E-03  9.2391394E-03  4.5569203E-05 -1.9936996E-03 -1.0072980E-05 -6.2447824E-05  7.1616245E-08
  5.9084218E-03 -1.3214166E-01  1.1405439E-02  3.8181388E-02 -4.0133417E-03  9.4895879E-03  4.6952284E-05 -2.0477428E-03 -1.0378706E-05 -6.5150679E-05  7.4901360E-08
  5.9973418E-03 -1.3351635E-01  1.1577080E-02  3.8578553E-02 -4.0737379E-03  9.7464491E-03  4.8376126E-05 -2.1031698E-03 -1.0693442E-05 -6.7967792E-05  7.8334212E-08
  6.0875246E-03 -1.3489556E-01  1.1751160E-02  3.8977021E-02 -4.1349917E-03  1.0009876E-02  4.9841912E-05 -2.1600135E-03 -1.1017449E-05 -7.0903887E-05  8.1921353E-08
  6.1789882E-03 -1.3627902E-01  1.1927711E-02  3.9376715E-02 -4.1971154E-03  1.0280024E-02  5.1350858E-05 -2.2183074E-03 -1.1350997E-05 -7.3963879E-05  8.5669627E-08
  6.2717508E-03 -1.3766644E-01  1.2106769E-02  3.9777553E-02 -4.2601211E-03  1.0557051E-02  5.2904217E-05 -2.2780860E-03 -1.1694362E-05 -7.7152880E-05  8.9586176E-08
  6.3658308E-03 -1.3905755E-01  1.2288370E-02  4.0179453E-02 -4.3240215E-03  1.0841122E-02  5.4503276E-05 -2.3393842E-03 -1.2047828E-05 -8.0476210E-05  9.3678459E-08
  6.4612470E-03 -1.4045203E-01  1.2472549E-02  4.0582327E-02 -4.3888293E-03  1.1132400E-02  5.6149362E-05 -2.4022376E-03 -1.2411690E-05 -8.3939401E-05  9.7954259E-08
  6.5580183E-03 -1.4184958E-01  1.2659344E-02  4.0986085E-02 -4.4545573E-03  1.1431055E-02  5.7843837E-05 -2.4666829E-03 -1.2786248E-05 -8.7548209E-05  1.0242170E-07
  6.6561639E-03 -1.4324988E-01  1.2848792E-02  4.1390634E-02 -4.5212185E-03  1.1737260E-02  5.9588103E-05 -2.5327571E-03 -1.3171812E-05 -9.1308617E-05  1.0708928E-07
  6.7557035E-03 -1.4465259E-01  1.3040930E-02  4.1795878E-02 -4.5888263E-03  1.2051190E-02  6.1383605E-05 -2.6004982E-03 -1.3568701E-05 -9.5226852E-05  1.1196583E-07
  6.8566567E-03 -1.4605737E-01  1.3235796E-02  4.2201715E-02 -4.6573941E-03  1.2373023E-02  6.3231826E-05 -2.6699449E-03 -1.3977243E-05 -9.9309389E-05  1.1706062E-07
  6.9590437E-03 -1.4746385E-01  1.3433429E-02  4.2608043E-02 -4.7269355E-03  1.2702944E-02  6.5134294E-05 -2.7411365E-03 -1.4397776E-05 -1.0356296E-04  1.2238328E-07
  7.0628849E-03 -1.4887168E-01  1.3633868E-02  4.3014755E-02 -4.7974642E-03  1.3041138E-02  6.7092580E-05 -2.8141134E-03 -1.4830648E-05 -1.0799456E-04  1.2794390E-07
  7.1682008E-03 -1.5028045E-01  1.3837154E-02  4.3421739E-02 -4.8689944E-03  1.3387796E-02  6.9108300E-05 -2.8889165E-03 -1.5276215E-05 -1.1261149E-04  1.3375298E-07
  7.2750124E-03 -1.5168978E-01  1.4043326E-02  4.3828882E-02 -4.9415403E-03  1.3743111E-02  7.1183117E-05 -2.9655875E-03 -1.5734845E-05 -1.1742129E-04  1.3982151E-07
  7.3833410E-03 -1.5309927E-01  1.4252426E-02  4.4236064E-02 -5.0151161E-03  1.4107280E-02  7.3318743E-05 -3.0441691E-03 -1.6206916E-05 -1.2243186E-04  1.4616095E-07
  7.4932081E-03 -1.5450847E-01  1.4464495E-02  4.4643164E-02 -5.0897367E-03  1.4480504E-02  7.5516936E-05 -3.1247046E-03 -1.6692817E-05 -1.2765136E-04  1.5278325E-07
  7.6046355E-03 -1.5591697E-01  1.4679575E-02  4.5050055E-02 -5.1654167E-03  1.4862989E-02  7.7779508E-05 -3.2072383E-03 -1.7192949E-05 -1.3308831E-04  1.5970089E-07
  7.7176455E-03 -1.5732431E-01  1.4897710E-02  4.5456608E-02 -5.2421712E-03  1.5254943E-02  8.0108321E-05 -3.2918150E-03 -1.7707723E-05 -1.3875156E-04  1.6692692E-07
  7.8322605E-03 -1.5873003E-01  1.5118941E-02  4.5862688E-02 -5.3200156E-03  1.5656578E-02  8.2505292E-05 -3.3784808E-03 -1.8237562E-05 -1.4465029E-04  1.7447493E-07
  7.9485033E-03 -1.6013364E-01  1.5343314E-02  4.6268157E-02 -5.3989651E-03  1.6068111E-02  8.4972392E-05 -3.4672822E-03 -1.8782903E-05 -1.5079405E-04  1.8235911E-07
  8.0663969E-03 -1.6153466E-01  1.5570873E-02  4.6672872E-02 -5.4790356E-03  1.6489762E-02  8.7511649E-05 -3.5582668E-03 -1.9344194E-05 -1.5719280E-04  1.9059430E-07
  8.1859649E-03 -1.6293257E-01  1.5801663E-02  4.7076687E-02 -5.5602429E-03  1.6921755E-02  9.0125149E-05 -3.6514830E-03 -1.9921895E-05 -1.6385684E-04  1.9919596E-07
  8.3072311E-03 -1.6432686E-01  1.6035730E-02  4.7479449E-02 -5.6426031E-03  1.7364318E-02  9.2815039E-05 -3.7469799E-03 -2.0516482E-05 -1.7079690E-04  2.0818023E-07
  8.4302195E-03 -1.6571698E-01  1.6273121E-02  4.7881003E-02 -5.7261326E-03  1.7817684E-02  9.5583527E-05 -3.8448076E-03 -2.1128442E-05 -1.7802414E-04  2.1756398E-07
  8.5549546E-03 -1.6710238E-01  1.6513882E-02  4.8281189E-02 -5.8108481E-03  1.8282088E-02  9.8432885E-05 -3.9450171E-03 -2.1758278E-05 -1.8555014E-04  2.2736478E-07
  8.6814613E-03 -1.6848249E-01  1.6758061E-02  4.8679842E-02 -5.8967662E-03  1.8757772E-02  1.0136545E-04 -4.0476603E-03 -2.2406505E-05 -1.9338693E-04  2.3760099E-07
  8.8097646E-03 -1.6985673E-01  1.7005708E-02  4.9076792E-02 -5.9839042E-03  1.9244978E-02  1.0438362E-04 -4.1527897E-03 -2.3073656E-05 -2.0154704E-04  2.4829179E-07
  8.9398901E-03 -1.7122448E-01  1.7256871E-02  4.9471865E-02 -6.0722792E-03  1.9743955E-02  1.0748988E-04 -4.2604590E-03 -2.3760277E-05 -2.1004344E-04  2.5945717E-07
  9.0718637E-03 -1.7258514E-01  1.7511600E-02  4.9864881E-02 -6.1619089E-03  2.0254956E-02  1.1068676E-04 -4.3707225E-03 -2.4466930E-05 -2.1888965E-04  2.7111801E-07
  9.2057116E-03 -1.7393806E-01  1.7769945E-02  5.0255657E-02 -6.2528110E-03  2.0778237E-02  1.1397689E-04 -4.4836357E-03 -2.5194194E-05 -2.2809969E-04  2.8329609E-07
  9.3414604E-03 -1.7528259E-01  1.8031959E-02  5.0644003E-02 -6.3450036E-03  2.1314059E-02  1.1736296E-04 -4.5992547E-03 -2.5942663E-05 -2.3768812E-04  2.9601416E-07
  9.4791372E-03 -1.7661805E-01  1.8297693E-02  5.1029725E-02 -6.4385050E-03  2.1862685E-02  1.2084773E-04 -4.7176366E-03 -2.6712951E-05 -2.4767008E-04  3.0929595E-07
  9.6187693E-03 -1.7794377E-01  1.8567199E-02  5.1412624E-02 -6.5333337E-03  2.2424386E-02  1.2443407E-04 -4.8388393E-03 -2.7505687E-05 -2.5806129E-04  3.2316622E-07
  9.7603845E-03 -1.7925903E-01  1.8840532E-02  5.1792495E-02 -6.6295086E-03  2.2999433E-02  1.2812488E-04 -4.9629217E-03 -2.8321518E-05 -2.6887807E-04  3.3765085E-07
  9.9040109E-03 -1.8056310E-01  1.9117746E-02  5.2169128E-02 -6.7270488E-03  2.3588104E-02  1.3192320E-04 -5.0899436E-03 -2.9161112E-05 -2.8013736E-04  3.5277680E-07
  1.0049677E-02 -1.8185525E-01  1.9398895E-02  5.2542309E-02 -6.8259736E-03  2.4190679E-02  1.3583213E-04 -5.2199655E-03 -3.0025153E-05 -2.9185678E-04  3.6857225E-07
  1.0197412E-02 -1.8313471E-01  1.9684036E-02  5.2911817E-02 -6.9263027E-03  2.4807443E-02  1.3985485E-04 -5.3530489E-03 -3.0914348E-05 -3.0405460E-04  3.8506657E-07
  1.0347245E-02 -1.8440070E-01  1.9973226E-02  5.3277426E-02 -7.0280559E-03  2.5438686E-02  1.4399466E-04 -5.4892561E-03 -3.1829422E-05 -3.1674979E-04  4.0229045E-07
  1.0499207E-02 -1.8565242E-01  2.0266520E-02  5.3638905E-02 -7.1312536E-03  2.6084701E-02  1.4825491E-04 -5.6286504E-03 -3.2771120E-05 -3.2996206E-04  4.2027591E-07
  1.0653326E-02 -1.8688905E-01  2.0563979E-02  5.3996017E-02 -7.2359161E-03  2.6745783E-02  1.5263910E-04 -5.7712958E-03 -3.3740212E-05 -3.4371185E-04  4.3905634E-07
  1.0809634E-02 -1.8810975E-01  2.0865661E-02  5.4348519E-02 -7.3420642E-03  2.7422235E-02  1.5715079E-04 -5.9172573E-03 -3.4737487E-05 -3.5802041E-04  4.5866663E-07
  1.0968162E-02 -1.8931367E-01  2.1171625E-02  5.4696163E-02 -7.4497190E-03  2.8114361E-02  1.6179367E-04 -6.0666004E-03 -3.5763757E-05 -3.7290975E-04  4.7914316E-07
  1.1128942E-02 -1.9049992E-01  2.1481933E-02  5.5038695E-02 -7.5589019E-03  2.8822470E-02  1.6657150E-04 -6.2193919E-03 -3.6819859E-05 -3.8840276E-04  5.0052392E-07
  1.1292005E-02 -1.9166761E-01  2.1796647E-02  5.5375855E-02 -7.6696345E-03  2.9546874E-02  1.7148819E-04 -6.3756991E-03 -3.7906651E-05 -4.0452317E-04  5.2284853E-07
  1.1457384E-02 -1.9281581E-01  2.2115828E-02  5.5707378E-02 -7.7819387E-03  3.0287889E-02  1.7654773E-04 -6.5355901E-03 -3.9025020E-05 -4.2129561E-04  5.4615837E-07
  1.1625111E-02 -1.9394360E-01  2.2439540E-02  5.6032993E-02 -7.8958370E-03  3.1045835E-02  1.8175424E-04 -6.6991340E-03 -4.0175874E-05 -4.3874564E-04  5.7049660E-07
  1.1795221E-02 -1.9505002E-01  2.2767847E-02  5.6352422E-02 -8.0113518E-03  3.1821035E-02  1.8711196E-04 -6.8664005E-03 -4.1360150E-05 -4.5689977E-04  5.9590827E-07
  1.1967747E-02 -1.9613407E-01  2.3100815E-02  5.6665381E-02 -8.1285061E-03  3.2613816E-02  1.9262525E-04 -7.0374600E-03 -4.2578810E-05 -4.7578552E-04  6.2244040E-07
  1.2142723E-02 -1.9719477E-01  2.3438510E-02  5.6971583E-02 -8.2473230E-03  3.3424509E-02  1.9829858E-04 -7.2123839E-03 -4.3832846E-05 -4.9543143E-04  6.5014206E-07
  1.2320184E-02 -1.9823109E-01  2.3780998E-02  5.7270731E-02 -8.3678263E-03  3.4253446E-02  2.0413656E-04 -7.3912440E-03 -4.5123276E-05 -5.1586709E-04  6.7906444E-07
  1.2500165E-02 -1.9924200E-01  2.4128348E-02  5.7562525E-02 -8.4900397E-03  3.5100965E-02  2.1014394E-04 -7.5741129E-03 -4.6451147E-05 -5.3712322E-04  7.0926100E-07
  1.2682703E-02 -2.0022643E-01  2.4480628E-02  5.7846657E-02 -8.6139876E-03  3.5967406E-02  2.1632560E-04 -7.7610640E-03 -4.7817539E-05 -5.5923167E-04  7.4078747E-07
  1.2867833E-02 -2.0118329E-01  2.4837909E-02  5.8122815E-02 -8.7396944E-03  3.6853110E-02  2.2268655E-04 -7.9521710E-03 -4.9223561E-05 -5.8222545E-04  7.7370208E-07
  1.3055592E-02 -2.0211149E-01  2.5200261E-02  5.8390679E-02 -8.8671851E-03  3.7758424E-02  2.2923196E-04 -8.1475087E-03 -5.0670353E-05 -6.0613882E-04  8.0806553E-07
  1.3246017E-02 -2.0300989E-01  2.5567757E-02  5.8649923E-02 -8.9964850E-03  3.8683697E-02  2.3596714E-04 -8.3471520E-03 -5.2159090E-05 -6.3100727E-04  8.4394122E-07
  1.3439148E-02 -2.0387736E-01  2.5940468E-02  5.8900218E-02 -9.1276197E-03  3.9629277E-02  2.4289755E-04 -8.5511765E-03 -5.3690978E-05 -6.5686764E-04  8.8139526E-07
  1.3635021E-02 -2.0471273E-01  2.6318470E-02  5.9141224E-02 -9.2606152E-03  4.0595520E-02  2.5002881E-04 -8.7596585E-03 -5.5267259E-05 -6.8375806E-04  9.2049669E-07
  1.3833676E-02 -2.0551481E-01  2.6701836E-02  5.9372600E-02 -9.3954978E-03  4.1582780E-02  2.5736670E-04 -8.9726745E-03 -5.6889212E-05 -7.1171811E-04  9.6131752E-07
  1.4035152E-02 -2.0628239E-01  2.7090644E-02  5.9593995E-02 -9.5322943E-03  4.2591413E-02  2.6491716E-04 -9.1903015E-03 -5.8558150E-05 -7.4078879E-04  1.0039329E-06
  1.4239490E-02 -2.0701425E-01  2.7484971E-02  5.9805055E-02 -9.6710318E-03  4.3621780E-02  2.7268632E-04 -9.4126170E-03 -6.0275424E-05 -7.7101258E-04  1.0484213E-06
  1.4446730E-02 -2.0770914E-01  2.7884893E-02  6.0005419E-02 -9.8117378E-03  4.4674241E-02  2.8068047E-04 -9.6396986E-03 -6.2042427E-05 -8.0243351E-04  1.0948645E-06
  1.4656913E-02 -2.0836578E-01  2.8290492E-02  6.0194719E-02 -9.9544402E-03  4.5749158E-02  2.8890608E-04 -9.8716244E-03 -6.3860587E-05 -8.3509721E-04  1.1433479E-06
  1.4870081E-02 -2.0898290E-01  2.8701846E-02  6.0372582E-02 -1.0099167E-02  4.6846893E-02  2.9736980E-04 -1.0108473E-02 -6.5731377E-05 -8.6905094E-04  1.1939607E-06
  1.5086276E-02 -2.0955917E-01  2.9119039E-02  6.0538631E-02 -1.0245947E-02  4.7967811E-02  3.0607849E-04 -1.0350322E-02 -6.7656311E-05 -9.0434368E-04  1.2467959E-06
  1.5305542E-02 -2.1009327E-01  2.9542152E-02  6.0692481E-02 -1.0394810E-02  4.9112276E-02  3.1503919E-04 -1.0597251E-02 -6.9636944E-05 -9.4102615E-04  1.3019504E-06
  1.5527922E-02 -2.1058386E-01  2.9971269E-02  6.0833742E-02 -1.0545784E-02  5.0280653E-02  3.2425915E-04 -1.0849337E-02 -7.1674880E-05 -9.7915088E-04  1.3595257E-06
  1.5753461E-02 -2.1102957E-01  3.0406476E-02  6.0962018E-02 -1.0698900E-02  5.1473307E-02  3.3374582E-04 -1.1106661E-02 -7.3771764E-05 -1.0187723E-03  1.4196273E-06
  1.5982202E-02 -2.1142901E-01  3.0847859E-02  6.1076910E-02 -1.0854188E-02  5.2690602E-02  3.4350688E-04 -1.1369299E-02 -7.5929293E-05 -1.0599467E-03  1.4823655E-06
  1.6214193E-02 -2.1178078E-01  3.1295505E-02  6.1178010E-02 -1.1011679E-02  5.3932901E-02  3.5355021E-04 -1.1637332E-02 -7.8149209E-05 -1.1027324E-03  1.5478554E-06
  1.6449478E-02 -2.1208345E-01  3.1749503E-02  6.1264908E-02 -1.1171404E-02  5.5200568E-02  3.6388392E-04 -1.1910836E-02 -8.0433305E-05 -1.1471899E-03  1.6162171E-06
  1.6688104E-02 -2.1233559E-01  3.2209943E-02  6.1337188E-02 -1.1333394E-02  5.6493964E-02  3.7451636E-04 -1.2189890E-02 -8.2783427E-05 -1.1933816E-03  1.6875758E-06
  1.6930120E-02 -2.1253574E-01  3.2676916E-02  6.1394427E-02 -1.1497682E-02  5.7813448E-02  3.8545612E-04 -1.2474571E-02 -8.5201470E-05 -1.2413722E-03  1.7620624E-06
  1.7175572E-02 -2.1268242E-01  3.3150515E-02  6.1436201E-02 -1.1664300E-02  5.9159379E-02  3.9671203E-04 -1.2764956E-02 -8.7689388E-05 -1.2912288E-03  1.8398132E-06
  1.7424511E-02 -2.1277416E-01  3.3630833E-02  6.1462079E-02 -1.1833281E-02  6.0532111E-02  4.0829318E-04 -1.3061122E-02 -9.0249187E-05 -1.3430205E-03  1.9209706E-06
  1.7676985E-02 -2.1280944E-01  3.4117966E-02  6.1471625E-02 -1.2004659E-02  6.1931997E-02  4.2020891E-04 -1.3363144E-02 -9.2882933E-05 -1.3968191E-03  2.0056831E-06
  1.7933045E-02 -2.1278675E-01  3.4612010E-02  6.1464401E-02 -1.2178466E-02  6.3359384E-02  4.3246883E-04 -1.3671098E-02 -9.5592750E-05 -1.4526988E-03  2.0941057E-06
  1.8192742E-02 -2.1270455E-01  3.5113063E-02  6.1439963E-02 -1.2354739E-02  6.4814618E-02  4.4508283E-04 -1.3985058E-02 -9.8380822E-05 -1.5107363E-03  2.1864003E-06
  1.8456127E-02 -2.1256131E-01  3.5621224E-02  6.1397864E-02 -1.2533511E-02  6.6298038E-02  4.5806108E-04 -1.4305097E-02 -1.0124940E-04 -1.5710109E-03  2.2827354E-06
  1.8723252E-02 -2.1235545E-01  3.6136594E-02  6.1337654E-02 -1.2714818E-02  6.7809981E-02  4.7141404E-04 -1.4631287E-02 -1.0420079E-04 -1.6336047E-03  2.3832874E-06
  1.8994171E-02 -2.1208542E-01  3.6659274E-02  6.1258879E-02 -1.2898695E-02  6.9350776E-02  4.8515248E-04 -1.4963700E-02 -1.0723737E-04 -1.6986025E-03  2.4882398E-06
  1.9268938E-02 -2.1174963E-01  3.7189369E-02  6.1161083E-02 -1.3085179E-02  7.0920746E-02  4.9928747E-04 -1.5302404E-02 -1.1036160E-04 -1.7660921E-03  2.5977844E-06
  1.9547607E-02 -2.1134649E-01  3.7726984E-02  6.1043804E-02 -1.3274308E-02  7.2520208E-02  5.1383039E-04 -1.5647468E-02 -1.1357598E-04 -1.8361642E-03  2.7121214E-06
  1.9830234E-02 -2.1087441E-01  3.8272223E-02  6.0906582E-02 -1.3466117E-02  7.4149473E-02  5.2879296E-04 -1.5998960E-02 -1.1688310E-04 -1.9089125E-03  2.8314593E-06
  2.0116875E-02 -2.1033177E-01  3.8825196E-02  6.0748952E-02 -1.3660646E-02  7.5808843E-02  5.4418722E-04 -1.6356943E-02 -1.2028563E-04 -1.9844338E-03  2.9560162E-06
  2.0407587E-02 -2.0971698E-01  3.9386012E-02  6.0570447E-02 -1.3857932E-02  7.7498611E-02  5.6002556E-04 -1.6721481E-02 -1.2378630E-04 -2.0628282E-03  3.0860192E-06
  2.0702428E-02 -2.0902841E-01  3.9954782E-02  6.0370601E-02 -1.4058014E-02  7.9219060E-02  5.7632074E-04 -1.7092635E-02 -1.2738794E-04 -2.1441992E-03  3.2217055E-06
  2.1001456E-02 -2.0826443E-01  4.0531618E-02  6.0148944E-02 -1.4260932E-02  8.0970466E-02  5.9308587E-04 -1.7470464E-02 -1.3109343E-04 -2.2286536E-03  3.3633225E-06
  2.1304730E-02 -2.0742344E-01  4.1116634E-02  5.9905007E-02 -1.4466726E-02  8.2753092E-02  6.1033443E-04 -1.7855024E-02 -1.3490576E-04 -2.3163016E-03  3.5111285E-06
  2.1612312E-02 -2.0650380E-01  4.1709946E-02  5.9638320E-02 -1.4675436E-02  8.4567190E-02  6.2808030E-04 -1.8246370E-02 -1.3882799E-04 -2.4072573E-03  3.6653927E-06
  2.1924263E-02 -2.0550389E-01  4.2311672E-02  5.9348415E-02 -1.4887104E-02  8.6412999E-02  6.4633775E-04 -1.8644554E-02 -1.4286328E-04 -2.5016382E-03  3.8263965E-06
  2.2240644E-02 -2.0442208E-01  4.2921929E-02  5.9034821E-02 -1.5101772E-02  8.8290748E-02  6.6512146E-04 -1.9049623E-02 -1.4701486E-04 -2.5995659E-03  3.9944329E-06
  2.2561518E-02 -2.0325677E-01  4.3540840E-02  5.8697070E-02 -1.5319481E-02  9.0200648E-02  6.8444652E-04 -1.9461623E-02 -1.5128608E-04 -2.7011656E-03  4.1698081E-06
  2.2886949E-02 -2.0200633E-01  4.4168525E-02  5.8334696E-02 -1.5540274E-02  9.2142898E-02  7.0432846E-04 -1.9880598E-02 -1.5568037E-04 -2.8065668E-03  4.3528413E-06
  2.3217002E-02 -2.0066916E-01  4.4805109E-02  5.7947235E-02 -1.5764196E-02  9.4117681E-02  7.2478326E-04 -2.0306586E-02 -1.6020125E-04 -2.9159028E-03  4.5438658E-06
  2.3551742E-02 -1.9924366E-01  4.5450718E-02  5.7534225E-02 -1.5991289E-02  9.6125162E-02  7.4582736E-04 -2.0739622E-02 -1.6485236E-04 -3.0293115E-03  4.7432290E-06
  2.3891237E-02 -1.9772825E-01  4.6105478E-02  5.7095206E-02 -1.6221599E-02  9.8165490E-02  7.6747764E-04 -2.1179738E-02 -1.6963743E-04 -3.1469350E-03  4.9512938E-06
  2.4235553E-02 -1.9612134E-01  4.6769521E-02  5.6629723E-02 -1.6455172E-02  1.0023879E-01  7.8975150E-04 -2.1626962E-02 -1.7456029E-04 -3.2689196E-03  5.1684386E-06
  2.4584759E-02 -1.9442139E-01  4.7442975E-02  5.6137325E-02 -1.6692052E-02  1.0234519E-01  8.1266682E-04 -2.2081317E-02 -1.7962491E-04 -3.3954165E-03  5.3950582E-06
  2.4938925E-02 -1.9262684E-01  4.8125975E-02  5.5617567E-02 -1.6932287E-02  1.0448475E-01  8.3624198E-04 -2.2542823E-02 -1.8483533E-04 -3.5265814E-03  5.6315647E-06
  2.5298121E-02 -1.9073618E-01  4.8818655E-02  5.5070008E-02 -1.7175924E-02  1.0665757E-01  8.6049591E-04 -2.3011492E-02 -1.9019575E-04 -3.6625748E-03  5.8783878E-06
  2.5662418E-02 -1.8874790E-01  4.9521152E-02  5.4494212E-02 -1.7423010E-02  1.0886367E-01  8.8544806E-04 -2.3487336E-02 -1.9571046E-04 -3.8035623E-03  6.1359760E-06
  2.6031889E-02 -1.8666052E-01  5.0233603E-02  5.3889754E-02 -1.7673595E-02  1.1110308E-01  9.1111845E-04 -2.3970357E-02 -2.0138387E-04 -3.9497142E-03  6.4047974E-06
  2.6406607E-02 -1.8447259E-01  5.0956150E-02  5.3256213E-02 -1.7927727E-02  1.1337580E-01  9.3752767E-04 -2.4460554E-02 -2.0722055E-04 -4.1012062E-03  6.6853401E-06
  2.6786647E-02 -1.8218268E-01  5.1688935E-02  5.2593177E-02 -1.8185457E-02  1.1568180E-01  9.6469688E-04 -2.4957921E-02 -2.1322516E-04 -4.2582191E-03  6.9781136E-06
  2.7172085E-02 -1.7978941E-01  5.2432103E-02  5.1900244E-02 -1.8446834E-02  1.1802101E-01  9.9264787E-04 -2.5462445E-02 -2.1940252E-04 -4.4209393E-03  7.2836494E-06
  2.7562996E-02 -1.7729141E-01  5.3185799E-02  5.1177021E-02 -1.8711911E-02  1.2039336E-01  1.0214030E-03 -2.5974105E-02 -2.2575757E-04 -4.5895585E-03  7.6025020E-06
  2.7959460E-02 -1.7468737E-01  5.3950172E-02  5.0423128E-02 -1.8980738E-02  1.2279872E-01  1.0509854E-03 -2.6492878E-02 -2.3229540E-04 -4.7642740E-03  7.9352499E-06
  2.8361554E-02 -1.7197600E-01  5.4725373E-02  4.9638193E-02 -1.9253370E-02  1.2523695E-01  1.0814187E-03 -2.7018729E-02 -2.3902125E-04 -4.9452891E-03  8.2824969E-06
  2.8769359E-02 -1.6915606E-01  5.5511554E-02  4.8821858E-02 -1.9529859E-02  1.2770787E-01  1.1127274E-03 -2.7551619E-02 -2.4594050E-04 -5.1328127E-03  8.6448728E-06
  2.9182955E-02 -1.6622636E-01  5.6308869E-02  4.7973781E-02 -1.9810259E-02  1.3021126E-01  1.1449363E-03 -2.8091501E-02 -2.5305869E-04 -5.3270598E-03  9.0230347E-06
  2.9602426E-02 -1.6318576E-01  5.7117476E-02  4.7093629E-02 -2.0094626E-02  1.3274688E-01  1.1780714E-03 -2.8638321E-02 -2.6038152E-04 -5.5282515E-03  9.4176682E-06
  3.0027853E-02 -1.6003317E-01  5.7937534E-02  4.6181088E-02 -2.0383014E-02  1.3531442E-01  1.2121592E-03 -2.9192016E-02 -2.6791483E-04 -5.7366153E-03  9.8294887E-06
  3.0459323E-02 -1.5676754E-01  5.8769203E-02  4.5235860E-02 -2.0675481E-02  1.3791358E-01  1.2472270E-03 -2.9752515E-02 -2.7566466E-04 -5.9523847E-03  1.0259242E-05
  3.0896921E-02 -1.5338791E-01  5.9612648E-02  4.4257662E-02 -2.0972083E-02  1.4054397E-01  1.2833028E-03 -3.0319737E-02 -2.8363720E-04 -6.1758000E-03  1.0707708E-05
  3.1340734E-02 -1.4989336E-01  6.0468033E-02  4.3246231E-02 -2.1272879E-02  1.4320521E-01  1.3204154E-03 -3.0893595E-02 -2.9183882E-04 -6.4071080E-03  1.1175698E-05
  3.1790849E-02 -1.4628305E-01  6.1335527E-02  4.2201323E-02 -2.1577927E-02  1.4589682E-01  1.3585946E-03 -3.1473991E-02 -3.0027609E-04 -6.6465622E-03  1.1664060E-05
  3.2247358E-02 -1.4255619E-01  6.2215300E-02  4.1122713E-02 -2.1887286E-02  1.4861833E-01  1.3978709E-03 -3.2060816E-02 -3.0895573E-04 -6.8944229E-03  1.2173677E-05
  3.2710350E-02 -1.3871208E-01  6.3107524E-02  4.0010200E-02 -2.2201018E-02  1.5136919E-01  1.4382757E-03 -3.2653953E-02 -3.1788469E-04 -7.1509573E-03  1.2705474E-05
  3.3179917E-02 -1.3475009E-01  6.4012375E-02  3.8863602E-02 -2.2519183E-02  1.5414881E-01  1.4798412E-03 -3.3253274E-02 -3.2707009E-04 -7.4164398E-03  1.3260412E-05
  3.3656153E-02 -1.3066969E-01  6.4930030E-02  3.7682764E-02 -2.2841843E-02  1.5695655E-01  1.5226007E-03 -3.3858641E-02 -3.3651927E-04 -7.6911520E-03  1.3839496E-05
  3.4139153E-02 -1.2647040E-01  6.5860668E-02  3.6467553E-02 -2.3169061E-02  1.5979173E-01  1.5665884E-03 -3.4469904E-02 -3.4623977E-04 -7.9753825E-03  1.4443772E-05
  3.4629013E-02 -1.2215186E-01  6.6804472E-02  3.5217864E-02 -2.3500900E-02  1.6265360E-01  1.6118394E-03 -3.5086902E-02 -3.5623934E-04 -8.2694276E-03  1.5074336E-05
  3.5125829E-02 -1.1771380E-01  6.7761628E-02  3.3933618E-02 -2.3837426E-02  1.6554136E-01  1.6583898E-03 -3.5709461E-02 -3.6652597E-04 -8.5735909E-03  1.5732326E-05
  3.5629702E-02 -1.1315603E-01  6.8732321E-02  3.2614764E-02 -2.4178703E-02  1.6845417E-01  1.7062768E-03 -3.6337398E-02 -3.7710787E-04 -8.8881837E-03  1.6418932E-05
  3.6140731E-02 -1.0847848E-01  6.9716741E-02  3.1261283E-02 -2.4524799E-02  1.7139112E-01  1.7555386E-03 -3.6970514E-02 -3.8799346E-04 -9.2135249E-03  1.7135397E-05
  3.6659017E-02 -1.0368117E-01  7.0715083E-02  2.9873185E-02 -2.4875779E-02  1.7435123E-01  1.8062146E-03 -3.7608600E-02 -3.9919143E-04 -9.5499410E-03  1.7883015E-05
  3.7184664E-02 -9.8764254E-02  7.1727539E-02  2.8450511E-02 -2.5231712E-02  1.7733348E-01  1.8583451E-03 -3.8251431E-02 -4.1071070E-04 -9.8977668E-03  1.8663137E-05
  3.7717777E-02 -9.3727979E-02  7.2754309E-02  2.6993337E-02 -2.5592668E-02  1.8033677E-01  1.9119718E-03 -3.8898771E-02 -4.2256045E-04 -1.0257345E-02  1.9477172E-05
  3.8258461E-02 -8.8572722E-02  7.3795592E-02  2.5501775E-02 -2.5958715E-02  1.8335995E-01  1.9671374E-03 -3.9550368E-02 -4.3475012E-04 -1.0629025E-02  2.0326592E-05
  3.8806824E-02 -8.3298982E-02  7.4851592E-02  2.3975971E-02 -2.6329926E-02  1.8640179E-01  2.0238859E-03 -4.0205958E-02 -4.4728943E-04 -1.1013166E-02  2.1212931E-05
  3.9362975E-02 -7.7907388E-02  7.5922514E-02  2.2416108E-02 -2.6706370E-02  1.8946100E-01  2.0822625E-03 -4.0865259E-02 -4.6018834E-04 -1.1410135E-02  2.2137789E-05
  3.9927025E-02 -7.2398700E-02  7.7008568E-02  2.0822410E-02 -2.7088123E-02  1.9253622E-01  2.1423138E-03 -4.1527976E-02 -4.7345714E-04 -1.1820306E-02  2.3102836E-05
  4.0499085E-02 -6.6773818E-02  7.8109964E-02  1.9195139E-02 -2.7475256E-02  1.9562602E-01  2.2040876E-03 -4.2193799E-02 -4.8710638E-04 -1.2244063E-02  2.4109814E-05
  4.1079270E-02 -6.1033784E-02  7.9226917E-02  1.7534598E-02 -2.7867844E-02  1.9872889E-01  2.2676332E-03 -4.2862402E-02 -5.0114691E-04 -1.2681797E-02  2.5160541E-05
  4.1667695E-02 -5.5179786E-02  8.0359645E-02  1.5841136E-02 -2.8265964E-02  2.0184325E-01  2.3330010E-03 -4.3533440E-02 -5.1558991E-04 -1.3133907E-02  2.6256913E-05
  4.2264476E-02 -4.9213166E-02  8.1508367E-02  1.4115142E-02 -2.8669692E-02  2.0496745E-01  2.4002432E-03 -4.4206556E-02 -5.3044685E-04 -1.3600802E-02  2.7400908E-05
  4.2869734E-02 -4.3135419E-02  8.2673307E-02  1.2357053E-02 -2.9079106E-02  2.0809974E-01  2.4694134E-03 -4.4881374E-02 -5.4572956E-04 -1.4082897E-02  2.8594589E-05
  4.3483587E-02 -3.6948204E-02  8.3854691E-02  1.0567353E-02 -2.9494284E-02  2.1123832E-01  2.5405664E-03 -4.5557498E-02 -5.6145016E-04 -1.4580618E-02  2.9840110E-05
  4.4106158E-02 -3.0653345E-02  8.5052748E-02  8.7465705E-03 -2.9915305E-02  2.1438129E-01  2.6137590E-03 -4.6234520E-02 -5.7762116E-04 -1.5094396E-02  3.1139717E-05
  4.4737572E-02 -2.4252834E-02  8.6267710E-02  6.8952879E-03 -3.0342251E-02  2.1752667E-01  2.6890494E-03 -4.6912009E-02 -5.9425538E-04 -1.5624673E-02  3.2495753E-05
  4.5377953E-02 -1.7748840E-02  8.7499813E-02  5.0141358E-03 -3.0775204E-02  2.2067240E-01  2.7664974E-03 -4.7589519E-02 -6.1136605E-04 -1.6171899E-02  3.3910663E-05
  4.6027428E-02 -1.1143710E-02  8.8749294E-02  3.1037972E-03 -3.1214246E-02  2.2381633E-01  2.8461646E-03 -4.8266585E-02 -6.2896673E-04 -1.6736530E-02  3.5386995E-05
  4.6686128E-02 -4.4399746E-03  9.0016397E-02  1.1650088E-03 -3.1659461E-02  2.2695623E-01  2.9281143E-03 -4.8942722E-02 -6.4707140E-04 -1.7319032E-02  3.6927412E-05
  4.7354183E-02  2.3596487E-03  9.1301365E-02 -8.0143877E-04 -3.2110934E-02  2.3008977E-01  3.0124116E-03 -4.9617426E-02 -6.6569440E-04 -1.7919879E-02  3.8534688E-05
  4.8031725E-02  9.2522497E-03  9.2604446E-02 -2.7946987E-03 -3.2568751E-02  2.3321455E-01  3.0991235E-03 -5.0290176E-02 -6.8485052E-04 -1.8539552E-02  4.0211718E-05
  4.8718891E-02  1.6234722E-02  9.3925893E-02 -4.8138674E-03 -3.3032999E-02  2.3632806E-01  3.1883188E-03 -5.0960427E-02 -7.0455492E-04 -1.9178541E-02  4.1961523E-05
  4.9415815E-02  2.3303760E-02  9.5265959E-02 -6.8579831E-03 -3.3503767E-02  2.3942771E-01  3.2800684E-03 -5.1627619E-02 -7.2482323E-04 -1.9837341E-02  4.3787255E-05
  5.0122637E-02  3.0455854E-02  9.6624903E-02 -8.9260250E-03 -3.3981144E-02  2.4251081E-01  3.3744450E-03 -5.2291168E-02 -7.4567149E-04 -2.0516458E-02  4.5692199E-05
  5.0839498E-02  3.7687286E-02  9.8002986E-02 -1.1016912E-02 -3.4465221E-02  2.4557458E-01  3.4715235E-03 -5.2950473E-02 -7.6711622E-04 -2.1216402E-02  4.7679786E-05
  5.1566540E-02  4.4994126E-02  9.9400473E-02 -1.3129500E-02 -3.4956089E-02  2.4861614E-01  3.5713809E-03 -5.3604909E-02 -7.8917439E-04 -2.1937693E-02  4.9753593E-05
  5.2303908E-02  5.2372233E-02  1.0081763E-01 -1.5262586E-02 -3.5453841E-02  2.5163252E-01  3.6740964E-03 -5.4253834E-02 -8.1186344E-04 -2.2680855E-02  5.1917350E-05
  5.3051747E-02  5.9817243E-02  1.0225474E-01 -1.7414900E-02 -3.5958571E-02  2.5462066E-01  3.7797514E-03 -5.4896583E-02 -8.3520133E-04 -2.3446421E-02  5.4174952E-05
  5.3810208E-02  6.7324575E-02  1.0371206E-01 -1.9585110E-02 -3.6470374E-02  2.5757740E-01  3.8884297E-03 -5.5532469E-02 -8.5920650E-04 -2.4234929E-02  5.6530459E-05
  5.4579441E-02  7.4889422E-02  1.0518988E-01 -2.1771818E-02 -3.6989346E-02  2.6049947E-01  4.0002172E-03 -5.6160787E-02 -8.8389793E-04 -2.5046923E-02  5.8988108E-05
  5.5359598E-02  8.2506751E-02  1.0668849E-01 -2.3973560E-02 -3.7515586E-02  2.6338351E-01  4.1152025E-03 -5.6780810E-02 -9.0929512E-04 -2.5882954E-02  6.1552318E-05
  5.6150836E-02  9.0171301E-02  1.0820816E-01 -2.6188807E-02 -3.8049192E-02  2.6622608E-01  4.2334766E-03 -5.7391788E-02 -9.3541812E-04 -2.6743577E-02  6.4227699E-05
  5.6953310E-02  9.7877578E-02  1.0974918E-01 -2.8415961E-02 -3.8590263E-02  2.6902362E-01  4.3551332E-03 -5.7992951E-02 -9.6228755E-04 -2.7629351E-02  6.7019061E-05
  5.7767182E-02  1.0561986E-01  1.1131186E-01 -3.0653357E-02 -3.9138901E-02  2.7177247E-01  4.4802683E-03 -5.8583510E-02 -9.8992461E-04 -2.8540841E-02  6.9931419E-05
  5.8592613E-02  1.1339218E-01  1.1289649E-01 -3.2899262E-02 -3.9695208E-02  2.7446891E-01  4.6089811E-03 -5.9162653E-02 -1.0183511E-03 -2.9478617E-02  7.2970008E-05
  5.9429766E-02  1.2118835E-01  1.1450336E-01 -3.5151874E-02 -4.0259289E-02  2.7710907E-01  4.7413732E-03 -5.9729546E-02 -1.0475894E-03 -3.0443251E-02  7.6140287E-05
  6.0278809E-02  1.2900193E-01  1.1613279E-01 -3.7409323E-02 -4.0831247E-02  2.7968902E-01  4.8775491E-03 -6.0283337E-02 -1.0776626E-03 -3.1435317E-02  7.9447949E-05
  6.1139910E-02  1.3682625E-01  1.1778508E-01 -3.9669669E-02 -4.1411189E-02  2.8220474E-01  5.0176166E-03 -6.0823151E-02 -1.1085943E-03 -3.2455395E-02  8.2898935E-05
  6.2013241E-02  1.4465441E-01  1.1946055E-01 -4.1930904E-02 -4.1999222E-02  2.8465209E-01  5.1616860E-03 -6.1348095E-02 -1.1404090E-03 -3.3504062E-02  8.6499442E-05
  6.2898975E-02  1.5247927E-01  1.2115950E-01 -4.4190950E-02 -4.2595455E-02  2.8702685E-01  5.3098712E-03 -6.1857255E-02 -1.1731315E-03 -3.4581901E-02  9.0255933E-05
  6.3797289E-02  1.6029344E-01  1.2288227E-01 -4.6447662E-02 -4.3199998E-02  2.8932472E-01  5.4622890E-03 -6.2349696E-02 -1.2067877E-03 -3.5689494E-02  9.4175151E-05
  6.4708360E-02  1.6808930E-01  1.2462918E-01 -4.8698825E-02 -4.3812962E-02  2.9154129E-01  5.6190596E-03 -6.2824466E-02 -1.2414041E-03 -3.6827420E-02  9.8264129E-05
  6.5632371E-02  1.7585902E-01  1.2640056E-01 -5.0942155E-02 -4.4434460E-02  2.9367207E-01  5.7803066E-03 -6.3280592E-02 -1.2770077E-03 -3.7996262E-02  1.0253020E-04
  6.6569505E-02  1.8359450E-01  1.2819673E-01 -5.3175305E-02 -4.5064604E-02  2.9571251E-01  5.9461569E-03 -6.3717085E-02 -1.3136266E-03 -3.9196599E-02  1.0698103E-04
  6.7519948E-02  1.9128744E-01  1.3001803E-01 -5.5395856E-02 -4.5703511E-02  2.9765793E-01  6.1167412E-03 -6.4132936E-02 -1.3512894E-03 -4.0429006E-02  1.1162458E-04
  6.8483890E-02  1.9892930E-01  1.3186481E-01 -5.7601326E-02 -4.6351297E-02  2.9950362E-01  6.2921937E-03 -6.4527122E-02 -1.3900258E-03 -4.1694057E-02  1.1646919E-04
  6.9461521E-02  2.0651133E-01  1.3373741E-01 -5.9789170E-02 -4.7008079E-02  3.0124476E-01  6.4726525E-03 -6.4898599E-02 -1.4298661E-03 -4.2992322E-02  1.2152355E-04
  7.0453038E-02  2.1402454E-01  1.3563619E-01 -6.1956776E-02 -4.7673977E-02  3.0287648E-01  6.6582594E-03 -6.5246312E-02 -1.4708414E-03 -4.4324365E-02  1.2679671E-04
  7.1458636E-02  2.2145976E-01  1.3756148E-01 -6.4101473E-02 -4.8349110E-02  3.0439382E-01  6.8491603E-03 -6.5569188E-02 -1.5129839E-03 -4.5690743E-02  1.3229812E-04
  7.2478516E-02  2.2880758E-01  1.3951365E-01 -6.6220528E-02 -4.9033600E-02  3.0579177E-01  7.0455051E-03 -6.5866142E-02 -1.5563265E-03 -4.7092007E-02  1.3803764E-04
  7.3512880E-02  2.3605841E-01  1.4149307E-01 -6.8311150E-02 -4.9727570E-02  3.0706526E-01  7.2474480E-03 -6.6136074E-02 -1.6009031E-03 -4.8528701E-02  1.4402555E-04
  7.4561935E-02  2.4320245E-01  1.4350009E-01 -7.0370492E-02 -5.0431145E-02  3.0820915E-01  7.4551475E-03 -6.6377876E-02 -1.6467486E-03 -5.0001357E-02  1.5027257E-04
  7.5625888E-02  2.5022973E-01  1.4553510E-01 -7.2395652E-02 -5.1144449E-02  3.0921828E-01  7.6687663E-03 -6.6590424E-02 -1.6938987E-03 -5.1510498E-02  1.5678989E-04
  7.6704952E-02  2.5713009E-01  1.4759845E-01 -7.4383675E-02 -5.1867610E-02  3.1008741E-01  7.8884720E-03 -6.6772589E-02 -1.7423901E-03 -5.3056636E-02  1.6358918E-04
  7.7799342E-02  2.6389320E-01  1.4969054E-01 -7.6331560E-02 -5.2600757E-02  3.1081129E-01  8.1144367E-03 -6.6923231E-02 -1.7922608E-03 -5.4640270E-02  1.7068260E-04
  7.8909274E-02  2.7050859E-01  1.5181174E-01 -7.8236256E-02 -5.3344017E-02  3.1138463E-01  8.3468371E-03 -6.7041204E-02 -1.8435496E-03 -5.6261882E-02  1.7808285E-04
  8.0034969E-02  2.7696560E-01  1.5396245E-01 -8.0094670E-02 -5.4097523E-02  3.1180209E-01  8.5858552E-03 -6.7125356E-02 -1.8962963E-03 -5.7921942E-02  1.8580316E-04
  8.1176652E-02  2.8325346E-01  1.5614305E-01 -8.1903668E-02 -5.4861406E-02  3.1205834E-01  8.8316779E-03 -6.7174532E-02 -1.9505421E-03 -5.9620902E-02  1.9385734E-04
  8.2334550E-02  2.8936128E-01  1.5835394E-01 -8.3660081E-02 -5.5635800E-02  3.1214804E-01  9.0844970E-03 -6.7187573E-02 -2.0063290E-03 -6.1359194E-02  2.0225980E-04
  8.3508892E-02  2.9527804E-01  1.6059553E-01 -8.5360706E-02 -5.6420839E-02  3.1206582E-01  9.3445102E-03 -6.7163321E-02 -2.0637004E-03 -6.3137233E-02  2.1102555E-04
  8.4699912E-02  3.0099262E-01  1.6286821E-01 -8.7002309E-02 -5.7216660E-02  3.1180633E-01  9.6119203E-03 -6.7100617E-02 -2.1227009E-03 -6.4955410E-02  2.2017026E-04
  8.5907848E-02  3.0649382E-01  1.6517241E-01 -8.8581633E-02 -5.8023399E-02  3.1136423E-01  9.8869357E-03 -6.6998307E-02 -2.1833761E-03 -6.6814094E-02  2.2971027E-04
  8.7132939E-02  3.1177036E-01  1.6750852E-01 -9.0095400E-02 -5.8841195E-02  3.1073420E-01  1.0169771E-02 -6.6855239E-02 -2.2457730E-03 -6.8713629E-02  2.3966262E-04
  8.8375429E-02  3.1681092E-01  1.6987698E-01 -9.1540317E-02 -5.9670189E-02  3.0991096E-01  1.0460646E-02 -6.6670269E-02 -2.3099400E-03 -7.0654334E-02  2.5004508E-04
  8.9635565E-02  3.2160413E-01  1.7227820E-01 -9.2913077E-02 -6.0510520E-02  3.0888924E-01  1.0759787E-02 -6.6442263E-02 -2.3759266E-03 -7.2636498E-02  2.6087618E-04
  9.0913598E-02  3.2613859E-01  1.7471262E-01 -9.4210370E-02 -6.1362332E-02  3.0766386E-01  1.1067427E-02 -6.6170095E-02 -2.4437838E-03 -7.4660382E-02  2.7217527E-04
  9.2209782E-02  3.3040291E-01  1.7718065E-01 -9.5428883E-02 -6.2225767E-02  3.0622966E-01  1.1383804E-02 -6.5852654E-02 -2.5135640E-03 -7.6726214E-02  2.8396250E-04
  9.3524374E-02  3.3438571E-01  1.7968275E-01 -9.6565309E-02 -6.3100970E-02  3.0458158E-01  1.1709165E-02 -6.5488844E-02 -2.5853209E-03 -7.8834188E-02  2.9625889E-04
  9.4857637E-02  3.3807566E-01  1.8221936E-01 -9.7616352E-02 -6.3988088E-02  3.0271462E-01  1.2043762E-02 -6.5077587E-02 -2.6591099E-03 -8.0984465E-02  3.0908639E-04
  9.6209835E-02  3.4146146E-01  1.8479091E-01 -9.8578732E-02 -6.4887267E-02  3.0062388E-01  1.2387853E-02 -6.4617824E-02 -2.7349876E-03 -8.3177165E-02  3.2246784E-04
  9.7581238E-02  3.4453190E-01  1.8739785E-01 -9.9449191E-02 -6.5798656E-02  2.9830457E-01  1.2741706E-02 -6.4108520E-02 -2.8130123E-03 -8.5412372E-02  3.3642712E-04
  9.8972117E-02  3.4727588E-01  1.9004065E-01 -1.0022450E-01 -6.6722403E-02  2.9575200E-01  1.3105593E-02 -6.3548665E-02 -2.8932440E-03 -8.7690127E-02  3.5098908E-04
  1.0038275E-01  3.4968240E-01  1.9271976E-01 -1.0090147E-01 -6.7658659E-02  2.9296161E-01  1.3479797E-02 -6.2937277E-02 -2.9757441E-03 -9.0010427E-02  3.6617967E-04
  1.0181342E-01  3.5174063E-01  1.9543565E-01 -1.0147696E-01 -6.8607575E-02  2.8992901E-01  1.3864605E-02 -6.2273404E-02 -3.0605758E-03 -9.2373223E-02  3.8202593E-04
  1.0326440E-01  3.5343988E-01  1.9818877E-01 -1.0194785E-01 -6.9569305E-02  2.8664992E-01  1.4260315E-02 -6.1556129E-02 -3.1478040E-03 -9.4778420E-02  3.9855608E-04
  1.0473600E-01  3.5476969E-01  2.0097961E-01 -1.0231112E-01 -7.0544000E-02  2.8312025E-01  1.4667232E-02 -6.0784570E-02 -3.2374952E-03 -9.7225872E-02  4.1579952E-04
  1.0622849E-01  3.5571980E-01  2.0380864E-01 -1.0256378E-01 -7.1531816E-02  2.7933610E-01  1.5085668E-02 -5.9957887E-02 -3.3297180E-03 -9.9715381E-02  4.3378693E-04
  1.0774218E-01  3.5628019E-01  2.0667633E-01 -1.0270294E-01 -7.2532907E-02  2.7529374E-01  1.5515946E-02 -5.9075280E-02 -3.4245424E-03 -1.0224669E-01  4.5255031E-04
  1.0927737E-01  3.5644113E-01  2.0958318E-01 -1.0272576E-01 -7.3547431E-02  2.7098965E-01  1.5958395E-02 -5.8135995E-02 -3.5220408E-03 -1.0481950E-01  4.7212299E-04
  1.1083436E-01  3.5619318E-01  2.1252967E-01 -1.0262952E-01 -7.4575544E-02  2.6642056E-01  1.6413356E-02 -5.7139328E-02 -3.6222870E-03 -1.0743344E-01  4.9253977E-04
  1.1241346E-01  3.5552724E-01  2.1551630E-01 -1.0241158E-01 -7.5617403E-02  2.6158341E-01  1.6881176E-02 -5.6084625E-02 -3.7253571E-03 -1.1008807E-01  5.1383692E-04
  1.1401499E-01  3.5443455E-01  2.1854355E-01 -1.0206941E-01 -7.6673168E-02  2.5647539E-01  1.7362214E-02 -5.4971289E-02 -3.8313291E-03 -1.1278290E-01  5.3605224E-04
  1.1563926E-01  3.5290676E-01  2.2161194E-01 -1.0160058E-01 -7.7742997E-02  2.5109398E-01  1.7856838E-02 -5.3798780E-02 -3.9402833E-03 -1.1551739E-01  5.5922517E-04
  1.1728661E-01  3.5093592E-01  2.2472196E-01 -1.0100280E-01 -7.8827050E-02  2.4543692E-01  1.8365424E-02 -5.2566620E-02 -4.0523018E-03 -1.1829089E-01  5.8339683E-04
  1.1895735E-01  3.4851452E-01  2.2787412E-01 -1.0027391E-01 -7.9925488E-02  2.3950225E-01  1.8888361E-02 -5.1274397E-02 -4.1674690E-03 -1.2110271E-01  6.0861009E-04
  1.2065182E-01  3.4563553E-01  2.3106894E-01 -9.9411872E-02 -8.1038471E-02  2.3328833E-01  1.9426046E-02 -4.9921765E-02 -4.2858716E-03 -1.2395209E-01  6.3490964E-04
  1.2237035E-01  3.4229243E-01  2.3430692E-01 -9.8414821E-02 -8.2166161E-02  2.2679384E-01  1.9978889E-02 -4.8508452E-02 -4.4075984E-03 -1.2683817E-01  6.6234210E-04
  1.2411329E-01  3.3847922E-01  2.3758860E-01 -9.7281032E-02 -8.3308719E-02  2.2001781E-01  2.0547308E-02 -4.7034259E-02 -4.5327408E-03 -1.2976004E-01  6.9095605E-04
  1.2588098E-01  3.3419049E-01  2.4091448E-01 -9.6008953E-02 -8.4466308E-02  2.1295961E-01  2.1131736E-02 -4.5499067E-02 -4.6613924E-03 -1.3271669E-01  7.2080216E-04
  1.2767378E-01  3.2942140E-01  2.4428510E-01 -9.4597206E-02 -8.5639090E-02  2.0561899E-01  2.1732613E-02 -4.3902838E-02 -4.7936492E-03 -1.3570705E-01  7.5193325E-04
  1.2949204E-01  3.2416775E-01  2.4770098E-01 -9.3044597E-02 -8.6827226E-02  1.9799611E-01  2.2350395E-02 -4.2245619E-02 -4.9296098E-03 -1.3872994E-01  7.8440439E-04
  1.3133613E-01  3.1842599E-01  2.5116265E-01 -9.1350126E-02 -8.8030880E-02  1.9009150E-01  2.2985546E-02 -4.0527544E-02 -5.0693753E-03 -1.4178411E-01  8.1827298E-04
  1.3320640E-01  3.1219324E-01  2.5467066E-01 -8.9512995E-02 -8.9250212E-02  1.8190612E-01  2.3638547E-02 -3.8748842E-02 -5.2130494E-03 -1.4486823E-01  8.5359889E-04
  1.3510324E-01  3.0546737E-01  2.5822552E-01 -8.7532615E-02 -9.0485387E-02  1.7344137E-01  2.4309887E-02 -3.6909833E-02 -5.3607386E-03 -1.4798086E-01  8.9044450E-04
  1.3702701E-01  2.9824696E-01  2.6182779E-01 -8.5408618E-02 -9.1736564E-02  1.6469909E-01  2.5000070E-02 -3.5010937E-02 -5.5125520E-03 -1.5112049E-01  9.2887487E-04
  1.3897811E-01  2.9053138E-01  2.6547800E-01 -8.3140863E-02 -9.3003906E-02  1.5568158E-01  2.5709613E-02 -3.3052673E-02 -5.6686015E-03 -1.5428550E-01  9.6895780E-04
  1.4095692E-01  2.8232078E-01  2.6917670E-01 -8.0729446E-02 -9.4287573E-02  1.4639161E-01  2.6439048E-02 -3.1035668E-02 -5.8290019E-03 -1.5747417E-01  1.0107640E-03
  1.4296383E-01  2.7361617E-01  2.7292443E-01 -7.8174705E-02 -9.5587726E-02  1.3683243E-01  2.7188918E-02 -2.8960651E-02 -5.9938709E-03 -1.6068471E-01  1.0543671E-03
  1.4499924E-01  2.6441937E-01  2.7672175E-01 -7.5477231E-02 -9.6904524E-02  1.2700782E-01  2.7959782E-02 -2.6828464E-02 -6.1633291E-03 -1.6391521E-01  1.0998440E-03
  1.4706356E-01  2.5473312E-01  2.8056918E-01 -7.2637876E-02 -9.8238126E-02  1.1692205E-01  2.8752214E-02 -2.4640059E-02 -6.3375001E-03 -1.6716366E-01  1.1472746E-03
  1.4915720E-01  2.4456103E-01  2.8446730E-01 -6.9657756E-02 -9.9588689E-02  1.0657990E-01  2.9566799E-02 -2.2396507E-02 -6.5165109E-03 -1.7042797E-01  1.1967425E-03
  1.5128058E-01  2.3390765E-01  2.8841664E-01 -6.6538262E-02 -1.0095637E-01  9.5986706E-02  3.0404143E-02 -2.0098991E-02 -6.7004914E-03 -1.7370592E-01  1.2483347E-03
  1.5343411E-01  2.2277848E-01  2.9241776E-01 -6.3281067E-02 -1.0234132E-01  8.5148347E-02  3.1264863E-02 -1.7748817E-02 -6.8895746E-03 -1.7699521E-01  1.3021418E-03
  1.5561822E-01  2.1117999E-01  2.9647120E-01 -5.9888126E-02 -1.0374370E-01  7.4071248E-02  3.2149593E-02 -1.5347411E-02 -7.0838972E-03 -1.8029342E-01  1.3582582E-03
  1.5783336E-01  1.9911962E-01  3.0057753E-01 -5.6361692E-02 -1.0516366E-01  6.2762400E-02  3.3058984E-02 -1.2896326E-02 -7.2835989E-03 -1.8359804E-01  1.4167825E-03
  1.6007995E-01  1.8660584E-01  3.0473729E-01 -5.2704310E-02 -1.0660134E-01  5.1229362E-02  3.3993703E-02 -1.0397236E-02 -7.4888230E-03 -1.8690645E-01  1.4778173E-03
  1.6235845E-01  1.7364811E-01  3.0895102E-01 -4.8918831E-02 -1.0805690E-01  3.9480273E-02  3.4954433E-02 -7.8519433E-03 -7.6997162E-03 -1.9021591E-01  1.5414695E-03
  1.6466931E-01  1.6025696E-01  3.1321929E-01 -4.5008411E-02 -1.0953048E-01  2.7523853E-02  3.5941874E-02 -5.2623801E-03 -7.9164288E-03 -1.9352361E-01  1.6078507E-03
  1.6701299E-01  1.4644394E-01  3.1754264E-01 -4.0976515E-02 -1.1102223E-01  1.5369408E-02  3.6956747E-02 -2.6306059E-03 -8.1391146E-03 -1.9682660E-01  1.6770769E-03
  1.6938996E-01  1.3222167E-01  3.2192161E-01 -3.6826923E-02 -1.1253227E-01  3.0268380E-03  3.7999786E-02  4.1189053E-05 -8.3679313E-03 -2.0012183E-01  1.7492693E-03
  1.7180068E-01  1.1760381E-01  3.2635675E-01 -3.2563730E-02 -1.1406076E-01 -9.4933663E-03  3.9071747E-02  2.7506841E-03 -8.6030402E-03 -2.0340618E-01  1.8245539E-03
  1.7424565E-01  1.0260512E-01  3.3084860E-01 -2.8191347E-02 -1.1560783E-01 -2.2180119E-02  4.0173403E-02  5.4954276E-03 -8.8446064E-03 -2.0667638E-01  1.9030622E-03
  1.7672533E-01  8.7241419E-02  3.3539770E-01 -2.3714506E-02 -1.1717360E-01 -3.5021740E-02  4.1305546E-02  8.2728371E-03 -9.0927989E-03 -2.0992908E-01  1.9849311E-03
  1.7924023E-01  7.1529592E-02  3.4000458E-01 -1.9138253E-02 -1.1875820E-01 -4.8005956E-02  4.2468988E-02  1.1080200E-02 -9.3477905E-03 -2.1316083E-01  2.0703033E-03
  1.8179085E-01  5.5487602E-02  3.4466977E-01 -1.4467956E-02 -1.2036176E-01 -6.1119904E-02  4.3664560E-02  1.3914672E-02 -9.6097583E-03 -2.1636808E-01  2.1593275E-03
  1.8437770E-01  3.9134474E-02  3.4939380E-01 -9.7092990E-03 -1.2198439E-01 -7.4350138E-02  4.4893114E-02  1.6773282E-02 -9.8788832E-03 -2.1954718E-01  2.2521584E-03
  1.8700128E-01  2.2490293E-02  3.5417719E-01 -4.8682792E-03 -1.2362620E-01 -8.7682628E-02  4.6155521E-02  1.9652930E-02 -1.0155350E-02 -2.2269437E-01  2.3489575E-03
  1.8966213E-01  5.5761885E-03  3.5902046E-01  4.8793702E-05 -1.2528732E-01 -1.0110277E-01  4.7452675E-02  2.2550389E-02 -1.0439349E-02 -2.2580581E-01  2.4498929E-03
  1.9236076E-01 -1.1585673E-02  3.6392411E-01  5.0353021E-03 -1.2696783E-01 -1.1459541E-01  4.8785491E-02  2.5462308E-02 -1.0731072E-02 -2.2887757E-01  2.5551395E-03
  1.9509772E-01 -2.8972109E-02  3.6888864E-01  1.0084325E-02 -1.2866785E-01 -1.2814482E-01  5.0154902E-02  2.8385215E-02 -1.1030718E-02 -2.3190561E-01  2.6648799E-03
  1.9787355E-01 -4.6558939E-02  3.7391455E-01  1.5188645E-02 -1.3038745E-01 -1.4173475E-01  5.1561868E-02  3.1315517E-02 -1.1338489E-02 -2.3488583E-01  2.7793040E-03
  2.0068881E-01 -6.4321003E-02  3.7900233E-01  2.0340752E-02 -1.3212673E-01 -1.5534840E-01  5.3007367E-02  3.4249504E-02 -1.1654591E-02 -2.3781401E-01  2.8986095E-03
  2.0354404E-01 -8.2232193E-02  3.8415244E-01  2.5532852E-02 -1.3388576E-01 -1.6896848E-01  5.4492404E-02  3.7183353E-02 -1.1979235E-02 -2.4068589E-01  3.0230027E-03
  2.0643983E-01 -1.0026548E-01  3.8936536E-01  3.0756877E-02 -1.3566461E-01 -1.8257717E-01  5.6018002E-02  4.0113131E-02 -1.2312637E-02 -2.4349708E-01  3.1526981E-03
  2.0937675E-01 -1.1839293E-01  3.9464154E-01  3.6004491E-02 -1.3746336E-01 -1.9615621E-01  5.7585211E-02  4.3034798E-02 -1.2655016E-02 -2.4624316E-01  3.2879193E-03
  2.1235537E-01 -1.3658576E-01  3.9998142E-01  4.1267102E-02 -1.3928205E-01 -2.0968685E-01  5.9195103E-02  4.5944213E-02 -1.3006597E-02 -2.4891960E-01  3.4288989E-03
  2.1537630E-01 -1.5481438E-01  4.0538543E-01  4.6535872E-02 -1.4112073E-01 -2.2314991E-01  6.0848775E-02  4.8837137E-02 -1.3367608E-02 -2.5152183E-01  3.5758794E-03
  2.1844014E-01 -1.7304838E-01  4.1085400E-01  5.1801729E-02 -1.4297944E-01 -2.3652579E-01  6.2547348E-02  5.1709237E-02 -1.3738284E-02 -2.5404518E-01  3.7291130E-03
  2.2154748E-01 -1.9125665E-01  4.1638752E-01  5.7055379E-02 -1.4485820E-01 -2.4979448E-01  6.4291967E-02  5.4556093E-02 -1.4118863E-02 -2.5648495E-01  3.8888626E-03
  2.2469896E-01 -2.0940736E-01  4.2198638E-01  6.2287321E-02 -1.4675705E-01 -2.6293562E-01  6.6083802E-02  5.7373205E-02 -1.4509587E-02 -2.5883634E-01  4.0554016E-03
  2.2789520E-01 -2.2746803E-01  4.2765095E-01  6.7487858E-02 -1.4867597E-01 -2.7592849E-01  6.7924049E-02  6.0155992E-02 -1.4910704E-02 -2.6109453E-01  4.2290149E-03
  2.3113683E-01 -2.4540560E-01  4.3338159E-01  7.2647117E-02 -1.5061498E-01 -2.8875206E-01  6.9813928E-02  6.2899805E-02 -1.5322466E-02 -2.6325463E-01  4.4099988E-03
  2.3442449E-01 -2.6318647E-01  4.3917862E-01  7.7755058E-02 -1.5257404E-01 -3.0138500E-01  7.1754686E-02  6.5599929E-02 -1.5745131E-02 -2.6531169E-01  4.5986620E-03
  2.3775885E-01 -2.8077651E-01  4.4504237E-01  8.2801498E-02 -1.5455314E-01 -3.1380573E-01  7.3747595E-02  6.8251595E-02 -1.6178959E-02 -2.6726073E-01  4.7953256E-03
  2.4114057E-01 -2.9814122E-01  4.5097312E-01  8.7776125E-02 -1.5655223E-01 -3.2599244E-01  7.5793953E-02  7.0849979E-02 -1.6624217E-02 -2.6909672E-01  5.0003239E-03
  2.4457031E-01 -3.1524569E-01  4.5697115E-01  9.2668516E-02 -1.5857126E-01 -3.3792313E-01  7.7895085E-02  7.3390218E-02 -1.7081176E-02 -2.7081463E-01  5.2140047E-03
  2.4804877E-01 -3.3205473E-01  4.6303670E-01  9.7468159E-02 -1.6061016E-01 -3.4957563E-01  8.0052342E-02  7.5867414E-02 -1.7550111E-02 -2.7240936E-01  5.4367300E-03
  2.5157662E-01 -3.4853292E-01  4.6916999E-01  1.0216448E-01 -1.6266883E-01 -3.6092768E-01  8.2267101E-02  7.8276644E-02 -1.8031303E-02 -2.7387582E-01  5.6688765E-03
  2.5515458E-01 -3.6464469E-01  4.7537121E-01  1.0674684E-01 -1.6474718E-01 -3.7195694E-01  8.4540766E-02  8.0612967E-02 -1.8525034E-02 -2.7520892E-01  5.9108361E-03
  2.5878335E-01 -3.8035438E-01  4.8164053E-01  1.1120461E-01 -1.6684509E-01 -3.8264102E-01  8.6874767E-02  8.2871438E-02 -1.9031595E-02 -2.7640354E-01  6.1630166E-03
  2.6246366E-01 -3.9562634E-01  4.8797808E-01  1.1552713E-01 -1.6896242E-01 -3.9295759E-01  8.9270563E-02  8.5047118E-02 -1.9551278E-02 -2.7745461E-01  6.4258420E-03
  2.6619624E-01 -4.1042500E-01  4.9438397E-01  1.1970379E-01 -1.7109901E-01 -4.0288436E-01  9.1729635E-02  8.7135080E-02 -2.0084382E-02 -2.7835706E-01  6.6997536E-03
  2.6998183E-01 -4.2471498E-01  5.0085827E-01  1.2372401E-01 -1.7325470E-01 -4.1239916E-01  9.4253496E-02  8.9130425E-02 -2.0631206E-02 -2.7910588E-01  6.9852102E-03
  2.7382119E-01 -4.3846114E-01  5.0740100E-01  1.2757732E-01 -1.7542927E-01 -4.2147998E-01  9.6843681E-02  9.1028291E-02 -2.1192058E-02 -2.7969606E-01  7.2826892E-03
  2.7771507E-01 -4.5162868E-01  5.1401217E-01  1.3125333E-01 -1.7762253E-01 -4.3010504E-01  9.9501754E-02  9.2823865E-02 -2.1767247E-02 -2.8012269E-01  7.5926867E-03
  2.8166425E-01 -4.6418326E-01  5.2069173E-01  1.3474180E-01 -1.7983422E-01 -4.3825282E-01  1.0222930E-01  9.4512395E-02 -2.2357085E-02 -2.8038091E-01  7.9157189E-03
  2.8566952E-01 -4.7609104E-01  5.2743960E-01  1.3803263E-01 -1.8206408E-01 -4.4590213E-01  1.0502795E-01  9.6089199E-02 -2.2961891E-02 -2.8046592E-01  8.2523221E-03
  2.8973168E-01 -4.8731881E-01  5.3425565E-01  1.4111593E-01 -1.8431183E-01 -4.5303214E-01  1.0789932E-01  9.7549678E-02 -2.3581983E-02 -2.8037303E-01  8.6030543E-03
  2.9385152E-01 -4.9783405E-01  5.4113970E-01  1.4398202E-01 -1.8657714E-01 -4.5962242E-01  1.1084509E-01  9.8889329E-02 -2.4217685E-02 -2.8009762E-01  8.9684951E-03
  2.9802988E-01 -5.0760502E-01  5.4809154E-01  1.4662146E-01 -1.8885968E-01 -4.6565305E-01  1.1386695E-01  1.0010375E-01 -2.4869325E-02 -2.7963517E-01  9.3492472E-03
  3.0226758E-01 -5.1660088E-01  5.5511089E-01  1.4902506E-01 -1.9115907E-01 -4.7110458E-01  1.1696661E-01  1.0118867E-01 -2.5537230E-02 -2.7898129E-01  9.7459367E-03
  3.0656546E-01 -5.2479173E-01  5.6219744E-01  1.5118396E-01 -1.9347493E-01 -4.7595818E-01  1.2014581E-01  1.0213992E-01 -2.6221732E-02 -2.7813169E-01  1.0159214E-02
  3.1092439E-01 -5.3214873E-01  5.6935079E-01  1.5308961E-01 -1.9580681E-01 -4.8019558E-01  1.2340631E-01  1.0295350E-01 -2.6923165E-02 -2.7708220E-01  1.0589756E-02
  3.1534522E-01 -5.3864419E-01  5.7657051E-01  1.5473380E-01 -1.9815425E-01 -4.8379922E-01  1.2674989E-01  1.0362554E-01 -2.7641864E-02 -2.7582880E-01  1.1038265E-02
  3.1982883E-01 -5.4425161E-01  5.8385611E-01  1.5610870E-01 -2.0051677E-01 -4.8675224E-01  1.3017836E-01  1.0415233E-01 -2.8378165E-02 -2.7436761E-01  1.1505469E-02
  3.2437612E-01 -5.4894581E-01  5.9120702E-01  1.5720691E-01 -2.0289382E-01 -4.8903853E-01  1.3369354E-01  1.0453036E-01 -2.9132407E-02 -2.7269488E-01  1.1992127E-02
  3.2898800E-01 -5.5270298E-01  5.9862261E-01  1.5802142E-01 -2.0528483E-01 -4.9064280E-01  1.3729727E-01  1.0475627E-01 -2.9904928E-02 -2.7080704E-01  1.2499026E-02
  3.3366537E-01 -5.5550080E-01  6.0610219E-01  1.5854570E-01 -2.0768921E-01 -4.9155061E-01  1.4099141E-01  1.0482691E-01 -3.0696065E-02 -2.6870067E-01  1.3026982E-02
  3.3840918E-01 -5.5731845E-01  6.1364498E-01  1.5877369E-01 -2.1010631E-01 -4.9174842E-01  1.4477784E-01  1.0473933E-01 -3.1506158E-02 -2.6637255E-01  1.3576842E-02
  3.4322035E-01 -5.5813674E-01  6.2125014E-01  1.5869983E-01 -2.1253544E-01 -4.9122363E-01  1.4865845E-01  1.0449081E-01 -3.2335543E-02 -2.6381960E-01  1.4149489E-02
  3.4809986E-01 -5.5793816E-01  6.2891675E-01  1.5831909E-01 -2.1497587E-01 -4.8996462E-01  1.5263515E-01  1.0407884E-01 -3.3184556E-02 -2.6103897E-01  1.4745833E-02
  3.5304866E-01 -5.5670695E-01  6.3664379E-01  1.5762698E-01 -2.1742682E-01 -4.8796081E-01  1.5670985E-01  1.0350114E-01 -3.4053530E-02 -2.5802798E-01  1.5366824E-02
  3.5806775E-01 -5.5442916E-01  6.4443017E-01  1.5661959E-01 -2.1988747E-01 -4.8520267E-01  1.6088448E-01  1.0275568E-01 -3.4942796E-02 -2.5478417E-01  1.6013445E-02
  3.6315812E-01 -5.5109271E-01  6.5227471E-01  1.5529359E-01 -2.2235696E-01 -4.8168177E-01  1.6516097E-01  1.0184069E-01 -3.5852682E-02 -2.5130527E-01  1.6686714E-02
  3.6832079E-01 -5.4668745E-01  6.6017612E-01  1.5364627E-01 -2.2483436E-01 -4.7739082E-01  1.6954126E-01  1.0075466E-01 -3.6783509E-02 -2.4758925E-01  1.7387690E-02
  3.7355677E-01 -5.4120522E-01  6.6813305E-01  1.5167552E-01 -2.2731870E-01 -4.7232371E-01  1.7402730E-01  9.9496332E-02 -3.7735597E-02 -2.4363429E-01  1.8117468E-02
  3.7886712E-01 -5.3463986E-01  6.7614400E-01  1.4937990E-01 -2.2980895E-01 -4.6647551E-01  1.7862103E-01  9.8064746E-02 -3.8709256E-02 -2.3943880E-01  1.8877186E-02
  3.8425289E-01 -5.2698731E-01  6.8420740E-01  1.4675862E-01 -2.3230403E-01 -4.5984252E-01  1.8332438E-01  9.6459216E-02 -3.9704792E-02 -2.3500141E-01  1.9668020E-02
  3.8971515E-01 -5.1824561E-01  6.9232155E-01  1.4381155E-01 -2.3480280E-01 -4.5242230E-01  1.8813930E-01  9.4679347E-02 -4.0722502E-02 -2.3032102E-01  2.0491192E-02
  3.9525499E-01 -5.0841492E-01  7.0048465E-01  1.4053925E-01 -2.3730405E-01 -4.4421370E-01  1.9306772E-01  9.2725044E-02 -4.1762674E-02 -2.2539676E-01  2.1347966E-02
  4.0087350E-01 -4.9749759E-01  7.0869478E-01  1.3694299E-01 -2.3980651E-01 -4.3521683E-01  1.9811154E-01  9.0596512E-02 -4.2825585E-02 -2.2022799E-01  2.2239650E-02
  4.0657181E-01 -4.8549815E-01  7.1694988E-01  1.3302471E-01 -2.4230886E-01 -4.2543315E-01  2.0327266E-01  8.8294264E-02 -4.3911503E-02 -2.1481434E-01  2.3167601E-02
  4.1235105E-01 -4.7242334E-01  7.2524778E-01  1.2878710E-01 -2.4480969E-01 -4.1486545E-01  2.0855297E-01  8.5819126E-02 -4.5020682E-02 -2.0915571E-01  2.4133221E-02
  4.1821236E-01 -4.5828212E-01  7.3358618E-01  1.2423355E-01 -2.4730754E-01 -4.0351784E-01  2.1395431E-01  8.3172240E-02 -4.6153361E-02 -2.0325224E-01  2.5137963E-02
  4.2415692E-01 -4.4308569E-01  7.4196262E-01  1.1936818E-01 -2.4980086E-01 -3.9139582E-01  2.1947853E-01  8.0355069E-02 -4.7309766E-02 -1.9710435E-01  2.6183329E-02
  4.3018591E-01 -4.2684745E-01  7.5037451E-01  1.1419583E-01 -2.5228804E-01 -3.7850623E-01  2.2512740E-01  7.7369396E-02 -4.8490104E-02 -1.9071271E-01  2.7270873E-02
  4.3630052E-01 -4.0958305E-01  7.5881913E-01  1.0872207E-01 -2.5476737E-01 -3.6485729E-01  2.3090269E-01  7.4217331E-02 -4.9694564E-02 -1.8407827E-01  2.8402202E-02
  4.4250197E-01 -3.9131035E-01  7.6729358E-01  1.0295321E-01 -2.5723709E-01 -3.5045858E-01  2.3680610E-01  7.0901312E-02 -5.0923316E-02 -1.7720227E-01  2.9578977E-02
  4.4879150E-01 -3.7204939E-01  7.7579482E-01  9.6896273E-02 -2.5969533E-01 -3.3532109E-01  2.4283930E-01  6.7424103E-02 -5.2176507E-02 -1.7008620E-01  3.0802913E-02
  4.5517035E-01 -3.5182242E-01  7.8431963E-01  9.0559024E-02 -2.6214016E-01 -3.1945713E-01  2.4900389E-01  6.3788797E-02 -5.3454261E-02 -1.6273184E-01  3.2075783E-02
  4.6163979E-01 -3.3065383E-01  7.9286464E-01  8.3949935E-02 -2.6456953E-01 -3.0288041E-01  2.5530142E-01  5.9998817E-02 -5.4756673E-02 -1.5514126E-01  3.3399418E-02
  4.6820112E-01 -3.0857014E-01  8.0142628E-01  7.7078193E-02 -2.6698133E-01 -2.8560599E-01  2.6173335E-01  5.6057912E-02 -5.6083814E-02 -1.4731680E-01  3.4775706E-02
  4.7485563E-01 -2.8559993E-01  8.1000084E-01  6.9953692E-02 -2.6937334E-01 -2.6765026E-01  2.6830110E-01  5.1970160E-02 -5.7435723E-02 -1.3926109E-01  3.6206597E-02
  4.8160465E-01 -2.6177386E-01  8.1858437E-01  6.2587019E-02 -2.7174324E-01 -2.4903096E-01  2.7500596E-01  4.7739962E-02 -5.8812405E-02 -1.3097705E-01  3.7694103E-02
  4.8844953E-01 -2.3712455E-01  8.2717279E-01  5.4989444E-02 -2.7408861E-01 -2.2976713E-01  2.8184917E-01  4.3372042E-02 -6.0213833E-02 -1.2246789E-01  3.9240294E-02
  4.9539161E-01 -2.1168660E-01  8.3576177E-01  4.7172904E-02 -2.7640695E-01 -2.0987912E-01  2.8883185E-01  3.8871443E-02 -6.1639940E-02 -1.1373708E-01  4.0847308E-02
  5.0243229E-01 -1.8549645E-01  8.4434680E-01  3.9149991E-02 -2.7869562E-01 -1.8938852E-01  2.9595500E-01  3.4243522E-02 -6.3090619E-02 -1.0478841E-01  4.2517345E-02
  5.0957296E-01 -1.5859237E-01  8.5292316E-01  3.0933932E-02 -2.8095190E-01 -1.6831821E-01  3.0321952E-01  2.9493948E-02 -6.4565720E-02 -9.5625952E-02  4.4252670E-02
  5.1681504E-01 -1.3101440E-01  8.6148591E-01  2.2538571E-02 -2.8317295E-01 -1.4669223E-01  3.1062617E-01  2.4628694E-02 -6.6065047E-02 -8.6254047E-02  4.6055613E-02
  5.2415998E-01 -1.0280422E-01  8.7002990E-01  1.3978345E-02 -2.8535581E-01 -1.2453585E-01  3.1817557E-01  1.9654030E-02 -6.7588355E-02 -7.6677337E-02  4.7928572E-02
  5.3160923E-01 -7.4005112E-02  8.7854974E-01  5.2682653E-03 -2.8749741E-01 -1.0187545E-01  3.2586821E-01  1.4576519E-02 -6.9135346E-02 -6.6900743E-02  4.9874010E-02
  5.3916428E-01 -4.4661852E-02  8.8703983E-01 -3.5761104E-03 -2.8959455E-01 -7.8738546E-02  3.3370439E-01  9.4030092E-03 -7.0705666E-02 -5.6929469E-02  5.1894459E-02
  5.4682663E-01 -1.4820629E-02  8.9549429E-01 -1.2538703E-02 -2.9164392E-01 -5.5153690E-02  3.4168425E-01  4.1406219E-03 -7.2298902E-02 -4.6768998E-02  5.3992516E-02
  5.5459780E-01  1.5471055E-02  9.0390705E-01 -2.1602943E-02 -2.9364208E-01 -3.1150468E-02  3.4980775E-01 -1.2032544E-03 -7.3914576E-02 -3.6425088E-02  5.6170849E-02
  5.6247934E-01  4.6164491E-02  9.1227174E-01 -3.0751796E-02 -2.9558546E-01 -6.7594297E-03  3.5807463E-01 -6.6209751E-03 -7.5552145E-02 -2.5903768E-02  5.8432190E-02
  5.7047281E-01  7.7209867E-02  9.2058178E-01 -3.9967801E-02 -2.9747037E-01  1.7987959E-02  3.6648444E-01 -1.2104651E-02 -7.7210995E-02 -1.5211335E-02  6.0779339E-02
  5.7857981E-01  1.0855638E-01  9.2883030E-01 -4.9233097E-02 -2.9929297E-01  4.3059374E-02  3.7503649E-01 -1.7646158E-02 -7.8890435E-02 -4.3543461E-03  6.3215164E-02
  5.8680195E-01  1.4015235E-01  9.3701018E-01 -5.8529465E-02 -3.0104930E-01  6.8421687E-02  3.8372985E-01 -2.3237152E-02 -8.0589695E-02  6.6603863E-03  6.5742596E-02
  5.9514086E-01  1.7194536E-01  9.4511403E-01 -6.7838360E-02 -3.0273525E-01  9.4041033E-02  3.9256335E-01 -2.8869081E-02 -8.2307922E-02  1.7825801E-02  6.8364632E-02
  6.0359820E-01  2.0388233E-01  9.5313419E-01 -7.7140952E-02 -3.0434659E-01  1.1988287E-01  4.0153552E-01 -3.4533198E-02 -8.4044174E-02  2.9134598E-02  7.1084333E-02
  6.1217565E-01  2.3590969E-01  9.6106270E-01 -8.6418165E-02 -3.0587892E-01  1.4591206E-01  4.1064461E-01 -4.0220577E-02 -8.5797415E-02  4.0579244E-02  7.3904821E-02
  6.2087493E-01  2.6797353E-01  9.6889136E-01 -9.5650716E-02 -3.0732773E-01  1.7209291E-01  4.1988859E-01 -4.5922128E-02 -8.7566510E-02  5.2151981E-02  7.6829276E-02
  6.2969775E-01  3.0001963E-01  9.7661166E-01 -1.0481916E-01 -3.0868834E-01  1.9838927E-01  4.2926506E-01 -5.1628612E-02 -8.9350223E-02  6.3844841E-02  7.9860937E-02
  6.3864587E-01  3.3199373E-01  9.8421480E-01 -1.1390393E-01 -3.0995594E-01  2.2476461E-01  4.3877131E-01 -5.7330657E-02 -9.1147206E-02  7.5649650E-02  8.3003097E-02
  6.4772108E-01  3.6384156E-01  9.9169169E-01 -1.2288538E-01 -3.1112557E-01  2.5118208E-01  4.4840427E-01 -6.3018778E-02 -9.2956000E-02  8.7558042E-02  8.6259099E-02
  6.5692518E-01  3.9550903E-01  9.9903298E-01 -1.3174385E-01 -3.1219210E-01  2.7760460E-01  4.5816049E-01 -6.8683390E-02 -9.4775024E-02  9.9561473E-02  8.9632333E-02
  6.6626000E-01  4.2694234E-01  1.0062290E+00 -1.4045966E-01 -3.1315030E-01  3.0399491E-01  4.6803609E-01 -7.4314829E-02 -9.6602574E-02  1.1165123E-01  9.3126234E-02
  6.7572739E-01  4.5808814E-01  1.0132698E+00 -1.4901321E-01 -3.1399476E-01  3.3031571E-01  4.7802683E-01 -7.9903369E-02 -9.8436814E-02  1.2381843E-01  9.6744273E-02
  6.8532924E-01  4.8889366E-01  1.0201451E+00 -1.5738502E-01 -3.1471992E-01  3.5652969E-01  4.8812798E-01 -8.5439242E-02 -1.0027577E-01  1.3605408E-01  1.0048996E-01
  6.9506745E-01  5.1930684E-01  1.0268443E+00 -1.6555571E-01 -3.1532009E-01  3.8259962E-01  4.9833437E-01 -9.0912652E-02 -1.0211733E-01  1.4834901E-01  1.0436681E-01
  7.0494398E-01  5.4927646E-01  1.0333568E+00 -1.7350616E-01 -3.1578944E-01  4.0848845E-01  5.0864036E-01 -9.6313800E-02 -1.0395923E-01  1.6069398E-01  1.0837839E-01
  7.1496077E-01  5.7875226E-01  1.0396712E+00 -1.8121743E-01 -3.1612197E-01  4.3415938E-01  5.1903979E-01 -1.0163290E-01 -1.0579905E-01  1.7307960E-01  1.1252826E-01
  7.2511982E-01  6.0768510E-01  1.0457764E+00 -1.8867089E-01 -3.1631157E-01  4.5957591E-01  5.2952598E-01 -1.0686018E-01 -1.0763421E-01  1.8549643E-01  1.1681999E-01
  7.3542315E-01  6.3602701E-01  1.0516605E+00 -1.9584825E-01 -3.1635199E-01  4.8470196E-01  5.4009173E-01 -1.1198594E-01 -1.0946197E-01  1.9793491E-01  1.2125713E-01
  7.4587281E-01  6.6373138E-01  1.0573116E+00 -2.0273154E-01 -3.1623682E-01  5.0950189E-01  5.5072925E-01 -1.1700053E-01 -1.1127941E-01  2.1038542E-01  1.2584323E-01
  7.5647089E-01  6.9075296E-01  1.0627176E+00 -2.0930324E-01 -3.1595956E-01  5.3394060E-01  5.6143016E-01 -1.2189436E-01 -1.1308343E-01  2.2283827E-01  1.3058182E-01
  7.6721947E-01  7.1704804E-01  1.0678660E+00 -2.1554621E-01 -3.1551356E-01  5.5798355E-01  5.7218549E-01 -1.2665797E-01 -1.1487076E-01  2.3528372E-01  1.3547637E-01
  7.7812072E-01  7.4257443E-01  1.0727441E+00 -2.2144383E-01 -3.1489206E-01  5.8159684E-01  5.8298563E-01 -1.3128197E-01 -1.1663791E-01  2.4771193E-01  1.4053031E-01
  7.8917678E-01  7.6729159E-01  1.0773390E+00 -2.2697992E-01 -3.1408820E-01  6.0474719E-01  5.9382034E-01 -1.3575709E-01 -1.1838122E-01  2.6011303E-01  1.4574701E-01
  8.0038987E-01  7.9116063E-01  1.0816376E+00 -2.3213886E-01 -3.1309500E-01  6.2740204E-01  6.0467868E-01 -1.4007418E-01 -1.2009683E-01  2.7247704E-01  1.5112975E-01
  8.1176220E-01  8.1414437E-01  1.0856265E+00 -2.3690553E-01 -3.1190541E-01  6.4952952E-01  6.1554905E-01 -1.4422422E-01 -1.2178066E-01  2.8479392E-01  1.5668170E-01
  8.2329605E-01  8.3620739E-01  1.0892922E+00 -2.4126542E-01 -3.1051228E-01  6.7109848E-01  6.2641914E-01 -1.4819834E-01 -1.2342842E-01  2.9705353E-01  1.6240595E-01
  8.3499371E-01  8.5731605E-01  1.0926211E+00 -2.4520457E-01 -3.0890839E-01  6.9207855E-01  6.3727590E-01 -1.5198780E-01 -1.2503562E-01  3.0924563E-01  1.6830540E-01
  8.4685749E-01  8.7743857E-01  1.0955994E+00 -2.4870968E-01 -3.0708647E-01  7.1244018E-01  6.4810558E-01 -1.5558402E-01 -1.2659752E-01  3.2135989E-01  1.7438284E-01
  8.5888978E-01  8.9654507E-01  1.0982132E+00 -2.5176808E-01 -3.0503920E-01  7.3215465E-01  6.5889365E-01 -1.5897863E-01 -1.2810919E-01  3.3338589E-01  1.8064086E-01
  8.7109294E-01  9.1460769E-01  1.1004484E+00 -2.5436784E-01 -3.0275923E-01  7.5119420E-01  6.6962484E-01 -1.6216342E-01 -1.2956546E-01  3.4531314E-01  1.8708184E-01
  8.8346942E-01  9.3160065E-01  1.1022911E+00 -2.5649774E-01 -3.0023919E-01  7.6953207E-01  6.8028308E-01 -1.6513043E-01 -1.3096092E-01  3.5713110E-01  1.9370794E-01
  8.9602167E-01  9.4750043E-01  1.1037273E+00 -2.5814737E-01 -2.9747172E-01  7.8714263E-01  6.9085155E-01 -1.6787192E-01 -1.3228995E-01  3.6882919E-01  2.0052104E-01
  9.0875219E-01  9.6228583E-01  1.1047427E+00 -2.5930718E-01 -2.9444948E-01  8.0400150E-01  7.0131264E-01 -1.7038046E-01 -1.3354669E-01  3.8039689E-01  2.0752277E-01
  9.2166352E-01  9.7593809E-01  1.1053236E+00 -2.5996850E-01 -2.9116518E-01  8.2008561E-01  7.1164797E-01 -1.7264891E-01 -1.3472505E-01  3.9182372E-01  2.1471440E-01
  9.3475821E-01  9.8844103E-01  1.1054560E+00 -2.6012358E-01 -2.8761158E-01  8.3537336E-01  7.2183835E-01 -1.7467046E-01 -1.3581871E-01  4.0309928E-01  2.2209688E-01
  9.4803888E-01  9.9978110E-01  1.1051261E+00 -2.5976570E-01 -2.8378155E-01  8.4984467E-01  7.3186385E-01 -1.7643868E-01 -1.3682112E-01  4.1421335E-01  2.2967074E-01
  9.6150816E-01  1.0099475E+00  1.1043205E+00 -2.5888909E-01 -2.7966807E-01  8.6348110E-01  7.4170375E-01 -1.7794748E-01 -1.3772553E-01  4.2515584E-01  2.3743610E-01
  9.7516874E-01  1.0189320E+00  1.1030259E+00 -2.5748905E-01 -2.7526426E-01  8.7626586E-01  7.5133660E-01 -1.7919122E-01 -1.3852494E-01  4.3591690E-01  2.4539262E-01
  9.8902333E-01  1.0267295E+00  1.1012292E+00 -2.5556192E-01 -2.7056342E-01  8.8818392E-01  7.6074023E-01 -1.8016463E-01 -1.3921215E-01  4.4648687E-01  2.5353944E-01
  1.0030747E+00  1.0333373E+00  1.0989179E+00 -2.5310513E-01 -2.6555905E-01  8.9922202E-01  7.6989174E-01 -1.8086290E-01 -1.3977978E-01  4.5685634E-01  2.6187516E-01
  1.0173256E+00  1.0387557E+00  1.0960798E+00 -2.5011715E-01 -2.6024491E-01  9.0936869E-01  7.7876760E-01 -1.8128165E-01 -1.4022023E-01  4.6701619E-01  2.7039778E-01
  1.0317789E+00  1.0429877E+00  1.0927031E+00 -2.4659758E-01 -2.5461500E-01  9.1861430E-01  7.8734363E-01 -1.8141693E-01 -1.4052573E-01  4.7695755E-01  2.7910466E-01
  1.0464375E+00  1.0460389E+00  1.0887767E+00 -2.4254707E-01 -2.4866367E-01  9.2695103E-01  7.9559507E-01 -1.8126528E-01 -1.4068834E-01  4.8667185E-01  2.8799245E-01
  1.0613042E+00  1.0479178E+00  1.0842902E+00 -2.3796738E-01 -2.4238560E-01  9.3437294E-01  8.0349664E-01 -1.8082368E-01 -1.4069998E-01  4.9615083E-01  2.9705709E-01
  1.0763822E+00  1.0486353E+00  1.0792337E+00 -2.3286136E-01 -2.3577586E-01  9.4087592E-01  8.1102257E-01 -1.8008960E-01 -1.4055244E-01  5.0538654E-01  3.0629370E-01
  1.0916742E+00  1.0482051E+00  1.0735983E+00 -2.2723291E-01 -2.2882997E-01  9.4645770E-01  8.1814673E-01 -1.7906095E-01 -1.4023738E-01  5.1437138E-01  3.1569657E-01
  1.1071834E+00  1.0466431E+00  1.0673759E+00 -2.2108704E-01 -2.2154394E-01  9.5111789E-01  8.2484265E-01 -1.7773616E-01 -1.3974640E-01  5.2309808E-01  3.2525907E-01
  1.1229129E+00  1.0439678E+00  1.0605592E+00 -2.1442978E-01 -2.1391429E-01  9.5485791E-01  8.3108364E-01 -1.7611411E-01 -1.3907102E-01  5.3155973E-01  3.3497362E-01
  1.1388658E+00  1.0402003E+00  1.0531424E+00 -2.0726825E-01 -2.0593812E-01  9.5768100E-01  8.3684288E-01 -1.7419420E-01 -1.3820277E-01  5.3974980E-01  3.4483164E-01
  1.1550453E+00  1.0353635E+00  1.0451203E+00 -1.9961056E-01 -1.9761316E-01  9.5959222E-01  8.4209355E-01 -1.7197626E-01 -1.3713313E-01  5.4766211E-01  3.5482346E-01
  1.1714545E+00  1.0294828E+00  1.0364895E+00 -1.9146585E-01 -1.8893783E-01  9.6059842E-01  8.4680891E-01 -1.6946067E-01 -1.3585366E-01  5.5529092E-01  3.6493829E-01
  1.1880968E+00  1.0225856E+00  1.0272474E+00 -1.8284425E-01 -1.7991125E-01  9.6070817E-01  8.5096249E-01 -1.6664823E-01 -1.3435601E-01  5.6263086E-01  3.7516417E-01
  1.2049754E+00  1.0147014E+00  1.0173933E+00 -1.7375684E-01 -1.7053336E-01  9.5993181E-01  8.5452819E-01 -1.6354027E-01 -1.3263191E-01  5.6967697E-01  3.8548791E-01
  1.2220938E+00  1.0058614E+00  1.0069278E+00 -1.6421563E-01 -1.6080489E-01  9.5828131E-01  8.5748044E-01 -1.6013856E-01 -1.3067331E-01  5.7642474E-01  3.9589503E-01
  1.2394553E+00  9.9609856E-01  9.9585323E-01 -1.5423357E-01 -1.5072750E-01  9.5577031E-01  8.5979438E-01 -1.5644536E-01 -1.2847234E-01  5.8287005E-01  4.0636972E-01
  1.2570633E+00  9.8544765E-01  9.8417353E-01 -1.4382443E-01 -1.4030376E-01  9.5241403E-01  8.6144606E-01 -1.5246337E-01 -1.2602144E-01  5.8900924E-01  4.1689482E-01
  1.2749214E+00  9.7394480E-01  9.7189460E-01 -1.3300284E-01 -1.2953725E-01  9.4822921E-01  8.6241260E-01 -1.4819578E-01 -1.2331335E-01  5.9483906E-01  4.2745174E-01
  1.2930332E+00  9.6162758E-01  9.5902420E-01 -1.2178423E-01 -1.1843257E-01  9.4323410E-01  8.6267239E-01 -1.4364618E-01 -1.2034124E-01  6.0035673E-01  4.3802047E-01
  1.3114021E+00  9.4853479E-01  9.4557209E-01 -1.1018477E-01 -1.0699543E-01  9.3744832E-01  8.6220534E-01 -1.3881864E-01 -1.1709870E-01  6.0555987E-01  4.4857952E-01
  1.3300320E+00  9.3470633E-01  9.3155013E-01 -9.8221349E-02 -9.5232669E-02  9.3089284E-01  8.6099307E-01 -1.3371762E-01 -1.1357985E-01  6.1044658E-01  4.5910596E-01
  1.3489264E+00  9.2018309E-01  9.1697233E-01 -8.5911537E-02 -8.3152289E-02  9.2358992E-01  8.5901916E-01 -1.2834800E-01 -1.0977942E-01  6.1501536E-01  4.6957534E-01
  1.3680892E+00  9.0500678E-01  9.0185490E-01 -7.3273516E-02 -7.0763512E-02  9.1556299E-01  8.5626937E-01 -1.2271506E-01 -1.0569280E-01  6.1926518E-01  4.7996180E-01
  1.3875242E+00  8.8921978E-01  8.8621633E-01 -6.0326049E-02 -5.8076799E-02  9.0683663E-01  8.5273192E-01 -1.1682445E-01 -1.0131609E-01  6.2319540E-01  4.9023801E-01
  1.4072351E+00  8.7286504E-01  8.7007740E-01 -4.7088432E-02 -4.5103875E-02  8.9743641E-01  8.4839771E-01 -1.1068221E-01 -9.6646221E-02  6.2680584E-01  5.0037525E-01
  1.4272260E+00  8.5598590E-01  8.5346123E-01 -3.3580442E-02 -3.1857748E-02  8.8738890E-01  8.4326056E-01 -1.0429470E-01 -9.1681013E-02  6.3009672E-01  5.1034350E-01
  1.4475008E+00  8.3862597E-01  8.3639323E-01 -1.9822288E-02 -1.8352715E-02  8.7672151E-01  8.3731750E-01 -9.7668651E-02 -8.6419235E-02  6.3306869E-01  5.2011147E-01
  1.4680636E+00  8.2082897E-01  8.1890115E-01 -5.8345640E-03 -4.6043545E-03  8.6546245E-01  8.3056896E-01 -9.0811082E-02 -8.0860688E-02  6.3572279E-01  5.2964676E-01
  1.4889184E+00  8.0263863E-01  8.0101495E-01  8.3618021E-03  9.3704829E-03  8.5364062E-01  8.2301905E-01 -8.3729325E-02 -7.5006277E-02  6.3806045E-01  5.3891597E-01
  1.5100694E+00  7.8409852E-01  7.8276682E-01  2.2745601E-02  2.3553709E-02  8.4128555E-01  8.1467572E-01 -7.6430995E-02 -6.8858071E-02  6.4008351E-01  5.4788489E-01
  1.5315208E+00  7.6525195E-01  7.6419099E-01  3.7295389E-02  3.7926040E-02  8.2842727E-01  8.0555102E-01 -6.8923970E-02 -6.2419367E-02  6.4179418E-01  5.5651869E-01
  1.5532768E+00  7.4614182E-01  7.4532365E-01  5.1989542E-02  5.2467061E-02  8.1509626E-01  7.9566119E-01 -6.1216374E-02 -5.5694739E-02  6.4319503E-01  5.6478217E-01
  1.5753418E+00  7.2681053E-01  7.2620274E-01  6.6806301E-02  6.7155301E-02  8.0132334E-01  7.8502686E-01 -5.3316562E-02 -4.8690083E-02  6.4428899E-01  5.7264002E-01
  1.5977202E+00  7.0729983E-01  7.0686776E-01  8.1723828E-02  8.1968339E-02  7.8713961E-01  7.7367311E-01 -4.5233093E-02 -4.1412649E-02  6.4507933E-01  5.8005718E-01
  1.6204164E+00  6.8765072E-01  6.8735947E-01  9.6720247E-02  9.6882927E-02  7.7257635E-01  7.6162953E-01 -3.6974721E-02 -3.3871056E-02  6.4556967E-01  5.8699916E-01
  1.6434350E+00  6.6790336E-01  6.6771962E-01  1.1177370E-01  1.1187513E-01  7.5766491E-01  7.4893018E-01 -2.8550368E-02 -2.6075292E-02  6.4576395E-01  5.9343250E-01
  1.6667804E+00  6.4809695E-01  6.4799055E-01  1.2686239E-01  1.2692052E-01  7.4243667E-01  7.3561351E-01 -1.9969110E-02 -1.8036699E-02  6.4566640E-01  5.9932518E-01
  1.6904574E+00  6.2826965E-01  6.2821478E-01  1.4196464E-01  1.4199434E-01  7.2692295E-01  7.2172221E-01 -1.1240156E-02 -9.7679297E-03  6.4528157E-01  6.0464718E-01
  1.7144707E+00  6.0845849E-01  6.0843454E-01  1.5705891E-01  1.5707177E-01  7.1115492E-01  7.0730295E-01 -2.3728292E-03 -1.2828784E-03  6.4461427E-01  6.0937099E-01
  1.7388251E+00  5.8869927E-01  5.8869124E-01  1.7212387E-01  1.7212816E-01  6.9516350E-01  6.9240600E-01  6.6234493E-03  7.4034115E-03  6.4366961E-01  6.1347223E-01
  1.7635253E+00  5.6902650E-01  5.6902485E-01  1.8713845E-01  1.8713933E-01  6.7897933E-01  6.7708478E-01  1.5739182E-02  1.6274876E-02  6.4245293E-01  6.1693027E-01
  1.7885763E+00  5.4947335E-01  5.4947325E-01  2.0208182E-01  2.0208188E-01  6.6263269E-01  6.6139526E-01  2.4964811E-02  2.5314594E-02  6.4096983E-01  6.1972890E-01
  1.8139831E+00  5.3007156E-01  5.3007156E-01  2.1693354E-01  2.1693354E-01  6.4615340E-01  6.4539524E-01  3.4290736E-02  3.4504985E-02  6.3922611E-01  6.2185699E-01
  1.8397507E+00  5.1085139E-01  5.1085139E-01  2.3167347E-01  2.3167347E-01  6.2957076E-01  6.2914347E-01  4.3707332E-02  4.3828055E-02  6.3722781E-01  6.2330922E-01
  1.8658843E+00  4.9184158E-01  4.9184158E-01  2.4628192E-01  2.4628192E-01  6.1291352E-01  6.1269861E-01  5.3204967E-02  5.3265676E-02  6.3498116E-01  6.2408668E-01
  1.8923891E+00  4.7306930E-01  4.7306930E-01  2.6073961E-01  2.6073961E-01  5.9620979E-01  5.9611810E-01  6.2774014E-02  6.2799912E-02  6.3249255E-01  6.2419749E-01
  1.9192702E+00  4.5456014E-01  4.5456014E-01  2.7502774E-01  2.7502774E-01  5.7948697E-01  5.7945681E-01  7.2404874E-02  7.2413394E-02  6.2976856E-01  6.2365733E-01
  1.9465332E+00  4.3633804E-01  4.3633804E-01  2.8912800E-01  2.8912800E-01  5.6277173E-01  5.6276556E-01  8.2087981E-02  8.2089726E-02  6.2681589E-01  6.2248981E-01
  1.9741833E+00  4.1842531E-01  4.1842531E-01  3.0302262E-01  3.0302262E-01  5.4608993E-01  5.4608953E-01  9.1813826E-02  9.1813938E-02  6.2364138E-01  6.2072665E-01
  2.0022261E+00  4.0084261E-01  4.0084261E-01  3.1669437E-01  3.1669437E-01  5.2946658E-01  5.2946658E-01  1.0157296E-01  1.0157296E-01  6.2025198E-01  6.1840753E-01
  2.0306672E+00  3.8360890E-01  3.8360890E-01  3.3012660E-01  3.3012660E-01  5.1292581E-01  5.1292581E-01  1.1135602E-01  1.1135602E-01  6.1665474E-01  6.1557965E-01
  2.0595123E+00  3.6674151E-01  3.6674151E-01  3.4330327E-01  3.4330327E-01  4.9649080E-01  4.9649080E-01  1.2115373E-01  1.2115373E-01  6.1285678E-01  6.1229675E-01
  2.0887670E+00  3.5025609E-01  3.5025609E-01  3.5620893E-01  3.5620893E-01  4.8018379E-01  4.8018379E-01  1.3095690E-01  1.3095690E-01  6.0886527E-01  6.0861742E-01
  2.1184371E+00  3.3416664E-01  3.3416664E-01  3.6882878E-01  3.6882878E-01  4.6402599E-01  4.6402599E-01  1.4075647E-01  1.4075647E-01  6.0468742E-01  6.0460266E-01
  2.1485287E+00  3.1848553E-01  3.1848553E-01  3.8114866E-01  3.8114866E-01  4.4803760E-01  4.4803760E-01  1.5054347E-01  1.5054347E-01  6.0033046E-01  6.0031237E-01
  2.1790476E+00  3.0322353E-01  3.0322353E-01  3.9315506E-01  3.9315506E-01  4.3223777E-01  4.3223777E-01  1.6030908E-01  1.6030908E-01  5.9580163E-01  5.9580041E-01
  2.2100000E+00  2.8838983E-01  2.8838983E-01  4.0483512E-01  4.0483512E-01  4.1664455E-01  4.1664455E-01  1.7004459E-01  1.7004459E-01  5.9110814E-01  5.9110814E-01
  2.2413920E+00  2.7399208E-01  2.7399208E-01  4.1617667E-01  4.1617667E-01  4.0127493E-01  4.0127493E-01  1.7974143E-01  1.7974143E-01  5.8625717E-01  5.8625717E-01
  2.2732298E+00  2.6003640E-01  2.6003640E-01  4.2716817E-01  4.2716817E-01  3.8614480E-01  3.8614480E-01  1.8939115E-01  1.8939115E-01  5.8125584E-01  5.8125584E-01
  2.3055197E+00  2.4652749E-01  2.4652749E-01  4.3779879E-01  4.3779879E-01  3.7126892E-01  3.7126892E-01  1.9898545E-01  1.9898545E-01  5.7611120E-01  5.7611120E-01
  2.3382683E+00  2.3346859E-01  2.3346859E-01  4.4805833E-01  4.4805833E-01  3.5666095E-01  3.5666095E-01  2.0851617E-01  2.0851617E-01  5.7083021E-01  5.7083021E-01
  2.3714819E+00  2.2086163E-01  2.2086163E-01  4.5793725E-01  4.5793725E-01  3.4233344E-01  3.4233344E-01  2.1797528E-01  2.1797528E-01  5.6541972E-01  5.6541972E-01
  2.4051673E+00  2.0870719E-01  2.0870719E-01  4.6742667E-01  4.6742667E-01  3.2829783E-01  3.2829783E-01  2.2735486E-01  2.2735486E-01  5.5988646E-01  5.5988646E-01
  2.4393311E+00  1.9700461E-01  1.9700461E-01  4.7651835E-01  4.7651835E-01  3.1456444E-01  3.1456444E-01  2.3664715E-01  2.3664715E-01  5.5423700E-01  5.5423700E-01
  2.4739800E+00  1.8575206E-01  1.8575206E-01  4.8520465E-01  4.8520465E-01  3.0114253E-01  3.0114253E-01  2.4584449E-01  2.4584449E-01  5.4847777E-01  5.4847777E-01
  2.5091211E+00  1.7494657E-01  1.7494657E-01  4.9347858E-01  4.9347858E-01  2.8804026E-01  2.8804026E-01  2.5493934E-01  2.5493934E-01  5.4261504E-01  5.4261504E-01
  2.5447612E+00  1.6458410E-01  1.6458410E-01  5.0133372E-01  5.0133372E-01  2.7526474E-01  2.7526474E-01  2.6392427E-01  2.6392427E-01  5.3665485E-01  5.3665485E-01
  2.5809076E+00  1.5465965E-01  1.5465965E-01  5.0876425E-01  5.0876425E-01  2.6282206E-01  2.6282206E-01  2.7279196E-01  2.7279196E-01  5.3060310E-01  5.3060310E-01
  2.6175672E+00  1.4516726E-01  1.4516726E-01  5.1576492E-01  5.1576492E-01  2.5071726E-01  2.5071726E-01  2.8153518E-01  2.8153518E-01  5.2446545E-01  5.2446545E-01
  2.6547476E+00  1.3610013E-01  1.3610013E-01  5.2233103E-01  5.2233103E-01  2.3895445E-01  2.3895445E-01  2.9014676E-01  2.9014676E-01  5.1824736E-01  5.1824736E-01
  2.6924559E+00  1.2745067E-01  1.2745067E-01  5.2845843E-01  5.2845843E-01  2.2753675E-01  2.2753675E-01  2.9861964E-01  2.9861964E-01  5.1195408E-01  5.1195408E-01
  2.7306998E+00  1.1921058E-01  1.1921058E-01  5.3414348E-01  5.3414348E-01  2.1646637E-01  2.1646637E-01  3.0694682E-01  3.0694682E-01  5.0559063E-01  5.0559063E-01
  2.7694869E+00  1.1137092E-01  1.1137092E-01  5.3938310E-01  5.3938310E-01  2.0574466E-01  2.0574466E-01  3.1512138E-01  3.1512138E-01  4.9916183E-01  4.9916183E-01
  2.8088248E+00  1.0392214E-01  1.0392214E-01  5.4417470E-01  5.4417470E-01  1.9537209E-01  1.9537209E-01  3.2313644E-01  3.2313644E-01  4.9267228E-01  4.9267228E-01
  2.8487214E+00  9.6854203E-02  9.6854203E-02  5.4851621E-01  5.4851621E-01  1.8534836E-01  1.8534836E-01  3.3098519E-01  3.3098519E-01  4.8612640E-01  4.8612640E-01
  2.8891847E+00  9.0156627E-02  9.0156627E-02  5.5240606E-01  5.5240606E-01  1.7567238E-01  1.7567238E-01  3.3866090E-01  3.3866090E-01  4.7952837E-01  4.7952837E-01
  2.9302226E+00  8.3818541E-02  8.3818541E-02  5.5584320E-01  5.5584320E-01  1.6634236E-01  1.6634236E-01  3.4615689E-01  3.4615689E-01  4.7288223E-01  4.7288223E-01
  2.9718433E+00  7.7828756E-02  7.7828756E-02  5.5882709E-01  5.5882709E-01  1.5735579E-01  1.5735579E-01  3.5346653E-01  3.5346653E-01  4.6619183E-01  4.6619183E-01
  3.0140551E+00  7.2175822E-02  7.2175822E-02  5.6135769E-01  5.6135769E-01  1.4870957E-01  1.4870957E-01  3.6058330E-01  3.6058330E-01  4.5946084E-01  4.5946084E-01
  3.0568665E+00  6.6848087E-02  6.6848087E-02  5.6343552E-01  5.6343552E-01  1.4039997E-01  1.4039997E-01  3.6750072E-01  3.6750072E-01  4.5269282E-01  4.5269282E-01
  3.1002858E+00  6.1833751E-02  6.1833751E-02  5.6506157E-01  5.6506157E-01  1.3242269E-01  1.3242269E-01  3.7421243E-01  3.7421243E-01  4.4589118E-01  4.4589118E-01
  3.1443219E+00  5.7120914E-02  5.7120914E-02  5.6623739E-01  5.6623739E-01  1.2477293E-01  1.2477293E-01  3.8071214E-01  3.8071214E-01  4.3905920E-01  4.3905920E-01
  3.1889833E+00  5.2697628E-02  5.2697628E-02  5.6696508E-01  5.6696508E-01  1.1744541E-01  1.1744541E-01  3.8699368E-01  3.8699368E-01  4.3220005E-01  4.3220005E-01
  3.2342790E+00  4.8551941E-02  4.8551941E-02  5.6724724E-01  5.6724724E-01  1.1043441E-01  1.1043441E-01  3.9305100E-01  3.9305100E-01  4.2531684E-01  4.2531684E-01
  3.2802180E+00  4.4671941E-02  4.4671941E-02  5.6708704E-01  5.6708704E-01  1.0373379E-01  1.0373379E-01  3.9887818E-01  3.9887818E-01  4.1841255E-01  4.1841255E-01
  3.3268095E+00  4.1045794E-02  4.1045794E-02  5.6648819E-01  5.6648819E-01  9.7337064E-02  9.7337064E-02  4.0446941E-01  4.0446941E-01  4.1149012E-01  4.1149012E-01
  3.3740626E+00  3.7661781E-02  3.7661781E-02  5.6545495E-01  5.6545495E-01  9.1237398E-02  9.1237398E-02  4.0981908E-01  4.0981908E-01  4.0455241E-01  4.0455241E-01
  3.4219869E+00  3.4508333E-02  3.4508333E-02  5.6399213E-01  5.6399213E-01  8.5427670E-02  8.5427670E-02  4.1492170E-01  4.1492170E-01  3.9760222E-01  3.9760222E-01
  3.4705917E+00  3.1574063E-02  3.1574063E-02  5.6210507E-01  5.6210507E-01  7.9900496E-02  7.9900496E-02  4.1977198E-01  4.1977198E-01  3.9064231E-01  3.9064231E-01
  3.5198869E+00  2.8847792E-02  2.8847792E-02  5.5979969E-01  5.5979969E-01  7.4648262E-02  7.4648262E-02  4.2436483E-01  4.2436483E-01  3.8367540E-01  3.8367540E-01
  3.5698822E+00  2.6318574E-02  2.6318574E-02  5.5708240E-01  5.5708240E-01  6.9663158E-02  6.9663158E-02  4.2869533E-01  4.2869533E-01  3.7670417E-01  3.7670417E-01
  3.6205875E+00  2.3975724E-02  2.3975724E-02  5.5396021E-01  5.5396021E-01  6.4937207E-02  6.4937207E-02  4.3275880E-01  4.3275880E-01  3.6973127E-01  3.6973127E-01
  3.6720130E+00  2.1808834E-02  2.1808834E-02  5.5044062E-01  5.5044062E-01  6.0462300E-02  6.0462300E-02  4.3655080E-01  4.3655080E-01  3.6275934E-01  3.6275934E-01
  3.7241688E+00  1.9807792E-02  1.9807792E-02  5.4653168E-01  5.4653168E-01  5.6230222E-02  5.6230222E-02  4.4006711E-01  4.4006711E-01  3.5579101E-01  3.5579101E-01
  3.7770654E+00  1.7962798E-02  1.7962798E-02  5.4224196E-01  5.4224196E-01  5.2232678E-02  5.2232678E-02  4.4330379E-01  4.4330379E-01  3.4882888E-01  3.4882888E-01
  3.8307132E+00  1.6264375E-02  1.6264375E-02  5.3758054E-01  5.3758054E-01  4.8461327E-02  4.8461327E-02  4.4625719E-01  4.4625719E-01  3.4187555E-01  3.4187555E-01
  3.8851229E+00  1.4703384E-02  1.4703384E-02  5.3255702E-01  5.3255702E-01  4.4907802E-02  4.4907802E-02  4.4892393E-01  4.4892393E-01  3.3493364E-01  3.3493364E-01
  3.9403053E+00  1.3271028E-02  1.3271028E-02  5.2718150E-01  5.2718150E-01  4.1563738E-02  4.1563738E-02  4.5130096E-01  4.5130096E-01  3.2800576E-01  3.2800576E-01
  3.9962715E+00  1.1958861E-02  1.1958861E-02  5.2146457E-01  5.2146457E-01  3.8420796E-02  3.8420796E-02  4.5338558E-01  4.5338558E-01  3.2109456E-01  3.2109456E-01
  4.0530325E+00  1.0758793E-02  1.0758793E-02  5.1541732E-01  5.1541732E-01  3.5470684E-02  3.5470684E-02  4.5517544E-01  4.5517544E-01  3.1420267E-01  3.1420267E-01
  4.1105997E+00  9.6630892E-03  9.6630892E-03  5.0905133E-01  5.0905133E-01  3.2705180E-02  3.2705180E-02  4.5666855E-01  4.5666855E-01  3.0733280E-01  3.0733280E-01
  4.1689844E+00  8.6643751E-03  8.6643751E-03  5.0237862E-01  5.0237862E-01  3.0116151E-02  3.0116151E-02  4.5786337E-01  4.5786337E-01  3.0048765E-01  3.0048765E-01
  4.2281983E+00  7.7556321E-03  7.7556321E-03  4.9541171E-01  4.9541171E-01  2.7695570E-02  2.7695570E-02  4.5875876E-01  4.5875876E-01  2.9366999E-01  2.9366999E-01
  4.2882532E+00  6.9301964E-03  6.9301964E-03  4.8816356E-01  4.8816356E-01  2.5435538E-02  2.5435538E-02  4.5935404E-01  4.5935404E-01  2.8688262E-01  2.8688262E-01
  4.3491610E+00  6.1817550E-03  6.1817550E-03  4.8064759E-01  4.8064759E-01  2.3328297E-02  2.3328297E-02  4.5964902E-01  4.5964902E-01  2.8012841E-01  2.8012841E-01
  4.4109339E+00  5.5043403E-03  5.5043403E-03  4.7287763E-01  4.7287763E-01  2.1366243E-02  2.1366243E-02  4.5964404E-01  4.5964404E-01  2.7341028E-01  2.7341028E-01
  4.4735840E+00  4.8923234E-03  4.8923234E-03  4.6486795E-01  4.6486795E-01  1.9541943E-02  1.9541943E-02  4.5933993E-01  4.5933993E-01  2.6673121E-01  2.6673121E-01
  4.5371239E+00  4.3404068E-03  4.3404068E-03  4.5663321E-01  4.5663321E-01  1.7848146E-02  1.7848146E-02  4.5873814E-01  4.5873814E-01  2.6009425E-01  2.6009425E-01
  4.6015663E+00  3.8436155E-03  3.8436155E-03  4.4818846E-01  4.4818846E-01  1.6277789E-02  1.6277789E-02  4.5784067E-01  4.5784067E-01  2.5350252E-01  2.5350252E-01
  4.6669238E+00  3.3972879E-03  3.3972879E-03  4.3954911E-01  4.3954911E-01  1.4824013E-02  1.4824013E-02  4.5665013E-01  4.5665013E-01  2.4695921E-01  2.4695921E-01
  4.7332096E+00  2.9970657E-03  2.9970657E-03  4.3073090E-01  4.3073090E-01  1.3480166E-02  1.3480166E-02  4.5516977E-01  4.5516977E-01  2.4046757E-01  2.4046757E-01
  4.8004368E+00  2.6388827E-03  2.6388827E-03  4.2174987E-01  4.2174987E-01  1.2239812E-02  1.2239812E-02  4.5340347E-01  4.5340347E-01  2.3403093E-01  2.3403093E-01
  4.8686187E+00  2.3189542E-03  2.3189542E-03  4.1262230E-01  4.1262230E-01  1.1096736E-02  1.1096736E-02  4.5135572E-01  4.5135572E-01  2.2765263E-01  2.2765263E-01
  4.9377690E+00  2.0337649E-03  2.0337649E-03  4.0336470E-01  4.0336470E-01  1.0044947E-02  1.0044947E-02  4.4903170E-01  4.4903170E-01  2.2133610E-01  2.2133610E-01
  5.0079014E+00  1.7800574E-03  1.7800574E-03  3.9399374E-01  3.9399374E-01  9.0786823E-03  9.0786823E-03  4.4643717E-01  4.4643717E-01  2.1508476E-01  2.1508476E-01
  5.0790299E+00  1.5548196E-03  1.5548196E-03  3.8452618E-01  3.8452618E-01  8.1924092E-03  8.1924092E-03  4.4357852E-01  4.4357852E-01  2.0890207E-01  2.0890207E-01
  5.1511685E+00  1.3552731E-03  1.3552731E-03  3.7497882E-01  3.7497882E-01  7.3808267E-03  7.3808267E-03  4.4046271E-01  4.4046271E-01  2.0279147E-01  2.0279147E-01
  5.2243316E+00  1.1788605E-03  1.1788605E-03  3.6536845E-01  3.6536845E-01  6.6388651E-03  6.6388651E-03  4.3709726E-01  4.3709726E-01  1.9675636E-01  1.9675636E-01
  5.2985338E+00  1.0232335E-03  1.0232335E-03  3.5571173E-01  3.5571173E-01  5.9616859E-03  5.9616859E-03  4.3349017E-01  4.3349017E-01  1.9080010E-01  1.9080010E-01
  5.3737899E+00  8.8624060E-04  8.8624060E-04  3.4602517E-01  3.4602517E-01  5.3446799E-03  5.3446799E-03  4.2964991E-01  4.2964991E-01  1.8492598E-01  1.8492598E-01
  5.4501147E+00  7.6591575E-04  7.6591575E-04  3.3632502E-01  3.3632502E-01  4.7834655E-03  4.7834655E-03  4.2558532E-01  4.2558532E-01  1.7913717E-01  1.7913717E-01
  5.5275236E+00  6.6046616E-04  6.6046616E-04  3.2662721E-01  3.2662721E-01  4.2738859E-03  4.2738859E-03  4.2130557E-01  4.2130557E-01  1.7343672E-01  1.7343672E-01
  5.6060318E+00  5.6826129E-04  5.6826129E-04  3.1694729E-01  3.1694729E-01  3.8120053E-03  3.8120053E-03  4.1682010E-01  4.1682010E-01  1.6782753E-01  1.6782753E-01
  5.6856550E+00  4.8782173E-04  4.8782173E-04  3.0730034E-01  3.0730034E-01  3.3941055E-03  3.3941055E-03  4.1213852E-01  4.1213852E-01  1.6231233E-01  1.6231233E-01
  5.7664091E+00  4.1780855E-04  4.1780855E-04  2.9770091E-01  2.9770091E-01  3.0166810E-03  3.0166810E-03  4.0727059E-01  4.0727059E-01  1.5689366E-01  1.5689366E-01
  5.8483100E+00  3.5701301E-04  3.5701301E-04  2.8816298E-01  2.8816298E-01  2.6764337E-03  2.6764337E-03  4.0222612E-01  4.0222612E-01  1.5157385E-01  1.5157385E-01
  5.9313741E+00  3.0434669E-04  3.0434669E-04  2.7869992E-01  2.7869992E-01  2.3702680E-03  2.3702680E-03  3.9701489E-01  3.9701489E-01  1.4635502E-01  1.4635502E-01
  6.0156179E+00  2.5883209E-04  2.5883209E-04  2.6932440E-01  2.6932440E-01  2.0952844E-03  2.0952844E-03  3.9164666E-01  3.9164666E-01  1.4123902E-01  1.4123902E-01
  6.1010582E+00  2.1959358E-04  2.1959358E-04  2.6004841E-01  2.6004841E-01  1.8487731E-03  1.8487731E-03  3.8613103E-01  3.8613103E-01  1.3622751E-01  1.3622751E-01
  6.1877119E+00  1.8584886E-04  1.8584886E-04  2.5088323E-01  2.5088323E-01  1.6282076E-03  1.6282076E-03  3.8047747E-01  3.8047747E-01  1.3132187E-01  1.3132187E-01
  6.2755963E+00  1.5690092E-04  1.5690092E-04  2.4183937E-01  2.4183937E-01  1.4312375E-03  1.4312375E-03  3.7469524E-01  3.7469524E-01  1.2652327E-01  1.2652327E-01
  6.3647288E+00  1.3213041E-04  1.3213041E-04  2.3292662E-01  2.3292662E-01  1.2556814E-03  1.2556814E-03  3.6879336E-01  3.6879336E-01  1.2183260E-01  1.2183260E-01
  6.4551272E+00  1.1098847E-04  1.1098847E-04  2.2415399E-01  2.2415399E-01  1.0995192E-03  1.0995192E-03  3.6278061E-01  3.6278061E-01  1.1725055E-01  1.1725055E-01
  6.5468095E+00  9.2990055E-05  9.2990055E-05  2.1552978E-01  2.1552978E-01  9.6088501E-04  9.6088501E-04  3.5666550E-01  3.5666550E-01  1.1277757E-01  1.1277757E-01
  6.6397938E+00  7.7707744E-05  7.7707744E-05  2.0706153E-01  2.0706153E-01  8.3805892E-04  8.3805892E-04  3.5045625E-01  3.5045625E-01  1.0841389E-01  1.0841389E-01
  6.7340988E+00  6.4765908E-05  6.4765908E-05  1.9875609E-01  1.9875609E-01  7.2945965E-04  7.2945965E-04  3.4416082E-01  3.4416082E-01  1.0415955E-01  1.0415955E-01
  6.8297431E+00  5.3835394E-05  5.3835394E-05  1.9061960E-01  1.9061960E-01  6.3363672E-04  6.3363672E-04  3.3778690E-01  3.3778690E-01  1.0001439E-01  1.0001439E-01
  6.9267458E+00  4.4628593E-05  4.4628593E-05  1.8265752E-01  1.8265752E-01  5.4926281E-04  5.4926281E-04  3.3134191E-01  3.3134191E-01  9.5978071E-02  9.5978071E-02
  7.0251261E+00  3.6894922E-05  3.6894922E-05  1.7487470E-01  1.7487470E-01  4.7512620E-04  4.7512620E-04  3.2483305E-01  3.2483305E-01  9.2050105E-02  9.2050105E-02
  7.1249036E+00  3.0416693E-05  3.0416693E-05  1.6727535E-01  1.6727535E-01  4.1012336E-04  4.1012336E-04  3.1826726E-01  3.1826726E-01  8.8229851E-02  8.8229851E-02
  7.2260982E+00  2.5005350E-05  2.5005350E-05  1.5986310E-01  1.5986310E-01  3.5325172E-04  3.5325172E-04  3.1165134E-01  3.1165134E-01  8.4516538E-02  8.4516538E-02
  7.3287300E+00  2.0498052E-05  2.0498052E-05  1.5264103E-01  1.5264103E-01  3.0360258E-04  3.0360258E-04  3.0499189E-01  3.0499189E-01  8.0909283E-02  8.0909283E-02
  7.4328194E+00  1.6754589E-05  1.6754589E-05  1.4561168E-01  1.4561168E-01  2.6035436E-04  2.6035436E-04  2.9829538E-01  2.9829538E-01  7.7407098E-02  7.7407098E-02
  7.5383871E+00  1.3654599E-05  1.3654599E-05  1.3877713E-01  1.3877713E-01  2.2276605E-04  2.2276605E-04  2.9156816E-01  2.9156816E-01  7.4008912E-02  7.4008912E-02
  7.6454541E+00  1.1095075E-05  1.1095075E-05  1.3213895E-01  1.3213895E-01  1.9017091E-04  1.9017091E-04  2.8481651E-01  2.8481651E-01  7.0713576E-02  7.0713576E-02
  7.7540416E+00  8.9881302E-06  8.9881302E-06  1.2569830E-01  1.2569830E-01  1.6197052E-04  1.6197052E-04  2.7804664E-01  2.7804664E-01  6.7519878E-02  6.7519878E-02
  7.8641714E+00  7.2590155E-06  7.2590155E-06  1.1945591E-01  1.1945591E-01  1.3762910E-04  1.3762910E-04  2.7126474E-01  2.7126474E-01  6.4426550E-02  6.4426550E-02
  7.9758653E+00  5.8443522E-06  5.8443522E-06  1.1341212E-01  1.1341212E-01  1.1666812E-04  1.1666812E-04  2.6447699E-01  2.6447699E-01  6.1432279E-02  6.1432279E-02
  8.0891454E+00  4.6905747E-06  4.6905747E-06  1.0756689E-01  1.0756689E-01  9.8661292E-05  9.8661292E-05  2.5768957E-01  2.5768957E-01  5.8535714E-02  5.8535714E-02
  8.2040344E+00  3.7525557E-06  3.7525557E-06  1.0191982E-01  1.0191982E-01  8.3229788E-05  8.3229788E-05  2.5090866E-01  2.5090866E-01  5.5735468E-02  5.5735468E-02
  8.3205551E+00  2.9924007E-06  2.9924007E-06  9.6470188E-02  9.6470188E-02  7.0037825E-05  7.0037825E-05  2.4414048E-01  2.4414048E-01  5.3030126E-02  5.3030126E-02
  8.4387306E+00  2.3783928E-06  2.3783928E-06  9.1216933E-02  9.1216933E-02  5.8788532E-05  5.8788532E-05  2.3739128E-01  2.3739128E-01  5.0418246E-02  5.0418246E-02
  8.5585845E+00  1.8840732E-06  1.8840732E-06  8.6158683E-02  8.6158683E-02  4.9220122E-05  4.9220122E-05  2.3066733E-01  2.3066733E-01  4.7898361E-02  4.7898361E-02
  8.6801406E+00  1.4874481E-06  1.4874481E-06  8.1293771E-02  8.1293771E-02  4.1102350E-05  4.1102350E-05  2.2397492E-01  2.2397492E-01  4.5468980E-02  4.5468980E-02
  8.8034230E+00  1.1702931E-06  1.1702931E-06  7.6620238E-02  7.6620238E-02  3.4233248E-05  3.4233248E-05  2.1732033E-01  2.1732033E-01  4.3128591E-02  4.3128591E-02
  8.9284564E+00  9.1756088E-07  9.1756088E-07  7.2135846E-02  7.2135846E-02  2.8436126E-05  2.8436126E-05  2.1070985E-01  2.1070985E-01  4.0875654E-02  4.0875654E-02
  9.0552655E+00  7.1687075E-07  7.1687075E-07  6.7838093E-02  6.7838093E-02  2.3556829E-05  2.3556829E-05  2.0414974E-01  2.0414974E-01  3.8708606E-02  3.8708606E-02
  9.1838755E+00  5.5807255E-07  5.5807255E-07  6.3724214E-02  6.3724214E-02  1.9461231E-05  1.9461231E-05  1.9764620E-01  1.9764620E-01  3.6625859E-02  3.6625859E-02
  9.3143121E+00  4.3287462E-07  4.3287462E-07  5.9791200E-02  5.9791200E-02  1.6032961E-05  1.6032961E-05  1.9120535E-01  1.9120535E-01  3.4625795E-02  3.4625795E-02
  9.4466012E+00  3.3452825E-07  3.3452825E-07  5.6035805E-02  5.6035805E-02  1.3171334E-05  1.3171334E-05  1.8483323E-01  1.8483323E-01  3.2706770E-02  3.2706770E-02
  9.5807691E+00  2.5756095E-07  2.5756095E-07  5.2454559E-02  5.2454559E-02  1.0789491E-05  1.0789491E-05  1.7853573E-01  1.7853573E-01  3.0867109E-02  3.0867109E-02
  9.7168425E+00  1.9755171E-07  1.9755171E-07  4.9043781E-02  4.9043781E-02  8.8127122E-06  8.8127122E-06  1.7231860E-01  1.7231860E-01  2.9105107E-02  2.9105107E-02
  9.8548485E+00  1.5094263E-07  1.5094263E-07  4.5799589E-02  4.5799589E-02  7.1769160E-06  7.1769160E-06  1.6618740E-01  1.6618740E-01  2.7419029E-02  2.7419029E-02
  9.9948144E+00  1.1488144E-07  1.1488144E-07  4.2717920E-02  4.2717920E-02  5.8273053E-06  5.8273053E-06  1.6014748E-01  1.6014748E-01  2.5807109E-02  2.5807109E-02
  1.0136768E+01  8.7090533E-08  8.7090533E-08  3.9794540E-02  3.9794540E-02  4.7171657E-06  4.7171657E-06  1.5420396E-01  1.5420396E-01  2.4267552E-02  2.4267552E-02
  1.0280738E+01  6.5758375E-08  6.5758375E-08  3.7025065E-02  3.7025065E-02  3.8067958E-06  3.8067958E-06  1.4836171E-01  1.4836171E-01  2.2798534E-02  2.2798534E-02
  1.0426752E+01  4.9449957E-08  4.9449957E-08  3.4404973E-02  3.4404973E-02  3.0625598E-06  3.0625598E-06  1.4262531E-01  1.4262531E-01  2.1398203E-02  2.1398203E-02
  1.0574841E+01  3.7033170E-08  3.7033170E-08  3.1929626E-02  3.1929626E-02  2.4560509E-06  2.4560509E-06  1.3699906E-01  1.3699906E-01  2.0064685E-02  2.0064685E-02
  1.0725032E+01  2.7618561E-08  2.7618561E-08  2.9594283E-02  2.9594283E-02  1.9633558E-06  1.9633558E-06  1.3148692E-01  1.3148692E-01  1.8796080E-02  1.8796080E-02
  1.0877357E+01  2.0510260E-08  2.0510260E-08  2.7394123E-02  2.7394123E-02  1.5644092E-06  1.5644092E-06  1.2609257E-01  1.2609257E-01  1.7590471E-02  1.7590471E-02
  1.1031845E+01  1.5166163E-08  1.5166163E-08  2.5324262E-02  2.5324262E-02  1.2424303E-06  1.2424303E-06  1.2081932E-01  1.2081932E-01  1.6445924E-02  1.6445924E-02
  1.1188526E+01  1.1165774E-08  1.1165774E-08  2.3379767E-02  2.3379767E-02  9.8343131E-07  9.8343131E-07  1.1567013E-01  1.1567013E-01  1.5360492E-02  1.5360492E-02
  1.1347434E+01  8.1843522E-09  8.1843522E-09  2.1555680E-02  2.1555680E-02  7.7579480E-07  7.7579480E-07  1.1064765E-01  1.1064765E-01  1.4332220E-02  1.4332220E-02
  1.1508598E+01  5.9722173E-09  5.9722173E-09  1.9847035E-02  1.9847035E-02  6.0990256E-07  6.0990256E-07  1.0575415E-01  1.0575415E-01  1.3359148E-02  1.3359148E-02
  1.1672050E+01  4.3382620E-09  4.3382620E-09  1.8248870E-02  1.8248870E-02  4.7782015E-07  4.7782015E-07  1.0099154E-01  1.0099154E-01  1.2439315E-02  1.2439315E-02
  1.1837825E+01  3.1368743E-09  3.1368743E-09  1.6756251E-02  1.6756251E-02  3.7302529E-07  3.7302529E-07  9.6361418E-02  9.6361418E-02  1.1570764E-02  1.1570764E-02
  1.2005953E+01  2.2576281E-09  2.2576281E-09  1.5364281E-02  1.5364281E-02  2.9017569E-07  2.9017569E-07  9.1865001E-02  9.1865001E-02  1.0751546E-02  1.0751546E-02
  1.2176470E+01  1.6171623E-09  1.6171623E-09  1.4068120E-02  1.4068120E-02  2.2491145E-07  2.2491145E-07  8.7503185E-02  8.7503185E-02  9.9797229E-03  9.9797229E-03
  1.2349408E+01  1.1528488E-09  1.1528488E-09  1.2862997E-02  1.2862997E-02  1.7368745E-07  1.7368745E-07  8.3276531E-02  8.3276531E-02  9.2533735E-03  9.2533735E-03
  1.2524802E+01  8.1786158E-10  8.1786158E-10  1.1744225E-02  1.1744225E-02  1.3363183E-07  1.3363183E-07  7.9185280E-02  7.9185280E-02  8.5705965E-03  8.5705965E-03
  1.2702687E+01  5.7736007E-10  5.7736007E-10  1.0707208E-02  1.0707208E-02  1.0242688E-07  1.0242688E-07  7.5229361E-02  7.5229361E-02  7.9295144E-03  7.9295144E-03
  1.2883099E+01  4.0554918E-10  4.0554918E-10  9.7474587E-03  9.7474587E-03  7.8209263E-08  7.8209263E-08  7.1408408E-02  7.1408408E-02  7.3282772E-03  7.3282772E-03
  1.3066073E+01  2.8342626E-10  2.8342626E-10  8.8606026E-03  8.8606026E-03  5.9486710E-08  5.9486710E-08  6.7721766E-02  6.7721766E-02  6.7650657E-03  6.7650657E-03
  1.3251645E+01  1.9706338E-10  1.9706338E-10  8.0423898E-03  8.0423898E-03  4.5068824E-08  4.5068824E-08  6.4168513E-02  6.4168513E-02  6.2380952E-03  6.2380952E-03
  1.3439853E+01  1.3630447E-10  1.3630447E-10  7.2887017E-03  7.2887017E-03  3.4009768E-08  3.4009768E-08  6.0747470E-02  6.0747470E-02  5.7456175E-03  5.7456175E-03
  1.3630735E+01  9.3782374E-11  9.3782374E-11  6.5955570E-03  6.5955570E-03  2.5561045E-08  2.5561045E-08  5.7457217E-02  5.7457217E-02  5.2859248E-03  5.2859248E-03
  1.3824327E+01  6.4181139E-11  6.4181139E-11  5.9591173E-03  5.9591173E-03  1.9132732E-08  1.9132732E-08  5.4296107E-02  5.4296107E-02  4.8573511E-03  4.8573511E-03
  1.4020668E+01  4.3685406E-11  4.3685406E-11  5.3756910E-03  5.3756910E-03  1.4261803E-08  1.4261803E-08  5.1262286E-02  5.1262286E-02  4.4582749E-03  4.4582749E-03
  1.4219798E+01  2.9571631E-11  2.9571631E-11  4.8417367E-03  4.8417367E-03  1.0586349E-08  1.0586349E-08  4.8353705E-02  4.8353705E-02  4.0871209E-03  4.0871209E-03
  1.4421756E+01  1.9906313E-11  1.9906313E-11  4.3538656E-03  4.3538656E-03  7.8246896E-09  7.8246896E-09  4.5568140E-02  4.5568140E-02  3.7423616E-03  3.7423616E-03
  1.4626582E+01  1.3324449E-11  1.3324449E-11  3.9088421E-03  3.9088421E-03  5.7585312E-09  5.7585312E-09  4.2903203E-02  4.2903203E-02  3.4225190E-03  3.4225190E-03
  1.4834317E+01  8.8678084E-12  8.8678084E-12  3.5035847E-03  3.5035847E-03  4.2194331E-09  4.2194331E-09  4.0356360E-02  4.0356360E-02  3.1261652E-03  3.1261652E-03
  1.5045003E+01  5.8675543E-12  5.8675543E-12  3.1351654E-03  3.1351654E-03  3.0779958E-09  3.0779958E-09  3.7924949E-02  3.7924949E-02  2.8519233E-03  2.8519233E-03
  1.5258681E+01  3.8595478E-12  3.8595478E-12  2.8008085E-03  2.8008085E-03  2.2352532E-09  2.2352532E-09  3.5606189E-02  3.5606189E-02  2.5984683E-03  2.5984683E-03
  1.5475393E+01  2.5235872E-12  2.5235872E-12  2.4978888E-03  2.4978888E-03  1.6158562E-09  1.6158562E-09  3.3397203E-02  3.3397203E-02  2.3645274E-03  2.3645274E-03
  1.5695183E+01  1.6400829E-12  1.6400829E-12  2.2239292E-03  2.2239292E-03  1.1627033E-09  1.1627033E-09  3.1295023E-02  3.1295023E-02  2.1488797E-03  2.1488797E-03
  1.5918095E+01  1.0593575E-12  1.0593575E-12  1.9765974E-03  1.9765974E-03  8.3271695E-10  8.3271695E-10  2.9296612E-02  2.9296612E-02  1.9503569E-03  1.9503569E-03
  1.6144173E+01  6.8000330E-13  6.8000330E-13  1.7537026E-03  1.7537026E-03  5.9355351E-10  5.9355351E-10  2.7398871E-02  2.7398871E-02  1.7678421E-03  1.7678421E-03
  1.6373461E+01  4.3374373E-13  4.3374373E-13  1.5531915E-03  1.5531915E-03  4.2104409E-10  4.2104409E-10  2.5598656E-02  2.5598656E-02  1.6002702E-03  1.6002702E-03
  1.6606006E+01  2.7489730E-13  2.7489730E-13  1.3731441E-03  1.3731441E-03  2.9721539E-10  2.9721539E-10  2.3892788E-02  2.3892788E-02  1.4466269E-03  1.4466269E-03
  1.6841853E+01  1.7309465E-13  1.7309465E-13  1.2117688E-03  1.2117688E-03  2.0876679E-10  2.0876679E-10  2.2278065E-02  2.2278065E-02  1.3059480E-03  1.3059480E-03
  1.7081050E+01  1.0827617E-13  1.0827617E-13  1.0673976E-03  1.0673976E-03  1.4590422E-10  1.4590422E-10  2.0751271E-02  2.0751271E-02  1.1773183E-03  1.1773183E-03
  1.7323645E+01  6.7278739E-14  6.7278739E-14  9.3848126E-04  9.3848126E-04  1.0145187E-10  1.0145187E-10  1.9309190E-02  1.9309190E-02  1.0598710E-03  1.0598710E-03
  1.7569684E+01  4.1521927E-14  4.1521927E-14  8.2358387E-04  8.2358387E-04  7.0178978E-11  7.0178978E-11  1.7948614E-02  1.7948614E-02  9.5278619E-04  9.5278619E-04
  1.7819218E+01  2.5450145E-14  2.5450145E-14  7.2137752E-04  7.2137752E-04  4.8292240E-11  4.8292240E-11  1.6666349E-02  1.6666349E-02  8.5528990E-04  8.5528990E-04
  1.8072296E+01  1.5490801E-14  1.5490801E-14  6.3063696E-04  6.3063696E-04  3.3055144E-11  3.3055144E-11  1.5459228E-02  1.5459228E-02  7.6665255E-04  7.6665255E-04
  1.8328968E+01  9.3623624E-15  9.3623624E-15  5.5023421E-04  5.5023421E-04  2.2504000E-11  2.2504000E-11  1.4324117E-02  1.4324117E-02  6.8618768E-04  6.8618768E-04
  1.8589285E+01  5.6179967E-15  5.6179967E-15  4.7913313E-04  4.7913313E-04  1.5237246E-11  1.5237246E-11  1.3257920E-02  1.3257920E-02  6.1325051E-04  6.1325051E-04
  1.8853300E+01  3.3467076E-15  3.3467076E-15  4.1638410E-04  4.1638410E-04  1.0259966E-11  1.0259966E-11  1.2257589E-02  1.2257589E-02  5.4723641E-04  5.4723641E-04
  1.9121064E+01  1.9790168E-15  1.9790168E-15  3.6111880E-04  3.6111880E-04  6.8698004E-12  6.8698004E-12  1.1320128E-02  1.1320128E-02  4.8757942E-04  4.8757942E-04
  1.9392631E+01  1.1615318E-15  1.1615318E-15  3.1254499E-04  3.1254499E-04  4.5736900E-12  4.5736900E-12  1.0442598E-02  1.0442598E-02  4.3375062E-04  4.3375062E-04
  1.9668055E+01  6.7657557E-16  6.7657557E-16  2.6994155E-04  2.6994155E-04  3.0274627E-12  3.0274627E-12  9.6221242E-03  9.6221242E-03  3.8525660E-04  3.8525660E-04
  1.9947390E+01  3.9107260E-16  3.9107260E-16  2.3265356E-04  2.3265356E-04  1.9922550E-12  1.9922550E-12  8.8558964E-03  8.8558964E-03  3.4163788E-04  3.4163788E-04
  2.0230693E+01  2.2428873E-16  2.2428873E-16  2.0008766E-04  2.0008766E-04  1.3032541E-12  1.3032541E-12  8.1411766E-03  8.1411766E-03  3.0246730E-04  3.0246730E-04
  2.0518019E+01  1.2761982E-16  1.2761982E-16  1.7170745E-04  1.7170745E-04  8.4741114E-13  8.4741114E-13  7.4753006E-03  7.4753006E-03  2.6734845E-04  2.6734845E-04
  2.0809426E+01  7.2034456E-17  7.2034456E-17  1.4702920E-04  1.4702920E-04  5.4765076E-13  5.4765076E-13  6.8556806E-03  6.8556806E-03  2.3591410E-04  2.3591410E-04
  2.1104971E+01  4.0329615E-17  4.0329615E-17  1.2561771E-04  1.2561771E-04  3.5173862E-13  3.5173862E-13  6.2798080E-03  6.2798080E-03  2.0782468E-04  2.0782468E-04
  2.1404714E+01  2.2393340E-17  2.2393340E-17  1.0708235E-04  1.0708235E-04  2.2449419E-13  2.2449419E-13  5.7452554E-03  5.7452554E-03  1.8276673E-04  1.8276673E-04
  2.1708714E+01  1.2330290E-17  1.2330290E-17  9.1073367E-05  9.1073367E-05  1.4237052E-13  1.4237052E-13  5.2496778E-03  5.2496778E-03  1.6045143E-04  1.6045143E-04
  2.2017031E+01  6.7318598E-18  6.7318598E-18  7.7278361E-05  7.7278361E-05  8.9706869E-14  8.9706869E-14  4.7908140E-03  4.7908140E-03  1.4061314E-04  1.4061314E-04
  2.2329728E+01  3.6437723E-18  3.6437723E-18  6.5418968E-05  6.5418968E-05  5.6154175E-14  5.6154175E-14  4.3664869E-03  4.3664869E-03  1.2300799E-04  1.2300799E-04
  2.2646865E+01  1.9550953E-18  1.9550953E-18  5.5247777E-05  5.5247777E-05  3.4917943E-14  3.4917943E-14  3.9746044E-03  3.9746044E-03  1.0741253E-04  1.0741253E-04
  2.2968506E+01  1.0397539E-18  1.0397539E-18  4.6545433E-05  4.6545433E-05  2.1566735E-14  2.1566735E-14  3.6131595E-03  3.6131595E-03  9.3622372E-05  9.3622372E-05
  2.3294715E+01  5.4800370E-19  5.4800370E-19  3.9117949E-05  3.9117949E-05  1.3229628E-14  1.3229628E-14  3.2802295E-03  3.2802295E-03  8.1450943E-05  8.1450943E-05
  2.3625557E+01  2.8620052E-19  2.8620052E-19  3.2794210E-05  3.2794210E-05  8.0592746E-15  8.0592746E-15  2.9739760E-03  2.9739760E-03  7.0728244E-05  7.0728244E-05
  2.3961098E+01  1.4809282E-19  1.4809282E-19  2.7423664E-05  2.7423664E-05  4.8751329E-15  4.8751329E-15  2.6926440E-03  2.6926440E-03  6.1299684E-05  6.1299684E-05
  2.4301405E+01  7.5912994E-20  7.5912994E-20  2.2874198E-05  2.2874198E-05  2.9280301E-15  2.9280301E-15  2.4345607E-03  2.4345607E-03  5.3024956E-05  5.3024956E-05
  2.4646544E+01  3.8544074E-20  3.8544074E-20  1.9030185E-05  1.9030185E-05  1.7458983E-15  1.7458983E-15  2.1981347E-03  2.1981347E-03  4.5776972E-05  4.5776972E-05
  2.4996585E+01  1.9381994E-20  1.9381994E-20  1.5790696E-05  1.5790696E-05  1.0334079E-15  1.0334079E-15  1.9818541E-03  1.9818541E-03  3.9440844E-05  3.9440844E-05
  2.5351598E+01  9.6511180E-21  9.6511180E-21  1.3067870E-05  1.3067870E-05  6.0713945E-16  6.0713945E-16  1.7842851E-03  1.7842851E-03  3.3912927E-05  3.3912927E-05
  2.5711652E+01  4.7580953E-21  4.7580953E-21  1.0785432E-05  1.0785432E-05  3.5401580E-16  3.5401580E-16  1.6040701E-03  1.6040701E-03  2.9099909E-05  2.9099909E-05
  2.6076820E+01  2.3222126E-21  2.3222126E-21  8.8773450E-06  8.8773450E-06  2.0484557E-16  2.0484557E-16  1.4399262E-03  1.4399262E-03  2.4917956E-05  2.4917956E-05
  2.6447174E+01  1.1218122E-21  1.1218122E-21  7.2865997E-06  7.2865997E-06  1.1761246E-16  1.1761246E-16  1.2906423E-03  1.2906423E-03  2.1291907E-05  2.1291907E-05
  2.6822789E+01  5.3631824E-22  5.3631824E-22  5.9641166E-06  5.9641166E-06  6.6996872E-17  6.6996872E-17  1.1550779E-03  1.1550779E-03  1.8154522E-05  1.8154522E-05
  2.7203737E+01  2.5371321E-22  2.5371321E-22  4.8677653E-06  4.8677653E-06  3.7860036E-17  3.7860036E-17  1.0321602E-03  1.0321602E-03  1.5445776E-05  1.5445776E-05
  2.7590096E+01  1.1874477E-22  1.1874477E-22  3.9614854E-06  3.9614854E-06  2.1221837E-17  2.1221837E-17  9.2088202E-04  9.2088202E-04  1.3112202E-05  1.3112202E-05
  2.7981942E+01  5.4975399E-23  5.4975399E-23  3.2145026E-06  3.2145026E-06  1.1798036E-17  1.1798036E-17  8.2029935E-04  8.2029935E-04  1.1106281E-05  1.1106281E-05
  2.8379354E+01  2.5173019E-23  2.5173019E-23  2.6006321E-06  2.6006321E-06  6.5044393E-18  6.5044393E-18  7.2952892E-04  7.2952892E-04  9.3858732E-06  9.3858732E-06
  2.8782409E+01  1.1398417E-23  1.1398417E-23  2.0976609E-06  2.0976609E-06  3.5557502E-18  3.5557502E-18  6.4774573E-04  6.4774573E-04  7.9136974E-06  7.9136974E-06
  2.9191189E+01  5.1029841E-24  5.1029841E-24  1.6868033E-06  1.6868033E-06  1.9271737E-18  1.9271737E-18  5.7418053E-04  5.7418053E-04  6.6568446E-06  6.6568446E-06
  2.9605774E+01  2.2584018E-24  2.2584018E-24  1.3522212E-06  1.3522212E-06  1.0354400E-18  1.0354400E-18  5.0811737E-04  5.0811737E-04  5.5863339E-06  5.5863339E-06
  3.0026247E+01  9.8787302E-25  9.8787302E-25  1.0806029E-06  1.0806029E-06  5.5142797E-19  5.5142797E-19  4.4889103E-04  4.4889103E-04  4.6767043E-06  4.6767043E-06
  3.0452692E+01  4.2702008E-25  4.2702008E-25  8.6079625E-07  8.6079625E-07  2.9104290E-19  2.9104290E-19  3.9588462E-04  3.9588462E-04  3.9056409E-06  3.9056409E-06
  3.0885194E+01  1.8237516E-25  1.8237516E-25  6.8348745E-07  6.8348745E-07  1.5222053E-19  1.5222053E-19  3.4852702E-04  3.4852702E-04  3.2536341E-06  3.2536341E-06
  3.1323838E+01  7.6944034E-26  7.6944034E-26  5.4092511E-07  5.4092511E-07  7.8882420E-20  7.8882420E-20  3.0629053E-04  3.0629053E-04  2.7036688E-06  2.7036688E-06
  3.1768711E+01  3.2062418E-26  3.2062418E-26  4.2667779E-07  4.2667779E-07  4.0496726E-20  4.0496726E-20  2.6868843E-04  2.6868843E-04  2.2409431E-06  2.2409431E-06
  3.2219903E+01  1.3193148E-26  1.3193148E-26  3.3542761E-07  3.3542761E-07  2.0593646E-20  2.0593646E-20  2.3527265E-04  2.3527265E-04  1.8526126E-06  1.8526126E-06
  3.2677503E+01  5.3598021E-27  5.3598021E-27  2.6279233E-07  2.6279233E-07  1.0371947E-20  1.0371947E-20  2.0563158E-04  2.0563158E-04  1.5275614E-06  1.5275614E-06
  3.3141602E+01  2.1493789E-27  2.1493789E-27  2.0517325E-07  2.0517325E-07  5.1729715E-21  5.1729715E-21  1.7938748E-04  1.7938748E-04  1.2561922E-06  1.2561922E-06
  3.3612292E+01  8.5065866E-28  8.5065866E-28  1.5962521E-07  1.5962521E-07  2.5545284E-21  2.5545284E-21  1.5619509E-04  1.5619509E-04  1.0302454E-06  1.0302454E-06
  3.4089667E+01  3.3219138E-28  3.3219138E-28  1.2374662E-07  1.2374662E-07  1.2488473E-21  1.2488473E-21  1.3573851E-04  1.3573851E-04  8.4262600E-07  8.4262600E-07
  3.4573821E+01  1.2797440E-28  1.2797440E-28  9.5586070E-08  9.5586070E-08  6.0432714E-22  6.0432714E-22  1.1773013E-04  1.1773013E-04  6.8726112E-07  6.8726112E-07
  3.5064852E+01  4.8626030E-29  4.8626030E-29  7.3563569E-08  7.3563569E-08  2.8942367E-22  2.8942367E-22  1.0190815E-04  1.0190815E-04  5.5896415E-07  5.5896415E-07
  3.5562856E+01  1.8219352E-29  1.8219352E-29  5.6404704E-08  5.6404704E-08  1.3716052E-22  1.3716052E-22  8.8034747E-05  8.8034747E-05  4.5331838E-07  4.5331838E-07
  3.6067934E+01  6.7300946E-30  6.7300946E-30  4.3085322E-08  4.3085322E-08  6.4311746E-23  6.4311746E-23  7.5894625E-05  7.5894625E-05  3.6657441E-07  3.6657441E-07
  3.6580184E+01  2.4504022E-30  2.4504022E-30  3.2785484E-08  3.2785484E-08  2.9829731E-23  2.9829731E-23  6.5293022E-05  6.5293022E-05  2.9555756E-07  2.9555756E-07
  3.7099710E+01  8.7919141E-31  8.7919141E-31  2.4851265E-08  2.4851265E-08  1.3684751E-23  1.3684751E-23  5.6054234E-05  5.6054234E-05  2.3758803E-07  2.3758803E-07
  3.7626614E+01  3.1078447E-31  3.1078447E-31  1.8763166E-08  1.8763166E-08  6.2084398E-24  6.2084398E-24  4.8020078E-05  4.8020078E-05  1.9041047E-07  1.9041047E-07
  3.8161001E+01  1.0820887E-31  1.0820887E-31  1.4110103E-08  1.4110103E-08  2.7849304E-24  2.7849304E-24  4.1048451E-05  4.1048451E-05  1.5213244E-07  1.5213244E-07
  3.8702978E+01  3.7101373E-32  3.7101373E-32  1.0568080E-08  1.0568080E-08  1.2349790E-24  1.2349790E-24  3.5011981E-05  3.5011981E-05  1.2117088E-07  1.2117088E-07
  3.9252652E+01  1.2523746E-32  1.2523746E-32  7.8827713E-09  7.8827713E-09  5.4130742E-25  5.4130742E-25  2.9796749E-05  2.9796749E-05  9.6205545E-08  9.6205545E-08
  3.9810132E+01  4.1608982E-33  4.1608982E-33  5.8553562E-09  5.8553562E-09  2.3447259E-25  2.3447259E-25  2.5301105E-05  2.5301105E-05  7.6139122E-08  7.6139122E-08
  4.0375530E+01  1.3603092E-33  1.3603092E-33  4.3310542E-09  4.3310542E-09  1.0035224E-25  1.0035224E-25  2.1434553E-05  2.1434553E-05  6.0062221E-08  6.0062221E-08
  4.0948958E+01  4.3749453E-34  4.3749453E-34  3.1898757E-09  3.1898757E-09  4.2429783E-26  4.2429783E-26  1.8116713E-05  1.8116713E-05  4.7223724E-08  4.7223724E-08
  4.1530530E+01  1.3838097E-34  1.3838097E-34  2.3391999E-09  2.3391999E-09  1.7719184E-26  1.7719184E-26  1.5276362E-05  1.5276362E-05  3.7005279E-08  3.7005279E-08
  4.2120362E+01  4.3035873E-35  4.3035873E-35  1.7078415E-09  1.7078415E-09  7.3074331E-27  7.3074331E-27  1.2850538E-05  1.2850538E-05  2.8899525E-08  2.8899525E-08
  4.2718570E+01  1.3155717E-35  1.3155717E-35  1.2413299E-09  1.2413299E-09  2.9754436E-27  2.9754436E-27  1.0783722E-05  1.0783722E-05  2.2491581E-08  2.2491581E-08
  4.3325275E+01  3.9518879E-36  3.9518879E-36  8.9816943E-10  8.9816943E-10  1.1959703E-27  1.1959703E-27  9.0270712E-06  9.0270712E-06  1.7443352E-08  1.7443352E-08
  4.3940596E+01  1.1662041E-36  1.1662041E-36  6.4689411E-10  6.4689411E-10  4.7444439E-28  4.7444439E-28  7.5377300E-06  7.5377300E-06  1.3480271E-08  1.3480271E-08
  4.4564656E+01  3.3798329E-37  3.3798329E-37  4.6374969E-10  4.6374969E-10  1.8572031E-28  1.8572031E-28  6.2781870E-06  6.2781870E-06  1.0380154E-08  1.0380154E-08
  4.5197578E+01  9.6168868E-38  9.6168868E-38  3.3088783E-10  3.3088783E-10  7.1722249E-29  7.1722249E-29  5.2156943E-06  5.2156943E-06  7.9638481E-09  7.9638481E-09
  4.5839490E+01  2.6856985E-38  2.6856985E-38  2.3496085E-10  2.3496085E-10  2.7319852E-29  2.7319852E-29  4.3217358E-06  4.3217358E-06  6.0874196E-09  6.0874196E-09
  4.6490519E+01  7.3591084E-39  7.3591084E-39  1.6603443E-10  1.6603443E-10  1.0262201E-29  1.0262201E-29  3.5715464E-06  3.5715464E-06  4.6356585E-09  4.6356585E-09
  4.7150793E+01  1.9778659E-39  1.9778659E-39  1.1675050E-10  1.1675050E-10  3.8005504E-30  3.8005504E-30  2.9436754E-06  2.9436754E-06  3.5166898E-09  3.5166898E-09
  4.7820445E+01  5.2122755E-40  5.2122755E-40  8.1685839E-11  8.1685839E-11  1.3873959E-30  1.3873959E-30  2.4195936E-06  2.4195936E-06  2.6575245E-09  2.6575245E-09
  4.8499608E+01  1.3463826E-40  1.3463826E-40  5.6863212E-11  5.6863212E-11  4.9911947E-31  4.9911947E-31  1.9833387E-06  1.9833387E-06  2.0004003E-09  2.0004003E-09
  4.9188416E+01  3.4077557E-41  3.4077557E-41  3.9380502E-11  3.9380502E-11  1.7691275E-31  1.7691275E-31  1.6211983E-06  1.6211983E-06  1.4997830E-09  1.4997830E-09
  4.9887006E+01  8.4483488E-42  8.4483488E-42  2.7130923E-11  2.7130923E-11  6.1767855E-32  6.1767855E-32  1.3214259E-06  1.3214259E-06  1.1199200E-09  1.1199200E-09
  5.0595519E+01  2.0507820E-42  2.0507820E-42  1.8592985E-11  1.8592985E-11  2.1237867E-32  2.1237867E-32  1.0739875E-06  1.0739875E-06  8.3285117E-10  8.3285117E-10
  5.1314093E+01  4.8724621E-43  4.8724621E-43  1.2673664E-11  1.2673664E-11  7.1894940E-33  7.1894940E-33  8.7033718E-07  8.7033718E-07  6.1679958E-10  6.1679958E-10
  5.2042873E+01  1.1326399E-43  1.1326399E-43  8.5919275E-12  8.5919275E-12  2.3956127E-33  2.3956127E-33  7.0321734E-07  7.0321734E-07  4.5487396E-10  4.5487396E-10
  5.2782004E+01  2.5750084E-44  2.5750084E-44  5.7926960E-12  5.7926960E-12  7.8551648E-34  7.8551648E-34  5.6648307E-07  5.6648307E-07  3.3402743E-10  3.3402743E-10
  5.3531632E+01  5.7231325E-45  5.7231325E-45  3.8836355E-12  3.8836355E-12  2.5339708E-34  2.5339708E-34  4.5494718E-07  4.5494718E-07  2.4422526E-10  2.4422526E-10
  5.4291906E+01  1.2430195E-45  1.2430195E-45  2.5889827E-12  2.5889827E-12  8.0397076E-35  8.0397076E-35  3.6424429E-07  3.6424429E-07  1.7778265E-10  1.7778265E-10
  5.5062977E+01  2.6371050E-46  2.6371050E-46  1.7160016E-12  1.7160016E-12  2.5081500E-35  2.5081500E-35  2.9071210E-07  2.9071210E-07  1.2884011E-10  1.2884011E-10
  5.5845000E+01  5.4625328E-47  5.4625328E-47  1.1307549E-12  1.1307549E-12  7.6916769E-36  7.6916769E-36  2.3128770E-07  2.3128770E-07  9.2949565E-11  9.2949565E-11
  5.6638129E+01  1.1042953E-47  1.1042953E-47  7.4070512E-13  7.4070512E-13  2.3180340E-36  2.3180340E-36  1.8341757E-07  1.8341757E-07  6.6749882E-11  6.6749882E-11
  5.7442522E+01  2.1777277E-48  2.1777277E-48  4.8229375E-13  4.8229375E-13  6.8631590E-37  6.8631590E-37  1.4498017E-07  1.4498017E-07  4.7712470E-11  4.7712470E-11
  5.8258340E+01  4.1874260E-49  4.1874260E-49  3.1212566E-13  3.1212566E-13  1.9957457E-37  1.9957457E-37  1.1421820E-07  1.1421820E-07  3.3943962E-11  3.3943962E-11
  5.9085744E+01  7.8470983E-50  7.8470983E-50  2.0075286E-13  2.0075286E-13  5.6981209E-38  5.6981209E-38  8.9680987E-08  8.9680987E-08  2.4033276E-11  2.4033276E-11
  5.9924899E+01  1.4324443E-50  1.4324443E-50  1.2831287E-13  1.2831287E-13  1.5968676E-38  1.5968676E-38  7.0175091E-08  7.0175091E-08  1.6933760E-11  1.6933760E-11
  6.0775972E+01  2.5458712E-51  2.5458712E-51  8.1492195E-14  8.1492195E-14  4.3911600E-39  4.3911600E-39  5.4721996E-08  5.4721996E-08  1.1872810E-11  1.1872810E-11
  6.1639131E+01  4.4031506E-52  4.4031506E-52  5.1423280E-14  5.1423280E-14  1.1844639E-39  1.1844639E-39  4.2522201E-08  4.2522201E-08  8.2829051E-12  8.2829051E-12
  6.2514550E+01  7.4068299E-53  7.4068299E-53  3.2237513E-14  3.2237513E-14  3.1329424E-40  3.1329424E-40  3.2924762E-08  3.2924762E-08  5.7492307E-12  5.7492307E-12
  6.3402402E+01  1.2111867E-53  1.2111867E-53  2.0076163E-14  2.0076163E-14  8.1231306E-41  8.1231306E-41  2.5401568E-08  2.5401568E-08  3.9701152E-12  3.9701152E-12
  6.4302863E+01  1.9242558E-54  1.9242558E-54  1.2418702E-14  1.2418702E-14  2.0638768E-41  2.0638768E-41  1.9525719E-08  1.9525719E-08  2.7272866E-12  2.7272866E-12
  6.5216113E+01  2.9685569E-55  2.9685569E-55  7.6296793E-15  7.6296793E-15  5.1366352E-42  5.1366352E-42  1.4953381E-08  1.4953381E-08  1.8636325E-12  1.8636325E-12
  6.6142333E+01  4.4443835E-56  4.4443835E-56  4.6550953E-15  4.6550953E-15  1.2518430E-42  1.2518430E-42  1.1408659E-08  1.1408659E-08  1.2666560E-12  1.2666560E-12
  6.7081707E+01  6.4537008E-57  6.4537008E-57  2.8203312E-15  2.8203312E-15  2.9863104E-43  2.9863104E-43  8.6710014E-09  8.6710014E-09  8.5623419E-13  8.5623419E-13
  6.8034422E+01  9.0840534E-58  9.0840534E-58  1.6965916E-15  1.6965916E-15  6.9705626E-44  6.9705626E-44  6.5647727E-09  6.5647727E-09  5.7560964E-13  5.7560964E-13
  6.9000669E+01  1.2386864E-58  1.2386864E-58  1.0132484E-15  1.0132484E-15  1.5913963E-44  1.5913963E-44  4.9506459E-09  4.9506459E-09  3.8479620E-13  3.8479620E-13
  6.9980638E+01  1.6352575E-59  1.6352575E-59  6.0071862E-16  6.0071862E-16  3.5521570E-45  3.5521570E-45  3.7185309E-09  3.7185309E-09  2.5577959E-13  2.5577959E-13
  7.0974525E+01  2.0887247E-60  2.0887247E-60  3.5350637E-16  3.5350637E-16  7.7487345E-46  7.7487345E-46  2.7817850E-09  2.7817850E-09  1.6904332E-13  1.6904332E-13
  7.1982527E+01  2.5796978E-61  2.5796978E-61  2.0646578E-16  2.0646578E-16  1.6512444E-46  1.6512444E-46  2.0724941E-09  2.0724941E-09  1.1106861E-13  1.1106861E-13
  7.3004845E+01  3.0786942E-62  3.0786942E-62  1.1966742E-16  1.1966742E-16  3.4359481E-47  3.4359481E-47  1.5376418E-09  1.5376418E-09  7.2545318E-14  7.2545318E-14
  7.4041682E+01  3.5480285E-63  3.5480285E-63  6.8823046E-17  6.8823046E-17  6.9782209E-48  6.9782209E-48  1.1360133E-09  1.1360133E-09  4.7099323E-14  4.7099323E-14
  7.5093245E+01  3.9458330E-64  3.9458330E-64  3.9271152E-17  3.9271152E-17  1.3826406E-48  1.3826406E-48  8.3570281E-10  8.3570281E-10  3.0392773E-14  3.0392773E-14
  7.6159742E+01  4.2318004E-65  4.2318004E-65  2.2230341E-17  2.2230341E-17  2.6714023E-49  2.6714023E-49  6.1211635E-10  6.1211635E-10  1.9491192E-14  1.9491192E-14
  7.7241386E+01  4.3736708E-66  4.3736708E-66  1.2482500E-17  1.2482500E-17  5.0307038E-50  5.0307038E-50  4.4637810E-10  4.4637810E-10  1.2421680E-14  1.2421680E-14
  7.8338392E+01  4.3530834E-67  4.3530834E-67  6.9516741E-18  6.9516741E-18  9.2292614E-51  9.2292614E-51  3.2406434E-10  3.2406434E-10  7.8660576E-15  7.8660576E-15
  7.9450978E+01  4.1693618E-68  4.1693618E-68  3.8393557E-18  3.8393557E-18  1.6486869E-51  1.6486869E-51  2.3420218E-10  2.3420218E-10  4.9491324E-15  4.9491324E-15
  8.0579365E+01  3.8401839E-69  3.8401839E-69  2.1025983E-18  2.1025983E-18  2.8663013E-52  2.8663013E-52  1.6848231E-10  1.6848231E-10  3.0935417E-15  3.0935417E-15
  8.1723777E+01  3.3988271E-70  3.3988271E-70  1.1416433E-18  1.1416433E-18  4.8472134E-53  4.8472134E-53  1.2064045E-10  1.2064045E-10  1.9208659E-15  1.9208659E-15
  8.2884443E+01  2.8885672E-71  2.8885672E-71  6.1450724E-19  6.1450724E-19  7.9692653E-54  7.9692653E-54  8.5976135E-11  8.5976135E-11  1.1847069E-15  1.1847069E-15
  8.4061592E+01  2.3555436E-72  2.3555436E-72  3.2786235E-19  3.2786235E-19  1.2731053E-54  1.2731053E-54  6.0978954E-11  6.0978954E-11  7.2569737E-16  7.2569737E-16
  8.5255460E+01  1.8417535E-73  1.8417535E-73  1.7336791E-19  1.7336791E-19  1.9751002E-55  1.9751002E-55  4.3039716E-11  4.3039716E-11  4.4145697E-16  4.4145697E-16
  8.6466284E+01  1.3796782E-74  1.3796782E-74  9.0845265E-20  9.0845265E-20  2.9740377E-56  2.9740377E-56  3.0228463E-11  3.0228463E-11  2.6666510E-16  2.6666510E-16
  8.7694304E+01  9.8946955E-76  9.8946955E-76  4.7166671E-20  4.7166671E-20  4.3439504E-57  4.3439504E-57  2.1124645E-11  2.1124645E-11  1.5993558E-16  1.5993558E-16
  8.8939764E+01  6.7885378E-77  6.7885378E-77  2.4261047E-20  2.4261047E-20  6.1510280E-58  6.1510280E-58  1.4687859E-11  1.4687859E-11  9.5231497E-17  9.5231497E-17
  9.0202913E+01  4.4521408E-78  4.4521408E-78  1.2361363E-20  1.2361363E-20  8.4386563E-59  8.4386563E-59  1.0159956E-11  1.0159956E-11  5.6289528E-17  5.6289528E-17
  9.1484002E+01  0.0000000E+00  0.0000000E+00  6.2380075E-21  6.2380075E-21  1.1209722E-59  1.1209722E-59  6.9912933E-12  6.9912933E-12  3.3024805E-17  3.3024805E-17
  9.2783284E+01  0.0000000E+00  0.0000000E+00  3.1173631E-21  3.1173631E-21  1.4409220E-60  1.4409220E-60  4.7854555E-12  4.7854555E-12  1.9229679E-17  1.9229679E-17
  9.4101020E+01  0.0000000E+00  0.0000000E+00  1.5425140E-21  1.5425140E-21  1.7911564E-61  1.7911564E-61  3.2580391E-12  3.2580391E-12  1.1111556E-17  1.1111556E-17
  9.5437470E+01  0.0000000E+00  0.0000000E+00  7.5562860E-22  7.5562860E-22  2.1517524E-62  2.1517524E-62  2.2060903E-12  2.2060903E-12  6.3709140E-18  6.3709140E-18
  9.6792901E+01  0.0000000E+00  0.0000000E+00  3.6640507E-22  3.6640507E-22  2.4964941E-63  2.4964941E-63  1.4855610E-12  1.4855610E-12  3.6241318E-18  3.6241318E-18
  9.8167582E+01  0.0000000E+00  0.0000000E+00  1.7584241E-22  1.7584241E-22  2.7954860E-64  2.7954860E-64  9.9477240E-13  9.9477240E-13  2.0451836E-18  2.0451836E-18
  9.9561787E+01  0.0000000E+00  0.0000000E+00  8.3508184E-23  8.3508184E-23  3.0190985E-65  3.0190985E-65  6.6235106E-13  6.6235106E-13  1.1448184E-18  1.1448184E-18
  1.0097579E+02  0.0000000E+00  0.0000000E+00  3.9238357E-23  3.9238357E-23  3.1426124E-66  3.1426124E-66  4.3847902E-13  4.3847902E-13  6.3557393E-19  6.3557393E-19
  1.0240988E+02  0.0000000E+00  0.0000000E+00  1.8238997E-23  1.8238997E-23  3.1506071E-67  3.1506071E-67  2.8858234E-13  2.8858234E-13  3.4992031E-19  3.4992031E-19
  1.0386433E+02  0.0000000E+00  0.0000000E+00  8.3855258E-24  8.3855258E-24  3.0400449E-68  3.0400449E-68  1.8880555E-13  1.8880555E-13  1.9102643E-19  1.9102643E-19
  1.0533945E+02  0.0000000E+00  0.0000000E+00  3.8126645E-24  3.8126645E-24  2.8212196E-69  2.8212196E-69  1.2278532E-13  1.2278532E-13  1.0339174E-19  1.0339174E-19
  1.0683551E+02  0.0000000E+00  0.0000000E+00  1.7140534E-24  1.7140534E-24  2.5162301E-70  2.5162301E-70  7.9364840E-14  7.9364840E-14  5.5474361E-20  5.5474361E-20
  1.0835282E+02  0.0000000E+00  0.0000000E+00  7.6180675E-25  7.6180675E-25  2.1552749E-71  2.1552749E-71  5.0982599E-14  5.0982599E-14  2.9502450E-20  2.9502450E-20
  1.0989167E+02  0.0000000E+00  0.0000000E+00  3.3466946E-25  3.3466946E-25  1.7716311E-72  1.7716311E-72  3.2545396E-14  3.2545396E-14  1.5549897E-20  1.5549897E-20
  1.1145239E+02  0.0000000E+00  0.0000000E+00  1.4529909E-25  1.4529909E-25  1.3964941E-73  1.3964941E-73  2.0643911E-14  2.0643911E-14  8.1216469E-21  8.1216469E-21
  1.1303526E+02  0.0000000E+00  0.0000000E+00  6.2331664E-26  6.2331664E-26  1.0548113E-74  1.0548113E-74  1.3010373E-14  1.3010373E-14  4.2029138E-21  4.2029138E-21
  1.1464062E+02  0.0000000E+00  0.0000000E+00  2.6416521E-26  2.6416521E-26  7.6287439E-76  7.6287439E-76  8.1459688E-15  8.1459688E-15  2.1547077E-21  2.1547077E-21
  1.1626878E+02  0.0000000E+00  0.0000000E+00  1.1058197E-26  1.1058197E-26  5.2789188E-77  5.2789188E-77  5.0665269E-15  5.0665269E-15  1.0942047E-21  1.0942047E-21
  1.1792006E+02  0.0000000E+00  0.0000000E+00  4.5714517E-27  4.5714517E-27  3.4923721E-78  3.4923721E-78  3.1300503E-15  3.1300503E-15  5.5032724E-22  5.5032724E-22
  1.1959480E+02  0.0000000E+00  0.0000000E+00  1.8659622E-27  1.8659622E-27  0.0000000E+00  0.0000000E+00  1.9205419E-15  1.9205419E-15  2.7409088E-22  2.7409088E-22
  1.2129332E+02  0.0000000E+00  0.0000000E+00  7.5187696E-28  7.5187696E-28  0.0000000E+00  0.0000000E+00  1.1702679E-15  1.1702679E-15  1.3516282E-22  1.3516282E-22
  1.2301596E+02  0.0000000E+00  0.0000000E+00  2.9902033E-28  2.9902033E-28  0.0000000E+00  0.0000000E+00  7.0809705E-16  7.0809705E-16  6.5985114E-23  6.5985114E-23
  1.2476307E+02  0.0000000E+00  0.0000000E+00  1.1734858E-28  1.1734858E-28  0.0000000E+00  0.0000000E+00  4.2540494E-16  4.2540494E-16  3.1885755E-23  3.1885755E-23
  1.2653499E+02  0.0000000E+00  0.0000000E+00  4.5434912E-29  4.5434912E-29  0.0000000E+00  0.0000000E+00  2.5372905E-16  2.5372905E-16  1.5249105E-23  1.5249105E-23
  1.2833207E+02  0.0000000E+00  0.0000000E+00  1.7351865E-29  1.7351865E-29  0.0000000E+00  0.0000000E+00  1.5022795E-16  1.5022795E-16  7.2164359E-24  7.2164359E-24
  1.3015468E+02  0.0000000E+00  0.0000000E+00  6.5351466E-30  6.5351466E-30  0.0000000E+00  0.0000000E+00  8.8287364E-17  8.8287364E-17  3.3788171E-24  3.3788171E-24
  1.3200317E+02  0.0000000E+00  0.0000000E+00  2.4267420E-30  2.4267420E-30  0.0000000E+00  0.0000000E+00  5.1495252E-17  5.1495252E-17  1.5649547E-24  1.5649547E-24
  1.3387792E+02  0.0000000E+00  0.0000000E+00  8.8829138E-31  8.8829138E-31  0.0000000E+00  0.0000000E+00  2.9806352E-17  2.9806352E-17  7.1690977E-25  7.1690977E-25
  1.3577929E+02  0.0000000E+00  0.0000000E+00  3.2044500E-31  3.2044500E-31  0.0000000E+00  0.0000000E+00  1.7118925E-17  1.7118925E-17  3.2477473E-25  3.2477473E-25
  1.3770766E+02  0.0000000E+00  0.0000000E+00  1.1389861E-31  1.1389861E-31  0.0000000E+00  0.0000000E+00  9.7548748E-18  9.7548748E-18  1.4547323E-25  1.4547323E-25
  1.3966343E+02  0.0000000E+00  0.0000000E+00  3.9879423E-32  3.9879423E-32  0.0000000E+00  0.0000000E+00  5.5143625E-18  5.5143625E-18  6.4416034E-26  6.4416034E-26
  1.4164697E+02  0.0000000E+00  0.0000000E+00  1.3751226E-32  1.3751226E-32  0.0000000E+00  0.0000000E+00  3.0920563E-18  3.0920563E-18  2.8192953E-26  2.8192953E-26
  1.4365867E+02  0.0000000E+00  0.0000000E+00  4.6686414E-33  4.6686414E-33  0.0000000E+00  0.0000000E+00  1.7195994E-18  1.7195994E-18  1.2194029E-26  1.2194029E-26
  1.4569895E+02  0.0000000E+00  0.0000000E+00  1.5602292E-33  1.5602292E-33  0.0000000E+00  0.0000000E+00  9.4838258E-19  9.4838258E-19  5.2111905E-27  5.2111905E-27
  1.4776821E+02  0.0000000E+00  0.0000000E+00  5.1312721E-34  5.1312721E-34  0.0000000E+00  0.0000000E+00  5.1863762E-19  5.1863762E-19  2.2000445E-27  2.2000445E-27
  1.4986686E+02  0.0000000E+00  0.0000000E+00  1.6603057E-34  1.6603057E-34  0.0000000E+00  0.0000000E+00  2.8120020E-19  2.8120020E-19  9.1738371E-28  9.1738371E-28
  1.5199531E+02  0.0000000E+00  0.0000000E+00  5.2839980E-35  5.2839980E-35  0.0000000E+00  0.0000000E+00  1.5114180E-19  1.5114180E-19  3.7775871E-28  3.7775871E-28
  1.5415398E+02  0.0000000E+00  0.0000000E+00  1.6536040E-35  1.6536040E-35  0.0000000E+00  0.0000000E+00  8.0522318E-20  8.0522318E-20  1.5358162E-28  1.5358162E-28
  1.5634332E+02  0.0000000E+00  0.0000000E+00  5.0871529E-36  5.0871529E-36  0.0000000E+00  0.0000000E+00  4.2516273E-20  4.2516273E-20  6.1636951E-29  6.1636951E-29
  1.5856375E+02  0.0000000E+00  0.0000000E+00  1.5380482E-36  1.5380482E-36  0.0000000E+00  0.0000000E+00  2.2245645E-20  2.2245645E-20  2.4413750E-29  2.4413750E-29
  1.6081572E+02  0.0000000E+00  0.0000000E+00  4.5686904E-37  4.5686904E-37  0.0000000E+00  0.0000000E+00  1.1532634E-20  1.1532634E-20  9.5418375E-30  9.5418375E-30
  1.6309967E+02  0.0000000E+00  0.0000000E+00  1.3329444E-37  1.3329444E-37  0.0000000E+00  0.0000000E+00  5.9230797E-21  5.9230797E-21  3.6791268E-30  3.6791268E-30
  1.6541605E+02  0.0000000E+00  0.0000000E+00  3.8185621E-38  3.8185621E-38  0.0000000E+00  0.0000000E+00  3.0133059E-21  3.0133059E-21  1.3992073E-30  1.3992073E-30
  1.6776534E+02  0.0000000E+00  0.0000000E+00  1.0737945E-38  1.0737945E-38  0.0000000E+00  0.0000000E+00  1.5182926E-21  1.5182926E-21  5.2474897E-31  5.2474897E-31
  1.7014798E+02  0.0000000E+00  0.0000000E+00  2.9630494E-39  2.9630494E-39  0.0000000E+00  0.0000000E+00  7.5757123E-22  7.5757123E-22  1.9402565E-31  1.9402565E-31
  1.7256447E+02  0.0000000E+00  0.0000000E+00  8.0207079E-40  8.0207079E-40  0.0000000E+00  0.0000000E+00  3.7427025E-22  3.7427025E-22  7.0714533E-32  7.0714533E-32
  1.7501528E+02  0.0000000E+00  0.0000000E+00  2.1291144E-40  2.1291144E-40  0.0000000E+00  0.0000000E+00  1.8305355E-22  1.8305355E-22  2.5398162E-32  2.5398162E-32
  1.7750089E+02  0.0000000E+00  0.0000000E+00  5.5405233E-41  5.5405233E-41  0.0000000E+00  0.0000000E+00  8.8621296E-23  8.8621296E-23  8.9875229E-33  8.9875229E-33
  1.8002181E+02  0.0000000E+00  0.0000000E+00  1.4129202E-41  1.4129202E-41  0.0000000E+00  0.0000000E+00  4.2461999E-23  4.2461999E-23  3.1327092E-33  3.1327092E-33
  1.8257853E+02  0.0000000E+00  0.0000000E+00  3.5297650E-42  3.5297650E-42  0.0000000E+00  0.0000000E+00  2.0132568E-23  2.0132568E-23  1.0753214E-33  1.0753214E-33
  1.8517155E+02  0.0000000E+00  0.0000000E+00  8.6352549E-43  8.6352549E-43  0.0000000E+00  0.0000000E+00  9.4443094E-24  9.4443094E-24  3.6340475E-34  3.6340475E-34
  1.8780141E+02  0.0000000E+00  0.0000000E+00  2.0677761E-43  2.0677761E-43  0.0000000E+00  0.0000000E+00  4.3826646E-24  4.3826646E-24  1.2087644E-34  1.2087644E-34
  1.9046862E+02  0.0000000E+00  0.0000000E+00  4.8531991E-44  4.8531991E-44  0.0000000E+00  0.0000000E+00  2.0120552E-24  2.0120552E-24  3.9597238E-35  3.9597238E-35
  1.9317370E+02  0.0000000E+00  0.0000000E+00  1.1467565E-44  1.1467565E-44  0.0000000E+00  0.0000000E+00  9.1485089E-25  9.1485089E-25  1.2876740E-35  1.2876740E-35
  1.9591721E+02  0.0000000E+00  0.0000000E+00  2.6547023E-45  2.6547023E-45  0.0000000E+00  0.0000000E+00  4.1133860E-25  4.1133860E-25  4.1211486E-36  4.1211486E-36
  1.9869967E+02  0.0000000E+00  0.0000000E+00  6.0191551E-46  6.0191551E-46  0.0000000E+00  0.0000000E+00  1.8285982E-25  1.8285982E-25  1.2977873E-36  1.2977873E-36
  2.0152166E+02  0.0000000E+00  0.0000000E+00  1.3362945E-46  1.3362945E-46  0.0000000E+00  0.0000000E+00  8.0359419E-26  8.0359419E-26  4.0203318E-37  4.0203318E-37
