#    r         rv               rvh           rvx       den                  tau          vtau          deltatau 
  0.0000000E+00 -8.0000000E+01  0.0000000E+00 -0.0000000E+00  0.0000000E+00 -9.7719130E+02  0.0000000E+00 -1.4253185E+12
  5.0071180E-06 -7.9998681E+01  2.1693139E-03 -8.5022010E-04  3.0119774E-05  1.9414278E+03  0.0000000E+00  6.4721665E+10
  1.0085348E-05 -7.9997605E+01  4.3694367E-03 -1.9749250E-03  1.1491945E-04  2.2891807E+03  0.0000000E+00 -7.0578435E+09
  1.5235701E-05 -7.9997029E+01  6.6008055E-03 -3.6302067E-03  2.5290138E-04  2.0523890E+03  0.0000000E+00  2.5915991E+09
  2.0459200E-05 -7.9996969E+01  8.8638639E-03 -5.8328391E-03  4.4429387E-04  2.0768429E+03  0.0000000E+00  4.0817469E+08
  2.5756884E-05 -7.9997759E+01  1.1159062E-02 -8.9185177E-03  6.8986903E-04  2.0677892E+03  0.0000000E+00  1.3542891E+08
  3.1129808E-05 -7.9999360E+01  1.3486855E-02 -1.2846917E-02  9.9077346E-04  2.0508734E+03  0.0000000E+00  8.2397003E+07
  3.6579039E-05 -8.0001730E+01  1.5847706E-02 -1.7577489E-02  1.3483192E-03  2.0424345E+03  0.0000000E+00  6.2287523E+07
  4.2105661E-05 -8.0004860E+01  1.8242084E-02 -2.3102083E-02  1.7639758E-03  2.0377488E+03  0.0000000E+00  5.3163299E+07
  4.7710774E-05 -8.0008634E+01  2.0670465E-02 -2.9304644E-02  2.2393402E-03  2.0358730E+03  0.0000000E+00  4.7818397E+07
  5.3395492E-05 -8.0012917E+01  2.3133332E-02 -3.6049883E-02  2.7761185E-03  2.0362387E+03  0.0000000E+00  4.4117832E+07
  5.9160945E-05 -8.0017549E+01  2.5631173E-02 -4.3180489E-02  3.3761142E-03  2.0385087E+03  0.0000000E+00  4.1276777E+07
  6.5008281E-05 -8.0022369E+01  2.8164485E-02 -5.0533496E-02  4.0412204E-03  2.0424169E+03  0.0000000E+00  3.8958181E+07
  7.0938662E-05 -8.0027216E+01  3.0733772E-02 -5.7949295E-02  4.7734155E-03  2.0477437E+03  0.0000000E+00  3.6994348E+07
  7.6953268E-05 -8.0031940E+01  3.3339544E-02 -6.5279660E-02  5.5747599E-03  2.0543150E+03  0.0000000E+00  3.5290262E+07
  8.3053295E-05 -8.0036412E+01  3.5982318E-02 -7.2394138E-02  6.4473940E-03  2.0619921E+03  0.0000000E+00  3.3786618E+07
  8.9239956E-05 -8.0040521E+01  3.8662619E-02 -7.9183697E-02  7.3935377E-03  2.0706636E+03  0.0000000E+00  3.2443473E+07
  9.5514481E-05 -8.0044181E+01  4.1380980E-02 -8.5562315E-02  8.4154891E-03  2.0802396E+03  0.0000000E+00  3.1232300E+07
  1.0187812E-04 -8.0047329E+01  4.4137941E-02 -9.1466869E-02  9.5156254E-03  2.0906469E+03  0.0000000E+00  3.0131808E+07
  1.0833213E-04 -8.0049922E+01  4.6934050E-02 -9.6855758E-02  1.0696402E-02  2.1018263E+03  0.0000000E+00  2.9125563E+07
  1.1487781E-04 -8.0051937E+01  4.9769860E-02 -1.0170666E-01  1.1960356E-02  2.1137295E+03  0.0000000E+00  2.8200550E+07
  1.2151645E-04 -8.0053368E+01  5.2645937E-02 -1.0601384E-01  1.3310102E-02  2.1263172E+03  0.0000000E+00  2.7346254E+07
  1.2824938E-04 -8.0054222E+01  5.5562850E-02 -1.0978520E-01  1.4748339E-02  2.1395574E+03  0.0000000E+00  2.6554037E+07
  1.3507792E-04 -8.0054518E+01  5.8521180E-02 -1.1303943E-01  1.6277846E-02  2.1534244E+03  0.0000000E+00  2.5816713E+07
  1.4200345E-04 -8.0054282E+01  6.1521513E-02 -1.1580334E-01  1.7901490E-02  2.1678975E+03  0.0000000E+00  2.5128233E+07
  1.4902733E-04 -8.0053545E+01  6.4564445E-02 -1.1810941E-01  1.9622219E-02  2.1829602E+03  0.0000000E+00  2.4483458E+07
  1.5615097E-04 -8.0052343E+01  6.7650580E-02 -1.1999378E-01  2.1443073E-02  2.1985994E+03  0.0000000E+00  2.3877986E+07
  1.6337579E-04 -8.0050714E+01  7.0780531E-02 -1.2149451E-01  2.3367178E-02  2.2148053E+03  0.0000000E+00  2.3308018E+07
  1.7070321E-04 -8.0048695E+01  7.3954919E-02 -1.2265019E-01  2.5397751E-02  2.2315703E+03  0.0000000E+00  2.2770255E+07
  1.7813469E-04 -8.0046324E+01  7.7174374E-02 -1.2349887E-01  2.7538103E-02  2.2488889E+03  0.0000000E+00  2.2261813E+07
  1.8567172E-04 -8.0043638E+01  8.0439536E-02 -1.2407728E-01  2.9791640E-02  2.2667577E+03  0.0000000E+00  2.1780161E+07
  1.9331579E-04 -8.0040669E+01  8.3751051E-02 -1.2442025E-01  3.2161862E-02  2.2851745E+03  0.0000000E+00  2.1323062E+07
  2.0106843E-04 -8.0037451E+01  8.7109577E-02 -1.2456031E-01  3.4652371E-02  2.3041387E+03  0.0000000E+00  2.0888537E+07
  2.0893117E-04 -8.0034012E+01  9.0515781E-02 -1.2452752E-01  3.7266868E-02  2.3236506E+03  0.0000000E+00  2.0474819E+07
  2.1690558E-04 -8.0030379E+01  9.3970338E-02 -1.2434934E-01  4.0009158E-02  2.3437119E+03  0.0000000E+00  2.0080334E+07
  2.2499324E-04 -8.0026577E+01  9.7473933E-02 -1.2405061E-01  4.2883153E-02  2.3643249E+03  0.0000000E+00  1.9703665E+07
  2.3319577E-04 -8.0022626E+01  1.0102726E-01 -1.2365367E-01  4.5892871E-02  2.3854928E+03  0.0000000E+00  1.9343541E+07
  2.4151479E-04 -8.0018547E+01  1.0463103E-01 -1.2317840E-01  4.9042442E-02  2.4072194E+03  0.0000000E+00  1.8998813E+07
  2.4995196E-04 -8.0014356E+01  1.0828595E-01 -1.2264244E-01  5.2336108E-02  2.4295095E+03  0.0000000E+00  1.8668440E+07
  2.5850895E-04 -8.0010069E+01  1.1199275E-01 -1.2206128E-01  5.5778227E-02  2.4523681E+03  0.0000000E+00  1.8351477E+07
  2.6718748E-04 -8.0005696E+01  1.1575216E-01 -1.2144849E-01  5.9373277E-02  2.4758011E+03  0.0000000E+00  1.8047066E+07
  2.7598925E-04 -8.0001251E+01  1.1956492E-01 -1.2081587E-01  6.3125854E-02  2.4998147E+03  0.0000000E+00  1.7754421E+07
  2.8491604E-04 -7.9996742E+01  1.2343181E-01 -1.2017361E-01  6.7040681E-02  2.5244158E+03  0.0000000E+00  1.7472825E+07
  2.9396960E-04 -7.9992177E+01  1.2735357E-01 -1.1953049E-01  7.1122606E-02  2.5496115E+03  0.0000000E+00  1.7201620E+07
  3.0315175E-04 -7.9987563E+01  1.3133099E-01 -1.1889401E-01  7.5376607E-02  2.5754097E+03  0.0000000E+00  1.6940202E+07
  3.1246430E-04 -7.9982906E+01  1.3536485E-01 -1.1827052E-01  7.9807795E-02  2.6018184E+03  0.0000000E+00  1.6688014E+07
  3.2190911E-04 -7.9978209E+01  1.3945596E-01 -1.1766541E-01  8.4421417E-02  2.6288463E+03  0.0000000E+00  1.6444543E+07
  3.3148806E-04 -7.9973478E+01  1.4360512E-01 -1.1708318E-01  8.9222858E-02  2.6565023E+03  0.0000000E+00  1.6209314E+07
  3.4120305E-04 -7.9968714E+01  1.4781316E-01 -1.1652755E-01  9.4217647E-02  2.6847959E+03  0.0000000E+00  1.5981891E+07
  3.5105602E-04 -7.9963921E+01  1.5208092E-01 -1.1600158E-01  9.9411456E-02  2.7137368E+03  0.0000000E+00  1.5761865E+07
  3.6104892E-04 -7.9959099E+01  1.5640922E-01 -1.1550779E-01  1.0481011E-01  2.7433353E+03  0.0000000E+00  1.5548858E+07
  3.7118374E-04 -7.9954249E+01  1.6079894E-01 -1.1504815E-01  1.1041957E-01  2.7736018E+03  0.0000000E+00  1.5342520E+07
  3.8146249E-04 -7.9949373E+01  1.6525094E-01 -1.1462423E-01  1.1624599E-01  2.8045474E+03  0.0000000E+00  1.5142523E+07
  3.9188723E-04 -7.9944471E+01  1.6976610E-01 -1.1423723E-01  1.2229563E-01  2.8361834E+03  0.0000000E+00  1.4948562E+07
  4.0246003E-04 -7.9939543E+01  1.7434532E-01 -1.1388803E-01  1.2857496E-01  2.8685214E+03  0.0000000E+00  1.4760352E+07
  4.1318298E-04 -7.9934588E+01  1.7898951E-01 -1.1357726E-01  1.3509060E-01  2.9015737E+03  0.0000000E+00  1.4577626E+07
  4.2405822E-04 -7.9929606E+01  1.8369957E-01 -1.1330530E-01  1.4184932E-01  2.9353526E+03  0.0000000E+00  1.4400135E+07
  4.3508792E-04 -7.9924596E+01  1.8847644E-01 -1.1307237E-01  1.4885810E-01  2.9698711E+03  0.0000000E+00  1.4227645E+07
  4.4627426E-04 -7.9919557E+01  1.9332108E-01 -1.1287851E-01  1.5612406E-01  3.0051422E+03  0.0000000E+00  1.4059935E+07
  4.5761947E-04 -7.9914489E+01  1.9823442E-01 -1.1272365E-01  1.6365455E-01  3.0411798E+03  0.0000000E+00  1.3896800E+07
  4.6912581E-04 -7.9909390E+01  2.0321746E-01 -1.1260758E-01  1.7145705E-01  3.0779977E+03  0.0000000E+00  1.3738045E+07
  4.8079557E-04 -7.9904259E+01  2.0827116E-01 -1.1253005E-01  1.7953927E-01  3.1156104E+03  0.0000000E+00  1.3583487E+07
  4.9263106E-04 -7.9899094E+01  2.1339654E-01 -1.1249071E-01  1.8790909E-01  3.1540326E+03  0.0000000E+00  1.3432954E+07
  5.0463464E-04 -7.9893895E+01  2.1859460E-01 -1.1248915E-01  1.9657462E-01  3.1932796E+03  0.0000000E+00  1.3286283E+07
  5.1680870E-04 -7.9888659E+01  2.2386637E-01 -1.1252494E-01  2.0554414E-01  3.2333669E+03  0.0000000E+00  1.3143320E+07
  5.2915566E-04 -7.9883385E+01  2.2921288E-01 -1.1259761E-01  2.1482615E-01  3.2743104E+03  0.0000000E+00  1.3003921E+07
  5.4167797E-04 -7.9878071E+01  2.3463521E-01 -1.1270666E-01  2.2442936E-01  3.3161266E+03  0.0000000E+00  1.2867947E+07
  5.5437813E-04 -7.9872717E+01  2.4013441E-01 -1.1285158E-01  2.3436269E-01  3.3588323E+03  0.0000000E+00  1.2735268E+07
  5.6725866E-04 -7.9867320E+01  2.4571157E-01 -1.1303187E-01  2.4463531E-01  3.4024446E+03  0.0000000E+00  1.2605762E+07
  5.8032212E-04 -7.9861879E+01  2.5136780E-01 -1.1324700E-01  2.5525657E-01  3.4469812E+03  0.0000000E+00  1.2479310E+07
  5.9357112E-04 -7.9856392E+01  2.5710420E-01 -1.1349645E-01  2.6623608E-01  3.4924602E+03  0.0000000E+00  1.2355801E+07
  6.0700827E-04 -7.9850858E+01  2.6292191E-01 -1.1377973E-01  2.7758369E-01  3.5389001E+03  0.0000000E+00  1.2235130E+07
  6.2063627E-04 -7.9845274E+01  2.6882208E-01 -1.1409632E-01  2.8930947E-01  3.5863198E+03  0.0000000E+00  1.2117197E+07
  6.3445781E-04 -7.9839640E+01  2.7480586E-01 -1.1444574E-01  3.0142374E-01  3.6347387E+03  0.0000000E+00  1.2001905E+07
  6.4847565E-04 -7.9833953E+01  2.8087444E-01 -1.1482752E-01  3.1393707E-01  3.6841767E+03  0.0000000E+00  1.1889164E+07
  6.6269258E-04 -7.9828212E+01  2.8702902E-01 -1.1524119E-01  3.2686030E-01  3.7346539E+03  0.0000000E+00  1.1778886E+07
  6.7711141E-04 -7.9822416E+01  2.9327080E-01 -1.1568631E-01  3.4020451E-01  3.7861912E+03  0.0000000E+00  1.1670990E+07
  6.9173503E-04 -7.9816561E+01  2.9960102E-01 -1.1616245E-01  3.5398106E-01  3.8388098E+03  0.0000000E+00  1.1565395E+07
  7.0656634E-04 -7.9810648E+01  3.0602091E-01 -1.1666920E-01  3.6820157E-01  3.8925314E+03  0.0000000E+00  1.1462026E+07
  7.2160828E-04 -7.9804674E+01  3.1253175E-01 -1.1720618E-01  3.8287795E-01  3.9473783E+03  0.0000000E+00  1.1360812E+07
  7.3686385E-04 -7.9798638E+01  3.1913481E-01 -1.1777301E-01  3.9802237E-01  4.0033730E+03  0.0000000E+00  1.1261683E+07
  7.5233609E-04 -7.9792538E+01  3.2583139E-01 -1.1836934E-01  4.1364732E-01  4.0605388E+03  0.0000000E+00  1.1164574E+07
  7.6802806E-04 -7.9786372E+01  3.3262281E-01 -1.1899483E-01  4.2976554E-01  4.1188993E+03  0.0000000E+00  1.1069421E+07
  7.8394290E-04 -7.9780139E+01  3.3951041E-01 -1.1964917E-01  4.4639011E-01  4.1784789E+03  0.0000000E+00  1.0976163E+07
  8.0008376E-04 -7.9773837E+01  3.4649552E-01 -1.2033207E-01  4.6353439E-01  4.2393022E+03  0.0000000E+00  1.0884744E+07
  8.1645386E-04 -7.9767464E+01  3.5357953E-01 -1.2104323E-01  4.8121206E-01  4.3013945E+03  0.0000000E+00  1.0795106E+07
  8.3305645E-04 -7.9761019E+01  3.6076383E-01 -1.2178241E-01  4.9943711E-01  4.3647816E+03  0.0000000E+00  1.0707197E+07
  8.4989484E-04 -7.9754500E+01  3.6804983E-01 -1.2254936E-01  5.1822386E-01  4.4294899E+03  0.0000000E+00  1.0620966E+07
  8.6697237E-04 -7.9747905E+01  3.7543895E-01 -1.2334385E-01  5.3758695E-01  4.4955463E+03  0.0000000E+00  1.0536363E+07
  8.8429244E-04 -7.9741233E+01  3.8293264E-01 -1.2416567E-01  5.5754135E-01  4.5629783E+03  0.0000000E+00  1.0453341E+07
  9.0185849E-04 -7.9734482E+01  3.9053237E-01 -1.2501464E-01  5.7810239E-01  4.6318139E+03  0.0000000E+00  1.0371855E+07
  9.1967402E-04 -7.9727651E+01  3.9823963E-01 -1.2589056E-01  5.9928573E-01  4.7020818E+03  0.0000000E+00  1.0291861E+07
  9.3774256E-04 -7.9720737E+01  4.0605593E-01 -1.2679328E-01  6.2110738E-01  4.7738113E+03  0.0000000E+00  1.0213316E+07
  9.5606773E-04 -7.9713740E+01  4.1398279E-01 -1.2772265E-01  6.4358372E-01  4.8470321E+03  0.0000000E+00  1.0136181E+07
  9.7465315E-04 -7.9706657E+01  4.2202178E-01 -1.2867854E-01  6.6673149E-01  4.9217747E+03  0.0000000E+00  1.0060416E+07
  9.9350253E-04 -7.9699486E+01  4.3017445E-01 -1.2966083E-01  6.9056781E-01  4.9980702E+03  0.0000000E+00  9.9859836E+06
  1.0126196E-03 -7.9692227E+01  4.3844240E-01 -1.3066941E-01  7.1511014E-01  5.0759504E+03  0.0000000E+00  9.9128476E+06
  1.0320082E-03 -7.9684877E+01  4.4682725E-01 -1.3170420E-01  7.4037638E-01  5.1554474E+03  0.0000000E+00  9.8409731E+06
  1.0516721E-03 -7.9677434E+01  4.5533064E-01 -1.3276510E-01  7.6638479E-01  5.2365944E+03  0.0000000E+00  9.7703262E+06
  1.0716154E-03 -7.9669898E+01  4.6395421E-01 -1.3385205E-01  7.9315401E-01  5.3194249E+03  0.0000000E+00  9.7008743E+06
  1.0918418E-03 -7.9662265E+01  4.7269966E-01 -1.3496500E-01  8.2070312E-01  5.4039732E+03  0.0000000E+00  9.6325859E+06
  1.1123555E-03 -7.9654535E+01  4.8156868E-01 -1.3610390E-01  8.4905158E-01  5.4902745E+03  0.0000000E+00  9.5654307E+06
  1.1331606E-03 -7.9646706E+01  4.9056301E-01 -1.3726871E-01  8.7821929E-01  5.5783642E+03  0.0000000E+00  9.4993792E+06
  1.1542611E-03 -7.9638775E+01  4.9968439E-01 -1.3845942E-01  9.0822656E-01  5.6682787E+03  0.0000000E+00  9.4344030E+06
  1.1756613E-03 -7.9630741E+01  5.0893460E-01 -1.3967601E-01  9.3909412E-01  5.7600552E+03  0.0000000E+00  9.3704745E+06
  1.1973655E-03 -7.9622603E+01  5.1831544E-01 -1.4091848E-01  9.7084315E-01  5.8537314E+03  0.0000000E+00  9.3075673E+06
  1.2193779E-03 -7.9614358E+01  5.2782872E-01 -1.4218682E-01  1.0034953E+00  5.9493458E+03  0.0000000E+00  9.2456554E+06
  1.2417029E-03 -7.9606005E+01  5.3747630E-01 -1.4348107E-01  1.0370725E+00  6.0469376E+03  0.0000000E+00  9.1847140E+06
  1.2643450E-03 -7.9597541E+01  5.4726005E-01 -1.4480124E-01  1.0715974E+00  6.1465468E+03  0.0000000E+00  9.1247189E+06
  1.2873086E-03 -7.9588965E+01  5.5718186E-01 -1.4614736E-01  1.1070930E+00  6.2482141E+03  0.0000000E+00  9.0656466E+06
  1.3105984E-03 -7.9580276E+01  5.6724365E-01 -1.4751947E-01  1.1435827E+00  6.3519809E+03  0.0000000E+00  9.0074744E+06
  1.3342189E-03 -7.9571470E+01  5.7744738E-01 -1.4891763E-01  1.1810903E+00  6.4578895E+03  0.0000000E+00  8.9501804E+06
  1.3581750E-03 -7.9562547E+01  5.8779502E-01 -1.5034189E-01  1.2196404E+00  6.5659829E+03  0.0000000E+00  8.8937431E+06
  1.3824712E-03 -7.9553504E+01  5.9828856E-01 -1.5179231E-01  1.2592578E+00  6.6763049E+03  0.0000000E+00  8.8381418E+06
  1.4071125E-03 -7.9544339E+01  6.0893004E-01 -1.5326896E-01  1.2999678E+00  6.7889001E+03  0.0000000E+00  8.7833563E+06
  1.4321038E-03 -7.9535050E+01  6.1972150E-01 -1.5477193E-01  1.3417964E+00  6.9038138E+03  0.0000000E+00  8.7293672E+06
  1.4574500E-03 -7.9525636E+01  6.3066503E-01 -1.5630129E-01  1.3847698E+00  7.0210922E+03  0.0000000E+00  8.6761554E+06
  1.4831562E-03 -7.9516094E+01  6.4176274E-01 -1.5785714E-01  1.4289151E+00  7.1407823E+03  0.0000000E+00  8.6237025E+06
  1.5092274E-03 -7.9506423E+01  6.5301676E-01 -1.5943957E-01  1.4742595E+00  7.2629321E+03  0.0000000E+00  8.5719905E+06
  1.5356689E-03 -7.9496619E+01  6.6442925E-01 -1.6104869E-01  1.5208311E+00  7.3875900E+03  0.0000000E+00  8.5210020E+06
  1.5624860E-03 -7.9486682E+01  6.7600241E-01 -1.6268460E-01  1.5686581E+00  7.5148056E+03  0.0000000E+00  8.4707200E+06
  1.5896839E-03 -7.9476609E+01  6.8773846E-01 -1.6434741E-01  1.6177697E+00  7.6446293E+03  0.0000000E+00  8.4211281E+06
  1.6172681E-03 -7.9466398E+01  6.9963965E-01 -1.6603725E-01  1.6681953E+00  7.7771121E+03  0.0000000E+00  8.3722101E+06
  1.6452441E-03 -7.9456046E+01  7.1170827E-01 -1.6775425E-01  1.7199649E+00  7.9123062E+03  0.0000000E+00  8.3239505E+06
  1.6736173E-03 -7.9445552E+01  7.2394661E-01 -1.6949852E-01  1.7731092E+00  8.0502645E+03  0.0000000E+00  8.2763340E+06
  1.7023936E-03 -7.9434913E+01  7.3635702E-01 -1.7127021E-01  1.8276592E+00  8.1910406E+03  0.0000000E+00  8.2293459E+06
  1.7315785E-03 -7.9424128E+01  7.4894187E-01 -1.7306945E-01  1.8836466E+00  8.3346893E+03  0.0000000E+00  8.1829715E+06
  1.7611779E-03 -7.9413193E+01  7.6170356E-01 -1.7489638E-01  1.9411038E+00  8.4812660E+03  0.0000000E+00  8.1371970E+06
  1.7911977E-03 -7.9402107E+01  7.7464453E-01 -1.7675116E-01  2.0000634E+00  8.6308272E+03  0.0000000E+00  8.0920085E+06
  1.8216438E-03 -7.9390867E+01  7.8776722E-01 -1.7863393E-01  2.0605588E+00  8.7834301E+03  0.0000000E+00  8.0473927E+06
  1.8525224E-03 -7.9379471E+01  8.0107415E-01 -1.8054485E-01  2.1226240E+00  8.9391329E+03  0.0000000E+00  8.0033366E+06
  1.8838394E-03 -7.9367916E+01  8.1456784E-01 -1.8248407E-01  2.1862935E+00  9.0979945E+03  0.0000000E+00  7.9598273E+06
  1.9156013E-03 -7.9356201E+01  8.2825083E-01 -1.8445177E-01  2.2516022E+00  9.2600750E+03  0.0000000E+00  7.9168526E+06
  1.9478142E-03 -7.9344322E+01  8.4212574E-01 -1.8644810E-01  2.3185858E+00  9.4254352E+03  0.0000000E+00  7.8744003E+06
  1.9804847E-03 -7.9332278E+01  8.5619518E-01 -1.8847323E-01  2.3872806E+00  9.5941367E+03  0.0000000E+00  7.8324585E+06
  2.0136191E-03 -7.9320066E+01  8.7046180E-01 -1.9052734E-01  2.4577233E+00  9.7662423E+03  0.0000000E+00  7.7910157E+06
  2.0472241E-03 -7.9307682E+01  8.8492831E-01 -1.9261061E-01  2.5299511E+00  9.9418153E+03  0.0000000E+00  7.7500606E+06
  2.0813064E-03 -7.9295126E+01  8.9959742E-01 -1.9472320E-01  2.6040022E+00  1.0120920E+04  0.0000000E+00  7.7095822E+06
  2.1158728E-03 -7.9282393E+01  9.1447190E-01 -1.9686530E-01  2.6799148E+00  1.0303622E+04  0.0000000E+00  7.6695697E+06
  2.1509300E-03 -7.9269483E+01  9.2955454E-01 -1.9903710E-01  2.7577282E+00  1.0489987E+04  0.0000000E+00  7.6300126E+06
  2.1864852E-03 -7.9256391E+01  9.4484817E-01 -2.0123878E-01  2.8374819E+00  1.0680083E+04  0.0000000E+00  7.5909007E+06
  2.2225453E-03 -7.9243115E+01  9.6035564E-01 -2.0347052E-01  2.9192161E+00  1.0873977E+04  0.0000000E+00  7.5522237E+06
  2.2591175E-03 -7.9229653E+01  9.7607987E-01 -2.0573252E-01  3.0029716E+00  1.1071737E+04  0.0000000E+00  7.5139720E+06
  2.2962091E-03 -7.9216001E+01  9.9202379E-01 -2.0802498E-01  3.0887897E+00  1.1273434E+04  0.0000000E+00  7.4761358E+06
  2.3338276E-03 -7.9202158E+01  1.0081904E+00 -2.1034807E-01  3.1767122E+00  1.1479139E+04  0.0000000E+00  7.4387058E+06
  2.3719803E-03 -7.9188119E+01  1.0245826E+00 -2.1270201E-01  3.2667817E+00  1.1688921E+04  0.0000000E+00  7.4016728E+06
  2.4106748E-03 -7.9173883E+01  1.0412036E+00 -2.1508698E-01  3.3590410E+00  1.1902854E+04  0.0000000E+00  7.3650276E+06
  2.4499189E-03 -7.9159447E+01  1.0580563E+00 -2.1750318E-01  3.4535338E+00  1.2121010E+04  0.0000000E+00  7.3287615E+06
  2.4897204E-03 -7.9144807E+01  1.0751440E+00 -2.1995082E-01  3.5503040E+00  1.2343463E+04  0.0000000E+00  7.2928659E+06
  2.5300871E-03 -7.9129960E+01  1.0924697E+00 -2.2243010E-01  3.6493962E+00  1.2570288E+04  0.0000000E+00  7.2573322E+06
  2.5710271E-03 -7.9114905E+01  1.1100367E+00 -2.2494122E-01  3.7508556E+00  1.2801560E+04  0.0000000E+00  7.2221522E+06
  2.6125486E-03 -7.9099636E+01  1.1278482E+00 -2.2748437E-01  3.8547276E+00  1.3037354E+04  0.0000000E+00  7.1873178E+06
  2.6546598E-03 -7.9084152E+01  1.1459074E+00 -2.3005978E-01  3.9610585E+00  1.3277748E+04  0.0000000E+00  7.1528209E+06
  2.6973690E-03 -7.9068450E+01  1.1642177E+00 -2.3266763E-01  4.0698947E+00  1.3522820E+04  0.0000000E+00  7.1186538E+06
  2.7406848E-03 -7.9052526E+01  1.1827825E+00 -2.3530813E-01  4.1812834E+00  1.3772647E+04  0.0000000E+00  7.0848087E+06
  2.7846158E-03 -7.9036376E+01  1.2016050E+00 -2.3798149E-01  4.2952719E+00  1.4027307E+04  0.0000000E+00  7.0512783E+06
  2.8291707E-03 -7.9019999E+01  1.2206889E+00 -2.4068792E-01  4.4119084E+00  1.4286882E+04  0.0000000E+00  7.0180552E+06
  2.8743583E-03 -7.9003390E+01  1.2400374E+00 -2.4342762E-01  4.5312411E+00  1.4551450E+04  0.0000000E+00  6.9851321E+06
  2.9201878E-03 -7.8986547E+01  1.2596541E+00 -2.4620078E-01  4.6533189E+00  1.4821092E+04  0.0000000E+00  6.9525019E+06
  2.9666681E-03 -7.8969465E+01  1.2795426E+00 -2.4900763E-01  4.7781908E+00  1.5095890E+04  0.0000000E+00  6.9201578E+06
  3.0138086E-03 -7.8952142E+01  1.2997064E+00 -2.5184836E-01  4.9059066E+00  1.5375925E+04  0.0000000E+00  6.8880929E+06
  3.0616185E-03 -7.8934574E+01  1.3201493E+00 -2.5472317E-01  5.0365159E+00  1.5661279E+04  0.0000000E+00  6.8563005E+06
  3.1101075E-03 -7.8916758E+01  1.3408747E+00 -2.5763227E-01  5.1700692E+00  1.5952036E+04  0.0000000E+00  6.8247740E+06
  3.1592851E-03 -7.8898689E+01  1.3618866E+00 -2.6057585E-01  5.3066168E+00  1.6248277E+04  0.0000000E+00  6.7935070E+06
  3.2091611E-03 -7.8880366E+01  1.3831885E+00 -2.6355413E-01  5.4462097E+00  1.6550086E+04  0.0000000E+00  6.7624933E+06
  3.2597455E-03 -7.8861783E+01  1.4047844E+00 -2.6656729E-01  5.5888988E+00  1.6857548E+04  0.0000000E+00  6.7317264E+06
  3.3110483E-03 -7.8842937E+01  1.4266780E+00 -2.6961553E-01  5.7347355E+00  1.7170745E+04  0.0000000E+00  6.7012005E+06
  3.3630798E-03 -7.8823826E+01  1.4488733E+00 -2.7269906E-01  5.8837711E+00  1.7489762E+04  0.0000000E+00  6.6709095E+06
  3.4158501E-03 -7.8804444E+01  1.4713741E+00 -2.7581805E-01  6.0360575E+00  1.7814683E+04  0.0000000E+00  6.6408474E+06
  3.4693700E-03 -7.8784788E+01  1.4941844E+00 -2.7897271E-01  6.1916462E+00  1.8145593E+04  0.0000000E+00  6.6110085E+06
  3.5236499E-03 -7.8764855E+01  1.5173082E+00 -2.8216323E-01  6.3505893E+00  1.8482576E+04  0.0000000E+00  6.5813872E+06
  3.5787008E-03 -7.8744640E+01  1.5407496E+00 -2.8538978E-01  6.5129386E+00  1.8825715E+04  0.0000000E+00  6.5519778E+06
  3.6345335E-03 -7.8724140E+01  1.5645126E+00 -2.8865255E-01  6.6787459E+00  1.9175096E+04  0.0000000E+00  6.5227749E+06
  3.6911591E-03 -7.8703350E+01  1.5886014E+00 -2.9195173E-01  6.8480634E+00  1.9530803E+04  0.0000000E+00  6.4937731E+06
  3.7485889E-03 -7.8682267E+01  1.6130202E+00 -2.9528749E-01  7.0209427E+00  1.9892919E+04  0.0000000E+00  6.4649670E+06
  3.8068344E-03 -7.8660887E+01  1.6377732E+00 -2.9866000E-01  7.1974356E+00  2.0261528E+04  0.0000000E+00  6.4363515E+06
  3.8659071E-03 -7.8639205E+01  1.6628646E+00 -3.0206943E-01  7.3775938E+00  2.0636713E+04  0.0000000E+00  6.4079214E+06
  3.9258188E-03 -7.8617217E+01  1.6882987E+00 -3.0551596E-01  7.5614686E+00  2.1018556E+04  0.0000000E+00  6.3796716E+06
  3.9865813E-03 -7.8594920E+01  1.7140800E+00 -3.0899974E-01  7.7491110E+00  2.1407140E+04  0.0000000E+00  6.3515974E+06
  4.0482068E-03 -7.8572308E+01  1.7402127E+00 -3.1252094E-01  7.9405720E+00  2.1802546E+04  0.0000000E+00  6.3236936E+06
  4.1107075E-03 -7.8549378E+01  1.7667014E+00 -3.1607970E-01  8.1359019E+00  2.2204855E+04  0.0000000E+00  6.2959557E+06
  4.1740959E-03 -7.8526126E+01  1.7935504E+00 -3.1967618E-01  8.3351508E+00  2.2614147E+04  0.0000000E+00  6.2683787E+06
  4.2383845E-03 -7.8502546E+01  1.8207644E+00 -3.2331051E-01  8.5383682E+00  2.3030500E+04  0.0000000E+00  6.2409582E+06
  4.3035862E-03 -7.8478635E+01  1.8483479E+00 -3.2698284E-01  8.7456031E+00  2.3453993E+04  0.0000000E+00  6.2136896E+06
  4.3697139E-03 -7.8454388E+01  1.8763055E+00 -3.3069331E-01  8.9569040E+00  2.3884702E+04  0.0000000E+00  6.1865682E+06
  4.4367807E-03 -7.8429800E+01  1.9046419E+00 -3.3444203E-01  9.1723184E+00  2.4322702E+04  0.0000000E+00  6.1595899E+06
  4.5048001E-03 -7.8404867E+01  1.9333616E+00 -3.3822913E-01  9.3918935E+00  2.4768068E+04  0.0000000E+00  6.1327501E+06
  4.5737854E-03 -7.8379585E+01  1.9624696E+00 -3.4205472E-01  9.6156753E+00  2.5220872E+04  0.0000000E+00  6.1060446E+06
  4.6437506E-03 -7.8353948E+01  1.9919705E+00 -3.4591891E-01  9.8437090E+00  2.5681185E+04  0.0000000E+00  6.0794692E+06
  4.7147093E-03 -7.8327953E+01  2.0218692E+00 -3.4982181E-01  1.0076039E+01  2.6149076E+04  0.0000000E+00  6.0530197E+06
  4.7866759E-03 -7.8301593E+01  2.0521706E+00 -3.5376350E-01  1.0312709E+01  2.6624612E+04  0.0000000E+00  6.0266921E+06
  4.8596645E-03 -7.8274865E+01  2.0828795E+00 -3.5774407E-01  1.0553760E+01  2.7107859E+04  0.0000000E+00  6.0004824E+06
  4.9336898E-03 -7.8247763E+01  2.1140009E+00 -3.6176361E-01  1.0799233E+01  2.7598879E+04  0.0000000E+00  5.9743865E+06
  5.0087663E-03 -7.8220282E+01  2.1455398E+00 -3.6582217E-01  1.1049169E+01  2.8097733E+04  0.0000000E+00  5.9484007E+06
  5.0849092E-03 -7.8192419E+01  2.1775012E+00 -3.6991983E-01  1.1303604E+01  2.8604479E+04  0.0000000E+00  5.9225210E+06
  5.1621334E-03 -7.8164166E+01  2.2098902E+00 -3.7405663E-01  1.1562577E+01  2.9119173E+04  0.0000000E+00  5.8967438E+06
  5.2404543E-03 -7.8135521E+01  2.2427119E+00 -3.7823262E-01  1.1826122E+01  2.9641868E+04  0.0000000E+00  5.8710652E+06
  5.3198877E-03 -7.8106476E+01  2.2759715E+00 -3.8244782E-01  1.2094272E+01  3.0172612E+04  0.0000000E+00  5.8454816E+06
  5.4004491E-03 -7.8077028E+01  2.3096741E+00 -3.8670228E-01  1.2367058E+01  3.0711454E+04  0.0000000E+00  5.8199895E+06
  5.4821547E-03 -7.8047171E+01  2.3438250E+00 -3.9099599E-01  1.2644512E+01  3.1258435E+04  0.0000000E+00  5.7945853E+06
  5.5650207E-03 -7.8016899E+01  2.3784295E+00 -3.9532897E-01  1.2926660E+01  3.1813596E+04  0.0000000E+00  5.7692655E+06
  5.6490636E-03 -7.7986208E+01  2.4134929E+00 -3.9970119E-01  1.3213528E+01  3.2376972E+04  0.0000000E+00  5.7440266E+06
  5.7343000E-03 -7.7955092E+01  2.4490205E+00 -4.0411266E-01  1.3505139E+01  3.2948596E+04  0.0000000E+00  5.7188653E+06
  5.8207471E-03 -7.7923546E+01  2.4850177E+00 -4.0856332E-01  1.3801514E+01  3.3528496E+04  0.0000000E+00  5.6937782E+06
  5.9084218E-03 -7.7891563E+01  2.5214899E+00 -4.1305315E-01  1.4102672E+01  3.4116696E+04  0.0000000E+00  5.6687621E+06
  5.9973418E-03 -7.7859139E+01  2.5584427E+00 -4.1758208E-01  1.4408629E+01  3.4713214E+04  0.0000000E+00  5.6438138E+06
  6.0875246E-03 -7.7826269E+01  2.5958815E+00 -4.2215005E-01  1.4719399E+01  3.5318066E+04  0.0000000E+00  5.6189299E+06
  6.1789882E-03 -7.7792945E+01  2.6338118E+00 -4.2675697E-01  1.5034991E+01  3.5931261E+04  0.0000000E+00  5.5941075E+06
  6.2717508E-03 -7.7759164E+01  2.6722392E+00 -4.3140275E-01  1.5355412E+01  3.6552804E+04  0.0000000E+00  5.5693435E+06
  6.3658308E-03 -7.7724918E+01  2.7111693E+00 -4.3608728E-01  1.5680669E+01  3.7182693E+04  0.0000000E+00  5.5446347E+06
  6.4612470E-03 -7.7690203E+01  2.7506078E+00 -4.4081043E-01  1.6010761E+01  3.7820922E+04  0.0000000E+00  5.5199782E+06
  6.5580183E-03 -7.7655012E+01  2.7905604E+00 -4.4557207E-01  1.6345686E+01  3.8467479E+04  0.0000000E+00  5.4953710E+06
  6.6561639E-03 -7.7619339E+01  2.8310326E+00 -4.5037204E-01  1.6685439E+01  3.9122346E+04  0.0000000E+00  5.4708104E+06
  6.7557035E-03 -7.7583180E+01  2.8720303E+00 -4.5521016E-01  1.7030010E+01  3.9785497E+04  0.0000000E+00  5.4462933E+06
  6.8566567E-03 -7.7546527E+01  2.9135593E+00 -4.6008625E-01  1.7379386E+01  4.0456903E+04  0.0000000E+00  5.4218170E+06
  6.9590437E-03 -7.7509375E+01  2.9556253E+00 -4.6500012E-01  1.7733550E+01  4.1136524E+04  0.0000000E+00  5.3973787E+06
  7.0628849E-03 -7.7471717E+01  2.9982342E+00 -4.6995152E-01  1.8092482E+01  4.1824315E+04  0.0000000E+00  5.3729757E+06
  7.1682008E-03 -7.7433549E+01  3.0413917E+00 -4.7494023E-01  1.8456155E+01  4.2520225E+04  0.0000000E+00  5.3486053E+06
  7.2750124E-03 -7.7394862E+01  3.0851039E+00 -4.7996599E-01  1.8824541E+01  4.3224194E+04  0.0000000E+00  5.3242648E+06
  7.3833410E-03 -7.7355652E+01  3.1293766E+00 -4.8502853E-01  1.9197604E+01  4.3936153E+04  0.0000000E+00  5.2999518E+06
  7.4932081E-03 -7.7315912E+01  3.1742157E+00 -4.9012753E-01  1.9575306E+01  4.4656027E+04  0.0000000E+00  5.2756634E+06
  7.6046355E-03 -7.7275636E+01  3.2196272E+00 -4.9526270E-01  1.9957603E+01  4.5383732E+04  0.0000000E+00  5.2513974E+06
  7.7176455E-03 -7.7234817E+01  3.2656171E+00 -5.0043370E-01  2.0344448E+01  4.6119175E+04  0.0000000E+00  5.2271511E+06
  7.8322605E-03 -7.7193449E+01  3.3121913E+00 -5.0564016E-01  2.0735785E+01  4.6862255E+04  0.0000000E+00  5.2029222E+06
  7.9485033E-03 -7.7151526E+01  3.3593560E+00 -5.1088172E-01  2.1131557E+01  4.7612860E+04  0.0000000E+00  5.1787081E+06
  8.0663969E-03 -7.7109041E+01  3.4071172E+00 -5.1615797E-01  2.1531698E+01  4.8370871E+04  0.0000000E+00  5.1545066E+06
  8.1859649E-03 -7.7065988E+01  3.4554808E+00 -5.2146849E-01  2.1936140E+01  4.9136158E+04  0.0000000E+00  5.1303153E+06
  8.3072311E-03 -7.7022360E+01  3.5044531E+00 -5.2681283E-01  2.2344806E+01  4.9908580E+04  0.0000000E+00  5.1061319E+06
  8.4302195E-03 -7.6978150E+01  3.5540401E+00 -5.3219054E-01  2.2757614E+01  5.0687989E+04  0.0000000E+00  5.0819541E+06
  8.5549546E-03 -7.6933353E+01  3.6042479E+00 -5.3760111E-01  2.3174478E+01  5.1474223E+04  0.0000000E+00  5.0577797E+06
  8.6814613E-03 -7.6887961E+01  3.6550827E+00 -5.4304404E-01  2.3595305E+01  5.2267111E+04  0.0000000E+00  5.0336065E+06
  8.8097646E-03 -7.6841968E+01  3.7065506E+00 -5.4851879E-01  2.4019993E+01  5.3066471E+04  0.0000000E+00  5.0094323E+06
  8.9398901E-03 -7.6795367E+01  3.7586578E+00 -5.5402477E-01  2.4448437E+01  5.3872110E+04  0.0000000E+00  4.9852550E+06
  9.0718637E-03 -7.6748151E+01  3.8114104E+00 -5.5956142E-01  2.4880525E+01  5.4683822E+04  0.0000000E+00  4.9610725E+06
  9.2057116E-03 -7.6700313E+01  3.8648147E+00 -5.6512810E-01  2.5316136E+01  5.5501391E+04  0.0000000E+00  4.9368827E+06
  9.3414604E-03 -7.6651847E+01  3.9188767E+00 -5.7072418E-01  2.5755146E+01  5.6324588E+04  0.0000000E+00  4.9126835E+06
  9.4791372E-03 -7.6602746E+01  3.9736028E+00 -5.7634897E-01  2.6197420E+01  5.7153171E+04  0.0000000E+00  4.8884729E+06
  9.6187693E-03 -7.6553003E+01  4.0289991E+00 -5.8200179E-01  2.6642819E+01  5.7986888E+04  0.0000000E+00  4.8642490E+06
  9.7603845E-03 -7.6502610E+01  4.0850718E+00 -5.8768190E-01  2.7091195E+01  5.8825472E+04  0.0000000E+00  4.8400098E+06
  9.9040109E-03 -7.6451561E+01  4.1418272E+00 -5.9338854E-01  2.7542395E+01  5.9668644E+04  0.0000000E+00  4.8157532E+06
  1.0049677E-02 -7.6399850E+01  4.1992714E+00 -5.9912093E-01  2.7996256E+01  6.0516112E+04  0.0000000E+00  4.7914776E+06
  1.0197412E-02 -7.6347468E+01  4.2574107E+00 -6.0487825E-01  2.8452609E+01  6.1367569E+04  0.0000000E+00  4.7671808E+06
  1.0347245E-02 -7.6294408E+01  4.3162513E+00 -6.1065966E-01  2.8911279E+01  6.2222696E+04  0.0000000E+00  4.7428612E+06
  1.0499207E-02 -7.6240665E+01  4.3757995E+00 -6.1646426E-01  2.9372080E+01  6.3081162E+04  0.0000000E+00  4.7185167E+06
  1.0653326E-02 -7.6186230E+01  4.4360614E+00 -6.2229116E-01  2.9834821E+01  6.3942618E+04  0.0000000E+00  4.6941457E+06
  1.0809634E-02 -7.6131096E+01  4.4970433E+00 -6.2813941E-01  3.0299304E+01  6.4806703E+04  0.0000000E+00  4.6697462E+06
  1.0968162E-02 -7.6075257E+01  4.5587513E+00 -6.3400804E-01  3.0765320E+01  6.5673044E+04  0.0000000E+00  4.6453166E+06
  1.1128942E-02 -7.6018704E+01  4.6211918E+00 -6.3989604E-01  3.1232655E+01  6.6541251E+04  0.0000000E+00  4.6208551E+06
  1.1292005E-02 -7.5961432E+01  4.6843708E+00 -6.4580237E-01  3.1701087E+01  6.7410919E+04  0.0000000E+00  4.5963598E+06
  1.1457384E-02 -7.5903431E+01  4.7482947E+00 -6.5172596E-01  3.2170385E+01  6.8281630E+04  0.0000000E+00  4.5718291E+06
  1.1625111E-02 -7.5844696E+01  4.8129695E+00 -6.5766570E-01  3.2640312E+01  6.9152952E+04  0.0000000E+00  4.5472612E+06
  1.1795221E-02 -7.5785219E+01  4.8784015E+00 -6.6362044E-01  3.3110622E+01  7.0024438E+04  0.0000000E+00  4.5226545E+06
  1.1967747E-02 -7.5724992E+01  4.9445969E+00 -6.6958902E-01  3.3581063E+01  7.0895625E+04  0.0000000E+00  4.4980072E+06
  1.2142723E-02 -7.5664009E+01  5.0115617E+00 -6.7557021E-01  3.4051372E+01  7.1766036E+04  0.0000000E+00  4.4733176E+06
  1.2320184E-02 -7.5602261E+01  5.0793022E+00 -6.8156278E-01  3.4521283E+01  7.2635180E+04  0.0000000E+00  4.4485840E+06
  1.2500165E-02 -7.5539741E+01  5.1478246E+00 -6.8756543E-01  3.4990519E+01  7.3502552E+04  0.0000000E+00  4.4238048E+06
  1.2682703E-02 -7.5476442E+01  5.2171348E+00 -6.9357685E-01  3.5458798E+01  7.4367630E+04  0.0000000E+00  4.3989783E+06
  1.2867833E-02 -7.5412357E+01  5.2872392E+00 -6.9959569E-01  3.5925830E+01  7.5229880E+04  0.0000000E+00  4.3741028E+06
  1.3055592E-02 -7.5347477E+01  5.3581437E+00 -7.0562055E-01  3.6391317E+01  7.6088752E+04  0.0000000E+00  4.3491766E+06
  1.3246017E-02 -7.5281796E+01  5.4298545E+00 -7.1165001E-01  3.6854957E+01  7.6943682E+04  0.0000000E+00  4.3241980E+06
  1.3439148E-02 -7.5215305E+01  5.5023776E+00 -7.1768260E-01  3.7316437E+01  7.7794094E+04  0.0000000E+00  4.2991654E+06
  1.3635021E-02 -7.5147998E+01  5.5757191E+00 -7.2371683E-01  3.7775442E+01  7.8639396E+04  0.0000000E+00  4.2740770E+06
  1.3833676E-02 -7.5079866E+01  5.6498852E+00 -7.2975115E-01  3.8231648E+01  7.9478982E+04  0.0000000E+00  4.2489311E+06
  1.4035152E-02 -7.5010902E+01  5.7248817E+00 -7.3578399E-01  3.8684727E+01  8.0312236E+04  0.0000000E+00  4.2237260E+06
  1.4239490E-02 -7.4941099E+01  5.8007149E+00 -7.4181374E-01  3.9134343E+01  8.1138525E+04  0.0000000E+00  4.1984600E+06
  1.4446730E-02 -7.4870448E+01  5.8773906E+00 -7.4783876E-01  3.9580157E+01  8.1957205E+04  0.0000000E+00  4.1731313E+06
  1.4656913E-02 -7.4798942E+01  5.9549149E+00 -7.5385737E-01  4.0021825E+01  8.2767621E+04  0.0000000E+00  4.1477381E+06
  1.4870081E-02 -7.4726574E+01  6.0332939E+00 -7.5986783E-01  4.0458997E+01  8.3569104E+04  0.0000000E+00  4.1222785E+06
  1.5086276E-02 -7.4653335E+01  6.1125334E+00 -7.6586841E-01  4.0891318E+01  8.4360976E+04  0.0000000E+00  4.0967509E+06
  1.5305542E-02 -7.4579218E+01  6.1926395E+00 -7.7185731E-01  4.1318433E+01  8.5142545E+04  0.0000000E+00  4.0711532E+06
  1.5527922E-02 -7.4504214E+01  6.2736182E+00 -7.7783271E-01  4.1739980E+01  8.5913111E+04  0.0000000E+00  4.0454836E+06
  1.5753461E-02 -7.4428317E+01  6.3554754E+00 -7.8379275E-01  4.2155595E+01  8.6671964E+04  0.0000000E+00  4.0197401E+06
  1.5982202E-02 -7.4351518E+01  6.4382171E+00 -7.8973554E-01  4.2564913E+01  8.7418383E+04  0.0000000E+00  3.9939207E+06
  1.6214193E-02 -7.4273810E+01  6.5218493E+00 -7.9565916E-01  4.2967566E+01  8.8151642E+04  0.0000000E+00  3.9680234E+06
  1.6449478E-02 -7.4195184E+01  6.6063779E+00 -8.0156165E-01  4.3363185E+01  8.8871003E+04  0.0000000E+00  3.9420461E+06
  1.6688104E-02 -7.4115632E+01  6.6918089E+00 -8.0744102E-01  4.3751400E+01  8.9575723E+04  0.0000000E+00  3.9159865E+06
  1.6930120E-02 -7.4035147E+01  6.7781483E+00 -8.1329526E-01  4.4131843E+01  9.0265054E+04  0.0000000E+00  3.8898426E+06
  1.7175572E-02 -7.3953720E+01  6.8654019E+00 -8.1912233E-01  4.4504144E+01  9.0938240E+04  0.0000000E+00  3.8636119E+06
  1.7424511E-02 -7.3871344E+01  6.9535759E+00 -8.2492016E-01  4.4867935E+01  9.1594523E+04  0.0000000E+00  3.8372921E+06
  1.7676985E-02 -7.3788010E+01  7.0426762E+00 -8.3068663E-01  4.5222851E+01  9.2233138E+04  0.0000000E+00  3.8108809E+06
  1.7933045E-02 -7.3703711E+01  7.1327088E+00 -8.3641965E-01  4.5568530E+01  9.2853321E+04  0.0000000E+00  3.7843755E+06
  1.8192742E-02 -7.3618437E+01  7.2236798E+00 -8.4211706E-01  4.5904611E+01  9.3454304E+04  0.0000000E+00  3.7577735E+06
  1.8456127E-02 -7.3532182E+01  7.3155951E+00 -8.4777669E-01  4.6230740E+01  9.4035319E+04  0.0000000E+00  3.7310720E+06
  1.8723252E-02 -7.3444936E+01  7.4084608E+00 -8.5339637E-01  4.6546568E+01  9.4595599E+04  0.0000000E+00  3.7042684E+06
  1.8994171E-02 -7.3356691E+01  7.5022831E+00 -8.5897389E-01  4.6851751E+01  9.5134378E+04  0.0000000E+00  3.6773595E+06
  1.9268938E-02 -7.3267439E+01  7.5970681E+00 -8.6450705E-01  4.7145953E+01  9.5650892E+04  0.0000000E+00  3.6503424E+06
  1.9547607E-02 -7.3177172E+01  7.6928219E+00 -8.6999362E-01  4.7428843E+01  9.6144384E+04  0.0000000E+00  3.6232140E+06
  1.9830234E-02 -7.3085881E+01  7.7895507E+00 -8.7543136E-01  4.7700103E+01  9.6614100E+04  0.0000000E+00  3.5959707E+06
  2.0116875E-02 -7.2993557E+01  7.8872608E+00 -8.8081805E-01  4.7959422E+01  9.7059293E+04  0.0000000E+00  3.5686094E+06
  2.0407587E-02 -7.2900193E+01  7.9859585E+00 -8.8615144E-01  4.8206500E+01  9.7479223E+04  0.0000000E+00  3.5411262E+06
  2.0702428E-02 -7.2805779E+01  8.0856501E+00 -8.9142930E-01  4.8441050E+01  9.7873162E+04  0.0000000E+00  3.5135175E+06
  2.1001456E-02 -7.2710307E+01  8.1863420E+00 -8.9664940E-01  4.8662796E+01  9.8240391E+04  0.0000000E+00  3.4857794E+06
  2.1304730E-02 -7.2613769E+01  8.2880408E+00 -9.0180951E-01  4.8871477E+01  9.8580204E+04  0.0000000E+00  3.4579078E+06
  2.1612312E-02 -7.2516155E+01  8.3907529E+00 -9.0690742E-01  4.9066847E+01  9.8891907E+04  0.0000000E+00  3.4298984E+06
  2.1924263E-02 -7.2417456E+01  8.4944850E+00 -9.1194096E-01  4.9248673E+01  9.9174824E+04  0.0000000E+00  3.4017467E+06
  2.2240644E-02 -7.2317664E+01  8.5992439E+00 -9.1690795E-01  4.9416743E+01  9.9428294E+04  0.0000000E+00  3.3734482E+06
  2.2561518E-02 -7.2216770E+01  8.7050362E+00 -9.2180626E-01  4.9570861E+01  9.9651675E+04  0.0000000E+00  3.3449979E+06
  2.2886949E-02 -7.2114765E+01  8.8118689E+00 -9.2663379E-01  4.9710849E+01  9.9844344E+04  0.0000000E+00  3.3163908E+06
  2.3217002E-02 -7.2011639E+01  8.9197490E+00 -9.3138847E-01  4.9836552E+01  1.0000570E+05  0.0000000E+00  3.2876216E+06
  2.3551742E-02 -7.1907385E+01  9.0286836E+00 -9.3606828E-01  4.9947833E+01  1.0013517E+05  0.0000000E+00  3.2586849E+06
  2.3891237E-02 -7.1801991E+01  9.1386799E+00 -9.4067128E-01  5.0044579E+01  1.0023220E+05  0.0000000E+00  3.2295749E+06
  2.4235553E-02 -7.1695450E+01  9.2497453E+00 -9.4519555E-01  5.0126701E+01  1.0029625E+05  0.0000000E+00  3.2002856E+06
  2.4584759E-02 -7.1587752E+01  9.3618871E+00 -9.4963926E-01  5.0194133E+01  1.0032684E+05  0.0000000E+00  3.1708108E+06
  2.4938925E-02 -7.1478888E+01  9.4751130E+00 -9.5400065E-01  5.0246834E+01  1.0032350E+05  0.0000000E+00  3.1411440E+06
  2.5298121E-02 -7.1368847E+01  9.5894308E+00 -9.5827804E-01  5.0284793E+01  1.0028578E+05  0.0000000E+00  3.1112786E+06
  2.5662418E-02 -7.1257622E+01  9.7048482E+00 -9.6246984E-01  5.0308021E+01  1.0021328E+05  0.0000000E+00  3.0812075E+06
  2.6031889E-02 -7.1145201E+01  9.8213734E+00 -9.6657456E-01  5.0316561E+01  1.0010564E+05  0.0000000E+00  3.0509236E+06
  2.6406607E-02 -7.1031576E+01  9.9390146E+00 -9.7059083E-01  5.0310486E+01  9.9962518E+04  0.0000000E+00  3.0204192E+06
  2.6786647E-02 -7.0916737E+01  1.0057780E+01 -9.7451738E-01  5.0289895E+01  9.9783618E+04  0.0000000E+00  2.9896867E+06
  2.7172085E-02 -7.0800675E+01  1.0177678E+01 -9.7835306E-01  5.0254923E+01  9.9568684E+04  0.0000000E+00  2.9587181E+06
  2.7562996E-02 -7.0683379E+01  1.0298718E+01 -9.8209689E-01  5.0205733E+01  9.9317499E+04  0.0000000E+00  2.9275052E+06
  2.7959460E-02 -7.0564840E+01  1.0420908E+01 -9.8574801E-01  5.0142522E+01  9.9029889E+04  0.0000000E+00  2.8960394E+06
  2.8361554E-02 -7.0445047E+01  1.0544258E+01 -9.8930571E-01  5.0065520E+01  9.8705723E+04  0.0000000E+00  2.8643120E+06
  2.8769359E-02 -7.0323992E+01  1.0668777E+01 -9.9276946E-01  4.9974992E+01  9.8344915E+04  0.0000000E+00  2.8323142E+06
  2.9182955E-02 -7.0201665E+01  1.0794474E+01 -9.9613892E-01  4.9871236E+01  9.7947425E+04  0.0000000E+00  2.8000368E+06
  2.9602426E-02 -7.0078055E+01  1.0921359E+01 -9.9941390E-01  4.9754584E+01  9.7513260E+04  0.0000000E+00  2.7674706E+06
  3.0027853E-02 -6.9953152E+01  1.1049442E+01 -1.0025944E+00  4.9625405E+01  9.7042475E+04  0.0000000E+00  2.7346060E+06
  3.0459323E-02 -6.9826947E+01  1.1178733E+01 -1.0056808E+00  4.9484103E+01  9.6535175E+04  0.0000000E+00  2.7014337E+06
  3.0896921E-02 -6.9699430E+01  1.1309243E+01 -1.0086734E+00  4.9331117E+01  9.5991516E+04  0.0000000E+00  2.6679440E+06
  3.1340734E-02 -6.9570591E+01  1.1440982E+01 -1.0115729E+00  4.9166922E+01  9.5411704E+04  0.0000000E+00  2.6341273E+06
  3.1790849E-02 -6.9440420E+01  1.1573960E+01 -1.0143803E+00  4.8992030E+01  9.4795997E+04  0.0000000E+00  2.5999741E+06
  3.2247358E-02 -6.9308908E+01  1.1708189E+01 -1.0170967E+00  4.8806988E+01  9.4144707E+04  0.0000000E+00  2.5654747E+06
  3.2710350E-02 -6.9176043E+01  1.1843680E+01 -1.0197235E+00  4.8612377E+01  9.3458199E+04  0.0000000E+00  2.5306200E+06
  3.3179917E-02 -6.9041818E+01  1.1980445E+01 -1.0222626E+00  4.8408815E+01  9.2736892E+04  0.0000000E+00  2.4954009E+06
  3.3656153E-02 -6.8906221E+01  1.2118495E+01 -1.0247158E+00  4.8196954E+01  9.1981256E+04  0.0000000E+00  2.4598084E+06
  3.4139153E-02 -6.8769244E+01  1.2257842E+01 -1.0270855E+00  4.7977480E+01  9.1191821E+04  0.0000000E+00  2.4238344E+06
  3.4629013E-02 -6.8630876E+01  1.2398498E+01 -1.0293741E+00  4.7751114E+01  9.0369166E+04  0.0000000E+00  2.3874709E+06
  3.5125829E-02 -6.8491108E+01  1.2540477E+01 -1.0315847E+00  4.7518607E+01  8.9513927E+04  0.0000000E+00  2.3507108E+06
  3.5629702E-02 -6.8349931E+01  1.2683789E+01 -1.0337205E+00  4.7280744E+01  8.8626795E+04  0.0000000E+00  2.3135477E+06
  3.6140731E-02 -6.8207336E+01  1.2828449E+01 -1.0357851E+00  4.7038338E+01  8.7708513E+04  0.0000000E+00  2.2759760E+06
  3.6659017E-02 -6.8063314E+01  1.2974469E+01 -1.0377823E+00  4.6792233E+01  8.6759877E+04  0.0000000E+00  2.2379913E+06
  3.7184664E-02 -6.7917855E+01  1.3121862E+01 -1.0397165E+00  4.6543301E+01  8.5781738E+04  0.0000000E+00  2.1995903E+06
  3.7717777E-02 -6.7770951E+01  1.3270642E+01 -1.0415925E+00  4.6292438E+01  8.4774997E+04  0.0000000E+00  2.1607712E+06
  3.8258461E-02 -6.7622593E+01  1.3420822E+01 -1.0434155E+00  4.6040567E+01  8.3740606E+04  0.0000000E+00  2.1215335E+06
  3.8806824E-02 -6.7472774E+01  1.3572417E+01 -1.0451909E+00  4.5788631E+01  8.2679570E+04  0.0000000E+00  2.0818788E+06
  3.9362975E-02 -6.7321485E+01  1.3725440E+01 -1.0469251E+00  4.5537597E+01  8.1592937E+04  0.0000000E+00  2.0418105E+06
  3.9927025E-02 -6.7168719E+01  1.3879906E+01 -1.0486247E+00  4.5288447E+01  8.0481809E+04  0.0000000E+00  2.0013339E+06
  4.0499085E-02 -6.7014469E+01  1.4035828E+01 -1.0502968E+00  4.5042180E+01  7.9347327E+04  0.0000000E+00  1.9604570E+06
  4.1079270E-02 -6.6858729E+01  1.4193221E+01 -1.0519496E+00  4.4799810E+01  7.8190681E+04  0.0000000E+00  1.9191900E+06
  4.1667695E-02 -6.6701493E+01  1.4352099E+01 -1.0535915E+00  4.4562360E+01  7.7013102E+04  0.0000000E+00  1.8775462E+06
  4.2264476E-02 -6.6542755E+01  1.4512477E+01 -1.0552320E+00  4.4330863E+01  7.5815859E+04  0.0000000E+00  1.8355414E+06
  4.2869734E-02 -6.6382511E+01  1.4674370E+01 -1.0568813E+00  4.4106354E+01  7.4600260E+04  0.0000000E+00  1.7931948E+06
  4.3483587E-02 -6.6220758E+01  1.4837793E+01 -1.0585508E+00  4.3889873E+01  7.3367650E+04  0.0000000E+00  1.7505288E+06
  4.4106158E-02 -6.6057493E+01  1.5002759E+01 -1.0602525E+00  4.3682459E+01  7.2119406E+04  0.0000000E+00  1.7075690E+06
  4.4737572E-02 -6.5892716E+01  1.5169284E+01 -1.0619998E+00  4.3485144E+01  7.0856935E+04  0.0000000E+00  1.6643446E+06
  4.5377953E-02 -6.5726425E+01  1.5337383E+01 -1.0638072E+00  4.3298955E+01  6.9581671E+04  0.0000000E+00  1.6208887E+06
  4.6027428E-02 -6.5558621E+01  1.5507069E+01 -1.0656905E+00  4.3124907E+01  6.8295075E+04  0.0000000E+00  1.5772375E+06
  4.6686128E-02 -6.5389309E+01  1.5678358E+01 -1.0676669E+00  4.2963997E+01  6.6998628E+04  0.0000000E+00  1.5334313E+06
  4.7354183E-02 -6.5218490E+01  1.5851264E+01 -1.0697548E+00  4.2817208E+01  6.5693829E+04  0.0000000E+00  1.4895138E+06
  4.8031725E-02 -6.5046172E+01  1.6025802E+01 -1.0719740E+00  4.2685496E+01  6.4382195E+04  0.0000000E+00  1.4455321E+06
  4.8718891E-02 -6.4872361E+01  1.6201985E+01 -1.0743458E+00  4.2569794E+01  6.3065253E+04  0.0000000E+00  1.4015369E+06
  4.9415815E-02 -6.4697066E+01  1.6379827E+01 -1.0768929E+00  4.2471001E+01  6.1744539E+04  0.0000000E+00  1.3575819E+06
  5.0122637E-02 -6.4520297E+01  1.6559342E+01 -1.0796389E+00  4.2389984E+01  6.0421592E+04  0.0000000E+00  1.3137238E+06
  5.0839498E-02 -6.4342065E+01  1.6740544E+01 -1.0826089E+00  4.2327571E+01  5.9097957E+04  0.0000000E+00  1.2700219E+06
  5.1566540E-02 -6.4162384E+01  1.6923445E+01 -1.0858286E+00  4.2284546E+01  5.7775172E+04  0.0000000E+00  1.2265376E+06
  5.2303908E-02 -6.3981267E+01  1.7108058E+01 -1.0893245E+00  4.2261648E+01  5.6454771E+04  0.0000000E+00  1.1833340E+06
  5.3051747E-02 -6.3798728E+01  1.7294395E+01 -1.0931234E+00  4.2259565E+01  5.5138279E+04  0.0000000E+00  1.1404758E+06
  5.3810208E-02 -6.3614783E+01  1.7482469E+01 -1.0972521E+00  4.2278928E+01  5.3827206E+04  0.0000000E+00  1.0980282E+06
  5.4579441E-02 -6.3429446E+01  1.7672291E+01 -1.1017371E+00  4.2320313E+01  5.2523046E+04  0.0000000E+00  1.0560567E+06
  5.5359598E-02 -6.3242732E+01  1.7863871E+01 -1.1066039E+00  4.2384230E+01  5.1227269E+04  0.0000000E+00  1.0146264E+06
  5.6150836E-02 -6.3054656E+01  1.8057221E+01 -1.1118769E+00  4.2471124E+01  4.9941324E+04  0.0000000E+00  9.7380141E+05
  5.6953310E-02 -6.2865230E+01  1.8252349E+01 -1.1175788E+00  4.2581370E+01  4.8666629E+04  0.0000000E+00  9.3364431E+05
  5.7767182E-02 -6.2674466E+01  1.8449264E+01 -1.1237299E+00  4.2715269E+01  4.7404570E+04  0.0000000E+00  8.9421544E+05
  5.8592613E-02 -6.2482372E+01  1.8647976E+01 -1.1303480E+00  4.2873045E+01  4.6156498E+04  0.0000000E+00  8.5557239E+05
  5.9429766E-02 -6.2288956E+01  1.8848491E+01 -1.1374478E+00  4.3054842E+01  4.4923723E+04  0.0000000E+00  8.1776942E+05
  6.0278809E-02 -6.2094223E+01  1.9050817E+01 -1.1450406E+00  4.3260718E+01  4.3707513E+04  0.0000000E+00  7.8085699E+05
  6.1139910E-02 -6.1898174E+01  1.9254960E+01 -1.1531338E+00  4.3490650E+01  4.2509092E+04  0.0000000E+00  7.4488129E+05
  6.2013241E-02 -6.1700807E+01  1.9460924E+01 -1.1617308E+00  4.3744520E+01  4.1329631E+04  0.0000000E+00  7.0988382E+05
  6.2898975E-02 -6.1502116E+01  1.9668715E+01 -1.1708307E+00  4.4022124E+01  4.0170251E+04  0.0000000E+00  6.7590114E+05
  6.3797289E-02 -6.1302094E+01  1.9878335E+01 -1.1804281E+00  4.4323162E+01  3.9032017E+04  0.0000000E+00  6.4296455E+05
  6.4708360E-02 -6.1100727E+01  2.0089786E+01 -1.1905132E+00  4.4647239E+01  3.7915936E+04  0.0000000E+00  6.1109998E+05
  6.5632371E-02 -6.0898001E+01  2.0303071E+01 -1.2010717E+00  4.4993865E+01  3.6822957E+04  0.0000000E+00  5.8032789E+05
  6.6569505E-02 -6.0693896E+01  2.0518189E+01 -1.2120850E+00  4.5362450E+01  3.5753962E+04  0.0000000E+00  5.5066321E+05
  6.7519948E-02 -6.0488391E+01  2.0735140E+01 -1.2235307E+00  4.5752309E+01  3.4709771E+04  0.0000000E+00  5.2211549E+05
  6.8483890E-02 -6.0281461E+01  2.0953921E+01 -1.2353826E+00  4.6162655E+01  3.3691137E+04  0.0000000E+00  4.9468895E+05
  6.9461521E-02 -6.0073081E+01  2.1174530E+01 -1.2476115E+00  4.6592606E+01  3.2698743E+04  0.0000000E+00  4.6838275E+05
  7.0453038E-02 -5.9863223E+01  2.1396963E+01 -1.2601856E+00  4.7041179E+01  3.1733203E+04  0.0000000E+00  4.4319118E+05
  7.1458636E-02 -5.9651858E+01  2.1621214E+01 -1.2730714E+00  4.7507295E+01  3.0795060E+04  0.0000000E+00  4.1910402E+05
  7.2478516E-02 -5.9438958E+01  2.1847276E+01 -1.2862340E+00  4.7989779E+01  2.9884784E+04  0.0000000E+00  3.9610683E+05
  7.3512880E-02 -5.9224496E+01  2.2075142E+01 -1.2996382E+00  4.8487361E+01  2.9002770E+04  0.0000000E+00  3.7418138E+05
  7.4561935E-02 -5.9008446E+01  2.2304803E+01 -1.3132486E+00  4.8998682E+01  2.8149343E+04  0.0000000E+00  3.5330597E+05
  7.5625888E-02 -5.8790783E+01  2.2536248E+01 -1.3270308E+00  4.9522291E+01  2.7324751E+04  0.0000000E+00  3.3345592E+05
  7.6704952E-02 -5.8571486E+01  2.2769465E+01 -1.3409513E+00  5.0056652E+01  2.6529167E+04  0.0000000E+00  3.1460388E+05
  7.7799342E-02 -5.8350535E+01  2.3004443E+01 -1.3549778E+00  5.0600147E+01  2.5762693E+04  0.0000000E+00  2.9672034E+05
  7.8909274E-02 -5.8127913E+01  2.3241166E+01 -1.3690798E+00  5.1151081E+01  2.5025355E+04  0.0000000E+00  2.7977395E+05
  8.0034969E-02 -5.7903608E+01  2.3479621E+01 -1.3832284E+00  5.1707684E+01  2.4317106E+04  0.0000000E+00  2.6373192E+05
  8.1176652E-02 -5.7677607E+01  2.3719789E+01 -1.3973961E+00  5.2268118E+01  2.3637829E+04  0.0000000E+00  2.4856040E+05
  8.2334550E-02 -5.7449903E+01  2.3961654E+01 -1.4115570E+00  5.2830484E+01  2.2987332E+04  0.0000000E+00  2.3422481E+05
  8.3508892E-02 -5.7220490E+01  2.4205197E+01 -1.4256867E+00  5.3392825E+01  2.2365357E+04  0.0000000E+00  2.2069013E+05
  8.4699912E-02 -5.6989364E+01  2.4450397E+01 -1.4397616E+00  5.3953134E+01  2.1771576E+04  0.0000000E+00  2.0792121E+05
  8.5907848E-02 -5.6756525E+01  2.4697234E+01 -1.4537593E+00  5.4509362E+01  2.1205595E+04  0.0000000E+00  1.9588302E+05
  8.7132939E-02 -5.6521973E+01  2.4945685E+01 -1.4676582E+00  5.5059425E+01  2.0666957E+04  0.0000000E+00  1.8454084E+05
  8.8375429E-02 -5.6285710E+01  2.5195728E+01 -1.4814375E+00  5.5601209E+01  2.0155141E+04  0.0000000E+00  1.7386051E+05
  8.9635565E-02 -5.6047739E+01  2.5447337E+01 -1.4950768E+00  5.6132583E+01  1.9669569E+04  0.0000000E+00  1.6380857E+05
  9.0913598E-02 -5.5808067E+01  2.5700489E+01 -1.5085562E+00  5.6651403E+01  1.9209605E+04  0.0000000E+00  1.5435239E+05
  9.2209782E-02 -5.5566699E+01  2.5955157E+01 -1.5218565E+00  5.7155524E+01  1.8774559E+04  0.0000000E+00  1.4546032E+05
  9.3524374E-02 -5.5323644E+01  2.6211315E+01 -1.5349587E+00  5.7642808E+01  1.8363691E+04  0.0000000E+00  1.3710173E+05
  9.4857637E-02 -5.5078910E+01  2.6468935E+01 -1.5478444E+00  5.8111133E+01  1.7976213E+04  0.0000000E+00  1.2924714E+05
  9.6209835E-02 -5.4832507E+01  2.6727989E+01 -1.5604955E+00  5.8558405E+01  1.7611293E+04  0.0000000E+00  1.2186823E+05
  9.7581238E-02 -5.4584445E+01  2.6988449E+01 -1.5728945E+00  5.8982564E+01  1.7268060E+04  0.0000000E+00  1.1493789E+05
  9.8972117E-02 -5.4334738E+01  2.7250286E+01 -1.5850242E+00  5.9381597E+01  1.6945603E+04  0.0000000E+00  1.0843024E+05
  1.0038275E-01 -5.4083397E+01  2.7513471E+01 -1.5968680E+00  5.9753548E+01  1.6642982E+04  0.0000000E+00  1.0232060E+05
  1.0181342E-01 -5.3830436E+01  2.7777974E+01 -1.6084098E+00  6.0096527E+01  1.6359223E+04  0.0000000E+00  9.6585548E+04
  1.0326440E-01 -5.3575868E+01  2.8043766E+01 -1.6196338E+00  6.0408719E+01  1.6093331E+04  0.0000000E+00  9.1202846E+04
  1.0473600E-01 -5.3319709E+01  2.8310816E+01 -1.6305250E+00  6.0688398E+01  1.5844289E+04  0.0000000E+00  8.6151441E+04
  1.0622849E-01 -5.3061972E+01  2.8579097E+01 -1.6410688E+00  6.0933935E+01  1.5611060E+04  0.0000000E+00  8.1411424E+04
  1.0774218E-01 -5.2802674E+01  2.8848577E+01 -1.6512509E+00  6.1143804E+01  1.5392597E+04  0.0000000E+00  7.6963997E+04
  1.0927737E-01 -5.2541829E+01  2.9119229E+01 -1.6610579E+00  6.1316599E+01  1.5187843E+04  0.0000000E+00  7.2791430E+04
  1.1083436E-01 -5.2279453E+01  2.9391024E+01 -1.6704767E+00  6.1451038E+01  1.4995737E+04  0.0000000E+00  6.8877017E+04
  1.1241346E-01 -5.2015562E+01  2.9663933E+01 -1.6794947E+00  6.1545972E+01  1.4815217E+04  0.0000000E+00  6.5205029E+04
  1.1401499E-01 -5.1750171E+01  2.9937929E+01 -1.6881000E+00  6.1600399E+01  1.4645223E+04  0.0000000E+00  6.1760662E+04
  1.1563926E-01 -5.1483295E+01  3.0212986E+01 -1.6962812E+00  6.1613463E+01  1.4484705E+04  0.0000000E+00  5.8529996E+04
  1.1728661E-01 -5.1214950E+01  3.0489078E+01 -1.7040275E+00  6.1584472E+01  1.4332621E+04  0.0000000E+00  5.5499941E+04
  1.1895735E-01 -5.0945148E+01  3.0766181E+01 -1.7113289E+00  6.1512896E+01  1.4187947E+04  0.0000000E+00  5.2658189E+04
  1.2065182E-01 -5.0673905E+01  3.1044270E+01 -1.7181759E+00  6.1398378E+01  1.4049678E+04  0.0000000E+00  4.9993170E+04
  1.2237035E-01 -5.0401234E+01  3.1323325E+01 -1.7245596E+00  6.1240740E+01  1.3916829E+04  0.0000000E+00  4.7494004E+04
  1.2411329E-01 -5.0127148E+01  3.1603324E+01 -1.7304721E+00  6.1039987E+01  1.3788444E+04  0.0000000E+00  4.5150456E+04
  1.2588098E-01 -4.9851658E+01  3.1884248E+01 -1.7359063E+00  6.0796309E+01  1.3663594E+04  0.0000000E+00  4.2952895E+04
  1.2767378E-01 -4.9574777E+01  3.2166079E+01 -1.7408558E+00  6.0510088E+01  1.3541383E+04  0.0000000E+00  4.0892254E+04
  1.2949204E-01 -4.9296514E+01  3.2448801E+01 -1.7453155E+00  6.0181897E+01  1.3420954E+04  0.0000000E+00  3.8959989E+04
  1.3133613E-01 -4.9016881E+01  3.2732400E+01 -1.7492810E+00  5.9812505E+01  1.3301483E+04  0.0000000E+00  3.7148044E+04
  1.3320640E-01 -4.8735886E+01  3.3016863E+01 -1.7527492E+00  5.9402872E+01  1.3182192E+04  0.0000000E+00  3.5448817E+04
  1.3510324E-01 -4.8453538E+01  3.3302180E+01 -1.7557181E+00  5.8954156E+01  1.3062342E+04  0.0000000E+00  3.3855125E+04
  1.3702701E-01 -4.8169845E+01  3.3588342E+01 -1.7581873E+00  5.8467702E+01  1.2941244E+04  0.0000000E+00  3.2360178E+04
  1.3897811E-01 -4.7884814E+01  3.3875343E+01 -1.7601575E+00  5.7945050E+01  1.2818255E+04  0.0000000E+00  3.0957547E+04
  1.4095692E-01 -4.7598453E+01  3.4163178E+01 -1.7616310E+00  5.7387920E+01  1.2692779E+04  0.0000000E+00  2.9641142E+04
  1.4296383E-01 -4.7310768E+01  3.4451844E+01 -1.7626119E+00  5.6798215E+01  1.2564275E+04  0.0000000E+00  2.8405183E+04
  1.4499924E-01 -4.7021764E+01  3.4741342E+01 -1.7631058E+00  5.6178012E+01  1.2432252E+04  0.0000000E+00  2.7244181E+04
  1.4706356E-01 -4.6731448E+01  3.5031672E+01 -1.7631205E+00  5.5529554E+01  1.2296272E+04  0.0000000E+00  2.6152919E+04
  1.4915720E-01 -4.6439826E+01  3.5322839E+01 -1.7626653E+00  5.4855244E+01  1.2155952E+04  0.0000000E+00  2.5126431E+04
  1.5128058E-01 -4.6146904E+01  3.5614849E+01 -1.7617521E+00  5.4157633E+01  1.2010963E+04  0.0000000E+00  2.4159985E+04
  1.5343411E-01 -4.5852686E+01  3.5907708E+01 -1.7603945E+00  5.3439409E+01  1.1861030E+04  0.0000000E+00  2.3249073E+04
  1.5561822E-01 -4.5557181E+01  3.6201427E+01 -1.7586089E+00  5.2703390E+01  1.1705932E+04  0.0000000E+00  2.2389395E+04
  1.5783336E-01 -4.5260396E+01  3.6496018E+01 -1.7564138E+00  5.1952506E+01  1.1545505E+04  0.0000000E+00  2.1576846E+04
  1.6007995E-01 -4.4962336E+01  3.6791494E+01 -1.7538302E+00  5.1189787E+01  1.1379635E+04  0.0000000E+00  2.0807513E+04
  1.6235845E-01 -4.4663013E+01  3.7087869E+01 -1.7508820E+00  5.0418351E+01  1.1208264E+04  0.0000000E+00  2.0077661E+04
  1.6466931E-01 -4.4362436E+01  3.7385160E+01 -1.7475956E+00  4.9641385E+01  1.1031383E+04  0.0000000E+00  1.9383733E+04
  1.6701299E-01 -4.4060616E+01  3.7683385E+01 -1.7440003E+00  4.8862131E+01  1.0849035E+04  0.0000000E+00  1.8722343E+04
  1.6938996E-01 -4.3757566E+01  3.7982563E+01 -1.7401285E+00  4.8083868E+01  1.0661311E+04  0.0000000E+00  1.8090275E+04
  1.7180068E-01 -4.3453303E+01  3.8282713E+01 -1.7360156E+00  4.7309896E+01  1.0468349E+04  0.0000000E+00  1.7484482E+04
  1.7424565E-01 -4.3147843E+01  3.8583857E+01 -1.7317005E+00  4.6543515E+01  1.0270331E+04  0.0000000E+00  1.6902092E+04
  1.7672533E-01 -4.2841209E+01  3.8886017E+01 -1.7272257E+00  4.5788012E+01  1.0067483E+04  0.0000000E+00  1.6340407E+04
  1.7924023E-01 -4.2533425E+01  3.9189213E+01 -1.7226377E+00  4.5046636E+01  9.8600693E+03  0.0000000E+00  1.5796908E+04
  1.8179085E-01 -4.2224519E+01  3.9493468E+01 -1.7179872E+00  4.4322583E+01  9.6483926E+03  0.0000000E+00  1.5269265E+04
  1.8437770E-01 -4.1914525E+01  3.9798805E+01 -1.7133299E+00  4.3618975E+01  9.4327897E+03  0.0000000E+00  1.4755340E+04
  1.8700128E-01 -4.1603484E+01  4.0105244E+01 -1.7087272E+00  4.2938845E+01  9.2136289E+03  0.0000000E+00  1.4253199E+04
  1.8966213E-01 -4.1291441E+01  4.0412806E+01 -1.7042464E+00  4.2285111E+01  8.9913067E+03  0.0000000E+00  1.3761120E+04
  1.9236076E-01 -4.0978450E+01  4.0721512E+01 -1.6999619E+00  4.1660565E+01  8.7662448E+03  0.0000000E+00  1.3277597E+04
  1.9509772E-01 -4.0664576E+01  4.1031380E+01 -1.6959559E+00  4.1067850E+01  8.5388864E+03  0.0000000E+00  1.2801354E+04
  1.9787355E-01 -4.0349891E+01  4.1342427E+01 -1.6923188E+00  4.0509445E+01  8.3096931E+03  0.0000000E+00  1.2331346E+04
  2.0068881E-01 -4.0034480E+01  4.1654670E+01 -1.6891504E+00  3.9987648E+01  8.0791413E+03  0.0000000E+00  1.1866766E+04
  2.0354404E-01 -3.9718438E+01  4.1968121E+01 -1.6865594E+00  3.9504556E+01  7.8477185E+03  0.0000000E+00  1.1407043E+04
  2.0643983E-01 -3.9401872E+01  4.2282792E+01 -1.6846639E+00  3.9062057E+01  7.6159198E+03  0.0000000E+00  1.0951841E+04
  2.0937675E-01 -3.9084900E+01  4.2598690E+01 -1.6835900E+00  3.8661811E+01  7.3842447E+03  0.0000000E+00  1.0501055E+04
  2.1235537E-01 -3.8767650E+01  4.2915820E+01 -1.6834704E+00  3.8305236E+01  7.1531929E+03  0.0000000E+00  1.0054794E+04
  2.1537630E-01 -3.8450256E+01  4.3234186E+01 -1.6844417E+00  3.7993502E+01  6.9232616E+03  0.0000000E+00  9.6133680E+03
  2.1844014E-01 -3.8132857E+01  4.3553784E+01 -1.6866405E+00  3.7727514E+01  6.6949414E+03  0.0000000E+00  9.1772680E+03
  2.2154748E-01 -3.7815590E+01  4.3874608E+01 -1.6901983E+00  3.7507910E+01  6.4687136E+03  0.0000000E+00  8.7471393E+03
  2.2469896E-01 -3.7498585E+01  4.4196650E+01 -1.6952349E+00  3.7335047E+01  6.2450466E+03  0.0000000E+00  8.3237531E+03
  2.2789520E-01 -3.7181957E+01  4.4519894E+01 -1.7018512E+00  3.7209002E+01  6.0243929E+03  0.0000000E+00  7.9079743E+03
  2.3113683E-01 -3.6865800E+01  4.4844321E+01 -1.7101208E+00  3.7129563E+01  5.8071865E+03  0.0000000E+00  7.5007283E+03
  2.3442449E-01 -3.6550174E+01  4.5169907E+01 -1.7200814E+00  3.7096230E+01  5.5938402E+03  0.0000000E+00  7.1029661E+03
  2.3775885E-01 -3.6235105E+01  4.5496623E+01 -1.7317281E+00  3.7108213E+01  5.3847430E+03  0.0000000E+00  6.7156311E+03
  2.4114057E-01 -3.5920574E+01  4.5824434E+01 -1.7450080E+00  3.7164439E+01  5.1802581E+03  0.0000000E+00  6.3396276E+03
  2.4457031E-01 -3.5606518E+01  4.6153300E+01 -1.7598185E+00  3.7263547E+01  4.9807210E+03  0.0000000E+00  5.9757924E+03
  2.4804877E-01 -3.5292836E+01  4.6483176E+01 -1.7760114E+00  3.7403902E+01  4.7864378E+03  0.0000000E+00  5.6248705E+03
  2.5157662E-01 -3.4979392E+01  4.6814008E+01 -1.7934005E+00  3.7583599E+01  4.5976842E+03  0.0000000E+00  5.2874964E+03
  2.5515458E-01 -3.4666034E+01  4.7145741E+01 -1.8117751E+00  3.7800476E+01  4.4147041E+03  0.0000000E+00  4.9641795E+03
  2.5878335E-01 -3.4352605E+01  4.7478311E+01 -1.8309156E+00  3.8052121E+01  4.2377094E+03  0.0000000E+00  4.6552961E+03
  2.6246366E-01 -3.4038962E+01  4.7811648E+01 -1.8506101E+00  3.8335892E+01  4.0668788E+03  0.0000000E+00  4.3610859E+03
  2.6619624E-01 -3.3724989E+01  4.8145678E+01 -1.8706677E+00  3.8648925E+01  3.9023584E+03  0.0000000E+00  4.0816534E+03
  2.6998183E-01 -3.3410609E+01  4.8480320E+01 -1.8909292E+00  3.8988160E+01  3.7442612E+03  0.0000000E+00  3.8169739E+03
  2.7382119E-01 -3.3095784E+01  4.8815487E+01 -1.9112708E+00  3.9350352E+01  3.5926675E+03  0.0000000E+00  3.5669023E+03
  2.7771507E-01 -3.2780518E+01  4.9151086E+01 -1.9316037E+00  3.9732093E+01  3.4476251E+03  0.0000000E+00  3.3311849E+03
  2.8166425E-01 -3.2464849E+01  4.9487020E+01 -1.9518693E+00  4.0129834E+01  3.3091504E+03  0.0000000E+00  3.1094728E+03
  2.8566952E-01 -3.2148846E+01  4.9823186E+01 -1.9720323E+00  4.0539909E+01  3.1772288E+03  0.0000000E+00  2.9013367E+03
  2.8973168E-01 -3.1832597E+01  5.0159476E+01 -1.9920724E+00  4.0958550E+01  3.0518155E+03  0.0000000E+00  2.7062814E+03
  2.9385152E-01 -3.1516201E+01  5.0495776E+01 -2.0119771E+00  4.1381920E+01  2.9328372E+03  0.0000000E+00  2.5237609E+03
  2.9802988E-01 -3.1199765E+01  5.0831970E+01 -2.0317352E+00  4.1806131E+01  2.8201930E+03  0.0000000E+00  2.3531917E+03
  3.0226758E-01 -3.0883397E+01  5.1167936E+01 -2.0513324E+00  4.2227270E+01  2.7137563E+03  0.0000000E+00  2.1939658E+03
  3.0656546E-01 -3.0567199E+01  5.1503548E+01 -2.0707479E+00  4.2641425E+01  2.6133759E+03  0.0000000E+00  2.0454626E+03
  3.1092439E-01 -3.0251274E+01  5.1838679E+01 -2.0899534E+00  4.3044709E+01  2.5188784E+03  0.0000000E+00  1.9070584E+03
  3.1534522E-01 -2.9935716E+01  5.2173196E+01 -2.1089126E+00  4.3433284E+01  2.4300697E+03  0.0000000E+00  1.7781354E+03
  3.1982883E-01 -2.9620616E+01  5.2506966E+01 -2.1275813E+00  4.3803388E+01  2.3467371E+03  0.0000000E+00  1.6580886E+03
  3.2437612E-01 -2.9306058E+01  5.2839852E+01 -2.1459092E+00  4.4151357E+01  2.2686518E+03  0.0000000E+00  1.5463315E+03
  3.2898800E-01 -2.8992125E+01  5.3171716E+01 -2.1638409E+00  4.4473649E+01  2.1955702E+03  0.0000000E+00  1.4423007E+03
  3.3366537E-01 -2.8678897E+01  5.3502420E+01 -2.1813178E+00  4.4766866E+01  2.1272372E+03  0.0000000E+00  1.3454589E+03
  3.3840918E-01 -2.8366454E+01  5.3831826E+01 -2.1982796E+00  4.5027780E+01  2.0633876E+03  0.0000000E+00  1.2552970E+03
  3.4322035E-01 -2.8054872E+01  5.4159794E+01 -2.2146662E+00  4.5253346E+01  2.0037485E+03  0.0000000E+00  1.1713359E+03
  3.4809986E-01 -2.7744233E+01  5.4486185E+01 -2.2304183E+00  4.5440730E+01  1.9480419E+03  0.0000000E+00  1.0931265E+03
  3.5304866E-01 -2.7434615E+01  5.4810864E+01 -2.2454792E+00  4.5587319E+01  1.8959863E+03  0.0000000E+00  1.0202498E+03
  3.5806775E-01 -2.7126101E+01  5.5133694E+01 -2.2597952E+00  4.5690741E+01  1.8472993E+03  0.0000000E+00  9.5231666E+02
  3.6315812E-01 -2.6818773E+01  5.5454543E+01 -2.2733163E+00  4.5748882E+01  1.8016993E+03  0.0000000E+00  8.8896642E+02
  3.6832079E-01 -2.6512714E+01  5.5773282E+01 -2.2859964E+00  4.5759892E+01  1.7589076E+03  0.0000000E+00  8.2986595E+02
  3.7355677E-01 -2.6208010E+01  5.6089784E+01 -2.2977936E+00  4.5722203E+01  1.7186503E+03  0.0000000E+00  7.7470811E+02
  3.7886712E-01 -2.5904743E+01  5.6403927E+01 -2.3086703E+00  4.5634531E+01  1.6806598E+03  0.0000000E+00  7.2321027E+02
  3.8425289E-01 -2.5602999E+01  5.6715593E+01 -2.3185926E+00  4.5495888E+01  1.6446767E+03  0.0000000E+00  6.7511261E+02
  3.8971515E-01 -2.5302859E+01  5.7024671E+01 -2.3275308E+00  4.5305584E+01  1.6104509E+03  0.0000000E+00  6.3017652E+02
  3.9525499E-01 -2.5004404E+01  5.7331054E+01 -2.3354586E+00  4.5063230E+01  1.5777433E+03  0.0000000E+00  5.8818292E+02
  4.0087350E-01 -2.4707711E+01  5.7634642E+01 -2.3423530E+00  4.4768738E+01  1.5463266E+03  0.0000000E+00  5.4893065E+02
  4.0657181E-01 -2.4412854E+01  5.7935341E+01 -2.3481944E+00  4.4422321E+01  1.5159865E+03  0.0000000E+00  5.1223496E+02
  4.1235105E-01 -2.4119902E+01  5.8233063E+01 -2.3529657E+00  4.4024486E+01  1.4865225E+03  0.0000000E+00  4.7792601E+02
  4.1821236E-01 -2.3828922E+01  5.8527731E+01 -2.3566529E+00  4.3576032E+01  1.4577485E+03  0.0000000E+00  4.4584750E+02
  4.2415692E-01 -2.3539972E+01  5.8819272E+01 -2.3592442E+00  4.3078040E+01  1.4294936E+03  0.0000000E+00  4.1585539E+02
  4.3018591E-01 -2.3253107E+01  5.9107623E+01 -2.3607303E+00  4.2531863E+01  1.4016020E+03  0.0000000E+00  3.8781673E+02
  4.3630052E-01 -2.2968375E+01  5.9392729E+01 -2.3611042E+00  4.1939118E+01  1.3739337E+03  0.0000000E+00  3.6160854E+02
  4.4250197E-01 -2.2685818E+01  5.9674543E+01 -2.3603612E+00  4.1301668E+01  1.3463642E+03  0.0000000E+00  3.3711686E+02
  4.4879150E-01 -2.2405470E+01  5.9953028E+01 -2.3584986E+00  4.0621613E+01  1.3187847E+03  0.0000000E+00  3.1423580E+02
  4.5517035E-01 -2.2127361E+01  6.0228155E+01 -2.3555159E+00  3.9901268E+01  1.2911018E+03  0.0000000E+00  2.9286681E+02
  4.6163979E-01 -2.1851511E+01  6.0499904E+01 -2.3514149E+00  3.9143152E+01  1.2632370E+03  0.0000000E+00  2.7291786E+02
  4.6820112E-01 -2.1577937E+01  6.0768263E+01 -2.3461997E+00  3.8349966E+01  1.2351269E+03  0.0000000E+00  2.5430290E+02
  4.7485563E-01 -2.1306645E+01  6.1033231E+01 -2.3398766E+00  3.7524574E+01  1.2067218E+03  0.0000000E+00  2.3694119E+02
  4.8160465E-01 -2.1037640E+01  6.1294815E+01 -2.3324546E+00  3.6669984E+01  1.1779860E+03  0.0000000E+00  2.2075685E+02
  4.8844953E-01 -2.0770915E+01  6.1553030E+01 -2.3239450E+00  3.5789327E+01  1.1488964E+03  0.0000000E+00  2.0567839E+02
  4.9539161E-01 -2.0506463E+01  6.1807899E+01 -2.3143620E+00  3.4885834E+01  1.1194421E+03  0.0000000E+00  1.9163834E+02
  5.0243229E-01 -2.0244266E+01  6.2059457E+01 -2.3037229E+00  3.3962816E+01  1.0896237E+03  0.0000000E+00  1.7857288E+02
  5.0957296E-01 -1.9984305E+01  6.2307743E+01 -2.2920480E+00  3.3023641E+01  1.0594520E+03  0.0000000E+00  1.6642153E+02
  5.1681504E-01 -1.9726556E+01  6.2552806E+01 -2.2793612E+00  3.2071716E+01  1.0289478E+03  0.0000000E+00  1.5512692E+02
  5.2415998E-01 -1.9470989E+01  6.2794700E+01 -2.2656898E+00  3.1110458E+01  9.9814025E+02  0.0000000E+00  1.4463454E+02
  5.3160923E-01 -1.9217575E+01  6.3033490E+01 -2.2510652E+00  3.0143278E+01  9.6706651E+02  0.0000000E+00  1.3489255E+02
  5.3916428E-01 -1.8966279E+01  6.3269244E+01 -2.2355231E+00  2.9173559E+01  9.3577053E+02  0.0000000E+00  1.2585158E+02
  5.4682663E-01 -1.8717066E+01  6.3502037E+01 -2.2191035E+00  2.8204634E+01  9.0430219E+02  0.0000000E+00  1.1746463E+02
  5.5459780E-01 -1.8469900E+01  6.3731951E+01 -2.2018514E+00  2.7239766E+01  8.7271642E+02  0.0000000E+00  1.0968689E+02
  5.6247934E-01 -1.8224745E+01  6.3959071E+01 -2.1838166E+00  2.6282132E+01  8.4107224E+02  0.0000000E+00  1.0247565E+02
  5.7047281E-01 -1.7981566E+01  6.4183488E+01 -2.1650541E+00  2.5334801E+01  8.0943193E+02  0.0000000E+00  9.5790215E+01
  5.7857981E-01 -1.7740329E+01  6.4405295E+01 -2.1456242E+00  2.4400720E+01  7.7786015E+02  0.0000000E+00  8.9591805E+01
  5.8680195E-01 -1.7501002E+01  6.4624591E+01 -2.1255926E+00  2.3482696E+01  7.4642312E+02  0.0000000E+00  8.3843499E+01
  5.9514086E-01 -1.7263556E+01  6.4841474E+01 -2.1050301E+00  2.2583384E+01  7.1518787E+02  0.0000000E+00  7.8510180E+01
  6.0359820E-01 -1.7027965E+01  6.5056048E+01 -2.0840126E+00  2.1705270E+01  6.8422147E+02  0.0000000E+00  7.3558488E+01
  6.1217565E-01 -1.6794207E+01  6.5268414E+01 -2.0626208E+00  2.0850664E+01  6.5359032E+02  0.0000000E+00  6.8956796E+01
  6.2087493E-01 -1.6562262E+01  6.5478678E+01 -2.0409395E+00  2.0021686E+01  6.2335957E+02  0.0000000E+00  6.4675189E+01
  6.2969775E-01 -1.6332116E+01  6.5686942E+01 -2.0190576E+00  1.9220258E+01  5.9359244E+02  0.0000000E+00  6.0685458E+01
  6.3864587E-01 -1.6103757E+01  6.5893310E+01 -1.9970672E+00  1.8448099E+01  5.6434971E+02  0.0000000E+00  5.6961106E+01
  6.4772108E-01 -1.5877180E+01  6.6097884E+01 -1.9750635E+00  1.7706718E+01  5.3568927E+02  0.0000000E+00  5.3477361E+01
  6.5692518E-01 -1.5652381E+01  6.6300764E+01 -1.9531449E+00  1.6997407E+01  5.0766558E+02  0.0000000E+00  5.0211201E+01
  6.6626000E-01 -1.5429367E+01  6.6502047E+01 -1.9314135E+00  1.6321246E+01  4.8032940E+02  0.0000000E+00  4.7141390E+01
  6.7572739E-01 -1.5208149E+01  6.6701827E+01 -1.9099760E+00  1.5679095E+01  4.5372740E+02  0.0000000E+00  4.4248505E+01
  6.8532924E-01 -1.4988750E+01  6.6900196E+01 -1.8889465E+00  1.5071600E+01  4.2790192E+02  0.0000000E+00  4.1514982E+01
  6.9506745E-01 -1.4771209E+01  6.7097240E+01 -1.8684494E+00  1.4499191E+01  4.0289078E+02  0.0000000E+00  3.8925141E+01
  7.0494398E-01 -1.4555583E+01  6.7293041E+01 -1.8486239E+00  1.3962092E+01  3.7872708E+02  0.0000000E+00  3.6465215E+01
  7.1496077E-01 -1.4341954E+01  6.7487675E+01 -1.8296292E+00  1.3460317E+01  3.5543915E+02  0.0000000E+00  3.4123348E+01
  7.2511982E-01 -1.4130436E+01  6.7681214E+01 -1.8116501E+00  1.2993687E+01  3.3305049E+02  0.0000000E+00  3.1889582E+01
  7.3542315E-01 -1.3921177E+01  6.7873724E+01 -1.7949011E+00  1.2561827E+01  3.1157979E+02  0.0000000E+00  2.9755805E+01
  7.4587281E-01 -1.3714367E+01  6.8065262E+01 -1.7796292E+00  1.2164185E+01  2.9104091E+02  0.0000000E+00  2.7715664E+01
  7.5647089E-01 -1.3510229E+01  6.8255883E+01 -1.7661115E+00  1.1800032E+01  2.7144303E+02  0.0000000E+00  2.5764447E+01
  7.6721947E-01 -1.3309017E+01  6.8445631E+01 -1.7546476E+00  1.1468480E+01  2.5279074E+02  0.0000000E+00  2.3898910E+01
  7.7812072E-01 -1.3111000E+01  6.8634545E+01 -1.7455445E+00  1.1168487E+01  2.3508413E+02  0.0000000E+00  2.2117077E+01
  7.8917678E-01 -1.2916436E+01  6.8822657E+01 -1.7390936E+00  1.0898873E+01  2.1831904E+02  0.0000000E+00  2.0418002E+01
  8.0038987E-01 -1.2725549E+01  6.9009992E+01 -1.7355412E+00  1.0658330E+01  2.0248714E+02  0.0000000E+00  1.8801515E+01
  8.1176220E-01 -1.2538489E+01  6.9196567E+01 -1.7350560E+00  1.0445436E+01  1.8757622E+02  0.0000000E+00  1.7267946E+01
  8.2329605E-01 -1.2355308E+01  6.9382391E+01 -1.7376987E+00  1.0258666E+01  1.7357038E+02  0.0000000E+00  1.5817864E+01
  8.3499371E-01 -1.2175931E+01  6.9567468E+01 -1.7433991E+00  1.0096410E+01  1.6045031E+02  0.0000000E+00  1.4451830E+01
  8.4685749E-01 -1.2000156E+01  6.9751793E+01 -1.7519484E+00  9.9569830E+00  1.4819355E+02  0.0000000E+00  1.3170174E+01
  8.5888978E-01 -1.1827656E+01  6.9935354E+01 -1.7630101E+00  9.8386397E+00  1.3677485E+02  0.0000000E+00  1.1972826E+01
  8.7109294E-01 -1.1658014E+01  7.0118135E+01 -1.7761486E+00  9.7395917E+00  1.2616649E+02  0.0000000E+00  1.0859185E+01
  8.8346942E-01 -1.1490764E+01  7.0300109E+01 -1.7908734E+00  9.6580200E+00  1.1633861E+02  0.0000000E+00  9.8280406E+00
  8.9602167E-01 -1.1325440E+01  7.0481247E+01 -1.8066875E+00  9.5920899E+00  1.0725961E+02  0.0000000E+00  8.8775459E+00
  9.0875219E-01 -1.1161621E+01  7.0661512E+01 -1.8231329E+00  9.5399654E+00  9.8896485E+01  0.0000000E+00  8.0052330E+00
  9.2166352E-01 -1.0998963E+01  7.0840861E+01 -1.8398244E+00  9.4998224E+00  9.1215146E+01  0.0000000E+00  7.2080647E+00
  9.3475821E-01 -1.0837219E+01  7.1019247E+01 -1.8564659E+00  9.4698615E+00  8.4180753E+01  0.0000000E+00  6.4825133E+00
  9.4803888E-01 -1.0676234E+01  7.1196618E+01 -1.8728522E+00  9.4483202E+00  7.7757989E+01  0.0000000E+00  5.8246576E+00
  9.6150816E-01 -1.0515941E+01  7.1372917E+01 -1.8888575E+00  9.4334836E+00  7.1911327E+01  0.0000000E+00  5.2302875E+00
  9.7516874E-01 -1.0356333E+01  7.1548084E+01 -1.9044169E+00  9.4236949E+00  6.6605260E+01  0.0000000E+00  4.6950105E+00
  9.8902333E-01 -1.0197453E+01  7.1722054E+01 -1.9195067E+00  9.4173640E+00  6.1804514E+01  0.0000000E+00  4.2143516E+00
  1.0030747E+00 -1.0039364E+01  7.1894762E+01 -1.9341258E+00  9.4129758E+00  5.7474243E+01  0.0000000E+00  3.7838442E+00
  1.0173256E+00 -9.8821442E+00  7.2066137E+01 -1.9482813E+00  9.4090975E+00  5.3580206E+01  0.0000000E+00  3.3991074E+00
  1.0317789E+00 -9.7258687E+00  7.2236110E+01 -1.9619785E+00  9.4043847E+00  5.0088921E+01  0.0000000E+00  3.0559097E+00
  1.0464375E+00 -9.5706077E+00  7.2404607E+01 -1.9752147E+00  9.3975865E+00  4.6967815E+01  0.0000000E+00  2.7502185E+00
  1.0613042E+00 -9.4164213E+00  7.2571556E+01 -1.9879768E+00  9.3875505E+00  4.4185350E+01  0.0000000E+00  2.4782358E+00
  1.0763822E+00 -9.2633596E+00  7.2736882E+01 -2.0002413E+00  9.3732255E+00  4.1711138E+01  0.0000000E+00  2.2364218E+00
  1.0916742E+00 -9.1114629E+00  7.2900512E+01 -2.0119749E+00  9.3536648E+00  3.9516038E+01  0.0000000E+00  2.0215079E+00
  1.1071834E+00 -8.9607639E+00  7.3062374E+01 -2.0231374E+00  9.3280275E+00  3.7572245E+01  0.0000000E+00  1.8305009E+00
  1.1229129E+00 -8.8112891E+00  7.3222394E+01 -2.0336835E+00  9.2955794E+00  3.5853351E+01  0.0000000E+00  1.6606798E+00
  1.1388658E+00 -8.6630611E+00  7.3380505E+01 -2.0435656E+00  9.2556933E+00  3.4334409E+01  0.0000000E+00  1.5095879E+00
  1.1550453E+00 -8.5161004E+00  7.3536635E+01 -2.0527358E+00  9.2078477E+00  3.2991965E+01  0.0000000E+00  1.3750196E+00
  1.1714545E+00 -8.3704265E+00  7.3690721E+01 -2.0611478E+00  9.1516257E+00  3.1804090E+01  0.0000000E+00  1.2550057E+00
  1.1880968E+00 -8.2260594E+00  7.3842699E+01 -2.0687583E+00  9.0867125E+00  3.0750392E+01  0.0000000E+00  1.1477962E+00
  1.2049754E+00 -8.0830199E+00  7.3992508E+01 -2.0755280E+00  9.0128922E+00  2.9812016E+01  0.0000000E+00  1.0518427E+00
  1.2220938E+00 -7.9413300E+00  7.4140093E+01 -2.0814226E+00  8.9300444E+00  2.8971634E+01  0.0000000E+00  9.6577995E-01
  1.2394553E+00 -7.8010133E+00  7.4285400E+01 -2.0864129E+00  8.8381399E+00  2.8213425E+01  0.0000000E+00  8.8840878E-01
  1.2570633E+00 -7.6620948E+00  7.4428380E+01 -2.0904748E+00  8.7372357E+00  2.7523042E+01  0.0000000E+00  8.1867853E-01
  1.2749214E+00 -7.5246004E+00  7.4568989E+01 -2.0935899E+00  8.6274702E+00  2.6887575E+01  0.0000000E+00  7.5567120E-01
  1.2930332E+00 -7.3885566E+00  7.4707188E+01 -2.0957446E+00  8.5090571E+00  2.6295497E+01  0.0000000E+00  6.9858634E-01
  1.3114021E+00 -7.2539904E+00  7.4842940E+01 -2.0969303E+00  8.3822799E+00  2.5736615E+01  0.0000000E+00  6.4672724E-01
  1.3300320E+00 -7.1209284E+00  7.4976215E+01 -2.0971431E+00  8.2474854E+00  2.5202004E+01  0.0000000E+00  5.9948832E-01
  1.3489264E+00 -6.9893969E+00  7.5106986E+01 -2.0963832E+00  8.1050773E+00  2.4683944E+01  0.0000000E+00  5.5634366E-01
  1.3680892E+00 -6.8594208E+00  7.5235234E+01 -2.0946546E+00  7.9555099E+00  2.4175847E+01  0.0000000E+00  5.1683680E-01
  1.3875242E+00 -6.7310240E+00  7.5360941E+01 -2.0919651E+00  7.7992813E+00  2.3672184E+01  0.0000000E+00  4.8057160E-01
  1.4072351E+00 -6.6042286E+00  7.5484097E+01 -2.0883258E+00  7.6369270E+00  2.3168409E+01  0.0000000E+00  4.4720409E-01
  1.4272260E+00 -6.4790550E+00  7.5604696E+01 -2.0837506E+00  7.4690134E+00  2.2660887E+01  0.0000000E+00  4.1643541E-01
  1.4475008E+00 -6.3555214E+00  7.5722735E+01 -2.0782564E+00  7.2961310E+00  2.2146806E+01  0.0000000E+00  3.8800553E-01
  1.4680636E+00 -6.2336441E+00  7.5838219E+01 -2.0718626E+00  7.1188890E+00  2.1624111E+01  0.0000000E+00  3.6168776E-01
  1.4889184E+00 -6.1134371E+00  7.5951154E+01 -2.0645913E+00  6.9379084E+00  2.1091421E+01  0.0000000E+00  3.3728407E-01
  1.5100694E+00 -5.9949123E+00  7.6061554E+01 -2.0564666E+00  6.7538170E+00  2.0547956E+01  0.0000000E+00  3.1462094E-01
  1.5315208E+00 -5.8780796E+00  7.6169435E+01 -2.0475149E+00  6.5672431E+00  1.9993467E+01  0.0000000E+00  2.9354586E-01
  1.5532768E+00 -5.7629469E+00  7.6274818E+01 -2.0377649E+00  6.3788114E+00  1.9428166E+01  0.0000000E+00  2.7392428E-01
  1.5753418E+00 -5.6495203E+00  7.6377727E+01 -2.0272471E+00  6.1891374E+00  1.8852656E+01  0.0000000E+00  2.5563704E-01
  1.5977202E+00 -5.5378043E+00  7.6478190E+01 -2.0159943E+00  5.9988231E+00  1.8267875E+01  0.0000000E+00  2.3857813E-01
  1.6204164E+00 -5.4278018E+00  7.6576239E+01 -2.0040412E+00  5.8084534E+00  1.7675030E+01  0.0000000E+00  2.2265283E-01
  1.6434350E+00 -5.3195147E+00  7.6671909E+01 -1.9914242E+00  5.6185920E+00  1.7075550E+01  0.0000000E+00  2.0777611E-01
  1.6667804E+00 -5.2129440E+00  7.6765238E+01 -1.9781820E+00  5.4297783E+00  1.6471027E+01  0.0000000E+00  1.9387130E-01
  1.6904574E+00 -5.1080897E+00  7.6856265E+01 -1.9643550E+00  5.2425248E+00  1.5863176E+01  0.0000000E+00  1.8086896E-01
  1.7144707E+00 -5.0049515E+00  7.6945034E+01 -1.9499856E+00  5.0573143E+00  1.5253790E+01  0.0000000E+00  1.6870590E-01
  1.7388251E+00 -4.9035289E+00  7.7031589E+01 -1.9351178E+00  4.8745982E+00  1.4644703E+01  0.0000000E+00  1.5732442E-01
  1.7635253E+00 -4.8038213E+00  7.7115976E+01 -1.9197976E+00  4.6947947E+00  1.4037754E+01  0.0000000E+00  1.4667161E-01
  1.7885763E+00 -4.7058281E+00  7.7198244E+01 -1.9040724E+00  4.5182875E+00  1.3434761E+01  0.0000000E+00  1.3669880E-01
  1.8139831E+00 -4.6095492E+00  7.7278442E+01 -1.8879916E+00  4.3454254E+00  1.2837492E+01  0.0000000E+00  1.2736111E-01
  1.8397507E+00 -4.5149850E+00  7.7356621E+01 -1.8716055E+00  4.1765211E+00  1.2247645E+01  0.0000000E+00  1.1861702E-01
  1.8658843E+00 -4.4221363E+00  7.7432830E+01 -1.8549661E+00  4.0118513E+00  1.1666827E+01  0.0000000E+00  1.1042807E-01
  1.8923891E+00 -4.3310048E+00  7.7507122E+01 -1.8381264E+00  3.8516571E+00  1.1096543E+01  0.0000000E+00  1.0275857E-01
  1.9192702E+00 -4.2415925E+00  7.7579548E+01 -1.8211401E+00  3.6961441E+00  1.0538181E+01  0.0000000E+00  9.5575340E-02
  1.9465332E+00 -4.1539024E+00  7.7650159E+01 -1.8040619E+00  3.5454829E+00  9.9930015E+00  0.0000000E+00  8.8847550E-02
  1.9741833E+00 -4.0679380E+00  7.7719008E+01 -1.7869465E+00  3.3998104E+00  9.4621365E+00  0.0000000E+00  8.2546505E-02
  2.0022261E+00 -3.9837036E+00  7.7786146E+01 -1.7698491E+00  3.2592310E+00  8.9465804E+00  0.0000000E+00  7.6645501E-02
  2.0306672E+00 -3.9012037E+00  7.7851621E+01 -1.7528247E+00  3.1238173E+00  8.4471910E+00  0.0000000E+00  7.1119688E-02
  2.0595123E+00 -3.8204438E+00  7.7915484E+01 -1.7359280E+00  2.9936123E+00  7.9646889E+00  0.0000000E+00  6.5945943E-02
  2.0887670E+00 -3.7414293E+00  7.7977784E+01 -1.7192130E+00  2.8686306E+00  7.4996599E+00  0.0000000E+00  6.1102751E-02
  2.1184371E+00 -3.6641663E+00  7.8038567E+01 -1.7027330E+00  2.7488603E+00  7.0525581E+00  0.0000000E+00  5.6570096E-02
  2.1485287E+00 -3.5886610E+00  7.8097879E+01 -1.6865405E+00  2.6342648E+00  6.6237113E+00  0.0000000E+00  5.2329363E-02
  2.1790476E+00 -3.5149201E+00  7.8155766E+01 -1.6706864E+00  2.5247847E+00  6.2133265E+00  0.0000000E+00  4.8363232E-02
  2.2100000E+00 -3.4429500E+00  7.8212271E+01 -1.6552206E+00  2.4203397E+00  5.8214969E+00  0.0000000E+00  4.4655586E-02
  2.2413920E+00 -3.3727575E+00  7.8267434E+01 -1.6401912E+00  2.3208308E+00  5.4482093E+00  0.0000000E+00  4.1191418E-02
  2.2732298E+00 -3.3043492E+00  7.8321296E+01 -1.6256449E+00  2.2261418E+00  5.0933521E+00  0.0000000E+00  3.7956740E-02
  2.3055197E+00 -3.2377313E+00  7.8373895E+01 -1.6116260E+00  2.1361419E+00  4.7567240E+00  0.0000000E+00  3.4938494E-02
  2.3382683E+00 -3.1729096E+00  7.8425267E+01 -1.5981766E+00  2.0506869E+00  4.4380422E+00  0.0000000E+00  3.2124469E-02
  2.3714819E+00 -3.1098885E+00  7.8475447E+01 -1.5853359E+00  1.9696219E+00  4.1369516E+00  0.0000000E+00  2.9503220E-02
  2.4051673E+00 -3.0486711E+00  7.8524469E+01 -1.5731398E+00  1.8927824E+00  3.8530328E+00  0.0000000E+00  2.7063988E-02
  2.4393311E+00 -2.9892581E+00  7.8572362E+01 -1.5616199E+00  1.8199963E+00  3.5858110E+00  0.0000000E+00  2.4796630E-02
  2.4739800E+00 -2.9316471E+00  7.8619156E+01 -1.5508030E+00  1.7510860E+00  3.3347642E+00  0.0000000E+00  2.2691551E-02
  2.5091211E+00 -2.8758316E+00  7.8664879E+01 -1.5407102E+00  1.6858692E+00  3.0993311E+00  0.0000000E+00  2.0739646E-02
  2.5447612E+00 -2.8218002E+00  7.8709556E+01 -1.5313557E+00  1.6241611E+00  2.8789186E+00  0.0000000E+00  1.8932240E-02
  2.5809076E+00 -2.7695356E+00  7.8753211E+01 -1.5227463E+00  1.5657753E+00  2.6729090E+00  0.0000000E+00  1.7261049E-02
  2.6175672E+00 -2.7190137E+00  7.8795867E+01 -1.5148802E+00  1.5105255E+00  2.4806666E+00  0.0000000E+00  1.5718134E-02
  2.6547476E+00 -2.6702032E+00  7.8837544E+01 -1.5077469E+00  1.4582265E+00  2.3015440E+00  0.0000000E+00  1.4295872E-02
  2.6924559E+00 -2.6230652E+00  7.8878262E+01 -1.5013267E+00  1.4086951E+00  2.1348877E+00  0.0000000E+00  1.2986929E-02
  2.7306998E+00 -2.5775529E+00  7.8918038E+01 -1.4955907E+00  1.3617515E+00  1.9800434E+00  0.0000000E+00  1.1784245E-02
  2.7694869E+00 -2.5336126E+00  7.8956889E+01 -1.4905014E+00  1.3172200E+00  1.8363605E+00  0.0000000E+00  1.0681016E-02
  2.8088248E+00 -2.4911839E+00  7.8994830E+01 -1.4860136E+00  1.2749298E+00  1.7031965E+00  0.0000000E+00  9.6706913E-03
  2.8487214E+00 -2.4502007E+00  7.9031875E+01 -1.4820754E+00  1.2347157E+00  1.5799207E+00  0.0000000E+00  8.7469693E-03
  2.8891847E+00 -2.4105931E+00  7.9068036E+01 -1.4786293E+00  1.1964186E+00  1.4659170E+00  0.0000000E+00  7.9037963E-03
  2.9302226E+00 -2.3722881E+00  7.9103326E+01 -1.4756144E+00  1.1598862E+00  1.3605873E+00  0.0000000E+00  7.1353703E-03
  2.9718433E+00 -2.3352115E+00  7.9137756E+01 -1.4729673E+00  1.1249733E+00  1.2633532E+00  0.0000000E+00  6.4361446E-03
  3.0140551E+00 -2.2992894E+00  7.9171335E+01 -1.4706239E+00  1.0915423E+00  1.1736582E+00  0.0000000E+00  5.8008326E-03
  3.0568665E+00 -2.2644489E+00  7.9204072E+01 -1.4685208E+00  1.0594630E+00  1.0909690E+00  0.0000000E+00  5.2244115E-03
  3.1002858E+00 -2.2306198E+00  7.9235977E+01 -1.4665963E+00  1.0286134E+00  1.0147767E+00  0.0000000E+00  4.7021263E-03
  3.1443219E+00 -2.1977347E+00  7.9267057E+01 -1.4647913E+00  9.9887945E-01  9.4459746E-01  0.0000000E+00  4.2294912E-03
  3.1889833E+00 -2.1657302E+00  7.9297320E+01 -1.4630497E+00  9.7015500E-01  8.7997292E-01  0.0000000E+00  3.8022906E-03
  3.2342790E+00 -2.1345465E+00  7.9326773E+01 -1.4613191E+00  9.4234204E-01  8.2047044E-01  0.0000000E+00  3.4165773E-03
  3.2802180E+00 -2.1041278E+00  7.9355423E+01 -1.4595508E+00  9.1535044E-01  7.6568294E-01  0.0000000E+00  3.0686690E-03
  3.3268095E+00 -2.0744222E+00  7.9383277E+01 -1.4576993E+00  8.8909790E-01  7.1522861E-01  0.0000000E+00  2.7551431E-03
  3.3740626E+00 -2.0453808E+00  7.9410342E+01 -1.4557225E+00  8.6350975E-01  6.6875040E-01  0.0000000E+00  2.4728299E-03
  3.4219869E+00 -2.0169580E+00  7.9436623E+01 -1.4535814E+00  8.3851873E-01  6.2591542E-01  0.0000000E+00  2.2188036E-03
  3.4705917E+00 -1.9891106E+00  7.9462129E+01 -1.4512392E+00  8.1406478E-01  5.8641410E-01  0.0000000E+00  1.9903722E-03
  3.5198869E+00 -1.9617972E+00  7.9486864E+01 -1.4486614E+00  7.9009472E-01  5.4995942E-01  0.0000000E+00  1.7850671E-03
  3.5698822E+00 -1.9349780E+00  7.9510837E+01 -1.4458147E+00  7.6656198E-01  5.1628589E-01  0.0000000E+00  1.6006305E-03
  3.6205875E+00 -1.9086138E+00  7.9534053E+01 -1.4426673E+00  7.4342628E-01  4.8514856E-01  0.0000000E+00  1.4350034E-03
  3.6720130E+00 -1.8826662E+00  7.9556521E+01 -1.4391876E+00  7.2065331E-01  4.5632203E-01  0.0000000E+00  1.2863128E-03
  3.7241688E+00 -1.8570964E+00  7.9578248E+01 -1.4353447E+00  6.9821434E-01  4.2959931E-01  0.0000000E+00  1.1528586E-03
  3.7770654E+00 -1.8318651E+00  7.9599242E+01 -1.4311071E+00  6.7608594E-01  4.0479083E-01  0.0000000E+00  1.0331013E-03
  3.8307132E+00 -1.8069324E+00  7.9619511E+01 -1.4264430E+00  6.5424957E-01  3.8172331E-01  0.0000000E+00  9.2564925E-04
  3.8851229E+00 -1.7822569E+00  7.9639063E+01 -1.4213201E+00  6.3269125E-01  3.6023873E-01  0.0000000E+00  8.2924661E-04
  3.9403053E+00 -1.7577962E+00  7.9657908E+01 -1.4157047E+00  6.1140118E-01  3.4019331E-01  0.0000000E+00  7.4276191E-04
  3.9962715E+00 -1.7335060E+00  7.9676056E+01 -1.4095623E+00  5.9037341E-01  3.2145649E-01  0.0000000E+00  6.6517705E-04
  4.0530325E+00 -1.7093407E+00  7.9693517E+01 -1.4028573E+00  5.6960550E-01  3.0390994E-01  0.0000000E+00  5.9557694E-04
  4.1105997E+00 -1.6852530E+00  7.9710300E+01 -1.3955531E+00  5.4909812E-01  2.8744669E-01  0.0000000E+00  5.3313989E-04
  4.1689844E+00 -1.6611948E+00  7.9726418E+01 -1.3876123E+00  5.2885480E-01  2.7197020E-01  0.0000000E+00  4.7712864E-04
  4.2281983E+00 -1.6371166E+00  7.9741881E+01 -1.3789972E+00  5.0888152E-01  2.5739351E-01  0.0000000E+00  4.2688208E-04
  4.2882532E+00 -1.6129693E+00  7.9756701E+01 -1.3696705E+00  4.8918644E-01  2.4363849E-01  0.0000000E+00  3.8180763E-04
  4.3491610E+00 -1.5887041E+00  7.9770892E+01 -1.3595960E+00  4.6977957E-01  2.3063509E-01  0.0000000E+00  3.4137432E-04
  4.4109339E+00 -1.5642742E+00  7.9784466E+01 -1.3487397E+00  4.5067249E-01  2.1832061E-01  0.0000000E+00  3.0510643E-04
  4.4735840E+00 -1.5396356E+00  7.9797436E+01 -1.3370712E+00  4.3187801E-01  2.0663911E-01  0.0000000E+00  2.7257777E-04
  4.5371239E+00 -1.5147491E+00  7.9809816E+01 -1.3245648E+00  4.1340995E-01  1.9554078E-01  0.0000000E+00  2.4340646E-04
  4.6015663E+00 -1.4895816E+00  7.9821620E+01 -1.3112018E+00  3.9528282E-01  1.8498141E-01  0.0000000E+00  2.1725028E-04
  4.6669238E+00 -1.4641080E+00  7.9832864E+01 -1.2969717E+00  3.7751157E-01  1.7492185E-01  0.0000000E+00  1.9380243E-04
  4.7332096E+00 -1.4383130E+00  7.9843561E+01 -1.2818739E+00  3.6011133E-01  1.6532761E-01  0.0000000E+00  1.7278779E-04
  4.8004368E+00 -1.4121926E+00  7.9853727E+01 -1.2659199E+00  3.4309718E-01  1.5616834E-01  0.0000000E+00  1.5395952E-04
  4.8686187E+00 -1.3857557E+00  7.9863378E+01 -1.2491338E+00  3.2648390E-01  1.4741747E-01  0.0000000E+00  1.3709604E-04
  4.9377690E+00 -1.3590249E+00  7.9872529E+01 -1.2315541E+00  3.1028576E-01  1.3905184E-01  0.0000000E+00  1.2199835E-04
  5.0079014E+00 -1.3320371E+00  7.9881196E+01 -1.2132335E+00  2.9451630E-01  1.3105131E-01  0.0000000E+00  1.0848763E-04
  5.0790299E+00 -1.3048437E+00  7.9889396E+01 -1.1942394E+00  2.7918814E-01  1.2339844E-01  0.0000000E+00  9.6403096E-05
  5.1511685E+00 -1.2775097E+00  7.9897143E+01 -1.1746530E+00  2.6431279E-01  1.1607815E-01  0.0000000E+00  8.5600118E-05
  5.2243316E+00 -1.2501123E+00  7.9904456E+01 -1.1545679E+00  2.4990052E-01  1.0907740E-01  0.0000000E+00  7.5948522E-05
  5.2985338E+00 -1.2227396E+00  7.9911349E+01 -1.1340881E+00  2.3596022E-01  1.0238491E-01  0.0000000E+00  6.7331096E-05
  5.3737899E+00 -1.1954877E+00  7.9917838E+01 -1.1133261E+00  2.2249923E-01  9.5990834E-02  0.0000000E+00  5.9642260E-05
  5.4501147E+00 -1.1684581E+00  7.9923941E+01 -1.0923996E+00  2.0952335E-01  8.9886530E-02  0.0000000E+00  5.2786881E-05
  5.5275236E+00 -1.1417551E+00  7.9929674E+01 -1.0714288E+00  1.9703669E-01  8.4064266E-02  0.0000000E+00  4.6679226E-05
  5.6060318E+00 -1.1154824E+00  7.9935051E+01 -1.0505332E+00  1.8504166E-01  7.8517003E-02  0.0000000E+00  4.1242022E-05
  5.6856550E+00 -1.0897402E+00  7.9940089E+01 -1.0298290E+00  1.7353897E-01  7.3238172E-02  0.0000000E+00  3.6405620E-05
  5.7664091E+00 -1.0646227E+00  7.9944803E+01 -1.0094256E+00  1.6252765E-01  6.8221490E-02  0.0000000E+00  3.2107255E-05
  5.8483100E+00 -1.0402155E+00  7.9949208E+01 -9.8942399E-01  1.5200504E-01  6.3460796E-02  0.0000000E+00  2.8290372E-05
  5.9313741E+00 -1.0165936E+00  7.9953320E+01 -9.6991401E-01  1.4196691E-01  5.8949921E-02  0.0000000E+00  2.4904036E-05
  6.0156179E+00 -9.9381971E-01  7.9957153E+01 -9.5097301E-01  1.3240749E-01  5.4682579E-02  0.0000000E+00  2.1902386E-05
  6.1010582E+00 -9.7194307E-01  7.9960721E+01 -9.3266455E-01  1.2331959E-01  5.0652292E-02  0.0000000E+00  1.9244159E-05
  6.1877119E+00 -9.5099873E-01  7.9964039E+01 -9.1503759E-01  1.1469467E-01  4.6852339E-02  0.0000000E+00  1.6892247E-05
  6.2755963E+00 -9.3100712E-01  7.9967119E+01 -8.9812608E-01  1.0652303E-01  4.3275724E-02  0.0000000E+00  1.4813308E-05
  6.3647288E+00 -9.1197404E-01  7.9969975E+01 -8.8194897E-01  9.8793849E-02  3.9915174E-02  0.0000000E+00  1.2977400E-05
  6.4551272E+00 -8.9389099E-01  7.9972619E+01 -8.6651047E-01  9.1495361E-02  3.6763146E-02  0.0000000E+00  1.1357665E-05
  6.5468095E+00 -8.7673571E-01  7.9975065E+01 -8.5180063E-01  8.4614979E-02  3.3811851E-02  0.0000000E+00  9.9300283E-06
  6.6397938E+00 -8.6047306E-01  7.9977323E+01 -8.3779616E-01  7.8139417E-02  3.1053294E-02  0.0000000E+00  8.6729307E-06
  6.7340988E+00 -8.4505604E-01  7.9979405E+01 -8.2446148E-01  7.2054819E-02  2.8479314E-02  0.0000000E+00  7.5670863E-06
  6.8297431E+00 -8.3042699E-01  7.9981323E+01 -8.1174988E-01  6.6346878E-02  2.6081636E-02  0.0000000E+00  6.5952592E-06
  6.9267458E+00 -8.1651896E-01  7.9983086E+01 -7.9960494E-01  6.1000956E-02  2.3851922E-02  0.0000000E+00  5.7420610E-06
  7.0251261E+00 -8.0325715E-01  7.9984705E+01 -7.8796192E-01  5.6002185E-02  2.1781822E-02  0.0000000E+00  4.9937675E-06
  7.1249036E+00 -7.9056053E-01  7.9986189E+01 -7.7674942E-01  5.1335575E-02  1.9863030E-02  0.0000000E+00  4.3381508E-06
  7.2260982E+00 -7.7834349E-01  7.9987547E+01 -7.6589098E-01  4.6986097E-02  1.8087327E-02  0.0000000E+00  3.7643278E-06
  7.3287300E+00 -7.6651748E-01  7.9988789E+01 -7.5530680E-01  4.2938773E-02  1.6446630E-02  0.0000000E+00  3.2626220E-06
  7.4328194E+00 -7.5499280E-01  7.9989923E+01 -7.4491546E-01  3.9178746E-02  1.4933030E-02  0.0000000E+00  2.8244387E-06
  7.5383871E+00 -7.4368029E-01  7.9990955E+01 -7.3463567E-01  3.5691346E-02  1.3538826E-02  0.0000000E+00  2.4421516E-06
  7.6454541E+00 -7.3249304E-01  7.9991895E+01 -7.2438797E-01  3.2462149E-02  1.2256555E-02  0.0000000E+00  2.1090005E-06
  7.7540416E+00 -7.2134794E-01  7.9992748E+01 -7.1409628E-01  2.9477022E-02  1.1079019E-02  0.0000000E+00  1.8189991E-06
  7.8641714E+00 -7.1016722E-01  7.9993522E+01 -7.0368948E-01  2.6722170E-02  9.9992956E-03  0.0000000E+00  1.5668510E-06
  7.9758653E+00 -6.9887977E-01  7.9994223E+01 -6.9310271E-01  2.4184165E-02  9.0107610E-03  0.0000000E+00  1.3478755E-06
  8.0891454E+00 -6.8742230E-01  7.9994856E+01 -6.8227855E-01  2.1849983E-02  8.1070922E-03  0.0000000E+00  1.1579394E-06
  8.2040344E+00 -6.7574024E-01  7.9995428E+01 -6.7116796E-01  1.9707019E-02  7.2822736E-03  0.0000000E+00  9.9339707E-07
  8.3205551E+00 -6.6378848E-01  7.9995942E+01 -6.5973096E-01  1.7743109E-02  6.5305980E-03  0.0000000E+00  8.5103556E-07
  8.4387306E+00 -6.5153173E-01  7.9996405E+01 -6.4793711E-01  1.5946548E-02  5.8466642E-03  0.0000000E+00  7.2802634E-07
  8.5585845E+00 -6.3894475E-01  7.9996821E+01 -6.3576565E-01  1.4306092E-02  5.2253720E-03  0.0000000E+00  6.2188169E-07
  8.6801406E+00 -6.2601222E-01  7.9997193E+01 -6.2320546E-01  1.2810972E-02  4.6619153E-03  0.0000000E+00  5.3041589E-07
  8.8034230E+00 -6.1272841E-01  7.9997526E+01 -6.1025469E-01  1.1450894E-02  4.1517736E-03  0.0000000E+00  4.5171054E-07
  8.9284564E+00 -5.9909662E-01  7.9997824E+01 -5.9692027E-01  1.0216042E-02  3.6907021E-03  0.0000000E+00  3.8408367E-07
  9.0552655E+00 -5.8512852E-01  7.9998089E+01 -5.8321718E-01  9.0970787E-03  3.2747215E-03  0.0000000E+00  3.2606225E-07
  9.1838755E+00 -5.7084317E-01  7.9998324E+01 -5.6916758E-01  8.0851383E-03  2.9001068E-03  0.0000000E+00  2.7635771E-07
  9.3143121E+00 -5.5626616E-01  7.9998534E+01 -5.5479990E-01  7.1718262E-03  2.5633763E-03  0.0000000E+00  2.3384417E-07
  9.4466012E+00 -5.4142849E-01  7.9998719E+01 -5.4014775E-01  6.3492110E-03  2.2612803E-03  0.0000000E+00  1.9753913E-07
  9.5807691E+00 -5.2636559E-01  7.9998883E+01 -5.2524894E-01  5.6098168E-03  1.9907902E-03  0.0000000E+00  1.6658631E-07
  9.7168425E+00 -5.1111619E-01  7.9999028E+01 -5.1014443E-01  4.9466147E-03  1.7490878E-03  0.0000000E+00  1.4024042E-07
  9.8548485E+00 -4.9572143E-01  7.9999156E+01 -4.9487733E-01  4.3530121E-03  1.5335551E-03  0.0000000E+00  1.1785370E-07
  9.9948144E+00 -4.8022384E-01  7.9999268E+01 -4.7949200E-01  3.8228415E-03  1.3417636E-03  0.0000000E+00  9.8863935E-08
  1.0136768E+01 -4.6466650E-01  7.9999367E+01 -4.6403321E-01  3.3503478E-03  1.1714654E-03  0.0000000E+00  8.2783917E-08
  1.0280738E+01 -4.4909235E-01  7.9999453E+01 -4.4854538E-01  2.9301750E-03  1.0205829E-03  0.0000000E+00  6.9192076E-08
  1.0426752E+01 -4.3354346E-01  7.9999529E+01 -4.3307196E-01  2.5573516E-03  8.8720055E-04  0.0000000E+00  5.7724224E-08
  1.0574841E+01 -4.1806053E-01  7.9999594E+01 -4.1765487E-01  2.2272758E-03  7.6955553E-04  0.0000000E+00  4.8066263E-08
  1.0725032E+01 -4.0268241E-01  7.9999652E+01 -4.0233408E-01  1.9356995E-03  6.6602933E-04  0.0000000E+00  3.9947754E-08
  1.0877357E+01 -3.8744577E-01  7.9999701E+01 -3.8714726E-01  1.6787120E-03  5.7513952E-04  0.0000000E+00  3.3136256E-08
  1.1031845E+01 -3.7238482E-01  7.9999745E+01 -3.7212951E-01  1.4527235E-03  4.9553158E-04  0.0000000E+00  2.7432343E-08
  1.1188526E+01 -3.5753115E-01  7.9999782E+01 -3.5731322E-01  1.2544476E-03  4.2597105E-04  0.0000000E+00  2.2665231E-08
  1.1347434E+01 -3.4291356E-01  7.9999814E+01 -3.4272792E-01  1.0808850E-03  3.6533588E-04  0.0000000E+00  1.8688932E-08
  1.1508598E+01 -3.2855807E-01  7.9999842E+01 -3.2840025E-01  9.2930530E-04  3.1260894E-04  0.0000000E+00  1.5378899E-08
  1.1672050E+01 -3.1448789E-01  7.9999866E+01 -3.1435400E-01  7.9723095E-04  2.6687079E-04  0.0000000E+00  1.2629077E-08
  1.1837825E+01 -3.0072345E-01  7.9999887E+01 -3.0061009E-01  6.8241969E-04  2.2729267E-04  0.0000000E+00  1.0349342E-08
  1.2005953E+01 -2.8728248E-01  7.9999904E+01 -2.8718670E-01  5.8284834E-04  1.9312969E-04  0.0000000E+00  8.4632604E-09
  1.2176470E+01 -2.7418013E-01  7.9999919E+01 -2.7409938E-01  4.9669660E-04  1.6371431E-04  0.0000000E+00  6.9061397E-09
  1.2349408E+01 -2.6142907E-01  7.9999932E+01 -2.6136112E-01  4.2233147E-04  1.3845011E-04  0.0000000E+00  5.6233418E-09
  1.2524802E+01 -2.4903961E-01  7.9999943E+01 -2.4898257E-01  3.5829219E-04  1.1680577E-04  0.0000000E+00  4.5688160E-09
  1.2702687E+01 -2.3701989E-01  7.9999952E+01 -2.3697210E-01  3.0327591E-04  9.8309408E-05  0.0000000E+00  3.7038324E-09
  1.2883099E+01 -2.2537599E-01  7.9999960E+01 -2.2533604E-01  2.5612389E-04  8.2543187E-05  0.0000000E+00  2.9958887E-09
  1.3066073E+01 -2.1411210E-01  7.9999967E+01 -2.1407877E-01  2.1580862E-04  6.9138266E-05  0.0000000E+00  2.4177688E-09
  1.3251645E+01 -2.0323066E-01  7.9999972E+01 -2.0320292E-01  1.8142153E-04  5.7770036E-05  0.0000000E+00  1.9467330E-09
  1.3439853E+01 -1.9273252E-01  7.9999977E+01 -1.9270948E-01  1.5216154E-04  4.8153687E-05  0.0000000E+00  1.5638250E-09
  1.3630735E+01 -1.8261707E-01  7.9999981E+01 -1.8259798E-01  1.2732438E-04  4.0040093E-05  0.0000000E+00  1.2532781E-09
  1.3824327E+01 -1.7288240E-01  7.9999984E+01 -1.7286661E-01  1.0629266E-04  3.3212005E-05  0.0000000E+00  1.0020086E-09
  1.4020668E+01 -1.6352540E-01  7.9999987E+01 -1.6351238E-01  8.8526698E-05  2.7480551E-05  0.0000000E+00  7.9918453E-10
  1.4219798E+01 -1.5454192E-01  7.9999989E+01 -1.5453120E-01  7.3556085E-05  2.2682026E-05  0.0000000E+00  6.3585928E-10
  1.4421756E+01 -1.4592685E-01  7.9999991E+01 -1.4591805E-01  6.0971958E-05  1.8674975E-05  0.0000000E+00  5.0466105E-10
  1.4626582E+01 -1.3767428E-01  7.9999993E+01 -1.3766706E-01  5.0419957E-05  1.5337533E-05  0.0000000E+00  3.9953023E-10
  1.4834317E+01 -1.2977754E-01  7.9999994E+01 -1.2977165E-01  4.1593832E-05  1.2565035E-05  0.0000000E+00  3.1549803E-10
  1.5045003E+01 -1.2222937E-01  7.9999995E+01 -1.2222456E-01  3.4229661E-05  1.0267858E-05  0.0000000E+00  2.4850015E-10
  1.5258681E+01 -1.1502193E-01  7.9999996E+01 -1.1501802E-01  2.8100641E-05  8.3694912E-06  0.0000000E+00  1.9522043E-10
  1.5475393E+01 -1.0814695E-01  7.9999997E+01 -1.0814377E-01  2.3012418E-05  6.8048112E-06  0.0000000E+00  1.5296003E-10
  1.5695183E+01 -1.0159575E-01  7.9999997E+01 -1.0159318E-01  1.8798913E-05  5.5185569E-06  0.0000000E+00  1.1952810E-10
  1.5918095E+01 -9.5359357E-02  7.9999998E+01 -9.5357282E-02  1.5318613E-05  4.4639744E-06  0.0000000E+00  9.3150768E-11
  1.6144173E+01 -8.9428538E-02  7.9999998E+01 -8.9426867E-02  1.2451269E-05  3.6016258E-06  0.0000000E+00  7.2395605E-11
  1.6373461E+01 -8.3793869E-02  7.9999999E+01 -8.3792526E-02  1.0094998E-05  2.8983437E-06  0.0000000E+00  5.6108936E-11
  1.6606006E+01 -7.8445785E-02  7.9999999E+01 -7.8444709E-02  8.1637131E-06  2.3263171E-06  0.0000000E+00  4.3364120E-11
  1.6841853E+01 -7.3374632E-02  7.9999999E+01 -7.3373771E-02  6.5848838E-06  1.8622954E-06  0.0000000E+00  3.3418902E-11
  1.7081050E+01 -6.8570705E-02  7.9999999E+01 -6.8570019E-02  5.2975725E-06  1.4868989E-06  0.0000000E+00  2.5680370E-11
  1.7323645E+01 -6.4024296E-02  7.9999999E+01 -6.4023750E-02  4.2507265E-06  1.1840214E-06  0.0000000E+00  1.9676237E-11
  1.7569684E+01 -5.9725720E-02  8.0000000E+01 -5.9725288E-02  3.4016950E-06  9.4031760E-07  0.0000000E+00  1.5031370E-11
  1.7819218E+01 -5.5665357E-02  8.0000000E+01 -5.5665015E-02  2.7149480E-06  7.4476211E-07  0.0000000E+00  1.1448665E-11
  1.8072296E+01 -5.1833672E-02  8.0000000E+01 -5.1833402E-02  2.1609714E-06  5.8827336E-07  0.0000000E+00  8.6935020E-12
  1.8328968E+01 -4.8221247E-02  8.0000000E+01 -4.8221035E-02  1.7153183E-06  4.6339296E-07  0.0000000E+00  6.5811549E-12
  1.8589285E+01 -4.4818800E-02  8.0000000E+01 -4.4818634E-02  1.3577971E-06  3.6401376E-07  0.0000000E+00  4.9666164E-12
  1.8853300E+01 -4.1617209E-02  8.0000000E+01 -4.1617079E-02  1.0717788E-06  2.8514984E-07  0.0000000E+00  3.7364045E-12
  1.9121064E+01 -3.8607525E-02  8.0000000E+01 -3.8607423E-02  8.4360786E-07  2.2274280E-07  0.0000000E+00  2.8019829E-12
  1.9392631E+01 -3.5780989E-02  8.0000000E+01 -3.5780910E-02  6.6210317E-07  1.7349902E-07  0.0000000E+00  2.0944926E-12
  1.9668055E+01 -3.3129046E-02  8.0000000E+01 -3.3128986E-02  5.1813639E-07  1.3475350E-07  0.0000000E+00  1.5605488E-12
  1.9947390E+01 -3.0643359E-02  8.0000000E+01 -3.0643312E-02  4.0427701E-07  1.0435637E-07  0.0000000E+00  1.1588956E-12
  2.0230693E+01 -2.8315809E-02  8.0000000E+01 -2.8315773E-02  3.1449448E-07  8.0578519E-08  0.0000000E+00  8.5775438E-13
  2.0518019E+01 -2.6138514E-02  8.0000000E+01 -2.6138486E-02  2.4390903E-07  6.2033421E-08  0.0000000E+00  6.3272695E-13
  2.0809426E+01 -2.4103825E-02  8.0000000E+01 -2.4103805E-02  1.8858398E-07  4.7612648E-08  0.0000000E+00  4.6514409E-13
  2.1104971E+01 -2.2204340E-02  8.0000000E+01 -2.2204324E-02  1.4535311E-07  3.6432780E-08  0.0000000E+00  3.4076845E-13
  2.1404714E+01 -2.0432899E-02  8.0000000E+01 -2.0432887E-02  1.1167766E-07  2.7791895E-08  0.0000000E+00  2.4877958E-13
  2.1708714E+01 -1.8782590E-02  8.0000000E+01 -1.8782581E-02  8.5528341E-08  2.1133992E-08  0.0000000E+00  1.8098235E-13
  2.2017031E+01 -1.7246751E-02  8.0000000E+01 -1.7246745E-02  6.5288107E-08  1.6020031E-08  0.0000000E+00  1.3119171E-13
  2.2329728E+01 -1.5818968E-02  8.0000000E+01 -1.5818964E-02  4.9672538E-08  1.2104413E-08  0.0000000E+00  9.4756194E-14
  2.2646865E+01 -1.4493076E-02  8.0000000E+01 -1.4493072E-02  3.7664671E-08  9.1159505E-09  0.0000000E+00  6.8190220E-14
  2.2968506E+01 -1.3263152E-02  8.0000000E+01 -1.3263150E-02  2.8461923E-08  6.8425278E-09  0.0000000E+00  4.8891334E-14
  2.3294715E+01 -1.2123523E-02  8.0000000E+01 -1.2123522E-02  2.1432982E-08  5.1187665E-09  0.0000000E+00  3.4923587E-14
  2.3625557E+01 -1.1068752E-02  8.0000000E+01 -1.1068751E-02  1.6082914E-08  3.8161475E-09  0.0000000E+00  2.4852187E-14
  2.3961098E+01 -1.0093641E-02  8.0000000E+01 -1.0093641E-02  1.2025011E-08  2.8351253E-09  0.0000000E+00  1.7617758E-14
  2.4301405E+01 -9.1932254E-03  8.0000000E+01 -9.1932252E-03  8.9581669E-09  2.0988533E-09  0.0000000E+00  1.2441082E-14
  2.4646544E+01 -8.3627680E-03  8.0000000E+01 -8.3627681E-03  6.6487414E-09  1.5482081E-09  0.0000000E+00  8.7512098E-15
  2.4996585E+01 -7.5977563E-03  8.0000000E+01 -7.5977566E-03  4.9160866E-09  1.1378576E-09  0.0000000E+00  6.1314225E-15
  2.5351598E+01 -6.8938961E-03  8.0000000E+01 -6.8938965E-03  3.6210291E-09  8.3316519E-10  0.0000000E+00  4.2787614E-15
  2.5711652E+01 -6.2471060E-03  8.0000000E+01 -6.2471065E-03  2.6567396E-09  6.0775911E-10  0.0000000E+00  2.9738481E-15
  2.6076820E+01 -5.6535121E-03  8.0000000E+01 -5.6535127E-03  1.9415208E-09  4.4163233E-10  0.0000000E+00  2.0584644E-15
  2.6447174E+01 -5.1094417E-03  8.0000000E+01 -5.1094423E-03  1.4131305E-09  3.1966161E-10  0.0000000E+00  1.4189644E-15
  2.6822789E+01 -4.6114175E-03  8.0000000E+01 -4.6114182E-03  1.0243307E-09  2.3045755E-10  0.0000000E+00  9.7405298E-16
  2.7203737E+01 -4.1561515E-03  8.0000000E+01 -4.1561522E-03  7.3941116E-10  1.6547491E-10  0.0000000E+00  6.6581839E-16
  2.7590096E+01 -3.7405383E-03  8.0000000E+01 -3.7405390E-03  5.3148292E-10  1.1832692E-10  0.0000000E+00  4.5317923E-16
  2.7981942E+01 -3.3616492E-03  8.0000000E+01 -3.3616499E-03  3.8038145E-10  8.4258527E-11  0.0000000E+00  3.0711699E-16
  2.8379354E+01 -3.0167256E-03  8.0000000E+01 -3.0167264E-03  2.7104713E-10  5.9743596E-11  0.0000000E+00  2.0722193E-16
  2.8782409E+01 -2.7031729E-03  8.0000000E+01 -2.7031737E-03  1.9228000E-10  4.2177782E-11  0.0000000E+00  1.3920145E-16
  2.9191189E+01 -2.4185537E-03  8.0000000E+01 -2.4185545E-03  1.3578605E-10  2.9645459E-11  0.0000000E+00  9.3090610E-17
  2.9605774E+01 -2.1605818E-03  8.0000000E+01 -2.1605826E-03  9.5449881E-11  2.0743468E-11  0.0000000E+00  6.1972612E-17
  3.0026247E+01 -1.9271157E-03  8.0000000E+01 -1.9271165E-03  6.6782391E-11  1.4448392E-11  0.0000000E+00  4.1067952E-17
  3.0452692E+01 -1.7161524E-03  8.0000000E+01 -1.7161532E-03  4.6503063E-11  1.0017017E-11  0.0000000E+00  2.7089031E-17
  3.0885194E+01 -1.5258214E-03  8.0000000E+01 -1.5258222E-03  3.2225559E-11  6.9119935E-12  0.0000000E+00  1.7784737E-17
  3.1323838E+01 -1.3543782E-03  8.0000000E+01 -1.3543789E-03  2.2222076E-11  4.7465606E-12  0.0000000E+00  1.1620977E-17
  3.1768711E+01 -1.2001986E-03  8.0000000E+01 -1.2001993E-03  1.5247532E-11  3.2436216E-12  0.0000000E+00  7.5571281E-18
  3.2219903E+01 -1.0617727E-03  8.0000000E+01 -1.0617735E-03  1.0409032E-11  2.2055658E-12  0.0000000E+00  4.8905822E-18
  3.2677503E+01 -9.3769937E-04  8.0000000E+01 -9.3770012E-04  7.0693910E-12  1.4921555E-12  0.0000000E+00  3.1495920E-18
  3.3141602E+01 -8.2668328E-04  8.0000000E+01 -8.2668402E-04  4.7761527E-12  1.0043229E-12  0.0000000E+00  2.0181861E-18
  3.3612292E+01 -7.3887891E-04  8.0000000E+01 -7.3887978E-04  3.2096969E-12  6.7245139E-13  0.0000000E+00  1.2868985E-18
  3.4089667E+01 -5.4792174E-04  8.0000000E+01 -5.4792139E-04  2.1453689E-12  4.4785925E-13  0.0000000E+00  8.1636066E-19
  3.4573821E+01 -5.5614859E-04  8.0000000E+01 -5.5614926E-04  1.4261202E-12  2.9666917E-13  0.0000000E+00  5.1526373E-19
  3.5064852E+01 -5.0606941E-04  8.0000000E+01 -5.0607126E-04  9.4273438E-13  1.9544319E-13  0.0000000E+00  3.2354744E-19
  3.5562856E+01 -3.9380284E-04  8.0000000E+01 -3.9380344E-04  6.1967416E-13  1.2803996E-13  0.0000000E+00  2.0209637E-19
  3.6067934E+01 -3.6721477E-04  8.0000000E+01 -3.6721550E-04  4.0498675E-13  8.3407738E-14  0.0000000E+00  1.2557856E-19
  3.6580184E+01 -3.2343437E-04  8.0000000E+01 -3.2343509E-04  2.6313769E-13  5.4021388E-14  0.0000000E+00  7.7616599E-20
  3.7099710E+01 -2.8191570E-04  8.0000000E+01 -2.8191642E-04  1.6996180E-13  3.4784278E-14  0.0000000E+00  4.7716216E-20
  3.7626614E+01 -2.4460791E-04  8.0000000E+01 -2.4460862E-04  1.0912050E-13  2.2264744E-14  0.0000000E+00  2.9176010E-20
  3.8161001E+01 -2.1164625E-04  8.0000000E+01 -2.1164696E-04  6.9631936E-14  1.4165410E-14  0.0000000E+00  1.7742448E-20
  3.8702978E+01 -1.8270844E-04  8.0000000E+01 -1.8270914E-04  4.4158830E-14  8.9573187E-15  0.0000000E+00  1.0730535E-20
  3.9252652E+01 -1.5738683E-04  8.0000000E+01 -1.5738753E-04  2.7828659E-14  5.6288677E-15  0.0000000E+00  6.4533513E-21
  3.9810132E+01 -1.3528379E-04  8.0000000E+01 -1.3528449E-04  1.7425783E-14  3.5149066E-15  0.0000000E+00  3.8596339E-21
  4.0375530E+01 -1.1603321E-04  8.0000000E+01 -1.1603390E-04  1.0841169E-14  2.1808041E-15  0.0000000E+00  2.2953215E-21
  4.0948958E+01 -9.9303714E-05  8.0000000E+01 -9.9304402E-05  6.7004157E-15  1.3442696E-15  0.0000000E+00  1.3572769E-21
  4.1530530E+01 -8.4797210E-05  8.0000000E+01 -8.4797895E-05  4.1136438E-15  8.2315121E-16  0.0000000E+00  7.9799721E-22
  4.2120362E+01 -7.2246412E-05  8.0000000E+01 -7.2247092E-05  2.5084643E-15  5.0067119E-16  0.0000000E+00  4.6646895E-22
  4.2718570E+01 -6.1412271E-05  8.0000000E+01 -6.1412946E-05  1.5191546E-15  3.0245518E-16  0.0000000E+00  2.7108974E-22
  4.3325275E+01 -5.2081500E-05  8.0000000E+01 -5.2082170E-05  9.1361827E-16  1.8145132E-16  0.0000000E+00  1.5662194E-22
  4.3940596E+01 -4.4064249E-05  8.0000000E+01 -4.4064914E-05  5.4557159E-16  1.0809474E-16  0.0000000E+00  8.9954182E-23
  4.4564656E+01 -3.7191933E-05  8.0000000E+01 -3.7192593E-05  3.2345788E-16  6.3936458E-17  0.0000000E+00  5.1356911E-23
  4.5197578E+01 -3.1315211E-05  8.0000000E+01 -3.1315867E-05  1.9037812E-16  3.7544451E-17  0.0000000E+00  2.9145007E-23
  4.5839490E+01 -2.6302114E-05  8.0000000E+01 -2.6302765E-05  1.1122524E-16  2.1885134E-17  0.0000000E+00  1.6439753E-23
  4.6490519E+01 -2.2036318E-05  8.0000000E+01 -2.2036964E-05  6.4495558E-17  1.2662267E-17  0.0000000E+00  9.2165722E-24
  4.7150793E+01 -1.8415544E-05  8.0000000E+01 -1.8416185E-05  3.7114952E-17  7.2708383E-18  0.0000000E+00  5.1352605E-24
  4.7820445E+01 -1.5350096E-05  8.0000000E+01 -1.5350732E-05  2.1193982E-17  4.1430445E-18  0.0000000E+00  2.8434716E-24
  4.8499608E+01 -1.2761517E-05  8.0000000E+01 -1.2762148E-05  1.2008037E-17  2.3424351E-18  0.0000000E+00  1.5645933E-24
  4.9188416E+01 -1.0581362E-05  8.0000000E+01 -1.0581988E-05  6.7495981E-18  1.3139490E-18  0.0000000E+00  8.5544285E-25
  4.9887006E+01 -8.7500811E-06  8.0000000E+01 -8.7507025E-06  3.7633985E-18  7.3114232E-19  0.0000000E+00  4.6471449E-25
  5.0595519E+01 -7.2160028E-06  8.0000000E+01 -7.2166191E-06  2.0812689E-18  4.0354005E-19  0.0000000E+00  2.5081493E-25
  5.1314093E+01 -5.9344165E-06  8.0000000E+01 -5.9350278E-06  1.1414858E-18  2.2089245E-19  0.0000000E+00  1.3447953E-25
  5.2042873E+01 -4.8667426E-06  8.0000000E+01 -4.8673489E-06  6.2080478E-19  1.1990356E-19  0.0000000E+00  7.1623488E-26
  5.2782004E+01 -3.9797864E-06  8.0000000E+01 -3.9803874E-06  3.3475653E-19  6.4533779E-20  0.0000000E+00  3.7888656E-26
  5.3531632E+01 -3.2450679E-06  8.0000000E+01 -3.2456638E-06  1.7895301E-19  3.4434358E-20  0.0000000E+00  1.9905420E-26
  5.4291906E+01 -2.6382244E-06  8.0000000E+01 -2.6388151E-06  9.4826715E-20  1.8213446E-20  0.0000000E+00  1.0384680E-26
  5.5062977E+01 -2.1384761E-06  8.0000000E+01 -2.1390616E-06  4.9802263E-20  9.5484685E-21  0.0000000E+00  5.3794679E-27
  5.5845000E+01 -1.7281514E-06  8.0000000E+01 -1.7287317E-06  2.5920143E-20  4.9608841E-21  0.0000000E+00  2.7662776E-27
  5.6638129E+01 -1.3922719E-06  8.0000000E+01 -1.3928468E-06  1.3367189E-20  2.5539286E-21  0.0000000E+00  1.4121932E-27
  5.7442522E+01 -1.1181762E-06  8.0000000E+01 -1.1187460E-06  6.8296719E-21  1.3026512E-21  0.0000000E+00  7.1549252E-28
  5.8258340E+01 -8.9519752E-07  8.0000000E+01 -8.9576190E-07  3.4566750E-21  6.5820068E-22  0.0000000E+00  3.5973494E-28
  5.9085744E+01 -7.1437671E-07  8.0000000E+01 -7.1493579E-07  1.7328354E-21  3.2941253E-22  0.0000000E+00  1.7945592E-28
  5.9924899E+01 -5.6821405E-07  8.0000000E+01 -5.6876770E-07  8.6027313E-22  1.6327264E-22  0.0000000E+00  8.8809327E-29
  6.0775972E+01 -4.5045131E-07  8.0000000E+01 -4.5099949E-07  4.2289752E-22  8.0134101E-23  0.0000000E+00  4.3592310E-29
  6.1639131E+01  5.4288307E-10  8.0000000E+01  0.0000000E+00  2.0582219E-22  3.8939486E-23  0.0000000E+00  2.1219437E-29
  6.2514550E+01  5.3735505E-10  8.0000000E+01  0.0000000E+00  9.9161999E-23  1.8731362E-23  0.0000000E+00  1.0241179E-29
  6.3402402E+01  5.3185545E-10  8.0000000E+01  0.0000000E+00  4.7285846E-23  8.9184897E-24  0.0000000E+00  4.8997640E-30
  6.4302863E+01  5.2629900E-10  8.0000000E+01  0.0000000E+00  2.2314431E-23  4.2023454E-24  0.0000000E+00  2.3234013E-30
  6.5216113E+01  5.2068572E-10  8.0000000E+01  0.0000000E+00  1.0419437E-23  1.9593200E-24  0.0000000E+00  1.0917166E-30
  6.6142333E+01  5.1511506E-10  8.0000000E+01  0.0000000E+00  4.8132739E-24  9.0378677E-25  0.0000000E+00  5.0820994E-31
  6.7081707E+01  5.0945914E-10  8.0000000E+01  0.0000000E+00  2.1994189E-24  4.1238843E-25  0.0000000E+00  2.3433289E-31
  6.8034422E+01  5.0383164E-10  8.0000000E+01  0.0000000E+00  9.9398223E-25  1.8610530E-25  0.0000000E+00  1.0700107E-31
  6.9000669E+01  4.9814730E-10  8.0000000E+01  0.0000000E+00  4.4420538E-25  8.3052706E-26  0.0000000E+00  4.8374278E-32
  6.9980638E+01  4.9244875E-10  8.0000000E+01  0.0000000E+00  1.9626996E-25  3.6645576E-26  0.0000000E+00  2.1648010E-32
  7.0974525E+01  4.8666493E-10  8.0000000E+01  0.0000000E+00  8.5727058E-26  1.5984203E-26  0.0000000E+00  9.5874477E-33
  7.1982527E+01  4.8082427E-10  8.0000000E+01  0.0000000E+00  3.7008749E-26  6.8911243E-27  0.0000000E+00  4.2012013E-33
  7.3004845E+01  4.7504045E-10  8.0000000E+01  0.0000000E+00  1.5788484E-26  2.9359396E-27  0.0000000E+00  1.8211354E-33
  7.4041682E+01  4.6914295E-10  8.0000000E+01  0.0000000E+00  6.6550433E-27  1.2359092E-27  0.0000000E+00  7.8068449E-34
  7.5093245E+01  4.6325965E-10  8.0000000E+01  0.0000000E+00  2.7711634E-27  5.1396125E-28  0.0000000E+00  3.3093160E-34
  7.6159742E+01  4.5729109E-10  8.0000000E+01  0.0000000E+00  1.1397201E-27  2.1110846E-28  0.0000000E+00  1.3866912E-34
  7.7241386E+01  4.5132253E-10  8.0000000E+01  0.0000000E+00  4.6289458E-28  8.5631677E-29  0.0000000E+00  5.7427343E-35
  7.8338392E+01  4.4526871E-10  8.0000000E+01  0.0000000E+00  1.8562463E-28  3.4295593E-29  0.0000000E+00  2.3499373E-35
  7.9450978E+01  4.3920068E-10  8.0000000E+01  0.0000000E+00  7.3481748E-29  1.3559311E-29  0.0000000E+00  9.4993357E-36
  8.0579365E+01  4.3314685E-10  8.0000000E+01  0.0000000E+00  2.8710006E-29  5.2911681E-30  0.0000000E+00  3.7925396E-36
  8.1723777E+01  4.2697934E-10  8.0000000E+01  0.0000000E+00  1.1069179E-29  2.0375028E-30  0.0000000E+00  1.4950892E-36
  8.2884443E+01  4.2088288E-10  8.0000000E+01  0.0000000E+00  4.2105915E-30  7.7409527E-31  0.0000000E+00  5.8184056E-37
  8.4061592E+01  4.1465853E-10  8.0000000E+01  0.0000000E+00  1.5799101E-30  2.9010540E-31  0.0000000E+00  2.2348079E-37
  8.5255460E+01  4.0846260E-10  8.0000000E+01  0.0000000E+00  5.8465281E-31  1.0722519E-31  0.0000000E+00  8.4698312E-38
  8.6466284E+01  4.0216719E-10  8.0000000E+01  0.0000000E+00  2.1333083E-31  3.9077839E-32  0.0000000E+00  3.1666945E-38
  8.7694304E+01  3.9580073E-10  8.0000000E+01  0.0000000E+00  7.6738170E-32  1.4040058E-32  0.0000000E+00  1.1677031E-38
  8.8939764E+01  3.8950532E-10  8.0000000E+01  0.0000000E+00  2.7207115E-32  4.9719006E-33  0.0000000E+00  4.2457164E-39
  9.0202913E+01  3.8312464E-10  8.0000000E+01  0.0000000E+00  9.5055329E-33  1.7350036E-33  0.0000000E+00  1.5218031E-39
  9.1484002E+01  3.7670134E-10  8.0000000E+01  0.0000000E+00  3.2719133E-33  5.9650030E-34  0.0000000E+00  5.3758985E-40
  9.2783284E+01  3.7019277E-10  8.0000000E+01  0.0000000E+00  1.1093417E-33  2.0200451E-34  0.0000000E+00  1.8712343E-40
  9.4101020E+01  3.6369840E-10  8.0000000E+01  0.0000000E+00  3.7040005E-34  6.7368258E-35  0.0000000E+00  6.4160355E-41
  9.5437470E+01  3.5710457E-10  8.0000000E+01  0.0000000E+00  1.2176564E-34  2.2120440E-35  0.0000000E+00  2.1666792E-41
  9.6792901E+01  3.5045389E-10  8.0000000E+01  0.0000000E+00  3.9402994E-35  7.1496152E-36  0.0000000E+00  7.2039463E-42
  9.8167582E+01  3.4381742E-10  8.0000000E+01  0.0000000E+00  1.2548327E-35  2.2741655E-36  0.0000000E+00  2.3577531E-42
  9.9561787E+01  3.3705305E-10  8.0000000E+01  0.0000000E+00  3.9318274E-36  7.1172339E-37  0.0000000E+00  7.5939617E-43
  1.0097579E+02  3.3034553E-10  8.0000000E+01  0.0000000E+00  1.2118627E-36  2.1910278E-37  0.0000000E+00  2.4064100E-43
  1.0240988E+02  3.2349590E-10  8.0000000E+01  0.0000000E+00  3.6733267E-37  6.6332777E-38  0.0000000E+00  7.5004888E-44
  1.0386433E+02  3.1658942E-10  8.0000000E+01  0.0000000E+00  1.0947329E-37  1.9744524E-38  0.0000000E+00  2.2988699E-44
  1.0533945E+02  3.0973979E-10  8.0000000E+01  0.0000000E+00  3.2069554E-38  5.7769191E-39  0.0000000E+00  6.9267367E-45
  1.0683551E+02  3.0274805E-10  8.0000000E+01  0.0000000E+00  9.2322140E-39  1.6609949E-39  0.0000000E+00  2.0512350E-45
  1.0835282E+02  2.9577052E-10  8.0000000E+01  0.0000000E+00  2.6111836E-39  4.6919380E-40  0.0000000E+00  5.9683712E-46
  1.0989167E+02  2.8869351E-10  8.0000000E+01  0.0000000E+00  7.2539786E-40  1.3017754E-40  0.0000000E+00  1.7058046E-46
  1.1145239E+02  2.8163072E-10  8.0000000E+01  0.0000000E+00  1.9788344E-40  3.5465468E-41  0.0000000E+00  4.7875482E-47
  1.1303526E+02  2.7446845E-10  8.0000000E+01  0.0000000E+00  5.2993452E-41  9.4851778E-42  0.0000000E+00  1.3191154E-47
  1.1464062E+02  2.6724933E-10  8.0000000E+01  0.0000000E+00  1.3928296E-41  2.4896471E-42  0.0000000E+00  3.5670673E-48
  1.1626878E+02  2.6003022E-10  8.0000000E+01  0.0000000E+00  3.5918519E-42  6.4115521E-43  0.0000000E+00  9.4638831E-49
  1.1792006E+02  2.5271163E-10  8.0000000E+01  0.0000000E+00  9.0858021E-43  1.6195718E-43  0.0000000E+00  2.4627778E-49
  1.1959480E+02  2.4537883E-10  8.0000000E+01  0.0000000E+00  2.2537742E-43  4.0116725E-44  0.0000000E+00  6.2841189E-50
  1.2129332E+02  2.3790392E-10  8.0000000E+01  0.0000000E+00  5.4806963E-44  9.7412250E-45  0.0000000E+00  1.5717719E-50
  1.2301596E+02  2.3044322E-10  8.0000000E+01  0.0000000E+00  1.3062106E-44  2.3181259E-45  0.0000000E+00  3.8523010E-51
  1.2476307E+02  2.2285462E-10  8.0000000E+01  0.0000000E+00  3.0501041E-45  5.4046326E-46  0.0000000E+00  9.2489564E-52
  1.2653499E+02  2.1519497E-10  8.0000000E+01  0.0000000E+00  6.9760560E-46  1.2341537E-46  0.0000000E+00  2.1745021E-52
  1.2833207E+02  2.0757795E-10  8.0000000E+01  0.0000000E+00  1.5623084E-46  2.7593844E-47  0.0000000E+00  5.0046117E-53
  1.3015468E+02  1.9979041E-10  8.0000000E+01  0.0000000E+00  3.4249214E-47  6.0389122E-48  0.0000000E+00  1.1271175E-53
  1.3200317E+02  1.9203128E-10  8.0000000E+01  0.0000000E+00  7.3472492E-48  1.2932131E-48  0.0000000E+00  2.4831127E-54
  1.3387792E+02  1.8413004E-10  8.0000000E+01  0.0000000E+00  1.5418788E-48  2.7089765E-49  0.0000000E+00  5.3491823E-55
  1.3577929E+02  1.7627144E-10  8.0000000E+01  0.0000000E+00  3.1643587E-49  5.5490747E-50  0.0000000E+00  1.1263463E-55
  1.3770766E+02  1.6824231E-10  8.0000000E+01  0.0000000E+00  6.3487382E-50  1.1111430E-50  0.0000000E+00  2.3172554E-56
  1.3966343E+02  1.6015633E-10  8.0000000E+01  0.0000000E+00  1.2448276E-50  2.1742255E-51  0.0000000E+00  4.6559727E-57
  1.4164697E+02  1.5208457E-10  8.0000000E+01  0.0000000E+00  2.3845278E-51  4.1559761E-52  0.0000000E+00  9.1325315E-58
  1.4365867E+02  1.4389911E-10  8.0000000E+01  0.0000000E+00  4.4608301E-52  7.7574864E-53  0.0000000E+00  1.7479034E-58
  1.4569895E+02  1.3569945E-10  8.0000000E+01  0.0000000E+00  8.1469520E-53  1.4134857E-53  0.0000000E+00  3.2627276E-59
  1.4776821E+02  1.2734347E-10  8.0000000E+01  0.0000000E+00  1.4520587E-53  2.5131831E-54  0.0000000E+00  5.9369318E-60
  1.4986686E+02  1.1895906E-10  8.0000000E+01  0.0000000E+00  2.5247786E-54  4.3586903E-55  0.0000000E+00  1.0525170E-60
  1.5199531E+02  1.1054624E-10  8.0000000E+01  0.0000000E+00  4.2810494E-55  7.3709042E-56  0.0000000E+00  1.8169175E-61
  1.5415398E+02  1.0199130E-10  8.0000000E+01  0.0000000E+00  7.0761941E-56  1.2149232E-56  0.0000000E+00  3.0522209E-62
  1.5634332E+02  9.3464791E-11  8.0000000E+01  0.0000000E+00  1.1397341E-56  1.9510450E-57  0.0000000E+00  4.9863881E-63
  1.5856375E+02  8.4753538E-11  8.0000000E+01  0.0000000E+00  1.7880936E-57  3.0514040E-58  0.0000000E+00  7.9165321E-64
  1.6081572E+02  7.6084916E-11  8.0000000E+01  0.0000000E+00  2.7313998E-58  4.6458595E-59  0.0000000E+00  1.2204527E-64
  1.6309967E+02  6.7203132E-11  8.0000000E+01  0.0000000E+00  4.0607921E-59  6.8830769E-60  0.0000000E+00  1.8254233E-65
  1.6541605E+02  5.8236083E-11  8.0000000E+01  0.0000000E+00  5.8733434E-60  9.9188589E-61  0.0000000E+00  2.6462644E-66
  1.6776534E+02  4.9283244E-11  8.0000000E+01  0.0000000E+00  8.2608443E-61  1.3896700E-61  0.0000000E+00  3.7139563E-67
  1.7014798E+02  4.0216719E-11  8.0000000E+01  0.0000000E+00  1.1293785E-61  1.8920676E-62  0.0000000E+00  5.0396129E-68
  1.7256447E+02  3.1150194E-11  8.0000000E+01  0.0000000E+00  1.5001636E-62  2.5022831E-63  0.0000000E+00  6.6012135E-69
  1.7501528E+02  2.1842084E-11  8.0000000E+01  0.0000000E+00  1.9351998E-63  3.2129675E-64  0.0000000E+00  8.3304371E-70
  1.7750089E+02  1.2576606E-11  8.0000000E+01  0.0000000E+00  2.4232670E-64  4.0034725E-65  0.0000000E+00  1.0103054E-70
  1.8002181E+02  3.1690206E-12  8.0000000E+01  0.0000000E+00  2.9441601E-65  4.8385324E-66  0.0000000E+00  1.1737104E-71
  1.8257853E+02 -6.3238303E-12  8.0000000E+01  0.0000000E+00  3.4689481E-66  5.6691302E-67  0.0000000E+00  1.3002832E-72
  1.8517155E+02 -1.5845103E-11  8.0000000E+01  0.0000000E+00  3.9618904E-67  6.4363123E-68  0.0000000E+00  1.3647453E-73
  1.8780141E+02 -2.5551117E-11  8.0000000E+01  0.0000000E+00  4.3833338E-68  7.0754549E-69  0.0000000E+00  1.3427777E-74
  1.9046862E+02 -3.5271341E-11  8.0000000E+01  0.0000000E+00  4.7038237E-69  7.5000279E-70  0.0000000E+00  1.2095851E-75
  1.9317370E+02 -4.5133675E-11  8.0000000E+01  0.0000000E+00  4.9743130E-70  7.7153902E-71  0.0000000E+00  9.9356751E-77
  1.9591721E+02 -5.4981797E-11  8.0000000E+01  0.0000000E+00  5.0951597E-71  7.9370404E-72  0.0000000E+00  8.5825761E-78
  1.9869967E+02 -6.5043082E-11  8.0000000E+01  0.0000000E+00  5.0527558E-72  1.3927727E-72  0.0000000E+00 -7.1500055E-76
  2.0152166E+02 -7.5147000E-11  8.0000000E+01  0.0000000E+00  4.8489202E-73  2.7011316E-73  0.0000000E+00 -6.7858716E-74
