  0.0000000E+00 -8.0000000E+01  0.0000000E+00  0.0000000E+00  0.0000000E+00  0.0000000E+00  0.0000000E+00  0.0000000E+00  0.0000000E+00  0.0000000E+00
  5.0071180E-06 -7.9997931E+01 -1.6848216E-04  1.2083543E-05  6.1131818E-11  6.1131818E-11  3.0016659E-16  1.0756790E-21  3.2342660E-27  8.6731731E-33
  1.0085348E-05 -7.9995833E+01 -3.3935714E-04  2.4338699E-05  2.4801244E-10  2.4801244E-10  2.4528533E-15  1.7704961E-20  1.0722378E-25  5.7915721E-31
  1.5235701E-05 -7.9993705E+01 -5.1265893E-04  3.6767906E-05  5.6600013E-10  5.6600013E-10  8.4564130E-15  9.2210659E-20  8.4362374E-25  6.8837593E-30
  2.0459200E-05 -7.9991547E+01 -6.8842200E-04  4.9373635E-05  1.0206315E-09  1.0206315E-09  2.0476928E-14  2.9983751E-19  3.6836626E-24  4.0362953E-29
  2.5756884E-05 -7.9989359E+01 -8.6668129E-04  6.2158394E-05  1.6176267E-09  1.6176267E-09  4.0858165E-14  7.5319026E-19  1.1649392E-23  1.6069821E-28
  3.1129808E-05 -7.9987139E+01 -1.0474723E-03  7.5124725E-05  2.3628956E-09  2.3628956E-09  7.2132037E-14  1.6070787E-18  3.0041306E-23  5.0085233E-28
  3.6579039E-05 -7.9984888E+01 -1.2308309E-03  8.8275208E-05  3.2625429E-09  3.2625429E-09  1.1702961E-13  3.0638009E-18  6.7297365E-23  1.3183927E-27
  4.2105661E-05 -7.9982604E+01 -1.4167936E-03  1.0161246E-04  4.3228746E-09  4.3228746E-09  1.7849265E-13  5.3788984E-18  1.3600005E-22  3.0668604E-27
  4.7710774E-05 -7.9980289E+01 -1.6053974E-03  1.1513912E-04  5.5504038E-09  5.5504038E-09  2.5968583E-13  8.8674188E-18  2.5404983E-22  6.4915711E-27
  5.3395492E-05 -7.9977940E+01 -1.7966798E-03  1.2885790E-04  6.9518571E-09  6.9518571E-09  3.6400944E-13  1.3910724E-17  4.4602537E-22  1.2754945E-26
  5.9160945E-05 -7.9975558E+01 -1.9906788E-03  1.4277151E-04  8.5341813E-09  8.5341813E-09  4.9511284E-13  2.0963886E-17  7.4475278E-22  2.3597266E-26
  6.5008281E-05 -7.9973142E+01 -2.1874331E-03  1.5688273E-04  1.0304550E-08  1.0304550E-08  6.5690857E-13  3.0563713E-17  1.1931087E-21  4.1539681E-26
  7.0938662E-05 -7.9970692E+01 -2.3869817E-03  1.7119436E-04  1.2270370E-08  1.2270370E-08  8.5358713E-13  4.3337451E-17  1.8460845E-21  7.0137298E-26
  7.6953268E-05 -7.9968208E+01 -2.5893643E-03  1.8570925E-04  1.4439289E-08  1.4439289E-08  1.0896326E-12  6.0012215E-17  2.7731410E-21  1.1429138E-25
  8.3053295E-05 -7.9965687E+01 -2.7946213E-03  2.0043028E-04  1.6819202E-08  1.6819202E-08  1.3698388E-12  8.1425203E-17  4.0608874E-21  1.8063099E-25
  8.9239956E-05 -7.9963131E+01 -3.0027933E-03  2.1536038E-04  1.9418262E-08  1.9418262E-08  1.6993268E-12  1.0853474E-16  5.8161198E-21  2.7797590E-25
  9.5514481E-05 -7.9960539E+01 -3.2139218E-03  2.3050252E-04  2.2244882E-08  2.2244882E-08  2.0835625E-12  1.4243223E-16  8.1692599E-21  4.1789424E-25
  1.0187812E-04 -7.9957910E+01 -3.4280489E-03  2.4585971E-04  2.5307747E-08  2.5307747E-08  2.5283758E-12  1.8435505E-16  1.1278236E-20  6.1537034E-25
  1.0833213E-04 -7.9955244E+01 -3.6452170E-03  2.6143502E-04  2.8615824E-08  2.8615824E-08  3.0399803E-12  2.3570054E-16  1.5332858E-20  8.8960016E-25
  1.1487781E-04 -7.9952540E+01 -3.8654694E-03  2.7723152E-04  3.2178364E-08  3.2178364E-08  3.6249943E-12  2.9804098E-16  2.0559728E-20  1.2649343E-24
  1.2151645E-04 -7.9949797E+01 -4.0888499E-03  2.9325237E-04  3.6004917E-08  3.6004917E-08  4.2904625E-12  3.7313990E-16  2.7227765E-20  1.7719911E-24
  1.2824938E-04 -7.9947016E+01 -4.3154029E-03  3.0950076E-04  4.0105337E-08  4.0105337E-08  5.0438788E-12  4.6296953E-16  3.5654381E-20  2.4489651E-24
  1.3507792E-04 -7.9944194E+01 -4.5451734E-03  3.2597990E-04  4.4489794E-08  4.4489794E-08  5.8932108E-12  5.6972969E-16  4.6212393E-20  3.3431609E-24
  1.4200345E-04 -7.9941333E+01 -4.7782072E-03  3.4269309E-04  4.9168780E-08  4.9168780E-08  6.8469246E-12  6.9586812E-16  5.9337748E-20  4.5127825E-24
  1.4902733E-04 -7.9938432E+01 -5.0145506E-03  3.5964364E-04  5.4153124E-08  5.4153124E-08  7.9140112E-12  8.4410233E-16  7.5538135E-20  6.0290188E-24
  1.5615097E-04 -7.9935489E+01 -5.2542506E-03  3.7683493E-04  5.9453995E-08  5.9453995E-08  9.1040149E-12  1.0174432E-15  9.5402573E-20  7.9784629E-24
  1.6337579E-04 -7.9932504E+01 -5.4973549E-03  3.9427037E-04  6.5082919E-08  6.5082919E-08  1.0427061E-11  1.2192201E-15  1.1961208E-19  1.0465914E-23
  1.7070321E-04 -7.9929477E+01 -5.7439118E-03  4.1195344E-04  7.1051786E-08  7.1051786E-08  1.1893889E-11  1.4531086E-15  1.4895153E-19  1.3617617E-23
  1.7813469E-04 -7.9926407E+01 -5.9939704E-03  4.2988764E-04  7.7372861E-08  7.7372861E-08  1.3515882E-11  1.7231592E-15  1.8432283E-19  1.7584988E-23
  1.8567172E-04 -7.9923293E+01 -6.2475803E-03  4.4807655E-04  8.4058797E-08  8.4058797E-08  1.5305099E-11  2.0338289E-15  2.2675946E-19  2.2548914E-23
  1.9331579E-04 -7.9920135E+01 -6.5047921E-03  4.6652378E-04  9.1122645E-08  9.1122645E-08  1.7274316E-11  2.3900155E-15  2.7744268E-19  2.8724671E-23
  2.0106843E-04 -7.9916933E+01 -6.7656569E-03  4.8523301E-04  9.8577866E-08  9.8577866E-08  1.9437057E-11  2.7970930E-15  3.3771940E-19  3.6367575E-23
  2.0893117E-04 -7.9913685E+01 -7.0302265E-03  5.0420795E-04  1.0643834E-07  1.0643834E-07  2.1807635E-11  3.2609512E-15  4.0912193E-19  4.5779437E-23
  2.1690558E-04 -7.9910390E+01 -7.2985536E-03  5.2345237E-04  1.1471840E-07  1.1471840E-07  2.4401191E-11  3.7880372E-15  4.9338982E-19  5.7315932E-23
  2.2499324E-04 -7.9907049E+01 -7.5706916E-03  5.4297011E-04  1.2343280E-07  1.2343280E-07  2.7233739E-11  4.3854003E-15  5.9249398E-19  7.1395010E-23
  2.3319577E-04 -7.9903661E+01 -7.8466945E-03  5.6276504E-04  1.3259678E-07  1.3259678E-07  3.0322209E-11  5.0607398E-15  7.0866323E-19  8.8506467E-23
  2.4151479E-04 -7.9900224E+01 -8.1266173E-03  5.8284111E-04  1.4222603E-07  1.4222603E-07  3.3684494E-11  5.8224566E-15  8.4441359E-19  1.0922282E-22
  2.4995196E-04 -7.9896739E+01 -8.4105156E-03  6.0320230E-04  1.5233676E-07  1.5233676E-07  3.7339498E-11  6.6797085E-15  1.0025806E-18  1.3421167E-22
  2.5850895E-04 -7.9893204E+01 -8.6984459E-03  6.2385266E-04  1.6294566E-07  1.6294566E-07  4.1307186E-11  7.6424692E-15  1.1863546E-18  1.6424968E-22
  2.6718748E-04 -7.9889619E+01 -8.9904655E-03  6.4479631E-04  1.7406996E-07  1.7406996E-07  4.5608642E-11  8.7215915E-15  1.3993201E-18  2.0023851E-22
  2.7598925E-04 -7.9885984E+01 -9.2866324E-03  6.6603741E-04  1.8572740E-07  1.8572740E-07  5.0266120E-11  9.9288750E-15  1.6454983E-18  2.4322268E-22
  2.8491604E-04 -7.9882296E+01 -9.5870055E-03  6.8758017E-04  1.9793629E-07  1.9793629E-07  5.5303107E-11  1.1277139E-14  1.9293946E-18  2.9440989E-22
  2.9396960E-04 -7.9878556E+01 -9.8916446E-03  7.0942889E-04  2.1071550E-07  2.1071550E-07  6.0744382E-11  1.2780300E-14  2.2560499E-18  3.5519395E-22
  3.0315175E-04 -7.9874764E+01 -1.0200610E-02  7.3158791E-04  2.2408448E-07  2.2408448E-07  6.6616079E-11  1.4453454E-14  2.6310975E-18  4.2718055E-22
  3.1246430E-04 -7.9870917E+01 -1.0513964E-02  7.5406164E-04  2.3806329E-07  2.3806329E-07  7.2945759E-11  1.6312967E-14  3.0608256E-18  5.1221634E-22
  3.2190911E-04 -7.9867016E+01 -1.0831768E-02  7.7685454E-04  2.5267260E-07  2.5267260E-07  7.9762478E-11  1.8376568E-14  3.5522449E-18  6.1242176E-22
  3.3148806E-04 -7.9863059E+01 -1.1154085E-02  7.9997116E-04  2.6793373E-07  2.6793373E-07  8.7096859E-11  2.0663452E-14  4.1131637E-18  7.3022775E-22
  3.4120305E-04 -7.9859046E+01 -1.1480980E-02  8.2341608E-04  2.8386864E-07  2.8386864E-07  9.4981176E-11  2.3194390E-14  4.7522697E-18  8.6841722E-22
  3.5105602E-04 -7.9854977E+01 -1.1812518E-02  8.4719397E-04  3.0049998E-07  3.0049998E-07  1.0344943E-10  2.5991839E-14  5.4792188E-18  1.0301714E-21
  3.6104892E-04 -7.9850849E+01 -1.2148765E-02  8.7130957E-04  3.1785108E-07  3.1785108E-07  1.1253742E-10  2.9080074E-14  6.3047340E-18  1.2191223E-21
  3.7118374E-04 -7.9846663E+01 -1.2489786E-02  8.9576765E-04  3.3594601E-07  3.3594601E-07  1.2228287E-10  3.2485315E-14  7.2407114E-18  1.4394104E-21
  3.8146249E-04 -7.9842418E+01 -1.2835651E-02  9.2057310E-04  3.5480954E-07  3.5480954E-07  1.3272549E-10  3.6235870E-14  8.3003378E-18  1.6957509E-21
  3.9188723E-04 -7.9838112E+01 -1.3186428E-02  9.4573084E-04  3.7446724E-07  3.7446724E-07  1.4390708E-10  4.0362289E-14  9.4982178E-18  1.9935066E-21
  4.0246003E-04 -7.9833746E+01 -1.3542187E-02  9.7124588E-04  3.9494544E-07  3.9494544E-07  1.5587163E-10  4.4897518E-14  1.0850514E-17  2.3387699E-21
  4.1318298E-04 -7.9829317E+01 -1.3902999E-02  9.9712328E-04  4.1627128E-07  4.1627128E-07  1.6866543E-10  4.9877078E-14  1.2375098E-17  2.7384545E-21
  4.2405822E-04 -7.9824826E+01 -1.4268935E-02  1.0233682E-03  4.3847271E-07  4.3847271E-07  1.8233720E-10  5.5339249E-14  1.4091719E-17  3.2003974E-21
  4.3508792E-04 -7.9820271E+01 -1.4640068E-02  1.0499859E-03  4.6157857E-07  4.6157857E-07  1.9693816E-10  6.1325259E-14  1.6022181E-17  3.7334738E-21
  4.4627426E-04 -7.9815651E+01 -1.5016472E-02  1.0769816E-03  4.8561854E-07  4.8561854E-07  2.1252220E-10  6.7879502E-14  1.8190545E-17  4.3477242E-21
  4.5761947E-04 -7.9810966E+01 -1.5398221E-02  1.1043606E-03  5.1062323E-07  5.1062323E-07  2.2914600E-10  7.5049753E-14  2.0623339E-17  5.0544968E-21
  4.6912581E-04 -7.9806214E+01 -1.5785392E-02  1.1321286E-03  5.3662417E-07  5.3662417E-07  2.4686912E-10  8.2887415E-14  2.3349799E-17  5.8666059E-21
  4.8079557E-04 -7.9801395E+01 -1.6178062E-02  1.1602909E-03  5.6365385E-07  5.6365385E-07  2.6575420E-10  9.1447765E-14  2.6402118E-17  6.7985088E-21
  4.9263106E-04 -7.9796507E+01 -1.6576309E-02  1.1888531E-03  5.9174575E-07  5.9174575E-07  2.8586708E-10  1.0079023E-13  2.9815730E-17  7.8665022E-21
  5.0463464E-04 -7.9791551E+01 -1.6980212E-02  1.2178211E-03  6.2093435E-07  6.2093435E-07  3.0727693E-10  1.1097867E-13  3.3629607E-17  9.0889411E-21
  5.1680870E-04 -7.9786524E+01 -1.7389851E-02  1.2472004E-03  6.5125518E-07  6.5125518E-07  3.3005645E-10  1.2208169E-13  3.7886594E-17  1.0486482E-20
  5.2915566E-04 -7.9781425E+01 -1.7805308E-02  1.2769970E-03  6.8274487E-07  6.8274487E-07  3.5428201E-10  1.3417297E-13  4.2633767E-17  1.2082355E-20
  5.4167797E-04 -7.9776255E+01 -1.8226665E-02  1.3072167E-03  7.1544113E-07  7.1544113E-07  3.8003385E-10  1.4733162E-13  4.7922819E-17  1.3902662E-20
  5.5437813E-04 -7.9771011E+01 -1.8654007E-02  1.3378657E-03  7.4938281E-07  7.4938281E-07  4.0739625E-10  1.6164252E-13  5.3810487E-17  1.5976714E-20
  5.6725866E-04 -7.9765693E+01 -1.9087418E-02  1.3689499E-03  7.8460995E-07  7.8460995E-07  4.3645770E-10  1.7719676E-13  6.0359015E-17  1.8337398E-20
  5.8032212E-04 -7.9760299E+01 -1.9526984E-02  1.4004756E-03  8.2116379E-07  8.2116379E-07  4.6731113E-10  1.9409205E-13  6.7636650E-17  2.1021595E-20
  5.9357112E-04 -7.9754829E+01 -1.9972793E-02  1.4324490E-03  8.5908680E-07  8.5908680E-07  5.0005412E-10  2.1243314E-13  7.5718193E-17  2.4070629E-20
  6.0700827E-04 -7.9749281E+01 -2.0424933E-02  1.4648765E-03  8.9842275E-07  8.9842275E-07  5.3478911E-10  2.3233234E-13  8.4685585E-17  2.7530781E-20
  6.2063627E-04 -7.9743655E+01 -2.0883495E-02  1.4977646E-03  9.3921673E-07  9.3921673E-07  5.7162363E-10  2.5391001E-13  9.4628550E-17  3.1453847E-20
  6.3445781E-04 -7.9737949E+01 -2.1348569E-02  1.5311197E-03  9.8151515E-07  9.8151515E-07  6.1067053E-10  2.7729510E-13  1.0564530E-16  3.5897760E-20
  6.4847565E-04 -7.9732162E+01 -2.1820249E-02  1.5649486E-03  1.0253659E-06  1.0253659E-06  6.5204824E-10  3.0262576E-13  1.1784327E-16  4.0927281E-20
  6.6269258E-04 -7.9726294E+01 -2.2298627E-02  1.5992579E-03  1.0708181E-06  1.0708181E-06  6.9588106E-10  3.3004991E-13  1.3133998E-16  4.6614762E-20
  6.7711141E-04 -7.9720342E+01 -2.2783800E-02  1.6340545E-03  1.1179227E-06  1.1179227E-06  7.4229938E-10  3.5972591E-13  1.4626387E-16  5.3040992E-20
  6.9173503E-04 -7.9714306E+01 -2.3275862E-02  1.6693452E-03  1.1667318E-06  1.1667318E-06  7.9143999E-10  3.9182329E-13  1.6275534E-16  6.0296130E-20
  7.0656634E-04 -7.9708184E+01 -2.3774914E-02  1.7051372E-03  1.2172993E-06  1.2172993E-06  8.4344642E-10  4.2652347E-13  1.8096771E-16  6.8480742E-20
  7.2160828E-04 -7.9701975E+01 -2.4281053E-02  1.7414375E-03  1.2696806E-06  1.2696806E-06  8.9846919E-10  4.6402052E-13  2.0106844E-16  7.7706946E-20
  7.3686385E-04 -7.9695679E+01 -2.4794380E-02  1.7782533E-03  1.3239329E-06  1.3239329E-06  9.5666616E-10  5.0452205E-13  2.2324031E-16  8.8099673E-20
  7.5233609E-04 -7.9689293E+01 -2.5314998E-02  1.8155920E-03  1.3801149E-06  1.3801149E-06  1.0182029E-09  5.4825009E-13  2.4768278E-16  9.9798069E-20
  7.6802806E-04 -7.9682818E+01 -2.5843009E-02  1.8534610E-03  1.4382872E-06  1.4382872E-06  1.0832530E-09  5.9544202E-13  2.7461343E-16  1.1295704E-19
  7.8394290E-04 -7.9676250E+01 -2.6378520E-02  1.8918679E-03  1.4985122E-06  1.4985122E-06  1.1519985E-09  6.4635161E-13  3.0426954E-16  1.2774895E-19
  8.0008376E-04 -7.9669589E+01 -2.6921636E-02  1.9308201E-03  1.5608542E-06  1.5608542E-06  1.2246303E-09  7.0125009E-13  3.3690976E-16  1.4436552E-19
  8.1645386E-04 -7.9662834E+01 -2.7472465E-02  1.9703256E-03  1.6253792E-06  1.6253792E-06  1.3013483E-09  7.6042727E-13  3.7281599E-16  1.6301990E-19
  8.3305645E-04 -7.9655984E+01 -2.8031117E-02  2.0103922E-03  1.6921555E-06  1.6921555E-06  1.3823623E-09  8.2419279E-13  4.1229536E-16  1.8394895E-19
  8.4989484E-04 -7.9649036E+01 -2.8597704E-02  2.0510278E-03  1.7612531E-06  1.7612531E-06  1.4678922E-09  8.9287741E-13  4.5568238E-16  2.0741581E-19
  8.6697237E-04 -7.9641990E+01 -2.9172337E-02  2.0922405E-03  1.8327444E-06  1.8327444E-06  1.5581682E-09  9.6683436E-13  5.0334127E-16  2.3371265E-19
  8.8429244E-04 -7.9634845E+01 -2.9755131E-02  2.1340385E-03  1.9067036E-06  1.9067036E-06  1.6534318E-09  1.0464408E-12  5.5566852E-16  2.6316379E-19
  9.0185849E-04 -7.9627598E+01 -3.0346203E-02  2.1764302E-03  1.9832075E-06  1.9832075E-06  1.7539360E-09  1.1320995E-12  6.1309562E-16  2.9612906E-19
  9.1967402E-04 -7.9620249E+01 -3.0945668E-02  2.2194239E-03  2.0623348E-06  2.0623348E-06  1.8599458E-09  1.2242403E-12  6.7609200E-16  3.3300759E-19
  9.3774256E-04 -7.9612796E+01 -3.1553648E-02  2.2630282E-03  2.1441669E-06  2.1441669E-06  1.9717389E-09  1.3233220E-12  7.4516826E-16  3.7424189E-19
  9.5606773E-04 -7.9605238E+01 -3.2170262E-02  2.3072517E-03  2.2287874E-06  2.2287874E-06  2.0896064E-09  1.4298340E-12  8.2087963E-16  4.2032242E-19
  9.7465315E-04 -7.9597572E+01 -3.2795633E-02  2.3521034E-03  2.3162823E-06  2.3162823E-06  2.2138529E-09  1.5442988E-12  9.0382972E-16  4.7179260E-19
  9.9350253E-04 -7.9589799E+01 -3.3429887E-02  2.3975920E-03  2.4067404E-06  2.4067404E-06  2.3447978E-09  1.6672735E-12  9.9467459E-16  5.2925433E-19
  1.0126196E-03 -7.9581915E+01 -3.4073147E-02  2.4437267E-03  2.5002529E-06  2.5002529E-06  2.4827755E-09  1.7993525E-12  1.0941271E-15  5.9337403E-19
  1.0320082E-03 -7.9573920E+01 -3.4725544E-02  2.4905166E-03  2.5969139E-06  2.5969139E-06  2.6281363E-09  1.9411697E-12  1.2029618E-15  6.6488937E-19
  1.0516721E-03 -7.9565812E+01 -3.5387206E-02  2.5379710E-03  2.6968202E-06  2.6968202E-06  2.7812468E-09  2.0934007E-12  1.3220197E-15  7.4461659E-19
  1.0716154E-03 -7.9557589E+01 -3.6058265E-02  2.5860994E-03  2.8000713E-06  2.8000713E-06  2.9424914E-09  2.2567663E-12  1.4522143E-15  8.3345863E-19
  1.0918418E-03 -7.9549250E+01 -3.6738855E-02  2.6349113E-03  2.9067700E-06  2.9067700E-06  3.1122721E-09  2.4320346E-12  1.5945372E-15  9.3241401E-19
  1.1123555E-03 -7.9540793E+01 -3.7429110E-02  2.6844165E-03  3.0170217E-06  3.0170217E-06  3.2910102E-09  2.6200243E-12  1.7500648E-15  1.0425866E-18
  1.1331606E-03 -7.9532217E+01 -3.8129169E-02  2.7346247E-03  3.1309354E-06  3.1309354E-06  3.4791467E-09  2.8216079E-12  1.9199650E-15  1.1651965E-18
  1.1542611E-03 -7.9523520E+01 -3.8839170E-02  2.7855460E-03  3.2486229E-06  3.2486229E-06  3.6771432E-09  3.0377153E-12  2.1055053E-15  1.3015918E-18
  1.1756613E-03 -7.9514700E+01 -3.9559254E-02  2.8371905E-03  3.3701996E-06  3.3701996E-06  3.8854831E-09  3.2693372E-12  2.3080602E-15  1.4532615E-18
  1.1973655E-03 -7.9505756E+01 -4.0289566E-02  2.8895684E-03  3.4957840E-06  3.4957840E-06  4.1046724E-09  3.5175290E-12  2.5291210E-15  1.6218502E-18
  1.2193779E-03 -7.9496685E+01 -4.1030249E-02  2.9426902E-03  3.6254985E-06  3.6254985E-06  4.3352406E-09  3.7834149E-12  2.7703042E-15  1.8091733E-18
  1.2417029E-03 -7.9487486E+01 -4.1781452E-02  2.9965665E-03  3.7594687E-06  3.7594687E-06  4.5777421E-09  4.0681922E-12  3.0333627E-15  2.0172347E-18
  1.2643450E-03 -7.9478157E+01 -4.2543323E-02  3.0512079E-03  3.8978241E-06  3.8978241E-06  4.8327573E-09  4.3731363E-12  3.3201964E-15  2.2482456E-18
  1.2873086E-03 -7.9468697E+01 -4.3316014E-02  3.1066254E-03  4.0406981E-06  4.0406981E-06  5.1008932E-09  4.6996050E-12  3.6328646E-15  2.5046456E-18
  1.3105984E-03 -7.9459103E+01 -4.4099680E-02  3.1628299E-03  4.1882278E-06  4.1882278E-06  5.3827856E-09  5.0490441E-12  3.9735984E-15  2.7891251E-18
  1.3342189E-03 -7.9449375E+01 -4.4894475E-02  3.2198327E-03  4.3405545E-06  4.3405545E-06  5.6790994E-09  5.4229927E-12  4.3448151E-15  3.1046510E-18
  1.3581750E-03 -7.9439508E+01 -4.5700558E-02  3.2776450E-03  4.4978236E-06  4.4978236E-06  5.9905307E-09  5.8230894E-12  4.7491332E-15  3.4544941E-18
  1.3824712E-03 -7.9429503E+01 -4.6518089E-02  3.3362783E-03  4.6601849E-06  4.6601849E-06  6.3178076E-09  6.2510782E-12  5.1893886E-15  3.8422593E-18
  1.4071125E-03 -7.9419357E+01 -4.7347231E-02  3.3957444E-03  4.8277924E-06  4.8277924E-06  6.6616921E-09  6.7088151E-12  5.6686522E-15  4.2719191E-18
  1.4321038E-03 -7.9409068E+01 -4.8188149E-02  3.4560550E-03  5.0008046E-06  5.0008046E-06  7.0229815E-09  7.1982754E-12  6.1902489E-15  4.7478499E-18
  1.4574500E-03 -7.9398634E+01 -4.9041009E-02  3.5172222E-03  5.1793850E-06  5.1793850E-06  7.4025100E-09  7.7215608E-12  6.7577779E-15  5.2748723E-18
  1.4831562E-03 -7.9388053E+01 -4.9905982E-02  3.5792581E-03  5.3637016E-06  5.3637016E-06  7.8011500E-09  8.2809076E-12  7.3751350E-15  5.8582949E-18
  1.5092274E-03 -7.9377323E+01 -5.0783239E-02  3.6421750E-03  5.5539273E-06  5.5539273E-06  8.2198145E-09  8.8786948E-12  8.0465362E-15  6.5039625E-18
  1.5356689E-03 -7.9366442E+01 -5.1672955E-02  3.7059855E-03  5.7502403E-06  5.7502403E-06  8.6594584E-09  9.5174534E-12  8.7765435E-15  7.2183093E-18
  1.5624860E-03 -7.9355408E+01 -5.2575307E-02  3.7707022E-03  5.9528238E-06  5.9528238E-06  9.1210807E-09  1.0199875E-11  9.5700926E-15  8.0084164E-18
  1.5896839E-03 -7.9344218E+01 -5.3490475E-02  3.8363380E-03  6.1618666E-06  6.1618666E-06  9.6057262E-09  1.0928823E-11  1.0432523E-14  8.8820759E-18
  1.6172681E-03 -7.9332872E+01 -5.4418639E-02  3.9029060E-03  6.3775628E-06  6.3775628E-06  1.0114488E-08  1.1707343E-11  1.1369608E-14  9.8478605E-18
  1.6452441E-03 -7.9321365E+01 -5.5359986E-02  3.9704195E-03  6.6001123E-06  6.6001123E-06  1.0648508E-08  1.2538672E-11  1.2387595E-14  1.0915200E-17
  1.6736173E-03 -7.9309697E+01 -5.6314702E-02  4.0388917E-03  6.8297209E-06  6.8297209E-06  1.1208984E-08  1.3426253E-11  1.3493236E-14  1.2094464E-17
  1.7023936E-03 -7.9297865E+01 -5.7282976E-02  4.1083364E-03  7.0666003E-06  7.0666003E-06  1.1797164E-08  1.4373747E-11  1.4693833E-14  1.3397057E-17
  1.7315785E-03 -7.9285867E+01 -5.8265003E-02  4.1787674E-03  7.3109686E-06  7.3109686E-06  1.2414356E-08  1.5385046E-11  1.5997278E-14  1.4835515E-17
  1.7611779E-03 -7.9273700E+01 -5.9260976E-02  4.2501986E-03  7.5630500E-06  7.5630500E-06  1.3061929E-08  1.6464287E-11  1.7412105E-14  1.6423619E-17
  1.7911977E-03 -7.9261363E+01 -6.0271094E-02  4.3226444E-03  7.8230754E-06  7.8230754E-06  1.3741310E-08  1.7615868E-11  1.8947534E-14  1.8176513E-17
  1.8216438E-03 -7.9248852E+01 -6.1295558E-02  4.3961190E-03  8.0912826E-06  8.0912826E-06  1.4453996E-08  1.8844464E-11  2.0613530E-14  2.0110839E-17
  1.8525224E-03 -7.9236165E+01 -6.2334571E-02  4.4706370E-03  8.3679161E-06  8.3679161E-06  1.5201550E-08  2.0155043E-11  2.2420861E-14  2.2244881E-17
  1.8838394E-03 -7.9223301E+01 -6.3388341E-02  4.5462135E-03  8.6532276E-06  8.6532276E-06  1.5985606E-08  2.1552883E-11  2.4381161E-14  2.4598725E-17
  1.9156013E-03 -7.9210256E+01 -6.4457076E-02  4.6228632E-03  8.9474764E-06  8.9474764E-06  1.6807874E-08  2.3043597E-11  2.6506996E-14  2.7194430E-17
  1.9478142E-03 -7.9197029E+01 -6.5540990E-02  4.7006016E-03  9.2509289E-06  9.2509289E-06  1.7670139E-08  2.4633146E-11  2.8811942E-14  3.0056222E-17
  1.9804847E-03 -7.9183616E+01 -6.6640297E-02  4.7794439E-03  9.5638598E-06  9.5638598E-06  1.8574271E-08  2.6327865E-11  3.1310660E-14  3.3210701E-17
  2.0136191E-03 -7.9170015E+01 -6.7755217E-02  4.8594061E-03  9.8865514E-06  9.8865514E-06  1.9522221E-08  2.8134483E-11  3.4018985E-14  3.6687068E-17
  2.0472241E-03 -7.9156224E+01 -6.8885972E-02  4.9405038E-03  1.0219294E-05  1.0219294E-05  2.0516033E-08  3.0060150E-11  3.6954015E-14  4.0517379E-17
  2.0813064E-03 -7.9142240E+01 -7.0032785E-02  5.0227533E-03  1.0562388E-05  1.0562388E-05  2.1557839E-08  3.2112462E-11  4.0134210E-14  4.4736815E-17
  2.1158728E-03 -7.9128060E+01 -7.1195885E-02  5.1061710E-03  1.0916140E-05  1.0916140E-05  2.2649871E-08  3.4299488E-11  4.3579502E-14  4.9383984E-17
  2.1509300E-03 -7.9113682E+01 -7.2375504E-02  5.1907733E-03  1.1280868E-05  1.1280868E-05  2.3794460E-08  3.6629795E-11  4.7311406E-14  5.4501247E-17
  2.1864852E-03 -7.9099103E+01 -7.3571876E-02  5.2765771E-03  1.1656897E-05  1.1656897E-05  2.4994046E-08  3.9112488E-11  5.1353145E-14  6.0135078E-17
  2.2225453E-03 -7.9084320E+01 -7.4785238E-02  5.3635996E-03  1.2044564E-05  1.2044564E-05  2.6251175E-08  4.1757231E-11  5.5729786E-14  6.6336459E-17
  2.2591175E-03 -7.9069331E+01 -7.6015833E-02  5.4518579E-03  1.2444213E-05  1.2444213E-05  2.7568510E-08  4.4574291E-11  6.0468380E-14  7.3161304E-17
  2.2962091E-03 -7.9054132E+01 -7.7263905E-02  5.5413697E-03  1.2856200E-05  1.2856200E-05  2.8948835E-08  4.7574569E-11  6.5598116E-14  8.0670936E-17
  2.3338276E-03 -7.9038722E+01 -7.8529702E-02  5.6321528E-03  1.3280891E-05  1.3280891E-05  3.0395059E-08  5.0769641E-11  7.1150493E-14  8.8932593E-17
  2.3719803E-03 -7.9023096E+01 -7.9813476E-02  5.7242252E-03  1.3718662E-05  1.3718662E-05  3.1910223E-08  5.4171796E-11  7.7159491E-14  9.8020001E-17
  2.4106748E-03 -7.9007253E+01 -8.1115483E-02  5.8176051E-03  1.4169900E-05  1.4169900E-05  3.3497504E-08  5.7794085E-11  8.3661774E-14  1.0801398E-16
  2.4499189E-03 -7.8991189E+01 -8.2435980E-02  5.9123113E-03  1.4635005E-05  1.4635005E-05  3.5160222E-08  6.1650362E-11  9.0696887E-14  1.1900312E-16
  2.4897204E-03 -7.8974901E+01 -8.3775231E-02  6.0083625E-03  1.5114387E-05  1.5114387E-05  3.6901848E-08  6.5755335E-11  9.8307488E-14  1.3108453E-16
  2.5300871E-03 -7.8958386E+01 -8.5133502E-02  6.1057778E-03  1.5608467E-05  1.5608467E-05  3.8726008E-08  7.0124617E-11  1.0653958E-13  1.4436460E-16
  2.5710271E-03 -7.8941642E+01 -8.6511063E-02  6.2045766E-03  1.6117681E-05  1.6117681E-05  4.0636492E-08  7.4774782E-11  1.1544279E-13  1.5895995E-16
  2.6125486E-03 -7.8924665E+01 -8.7908189E-02  6.3047785E-03  1.6642475E-05  1.6642475E-05  4.2637259E-08  7.9723422E-11  1.2507062E-13  1.7499834E-16
  2.6546598E-03 -7.8907451E+01 -8.9325156E-02  6.4064036E-03  1.7183309E-05  1.7183309E-05  4.4732446E-08  8.4989209E-11  1.3548077E-13  1.9261972E-16
  2.6973690E-03 -7.8889999E+01 -9.0762247E-02  6.5094719E-03  1.7740658E-05  1.7740658E-05  4.6926379E-08  9.0591962E-11  1.4673544E-13  2.1197742E-16
  2.7406848E-03 -7.8872305E+01 -9.2219748E-02  6.6140039E-03  1.8315007E-05  1.8315007E-05  4.9223573E-08  9.6552713E-11  1.5890170E-13  2.3323937E-16
  2.7846158E-03 -7.8854365E+01 -9.3697948E-02  6.7200206E-03  1.8906859E-05  1.8906859E-05  5.1628749E-08  1.0289378E-10  1.7205187E-13  2.5658949E-16
  2.8291707E-03 -7.8836176E+01 -9.5197141E-02  6.8275428E-03  1.9516729E-05  1.9516729E-05  5.4146839E-08  1.0963886E-10  1.8626387E-13  2.8222921E-16
  2.8743583E-03 -7.8817736E+01 -9.6717626E-02  6.9365921E-03  2.0145148E-05  2.0145148E-05  5.6782996E-08  1.1681307E-10  2.0162172E-13  3.1037906E-16
  2.9201878E-03 -7.8799040E+01 -9.8259704E-02  7.0471902E-03  2.0792662E-05  2.0792662E-05  5.9542601E-08  1.2444310E-10  2.1821598E-13  3.4128052E-16
  2.9666681E-03 -7.8780085E+01 -9.9823683E-02  7.1593589E-03  2.1459834E-05  2.1459834E-05  6.2431281E-08  1.3255723E-10  2.3614423E-13  3.7519796E-16
  3.0138086E-03 -7.8760868E+01 -1.0140987E-01  7.2731207E-03  2.2147243E-05  2.2147243E-05  6.5454910E-08  1.4118550E-10  2.5551164E-13  4.1242076E-16
  3.0616185E-03 -7.8741386E+01 -1.0301859E-01  7.3884980E-03  2.2855482E-05  2.2855482E-05  6.8619627E-08  1.5035976E-10  2.7643156E-13  4.5326570E-16
  3.1101075E-03 -7.8721634E+01 -1.0465016E-01  7.5055140E-03  2.3585165E-05  2.3585165E-05  7.1931844E-08  1.6011380E-10  2.9902610E-13  4.9807946E-16
  3.1592851E-03 -7.8701610E+01 -1.0630489E-01  7.6241918E-03  2.4336922E-05  2.4336922E-05  7.5398262E-08  1.7048349E-10  3.2342683E-13  5.4724147E-16
  3.2091611E-03 -7.8681310E+01 -1.0798313E-01  7.7445551E-03  2.5111401E-05  2.5111401E-05  7.9025877E-08  1.8150685E-10  3.4977554E-13  6.0116693E-16
  3.2597455E-03 -7.8660731E+01 -1.0968520E-01  7.8666278E-03  2.5909269E-05  2.5909269E-05  8.2822001E-08  1.9322422E-10  3.7822493E-13  6.6031014E-16
  3.3110483E-03 -7.8639867E+01 -1.1141144E-01  7.9904341E-03  2.6731214E-05  2.6731214E-05  8.6794269E-08  2.0567841E-10  4.0893954E-13  7.2516817E-16
  3.3630798E-03 -7.8618717E+01 -1.1316220E-01  8.1159987E-03  2.7577942E-05  2.7577942E-05  9.0950659E-08  2.1891481E-10  4.4209660E-13  7.9628482E-16
  3.4158501E-03 -7.8597277E+01 -1.1493782E-01  8.2433466E-03  2.8450179E-05  2.8450179E-05  9.5299502E-08  2.3298157E-10  4.7788701E-13  8.7425497E-16
  3.4693700E-03 -7.8575541E+01 -1.1673866E-01  8.3725030E-03  2.9348674E-05  2.9348674E-05  9.9849503E-08  2.4792974E-10  5.1651637E-13  9.5972934E-16
  3.5236499E-03 -7.8553508E+01 -1.1856507E-01  8.5034937E-03  3.0274197E-05  3.0274197E-05  1.0460975E-07  2.6381350E-10  5.5820613E-13  1.0534196E-15
  3.5787008E-03 -7.8531172E+01 -1.2041743E-01  8.6363448E-03  3.1227538E-05  3.1227538E-05  1.0958974E-07  2.8069028E-10  6.0319478E-13  1.1561043E-15
  3.6345335E-03 -7.8508530E+01 -1.2229609E-01  8.7710825E-03  3.2209514E-05  3.2209514E-05  1.1479939E-07  2.9862099E-10  6.5173915E-13  1.2686345E-15
  3.6911591E-03 -7.8485579E+01 -1.2420143E-01  8.9077338E-03  3.3220962E-05  3.3220962E-05  1.2024907E-07  3.1767024E-10  7.0411579E-13  1.3919411E-15
  3.7485889E-03 -7.8462313E+01 -1.2613383E-01  9.0463257E-03  3.4262745E-05  3.4262745E-05  1.2594957E-07  3.3790651E-10  7.6062248E-13  1.5270420E-15
  3.8068344E-03 -7.8438730E+01 -1.2809367E-01  9.1868859E-03  3.5335751E-05  3.5335751E-05  1.3191222E-07  3.5940246E-10  8.2157987E-13  1.6750500E-15
  3.8659071E-03 -7.8414825E+01 -1.3008134E-01  9.3294424E-03  3.6440894E-05  3.6440894E-05  1.3814881E-07  3.8223509E-10  8.8733317E-13  1.8371817E-15
  3.9258188E-03 -7.8390594E+01 -1.3209725E-01  9.4740233E-03  3.7579112E-05  3.7579112E-05  1.4467165E-07  4.0648609E-10  9.5825405E-13  2.0147672E-15
  3.9865813E-03 -7.8366033E+01 -1.3414178E-01  9.6206576E-03  3.8751373E-05  3.8751373E-05  1.5149364E-07  4.3224203E-10  1.0347426E-12  2.2092604E-15
  4.0482068E-03 -7.8341137E+01 -1.3621535E-01  9.7693743E-03  3.9958672E-05  3.9958672E-05  1.5862820E-07  4.5959473E-10  1.1172296E-12  2.4222505E-15
  4.1107075E-03 -7.8315904E+01 -1.3831837E-01  9.9202031E-03  4.1202032E-05  4.1202032E-05  1.6608937E-07  4.8864152E-10  1.2061786E-12  2.6554744E-15
  4.1740959E-03 -7.8290327E+01 -1.4045125E-01  1.0073174E-02  4.2482506E-05  4.2482506E-05  1.7389183E-07  5.1948561E-10  1.3020888E-12  2.9108306E-15
  4.2383845E-03 -7.8264404E+01 -1.4261442E-01  1.0228317E-02  4.3801179E-05  4.3801179E-05  1.8205087E-07  5.5223638E-10  1.4054973E-12  3.1903936E-15
  4.3035862E-03 -7.8238130E+01 -1.4480832E-01  1.0385664E-02  4.5159164E-05  4.5159164E-05  1.9058248E-07  5.8700984E-10  1.5169823E-12  3.4964304E-15
  4.3697139E-03 -7.8211500E+01 -1.4703337E-01  1.0545245E-02  4.6557610E-05  4.6557610E-05  1.9950337E-07  6.2392891E-10  1.6371660E-12  3.8314184E-15
  4.4367807E-03 -7.8184510E+01 -1.4929002E-01  1.0707092E-02  4.7997696E-05  4.7997696E-05  2.0883096E-07  6.6312395E-10  1.7667182E-12  4.1980641E-15
  4.5048001E-03 -7.8157156E+01 -1.5157872E-01  1.0871238E-02  4.9480637E-05  4.9480637E-05  2.1858347E-07  7.0473310E-10  1.9063593E-12  4.5993250E-15
  4.5737854E-03 -7.8129432E+01 -1.5389992E-01  1.1037715E-02  5.1007681E-05  5.1007681E-05  2.2877990E-07  7.4890282E-10  2.0568651E-12  5.0384318E-15
  4.6437506E-03 -7.8101336E+01 -1.5625409E-01  1.1206557E-02  5.2580116E-05  5.2580116E-05  2.3944010E-07  7.9578833E-10  2.2190699E-12  5.5189141E-15
  4.7147093E-03 -7.8072862E+01 -1.5864168E-01  1.1377796E-02  5.4199262E-05  5.4199262E-05  2.5058481E-07  8.4555418E-10  2.3938717E-12  6.0446276E-15
  4.7866759E-03 -7.8044005E+01 -1.6106319E-01  1.1551467E-02  5.5866482E-05  5.5866482E-05  2.6223567E-07  8.9837475E-10  2.5822367E-12  6.6197837E-15
  4.8596645E-03 -7.8014761E+01 -1.6351908E-01  1.1727604E-02  5.7583174E-05  5.7583174E-05  2.7441528E-07  9.5443488E-10  2.7852043E-12  7.2489826E-15
  4.9336898E-03 -7.7985125E+01 -1.6600986E-01  1.1906243E-02  5.9350780E-05  5.9350780E-05  2.8714724E-07  1.0139305E-09  3.0038930E-12  7.9372486E-15
  5.0087663E-03 -7.7955093E+01 -1.6853600E-01  1.2087419E-02  6.1170781E-05  6.1170781E-05  3.0045618E-07  1.0770692E-09  3.2395060E-12  8.6900688E-15
  5.0849092E-03 -7.7924660E+01 -1.7109802E-01  1.2271167E-02  6.3044702E-05  6.3044702E-05  3.1436785E-07  1.1440710E-09  3.4933376E-12  9.5134358E-15
  5.1621334E-03 -7.7893820E+01 -1.7369642E-01  1.2457525E-02  6.4974112E-05  6.4974112E-05  3.2890909E-07  1.2151691E-09  3.7667804E-12  1.0413894E-14
  5.2404543E-03 -7.7862570E+01 -1.7633173E-01  1.2646530E-02  6.6960625E-05  6.6960625E-05  3.4410795E-07  1.2906106E-09  4.0613323E-12  1.1398588E-14
  5.3198877E-03 -7.7830905E+01 -1.7900445E-01  1.2838219E-02  6.9005901E-05  6.9005901E-05  3.5999372E-07  1.3706575E-09  4.3786047E-12  1.2475322E-14
  5.4004491E-03 -7.7798819E+01 -1.8171514E-01  1.3032630E-02  7.1111648E-05  7.1111648E-05  3.7659698E-07  1.4555873E-09  4.7203305E-12  1.3652614E-14
  5.4821547E-03 -7.7766307E+01 -1.8446432E-01  1.3229802E-02  7.3279625E-05  7.3279625E-05  3.9394963E-07  1.5456939E-09  5.0883742E-12  1.4939767E-14
  5.5650207E-03 -7.7733365E+01 -1.8725254E-01  1.3429774E-02  7.5511639E-05  7.5511639E-05  4.1208502E-07  1.6412891E-09  5.4847407E-12  1.6346936E-14
  5.6490636E-03 -7.7699988E+01 -1.9008035E-01  1.3632586E-02  7.7809551E-05  7.7809551E-05  4.3103793E-07  1.7427031E-09  5.9115866E-12  1.7885207E-14
  5.7343000E-03 -7.7666170E+01 -1.9294833E-01  1.3838278E-02  8.0175275E-05  8.0175275E-05  4.5084468E-07  1.8502856E-09  6.3712311E-12  1.9566682E-14
  5.8207471E-03 -7.7631907E+01 -1.9585703E-01  1.4046892E-02  8.2610780E-05  8.2610780E-05  4.7154321E-07  1.9644076E-09  6.8661687E-12  2.1404574E-14
  5.9084218E-03 -7.7597193E+01 -1.9880704E-01  1.4258467E-02  8.5118092E-05  8.5118092E-05  4.9317310E-07  2.0854617E-09  7.3990817E-12  2.3413302E-14
  5.9973418E-03 -7.7562024E+01 -2.0179895E-01  1.4473048E-02  8.7699295E-05  8.7699295E-05  5.1577570E-07  2.2138642E-09  7.9728547E-12  2.5608608E-14
  6.0875246E-03 -7.7526394E+01 -2.0483334E-01  1.4690675E-02  9.0356533E-05  9.0356533E-05  5.3939414E-07  2.3500561E-09  8.5905899E-12  2.8007671E-14
  6.1789882E-03 -7.7490298E+01 -2.0791082E-01  1.4911394E-02  9.3092013E-05  9.3092013E-05  5.6407348E-07  2.4945045E-09  9.2556229E-12  3.0629243E-14
  6.2717508E-03 -7.7453731E+01 -2.1103201E-01  1.5135246E-02  9.5908005E-05  9.5908005E-05  5.8986076E-07  2.6477044E-09  9.9715403E-12  3.3493787E-14
  6.3658308E-03 -7.7416687E+01 -2.1419752E-01  1.5362278E-02  9.8806842E-05  9.8806842E-05  6.1680506E-07  2.8101803E-09  1.0742199E-11  3.6623636E-14
  6.4612470E-03 -7.7379162E+01 -2.1740798E-01  1.5592534E-02  1.0179093E-04  1.0179093E-04  6.4495764E-07  2.9824876E-09  1.1571746E-11  4.0043161E-14
  6.5580183E-03 -7.7341150E+01 -2.2066403E-01  1.5826059E-02  1.0486273E-04  1.0486273E-04  6.7437200E-07  3.1652151E-09  1.2464639E-11  4.3778957E-14
  6.6561639E-03 -7.7302646E+01 -2.2396632E-01  1.6062901E-02  1.0802480E-04  1.0802480E-04  7.0510399E-07  3.3589862E-09  1.3425672E-11  4.7860044E-14
  6.7557035E-03 -7.7263643E+01 -2.2731551E-01  1.6303106E-02  1.1127975E-04  1.1127975E-04  7.3721192E-07  3.5644614E-09  1.4459999E-11  5.2318086E-14
  6.8566567E-03 -7.7224138E+01 -2.3071225E-01  1.6546723E-02  1.1463026E-04  1.1463026E-04  7.7075665E-07  3.7823406E-09  1.5573160E-11  5.7187635E-14
  6.9590437E-03 -7.7184125E+01 -2.3415724E-01  1.6793799E-02  1.1807911E-04  1.1807911E-04  8.0580172E-07  4.0133649E-09  1.6771113E-11  6.2506385E-14
  7.0628849E-03 -7.7143597E+01 -2.3765114E-01  1.7044383E-02  1.2162915E-04  1.2162915E-04  8.4241344E-07  4.2583197E-09  1.8060261E-11  6.8315464E-14
  7.1682008E-03 -7.7102550E+01 -2.4119466E-01  1.7298526E-02  1.2528330E-04  1.2528330E-04  8.8066105E-07  4.5180367E-09  1.9447487E-11  7.4659741E-14
  7.2750124E-03 -7.7060979E+01 -2.4478850E-01  1.7556278E-02  1.2904458E-04  1.2904458E-04  9.2061682E-07  4.7933969E-09  2.0940192E-11  8.1588166E-14
  7.3833410E-03 -7.7018877E+01 -2.4843337E-01  1.7817690E-02  1.3291610E-04  1.3291610E-04  9.6235617E-07  5.0853337E-09  2.2546330E-11  8.9154140E-14
  7.4932081E-03 -7.6976239E+01 -2.5213000E-01  1.8082815E-02  1.3690103E-04  1.3690103E-04  1.0059578E-06  5.3948356E-09  2.4274452E-11  9.7415913E-14
  7.6046355E-03 -7.6933061E+01 -2.5587913E-01  1.8351704E-02  1.4100266E-04  1.4100266E-04  1.0515040E-06  5.7229498E-09  2.6133748E-11  1.0643703E-13
  7.7176455E-03 -7.6889335E+01 -2.5968149E-01  1.8624412E-02  1.4522438E-04  1.4522438E-04  1.0990805E-06  6.0707853E-09  2.8134099E-11  1.1628680E-13
  7.8322605E-03 -7.6845057E+01 -2.6353785E-01  1.8900992E-02  1.4956965E-04  1.4956965E-04  1.1487769E-06  6.4395168E-09  3.0286121E-11  1.2704082E-13
  7.9485033E-03 -7.6800221E+01 -2.6744896E-01  1.9181500E-02  1.5404204E-04  1.5404204E-04  1.2006866E-06  6.8303887E-09  3.2601229E-11  1.3878157E-13
  8.0663969E-03 -7.6754821E+01 -2.7141562E-01  1.9465991E-02  1.5864524E-04  1.5864524E-04  1.2549072E-06  7.2447188E-09  3.5091687E-11  1.5159897E-13
  8.1859649E-03 -7.6708852E+01 -2.7543860E-01  1.9754523E-02  1.6338302E-04  1.6338302E-04  1.3115405E-06  7.6839027E-09  3.7770680E-11  1.6559112E-13
  8.3072311E-03 -7.6662308E+01 -2.7951871E-01  2.0047151E-02  1.6825927E-04  1.6825927E-04  1.3706928E-06  8.1494188E-09  4.0652376E-11  1.8086499E-13
  8.4302195E-03 -7.6615184E+01 -2.8365675E-01  2.0343934E-02  1.7327800E-04  1.7327800E-04  1.4324751E-06  8.6428327E-09  4.3752002E-11  1.9753726E-13
  8.5549546E-03 -7.6567474E+01 -2.8785356E-01  2.0644932E-02  1.7844333E-04  1.7844333E-04  1.4970031E-06  9.1658026E-09  4.7085922E-11  2.1573516E-13
  8.6814613E-03 -7.6519172E+01 -2.9210996E-01  2.0950204E-02  1.8375948E-04  1.8375948E-04  1.5643978E-06  9.7200845E-09  5.0671723E-11  2.3559745E-13
  8.8097646E-03 -7.6470273E+01 -2.9642680E-01  2.1259811E-02  1.8923083E-04  1.8923083E-04  1.6347853E-06  1.0307538E-08  5.4528303E-11  2.5727542E-13
  8.9398901E-03 -7.6420771E+01 -3.0080493E-01  2.1573815E-02  1.9486184E-04  1.9486184E-04  1.7082972E-06  1.0930133E-08  5.8675972E-11  2.8093407E-13
  9.0718637E-03 -7.6370660E+01 -3.0524523E-01  2.1892277E-02  2.0065713E-04  2.0065713E-04  1.7850709E-06  1.1589956E-08  6.3136552E-11  3.0675330E-13
  9.2057116E-03 -7.6319934E+01 -3.0974859E-01  2.2215261E-02  2.0662145E-04  2.0662145E-04  1.8652500E-06  1.2289214E-08  6.7933496E-11  3.3492928E-13
  9.3414604E-03 -7.6268589E+01 -3.1431588E-01  2.2542832E-02  2.1275967E-04  2.1275967E-04  1.9489840E-06  1.3030248E-08  7.3092003E-11  3.6567591E-13
  9.4791372E-03 -7.6216618E+01 -3.1894803E-01  2.2875054E-02  2.1907682E-04  2.1907682E-04  2.0364293E-06  1.3815534E-08  7.8639151E-11  3.9922640E-13
  9.6187693E-03 -7.6164016E+01 -3.2364595E-01  2.3211993E-02  2.2557805E-04  2.2557805E-04  2.1277489E-06  1.4647696E-08  8.4604034E-11  4.3583502E-13
  9.7603845E-03 -7.6110776E+01 -3.2841058E-01  2.3553717E-02  2.3226869E-04  2.3226869E-04  2.2231129E-06  1.5529511E-08  9.1017914E-11  4.7577899E-13
  9.9040109E-03 -7.6056894E+01 -3.3324286E-01  2.3900293E-02  2.3915420E-04  2.3915420E-04  2.3226991E-06  1.6463922E-08  9.7914382E-11  5.1936056E-13
  1.0049677E-02 -7.6002363E+01 -3.3814375E-01  2.4251790E-02  2.4624020E-04  2.4624020E-04  2.4266927E-06  1.7454043E-08  1.0532953E-10  5.6690923E-13
  1.0197412E-02 -7.5947179E+01 -3.4311424E-01  2.4608278E-02  2.5353247E-04  2.5353247E-04  2.5352873E-06  1.8503173E-08  1.1330213E-10  6.1878421E-13
  1.0347245E-02 -7.5891335E+01 -3.4815529E-01  2.4969828E-02  2.6103696E-04  2.6103696E-04  2.6486848E-06  1.9614804E-08  1.2187384E-10  6.7537712E-13
  1.0499207E-02 -7.5834825E+01 -3.5326792E-01  2.5336511E-02  2.6875980E-04  2.6875980E-04  2.7670959E-06  2.0792635E-08  1.3108944E-10  7.3711485E-13
  1.0653326E-02 -7.5777645E+01 -3.5845314E-01  2.5708402E-02  2.7670728E-04  2.7670728E-04  2.8907405E-06  2.2040582E-08  1.4099699E-10  8.0446276E-13
  1.0809634E-02 -7.5719788E+01 -3.6371199E-01  2.6085572E-02  2.8488588E-04  2.8488588E-04  3.0198481E-06  2.3362791E-08  1.5164818E-10  8.7792813E-13
  1.0968162E-02 -7.5661248E+01 -3.6904550E-01  2.6468098E-02  2.9330226E-04  2.9330226E-04  3.1546584E-06  2.4763653E-08  1.6309849E-10  9.5806391E-13
  1.1128942E-02 -7.5602021E+01 -3.7445473E-01  2.6856055E-02  3.0196327E-04  3.0196327E-04  3.2954212E-06  2.6247818E-08  1.7540757E-10  1.0454728E-12
  1.1292005E-02 -7.5542101E+01 -3.7994077E-01  2.7249521E-02  3.1087597E-04  3.1087597E-04  3.4423975E-06  2.7820207E-08  1.8863946E-10  1.1408119E-12
  1.1457384E-02 -7.5481482E+01 -3.8550470E-01  2.7648573E-02  3.2004761E-04  3.2004761E-04  3.5958596E-06  2.9486032E-08  2.0286298E-10  1.2447971E-12
  1.1625111E-02 -7.5420158E+01 -3.9114762E-01  2.8053291E-02  3.2948564E-04  3.2948564E-04  3.7560915E-06  3.1250812E-08  2.1815206E-10  1.3582091E-12
  1.1795221E-02 -7.5358125E+01 -3.9687066E-01  2.8463755E-02  3.3919775E-04  3.3919775E-04  3.9233898E-06  3.3120390E-08  2.3458610E-10  1.4818984E-12
  1.1967747E-02 -7.5295376E+01 -4.0267495E-01  2.8880048E-02  3.4919183E-04  3.4919183E-04  4.0980640E-06  3.5100951E-08  2.5225042E-10  1.6167923E-12
  1.2142723E-02 -7.5231905E+01 -4.0856165E-01  2.9302250E-02  3.5947600E-04  3.5947600E-04  4.2804370E-06  3.7199046E-08  2.7123664E-10  1.7639012E-12
  1.2320184E-02 -7.5167709E+01 -4.1453192E-01  2.9730447E-02  3.7005862E-04  3.7005862E-04  4.4708458E-06  3.9421608E-08  2.9164321E-10  1.9243264E-12
  1.2500165E-02 -7.5102780E+01 -4.2058696E-01  3.0164724E-02  3.8094828E-04  3.8094828E-04  4.6696420E-06  4.1775981E-08  3.1357585E-10  2.0992680E-12
  1.2682703E-02 -7.5037114E+01 -4.2672795E-01  3.0605166E-02  3.9215383E-04  3.9215383E-04  4.8771928E-06  4.4269936E-08  3.3714813E-10  2.2900341E-12
  1.2867833E-02 -7.4970705E+01 -4.3295613E-01  3.1051861E-02  4.0368435E-04  4.0368435E-04  5.0938811E-06  4.6911704E-08  3.6248205E-10  2.4980501E-12
  1.3055592E-02 -7.4903548E+01 -4.3927273E-01  3.1504899E-02  4.1554920E-04  4.1554920E-04  5.3201066E-06  4.9709997E-08  3.8970864E-10  2.7248693E-12
  1.3246017E-02 -7.4835638E+01 -4.4567900E-01  3.1964368E-02  4.2775800E-04  4.2775800E-04  5.5562863E-06  5.2674039E-08  4.1896864E-10  2.9721846E-12
  1.3439148E-02 -7.4766969E+01 -4.5217622E-01  3.2430360E-02  4.4032066E-04  4.4032066E-04  5.8028556E-06  5.5813595E-08  4.5041323E-10  3.2418404E-12
  1.3635021E-02 -7.4697535E+01 -4.5876567E-01  3.2902968E-02  4.5324736E-04  4.5324736E-04  6.0602687E-06  5.9139005E-08  4.8420477E-10  3.5358471E-12
  1.3833676E-02 -7.4627332E+01 -4.6544867E-01  3.3382285E-02  4.6654857E-04  4.6654857E-04  6.3289994E-06  6.2661213E-08  5.2051764E-10  3.8563947E-12
  1.4035152E-02 -7.4556354E+01 -4.7222653E-01  3.3868407E-02  4.8023507E-04  4.8023507E-04  6.6095425E-06  6.6391806E-08  5.5953917E-10  4.2058703E-12
  1.4239490E-02 -7.4484596E+01 -4.7910061E-01  3.4361430E-02  4.9431794E-04  4.9431794E-04  6.9024140E-06  7.0343052E-08  6.0147050E-10  4.5868743E-12
  1.4446730E-02 -7.4412052E+01 -4.8607227E-01  3.4861452E-02  5.0880858E-04  5.0880858E-04  7.2081525E-06  7.4527935E-08  6.4652770E-10  5.0022405E-12
  1.4656913E-02 -7.4338718E+01 -4.9314290E-01  3.5368573E-02  5.2371872E-04  5.2371872E-04  7.5273201E-06  7.8960203E-08  6.9494280E-10  5.4550565E-12
  1.4870081E-02 -7.4264588E+01 -5.0031389E-01  3.5882892E-02  5.3906043E-04  5.3906043E-04  7.8605032E-06  8.3654409E-08  7.4696503E-10  5.9486867E-12
  1.5086276E-02 -7.4189658E+01 -5.0758668E-01  3.6404513E-02  5.5484611E-04  5.5484611E-04  8.2083138E-06  8.8625960E-08  8.0286201E-10  6.4867963E-12
  1.5305542E-02 -7.4113921E+01 -5.1496270E-01  3.6933538E-02  5.7108853E-04  5.7108853E-04  8.5713905E-06  9.3891165E-08  8.6292119E-10  7.0733792E-12
  1.5527922E-02 -7.4037373E+01 -5.2244341E-01  3.7470073E-02  5.8780083E-04  5.8780083E-04  8.9503996E-06  9.9467288E-08  9.2745125E-10  7.7127866E-12
  1.5753461E-02 -7.3960009E+01 -5.3003031E-01  3.8014225E-02  6.0499650E-04  6.0499650E-04  9.3460366E-06  1.0537260E-07  9.9678370E-10  8.4097591E-12
  1.5982202E-02 -7.3881824E+01 -5.3772490E-01  3.8566100E-02  6.2268944E-04  6.2268944E-04  9.7590269E-06  1.1162646E-07  1.0712746E-09  9.1694616E-12
  1.6214193E-02 -7.3802812E+01 -5.4552870E-01  3.9125809E-02  6.4089395E-04  6.4089395E-04  1.0190128E-05  1.1824934E-07  1.1513061E-09  9.9975211E-12
  1.6449478E-02 -7.3722968E+01 -5.5344326E-01  3.9693463E-02  6.5962473E-04  6.5962473E-04  1.0640129E-05  1.2526292E-07  1.2372890E-09  1.0900068E-11
  1.6688104E-02 -7.3642288E+01 -5.6147015E-01  4.0269174E-02  6.7889689E-04  6.7889689E-04  1.1109855E-05  1.3269014E-07  1.3296640E-09  1.1883780E-11
  1.6930120E-02 -7.3560766E+01 -5.6961097E-01  4.0853057E-02  6.9872599E-04  6.9872599E-04  1.1600167E-05  1.4055531E-07  1.4289047E-09  1.2955934E-11
  1.7175572E-02 -7.3478397E+01 -5.7786733E-01  4.1445228E-02  7.1912804E-04  7.1912804E-04  1.2111961E-05  1.4888412E-07  1.5355195E-09  1.4124456E-11
  1.7424511E-02 -7.3395177E+01 -5.8624087E-01  4.2045803E-02  7.4011948E-04  7.4011948E-04  1.2646174E-05  1.5770381E-07  1.6500543E-09  1.5397980E-11
  1.7676985E-02 -7.3311100E+01 -5.9473324E-01  4.2654903E-02  7.6171726E-04  7.6171726E-04  1.3203784E-05  1.6704318E-07  1.7730954E-09  1.6785912E-11
  1.7933045E-02 -7.3226161E+01 -6.0334614E-01  4.3272647E-02  7.8393877E-04  7.8393877E-04  1.3785810E-05  1.7693272E-07  1.9052724E-09  1.8298499E-11
  1.8192742E-02 -7.3140355E+01 -6.1208126E-01  4.3899159E-02  8.0680195E-04  8.0680195E-04  1.4393316E-05  1.8740472E-07  2.0472612E-09  1.9946902E-11
  1.8456127E-02 -7.3053677E+01 -6.2094035E-01  4.4534563E-02  8.3032520E-04  8.3032520E-04  1.5027413E-05  1.9849335E-07  2.1997878E-09  2.1743282E-11
  1.8723252E-02 -7.2966122E+01 -6.2992515E-01  4.5178985E-02  8.5452748E-04  8.5452748E-04  1.5689258E-05  2.1023478E-07  2.3636315E-09  2.3700881E-11
  1.8994171E-02 -7.2877686E+01 -6.3903745E-01  4.5832552E-02  8.7942828E-04  8.7942828E-04  1.6380061E-05  2.2266728E-07  2.5396294E-09  2.5834128E-11
  1.9268938E-02 -7.2788362E+01 -6.4827906E-01  4.6495394E-02  9.0504766E-04  9.0504766E-04  1.7101083E-05  2.3583137E-07  2.7286801E-09  2.8158738E-11
  1.9547607E-02 -7.2698145E+01 -6.5765180E-01  4.7167643E-02  9.3140624E-04  9.3140624E-04  1.7853639E-05  2.4976995E-07  2.9317485E-09  3.0691828E-11
  1.9830234E-02 -7.2607032E+01 -6.6715754E-01  4.7849432E-02  9.5852523E-04  9.5852523E-04  1.8639103E-05  2.6452840E-07  3.1498706E-09  3.3452043E-11
  2.0116875E-02 -7.2515015E+01 -6.7679815E-01  4.8540896E-02  9.8642646E-04  9.8642646E-04  1.9458908E-05  2.8015479E-07  3.3841590E-09  3.6459693E-11
  2.0407587E-02 -7.2422092E+01 -6.8657555E-01  4.9242172E-02  1.0151324E-03  1.0151324E-03  2.0314547E-05  2.9669995E-07  3.6358081E-09  3.9736898E-11
  2.0702428E-02 -7.2328255E+01 -6.9649168E-01  4.9953399E-02  1.0446660E-03  1.0446660E-03  2.1207582E-05  3.1421773E-07  3.9061003E-09  4.3307752E-11
  2.1001456E-02 -7.2233499E+01 -7.0654850E-01  5.0674718E-02  1.0750512E-03  1.0750512E-03  2.2139638E-05  3.3276510E-07  4.1964127E-09  4.7198497E-11
  2.1304730E-02 -7.2137820E+01 -7.1674799E-01  5.1406272E-02  1.1063124E-03  1.1063124E-03  2.3112415E-05  3.5240235E-07  4.5082236E-09  5.1437716E-11
  2.1612312E-02 -7.2041212E+01 -7.2709219E-01  5.2148206E-02  1.1384745E-03  1.1384745E-03  2.4127683E-05  3.7319331E-07  4.8431205E-09  5.6056538E-11
  2.1924263E-02 -7.1943670E+01 -7.3758313E-01  5.2900667E-02  1.1715636E-03  1.1715636E-03  2.5187292E-05  3.9520553E-07  5.2028075E-09  6.1088870E-11
  2.2240644E-02 -7.1845188E+01 -7.4822291E-01  5.3663804E-02  1.2056062E-03  1.2056062E-03  2.6293169E-05  4.1851050E-07  5.5891144E-09  6.6571639E-11
  2.2561518E-02 -7.1745760E+01 -7.5901361E-01  5.4437769E-02  1.2406296E-03  1.2406296E-03  2.7447327E-05  4.4318389E-07  6.0040059E-09  7.2545063E-11
  2.2886949E-02 -7.1645380E+01 -7.6995738E-01  5.5222713E-02  1.2766619E-03  1.2766619E-03  2.8651866E-05  4.6930579E-07  6.4495908E-09  7.9052944E-11
  2.3217002E-02 -7.1544044E+01 -7.8105639E-01  5.6018794E-02  1.3137321E-03  1.3137321E-03  2.9908975E-05  4.9696095E-07  6.9281338E-09  8.6142984E-11
  2.3551742E-02 -7.1441745E+01 -7.9231283E-01  5.6826168E-02  1.3518699E-03  1.3518699E-03  3.1220941E-05  5.2623909E-07  7.4420659E-09  9.3867136E-11
  2.3891237E-02 -7.1338477E+01 -8.0372892E-01  5.7644996E-02  1.3911059E-03  1.3911059E-03  3.2590147E-05  5.5723515E-07  7.9939970E-09  1.0228198E-10
  2.4235553E-02 -7.1234234E+01 -8.1530693E-01  5.8475439E-02  1.4314716E-03  1.4314716E-03  3.4019082E-05  5.9004960E-07  8.5867292E-09  1.1144913E-10
  2.4584759E-02 -7.1129010E+01 -8.2704915E-01  5.9317661E-02  1.4729994E-03  1.4729994E-03  3.5510341E-05  6.2478880E-07  9.2232708E-09  1.2143570E-10
  2.4938925E-02 -7.1022799E+01 -8.3895790E-01  6.0171831E-02  1.5157225E-03  1.5157225E-03  3.7066633E-05  6.6156529E-07  9.9068512E-09  1.3231475E-10
  2.5298121E-02 -7.0915594E+01 -8.5103553E-01  6.1038116E-02  1.5596751E-03  1.5596751E-03  3.8690782E-05  7.0049819E-07  1.0640938E-08  1.4416588E-10
  2.5662418E-02 -7.0807389E+01 -8.6328443E-01  6.1916687E-02  1.6048926E-03  1.6048926E-03  4.0385736E-05  7.4171355E-07  1.1429252E-08  1.5707574E-10
  2.6031889E-02 -7.0698178E+01 -8.7570702E-01  6.2807720E-02  1.6514112E-03  1.6514112E-03  4.2154572E-05  7.8534479E-07  1.2275790E-08  1.7113872E-10
  2.6406607E-02 -7.0587952E+01 -8.8830577E-01  6.3711389E-02  1.6992680E-03  1.6992680E-03  4.4000498E-05  8.3153309E-07  1.3184841E-08  1.8645758E-10
  2.6786647E-02 -7.0476706E+01 -9.0108314E-01  6.4627875E-02  1.7485014E-03  1.7485014E-03  4.5926860E-05  8.8042789E-07  1.4161011E-08  2.0314424E-10
  2.7172085E-02 -7.0364432E+01 -9.1404168E-01  6.5557357E-02  1.7991509E-03  1.7991509E-03  4.7937153E-05  9.3218730E-07  1.5209243E-08  2.2132058E-10
  2.7562996E-02 -7.0251124E+01 -9.2718395E-01  6.6500019E-02  1.8512569E-03  1.8512569E-03  5.0035020E-05  9.8697869E-07  1.6334843E-08  2.4111929E-10
  2.7959460E-02 -7.0136773E+01 -9.4051252E-01  6.7456049E-02  1.9048612E-03  1.9048612E-03  5.2224261E-05  1.0449791E-06  1.7543508E-08  2.6268490E-10
  2.8361554E-02 -7.0021372E+01 -9.5403005E-01  6.8425635E-02  1.9600067E-03  1.9600067E-03  5.4508845E-05  1.1063761E-06  1.8841355E-08  2.8617475E-10
  2.8769359E-02 -6.9904913E+01 -9.6773919E-01  6.9408968E-02  2.0167374E-03  2.0167374E-03  5.6892907E-05  1.1713679E-06  2.0234947E-08  3.1176021E-10
  2.9182955E-02 -6.9787388E+01 -9.8164265E-01  7.0406242E-02  2.0750987E-03  2.0750987E-03  5.9380765E-05  1.2401644E-06  2.1731332E-08  3.3962784E-10
  2.9602426E-02 -6.9668790E+01 -9.9574318E-01  7.1417656E-02  2.1351372E-03  2.1351372E-03  6.1976923E-05  1.3129879E-06  2.3338074E-08  3.6998082E-10
  3.0027853E-02 -6.9549109E+01 -1.0100436E+00  7.2443408E-02  2.1969010E-03  2.1969010E-03  6.4686079E-05  1.3900732E-06  2.5063293E-08  4.0304036E-10
  3.0459323E-02 -6.9428337E+01 -1.0245466E+00  7.3483700E-02  2.2604395E-03  2.2604395E-03  6.7513134E-05  1.4716692E-06  2.6915708E-08  4.3904733E-10
  3.0896921E-02 -6.9306467E+01 -1.0392552E+00  7.4538739E-02  2.3258032E-03  2.3258032E-03  7.0463203E-05  1.5580392E-06  2.8904673E-08  4.7826402E-10
  3.1340734E-02 -6.9183487E+01 -1.0541722E+00  7.5608733E-02  2.3930445E-03  2.3930445E-03  7.3541620E-05  1.6494617E-06  3.1040233E-08  5.2097599E-10
  3.1790849E-02 -6.9059390E+01 -1.0693005E+00  7.6693892E-02  2.4622170E-03  2.4622170E-03  7.6753950E-05  1.7462314E-06  3.3333169E-08  5.6749419E-10
  3.2247358E-02 -6.8934166E+01 -1.0846433E+00  7.7794430E-02  2.5333760E-03  2.5333760E-03  8.0106000E-05  1.8486604E-06  3.5795053E-08  6.1815717E-10
  3.2710350E-02 -6.8807806E+01 -1.1002033E+00  7.8910566E-02  2.6065781E-03  2.6065781E-03  8.3603827E-05  1.9570788E-06  3.8438307E-08  6.7333356E-10
  3.3179917E-02 -6.8680300E+01 -1.1159838E+00  8.0042518E-02  2.6818819E-03  2.6818819E-03  8.7253749E-05  2.0718358E-06  4.1276265E-08  7.3342470E-10
  3.3656153E-02 -6.8551637E+01 -1.1319879E+00  8.1190510E-02  2.7593473E-03  2.7593473E-03  9.1062360E-05  2.1933011E-06  4.4323237E-08  7.9886757E-10
  3.4139153E-02 -6.8421808E+01 -1.1482186E+00  8.2354768E-02  2.8390362E-03  2.8390362E-03  9.5036535E-05  2.3218659E-06  4.7594586E-08  8.7013796E-10
  3.4629013E-02 -6.8290802E+01 -1.1646793E+00  8.3535521E-02  2.9210120E-03  2.9210120E-03  9.9183449E-05  2.4579440E-06  5.1106801E-08  9.4775387E-10
  3.5125829E-02 -6.8158609E+01 -1.1813730E+00  8.4733003E-02  3.0053400E-03  3.0053400E-03  1.0351059E-04  2.6019735E-06  5.4877579E-08  1.0322793E-09
  3.5629702E-02 -6.8025217E+01 -1.1983032E+00  8.5947448E-02  3.0920876E-03  3.0920876E-03  1.0802575E-04  2.7544179E-06  5.8925917E-08  1.1243282E-09
  3.6140731E-02 -6.7890617E+01 -1.2154731E+00  8.7179096E-02  3.1813236E-03  3.1813236E-03  1.1273709E-04  2.9157674E-06  6.3272204E-08  1.2245691E-09
  3.6659017E-02 -6.7754796E+01 -1.2328860E+00  8.8428189E-02  3.2731192E-03  3.2731192E-03  1.1765311E-04  3.0865412E-06  6.7938324E-08  1.3337298E-09
  3.7184664E-02 -6.7617744E+01 -1.2505456E+00  8.9694973E-02  3.3675475E-03  3.3675475E-03  1.2278265E-04  3.2672882E-06  7.2947767E-08  1.4526027E-09
  3.7717777E-02 -6.7479448E+01 -1.2684551E+00  9.0979697E-02  3.4646835E-03  3.4646835E-03  1.2813497E-04  3.4585896E-06  7.8325742E-08  1.5820505E-09
  3.8258461E-02 -6.7339898E+01 -1.2866181E+00  9.2282614E-02  3.5646046E-03  3.5646046E-03  1.3371972E-04  3.6610600E-06  8.4099308E-08  1.7230122E-09
  3.8806824E-02 -6.7199081E+01 -1.3050382E+00  9.3603980E-02  3.6673901E-03  3.6673901E-03  1.3954695E-04  3.8753501E-06  9.0297507E-08  1.8765104E-09
  3.9362975E-02 -6.7056985E+01 -1.3237189E+00  9.4944053E-02  3.7731219E-03  3.7731219E-03  1.4562717E-04  4.1021482E-06  9.6951510E-08  2.0436581E-09
  3.9927025E-02 -6.6913598E+01 -1.3426640E+00  9.6303099E-02  3.8818839E-03  3.8818839E-03  1.5197130E-04  4.3421826E-06  1.0409477E-07  2.2256670E-09
  4.0499085E-02 -6.6768909E+01 -1.3618772E+00  9.7681382E-02  3.9937625E-03  3.9937625E-03  1.5859079E-04  4.5962241E-06  1.1176319E-07  2.4238565E-09
  4.1079270E-02 -6.6622903E+01 -1.3813622E+00  9.9079175E-02  4.1088467E-03  4.1088467E-03  1.6549753E-04  4.8650879E-06  1.1999531E-07  2.6396624E-09
  4.1667695E-02 -6.6475571E+01 -1.4011229E+00  1.0049675E-01  4.2272277E-03  4.2272277E-03  1.7270396E-04  5.1496369E-06  1.2883248E-07  2.8746483E-09
  4.2264476E-02 -6.6326897E+01 -1.4211630E+00  1.0193439E-01  4.3489995E-03  4.3489995E-03  1.8022304E-04  5.4507839E-06  1.3831910E-07  3.1305161E-09
  4.2869734E-02 -6.6176871E+01 -1.4414866E+00  1.0339237E-01  4.4742588E-03  4.4742588E-03  1.8806828E-04  5.7694950E-06  1.4850279E-07  3.4091183E-09
  4.3483587E-02 -6.6025480E+01 -1.4620975E+00  1.0487097E-01  4.6031048E-03  4.6031048E-03  1.9625380E-04  6.1067920E-06  1.5943468E-07  3.7124720E-09
  4.4106158E-02 -6.5872711E+01 -1.4829999E+00  1.0637050E-01  4.7356398E-03  4.7356398E-03  2.0479429E-04  6.4637562E-06  1.7116965E-07  4.0427724E-09
  4.4737572E-02 -6.5718551E+01 -1.5041978E+00  1.0789124E-01  4.8719687E-03  4.8719687E-03  2.1370511E-04  6.8415317E-06  1.8376657E-07  4.4024097E-09
  4.5377953E-02 -6.5562988E+01 -1.5256954E+00  1.0943348E-01  5.0121996E-03  5.0121996E-03  2.2300227E-04  7.2413290E-06  1.9728864E-07  4.7939853E-09
  4.6027428E-02 -6.5406010E+01 -1.5474967E+00  1.1099754E-01  5.1564436E-03  5.1564436E-03  2.3270245E-04  7.6644288E-06  2.1180367E-07  5.2203312E-09
  4.6686128E-02 -6.5247604E+01 -1.5696062E+00  1.1258371E-01  5.3048148E-03  5.3048148E-03  2.4282307E-04  8.1121860E-06  2.2738445E-07  5.6845300E-09
  4.7354183E-02 -6.5087758E+01 -1.5920281E+00  1.1419231E-01  5.4574306E-03  5.4574306E-03  2.5338229E-04  8.5860342E-06  2.4410909E-07  6.1899375E-09
  4.8031725E-02 -6.4926460E+01 -1.6147668E+00  1.1582365E-01  5.6144118E-03  5.6144118E-03  2.6439906E-04  9.0874903E-06  2.6206140E-07  6.7402060E-09
  4.8718891E-02 -6.4763698E+01 -1.6378266E+00  1.1747805E-01  5.7758825E-03  5.7758825E-03  2.7589313E-04  9.6181588E-06  2.8133133E-07  7.3393116E-09
  4.9415815E-02 -6.4599461E+01 -1.6612122E+00  1.1915584E-01  5.9419703E-03  5.9419703E-03  2.8788513E-04  1.0179738E-05  3.0201541E-07  7.9915820E-09
  5.0122637E-02 -6.4433737E+01 -1.6849280E+00  1.2085733E-01  6.1128065E-03  6.1128065E-03  3.0039653E-04  1.0774023E-05  3.2421723E-07  8.7017277E-09
  5.0839498E-02 -6.4266516E+01 -1.7089786E+00  1.2258286E-01  6.2885259E-03  6.2885259E-03  3.1344977E-04  1.1402914E-05  3.4804795E-07  9.4748762E-09
  5.1566540E-02 -6.4097786E+01 -1.7333687E+00  1.2433277E-01  6.4692672E-03  6.4692672E-03  3.2706823E-04  1.2068423E-05  3.7362686E-07  1.0316608E-08
  5.2303908E-02 -6.3927537E+01 -1.7581031E+00  1.2610739E-01  6.6551731E-03  6.6551731E-03  3.4127629E-04  1.2772676E-05  4.0108195E-07  1.1232999E-08
  5.3051747E-02 -6.3755759E+01 -1.7831865E+00  1.2790708E-01  6.8463902E-03  6.8463902E-03  3.5609940E-04  1.3517922E-05  4.3055061E-07  1.2230660E-08
  5.3810208E-02 -6.3582444E+01 -1.8086238E+00  1.2973218E-01  7.0430692E-03  7.0430692E-03  3.7156409E-04  1.4306544E-05  4.6218021E-07  1.3316787E-08
  5.4579441E-02 -6.3407581E+01 -1.8344199E+00  1.3158304E-01  7.2453651E-03  7.2453651E-03  3.8769801E-04  1.5141057E-05  4.9612893E-07  1.4499213E-08
  5.5359598E-02 -6.3231163E+01 -1.8605798E+00  1.3346004E-01  7.4534371E-03  7.4534371E-03  4.0453004E-04  1.6024128E-05  5.3256648E-07  1.5786464E-08
  5.6150836E-02 -6.3053181E+01 -1.8871087E+00  1.3536352E-01  7.6674491E-03  7.6674491E-03  4.2209025E-04  1.6958574E-05  5.7167500E-07  1.7187819E-08
  5.6953310E-02 -6.2873629E+01 -1.9140115E+00  1.3729386E-01  7.8875694E-03  7.8875694E-03  4.4041006E-04  1.7947376E-05  6.1364989E-07  1.8713375E-08
  5.7767182E-02 -6.2692500E+01 -1.9412934E+00  1.3925143E-01  8.1139710E-03  8.1139710E-03  4.5952217E-04  1.8993688E-05  6.5870084E-07  2.0374124E-08
  5.8592613E-02 -6.2509788E+01 -1.9689599E+00  1.4123662E-01  8.3468320E-03  8.3468320E-03  4.7946074E-04  2.0100848E-05  7.0705284E-07  2.2182029E-08
  5.9429766E-02 -6.2325488E+01 -1.9970161E+00  1.4324980E-01  8.5863352E-03  8.5863352E-03  5.0026136E-04  2.1272384E-05  7.5894731E-07  2.4150108E-08
  6.0278809E-02 -6.2139596E+01 -2.0254675E+00  1.4529137E-01  8.8326686E-03  8.8326686E-03  5.2196116E-04  2.2512030E-05  8.1464329E-07  2.6292530E-08
  6.1139910E-02 -6.1952109E+01 -2.0543195E+00  1.4736171E-01  9.0860255E-03  9.0860255E-03  5.4459885E-04  2.3823735E-05  8.7441871E-07  2.8624716E-08
  6.2013241E-02 -6.1763023E+01 -2.0835777E+00  1.4946124E-01  9.3466045E-03  9.3466045E-03  5.6821480E-04  2.5211677E-05  9.3857179E-07  3.1163447E-08
  6.2898975E-02 -6.1572338E+01 -2.1132477E+00  1.5159035E-01  9.6146098E-03  9.6146098E-03  5.9285113E-04  2.6680275E-05  1.0074225E-06  3.3926988E-08
  6.3797289E-02 -6.1380052E+01 -2.1433352E+00  1.5374945E-01  9.8902512E-03  9.8902512E-03  6.1855174E-04  2.8234204E-05  1.0813141E-06  3.6935213E-08
  6.4708360E-02 -6.1186166E+01 -2.1738459E+00  1.5593896E-01  1.0173745E-02  1.0173745E-02  6.4536240E-04  2.9878409E-05  1.1606150E-06  4.0209754E-08
  6.5632371E-02 -6.0990681E+01 -2.2047858E+00  1.5815929E-01  1.0465311E-02  1.0465311E-02  6.7333087E-04  3.1618119E-05  1.2457204E-06  4.3774148E-08
  6.6569505E-02 -6.0793601E+01 -2.2361606E+00  1.6041089E-01  1.0765180E-02  1.0765180E-02  7.0250692E-04  3.3458866E-05  1.3370542E-06  4.7654013E-08
  6.7519948E-02 -6.0594927E+01 -2.2679764E+00  1.6269417E-01  1.1073584E-02  1.1073584E-02  7.3294246E-04  3.5406503E-05  1.4350713E-06  5.1877224E-08
  6.8483890E-02 -6.0394666E+01 -2.3002393E+00  1.6500957E-01  1.1390764E-02  1.1390764E-02  7.6469162E-04  3.7467219E-05  1.5402599E-06  5.6474116E-08
  6.9461521E-02 -6.0192823E+01 -2.3329553E+00  1.6735755E-01  1.1716968E-02  1.1716968E-02  7.9781085E-04  3.9647559E-05  1.6531434E-06  6.1477698E-08
  7.0453038E-02 -5.9989405E+01 -2.3661308E+00  1.6973854E-01  1.2052451E-02  1.2052451E-02  8.3235898E-04  4.1954447E-05  1.7742836E-06  6.6923891E-08
  7.1458636E-02 -5.9784420E+01 -2.3997719E+00  1.7215300E-01  1.2397472E-02  1.2397472E-02  8.6839738E-04  4.4395208E-05  1.9042832E-06  7.2851783E-08
  7.2478516E-02 -5.9577878E+01 -2.4338852E+00  1.7460140E-01  1.2752301E-02  1.2752301E-02  9.0599001E-04  4.6977586E-05  2.0437886E-06  7.9303906E-08
  7.3512880E-02 -5.9369790E+01 -2.4684770E+00  1.7708420E-01  1.3117213E-02  1.3117213E-02  9.4520360E-04  4.9709773E-05  2.1934934E-06  8.6326542E-08
  7.4561935E-02 -5.9160167E+01 -2.5035538E+00  1.7960186E-01  1.3492493E-02  1.3492493E-02  9.8610767E-04  5.2600433E-05  2.3541417E-06  9.3970050E-08
  7.5625888E-02 -5.8949024E+01 -2.5391224E+00  1.8215488E-01  1.3878430E-02  1.3878430E-02  1.0287747E-03  5.5658729E-05  2.5265316E-06  1.0228923E-07
  7.6704952E-02 -5.8736374E+01 -2.5751894E+00  1.8474373E-01  1.4275325E-02  1.4275325E-02  1.0732804E-03  5.8894351E-05  2.7115194E-06  1.1134369E-07
  7.7799342E-02 -5.8522235E+01 -2.6117616E+00  1.8736890E-01  1.4683486E-02  1.4683486E-02  1.1197034E-03  6.2317548E-05  2.9100236E-06  1.2119832E-07
  7.8909274E-02 -5.8306622E+01 -2.6488459E+00  1.9003090E-01  1.5103227E-02  1.5103227E-02  1.1681260E-03  6.5939158E-05  3.1230293E-06  1.3192370E-07
  8.0034969E-02 -5.8089554E+01 -2.6864491E+00  1.9273022E-01  1.5534874E-02  1.5534874E-02  1.2186338E-03  6.9770642E-05  3.3515936E-06  1.4359662E-07
  8.1176652E-02 -5.7871052E+01 -2.7245785E+00  1.9546737E-01  1.5978760E-02  1.5978760E-02  1.2713161E-03  7.3824121E-05  3.5968502E-06  1.5630065E-07
  8.2334550E-02 -5.7651136E+01 -2.7632410E+00  1.9824288E-01  1.6435227E-02  1.6435227E-02  1.3262660E-03  7.8112413E-05  3.8600150E-06  1.7012669E-07
  8.3508892E-02 -5.7429828E+01 -2.8024440E+00  2.0105725E-01  1.6904629E-02  1.6904629E-02  1.3835805E-03  8.2649072E-05  4.1423925E-06  1.8517365E-07
  8.4699912E-02 -5.7207153E+01 -2.8421946E+00  2.0391103E-01  1.7387325E-02  1.7387325E-02  1.4433607E-03  8.7448430E-05  4.4453818E-06  2.0154914E-07
  8.5907848E-02 -5.6983133E+01 -2.8825004E+00  2.0680474E-01  1.7883688E-02  1.7883688E-02  1.5057121E-03  9.2525643E-05  4.7704835E-06  2.1937022E-07
  8.7132939E-02 -5.6757796E+01 -2.9233687E+00  2.0973893E-01  1.8394100E-02  1.8394100E-02  1.5707446E-03  9.7896738E-05  5.1193073E-06  2.3876427E-07
  8.8375429E-02 -5.6531168E+01 -2.9648071E+00  2.1271414E-01  1.8918951E-02  1.8918951E-02  1.6385727E-03  1.0357866E-04  5.4935795E-06  2.5986983E-07
  8.9635565E-02 -5.6303277E+01 -3.0068234E+00  2.1573093E-01  1.9458644E-02  1.9458644E-02  1.7093158E-03  1.0958932E-04  5.8951516E-06  2.8283764E-07
  9.0913598E-02 -5.6074152E+01 -3.0494252E+00  2.1878987E-01  2.0013593E-02  2.0013593E-02  1.7830984E-03  1.1594768E-04  6.3260094E-06  3.0783166E-07
  9.2209782E-02 -5.5843822E+01 -3.0926203E+00  2.2189151E-01  2.0584221E-02  2.0584221E-02  1.8600501E-03  1.2267375E-04  6.7882827E-06  3.3503028E-07
  9.3524374E-02 -5.5612317E+01 -3.1364168E+00  2.2503643E-01  2.1170966E-02  2.1170966E-02  1.9403060E-03  1.2978872E-04  7.2842557E-06  3.6462753E-07
  9.4857637E-02 -5.5379671E+01 -3.1808225E+00  2.2822523E-01  2.1774274E-02  2.1774274E-02  2.0240072E-03  1.3731498E-04  7.8163777E-06  3.9683449E-07
  9.6209835E-02 -5.5145913E+01 -3.2258457E+00  2.3145847E-01  2.2394605E-02  2.2394605E-02  2.1113003E-03  1.4527620E-04  8.3872758E-06  4.3188074E-07
  9.7581238E-02 -5.4911078E+01 -3.2714944E+00  2.3473677E-01  2.3032432E-02  2.3032432E-02  2.2023384E-03  1.5369740E-04  8.9997669E-06  4.7001603E-07
  9.8972117E-02 -5.4675198E+01 -3.3177771E+00  2.3806072E-01  2.3688238E-02  2.3688238E-02  2.2972808E-03  1.6260504E-04  9.6568722E-06  5.1151201E-07
  1.0038275E-01 -5.4438308E+01 -3.3647021E+00  2.4143093E-01  2.4362520E-02  2.4362520E-02  2.3962938E-03  1.7202710E-04  1.0361831E-05  5.5666413E-07
  1.0181342E-01 -5.4200440E+01 -3.4122778E+00  2.4484802E-01  2.5055791E-02  2.5055791E-02  2.4995503E-03  1.8199313E-04  1.1118117E-05  6.0579376E-07
  1.0326440E-01 -5.3961629E+01 -3.4605129E+00  2.4831260E-01  2.5768574E-02  2.5768574E-02  2.6072307E-03  1.9253439E-04  1.1929455E-05  6.5925043E-07
  1.0473600E-01 -5.3721910E+01 -3.5094159E+00  2.5182533E-01  2.6501406E-02  2.6501406E-02  2.7195231E-03  2.0368393E-04  1.2799839E-05  7.1741429E-07
  1.0622849E-01 -5.3481317E+01 -3.5589957E+00  2.5538682E-01  2.7254841E-02  2.7254841E-02  2.8366231E-03  2.1547665E-04  1.3733551E-05  7.8069879E-07
  1.0774218E-01 -5.3239885E+01 -3.6092611E+00  2.5899772E-01  2.8029446E-02  2.8029446E-02  2.9587348E-03  2.2794948E-04  1.4735183E-05  8.4955356E-07
  1.0927737E-01 -5.2997647E+01 -3.6602210E+00  2.6265869E-01  2.8825801E-02  2.8825801E-02  3.0860706E-03  2.4114142E-04  1.5809658E-05  9.2446759E-07
  1.1083436E-01 -5.2754637E+01 -3.7118845E+00  2.6637038E-01  2.9644505E-02  2.9644505E-02  3.2188519E-03  2.5509371E-04  1.6962254E-05  1.0059727E-06
  1.1241346E-01 -5.2510890E+01 -3.7642606E+00  2.7013346E-01  3.0486170E-02  3.0486170E-02  3.3573095E-03  2.6984994E-04  1.8198629E-05  1.0946471E-06
  1.1401499E-01 -5.2266437E+01 -3.8173587E+00  2.7394861E-01  3.1351424E-02  3.1351424E-02  3.5016834E-03  2.8545616E-04  1.9524850E-05  1.1911197E-06
  1.1563926E-01 -5.2021311E+01 -3.8711880E+00  2.7781649E-01  3.2240913E-02  3.2240913E-02  3.6522240E-03  3.0196104E-04  2.0947421E-05  1.2960742E-06
  1.1728661E-01 -5.1775543E+01 -3.9257579E+00  2.8173781E-01  3.3155299E-02  3.3155299E-02  3.8091919E-03  3.1941603E-04  2.2473313E-05  1.4102544E-06
  1.1895735E-01 -5.1529164E+01 -3.9810779E+00  2.8571325E-01  3.4095259E-02  3.4095259E-02  3.9728584E-03  3.3787548E-04  2.4109999E-05  1.5344685E-06
  1.2065182E-01 -5.1282204E+01 -4.0371576E+00  2.8974352E-01  3.5061490E-02  3.5061490E-02  4.1435064E-03  3.5739683E-04  2.5865490E-05  1.6695957E-06
  1.2237035E-01 -5.1034691E+01 -4.0940066E+00  2.9382932E-01  3.6054707E-02  3.6054707E-02  4.3214302E-03  3.7804077E-04  2.7748373E-05  1.8165917E-06
  1.2411329E-01 -5.0786651E+01 -4.1516348E+00  2.9797138E-01  3.7075642E-02  3.7075642E-02  4.5069365E-03  3.9987143E-04  2.9767852E-05  1.9764957E-06
  1.2588098E-01 -5.0538112E+01 -4.2100520E+00  3.0217040E-01  3.8125046E-02  3.8125046E-02  4.7003444E-03  4.2295657E-04  3.1933792E-05  2.1504375E-06
  1.2767378E-01 -5.0289098E+01 -4.2692681E+00  3.0642713E-01  3.9203689E-02  3.9203689E-02  4.9019865E-03  4.4736777E-04  3.4256766E-05  2.3396450E-06
  1.2949204E-01 -5.0039631E+01 -4.3292932E+00  3.1074229E-01  4.0312361E-02  4.0312361E-02  5.1122088E-03  4.7318066E-04  3.6748103E-05  2.5454537E-06
  1.3133613E-01 -4.9789732E+01 -4.3901373E+00  3.1511664E-01  4.1451870E-02  4.1451870E-02  5.3313718E-03  5.0047513E-04  3.9419949E-05  2.7693148E-06
  1.3320640E-01 -4.9539422E+01 -4.4518107E+00  3.1955092E-01  4.2623047E-02  4.2623047E-02  5.5598504E-03  5.2933558E-04  4.2285316E-05  3.0128060E-06
  1.3510324E-01 -4.9288719E+01 -4.5143237E+00  3.2404589E-01  4.3826743E-02  4.3826743E-02  5.7980353E-03  5.5985115E-04  4.5358150E-05  3.2776424E-06
  1.3702701E-01 -4.9037638E+01 -4.5776866E+00  3.2860231E-01  4.5063828E-02  4.5063828E-02  6.0463330E-03  5.9211603E-04  4.8653392E-05  3.5656879E-06
  1.3897811E-01 -4.8786193E+01 -4.6419099E+00  3.3322096E-01  4.6335196E-02  4.6335196E-02  6.3051666E-03  6.2622965E-04  5.2187055E-05  3.8789686E-06
  1.4095692E-01 -4.8534398E+01 -4.7070041E+00  3.3790262E-01  4.7641762E-02  4.7641762E-02  6.5749765E-03  6.6229708E-04  5.5976293E-05  4.2196864E-06
  1.4296383E-01 -4.8282262E+01 -4.7729798E+00  3.4264805E-01  4.8984463E-02  4.8984463E-02  6.8562210E-03  7.0042925E-04  6.0039487E-05  4.5902344E-06
  1.4499924E-01 -4.8029794E+01 -4.8398477E+00  3.4745807E-01  5.0364261E-02  5.0364261E-02  7.1493769E-03  7.4074331E-04  6.4396327E-05  4.9932132E-06
  1.4706356E-01 -4.7777000E+01 -4.9076185E+00  3.5233346E-01  5.1782137E-02  5.1782137E-02  7.4549406E-03  7.8336297E-04  6.9067909E-05  5.4314490E-06
  1.4915720E-01 -4.7523884E+01 -4.9763032E+00  3.5727502E-01  5.3239100E-02  5.3239100E-02  7.7734285E-03  8.2841887E-04  7.4076832E-05  5.9080127E-06
  1.5128058E-01 -4.7270450E+01 -5.0459125E+00  3.6228357E-01  5.4736180E-02  5.4736180E-02  8.1053777E-03  8.7604892E-04  7.9447301E-05  6.4262414E-06
  1.5343411E-01 -4.7016698E+01 -5.1164574E+00  3.6735992E-01  5.6274435E-02  5.6274435E-02  8.4513471E-03  9.2639875E-04  8.5205244E-05  6.9897606E-06
  1.5561822E-01 -4.6762626E+01 -5.1879490E+00  3.7250489E-01  5.7854944E-02  5.7854944E-02  8.8119181E-03  9.7962208E-04  9.1378432E-05  7.6025096E-06
  1.5783336E-01 -4.6508232E+01 -5.2603983E+00  3.7771930E-01  5.9478813E-02  5.9478813E-02  9.1876952E-03  1.0358812E-03  9.7996606E-05  8.2687680E-06
  1.6007995E-01 -4.6253511E+01 -5.3338166E+00  3.8300400E-01  6.1147175E-02  6.1147175E-02  9.5793075E-03  1.0953474E-03  1.0509162E-04  8.9931850E-06
  1.6235845E-01 -4.5998457E+01 -5.4082149E+00  3.8835981E-01  6.2861187E-02  6.2861187E-02  9.9874089E-03  1.1582015E-03  1.1269758E-04  9.7808112E-06
  1.6466931E-01 -4.5743062E+01 -5.4836046E+00  3.9378758E-01  6.4622035E-02  6.4622035E-02  1.0412679E-02  1.2246343E-03  1.2085101E-04  1.0637132E-05
  1.6701299E-01 -4.5487317E+01 -5.5599970E+00  3.9928815E-01  6.6430929E-02  6.6430929E-02  1.0855826E-02  1.2948473E-03  1.2959102E-04  1.1568107E-05
  1.6938996E-01 -4.5231211E+01 -5.6374033E+00  4.0486239E-01  6.8289109E-02  6.8289109E-02  1.1317584E-02  1.3690528E-03  1.3895948E-04  1.2580208E-05
  1.7180068E-01 -4.4974734E+01 -5.7158350E+00  4.1051113E-01  7.0197842E-02  7.0197842E-02  1.1798717E-02  1.4474752E-03  1.4900121E-04  1.3680462E-05
  1.7424565E-01 -4.4717872E+01 -5.7953035E+00  4.1623525E-01  7.2158422E-02  7.2158422E-02  1.2300020E-02  1.5303510E-03  1.5976421E-04  1.4876503E-05
  1.7672533E-01 -4.4460614E+01 -5.8758203E+00  4.2203561E-01  7.4172172E-02  7.4172172E-02  1.2822317E-02  1.6179299E-03  1.7129983E-04  1.6176619E-05
  1.7924023E-01 -4.4202945E+01 -5.9573967E+00  4.2791307E-01  7.6240445E-02  7.6240445E-02  1.3366468E-02  1.7104751E-03  1.8366305E-04  1.7589810E-05
  1.8179085E-01 -4.3944852E+01 -6.0400444E+00  4.3386851E-01  7.8364622E-02  7.8364622E-02  1.3933362E-02  1.8082643E-03  1.9691272E-04  1.9125847E-05
  1.8437770E-01 -4.3686322E+01 -6.1237748E+00  4.3990280E-01  8.0546112E-02  8.0546112E-02  1.4523926E-02  1.9115905E-03  2.1111181E-04  2.0795337E-05
  1.8700128E-01 -4.3427340E+01 -6.2085994E+00  4.4601682E-01  8.2786355E-02  8.2786355E-02  1.5139121E-02  2.0207626E-03  2.2632770E-04  2.2609797E-05
  1.8966213E-01 -4.3167894E+01 -6.2945297E+00  4.5221144E-01  8.5086823E-02  8.5086823E-02  1.5779947E-02  2.1361062E-03  2.4263249E-04  2.4581727E-05
  1.9236076E-01 -4.2907972E+01 -6.3815772E+00  4.5848756E-01  8.7449014E-02  8.7449014E-02  1.6447441E-02  2.2579650E-03  2.6010333E-04  2.6724695E-05
  1.9509772E-01 -4.2647562E+01 -6.4697536E+00  4.6484605E-01  8.9874460E-02  8.9874460E-02  1.7142679E-02  2.3867009E-03  2.7882275E-04  2.9053427E-05
  1.9787355E-01 -4.2386654E+01 -6.5590701E+00  4.7128779E-01  9.2364720E-02  9.2364720E-02  1.7866780E-02  2.5226957E-03  2.9887901E-04  3.1583902E-05
  2.0068881E-01 -4.2125240E+01 -6.6495383E+00  4.7781367E-01  9.4921387E-02  9.4921387E-02  1.8620906E-02  2.6663517E-03  3.2036656E-04  3.4333463E-05
  2.0354404E-01 -4.1863313E+01 -6.7411696E+00  4.8442457E-01  9.7546083E-02  9.7546083E-02  1.9406260E-02  2.8180929E-03  3.4338637E-04  3.7320923E-05
  2.0643983E-01 -4.1600869E+01 -6.8339754E+00  4.9112138E-01  1.0024046E-01  1.0024046E-01  2.0224092E-02  2.9783662E-03  3.6804644E-04  4.0566698E-05
  2.0937675E-01 -4.1337907E+01 -6.9279670E+00  4.9790499E-01  1.0300620E-01  1.0300620E-01  2.1075700E-02  3.1476424E-03  3.9446224E-04  4.4092930E-05
  2.1235537E-01 -4.1074426E+01 -7.0231556E+00  5.0477627E-01  1.0584502E-01  1.0584502E-01  2.1962430E-02  3.3264175E-03  4.2275725E-04  4.7923643E-05
  2.1537630E-01 -4.0810431E+01 -7.1195525E+00  5.1173610E-01  1.0875867E-01  1.0875867E-01  2.2885676E-02  3.5152139E-03  4.5306344E-04  5.2084888E-05
  2.1844014E-01 -4.0545929E+01 -7.2171687E+00  5.1878536E-01  1.1174892E-01  1.1174892E-01  2.3846885E-02  3.7145820E-03  4.8552190E-04  5.6604921E-05
  2.2154748E-01 -4.0280930E+01 -7.3160154E+00  5.2592493E-01  1.1481757E-01  1.1481757E-01  2.4847558E-02  3.9251014E-03  5.2028342E-04  6.1514381E-05
  2.2469896E-01 -4.0015450E+01 -7.4161033E+00  5.3315567E-01  1.1796647E-01  1.1796647E-01  2.5889249E-02  4.1473822E-03  5.5750915E-04  6.6846489E-05
  2.2789520E-01 -3.9749507E+01 -7.5174433E+00  5.4047845E-01  1.2119748E-01  1.2119748E-01  2.6973571E-02  4.3820668E-03  5.9737127E-04  7.2637261E-05
  2.3113683E-01 -3.9483124E+01 -7.6200461E+00  5.4789413E-01  1.2451249E-01  1.2451249E-01  2.8102192E-02  4.6298314E-03  6.4005374E-04  7.8925738E-05
  2.3442449E-01 -3.9216329E+01 -7.7239222E+00  5.5540357E-01  1.2791344E-01  1.2791344E-01  2.9276843E-02  4.8913878E-03  6.8575308E-04  8.5754237E-05
  2.3775885E-01 -3.8949154E+01 -7.8290819E+00  5.6300761E-01  1.3140226E-01  1.3140226E-01  3.0499314E-02  5.1674849E-03  7.3467920E-04  9.3168619E-05
  2.4114057E-01 -3.8681637E+01 -7.9355355E+00  5.7070709E-01  1.3498095E-01  1.3498095E-01  3.1771460E-02  5.4589104E-03  7.8705626E-04  1.0121858E-04
  2.4457031E-01 -3.8413820E+01 -8.0432931E+00  5.7850284E-01  1.3865151E-01  1.3865151E-01  3.3095201E-02  5.7664934E-03  8.4312361E-04  1.0995795E-04
  2.4804877E-01 -3.8145753E+01 -8.1523644E+00  5.8639569E-01  1.4241598E-01  1.4241598E-01  3.4472524E-02  6.0911053E-03  9.0313680E-04  1.1944507E-04
  2.5157662E-01 -3.7877487E+01 -8.2627590E+00  5.9438644E-01  1.4627641E-01  1.4627641E-01  3.5905483E-02  6.4336629E-03  9.6736862E-04  1.2974312E-04
  2.5515458E-01 -3.7609082E+01 -8.3744864E+00  6.0247589E-01  1.5023490E-01  1.5023490E-01  3.7396205E-02  6.7951297E-03  1.0361102E-03  1.4092051E-04
  2.5878335E-01 -3.7340603E+01 -8.4875556E+00  6.1066484E-01  1.5429353E-01  1.5429353E-01  3.8946887E-02  7.1765186E-03  1.1096722E-03  1.5305134E-04
  2.6246366E-01 -3.7072120E+01 -8.6019756E+00  6.1895404E-01  1.5845446E-01  1.5845446E-01  4.0559803E-02  7.5788939E-03  1.1883862E-03  1.6621583E-04
  2.6619624E-01 -3.6803709E+01 -8.7177549E+00  6.2734427E-01  1.6271982E-01  1.6271982E-01  4.2237299E-02  8.0033741E-03  1.2726056E-03  1.8050080E-04
  2.6998183E-01 -3.6535452E+01 -8.8349018E+00  6.3583625E-01  1.6709178E-01  1.6709178E-01  4.3981801E-02  8.4511338E-03  1.3627077E-03  1.9600024E-04
  2.7382119E-01 -3.6267436E+01 -8.9534243E+00  6.4443073E-01  1.7157253E-01  1.7157253E-01  4.5795815E-02  8.9234067E-03  1.4590946E-03  2.1281585E-04
  2.7771507E-01 -3.5999754E+01 -9.0733299E+00  6.5312839E-01  1.7616428E-01  1.7616428E-01  4.7681926E-02  9.4214880E-03  1.5621949E-03  2.3105767E-04
  2.8166425E-01 -3.5732504E+01 -9.1946258E+00  6.6192994E-01  1.8086922E-01  1.8086922E-01  4.9642802E-02  9.9467373E-03  1.6724658E-03  2.5084474E-04
  2.8566952E-01 -3.5465791E+01 -9.3173190E+00  6.7083602E-01  1.8568960E-01  1.8568960E-01  5.1681196E-02  1.0500581E-02  1.7903941E-03  2.7230578E-04
  2.8973168E-01 -3.5199721E+01 -9.4414159E+00  6.7984729E-01  1.9062764E-01  1.9062764E-01  5.3799945E-02  1.1084517E-02  1.9164988E-03  2.9558003E-04
  2.9385152E-01 -3.4934410E+01 -9.5669223E+00  6.8896436E-01  1.9568559E-01  1.9568559E-01  5.6001976E-02  1.1700114E-02  2.0513325E-03  3.2081797E-04
  2.9802988E-01 -3.4669976E+01 -9.6938439E+00  6.9818782E-01  2.0086568E-01  2.0086568E-01  5.8290302E-02  1.2349019E-02  2.1954841E-03  3.4818231E-04
  3.0226758E-01 -3.4406540E+01 -9.8221856E+00  7.0751824E-01  2.0617017E-01  2.0617017E-01  6.0668027E-02  1.3032956E-02  2.3495800E-03  3.7784886E-04
  3.0656546E-01 -3.4144231E+01 -9.9519519E+00  7.1695614E-01  2.1160129E-01  2.1160129E-01  6.3138346E-02  1.3753735E-02  2.5142876E-03  4.1000756E-04
  3.1092439E-01 -3.3883178E+01 -1.0083147E+01  7.2650204E-01  2.1716127E-01  2.1716127E-01  6.5704545E-02  1.4513248E-02  2.6903167E-03  4.4486360E-04
  3.1534522E-01 -3.3623516E+01 -1.0215774E+01  7.3615640E-01  2.2285234E-01  2.2285234E-01  6.8370004E-02  1.5313481E-02  2.8784226E-03  4.8263859E-04
  3.1982883E-01 -3.3365381E+01 -1.0349835E+01  7.4591966E-01  2.2867672E-01  2.2867672E-01  7.1138195E-02  1.6156508E-02  3.0794086E-03  5.2357178E-04
  3.2437612E-01 -3.3108914E+01 -1.0485333E+01  7.5579222E-01  2.3463658E-01  2.3463658E-01  7.4012688E-02  1.7044503E-02  3.2941291E-03  5.6792142E-04
  3.2898800E-01 -3.2854256E+01 -1.0622270E+01  7.6577443E-01  2.4073410E-01  2.4073410E-01  7.6997143E-02  1.7979739E-02  3.5234919E-03  6.1596621E-04
  3.3366537E-01 -3.2601550E+01 -1.0760645E+01  7.7586662E-01  2.4697141E-01  2.4697141E-01  8.0095318E-02  1.8964593E-02  3.7684621E-03  6.6800681E-04
  3.3840918E-01 -3.2350942E+01 -1.0900459E+01  7.8606905E-01  2.5335063E-01  2.5335063E-01  8.3311064E-02  2.0001549E-02  4.0300645E-03  7.2436753E-04
  3.4322035E-01 -3.2102578E+01 -1.1041711E+01  7.9638197E-01  2.5987380E-01  2.5987380E-01  8.6648328E-02  2.1093204E-02  4.3093879E-03  7.8539802E-04
  3.4809986E-01 -3.1856602E+01 -1.1184399E+01  8.0680555E-01  2.6654297E-01  2.6654297E-01  9.0111149E-02  2.2242267E-02  4.6075880E-03  8.5147521E-04
  3.5304866E-01 -3.1613162E+01 -1.1328521E+01  8.1733992E-01  2.7336008E-01  2.7336008E-01  9.3703660E-02  2.3451570E-02  4.9258910E-03  9.2300527E-04
  3.5806775E-01 -3.1372401E+01 -1.1474073E+01  8.2798517E-01  2.8032706E-01  2.8032706E-01  9.7430085E-02  2.4724064E-02  5.2655983E-03  1.0004258E-03
  3.6315812E-01 -3.1134464E+01 -1.1621051E+01  8.3874131E-01  2.8744574E-01  2.8744574E-01  1.0129474E-01  2.6062830E-02  5.6280894E-03  1.0842079E-03
  3.6832079E-01 -3.0899493E+01 -1.1769450E+01  8.4960831E-01  2.9471790E-01  2.9471790E-01  1.0530202E-01  2.7471076E-02  6.0148271E-03  1.1748589E-03
  3.7355677E-01 -3.0667627E+01 -1.1919263E+01  8.6058608E-01  3.0214521E-01  3.0214521E-01  1.0945643E-01  2.8952148E-02  6.4273612E-03  1.2729247E-03
  3.7886712E-01 -3.0439004E+01 -1.2070482E+01  8.7167446E-01  3.0972929E-01  3.0972929E-01  1.1376252E-01  3.0509526E-02  6.8673331E-03  1.3789927E-03
  3.8425289E-01 -3.0213757E+01 -1.2223099E+01  8.8287323E-01  3.1747163E-01  3.1747163E-01  1.1822494E-01  3.2146834E-02  7.3364806E-03  1.4936944E-03
  3.8971515E-01 -2.9992015E+01 -1.2377104E+01  8.9418208E-01  3.2537362E-01  3.2537362E-01  1.2284843E-01  3.3867839E-02  7.8366428E-03  1.6177087E-03
  3.9525499E-01 -2.9773905E+01 -1.2532487E+01  9.0560066E-01  3.3343653E-01  3.3343653E-01  1.2763778E-01  3.5676457E-02  8.3697647E-03  1.7517651E-03
  4.0087350E-01 -2.9559547E+01 -1.2689234E+01  9.1712851E-01  3.4166149E-01  3.4166149E-01  1.3259783E-01  3.7576755E-02  8.9379027E-03  1.8966472E-03
  4.0657181E-01 -2.9349057E+01 -1.2847332E+01  9.2876512E-01  3.5004951E-01  3.5004951E-01  1.3773352E-01  3.9572954E-02  9.5432296E-03  2.0531961E-03
  4.1235105E-01 -2.9142544E+01 -1.3006766E+01  9.4050989E-01  3.5860144E-01  3.5860144E-01  1.4304981E-01  4.1669431E-02  1.0188040E-02  2.2223147E-03
  4.1821236E-01 -2.8940112E+01 -1.3167520E+01  9.5236212E-01  3.6731795E-01  3.6731795E-01  1.4855172E-01  4.3870721E-02  1.0874756E-02  2.4049712E-03
  4.2415692E-01 -2.8741859E+01 -1.3329575E+01  9.6432104E-01  3.7619956E-01  3.7619956E-01  1.5424430E-01  4.6181523E-02  1.1605932E-02  2.6022038E-03
  4.3018591E-01 -2.8547876E+01 -1.3492912E+01  9.7638577E-01  3.8524656E-01  3.8524656E-01  1.6013263E-01  4.8606693E-02  1.2384261E-02  2.8151249E-03
  4.3630052E-01 -2.8358246E+01 -1.3657509E+01  9.8855535E-01  3.9445907E-01  3.9445907E-01  1.6622179E-01  5.1151256E-02  1.3212582E-02  3.0449259E-03
  4.4250197E-01 -2.8173044E+01 -1.3823345E+01  1.0008287E+00  4.0383696E-01  4.0383696E-01  1.7251691E-01  5.3820395E-02  1.4093880E-02  3.2928821E-03
  4.4879150E-01 -2.7992341E+01 -1.3990394E+01  1.0132047E+00  4.1337989E-01  4.1337989E-01  1.7902306E-01  5.6619461E-02  1.5031301E-02  3.5603578E-03
  4.5517035E-01 -2.7816196E+01 -1.4158630E+01  1.0256820E+00  4.2308725E-01  4.2308725E-01  1.8574532E-01  5.9553966E-02  1.6028147E-02  3.8488118E-03
  4.6163979E-01 -2.7644662E+01 -1.4328025E+01  1.0382592E+00  4.3295815E-01  4.3295815E-01  1.9268872E-01  6.2629583E-02  1.7087890E-02  4.1598026E-03
  4.6820112E-01 -2.7477783E+01 -1.4498548E+01  1.0509349E+00  4.4299143E-01  4.4299143E-01  1.9985827E-01  6.5852146E-02  1.8214175E-02  4.4949948E-03
  4.7485563E-01 -2.7315595E+01 -1.4670168E+01  1.0637074E+00  4.5318562E-01  4.5318562E-01  2.0725886E-01  6.9227641E-02  1.9410824E-02  4.8561643E-03
  4.8160465E-01 -2.7158127E+01 -1.4842849E+01  1.0765749E+00  4.6353891E-01  4.6353891E-01  2.1489534E-01  7.2762210E-02  2.0681841E-02  5.2452053E-03
  4.8844953E-01 -2.7005397E+01 -1.5016557E+01  1.0895357E+00  4.7404916E-01  4.7404916E-01  2.2277242E-01  7.6462138E-02  2.2031420E-02  5.6641359E-03
  4.9539161E-01 -2.6857417E+01 -1.5191251E+01  1.1025876E+00  4.8471386E-01  4.8471386E-01  2.3089470E-01  8.0333851E-02  2.3463945E-02  6.1151052E-03
  5.0243229E-01 -2.6714188E+01 -1.5366892E+01  1.1157286E+00  4.9553009E-01  4.9553009E-01  2.3926660E-01  8.4383907E-02  2.4984001E-02  6.6003996E-03
  5.0957296E-01 -2.6575706E+01 -1.5543437E+01  1.1289563E+00  5.0649455E-01  5.0649455E-01  2.4789239E-01  8.8618985E-02  2.6596368E-02  7.1224497E-03
  5.1681504E-01 -2.6441955E+01 -1.5720839E+01  1.1422683E+00  5.1760349E-01  5.1760349E-01  2.5677611E-01  9.3045875E-02  2.8306033E-02  7.6838371E-03
  5.2415998E-01 -2.6312914E+01 -1.5899051E+01  1.1556621E+00  5.2885269E-01  5.2885269E-01  2.6592157E-01  9.7671469E-02  3.0118187E-02  8.2873015E-03
  5.3160923E-01 -2.6188553E+01 -1.6078023E+01  1.1691350E+00  5.4023746E-01  5.4023746E-01  2.7533231E-01  1.0250274E-01  3.2038230E-02  8.9357470E-03
  5.3916428E-01 -2.6068835E+01 -1.6257701E+01  1.1826839E+00  5.5175262E-01  5.5175262E-01  2.8501157E-01  1.0754673E-01  3.4071768E-02  9.6322497E-03
  5.4682663E-01 -2.5953713E+01 -1.6438029E+01  1.1963060E+00  5.6339243E-01  5.6339243E-01  2.9496226E-01  1.1281052E-01  3.6224617E-02  1.0380064E-02
  5.5459780E-01 -2.5843137E+01 -1.6618950E+01  1.2099980E+00  5.7515059E-01  5.7515059E-01  3.0518690E-01  1.1830125E-01  3.8502796E-02  1.1182628E-02
  5.6247934E-01 -2.5737046E+01 -1.6800401E+01  1.2237565E+00  5.8702022E-01  5.8702022E-01  3.1568759E-01  1.2402602E-01  4.0912530E-02  1.2043573E-02
  5.7047281E-01 -2.5635377E+01 -1.6982319E+01  1.2375779E+00  5.9899384E-01  5.9899384E-01  3.2646599E-01  1.2999194E-01  4.3460240E-02  1.2966725E-02
  5.7857981E-01 -2.5538055E+01 -1.7164637E+01  1.2514586E+00  6.1106331E-01  6.1106331E-01  3.3752323E-01  1.3620606E-01  4.6152541E-02  1.3956114E-02
  5.8680195E-01 -2.5445005E+01 -1.7347285E+01  1.2653946E+00  6.2321982E-01  6.2321982E-01  3.4885992E-01  1.4267535E-01  4.8996234E-02  1.5015977E-02
  5.9514086E-01 -2.5356143E+01 -1.7530190E+01  1.2793819E+00  6.3545387E-01  6.3545387E-01  3.6047604E-01  1.4940664E-01  5.1998290E-02  1.6150761E-02
  6.0359820E-01 -2.5271380E+01 -1.7713276E+01  1.2934162E+00  6.4775523E-01  6.4775523E-01  3.7237092E-01  1.5640664E-01  5.5165847E-02  1.7365129E-02
  6.1217565E-01 -2.5190625E+01 -1.7896464E+01  1.3074930E+00  6.6011290E-01  6.6011290E-01  3.8454319E-01  1.6368183E-01  5.8506186E-02  1.8663960E-02
  6.2087493E-01 -2.5113780E+01 -1.8079671E+01  1.3216076E+00  6.7251511E-01  6.7251511E-01  3.9699070E-01  1.7123845E-01  6.2026720E-02  2.0052352E-02
  6.2969775E-01 -2.5040744E+01 -1.8262813E+01  1.3357552E+00  6.8494927E-01  6.8494927E-01  4.0971048E-01  1.7908246E-01  6.5734968E-02  2.1535620E-02
  6.3864587E-01 -2.4971414E+01 -1.8445799E+01  1.3499308E+00  6.9740194E-01  6.9740194E-01  4.2269866E-01  1.8721943E-01  6.9638535E-02  2.3119295E-02
  6.4772108E-01 -2.4905682E+01 -1.8628540E+01  1.3641292E+00  7.0985882E-01  7.0985882E-01  4.3595042E-01  1.9565457E-01  7.3745080E-02  2.4809121E-02
  6.5692518E-01 -2.4843439E+01 -1.8810938E+01  1.3783447E+00  7.2230472E-01  7.2230472E-01  4.4945991E-01  2.0439258E-01  7.8062290E-02  2.6611049E-02
  6.6626000E-01 -2.4784573E+01 -1.8992897E+01  1.3925719E+00  7.3472350E-01  7.3472350E-01  4.6322019E-01  2.1343764E-01  8.2597836E-02  2.8531225E-02
  6.7572739E-01 -2.4728971E+01 -1.9174313E+01  1.4068049E+00  7.4709808E-01  7.4709808E-01  4.7722313E-01  2.2279328E-01  8.7359341E-02  3.0575987E-02
  6.8532924E-01 -2.4676518E+01 -1.9355082E+01  1.4210376E+00  7.5941042E-01  7.5941042E-01  4.9145939E-01  2.3246239E-01  9.2354328E-02  3.2751845E-02
  6.9506745E-01 -2.4627100E+01 -1.9535096E+01  1.4352637E+00  7.7164146E-01  7.7164146E-01  5.0591828E-01  2.4244703E-01  9.7590173E-02  3.5065466E-02
  7.0494398E-01 -2.4580599E+01 -1.9714243E+01  1.4494768E+00  7.8377114E-01  7.8377114E-01  5.2058774E-01  2.5274844E-01  1.0307405E-01  3.7523654E-02
  7.1496077E-01 -2.4536901E+01 -1.9892408E+01  1.4636702E+00  7.9577836E-01  7.9577836E-01  5.3545422E-01  2.6336687E-01  1.0881285E-01  4.0133326E-02
  7.2511982E-01 -2.4495891E+01 -2.0069473E+01  1.4778370E+00  8.0764097E-01  8.0764097E-01  5.5050261E-01  2.7430153E-01  1.1481316E-01  4.2901480E-02
  7.3542315E-01 -2.4457452E+01 -2.0245317E+01  1.4919703E+00  8.1933573E-01  8.1933573E-01  5.6571619E-01  2.8555047E-01  1.2108113E-01  4.5835165E-02
  7.4587281E-01 -2.4421472E+01 -2.0419816E+01  1.5060626E+00  8.3083835E-01  8.3083835E-01  5.8107649E-01  2.9711044E-01  1.2762243E-01  4.8941440E-02
  7.5647089E-01 -2.4387838E+01 -2.0592843E+01  1.5201067E+00  8.4212346E-01  8.4212346E-01  5.9656328E-01  3.0897686E-01  1.3444215E-01  5.2227326E-02
  7.6721947E-01 -2.4356439E+01 -2.0764268E+01  1.5340948E+00  8.5316458E-01  8.5316458E-01  6.1215442E-01  3.2114359E-01  1.4154469E-01  5.5699763E-02
  7.7812072E-01 -2.4327165E+01 -2.0933959E+01  1.5480191E+00  8.6393418E-01  8.6393418E-01  6.2782585E-01  3.3360291E-01  1.4893370E-01  5.9365546E-02
  7.8917678E-01 -2.4299911E+01 -2.1101779E+01  1.5618716E+00  8.7440362E-01  8.7440362E-01  6.4355147E-01  3.4634531E-01  1.5661190E-01  6.3231260E-02
  8.0038987E-01 -2.4274572E+01 -2.1267592E+01  1.5756442E+00  8.8454321E-01  8.8454321E-01  6.5930308E-01  3.5935943E-01  1.6458103E-01  6.7303213E-02
  8.1176220E-01 -2.4251044E+01 -2.1431258E+01  1.5893286E+00  8.9432223E-01  8.9432223E-01  6.7505031E-01  3.7263187E-01  1.7284168E-01  7.1587352E-02
  8.2329605E-01 -2.4229230E+01 -2.1592636E+01  1.6029163E+00  9.0370892E-01  9.0370892E-01  6.9076059E-01  3.8614709E-01  1.8139318E-01  7.6089175E-02
  8.3499371E-01 -2.4209033E+01 -2.1751581E+01  1.6163987E+00  9.1267055E-01  9.1267055E-01  7.0639904E-01  3.9988725E-01  1.9023342E-01  8.0813636E-02
  8.4685749E-01 -2.4190359E+01 -2.1907950E+01  1.6297670E+00  9.2117341E-01  9.2117341E-01  7.2192847E-01  4.1383209E-01  1.9935876E-01  8.5765038E-02
  8.5888978E-01 -2.4173117E+01 -2.2061595E+01  1.6430125E+00  9.2918295E-01  9.2918295E-01  7.3730931E-01  4.2795878E-01  2.0876382E-01  9.0946914E-02
  8.7109294E-01 -2.4157222E+01 -2.2212371E+01  1.6561262E+00  9.3666372E-01  9.3666372E-01  7.5249958E-01  4.4224182E-01  2.1844134E-01  9.6361912E-02
  8.8346942E-01 -2.4142588E+01 -2.2360131E+01  1.6690990E+00  9.4357955E-01  9.4357955E-01  7.6745490E-01  4.5665283E-01  2.2838203E-01  1.0201165E-01
  8.9602167E-01 -2.4129135E+01 -2.2504727E+01  1.6819219E+00  9.4989354E-01  9.4989354E-01  7.8212845E-01  4.7116054E-01  2.3857436E-01  1.0789658E-01
  9.0875219E-01 -2.4116787E+01 -2.2646013E+01  1.6945857E+00  9.5556822E-01  9.5556822E-01  7.9647103E-01  4.8573055E-01  2.4900441E-01  1.1401583E-01
  9.2166352E-01 -2.4105468E+01 -2.2783844E+01  1.7070813E+00  9.6056561E-01  9.6056561E-01  8.1043101E-01  5.0032532E-01  2.5965569E-01  1.2036705E-01
  9.3475821E-01 -2.4095110E+01 -2.2918077E+01  1.7193994E+00  9.6484734E-01  9.6484734E-01  8.2395445E-01  5.1490402E-01  2.7050895E-01  1.2694625E-01
  9.4803888E-01 -2.4085644E+01 -2.3048568E+01  1.7315310E+00  9.6837480E-01  9.6837480E-01  8.3698513E-01  5.2942247E-01  2.8154204E-01  1.3374758E-01
  9.6150816E-01 -2.4077007E+01 -2.3175181E+01  1.7434669E+00  9.7110926E-01  9.7110926E-01  8.4946462E-01  5.4383303E-01  2.9272968E-01  1.4076321E-01
  9.7516874E-01 -2.4069139E+01 -2.3297780E+01  1.7551980E+00  9.7301207E-01  9.7301207E-01  8.6133246E-01  5.5808464E-01  3.0404335E-01  1.4798311E-01
  9.8902333E-01 -2.4061981E+01 -2.3416234E+01  1.7667154E+00  9.7404476E-01  9.7404476E-01  8.7252623E-01  5.7212271E-01  3.1545108E-01  1.5539484E-01
  1.0030747E+00 -2.4055481E+01 -2.3530418E+01  1.7780102E+00  9.7416931E-01  9.7416931E-01  8.8298175E-01  5.8588917E-01  3.2691738E-01  1.6298339E-01
  1.0173256E+00 -2.4049586E+01 -2.3640212E+01  1.7890738E+00  9.7334833E-01  9.7334833E-01  8.9263327E-01  5.9932250E-01  3.3840304E-01  1.7073099E-01
  1.0317789E+00 -2.4044249E+01 -2.3745503E+01  1.7998976E+00  9.7154524E-01  9.7154524E-01  9.0141375E-01  6.1235780E-01  3.4986505E-01  1.7861690E-01
  1.0464375E+00 -2.4039425E+01 -2.3846187E+01  1.8104734E+00  9.6872460E-01  9.6872460E-01  9.0925507E-01  6.2492687E-01  3.6125655E-01  1.8661723E-01
  1.0613042E+00 -2.4035072E+01 -2.3942166E+01  1.8207931E+00  9.6485231E-01  9.6485231E-01  9.1608837E-01  6.3695842E-01  3.7252671E-01  1.9470481E-01
  1.0763822E+00 -2.4031149E+01 -2.4033352E+01  1.8308489E+00  9.5989590E-01  9.5989590E-01  9.2184440E-01  6.4837819E-01  3.8362080E-01  2.0284899E-01
  1.0916742E+00 -2.4027621E+01 -2.4119667E+01  1.8406334E+00  9.5382484E-01  9.5382484E-01  9.2645392E-01  6.5910928E-01  3.9448012E-01  2.1101556E-01
  1.1071834E+00 -2.4024453E+01 -2.4201042E+01  1.8501396E+00  9.4661086E-01  9.4661086E-01  9.2984812E-01  6.6907238E-01  4.0504216E-01  2.1916659E-01
  1.1229129E+00 -2.4021612E+01 -2.4277417E+01  1.8593607E+00  9.3822826E-01  9.3822826E-01  9.3195913E-01  6.7818622E-01  4.1524063E-01  2.2726038E-01
  1.1388658E+00 -2.4019070E+01 -2.4348742E+01  1.8682906E+00  9.2865429E-01  9.2865429E-01  9.3272051E-01  6.8636792E-01  4.2500574E-01  2.3525145E-01
  1.1550453E+00 -2.4016799E+01 -2.4414962E+01  1.8769234E+00  9.1786951E-01  9.1786951E-01  9.3206788E-01  6.9353353E-01  4.3426437E-01  2.4309050E-01
  1.1714545E+00 -2.4014772E+01 -2.4476142E+01  1.8852540E+00  9.0585815E-01  9.0585815E-01  9.2993950E-01  6.9959862E-01  4.4294041E-01  2.5072453E-01
  1.1880968E+00 -2.4012968E+01 -2.4532356E+01  1.8932775E+00  8.9260856E-01  8.9260856E-01  9.2627697E-01  7.0447889E-01  4.5095519E-01  2.5809689E-01
  1.2049754E+00 -2.4011365E+01 -2.4581132E+01  1.9009901E+00  8.7811355E-01  8.7811355E-01  9.2102595E-01  7.0809092E-01  4.5822793E-01  2.6514753E-01
  1.2220938E+00 -2.4009942E+01 -2.4619769E+01  1.9083881E+00  8.6237086E-01  8.6237086E-01  9.1413692E-01  7.1035298E-01  4.6467630E-01  2.7181327E-01
  1.2394553E+00 -2.4008682E+01 -2.4650274E+01  1.9154689E+00  8.4538356E-01  8.4538356E-01  9.0556597E-01  7.1118592E-01  4.7021716E-01  2.7802808E-01
  1.2570633E+00 -2.4007568E+01 -2.4674926E+01  1.9222303E+00  8.2716048E-01  8.2716048E-01  8.9527569E-01  7.1051412E-01  4.7476724E-01  2.8372360E-01
  1.2749214E+00 -2.4006585E+01 -2.4693688E+01  1.9286711E+00  8.0771664E-01  8.0771664E-01  8.8323602E-01  7.0826656E-01  4.7824409E-01  2.8882966E-01
  1.2930332E+00 -2.4005719E+01 -2.4706519E+01  1.9347907E+00  7.8707367E-01  7.8707367E-01  8.6942517E-01  7.0437797E-01  4.8056703E-01  2.9327491E-01
  1.3114021E+00 -2.4004958E+01 -2.4713514E+01  1.9405894E+00  7.6526023E-01  7.6526023E-01  8.5383053E-01  6.9878995E-01  4.8165825E-01  2.9698758E-01
  1.3300320E+00 -2.4004290E+01 -2.4714783E+01  1.9460682E+00  7.4231236E-01  7.4231236E-01  8.3644963E-01  6.9145232E-01  4.8144397E-01  2.9989640E-01
  1.3489264E+00 -2.4003705E+01 -2.4710466E+01  1.9512293E+00  7.1827392E-01  7.1827392E-01  8.1729110E-01  6.8232438E-01  4.7985581E-01  3.0193153E-01
  1.3680892E+00 -2.4003193E+01 -2.4700729E+01  1.9560754E+00  6.9319688E-01  6.9319688E-01  7.9637555E-01  6.7137629E-01  4.7683211E-01  3.0302573E-01
  1.3875242E+00 -2.4002747E+01 -2.4685770E+01  1.9606103E+00  6.6714163E-01  6.6714163E-01  7.7373651E-01  6.5859042E-01  4.7231941E-01  3.0311556E-01
  1.4072351E+00 -2.4002358E+01 -2.4665818E+01  1.9648387E+00  6.4017727E-01  6.4017727E-01  7.4942130E-01  6.4396281E-01  4.6627404E-01  3.0214272E-01
  1.4272260E+00 -2.4002021E+01 -2.4641134E+01  1.9687662E+00  6.1238176E-01  6.1238176E-01  7.2349179E-01  6.2750445E-01  4.5866368E-01  3.0005546E-01
  1.4475008E+00 -2.4001728E+01 -2.4612018E+01  1.9723992E+00  5.8384209E-01  5.8384209E-01  6.9602515E-01  6.0924272E-01  4.4946896E-01  2.9681016E-01
  1.4680636E+00 -2.4001474E+01 -2.4578807E+01  1.9757452E+00  5.5465431E-01  5.5465431E-01  6.6711445E-01  5.8922257E-01  4.3868513E-01  2.9237285E-01
  1.4889184E+00 -2.4001255E+01 -2.4541878E+01  1.9788124E+00  5.2492351E-01  5.2492351E-01  6.3686916E-01  5.6750773E-01  4.2632361E-01  2.8672088E-01
  1.5100694E+00 -2.4001067E+01 -2.4501657E+01  1.9816100E+00  4.9476364E-01  4.9476364E-01  6.0541545E-01  5.4418173E-01  4.1241356E-01  2.7984450E-01
  1.5315208E+00 -2.4000905E+01 -2.4458617E+01  1.9841480E+00  4.6429732E-01  4.6429732E-01  5.7289634E-01  5.1934873E-01  3.9700320E-01  2.7174850E-01
  1.5532768E+00 -2.4000765E+01 -2.4413284E+01  1.9864370E+00  4.3365537E-01  4.3365537E-01  5.3947165E-01  4.9313416E-01  3.8016113E-01  2.6245370E-01
  1.5753418E+00 -2.4000646E+01 -2.4366245E+01  1.9884887E+00  4.0297631E-01  4.0297631E-01  5.0531761E-01  4.6568500E-01  3.6197730E-01  2.5199834E-01
  1.5977202E+00 -2.4000544E+01 -2.4318150E+01  1.9903151E+00  3.7240565E-01  3.7240565E-01  4.7062630E-01  4.3716986E-01  3.4256375E-01  2.4043933E-01
  1.6204164E+00 -2.4000457E+01 -2.4269722E+01  1.9919290E+00  3.4209502E-01  3.4209502E-01  4.3560469E-01  4.0777857E-01  3.2205502E-01  2.2785312E-01
  1.6434350E+00 -2.4000383E+01 -2.4221762E+01  1.9933437E+00  3.1220107E-01  3.1220107E-01  4.0047334E-01  3.7772137E-01  3.0060808E-01  2.1433640E-01
  1.6667804E+00 -2.4000321E+01 -2.4175160E+01  1.9945729E+00  2.8288420E-01  2.8288420E-01  3.6546474E-01  3.4722760E-01  2.7840181E-01  2.0000628E-01
  1.6904574E+00 -2.4000268E+01 -2.4130904E+01  1.9956305E+00  2.5430705E-01  2.5430705E-01  3.3082118E-01  3.1654384E-01  2.5563594E-01  1.8500004E-01
  1.7144707E+00 -2.4000223E+01 -2.4090091E+01  1.9965309E+00  2.2663276E-01  2.2663276E-01  2.9679222E-01  2.8593147E-01  2.3252933E-01  1.6947433E-01
  1.7388251E+00 -2.4000185E+01 -2.4053938E+01  1.9972883E+00  2.0002296E-01  2.0002296E-01  2.6363159E-01  2.5566354E-01  2.0931752E-01  1.5360368E-01
  1.7635253E+00 -2.4000153E+01 -2.4023800E+01  1.9979170E+00  1.7463556E-01  1.7463556E-01  2.3159372E-01  2.2602094E-01  1.8624956E-01  1.3757839E-01
  1.7885763E+00 -2.4000127E+01 -2.4001178E+01  1.9984312E+00  1.5062216E-01  1.5062216E-01  2.0092957E-01  1.9728789E-01  1.6358403E-01  1.2160151E-01
  1.8139831E+00 -2.4000104E+01 -2.3988539E+01  1.9988447E+00  1.2812531E-01  1.2812531E-01  1.7188209E-01  1.6974664E-01  1.4158415E-01  1.0588511E-01
  1.8397507E+00 -2.4000086E+01 -2.3987583E+01  1.9991708E+00  1.0727542E-01  1.0727542E-01  1.4468108E-01  1.4367147E-01  1.2051213E-01  9.0645600E-02
  1.8658843E+00 -2.4000070E+01 -2.3987079E+01  1.9994223E+00  8.8187455E-02  8.8187455E-02  1.1953750E-01  1.1932188E-01  1.0062254E-01  7.6098254E-02
  1.8923891E+00 -2.4000058E+01 -2.3986970E+01  1.9996114E+00  7.0957290E-02  7.0957290E-02  9.6637331E-02  9.6935130E-02  8.2154918E-02  6.2450799E-02
  1.9192702E+00 -2.4000047E+01 -2.3987180E+01  1.9997493E+00  5.5657909E-02  5.5657909E-02  7.6135029E-02  7.6718190E-02  6.5325653E-02  4.9896272E-02
  1.9465332E+00 -2.4000038E+01 -2.3987622E+01  1.9998462E+00  4.2335331E-02  4.2335331E-02  5.8146500E-02  5.8839071E-02  5.0319156E-02  3.8605162E-02
  1.9741833E+00 -2.4000031E+01 -2.3988159E+01  1.9999114E+00  3.1004352E-02  3.1004352E-02  4.2741848E-02  4.3417819E-02  3.7278595E-02  2.8717024E-02
  2.0022261E+00 -2.4000025E+01 -2.3988739E+01  1.9999528E+00  2.1644143E-02  2.1644143E-02  2.9937914E-02  3.0517262E-02  2.6296334E-02  2.0331758E-02
  2.0306672E+00 -2.4000020E+01 -2.3989597E+01  1.9999774E+00  1.4193744E-02  1.4193744E-02  1.9690744E-02  2.0133749E-02  1.7404368E-02  1.3500844E-02
  2.0595123E+00 -2.4000016E+01 -2.3990996E+01  1.9999906E+00  8.5475192E-03  8.5475192E-03  1.1888180E-02  1.2188138E-02  1.0565056E-02  8.2188496E-03
  2.0887670E+00 -2.4000013E+01 -2.3992912E+01  1.9999968E+00  4.5506422E-03  4.5506422E-03  6.3427326E-03  6.5173354E-03  5.6625578E-03  4.4156198E-03
  2.1184371E+00 -2.4000010E+01 -2.3995141E+01  1.9999992E+00  1.9947120E-03  1.9947120E-03  2.7849815E-03  2.8667541E-03  2.4953881E-03  1.9496152E-03
  2.1485287E+00 -2.4000008E+01 -2.3997393E+01  1.9999999E+00  6.1358656E-04  6.1358656E-04  8.5774354E-04  8.8408242E-04  7.7060388E-04  6.0291145E-04
  2.1790476E+00 -2.4000007E+01 -2.3999157E+01  2.0000000E+00  7.9558188E-05  7.9558188E-05  1.1130064E-04  1.1481059E-04  1.0015779E-04  7.8430487E-05
  2.2100000E+00 -2.4000005E+01 -2.4000005E+01  2.0000000E+00  0.0000000E+00  7.5754610E-15  1.4759626E-15  4.1977009E-15 -3.5775140E-15 -1.5224718E-15
  2.2413920E+00 -2.4000004E+01 -2.4000004E+01  2.0000000E+00  0.0000000E+00  0.0000000E+00  0.0000000E+00  0.0000000E+00  0.0000000E+00  0.0000000E+00
  2.2732298E+00 -2.4000003E+01 -2.4000003E+01  2.0000000E+00  0.0000000E+00  0.0000000E+00  0.0000000E+00  0.0000000E+00  0.0000000E+00  0.0000000E+00
  2.3055197E+00 -2.4000003E+01 -2.4000003E+01  2.0000000E+00  0.0000000E+00  0.0000000E+00  0.0000000E+00  0.0000000E+00  0.0000000E+00  0.0000000E+00
  2.3382683E+00 -2.4000002E+01 -2.4000002E+01  2.0000000E+00  0.0000000E+00  0.0000000E+00  0.0000000E+00  0.0000000E+00  0.0000000E+00  0.0000000E+00
  2.3714819E+00 -2.4000002E+01 -2.4000002E+01  2.0000000E+00  0.0000000E+00  0.0000000E+00  0.0000000E+00  0.0000000E+00  0.0000000E+00  0.0000000E+00
  2.4051673E+00 -2.4000001E+01 -2.4000001E+01  2.0000000E+00  0.0000000E+00  0.0000000E+00  0.0000000E+00  0.0000000E+00  0.0000000E+00  0.0000000E+00
  2.4393311E+00 -2.4000001E+01 -2.4000001E+01  2.0000000E+00  0.0000000E+00  0.0000000E+00  0.0000000E+00  0.0000000E+00  0.0000000E+00  0.0000000E+00
  2.4739800E+00 -2.4000001E+01 -2.4000001E+01  2.0000000E+00  0.0000000E+00  0.0000000E+00  0.0000000E+00  0.0000000E+00  0.0000000E+00  0.0000000E+00
  2.5091211E+00 -2.4000001E+01 -2.4000001E+01  2.0000000E+00  0.0000000E+00  0.0000000E+00  0.0000000E+00  0.0000000E+00  0.0000000E+00  0.0000000E+00
  2.5447612E+00 -2.4000000E+01 -2.4000001E+01  2.0000000E+00  0.0000000E+00  0.0000000E+00  0.0000000E+00  0.0000000E+00  0.0000000E+00  0.0000000E+00
  2.5809076E+00 -2.4000000E+01 -2.4000000E+01  2.0000000E+00  0.0000000E+00  0.0000000E+00  0.0000000E+00  0.0000000E+00  0.0000000E+00  0.0000000E+00
  2.6175672E+00 -2.4000000E+01 -2.4000000E+01  2.0000000E+00  0.0000000E+00  0.0000000E+00  0.0000000E+00  0.0000000E+00  0.0000000E+00  0.0000000E+00
  2.6547476E+00 -2.4000000E+01 -2.4000000E+01  2.0000000E+00  0.0000000E+00  0.0000000E+00  0.0000000E+00  0.0000000E+00  0.0000000E+00  0.0000000E+00
  2.6924559E+00 -2.4000000E+01 -2.4000000E+01  2.0000000E+00  0.0000000E+00  0.0000000E+00  0.0000000E+00  0.0000000E+00  0.0000000E+00  0.0000000E+00
  2.7306998E+00 -2.4000000E+01 -2.4000000E+01  2.0000000E+00  0.0000000E+00  0.0000000E+00  0.0000000E+00  0.0000000E+00  0.0000000E+00  0.0000000E+00
  2.7694869E+00 -2.4000000E+01 -2.4000000E+01  2.0000000E+00  0.0000000E+00  0.0000000E+00  0.0000000E+00  0.0000000E+00  0.0000000E+00  0.0000000E+00
  2.8088248E+00 -2.4000000E+01 -2.4000000E+01  2.0000000E+00  0.0000000E+00  0.0000000E+00  0.0000000E+00  0.0000000E+00  0.0000000E+00  0.0000000E+00
  2.8487214E+00 -2.4000000E+01 -2.4000000E+01  2.0000000E+00  0.0000000E+00  0.0000000E+00  0.0000000E+00  0.0000000E+00  0.0000000E+00  0.0000000E+00
  2.8891847E+00 -2.4000000E+01 -2.4000000E+01  2.0000000E+00  0.0000000E+00  0.0000000E+00  0.0000000E+00  0.0000000E+00  0.0000000E+00  0.0000000E+00
  2.9302226E+00 -2.4000000E+01 -2.4000000E+01  2.0000000E+00  0.0000000E+00  0.0000000E+00  0.0000000E+00  0.0000000E+00  0.0000000E+00  0.0000000E+00
  2.9718433E+00 -2.4000000E+01 -2.4000000E+01  2.0000000E+00  0.0000000E+00  0.0000000E+00  0.0000000E+00  0.0000000E+00  0.0000000E+00  0.0000000E+00
  3.0140551E+00 -2.4000000E+01 -2.4000000E+01  2.0000000E+00  0.0000000E+00  0.0000000E+00  0.0000000E+00  0.0000000E+00  0.0000000E+00  0.0000000E+00
  3.0568665E+00 -2.4000000E+01 -2.4000000E+01  2.0000000E+00  0.0000000E+00  0.0000000E+00  0.0000000E+00  0.0000000E+00  0.0000000E+00  0.0000000E+00
  3.1002858E+00 -2.4000000E+01 -2.4000000E+01  2.0000000E+00  0.0000000E+00  0.0000000E+00  0.0000000E+00  0.0000000E+00  0.0000000E+00  0.0000000E+00
  3.1443219E+00 -2.4000000E+01 -2.4000000E+01  2.0000000E+00  0.0000000E+00  0.0000000E+00  0.0000000E+00  0.0000000E+00  0.0000000E+00  0.0000000E+00
  3.1889833E+00 -2.4000000E+01 -2.4000000E+01  2.0000000E+00  0.0000000E+00  0.0000000E+00  0.0000000E+00  0.0000000E+00  0.0000000E+00  0.0000000E+00
  3.2342790E+00 -2.4000000E+01 -2.4000000E+01  2.0000000E+00  0.0000000E+00  0.0000000E+00  0.0000000E+00  0.0000000E+00  0.0000000E+00  0.0000000E+00
  3.2802180E+00 -2.4000000E+01 -2.4000000E+01  2.0000000E+00  0.0000000E+00  0.0000000E+00  0.0000000E+00  0.0000000E+00  0.0000000E+00  0.0000000E+00
  3.3268095E+00 -2.4000000E+01 -2.4000000E+01  2.0000000E+00  0.0000000E+00  0.0000000E+00  0.0000000E+00  0.0000000E+00  0.0000000E+00  0.0000000E+00
  3.3740626E+00 -2.4000000E+01 -2.4000000E+01  2.0000000E+00  0.0000000E+00  0.0000000E+00  0.0000000E+00  0.0000000E+00  0.0000000E+00  0.0000000E+00
  3.4219869E+00 -2.4000000E+01 -2.4000000E+01  2.0000000E+00  0.0000000E+00  0.0000000E+00  0.0000000E+00  0.0000000E+00  0.0000000E+00  0.0000000E+00
  3.4705917E+00 -2.4000000E+01 -2.4000000E+01  2.0000000E+00  0.0000000E+00  0.0000000E+00  0.0000000E+00  0.0000000E+00  0.0000000E+00  0.0000000E+00
  3.5198869E+00 -2.4000000E+01 -2.4000000E+01  2.0000000E+00  0.0000000E+00  0.0000000E+00  0.0000000E+00  0.0000000E+00  0.0000000E+00  0.0000000E+00
  3.5698822E+00 -2.4000000E+01 -2.4000000E+01  2.0000000E+00  0.0000000E+00  0.0000000E+00  0.0000000E+00  0.0000000E+00  0.0000000E+00  0.0000000E+00
  3.6205875E+00 -2.4000000E+01 -2.4000000E+01  2.0000000E+00  0.0000000E+00  0.0000000E+00  0.0000000E+00  0.0000000E+00  0.0000000E+00  0.0000000E+00
  3.6720130E+00 -2.4000000E+01 -2.4000000E+01  2.0000000E+00  0.0000000E+00  0.0000000E+00  0.0000000E+00  0.0000000E+00  0.0000000E+00  0.0000000E+00
  3.7241688E+00 -2.4000000E+01 -2.4000000E+01  2.0000000E+00  0.0000000E+00  0.0000000E+00  0.0000000E+00  0.0000000E+00  0.0000000E+00  0.0000000E+00
  3.7770654E+00 -2.4000000E+01 -2.4000000E+01  2.0000000E+00  0.0000000E+00  0.0000000E+00  0.0000000E+00  0.0000000E+00  0.0000000E+00  0.0000000E+00
  3.8307132E+00 -2.4000000E+01 -2.4000000E+01  2.0000000E+00  0.0000000E+00  0.0000000E+00  0.0000000E+00  0.0000000E+00  0.0000000E+00  0.0000000E+00
  3.8851229E+00 -2.4000000E+01 -2.4000000E+01  2.0000000E+00  0.0000000E+00  0.0000000E+00  0.0000000E+00  0.0000000E+00  0.0000000E+00  0.0000000E+00
  3.9403053E+00 -2.4000000E+01 -2.4000000E+01  2.0000000E+00  0.0000000E+00  0.0000000E+00  0.0000000E+00  0.0000000E+00  0.0000000E+00  0.0000000E+00
  3.9962715E+00 -2.4000000E+01 -2.4000000E+01  2.0000000E+00  0.0000000E+00  0.0000000E+00  0.0000000E+00  0.0000000E+00  0.0000000E+00  0.0000000E+00
  4.0530325E+00 -2.4000000E+01 -2.4000000E+01  2.0000000E+00  0.0000000E+00  0.0000000E+00  0.0000000E+00  0.0000000E+00  0.0000000E+00  0.0000000E+00
  4.1105997E+00 -2.4000000E+01 -2.4000000E+01  2.0000000E+00  0.0000000E+00  0.0000000E+00  0.0000000E+00  0.0000000E+00  0.0000000E+00  0.0000000E+00
  4.1689844E+00 -2.4000000E+01 -2.4000000E+01  2.0000000E+00  0.0000000E+00  0.0000000E+00  0.0000000E+00  0.0000000E+00  0.0000000E+00  0.0000000E+00
  4.2281983E+00 -2.4000000E+01 -2.4000000E+01  2.0000000E+00  0.0000000E+00  0.0000000E+00  0.0000000E+00  0.0000000E+00  0.0000000E+00  0.0000000E+00
  4.2882532E+00 -2.4000000E+01 -2.4000000E+01  2.0000000E+00  0.0000000E+00  0.0000000E+00  0.0000000E+00  0.0000000E+00  0.0000000E+00  0.0000000E+00
  4.3491610E+00 -2.4000000E+01 -2.4000000E+01  2.0000000E+00  0.0000000E+00  0.0000000E+00  0.0000000E+00  0.0000000E+00  0.0000000E+00  0.0000000E+00
  4.4109339E+00 -2.4000000E+01 -2.4000000E+01  2.0000000E+00  0.0000000E+00  0.0000000E+00  0.0000000E+00  0.0000000E+00  0.0000000E+00  0.0000000E+00
  4.4735840E+00 -2.4000000E+01 -2.4000000E+01  2.0000000E+00  0.0000000E+00  0.0000000E+00  0.0000000E+00  0.0000000E+00  0.0000000E+00  0.0000000E+00
  4.5371239E+00 -2.4000000E+01 -2.4000000E+01  2.0000000E+00  0.0000000E+00  0.0000000E+00  0.0000000E+00  0.0000000E+00  0.0000000E+00  0.0000000E+00
  4.6015663E+00 -2.4000000E+01 -2.4000000E+01  2.0000000E+00  0.0000000E+00  0.0000000E+00  0.0000000E+00  0.0000000E+00  0.0000000E+00  0.0000000E+00
  4.6669238E+00 -2.4000000E+01 -2.4000000E+01  2.0000000E+00  0.0000000E+00  0.0000000E+00  0.0000000E+00  0.0000000E+00  0.0000000E+00  0.0000000E+00
  4.7332096E+00 -2.4000000E+01 -2.4000000E+01  2.0000000E+00  0.0000000E+00  0.0000000E+00  0.0000000E+00  0.0000000E+00  0.0000000E+00  0.0000000E+00
  4.8004368E+00 -2.4000000E+01 -2.4000000E+01  2.0000000E+00  0.0000000E+00  0.0000000E+00  0.0000000E+00  0.0000000E+00  0.0000000E+00  0.0000000E+00
  4.8686187E+00 -2.4000000E+01 -2.4000000E+01  2.0000000E+00  0.0000000E+00  0.0000000E+00  0.0000000E+00  0.0000000E+00  0.0000000E+00  0.0000000E+00
  4.9377690E+00 -2.4000000E+01 -2.4000000E+01  2.0000000E+00  0.0000000E+00  0.0000000E+00  0.0000000E+00  0.0000000E+00  0.0000000E+00  0.0000000E+00
  5.0079014E+00 -2.4000000E+01 -2.4000000E+01  2.0000000E+00  0.0000000E+00  0.0000000E+00  0.0000000E+00  0.0000000E+00  0.0000000E+00  0.0000000E+00
  5.0790299E+00 -2.4000000E+01 -2.4000000E+01  2.0000000E+00  0.0000000E+00  0.0000000E+00  0.0000000E+00  0.0000000E+00  0.0000000E+00  0.0000000E+00
  5.1511685E+00 -2.4000000E+01 -2.4000000E+01  2.0000000E+00  0.0000000E+00  0.0000000E+00  0.0000000E+00  0.0000000E+00  0.0000000E+00  0.0000000E+00
  5.2243316E+00 -2.4000000E+01 -2.4000000E+01  2.0000000E+00  0.0000000E+00  0.0000000E+00  0.0000000E+00  0.0000000E+00  0.0000000E+00  0.0000000E+00
  5.2985338E+00 -2.4000000E+01 -2.4000000E+01  2.0000000E+00  0.0000000E+00  0.0000000E+00  0.0000000E+00  0.0000000E+00  0.0000000E+00  0.0000000E+00
  5.3737899E+00 -2.4000000E+01 -2.4000000E+01  2.0000000E+00  0.0000000E+00  0.0000000E+00  0.0000000E+00  0.0000000E+00  0.0000000E+00  0.0000000E+00
  5.4501147E+00 -2.4000000E+01 -2.4000000E+01  2.0000000E+00  0.0000000E+00  0.0000000E+00  0.0000000E+00  0.0000000E+00  0.0000000E+00  0.0000000E+00
  5.5275236E+00 -2.4000000E+01 -2.4000000E+01  2.0000000E+00  0.0000000E+00  0.0000000E+00  0.0000000E+00  0.0000000E+00  0.0000000E+00  0.0000000E+00
  5.6060318E+00 -2.4000000E+01 -2.4000000E+01  2.0000000E+00  0.0000000E+00  0.0000000E+00  0.0000000E+00  0.0000000E+00  0.0000000E+00  0.0000000E+00
  5.6856550E+00 -2.4000000E+01 -2.4000000E+01  2.0000000E+00  0.0000000E+00  0.0000000E+00  0.0000000E+00  0.0000000E+00  0.0000000E+00  0.0000000E+00
  5.7664091E+00 -2.4000000E+01 -2.4000000E+01  2.0000000E+00  0.0000000E+00  0.0000000E+00  0.0000000E+00  0.0000000E+00  0.0000000E+00  0.0000000E+00
  5.8483100E+00 -2.4000000E+01 -2.4000000E+01  2.0000000E+00  0.0000000E+00  0.0000000E+00  0.0000000E+00  0.0000000E+00  0.0000000E+00  0.0000000E+00
  5.9313741E+00 -2.4000000E+01 -2.4000000E+01  2.0000000E+00  0.0000000E+00  0.0000000E+00  0.0000000E+00  0.0000000E+00  0.0000000E+00  0.0000000E+00
  6.0156179E+00 -2.4000000E+01 -2.4000000E+01  2.0000000E+00  0.0000000E+00  0.0000000E+00  0.0000000E+00  0.0000000E+00  0.0000000E+00  0.0000000E+00
  6.1010582E+00 -2.4000000E+01 -2.4000000E+01  2.0000000E+00  0.0000000E+00  0.0000000E+00  0.0000000E+00  0.0000000E+00  0.0000000E+00  0.0000000E+00
  6.1877119E+00 -2.4000000E+01 -2.4000000E+01  2.0000000E+00  0.0000000E+00  0.0000000E+00  0.0000000E+00  0.0000000E+00  0.0000000E+00  0.0000000E+00
  6.2755963E+00 -2.4000000E+01 -2.4000000E+01  2.0000000E+00  0.0000000E+00  0.0000000E+00  0.0000000E+00  0.0000000E+00  0.0000000E+00  0.0000000E+00
  6.3647288E+00 -2.4000000E+01 -2.4000000E+01  2.0000000E+00  0.0000000E+00  0.0000000E+00  0.0000000E+00  0.0000000E+00  0.0000000E+00  0.0000000E+00
  6.4551272E+00 -2.4000000E+01 -2.4000000E+01  2.0000000E+00  0.0000000E+00  0.0000000E+00  0.0000000E+00  0.0000000E+00  0.0000000E+00  0.0000000E+00
  6.5468095E+00 -2.4000000E+01 -2.4000000E+01  2.0000000E+00  0.0000000E+00  0.0000000E+00  0.0000000E+00  0.0000000E+00  0.0000000E+00  0.0000000E+00
  6.6397938E+00 -2.4000000E+01 -2.4000000E+01  2.0000000E+00  0.0000000E+00  0.0000000E+00  0.0000000E+00  0.0000000E+00  0.0000000E+00  0.0000000E+00
  6.7340988E+00 -2.4000000E+01 -2.4000000E+01  2.0000000E+00  0.0000000E+00  0.0000000E+00  0.0000000E+00  0.0000000E+00  0.0000000E+00  0.0000000E+00
  6.8297431E+00 -2.4000000E+01 -2.4000000E+01  2.0000000E+00  0.0000000E+00  0.0000000E+00  0.0000000E+00  0.0000000E+00  0.0000000E+00  0.0000000E+00
  6.9267458E+00 -2.4000000E+01 -2.4000000E+01  2.0000000E+00  0.0000000E+00  0.0000000E+00  0.0000000E+00  0.0000000E+00  0.0000000E+00  0.0000000E+00
  7.0251261E+00 -2.4000000E+01 -2.4000000E+01  2.0000000E+00  0.0000000E+00  0.0000000E+00  0.0000000E+00  0.0000000E+00  0.0000000E+00  0.0000000E+00
  7.1249036E+00 -2.4000000E+01 -2.4000000E+01  2.0000000E+00  0.0000000E+00  0.0000000E+00  0.0000000E+00  0.0000000E+00  0.0000000E+00  0.0000000E+00
  7.2260982E+00 -2.4000000E+01 -2.4000000E+01  2.0000000E+00  0.0000000E+00  0.0000000E+00  0.0000000E+00  0.0000000E+00  0.0000000E+00  0.0000000E+00
  7.3287300E+00 -2.4000000E+01 -2.4000000E+01  2.0000000E+00  0.0000000E+00  0.0000000E+00  0.0000000E+00  0.0000000E+00  0.0000000E+00  0.0000000E+00
  7.4328194E+00 -2.4000000E+01 -2.4000000E+01  2.0000000E+00  0.0000000E+00  0.0000000E+00  0.0000000E+00  0.0000000E+00  0.0000000E+00  0.0000000E+00
  7.5383871E+00 -2.4000000E+01 -2.4000000E+01  2.0000000E+00  0.0000000E+00  0.0000000E+00  0.0000000E+00  0.0000000E+00  0.0000000E+00  0.0000000E+00
  7.6454541E+00 -2.4000000E+01 -2.4000000E+01  2.0000000E+00  0.0000000E+00  0.0000000E+00  0.0000000E+00  0.0000000E+00  0.0000000E+00  0.0000000E+00
  7.7540416E+00 -2.4000000E+01 -2.4000000E+01  2.0000000E+00  0.0000000E+00  0.0000000E+00  0.0000000E+00  0.0000000E+00  0.0000000E+00  0.0000000E+00
  7.8641714E+00 -2.4000000E+01 -2.4000000E+01  2.0000000E+00  0.0000000E+00  0.0000000E+00  0.0000000E+00  0.0000000E+00  0.0000000E+00  0.0000000E+00
  7.9758653E+00 -2.4000000E+01 -2.4000000E+01  2.0000000E+00  0.0000000E+00  0.0000000E+00  0.0000000E+00  0.0000000E+00  0.0000000E+00  0.0000000E+00
  8.0891454E+00 -2.4000000E+01 -2.4000000E+01  2.0000000E+00  0.0000000E+00  0.0000000E+00  0.0000000E+00  0.0000000E+00  0.0000000E+00  0.0000000E+00
  8.2040344E+00 -2.4000000E+01 -2.4000000E+01  2.0000000E+00  0.0000000E+00  0.0000000E+00  0.0000000E+00  0.0000000E+00  0.0000000E+00  0.0000000E+00
  8.3205551E+00 -2.4000000E+01 -2.4000000E+01  2.0000000E+00  0.0000000E+00  0.0000000E+00  0.0000000E+00  0.0000000E+00  0.0000000E+00  0.0000000E+00
  8.4387306E+00 -2.4000000E+01 -2.4000000E+01  2.0000000E+00  0.0000000E+00  0.0000000E+00  0.0000000E+00  0.0000000E+00  0.0000000E+00  0.0000000E+00
  8.5585845E+00 -2.4000000E+01 -2.4000000E+01  2.0000000E+00  0.0000000E+00  0.0000000E+00  0.0000000E+00  0.0000000E+00  0.0000000E+00  0.0000000E+00
  8.6801406E+00 -2.4000000E+01 -2.4000000E+01  2.0000000E+00  0.0000000E+00  0.0000000E+00  0.0000000E+00  0.0000000E+00  0.0000000E+00  0.0000000E+00
  8.8034230E+00 -2.4000000E+01 -2.4000000E+01  2.0000000E+00  0.0000000E+00  0.0000000E+00  0.0000000E+00  0.0000000E+00  0.0000000E+00  0.0000000E+00
  8.9284564E+00 -2.4000000E+01 -2.4000000E+01  2.0000000E+00  0.0000000E+00  0.0000000E+00  0.0000000E+00  0.0000000E+00  0.0000000E+00  0.0000000E+00
  9.0552655E+00 -2.4000000E+01 -2.4000000E+01  2.0000000E+00  0.0000000E+00  0.0000000E+00  0.0000000E+00  0.0000000E+00  0.0000000E+00  0.0000000E+00
  9.1838755E+00 -2.4000000E+01 -2.4000000E+01  2.0000000E+00  0.0000000E+00  0.0000000E+00  0.0000000E+00  0.0000000E+00  0.0000000E+00  0.0000000E+00
  9.3143121E+00 -2.4000000E+01 -2.4000000E+01  2.0000000E+00  0.0000000E+00  0.0000000E+00  0.0000000E+00  0.0000000E+00  0.0000000E+00  0.0000000E+00
  9.4466012E+00 -2.4000000E+01 -2.4000000E+01  2.0000000E+00  0.0000000E+00  0.0000000E+00  0.0000000E+00  0.0000000E+00  0.0000000E+00  0.0000000E+00
  9.5807691E+00 -2.4000000E+01 -2.4000000E+01  2.0000000E+00  0.0000000E+00  0.0000000E+00  0.0000000E+00  0.0000000E+00  0.0000000E+00  0.0000000E+00
  9.7168425E+00 -2.4000000E+01 -2.4000000E+01  2.0000000E+00  0.0000000E+00  0.0000000E+00  0.0000000E+00  0.0000000E+00  0.0000000E+00  0.0000000E+00
  9.8548485E+00 -2.4000000E+01 -2.4000000E+01  2.0000000E+00  0.0000000E+00  0.0000000E+00  0.0000000E+00  0.0000000E+00  0.0000000E+00  0.0000000E+00
  9.9948144E+00 -2.4000000E+01 -2.4000000E+01  2.0000000E+00  0.0000000E+00  0.0000000E+00  0.0000000E+00  0.0000000E+00  0.0000000E+00  0.0000000E+00
  1.0136768E+01 -2.4000000E+01 -2.4000000E+01  2.0000000E+00  0.0000000E+00  0.0000000E+00  0.0000000E+00  0.0000000E+00  0.0000000E+00  0.0000000E+00
  1.0280738E+01 -2.4000000E+01 -2.4000000E+01  2.0000000E+00  0.0000000E+00  0.0000000E+00  0.0000000E+00  0.0000000E+00  0.0000000E+00  0.0000000E+00
  1.0426752E+01 -2.4000000E+01 -2.4000000E+01  2.0000000E+00  0.0000000E+00  0.0000000E+00  0.0000000E+00  0.0000000E+00  0.0000000E+00  0.0000000E+00
  1.0574841E+01 -2.4000000E+01 -2.4000000E+01  2.0000000E+00  0.0000000E+00  0.0000000E+00  0.0000000E+00  0.0000000E+00  0.0000000E+00  0.0000000E+00
  1.0725032E+01 -2.4000000E+01 -2.4000000E+01  2.0000000E+00  0.0000000E+00  0.0000000E+00  0.0000000E+00  0.0000000E+00  0.0000000E+00  0.0000000E+00
  1.0877357E+01 -2.4000000E+01 -2.4000000E+01  2.0000000E+00  0.0000000E+00  0.0000000E+00  0.0000000E+00  0.0000000E+00  0.0000000E+00  0.0000000E+00
  1.1031845E+01 -2.4000000E+01 -2.4000000E+01  2.0000000E+00  0.0000000E+00  0.0000000E+00  0.0000000E+00  0.0000000E+00  0.0000000E+00  0.0000000E+00
  1.1188526E+01 -2.4000000E+01 -2.4000000E+01  2.0000000E+00  0.0000000E+00  0.0000000E+00  0.0000000E+00  0.0000000E+00  0.0000000E+00  0.0000000E+00
  1.1347434E+01 -2.4000000E+01 -2.4000000E+01  2.0000000E+00  0.0000000E+00  0.0000000E+00  0.0000000E+00  0.0000000E+00  0.0000000E+00  0.0000000E+00
  1.1508598E+01 -2.4000000E+01 -2.4000000E+01  2.0000000E+00  0.0000000E+00  0.0000000E+00  0.0000000E+00  0.0000000E+00  0.0000000E+00  0.0000000E+00
  1.1672050E+01 -2.4000000E+01 -2.4000000E+01  2.0000000E+00  0.0000000E+00  0.0000000E+00  0.0000000E+00  0.0000000E+00  0.0000000E+00  0.0000000E+00
  1.1837825E+01 -2.4000000E+01 -2.4000000E+01  2.0000000E+00  0.0000000E+00  0.0000000E+00  0.0000000E+00  0.0000000E+00  0.0000000E+00  0.0000000E+00
  1.2005953E+01 -2.4000000E+01 -2.4000000E+01  2.0000000E+00  0.0000000E+00  0.0000000E+00  0.0000000E+00  0.0000000E+00  0.0000000E+00  0.0000000E+00
  1.2176470E+01 -2.4000000E+01 -2.4000000E+01  2.0000000E+00  0.0000000E+00  0.0000000E+00  0.0000000E+00  0.0000000E+00  0.0000000E+00  0.0000000E+00
  1.2349408E+01 -2.4000000E+01 -2.4000000E+01  2.0000000E+00  0.0000000E+00  0.0000000E+00  0.0000000E+00  0.0000000E+00  0.0000000E+00  0.0000000E+00
  1.2524802E+01 -2.4000000E+01 -2.4000000E+01  2.0000000E+00  0.0000000E+00  0.0000000E+00  0.0000000E+00  0.0000000E+00  0.0000000E+00  0.0000000E+00
  1.2702687E+01 -2.4000000E+01 -2.4000000E+01  2.0000000E+00  0.0000000E+00  0.0000000E+00  0.0000000E+00  0.0000000E+00  0.0000000E+00  0.0000000E+00
  1.2883099E+01 -2.4000000E+01 -2.4000000E+01  2.0000000E+00  0.0000000E+00  0.0000000E+00  0.0000000E+00  0.0000000E+00  0.0000000E+00  0.0000000E+00
  1.3066073E+01 -2.4000000E+01 -2.4000000E+01  2.0000000E+00  0.0000000E+00  0.0000000E+00  0.0000000E+00  0.0000000E+00  0.0000000E+00  0.0000000E+00
  1.3251645E+01 -2.4000000E+01 -2.4000000E+01  2.0000000E+00  0.0000000E+00  0.0000000E+00  0.0000000E+00  0.0000000E+00  0.0000000E+00  0.0000000E+00
  1.3439853E+01 -2.4000000E+01 -2.4000000E+01  2.0000000E+00  0.0000000E+00  0.0000000E+00  0.0000000E+00  0.0000000E+00  0.0000000E+00  0.0000000E+00
  1.3630735E+01 -2.4000000E+01 -2.4000000E+01  2.0000000E+00  0.0000000E+00  0.0000000E+00  0.0000000E+00  0.0000000E+00  0.0000000E+00  0.0000000E+00
  1.3824327E+01 -2.4000000E+01 -2.4000000E+01  2.0000000E+00  0.0000000E+00  0.0000000E+00  0.0000000E+00  0.0000000E+00  0.0000000E+00  0.0000000E+00
  1.4020668E+01 -2.4000000E+01 -2.4000000E+01  2.0000000E+00  0.0000000E+00  0.0000000E+00  0.0000000E+00  0.0000000E+00  0.0000000E+00  0.0000000E+00
  1.4219798E+01 -2.4000000E+01 -2.4000000E+01  2.0000000E+00  0.0000000E+00  0.0000000E+00  0.0000000E+00  0.0000000E+00  0.0000000E+00  0.0000000E+00
  1.4421756E+01 -2.4000000E+01 -2.4000000E+01  2.0000000E+00  0.0000000E+00  0.0000000E+00  0.0000000E+00  0.0000000E+00  0.0000000E+00  0.0000000E+00
  1.4626582E+01 -2.4000000E+01 -2.4000000E+01  2.0000000E+00  0.0000000E+00  0.0000000E+00  0.0000000E+00  0.0000000E+00  0.0000000E+00  0.0000000E+00
  1.4834317E+01 -2.4000000E+01 -2.4000000E+01  2.0000000E+00  0.0000000E+00  0.0000000E+00  0.0000000E+00  0.0000000E+00  0.0000000E+00  0.0000000E+00
  1.5045003E+01 -2.4000000E+01 -2.4000000E+01  2.0000000E+00  0.0000000E+00  0.0000000E+00  0.0000000E+00  0.0000000E+00  0.0000000E+00  0.0000000E+00
  1.5258681E+01 -2.4000000E+01 -2.4000000E+01  2.0000000E+00  0.0000000E+00  0.0000000E+00  0.0000000E+00  0.0000000E+00  0.0000000E+00  0.0000000E+00
  1.5475393E+01 -2.4000000E+01 -2.4000000E+01  2.0000000E+00  0.0000000E+00  0.0000000E+00  0.0000000E+00  0.0000000E+00  0.0000000E+00  0.0000000E+00
  1.5695183E+01 -2.4000000E+01 -2.4000000E+01  2.0000000E+00  0.0000000E+00  0.0000000E+00  0.0000000E+00  0.0000000E+00  0.0000000E+00  0.0000000E+00
  1.5918095E+01 -2.4000000E+01 -2.4000000E+01  2.0000000E+00  0.0000000E+00  0.0000000E+00  0.0000000E+00  0.0000000E+00  0.0000000E+00  0.0000000E+00
  1.6144173E+01 -2.4000000E+01 -2.4000000E+01  2.0000000E+00  0.0000000E+00  0.0000000E+00  0.0000000E+00  0.0000000E+00  0.0000000E+00  0.0000000E+00
  1.6373461E+01 -2.4000000E+01 -2.4000000E+01  2.0000000E+00  0.0000000E+00  0.0000000E+00  0.0000000E+00  0.0000000E+00  0.0000000E+00  0.0000000E+00
  1.6606006E+01 -2.4000000E+01 -2.4000000E+01  2.0000000E+00  0.0000000E+00  0.0000000E+00  0.0000000E+00  0.0000000E+00  0.0000000E+00  0.0000000E+00
  1.6841853E+01 -2.4000000E+01 -2.4000000E+01  2.0000000E+00  0.0000000E+00  0.0000000E+00  0.0000000E+00  0.0000000E+00  0.0000000E+00  0.0000000E+00
  1.7081050E+01 -2.4000000E+01 -2.4000000E+01  2.0000000E+00  0.0000000E+00  0.0000000E+00  0.0000000E+00  0.0000000E+00  0.0000000E+00  0.0000000E+00
  1.7323645E+01 -2.4000000E+01 -2.4000000E+01  2.0000000E+00  0.0000000E+00  0.0000000E+00  0.0000000E+00  0.0000000E+00  0.0000000E+00  0.0000000E+00
  1.7569684E+01 -2.4000000E+01 -2.4000000E+01  2.0000000E+00  0.0000000E+00  0.0000000E+00  0.0000000E+00  0.0000000E+00  0.0000000E+00  0.0000000E+00
  1.7819218E+01 -2.4000000E+01 -2.4000000E+01  2.0000000E+00  0.0000000E+00  0.0000000E+00  0.0000000E+00  0.0000000E+00  0.0000000E+00  0.0000000E+00
  1.8072296E+01 -2.4000000E+01 -2.4000000E+01  2.0000000E+00  0.0000000E+00  0.0000000E+00  0.0000000E+00  0.0000000E+00  0.0000000E+00  0.0000000E+00
  1.8328968E+01 -2.4000000E+01 -2.4000000E+01  2.0000000E+00  0.0000000E+00  0.0000000E+00  0.0000000E+00  0.0000000E+00  0.0000000E+00  0.0000000E+00
  1.8589285E+01 -2.4000000E+01 -2.4000000E+01  2.0000000E+00  0.0000000E+00  0.0000000E+00  0.0000000E+00  0.0000000E+00  0.0000000E+00  0.0000000E+00
  1.8853300E+01 -2.4000000E+01 -2.4000000E+01  2.0000000E+00  0.0000000E+00  0.0000000E+00  0.0000000E+00  0.0000000E+00  0.0000000E+00  0.0000000E+00
  1.9121064E+01 -2.4000000E+01 -2.4000000E+01  2.0000000E+00  0.0000000E+00  0.0000000E+00  0.0000000E+00  0.0000000E+00  0.0000000E+00  0.0000000E+00
  1.9392631E+01 -2.4000000E+01 -2.4000000E+01  2.0000000E+00  0.0000000E+00  0.0000000E+00  0.0000000E+00  0.0000000E+00  0.0000000E+00  0.0000000E+00
  1.9668055E+01 -2.4000000E+01 -2.4000000E+01  2.0000000E+00  0.0000000E+00  0.0000000E+00  0.0000000E+00  0.0000000E+00  0.0000000E+00  0.0000000E+00
  1.9947390E+01 -2.4000000E+01 -2.4000000E+01  2.0000000E+00  0.0000000E+00  0.0000000E+00  0.0000000E+00  0.0000000E+00  0.0000000E+00  0.0000000E+00
  2.0230693E+01 -2.4000000E+01 -2.4000000E+01  2.0000000E+00  0.0000000E+00  0.0000000E+00  0.0000000E+00  0.0000000E+00  0.0000000E+00  0.0000000E+00
  2.0518019E+01 -2.4000000E+01 -2.4000000E+01  2.0000000E+00  0.0000000E+00  0.0000000E+00  0.0000000E+00  0.0000000E+00  0.0000000E+00  0.0000000E+00
  2.0809426E+01 -2.4000000E+01 -2.4000000E+01  2.0000000E+00  0.0000000E+00  0.0000000E+00  0.0000000E+00  0.0000000E+00  0.0000000E+00  0.0000000E+00
  2.1104971E+01 -2.4000000E+01 -2.4000000E+01  2.0000000E+00  0.0000000E+00  0.0000000E+00  0.0000000E+00  0.0000000E+00  0.0000000E+00  0.0000000E+00
  2.1404714E+01 -2.4000000E+01 -2.4000000E+01  2.0000000E+00  0.0000000E+00  0.0000000E+00  0.0000000E+00  0.0000000E+00  0.0000000E+00  0.0000000E+00
  2.1708714E+01 -2.4000000E+01 -2.4000000E+01  2.0000000E+00  0.0000000E+00  0.0000000E+00  0.0000000E+00  0.0000000E+00  0.0000000E+00  0.0000000E+00
  2.2017031E+01 -2.4000000E+01 -2.4000000E+01  2.0000000E+00  0.0000000E+00  0.0000000E+00  0.0000000E+00  0.0000000E+00  0.0000000E+00  0.0000000E+00
  2.2329728E+01 -2.4000000E+01 -2.4000000E+01  2.0000000E+00  0.0000000E+00  0.0000000E+00  0.0000000E+00  0.0000000E+00  0.0000000E+00  0.0000000E+00
  2.2646865E+01 -2.4000000E+01 -2.4000000E+01  2.0000000E+00  0.0000000E+00  0.0000000E+00  0.0000000E+00  0.0000000E+00  0.0000000E+00  0.0000000E+00
  2.2968506E+01 -2.4000000E+01 -2.4000000E+01  2.0000000E+00  0.0000000E+00  0.0000000E+00  0.0000000E+00  0.0000000E+00  0.0000000E+00  0.0000000E+00
  2.3294715E+01 -2.4000000E+01 -2.4000000E+01  2.0000000E+00  0.0000000E+00  0.0000000E+00  0.0000000E+00  0.0000000E+00  0.0000000E+00  0.0000000E+00
  2.3625557E+01 -2.4000000E+01 -2.4000000E+01  2.0000000E+00  0.0000000E+00  0.0000000E+00  0.0000000E+00  0.0000000E+00  0.0000000E+00  0.0000000E+00
  2.3961098E+01 -2.4000000E+01 -2.4000000E+01  2.0000000E+00  0.0000000E+00  0.0000000E+00  0.0000000E+00  0.0000000E+00  0.0000000E+00  0.0000000E+00
  2.4301405E+01 -2.4000000E+01 -2.4000000E+01  2.0000000E+00  0.0000000E+00  0.0000000E+00  0.0000000E+00  0.0000000E+00  0.0000000E+00  0.0000000E+00
  2.4646544E+01 -2.4000000E+01 -2.4000000E+01  2.0000000E+00  0.0000000E+00  0.0000000E+00  0.0000000E+00  0.0000000E+00  0.0000000E+00  0.0000000E+00
  2.4996585E+01 -2.4000000E+01 -2.4000000E+01  2.0000000E+00  0.0000000E+00  0.0000000E+00  0.0000000E+00  0.0000000E+00  0.0000000E+00  0.0000000E+00
  2.5351598E+01 -2.4000000E+01 -2.4000000E+01  2.0000000E+00  0.0000000E+00  0.0000000E+00  0.0000000E+00  0.0000000E+00  0.0000000E+00  0.0000000E+00
  2.5711652E+01 -2.4000000E+01 -2.4000000E+01  2.0000000E+00  0.0000000E+00  0.0000000E+00  0.0000000E+00  0.0000000E+00  0.0000000E+00  0.0000000E+00
  2.6076820E+01 -2.4000000E+01 -2.4000000E+01  2.0000000E+00  0.0000000E+00  0.0000000E+00  0.0000000E+00  0.0000000E+00  0.0000000E+00  0.0000000E+00
  2.6447174E+01 -2.4000000E+01 -2.4000000E+01  2.0000000E+00  0.0000000E+00  0.0000000E+00  0.0000000E+00  0.0000000E+00  0.0000000E+00  0.0000000E+00
  2.6822789E+01 -2.4000000E+01 -2.4000000E+01  2.0000000E+00  0.0000000E+00  0.0000000E+00  0.0000000E+00  0.0000000E+00  0.0000000E+00  0.0000000E+00
  2.7203737E+01 -2.4000000E+01 -2.4000000E+01  2.0000000E+00  0.0000000E+00  0.0000000E+00  0.0000000E+00  0.0000000E+00  0.0000000E+00  0.0000000E+00
  2.7590096E+01 -2.4000000E+01 -2.4000000E+01  2.0000000E+00  0.0000000E+00  0.0000000E+00  0.0000000E+00  0.0000000E+00  0.0000000E+00  0.0000000E+00
  2.7981942E+01 -2.4000000E+01 -2.4000000E+01  2.0000000E+00  0.0000000E+00  0.0000000E+00  0.0000000E+00  0.0000000E+00  0.0000000E+00  0.0000000E+00
  2.8379354E+01 -2.4000000E+01 -2.4000000E+01  2.0000000E+00  0.0000000E+00  0.0000000E+00  0.0000000E+00  0.0000000E+00  0.0000000E+00  0.0000000E+00
  2.8782409E+01 -2.4000000E+01 -2.4000000E+01  2.0000000E+00  0.0000000E+00  0.0000000E+00  0.0000000E+00  0.0000000E+00  0.0000000E+00  0.0000000E+00
  2.9191189E+01 -2.4000000E+01 -2.4000000E+01  2.0000000E+00  0.0000000E+00  0.0000000E+00  0.0000000E+00  0.0000000E+00  0.0000000E+00  0.0000000E+00
  2.9605774E+01 -2.4000000E+01 -2.4000000E+01  2.0000000E+00  0.0000000E+00  0.0000000E+00  0.0000000E+00  0.0000000E+00  0.0000000E+00  0.0000000E+00
  3.0026247E+01 -2.4000000E+01 -2.4000000E+01  2.0000000E+00  0.0000000E+00  0.0000000E+00  0.0000000E+00  0.0000000E+00  0.0000000E+00  0.0000000E+00
  3.0452692E+01 -2.4000000E+01 -2.4000000E+01  2.0000000E+00  0.0000000E+00  0.0000000E+00  0.0000000E+00  0.0000000E+00  0.0000000E+00  0.0000000E+00
  3.0885194E+01 -2.4000000E+01 -2.4000000E+01  2.0000000E+00  0.0000000E+00  0.0000000E+00  0.0000000E+00  0.0000000E+00  0.0000000E+00  0.0000000E+00
  3.1323838E+01 -2.4000000E+01 -2.4000000E+01  2.0000000E+00  0.0000000E+00  0.0000000E+00  0.0000000E+00  0.0000000E+00  0.0000000E+00  0.0000000E+00
  3.1768711E+01 -2.4000000E+01 -2.4000000E+01  2.0000000E+00  0.0000000E+00  0.0000000E+00  0.0000000E+00  0.0000000E+00  0.0000000E+00  0.0000000E+00
  3.2219903E+01 -2.4000000E+01 -2.4000000E+01  2.0000000E+00  0.0000000E+00  0.0000000E+00  0.0000000E+00  0.0000000E+00  0.0000000E+00  0.0000000E+00
  3.2677503E+01 -2.4000000E+01 -2.4000000E+01  2.0000000E+00  0.0000000E+00  0.0000000E+00  0.0000000E+00  0.0000000E+00  0.0000000E+00  0.0000000E+00
  3.3141602E+01 -2.4000000E+01 -2.4000000E+01  2.0000000E+00  0.0000000E+00  0.0000000E+00  0.0000000E+00  0.0000000E+00  0.0000000E+00  0.0000000E+00
  3.3612292E+01 -2.4000000E+01 -2.4000000E+01  2.0000000E+00  0.0000000E+00  0.0000000E+00  0.0000000E+00  0.0000000E+00  0.0000000E+00  0.0000000E+00
  3.4089667E+01 -2.4000000E+01 -2.4000000E+01  2.0000000E+00  0.0000000E+00  0.0000000E+00  0.0000000E+00  0.0000000E+00  0.0000000E+00  0.0000000E+00
  3.4573821E+01 -2.4000000E+01 -2.4000000E+01  2.0000000E+00  0.0000000E+00  0.0000000E+00  0.0000000E+00  0.0000000E+00  0.0000000E+00  0.0000000E+00
  3.5064852E+01 -2.4000000E+01 -2.4000000E+01  2.0000000E+00  0.0000000E+00  0.0000000E+00  0.0000000E+00  0.0000000E+00  0.0000000E+00  0.0000000E+00
  3.5562856E+01 -2.4000000E+01 -2.4000000E+01  2.0000000E+00  0.0000000E+00  0.0000000E+00  0.0000000E+00  0.0000000E+00  0.0000000E+00  0.0000000E+00
  3.6067934E+01 -2.4000000E+01 -2.4000000E+01  2.0000000E+00  0.0000000E+00  0.0000000E+00  0.0000000E+00  0.0000000E+00  0.0000000E+00  0.0000000E+00
  3.6580184E+01 -2.4000000E+01 -2.4000000E+01  2.0000000E+00  0.0000000E+00  0.0000000E+00  0.0000000E+00  0.0000000E+00  0.0000000E+00  0.0000000E+00
  3.7099710E+01 -2.4000000E+01 -2.4000000E+01  2.0000000E+00  0.0000000E+00  0.0000000E+00  0.0000000E+00  0.0000000E+00  0.0000000E+00  0.0000000E+00
  3.7626614E+01 -2.4000000E+01 -2.4000000E+01  2.0000000E+00  0.0000000E+00  0.0000000E+00  0.0000000E+00  0.0000000E+00  0.0000000E+00  0.0000000E+00
  3.8161001E+01 -2.4000000E+01 -2.4000000E+01  2.0000000E+00  0.0000000E+00  0.0000000E+00  0.0000000E+00  0.0000000E+00  0.0000000E+00  0.0000000E+00
  3.8702978E+01 -2.4000000E+01 -2.4000000E+01  2.0000000E+00  0.0000000E+00  0.0000000E+00  0.0000000E+00  0.0000000E+00  0.0000000E+00  0.0000000E+00
  3.9252652E+01 -2.4000000E+01 -2.4000000E+01  2.0000000E+00  0.0000000E+00  0.0000000E+00  0.0000000E+00  0.0000000E+00  0.0000000E+00  0.0000000E+00
  3.9810132E+01 -2.4000000E+01 -2.4000000E+01  2.0000000E+00  0.0000000E+00  0.0000000E+00  0.0000000E+00  0.0000000E+00  0.0000000E+00  0.0000000E+00
  4.0375530E+01 -2.4000000E+01 -2.4000000E+01  2.0000000E+00  0.0000000E+00  0.0000000E+00  0.0000000E+00  0.0000000E+00  0.0000000E+00  0.0000000E+00
  4.0948958E+01 -2.4000000E+01 -2.4000000E+01  2.0000000E+00  0.0000000E+00  0.0000000E+00  0.0000000E+00  0.0000000E+00  0.0000000E+00  0.0000000E+00
  4.1530530E+01 -2.4000000E+01 -2.4000000E+01  2.0000000E+00  0.0000000E+00  0.0000000E+00  0.0000000E+00  0.0000000E+00  0.0000000E+00  0.0000000E+00
  4.2120362E+01 -2.4000000E+01 -2.4000000E+01  2.0000000E+00  0.0000000E+00  0.0000000E+00  0.0000000E+00  0.0000000E+00  0.0000000E+00  0.0000000E+00
  4.2718570E+01 -2.4000000E+01 -2.4000000E+01  2.0000000E+00  0.0000000E+00  0.0000000E+00  0.0000000E+00  0.0000000E+00  0.0000000E+00  0.0000000E+00
  4.3325275E+01 -2.4000000E+01 -2.4000000E+01  2.0000000E+00  0.0000000E+00  0.0000000E+00  0.0000000E+00  0.0000000E+00  0.0000000E+00  0.0000000E+00
  4.3940596E+01 -2.4000000E+01 -2.4000000E+01  2.0000000E+00  0.0000000E+00  0.0000000E+00  0.0000000E+00  0.0000000E+00  0.0000000E+00  0.0000000E+00
  4.4564656E+01 -2.4000000E+01 -2.4000000E+01  2.0000000E+00  0.0000000E+00  0.0000000E+00  0.0000000E+00  0.0000000E+00  0.0000000E+00  0.0000000E+00
  4.5197578E+01 -2.4000000E+01 -2.4000000E+01  2.0000000E+00  0.0000000E+00  0.0000000E+00  0.0000000E+00  0.0000000E+00  0.0000000E+00  0.0000000E+00
  4.5839490E+01 -2.4000000E+01 -2.4000000E+01  2.0000000E+00  0.0000000E+00  0.0000000E+00  0.0000000E+00  0.0000000E+00  0.0000000E+00  0.0000000E+00
  4.6490519E+01 -2.4000000E+01 -2.4000000E+01  2.0000000E+00  0.0000000E+00  0.0000000E+00  0.0000000E+00  0.0000000E+00  0.0000000E+00  0.0000000E+00
  4.7150793E+01 -2.4000000E+01 -2.4000000E+01  2.0000000E+00  0.0000000E+00  0.0000000E+00  0.0000000E+00  0.0000000E+00  0.0000000E+00  0.0000000E+00
  4.7820445E+01 -2.4000000E+01 -2.4000000E+01  2.0000000E+00  0.0000000E+00  0.0000000E+00  0.0000000E+00  0.0000000E+00  0.0000000E+00  0.0000000E+00
  4.8499608E+01 -2.4000000E+01 -2.4000000E+01  2.0000000E+00  0.0000000E+00  0.0000000E+00  0.0000000E+00  0.0000000E+00  0.0000000E+00  0.0000000E+00
  4.9188416E+01 -2.4000000E+01 -2.4000000E+01  2.0000000E+00  0.0000000E+00  0.0000000E+00  0.0000000E+00  0.0000000E+00  0.0000000E+00  0.0000000E+00
  4.9887006E+01 -2.4000000E+01 -2.4000000E+01  2.0000000E+00  0.0000000E+00  0.0000000E+00  0.0000000E+00  0.0000000E+00  0.0000000E+00  0.0000000E+00
  5.0595519E+01 -2.4000000E+01 -2.4000000E+01  2.0000000E+00  0.0000000E+00  0.0000000E+00  0.0000000E+00  0.0000000E+00  0.0000000E+00  0.0000000E+00
  5.1314093E+01 -2.4000000E+01 -2.4000000E+01  2.0000000E+00  0.0000000E+00  0.0000000E+00  0.0000000E+00  0.0000000E+00  0.0000000E+00  0.0000000E+00
  5.2042873E+01 -2.4000000E+01 -2.4000000E+01  2.0000000E+00  0.0000000E+00  0.0000000E+00  0.0000000E+00  0.0000000E+00  0.0000000E+00  0.0000000E+00
  5.2782004E+01 -2.4000000E+01 -2.4000000E+01  2.0000000E+00  0.0000000E+00  0.0000000E+00  0.0000000E+00  0.0000000E+00  0.0000000E+00  0.0000000E+00
  5.3531632E+01 -2.4000000E+01 -2.4000000E+01  2.0000000E+00  0.0000000E+00  0.0000000E+00  0.0000000E+00  0.0000000E+00  0.0000000E+00  0.0000000E+00
  5.4291906E+01 -2.4000000E+01 -2.3999999E+01  2.0000000E+00  0.0000000E+00  0.0000000E+00  0.0000000E+00  0.0000000E+00  0.0000000E+00  0.0000000E+00
  5.5062977E+01 -2.4000000E+01 -2.3999999E+01  2.0000000E+00  0.0000000E+00  0.0000000E+00  0.0000000E+00  0.0000000E+00  0.0000000E+00  0.0000000E+00
  5.5845000E+01 -2.4000000E+01 -2.3999999E+01  2.0000000E+00  0.0000000E+00  0.0000000E+00  0.0000000E+00  0.0000000E+00  0.0000000E+00  0.0000000E+00
  5.6638129E+01 -2.4000000E+01 -2.3999999E+01  2.0000000E+00  0.0000000E+00  0.0000000E+00  0.0000000E+00  0.0000000E+00  0.0000000E+00  0.0000000E+00
  5.7442522E+01 -2.4000000E+01 -2.3999999E+01  2.0000000E+00  0.0000000E+00  0.0000000E+00  0.0000000E+00  0.0000000E+00  0.0000000E+00  0.0000000E+00
  5.8258340E+01 -2.4000000E+01 -2.3999999E+01  2.0000000E+00  0.0000000E+00  0.0000000E+00  0.0000000E+00  0.0000000E+00  0.0000000E+00  0.0000000E+00
  5.9085744E+01 -2.4000000E+01 -2.3999999E+01  2.0000000E+00  0.0000000E+00  0.0000000E+00  0.0000000E+00  0.0000000E+00  0.0000000E+00  0.0000000E+00
  5.9924899E+01 -2.4000000E+01 -2.3999999E+01  2.0000000E+00  0.0000000E+00  0.0000000E+00  0.0000000E+00  0.0000000E+00  0.0000000E+00  0.0000000E+00
  6.0775972E+01 -2.4000000E+01 -2.3999999E+01  2.0000000E+00  0.0000000E+00  0.0000000E+00  0.0000000E+00  0.0000000E+00  0.0000000E+00  0.0000000E+00
  6.1639131E+01 -2.4000000E+01 -2.3999999E+01  2.0000000E+00  0.0000000E+00  0.0000000E+00  0.0000000E+00  0.0000000E+00  0.0000000E+00  0.0000000E+00
  6.2514550E+01 -2.4000000E+01 -2.3999999E+01  2.0000000E+00  0.0000000E+00  0.0000000E+00  0.0000000E+00  0.0000000E+00  0.0000000E+00  0.0000000E+00
  6.3402402E+01 -2.4000000E+01 -2.3999999E+01  2.0000000E+00  0.0000000E+00  0.0000000E+00  0.0000000E+00  0.0000000E+00  0.0000000E+00  0.0000000E+00
  6.4302863E+01 -2.4000000E+01 -2.3999999E+01  2.0000000E+00  0.0000000E+00  0.0000000E+00  0.0000000E+00  0.0000000E+00  0.0000000E+00  0.0000000E+00
  6.5216113E+01 -2.4000000E+01 -2.3999999E+01  2.0000000E+00  0.0000000E+00  0.0000000E+00  0.0000000E+00  0.0000000E+00  0.0000000E+00  0.0000000E+00
  6.6142333E+01 -2.4000000E+01 -2.3999999E+01  2.0000000E+00  0.0000000E+00  0.0000000E+00  0.0000000E+00  0.0000000E+00  0.0000000E+00  0.0000000E+00
  6.7081707E+01 -2.4000000E+01 -2.3999999E+01  2.0000000E+00  0.0000000E+00  0.0000000E+00  0.0000000E+00  0.0000000E+00  0.0000000E+00  0.0000000E+00
  6.8034422E+01 -2.4000000E+01 -2.3999999E+01  2.0000000E+00  0.0000000E+00  0.0000000E+00  0.0000000E+00  0.0000000E+00  0.0000000E+00  0.0000000E+00
  6.9000669E+01 -2.4000000E+01 -2.3999999E+01  2.0000000E+00  0.0000000E+00  0.0000000E+00  0.0000000E+00  0.0000000E+00  0.0000000E+00  0.0000000E+00
  6.9980638E+01 -2.4000000E+01 -2.3999999E+01  2.0000000E+00  0.0000000E+00  0.0000000E+00  0.0000000E+00  0.0000000E+00  0.0000000E+00  0.0000000E+00
  7.0974525E+01 -2.4000000E+01 -2.3999999E+01  2.0000000E+00  0.0000000E+00  0.0000000E+00  0.0000000E+00  0.0000000E+00  0.0000000E+00  0.0000000E+00
  7.1982527E+01 -2.4000000E+01 -2.3999999E+01  2.0000000E+00  0.0000000E+00  0.0000000E+00  0.0000000E+00  0.0000000E+00  0.0000000E+00  0.0000000E+00
  7.3004845E+01 -2.4000000E+01 -2.3999999E+01  2.0000000E+00  0.0000000E+00  0.0000000E+00  0.0000000E+00  0.0000000E+00  0.0000000E+00  0.0000000E+00
  7.4041682E+01 -2.4000000E+01 -2.3999999E+01  2.0000000E+00  0.0000000E+00  0.0000000E+00  0.0000000E+00  0.0000000E+00  0.0000000E+00  0.0000000E+00
  7.5093245E+01 -2.4000000E+01 -2.3999999E+01  2.0000000E+00  0.0000000E+00  0.0000000E+00  0.0000000E+00  0.0000000E+00  0.0000000E+00  0.0000000E+00
  7.6159742E+01 -2.4000000E+01 -2.3999999E+01  2.0000000E+00  0.0000000E+00  0.0000000E+00  0.0000000E+00  0.0000000E+00  0.0000000E+00  0.0000000E+00
  7.7241386E+01 -2.4000000E+01 -2.3999999E+01  2.0000000E+00  0.0000000E+00  0.0000000E+00  0.0000000E+00  0.0000000E+00  0.0000000E+00  0.0000000E+00
  7.8338392E+01 -2.4000000E+01 -2.3999999E+01  2.0000000E+00  0.0000000E+00  0.0000000E+00  0.0000000E+00  0.0000000E+00  0.0000000E+00  0.0000000E+00
  7.9450978E+01 -2.4000000E+01 -2.3999999E+01  2.0000000E+00  0.0000000E+00  0.0000000E+00  0.0000000E+00  0.0000000E+00  0.0000000E+00  0.0000000E+00
  8.0579365E+01 -2.4000000E+01 -2.3999999E+01  2.0000000E+00  0.0000000E+00  0.0000000E+00  0.0000000E+00  0.0000000E+00  0.0000000E+00  0.0000000E+00
  8.1723777E+01 -2.4000000E+01 -2.3999999E+01  2.0000000E+00  0.0000000E+00  0.0000000E+00  0.0000000E+00  0.0000000E+00  0.0000000E+00  0.0000000E+00
  8.2884443E+01 -2.4000000E+01 -2.3999999E+01  2.0000000E+00  0.0000000E+00  0.0000000E+00  0.0000000E+00  0.0000000E+00  0.0000000E+00  0.0000000E+00
  8.4061592E+01 -2.4000000E+01 -2.3999999E+01  2.0000000E+00  0.0000000E+00  0.0000000E+00  0.0000000E+00  0.0000000E+00  0.0000000E+00  0.0000000E+00
  8.5255460E+01 -2.4000000E+01 -2.3999999E+01  2.0000000E+00  0.0000000E+00  0.0000000E+00  0.0000000E+00  0.0000000E+00  0.0000000E+00  0.0000000E+00
  8.6466284E+01 -2.4000000E+01 -2.3999999E+01  2.0000000E+00  0.0000000E+00  0.0000000E+00  0.0000000E+00  0.0000000E+00  0.0000000E+00  0.0000000E+00
  8.7694304E+01 -2.4000000E+01 -2.3999999E+01  2.0000000E+00  0.0000000E+00  0.0000000E+00  0.0000000E+00  0.0000000E+00  0.0000000E+00  0.0000000E+00
  8.8939764E+01 -2.4000000E+01 -2.3999999E+01  1.9999999E+00  0.0000000E+00  0.0000000E+00  0.0000000E+00  0.0000000E+00  0.0000000E+00  0.0000000E+00
  9.0202913E+01 -2.4000000E+01 -2.3999999E+01  1.9999999E+00  0.0000000E+00  0.0000000E+00  0.0000000E+00  0.0000000E+00  0.0000000E+00  0.0000000E+00
  9.1484002E+01 -2.4000000E+01 -2.3999999E+01  1.9999999E+00  0.0000000E+00  0.0000000E+00  0.0000000E+00  0.0000000E+00  0.0000000E+00  0.0000000E+00
  9.2783284E+01 -2.4000000E+01 -2.3999999E+01  1.9999999E+00  0.0000000E+00  0.0000000E+00  0.0000000E+00  0.0000000E+00  0.0000000E+00  0.0000000E+00
  9.4101020E+01 -2.4000000E+01 -2.3999999E+01  1.9999999E+00  0.0000000E+00  0.0000000E+00  0.0000000E+00  0.0000000E+00  0.0000000E+00  0.0000000E+00
  9.5437470E+01 -2.4000000E+01 -2.3999999E+01  1.9999999E+00  0.0000000E+00  0.0000000E+00  0.0000000E+00  0.0000000E+00  0.0000000E+00  0.0000000E+00
  9.6792901E+01 -2.4000000E+01 -2.3999999E+01  1.9999999E+00  0.0000000E+00  0.0000000E+00  0.0000000E+00  0.0000000E+00  0.0000000E+00  0.0000000E+00
  9.8167582E+01 -2.4000000E+01 -2.3999999E+01  1.9999999E+00  0.0000000E+00  0.0000000E+00  0.0000000E+00  0.0000000E+00  0.0000000E+00  0.0000000E+00
  9.9561787E+01 -2.4000000E+01 -2.3999999E+01  1.9999999E+00  0.0000000E+00  0.0000000E+00  0.0000000E+00  0.0000000E+00  0.0000000E+00  0.0000000E+00
  1.0097579E+02 -2.4000000E+01 -2.3999999E+01  1.9999999E+00  0.0000000E+00  0.0000000E+00  0.0000000E+00  0.0000000E+00  0.0000000E+00  0.0000000E+00
  1.0240988E+02 -2.4000000E+01 -2.3999999E+01  1.9999999E+00  0.0000000E+00  0.0000000E+00  0.0000000E+00  0.0000000E+00  0.0000000E+00  0.0000000E+00
  1.0386433E+02 -2.4000000E+01 -2.3999999E+01  1.9999999E+00  0.0000000E+00  0.0000000E+00  0.0000000E+00  0.0000000E+00  0.0000000E+00  0.0000000E+00
  1.0533945E+02 -2.4000000E+01 -2.3999999E+01  1.9999999E+00  0.0000000E+00  0.0000000E+00  0.0000000E+00  0.0000000E+00  0.0000000E+00  0.0000000E+00
  1.0683551E+02 -2.4000000E+01 -2.3999999E+01  1.9999999E+00  0.0000000E+00  0.0000000E+00  0.0000000E+00  0.0000000E+00  0.0000000E+00  0.0000000E+00
  1.0835282E+02 -2.4000000E+01 -2.3999999E+01  1.9999999E+00  0.0000000E+00  0.0000000E+00  0.0000000E+00  0.0000000E+00  0.0000000E+00  0.0000000E+00
  1.0989167E+02 -2.4000000E+01 -2.3999999E+01  1.9999999E+00  0.0000000E+00  0.0000000E+00  0.0000000E+00  0.0000000E+00  0.0000000E+00  0.0000000E+00
  1.1145239E+02 -2.4000000E+01 -2.3999999E+01  1.9999999E+00  0.0000000E+00  0.0000000E+00  0.0000000E+00  0.0000000E+00  0.0000000E+00  0.0000000E+00
  1.1303526E+02 -2.4000000E+01 -2.3999999E+01  1.9999999E+00  0.0000000E+00  0.0000000E+00  0.0000000E+00  0.0000000E+00  0.0000000E+00  0.0000000E+00
  1.1464062E+02 -2.4000000E+01 -2.3999999E+01  1.9999999E+00  0.0000000E+00  0.0000000E+00  0.0000000E+00  0.0000000E+00  0.0000000E+00  0.0000000E+00
  1.1626878E+02 -2.4000000E+01 -2.3999999E+01  1.9999999E+00  0.0000000E+00  0.0000000E+00  0.0000000E+00  0.0000000E+00  0.0000000E+00  0.0000000E+00
  1.1792006E+02 -2.4000000E+01 -2.3999999E+01  1.9999999E+00  0.0000000E+00  0.0000000E+00  0.0000000E+00  0.0000000E+00  0.0000000E+00  0.0000000E+00
  1.1959480E+02 -2.4000000E+01 -2.3999999E+01  1.9999999E+00  0.0000000E+00  0.0000000E+00  0.0000000E+00  0.0000000E+00  0.0000000E+00  0.0000000E+00
  1.2129332E+02 -2.4000000E+01 -2.3999999E+01  1.9999999E+00  0.0000000E+00  0.0000000E+00  0.0000000E+00  0.0000000E+00  0.0000000E+00  0.0000000E+00
  1.2301596E+02 -2.4000000E+01 -2.3999999E+01  1.9999999E+00  0.0000000E+00  0.0000000E+00  0.0000000E+00  0.0000000E+00  0.0000000E+00  0.0000000E+00
  1.2476307E+02 -2.4000000E+01 -2.3999999E+01  1.9999999E+00  0.0000000E+00  0.0000000E+00  0.0000000E+00  0.0000000E+00  0.0000000E+00  0.0000000E+00
  1.2653499E+02 -2.4000000E+01 -2.3999999E+01  1.9999999E+00  0.0000000E+00  0.0000000E+00  0.0000000E+00  0.0000000E+00  0.0000000E+00  0.0000000E+00
  1.2833207E+02 -2.4000000E+01 -2.3999999E+01  1.9999999E+00  0.0000000E+00  0.0000000E+00  0.0000000E+00  0.0000000E+00  0.0000000E+00  0.0000000E+00
  1.3015468E+02 -2.4000000E+01 -2.3999999E+01  1.9999999E+00  0.0000000E+00  0.0000000E+00  0.0000000E+00  0.0000000E+00  0.0000000E+00  0.0000000E+00
  1.3200317E+02 -2.4000000E+01 -2.3999999E+01  1.9999999E+00  0.0000000E+00  0.0000000E+00  0.0000000E+00  0.0000000E+00  0.0000000E+00  0.0000000E+00
  1.3387792E+02 -2.4000000E+01 -2.3999999E+01  1.9999999E+00  0.0000000E+00  0.0000000E+00  0.0000000E+00  0.0000000E+00  0.0000000E+00  0.0000000E+00
  1.3577929E+02 -2.4000000E+01 -2.3999999E+01  1.9999999E+00  0.0000000E+00  0.0000000E+00  0.0000000E+00  0.0000000E+00  0.0000000E+00  0.0000000E+00
  1.3770766E+02 -2.4000000E+01 -2.3999999E+01  1.9999999E+00  0.0000000E+00  0.0000000E+00  0.0000000E+00  0.0000000E+00  0.0000000E+00  0.0000000E+00
  1.3966343E+02 -2.4000000E+01 -2.3999998E+01  1.9999999E+00  0.0000000E+00  0.0000000E+00  0.0000000E+00  0.0000000E+00  0.0000000E+00  0.0000000E+00
  1.4164697E+02 -2.4000000E+01 -2.3999998E+01  1.9999999E+00  0.0000000E+00  0.0000000E+00  0.0000000E+00  0.0000000E+00  0.0000000E+00  0.0000000E+00
  1.4365867E+02 -2.4000000E+01 -2.3999998E+01  1.9999999E+00  0.0000000E+00  0.0000000E+00  0.0000000E+00  0.0000000E+00  0.0000000E+00  0.0000000E+00
  1.4569895E+02 -2.4000000E+01 -2.3999998E+01  1.9999999E+00  0.0000000E+00  0.0000000E+00  0.0000000E+00  0.0000000E+00  0.0000000E+00  0.0000000E+00
  1.4776821E+02 -2.4000000E+01 -2.3999998E+01  1.9999999E+00  0.0000000E+00  0.0000000E+00  0.0000000E+00  0.0000000E+00  0.0000000E+00  0.0000000E+00
  1.4986686E+02 -2.4000000E+01 -2.3999998E+01  1.9999999E+00  0.0000000E+00  0.0000000E+00  0.0000000E+00  0.0000000E+00  0.0000000E+00  0.0000000E+00
  1.5199531E+02 -2.4000000E+01 -2.3999998E+01  1.9999999E+00  0.0000000E+00  0.0000000E+00  0.0000000E+00  0.0000000E+00  0.0000000E+00  0.0000000E+00
  1.5415398E+02 -2.4000000E+01 -2.3999998E+01  1.9999999E+00  0.0000000E+00  0.0000000E+00  0.0000000E+00  0.0000000E+00  0.0000000E+00  0.0000000E+00
  1.5634332E+02 -2.4000000E+01 -2.3999998E+01  1.9999999E+00  0.0000000E+00  0.0000000E+00  0.0000000E+00  0.0000000E+00  0.0000000E+00  0.0000000E+00
  1.5856375E+02 -2.4000000E+01 -2.3999998E+01  1.9999999E+00  0.0000000E+00  0.0000000E+00  0.0000000E+00  0.0000000E+00  0.0000000E+00  0.0000000E+00
  1.6081572E+02 -2.4000000E+01 -2.3999998E+01  1.9999999E+00  0.0000000E+00  0.0000000E+00  0.0000000E+00  0.0000000E+00  0.0000000E+00  0.0000000E+00
  1.6309967E+02 -2.4000000E+01 -2.3999998E+01  1.9999999E+00  0.0000000E+00  0.0000000E+00  0.0000000E+00  0.0000000E+00  0.0000000E+00  0.0000000E+00
  1.6541605E+02 -2.4000000E+01 -2.3999998E+01  1.9999999E+00  0.0000000E+00  0.0000000E+00  0.0000000E+00  0.0000000E+00  0.0000000E+00  0.0000000E+00
  1.6776534E+02 -2.4000000E+01 -2.3999998E+01  1.9999999E+00  0.0000000E+00  0.0000000E+00  0.0000000E+00  0.0000000E+00  0.0000000E+00  0.0000000E+00
  1.7014798E+02 -2.4000000E+01 -2.3999998E+01  1.9999999E+00  0.0000000E+00  0.0000000E+00  0.0000000E+00  0.0000000E+00  0.0000000E+00  0.0000000E+00
  1.7256447E+02 -2.4000000E+01 -2.3999998E+01  1.9999999E+00  0.0000000E+00  0.0000000E+00  0.0000000E+00  0.0000000E+00  0.0000000E+00  0.0000000E+00
  1.7501528E+02 -2.4000000E+01 -2.3999998E+01  1.9999999E+00  0.0000000E+00  0.0000000E+00  0.0000000E+00  0.0000000E+00  0.0000000E+00  0.0000000E+00
  1.7750089E+02 -2.4000000E+01 -2.3999998E+01  1.9999999E+00  0.0000000E+00  0.0000000E+00  0.0000000E+00  0.0000000E+00  0.0000000E+00  0.0000000E+00
  1.8002181E+02 -2.4000000E+01 -2.3999998E+01  1.9999999E+00  0.0000000E+00  0.0000000E+00  0.0000000E+00  0.0000000E+00  0.0000000E+00  0.0000000E+00
  1.8257853E+02 -2.4000000E+01 -2.3999998E+01  1.9999999E+00  0.0000000E+00  0.0000000E+00  0.0000000E+00  0.0000000E+00  0.0000000E+00  0.0000000E+00
  1.8517155E+02 -2.4000000E+01 -2.3999998E+01  1.9999998E+00  0.0000000E+00  0.0000000E+00  0.0000000E+00  0.0000000E+00  0.0000000E+00  0.0000000E+00
  1.8780141E+02 -2.4000000E+01 -2.3999998E+01  1.9999998E+00  0.0000000E+00  0.0000000E+00  0.0000000E+00  0.0000000E+00  0.0000000E+00  0.0000000E+00
  1.9046862E+02 -2.4000000E+01 -2.3999998E+01  1.9999998E+00  0.0000000E+00  0.0000000E+00  0.0000000E+00  0.0000000E+00  0.0000000E+00  0.0000000E+00
  1.9317370E+02 -2.4000000E+01 -2.3999998E+01  1.9999998E+00  0.0000000E+00  0.0000000E+00  0.0000000E+00  0.0000000E+00  0.0000000E+00  0.0000000E+00
  1.9591721E+02 -2.4000000E+01 -2.3999998E+01  1.9999998E+00  0.0000000E+00  0.0000000E+00  0.0000000E+00  0.0000000E+00  0.0000000E+00  0.0000000E+00
  1.9869967E+02 -2.4000000E+01 -2.3999998E+01  1.9999998E+00  0.0000000E+00  0.0000000E+00  0.0000000E+00  0.0000000E+00  0.0000000E+00  0.0000000E+00
  2.0152166E+02 -2.4000000E+01 -2.3999998E+01  1.9999998E+00  0.0000000E+00  0.0000000E+00  0.0000000E+00  0.0000000E+00  0.0000000E+00  0.0000000E+00
