 #  r       coretau        valetau         tcoretau        tvaletau 
  0.0000000E+00  0.00000000000000000E+00  0.00000000000000000E+00  0.00000000000000000E+00  2.57227728933677140E-20
  5.0071180E-06  1.93626111728441128E+03  5.16669287368287833E+00  1.86950408229370927E-19  8.16379249671119395E-10
  1.0085348E-05  2.28308591020028962E+03  6.09478672494814422E+00  3.07707949577346698E-18  3.31205934367102569E-09
  1.5235701E-05  2.04692108468057836E+03  5.46794413611220698E+00  1.60259896292749558E-17  7.55859679759277098E-09
  2.0459200E-05  2.07130632948205994E+03  5.53657920233236478E+00  5.21110346689556329E-17  1.36299291552983665E-08
  2.5756884E-05  2.06227285483628157E+03  5.51634631714754686E+00  1.30902646291412100E-16  2.16024477512341767E-08
  3.1129808E-05  2.04539790515180880E+03  5.47546491818024439E+00  2.79306389826068157E-16  3.15550727562678448E-08
  3.6579039E-05  2.03697707808969130E+03  5.45741906106243668E+00  5.32481189840996614E-16  4.35693303897990340E-08
  4.2105661E-05  2.03229915143244148E+03  5.44963162802253809E+00  9.34839545440893477E-16  5.77294324174455427E-08
  4.7710774E-05  2.03042344611085468E+03  5.44959006085587205E+00  1.54113595995277698E-15  7.41223579931260847E-08
  5.3395492E-05  2.03078287168397947E+03  5.45578043522236200E+00  2.41765024095615908E-15  9.28379379136052076E-08
  5.9160945E-05  2.03304135843503423E+03  5.46730641134269391E+00  3.64347278614463275E-15  1.13968941355522377E-07
  6.5008281E-05  2.03693343911233183E+03  5.48346097048019043E+00  5.31189946006865564E-15  1.37611165166941158E-07
  7.0938662E-05  2.04224001246393050E+03  5.50366152862089120E+00  7.53194418829953686E-15  1.63863525787547718E-07
  7.6953268E-05  2.04878753005896988E+03  5.52744765720749065E+00  1.04299779509822978E-14  1.92828153873730483E-07
  8.3053295E-05  2.05643766089594965E+03  5.55445343821279724E+00  1.41515034492442656E-14  2.24610491707000566E-07
  8.9239956E-05  2.06507925573219836E+03  5.58438596213812133E+00  1.88630753477641139E-14  2.59319393466459129E-07
  9.5514481E-05  2.07462255833530526E+03  5.61700983758945860E+00  2.47543766673842930E-14  2.97067228448333430E-07
  1.0187812E-04  2.08499477569670398E+03  5.65213533840154980E+00  3.20404626155237038E-14  3.37969987318010481E-07
  1.0833213E-04  2.09613671500816690E+03  5.68960940472539800E+00  4.09641839020220752E-14  3.82147391482442415E-07
  1.1487781E-04  2.10800019530144027E+03  5.72930871697537381E+00  5.17988023968016284E-14  4.29723005673348214E-07
  1.2151645E-04  2.12054602132707032E+03  5.77113427434095083E+00  6.48508128464099507E-14  4.80824353834188912E-07
  1.2824938E-04  2.13374237736948726E+03  5.81500709706060359E+00  8.04629852823498944E-14  5.35583038406661356E-07
  1.3507792E-04  2.14756354042015755E+03  5.86086478336029515E+00  9.90176437285478242E-14  5.94134863115101930E-07
  1.4200345E-04  2.16198884059171769E+03  5.90865872811820569E+00  1.20940197851987343E-13  6.56619959350092769E-07
  1.4902733E-04  2.17700181617914404E+03  5.95835186255650839E+00  1.46702945303333340E-13  7.23182916255516579E-07
  1.5615097E-04  2.19258952399543023E+03  6.00991680962649433E+00  1.76829163667366653E-13  7.93972914626129657E-07
  1.6337579E-04  2.20874197488857226E+03  6.06333437464367897E+00  2.11897512190608666E-13  8.69143864726035085E-07
  1.7070321E-04  2.22545167091992698E+03  6.11859230825749378E+00  2.52546764780262217E-13  9.48854548141497923E-07
  1.7813469E-04  2.24271322552340098E+03  6.17568429179777389E+00  2.99480897179392686E-13  1.03326876378470487E-06
  1.8567172E-04  2.26052305162617904E+03  6.23460910487591669E+00  3.53474552723362979E-13  1.12255547816864629E-06
  1.9331579E-04  2.27887910551143705E+03  6.29536994251737347E+00  4.15378912677389469E-13  1.21688898007664038E-06
  2.0106843E-04  2.29778067643741952E+03  6.35797385517303759E+00  4.86127998850559662E-13  1.31644903975344334E-06
  2.0893117E-04  2.31722821382751499E+03  6.42243128966933519E+00  5.66745437983953140E-13  1.42142107274883224E-06
  2.1690558E-04  2.33722318529488030E+03  6.48875571308914889E+00  6.58351719326191982E-13  1.53199630854802508E-06
  2.2499324E-04  2.35776795996312785E+03  6.55696330479695177E+00  7.62171978845801776E-13  1.64837196412739959E-06
  2.3319577E-04  2.37886571253693364E+03  6.62707270436715223E+00  8.79544345693577060E-13  1.77075142257773324E-06
  2.4151479E-04  2.40052034438895862E+03  6.69910480546997089E+00  1.01192888882753671E-12  1.89934441694138113E-06
  2.4995196E-04  2.42273641860300859E+03  6.77308258751429548E+00  1.16091720415638998E-12  2.03436721941419249E-06
  2.5850895E-04  2.44551910647475461E+03  6.84903097831527408E+00  1.32824268515346646E-12  2.17604283606693589E-06
  2.6718748E-04  2.46887414340867417E+03  6.92697674230221683E+00  1.51579152265119644E-12  2.32460120724569671E-06
  2.7598925E-04  2.49280779256080859E+03  7.00694838980937895E+00  1.72561448245628552E-12  2.48027941381526324E-06
  2.8491604E-04  2.51732681485838157E+03  7.08897610378983511E+00  1.95993951253841417E-12  2.64332188941427434E-06
  2.9396960E-04  2.54243844427443355E+03  7.17309168095601279E+00  2.22118523485143132E-12  2.81398063889558227E-06
  3.0315175E-04  2.56815036748301372E+03  7.25932848495391525E+00  2.51197538035778547E-12  2.99251546313044436E-06
  3.1246430E-04  2.59447070712488403E+03  7.34772140955173825E+00  2.83515422955653663E-12  3.17919419036000836E-06
  3.2190911E-04  2.62140800810719429E+03  7.43830685029230132E+00  3.19380312477621914E-12  3.37429291428346503E-06
  3.3148806E-04  2.64897122644694355E+03  7.53112268323985479E+00  3.59125812470012877E-12  3.57809623907691028E-06
  3.4120305E-04  2.67716972024454935E+03  7.62620824977072598E+00  4.03112887605796417E-12  3.79089753154287023E-06
  3.5105602E-04  2.70601324247878574E+03  7.72360434657023109E+00  4.51731878216043493E-12  4.01299918059651484E-06
  3.6104892E-04  2.73551193534268032E+03  7.82335322004188249E+00  5.05404655298877509E-12  4.24471286429973136E-06
  3.7118374E-04  2.76567632590882477E+03  7.92549856459907698E+00  5.64586922689698405E-12  4.48635982466105066E-06
  3.8146249E-04  2.79651732294069234E+03  8.03008552437174217E+00  6.29770675966022189E-12  4.73827115042536192E-06
  3.9188723E-04  2.82804621470395296E+03  8.13716069786087459E+00  7.01486828262743343E-12  5.00078806808372578E-06
  4.0246003E-04  2.86027466765076224E+03  8.24677214527759617E+00  7.80308013813170385E-12  5.27426224134032025E-06
  4.1318298E-04  2.89321472587033168E+03  8.35896939826843166E+00  8.66851580710026342E-12  5.55905607927998704E-06
  4.2405822E-04  2.92687881123709894E+03  8.47380347179032611E+00  9.61782785101102756E-12  5.85554305348786926E-06
  4.3508792E-04  2.96127972416228840E+03  8.59132687797985994E+00  1.06581819979898712E-11  6.16410802437863080E-06
  4.4627426E-04  2.99643064491135920E+03  8.71159364183654894E+00  1.17972935109582518E-11  6.48514757700062688E-06
  4.5761947E-04  3.03234513541225215E+03  8.83465931857607956E+00  1.30434659843538449E-11  6.81907036658831683E-06
  4.6912581E-04  3.06903714152869679E+03  8.96058101256771522E+00  1.44056327250858542E-11  7.16629747414354355E-06
  4.8079557E-04  3.10652099576406499E+03  9.08941739775867674E+00  1.58934008830856055E-11  7.52726277233520394E-06
  4.9263106E-04  3.14481142033948254E+03  9.22122873947808763E+00  1.75170985071031196E-11  7.90241330201328667E-06
  5.0463464E-04  3.18392353064741519E+03  9.35607691759396332E+00  1.92878247123192525E-11  8.29220965964436293E-06
  5.1680870E-04  3.22387283903482967E+03  9.49402545092059036E+00  2.12175031579275700E-11  8.69712639598252715E-06
  5.2915566E-04  3.26467525891186006E+03  9.63513952286758268E+00  2.33189390451301129E-11  9.11765242629873918E-06
  5.4167797E-04  3.30634710915701226E+03  9.77948600825812164E+00  2.56058798590306545E-11  9.55429145250282677E-06
  5.5437813E-04  3.34890511879412497E+03  9.92713350127846006E+00  2.80930800917403570E-11  1.00075623974986690E-05
  5.6725866E-04  3.39236643194845510E+03  1.00781523445643089E+01  3.07963701986839731E-11  1.04779998521269433E-05
  5.8032212E-04  3.43674861305329023E+03  1.02326146593418397E+01  3.37327300556597768E-11  1.09661545350554960E-05
  5.9357112E-04  3.48206965229319030E+03  1.03905943766320146E+01  3.69203672007142306E-11  1.14725937659916742E-05
  6.0700827E-04  3.52834797128551418E+03  1.05521672694902158E+01  4.03788001624056744E-11  1.19979019526002849E-05
  6.2063627E-04  3.57560242897779426E+03  1.07174109862776756E+01  4.41289471946011732E-11  1.25426810915190376E-05
  6.3445781E-04  3.62385232774857195E+03  1.08864050848971043E+01  4.81932207576509781E-11  1.31075512838803282E-05
  6.4847565E-04  3.67311741972763275E+03  1.10592310680357908E+01  5.25956281066732709E-11  1.36931512657553172E-05
  6.6269258E-04  3.72341791330457272E+03  1.12359724193883288E+01  5.73618783698386828E-11  1.43001389539497042E-05
  6.7711141E-04  3.77477447980039096E+03  1.14167146407935327E+01  6.25194965230351297E-11  1.49291920075914234E-05
  6.9173503E-04  3.82720826035983464E+03  1.16015452903879037E+01  6.80979446922095698E-11  1.55810084059682623E-05
  7.0656634E-04  3.88074087298933364E+03  1.17905540216419311E+01  7.41287512411013734E-11  1.62563070430794567E-05
  7.2160828E-04  3.93539441974921056E+03  1.19838326233225398E+01  8.06456481300929655E-11  1.69558283393819525E-05
  7.3686385E-04  3.99119149414614276E+03  1.21814750604510866E+01  8.76847170616068517E-11  1.76803348712293790E-05
  7.5233609E-04  4.04815518863937041E+03  1.23835775160683390E+01  9.52845449589735730E-11  1.84306120185076924E-05
  7.6802806E-04  4.10630910230017707E+03  1.25902384339799465E+01  1.03486389359078987E-10  1.92074686309946067E-05
  7.8394290E-04  4.16567734863696751E+03  1.28015585624253081E+01  1.12334354334508345E-10  2.00117377139803018E-05
  8.0008376E-04  4.22628456352137619E+03  1.30176409985328778E+01  1.21875577598428929E-10  2.08442771336997496E-05
  8.1645386E-04  4.28815591326714457E+03  1.32385912337612002E+01  1.32160429485244589E-10  2.17059703431517899E-05
  8.3305645E-04  4.35131710281178857E+03  1.34645172001898423E+01  1.43242724542237917E-10  2.25977271288878970E-05
  8.4989484E-04  4.41579438403076165E+03  1.36955293176736461E+01  1.55179946512124379E-10  2.35204843793727984E-05
  8.6697237E-04  4.48161456416142300E+03  1.39317405418927311E+01  1.68033487533851346E-10  2.44752068755386676E-05
  8.8429244E-04  4.54880501430092590E+03  1.41732664132180926E+01  1.81868902439209086E-10  2.54628881041686746E-05
  9.0185849E-04  4.61739367804633639E+03  1.44202251064777958E+01  1.96756179076088492E-10  2.64845510947695865E-05
  9.1967402E-04  4.68740908018936989E+03  1.46727374815503584E+01  2.12770025645669334E-10  2.75412492806044011E-05
  9.3774256E-04  4.75888033550881210E+03  1.49309271347724710E+01  2.29990176100652575E-10  2.86340673845815240E-05
  9.5606773E-04  4.83183715764686895E+03  1.51949204512480023E+01  2.48501714715080801E-10  2.97641223307133810E-05
  9.7465315E-04  4.90630986802893858E+03  1.54648466578733590E+01  2.68395421003494772E-10  3.09325641818804548E-05
  9.9350253E-04  4.98232940487336691E+03  1.57408378772562756E+01  2.89768136238418715E-10  3.21405771046563880E-05
  1.0126196E-03  5.05992733223884261E+03  1.60230291824279547E+01  3.12723152890670800E-10  3.33893803619687840E-05
  1.0320082E-03  5.13913584912323586E+03  1.63115586522855125E+01  3.37370628396996050E-10  3.46802293343994594E-05
  1.0516721E-03  5.21998779860282411E+03  1.66065674278738555E+01  3.63828024744328983E-10  3.60144165709456370E-05
  1.0716154E-03  5.30251667698062283E+03  1.69081997693834367E+01  3.92220575449844126E-10  3.73932728700813744E-05
  1.0918418E-03  5.38675664298110405E+03  1.72166031139460145E+01  4.22681781611176039E-10  3.88181683920028225E-05
  1.1123555E-03  5.47274252694803818E+03  1.75319281341334943E+01  4.55353938802119594E-10  4.02905138029424484E-05
  1.1331606E-03  5.56050984001404686E+03  1.78543287971247899E+01  4.90388696696018947E-10  4.18117614524714259E-05
  1.1542611E-03  5.65009478330676575E+03  1.81839624246628411E+01  5.27947653412384929E-10  4.33834065847514501E-05
  1.1756613E-03  5.74153425709916064E+03  1.85209897536431392E+01  5.68202986702342377E-10  4.50069885846907957E-05
  1.1973655E-03  5.83486586993069341E+03  1.88655749973503326E+01  6.11338124215690300E-10  4.66840922600240314E-05
  1.2193779E-03  5.93012794770644177E+03  1.92178859073271688E+01  6.57548455227200678E-10  4.84163491603401995E-05
  1.2417029E-03  6.02735954271107494E+03  1.95780938358733287E+01  7.07042086342545932E-10  5.02054389341134936E-05
  1.2643450E-03  6.12660044257104255E+03  1.99463737991377705E+01  7.60040643855602108E-10  5.20530907248389620E-05
  1.2873086E-03  6.22789117912566508E+03  2.03229045406985342E+01  8.16780125589170542E-10  5.39610846073899423E-05
  1.3105984E-03  6.33127303720923737E+03  2.07078685957533999E+01  8.77511805221019536E-10  5.59312530657490308E-05
  1.3342189E-03  6.43678806331702344E+03  2.11014523557726399E+01  9.42503192277113606E-10  5.79654825133084204E-05
  1.3581750E-03  6.54447907413071425E+03  2.15038461335469044E+01  1.01203905116451775E-09  6.00657148569449419E-05
  1.3824712E-03  6.65438966493183489E+03  2.19152442287769134E+01  1.08642248281844562E-09  6.22339491061530027E-05
  1.4071125E-03  6.76656421782653069E+03  2.23358449939725467E+01  1.16597607275192630E-09  6.44722430285003345E-05
  1.4321038E-03  6.88104790979746394E+03  2.27658509006513441E+01  1.25104310952313622E-09  6.67827148527461151E-05
  1.4574500E-03  6.99788672058446173E+03  2.32054686059672548E+01  1.34198887787569535E-09  6.91675450210065809E-05
  1.4831562E-03  7.11712744031431430E+03  2.36549090194701499E+01  1.43920203106147094E-09  7.16289779913359588E-05
  1.5092274E-03  7.23881767692499307E+03  2.41143873701055824E+01  1.54309604712495734E-09  7.41693240922144514E-05
  1.5356689E-03  7.36300586333268529E+03  2.45841232734167399E+01  1.65411077421372867E-09  7.67909614303991623E-05
  1.5624860E-03  7.48974126428394720E+03  2.50643407987417106E+01  1.77271407028175603E-09  7.94963378536765801E-05
  1.5896839E-03  7.61907398298847511E+03  2.55552685365408152E+01  1.89940354287268776E-09  8.22879729701092187E-05
  1.6172681E-03  7.75105496735125689E+03  2.60571396656629588E+01  2.03470839500944380E-09  8.51684602253654621E-05
  1.6452441E-03  7.88573601589243117E+03  2.65701920204996540E+01  2.17919138357567529E-09  8.81404690398313815E-05
  1.6736173E-03  8.02316978331459541E+03  2.70946681580072770E+01  2.33345089695543346E-09  9.12067470071927910E-05
  1.7023936E-03  8.16340978563311364E+03  2.76308154244919635E+01  2.49812315910025711E-09  9.43701221562619457E-05
  1.7315785E-03  8.30651040492845823E+03  2.81788860221109907E+01  2.67388456762009732E-09  9.76335052778725125E-05
  1.7611779E-03  8.45252689359579381E+03  2.87391370749187018E+01  2.86145417394652176E-09  1.00999892318679558E-04
  1.7911977E-03  8.60151537816511154E+03  2.93118306944850104E+01  3.06159631409569274E-09  1.04472366843819101E-04
  1.8216438E-03  8.75353286258248409E+03  2.98972340450059519E+01  3.27512339906589513E-09  1.08054102570379401E-04
  1.8525224E-03  8.90863723093744557E+03  3.04956194076301585E+01  3.50289887444157536E-09  1.11748365973704739E-04
  1.8838394E-03  9.06688724965040637E+03  3.11072642441306364E+01  3.74584035934484019E-09  1.15558518968657443E-04
  1.9156013E-03  9.22834256902400557E+03  3.17324512597182640E+01  4.00492297547811947E-09  1.19488021667949287E-04
  1.9478142E-03  9.39306372417079547E+03  3.23714684648089630E+01  4.28118287763957757E-09  1.23540435219762139E-04
  1.9804847E-03  9.56111213524703999E+03  3.30246092358438119E+01  4.57572099776907683E-09  1.27719424726959293E-04
  2.0136191E-03  9.73255010695501733E+03  3.36921723747710899E+01  4.88970701529791748E-09  1.32028762250160334E-04
  2.0472241E-03  9.90744082734509720E+03  3.43744621673316644E+01  5.22438356733375420E-09  1.36472329897164738E-04
  2.0813064E-03  1.00858483657732395E+04  3.50717884398183770E+01  5.58107071301480088E-09  1.41054123001149246E-04
  2.1158728E-03  1.02678376700329882E+04  3.57844666142800563E+01  5.96117066721726339E-09  1.45778253390169171E-04
  2.1509300E-03  1.04534745626168769E+04  3.65128177620189049E+01  6.36617281970040252E-09  1.50648952750646821E-04
  2.1864852E-03  1.06428257360595599E+04  3.72571686551499823E+01  6.79765905672656034E-09  1.55670576087451077E-04
  2.2225453E-03  1.08359587473058000E+04  3.80178518162654697E+01  7.25730940320304790E-09  1.60847605283421190E-04
  2.2591175E-03  1.10329420110589726E+04  3.87952055657288639E+01  7.74690800446178272E-09  1.66184652761142902E-04
  2.2962091E-03  1.12338447920879553E+04  3.95895740668015179E+01  8.26834946792395637E-09  1.71686465249886030E-04
  2.3338276E-03  1.14387371964008653E+04  4.04013073680990118E+01  8.82364558609626154E-09  1.77357927660760575E-04
  2.3719803E-03  1.16476901612691108E+04  4.12307614434026561E+01  9.41493246361336901E-09  1.83204067073173312E-04
  2.4106748E-03  1.18607754440232657E+04  4.20782982286151253E+01  1.00444780723861476E-08  1.89230056835759978E-04
  2.4499189E-03  1.20780656096279035E+04  4.29442856555319423E+01  1.07146902603369949E-08  1.95441220785117566E-04
  2.4897204E-03  1.22996340168608476E+04  4.38290976823371352E+01  1.14281252407113284E-08  2.01843037585635883E-04
  2.5300871E-03  1.25255548031428389E+04  4.47331143206395225E+01  1.21874965905482419E-08  2.08441145193957679E-04
  2.5710271E-03  1.27559028679834446E+04  4.56567216587896851E+01  1.29956847885840223E-08  2.15241345451667402E-04
  2.6125486E-03  1.29907538548334305E+04  4.66003118810951520E+01  1.38557473246491855E-08  2.22249608809744256E-04
  2.6546598E-03  1.32301841314354151E+04  4.75642832830050750E+01  1.47709294145141190E-08  2.29472079188712134E-04
  2.6973690E-03  1.34742707685769328E+04  4.85490402818264641E+01  1.57446753561431573E-08  2.36915078978315184E-04
  2.7406848E-03  1.37230915170852350E+04  4.95549934226200222E+01  1.67806405654398591E-08  2.44585114180642606E-04
  2.7846158E-03  1.39767247831020086E+04  5.05825593792551373E+01  1.78827043318128721E-08  2.52488879700910193E-04
  2.8291707E-03  1.42352496016036857E+04  5.16321609502452006E+01  1.90549833362728696E-08  2.60633264790113904E-04
  2.8743583E-03  1.44987456079322892E+04  5.27042270489476721E+01  2.03018459772889747E-08  2.69025358643831152E-04
  2.9201878E-03  1.47672930074172873E+04  5.37991926880754292E+01  2.16279275523009578E-08  2.77672456161725547E-04
  2.9666681E-03  1.50409725429977352E+04  5.49174989580235007E+01  2.30381463456077210E-08  2.86582063872295489E-04
  3.0138086E-03  1.53198654607047956E+04  5.60595929988273340E+01  2.45377206763417541E-08  2.95761906027661495E-04
  3.0616185E-03  1.56040534729731862E+04  5.72259279653065036E+01  2.61321869634050520E-08  3.05219930873178689E-04
  3.1101075E-03  1.58936187197058098E+04  5.84169629851308301E+01  2.78274188675922129E-08  3.14964317096935232E-04
  3.1592851E-03  1.61886437270593942E+04  5.96331631096393906E+01  2.96296475746751755E-08  3.25003480464321789E-04
  3.2091611E-03  1.64892113637559305E+04  6.08749992566168814E+01  3.15454832869794881E-08  3.35346080642833541E-04
  3.2597455E-03  1.67954047949255946E+04  6.21429481449951808E+01  3.35819379949567486E-08  3.46001028222699158E-04
  3.3110483E-03  1.71073074334669000E+04  6.34374922212856731E+01  3.57464496044702088E-08  3.56977491938902721E-04
  3.3630798E-03  1.74250028886647742E+04  6.47591195767786161E+01  3.80469074999640393E-08  3.68284906100260984E-04
  3.4158501E-03  1.77485749121388362E+04  6.61083238555724932E+01  4.04916796284049918E-08  3.79932978231634565E-04
  3.4693700E-03  1.80781073409681303E+04  6.74856041529329644E+01  4.30896411938807450E-08  3.91931696935252495E-04
  3.5236499E-03  1.84136840379573696E+04  6.88914649034892363E+01  4.58502050580233842E-08  4.04291339977506578E-04
  3.5787008E-03  1.87553888288996459E+04  7.03264157588285457E+01  4.87833539470263687E-08  4.17022482607608681E-04
  3.6345335E-03  1.91033054367713521E+04  7.17909714540559776E+01  5.18996745719443633E-08  4.30136006114736175E-04
  3.6911591E-03  1.94575174128595827E+04  7.32856516630994292E+01  5.52103937752405512E-08  4.43643106630566323E-04
  3.7485889E-03  1.98181080645733746E+04  7.48109808418000739E+01  5.87274168231834382E-08  4.57555304184166522E-04
  3.8068344E-03  2.01851603800033008E+04  7.63674880587549438E+01  6.24633679707223390E-08  4.71884452016414150E-04
  3.8659071E-03  2.05587569490909300E+04  7.79557068133315738E+01  6.64316334329132596E-08  4.86642746161459897E-04
  3.9258188E-03  2.09389798812824883E+04  7.95761748401133673E+01  7.06464069048398223E-08  5.01842735302872691E-04
  3.9865813E-03  2.13259107196352525E+04  8.12294338995714469E+01  7.51227377803105632E-08  5.17497330912169420E-04
  4.0482068E-03  2.17196303513185012E+04  8.29160295543221650E+01  7.98765822284401010E-08  5.33619817678049877E-04
  4.1107075E-03  2.21202189143329451E+04  8.46365109303700081E+01  8.49248572965610829E-08  5.50223864234432791E-04
  4.1740959E-03  2.25277557004241498E+04  8.63914304628412566E+01  9.02854982178013908E-08  5.67323534195941933E-04
  4.2383845E-03  2.29423190541617259E+04  8.81813436257697845E+01  9.59775191121287953E-08  5.84933297509689781E-04
  4.3035862E-03  2.33639862680016304E+04  9.00068086452582037E+01  1.02021077280743815E-07  6.03068042132236400E-04
  4.3697139E-03  2.37928334733031952E+04  9.18683861953280569E+01  1.08437541305426340E-07  6.21743086041137228E-04
  4.4367807E-03  2.42289355272446628E+04  9.37666390760994375E+01  1.15249563176856475E-07  6.40974189590652848E-04
  4.5048001E-03  2.46723658955487590E+04  9.57021318737744622E+01  1.22481154689069164E-07  6.60777568221473325E-04
  4.5737854E-03  2.51231965309338229E+04  9.76754306014463509E+01  1.30157768351109158E-07  6.81169905534432293E-04
  4.6437506E-03  2.55814977472197097E+04  9.96871023203928246E+01  1.38306383081669468E-07  7.02168366738738854E-04
  4.7147093E-03  2.60473380890731714E+04  1.01737714741409789E+02  1.46955594968085938E-07  7.23790612485532866E-04
  4.7866759E-03  2.65207841972671267E+04  1.03827835805155104E+02  1.56135713387544977E-07  7.46054813097450382E-04
  4.8596645E-03  2.70019006694444070E+04  1.05958033241144562E+02  1.65878862805819926E-07  7.68979663205940399E-04
  4.9336898E-03  2.74907499163163520E+04  1.08128874104803700E+02  1.76219090587330588E-07  7.92584396807562435E-04
  5.0087663E-03  2.79873920132445128E+04  1.10340924291818084E+02  1.87192481169872243E-07  8.16888802751559984E-04
  5.0849092E-03  2.84918845471347377E+04  1.12594748029131040E+02  1.98837276978064568E-07  8.41913240670917563E-04
  5.1621334E-03  2.90042824586957213E+04  1.14890907342066896E+02  2.11194006471470927E-07  8.67678657369397397E-04
  5.2404543E-03  2.95246378799584891E+04  1.17229961496947809E+02  2.24305619746538144E-07  8.94206603678061678E-04
  5.3198877E-03  3.00529999669953395E+04  1.19612466418351431E+02  2.38217632136040305E-07  9.21519251794020514E-04
  5.4004491E-03  3.05894147279112622E+04  1.22038974080633054E+02  2.52978276275687015E-07  9.49639413115716067E-04
  5.4821547E-03  3.11339248460897616E+04  1.24510031873029448E+02  2.68638663135057097E-07  9.78590556588808782E-04
  5.5650207E-03  3.16865694985759146E+04  1.27026181937512447E+02  2.85252952539113288E-07  1.00839682757698974E-03
  5.6490636E-03  3.22473841697155840E+04  1.29587960478954557E+02  3.02878533737341011E-07  1.03908306727301452E-03
  5.7343000E-03  3.28164004601013949E+04  1.32195897047121889E+02  3.21576216610175360E-07  1.07067483266533314E-03
  5.8207471E-03  3.33936458906496628E+04  1.34850513789442857E+02  3.41410434136852861E-07  1.10319841707583340E-03
  5.9084218E-03  3.39791437020725789E+04  1.37552324674400268E+02  3.62449456785351801E-07  1.13668087128557791E-03
  5.9973418E-03  3.45729126496535100E+04  1.40301834684824172E+02  3.84765619523727261E-07  1.17115002526489210E-03
  6.0875246E-03  3.51749667934248355E+04  1.43099538980394613E+02  4.08435562193041844E-07  1.20663451052501988E-03
  6.1789882E-03  3.57853152837945745E+04  1.45945922028885946E+02  4.33540484025387230E-07  1.24316378310954990E-03
  6.2717508E-03  3.64039621427119055E+04  1.48841456705673892E+02  4.60166413136285254E-07  1.28076814724327015E-03
  6.3658308E-03  3.70309060405142300E+04  1.51786603361063214E+02  4.88404491869266124E-07  1.31947877965761799E-03
  6.4612470E-03  3.76661400684571854E+04  1.54781808854564389E+02  5.18351278921717811E-07  1.35932775461179950E-03
  6.5580183E-03  3.83096515071396861E+04  1.57827505556185969E+02  5.50109069235400625E-07  1.40034806962960031E-03
  6.6561639E-03  3.89614215909543127E+04  1.60924110314041855E+02  5.83786232692519267E-07  1.44257367197241147E-03
  6.7557035E-03  3.96214252686260879E+04  1.64072023387658675E+02  6.19497572719049064E-07  1.48603948586869140E-03
  6.8566567E-03  4.02896309601319226E+04  1.67271627347133290E+02  6.57364705961372680E-07  1.53078144052242772E-03
  6.9590437E-03  4.09660003101495167E+04  1.70523285937576958E+02  6.97516464270463337E-07  1.57683649892270683E-03
  7.0628849E-03  4.16504879381319188E+04  1.73827342908202752E+02  7.40089320299883995E-07  1.62424268747598946E-03
  7.1682008E-03  4.23430411854155536E+04  1.77184120806469281E+02  7.85227838100205364E-07  1.67303912648620744E-03
  7.2750124E-03  4.30435998594763951E+04  1.80593919736746045E+02  8.33085150173209172E-07  1.72326606150589412E-03
  7.3833410E-03  4.37520959756280936E+04  1.84057016083338340E+02  8.83823462534659578E-07  1.77496489558324122E-03
  7.4932081E-03  4.44684534964591003E+04  1.87573661197913083E+02  9.37614589424907209E-07  1.82817822243090309E-03
  7.6046355E-03  4.51925880692968494E+04  1.91144080051228315E+02  9.94640519402248000E-07  1.88294986054223174E-03
  7.7176455E-03  4.59244067620748901E+04  1.94768469849437878E+02  1.05509401465529154E-06  1.93932488828299759E-03
  7.8322605E-03  4.66638077978849906E+04  1.98446998614737595E+02  1.11917924547776386E-06  1.99734967998500997E-03
  7.9485033E-03  4.74106802886018268E+04  2.02179803730874625E+02  1.18711246196256488E-06  2.05707194307110054E-03
  8.0663969E-03  4.81649039680812857E+04  2.05966990453668984E+02  1.25912270509200242E-06  2.11854075624084547E-03
  8.1859649E-03  4.89263489252165527E+04  2.09808630386893583E+02  1.33545255952812348E-06  2.18180660874647131E-03
  8.3072311E-03  4.96948753373390718E+04  2.13704759923979680E+02  1.41635895054147456E-06  2.24692144079052629E-03
  8.4302195E-03  5.04703332045421121E+04  2.17655378656236195E+02  1.50211398765892832E-06  2.31393868507748842E-03
  8.5549546E-03  5.12525620853205692E+04  2.21660447748044618E+02  1.59300585776174478E-06  2.38291330955148770E-03
  8.6814613E-03  5.20413908340669004E+04  2.25719888279823920E+02  1.68933977052433174E-06  2.45390186135410662E-03
  8.8097646E-03  5.28366373410044835E+04  2.29833579559696574E+02  1.79143895925276913E-06  2.52696251203699072E-03
  8.9398901E-03  5.36381082752224247E+04  2.34001357404980411E+02  1.89964574036057123E-06  2.60215510406538357E-03
  9.0718637E-03  5.44455988312606933E+04  2.38223012394243540E+02  2.01432263490799314E-06  2.67954119864843941E-03
  9.2057116E-03  5.52588924800026434E+04  2.42498288091413400E+02  2.13585355583084989E-06  2.75918412493419410E-03
  9.3414604E-03  5.60777607245904655E+04  2.46826879243572364E+02  2.26464506469637785E-06  2.84114903060909193E-03
  9.4791372E-03  5.69019628619047653E+04  2.51208429953243439E+02  2.40112770204731959E-06  2.92550293394008322E-03
  9.6187693E-03  5.77312457504785052E+04  2.55642531827520173E+02  2.54575739563206231E-06  3.01231477730155893E-03
  9.7603845E-03  5.85653435856005381E+04  2.60128722105577765E+02  2.69901695106936023E-06  3.10165548222953022E-03
  9.9040109E-03  5.94039776822941712E+04  2.64666481766555250E+02  2.86141762976112320E-06  3.19359800604475689E-03
  1.0049677E-02  6.02468562671086256E+04  2.69255233619958858E+02  3.03350081914725282E-06  3.28821740009117890E-03
  1.0197412E-02  6.10936742794758466E+04  2.73894340380892061E+02  3.21583980069349440E-06  3.38559086963465330E-03
  1.0347245E-02  6.19441131836103159E+04  2.78583102732796533E+02  3.40904162131717232E-06  3.48579783546879539E-03
  1.0499207E-02  6.27978407917544027E+04  2.83320757380121336E+02  3.61374907428827554E-06  3.58891999727680528E-03
  1.0653326E-02  6.36545110997191514E+04  2.88106475093904692E+02  3.83064279599476706E-06  3.69504139879853720E-03
  1.0809634E-02  6.45137641358036708E+04  2.92939358753588351E+02  4.06044348533353298E-06  3.80424849485569644E-03
  1.0968162E-02  6.53752258238904906E+04  2.97818441388018300E+02  4.30391425288186296E-06  3.91663022028454749E-03
  1.1128942E-02  6.62385078618142870E+04  3.02742684219207717E+02  4.56186310742116299E-06  4.03227806083291535E-03
  1.1292005E-02  6.71032076160796278E+04  3.07710974712856284E+02  4.83514558782565550E-06  4.15128612607682315E-03
  1.1457384E-02  6.79689080339246866E+04  3.12722124639216702E+02  5.12466754879520284E-06  4.27375122441217472E-03
  1.1625111E-02  6.88351775737590942E+04  3.17774868148690814E+02  5.43138810940516821E-06  4.39977294018210636E-03
  1.1795221E-02  6.97015701552155224E+04  3.22867859866612093E+02  5.75632277396862852E-06  4.52945371299875825E-03
  1.1967747E-02  7.05676251297848066E+04  3.27999673011776110E+02  6.10054673525899482E-06  4.66289891932406952E-03
  1.2142723E-02  7.14328672731680999E+04  3.33168797543448932E+02  6.46519837072598026E-06  4.80021695636964878E-03
  1.2320184E-02  7.22968068006157409E+04  3.38373638342423988E+02  6.85148294295652945E-06  4.94151932838377342E-03
  1.2500165E-02  7.31589394062689389E+04  3.43612513431415437E+02  7.26067651628759028E-06  5.08692073539485871E-03
  1.2682703E-02  7.40187463276726339E+04  3.48883652240033427E+02  7.69413010217007139E-06  5.23653916447482971E-03
  1.2867833E-02  7.48756944366938405E+04  3.54185193920820439E+02  8.15327404661642697E-06  5.39049598359853978E-03
  1.3055592E-02  7.57292363579561788E+04  3.59515185722416732E+02  8.63962267384052839E-06  5.54891603817215476E-03
  1.3246017E-02  7.65788106159356103E+04  3.64871581426062789E+02  9.15477920101866717E-06  5.71192775030289392E-03
  1.3439148E-02  7.74238418119011330E+04  3.70252239852402795E+02  9.70044093996920122E-06  5.87966322088850999E-03
  1.3635021E-02  7.82637408318807138E+04  3.75654923445708050E+02  1.02784048024673665E-05  6.05225833460910738E-03
  1.3833676E-02  7.90979050867092155E+04  3.81077296942417092E+02  1.08905731268839954E-05  6.22985286789750833E-03
  1.4035152E-02  7.99257187852970237E+04  3.86516926131864636E+02  1.15389598448649718E-05  6.41259059997573676E-03
  1.4239490E-02  8.07465532422876713E+04  3.91971276716967679E+02  1.22256970078578508E-05  6.60061942704397425E-03
  1.4446730E-02  8.15597672211060126E+04  3.97437713282769778E+02  1.29530416944422928E-05  6.79409147970812775E-03
  1.4656913E-02  8.23647073134001694E+04  4.02913498381342436E+02  1.37233833206407036E-05  6.99316324373931274E-03
  1.4870081E-02  8.31607083559616585E+04  4.08395791741480593E+02  1.45392513766732028E-05  7.19799568425637769E-03
  1.5086276E-02  8.39470938860986935E+04  4.13881649612439389E+02  1.54033236149865451E-05  7.40875437343217758E-03
  1.5305542E-02  8.47231766362610651E+04  4.19368024250100234E+02  1.63184347158286982E-05  7.62560962181630525E-03
  1.5527922E-02  8.54882590688557684E+04  4.24851763555400794E+02  1.72875854581674659E-05  7.84873661337952798E-03
  1.5753461E-02  8.62416339521278132E+04  4.30329610874678963E+02  1.83139524253681417E-05  8.07831554438477074E-03
  1.5982202E-02  8.69825849776805699E+04  4.35798204970996835E+02  1.94008982767531014E-05  8.31453176618832460E-03
  1.6214193E-02  8.77103874204138410E+04  4.41254080177094067E+02  2.05519826179748247E-05  8.55757593208445085E-03
  1.6449478E-02  8.84243088414919330E+04  4.46693666739784817E+02  2.17709735050475807E-05  8.80764414830481623E-03
  1.6688104E-02  8.91236098347984371E+04  4.52113291366031035E+02  2.30618596189060475E-05  9.06493812929079663E-03
  1.6930120E-02  8.98075448172452307E+04  4.57509177981244250E+02  2.44288631495017061E-05  9.32966535735334571E-03
  1.7175572E-02  9.04753628633264452E+04  4.62877448710283602E+02  2.58764534307118594E-05  9.60203924684806774E-03
  1.7424511E-02  9.11263085842247674E+04  4.68214125091967674E+02  2.74093613697350099E-05  9.88227931299062549E-03
  1.7676985E-02  9.17596230513350165E+04  4.73515129537618861E+02  2.90325947171805305E-05  1.01706113454370414E-02
  1.7933045E-02  9.23745447643265506E+04  4.78776287044394167E+02  3.07514542267436314E-05  1.04672675867662074E-02
  1.8192742E-02  9.29703106637058663E+04  4.83993327174602200E+02  3.25715507561955296E-05  1.07724869160015675E-02
  1.8456127E-02  9.35461571874092915E+04  4.89161886311307114E+02  3.44988233644210435E-05  1.10865150373078043E-02
  1.8723252E-02  9.41013213710621931E+04  4.94277510201007203E+02  3.65395584624115727E-05  1.14096046740074526E-02
  1.8994171E-02  9.46350419914876256E+04  4.99335656794495264E+02  3.87004100794832614E-05  1.17420157680703987E-02
  1.9268938E-02  9.51465607525540399E+04  5.04331699395829730E+02  4.09884213095450324E-05  1.20840156852177975E-02
  1.9547607E-02  9.56351235126293905E+04  5.09260930130086876E+02  4.34110470060008254E-05  1.24358794258068051E-02
  1.9830234E-02  9.60999815524856531E+04  5.14118563739897922E+02  4.59761777978524313E-05  1.27978898416479213E-02
  2.0116875E-02  9.65403928825280163E+04  5.18899741720713678E+02  4.86921655037728102E-05  1.31703378589209906E-02
  2.0407587E-02  9.69556235879605229E+04  5.23599536804378204E+02  5.15678500253801442E-05  1.35535227073620562E-02
  2.0702428E-02  9.73449492102133081E+04  5.28212957799958986E+02  5.46125878056454104E-05  1.39477521558883343E-02
  2.1001456E-02  9.77076561629766366E+04  5.32734954800849778E+02  5.78362819433552930E-05  1.43533427548425095E-02
  2.1304730E-02  9.80430431807356654E+04  5.37160424766192932E+02  6.12494140598193455E-05  1.47706200850347379E-02
  2.1612312E-02  9.83504227978850831E+04  5.41484217484535407E+02  6.48630780195883541E-05  1.51999190137769892E-02
  2.1924263E-02  9.86291228557441209E+04  5.45701141926539890E+02  6.86890156128503739E-05  1.56415839580892543E-02
  2.2240644E-02  9.88784880351293832E+04  5.49805972993326804E+02  7.27396543134052652E-05  1.60959691552834266E-02
  2.2561518E-02  9.90978814116995491E+04  5.53793458666129823E+02  7.70281472327268870E-05  1.65634389411289072E-02
  2.2886949E-02  9.92866860308825999E+04  5.57658327561887290E+02  8.15684153975967480E-05  1.70443680357969321E-02
  2.3217002E-02  9.94443064994120359E+04  5.61395296898722677E+02  8.63751924861805173E-05  1.75391418378020372E-02
  2.3551742E-02  9.95701705899661029E+04  5.64999080874397123E+02  9.14640721652320595E-05  1.80481567261647664E-02
  2.3891237E-02  9.96637308551814931E+04  5.68464399459139941E+02  9.68515581793722010E-05  1.85718203710050350E-02
  2.4235553E-02  9.97244662473546050E+04  5.71785987603936519E+02  1.02555117352124257E-04  1.91105520528042708E-02
  2.4584759E-02  9.97518837397711904E+04  5.74958604863594473E+02  1.08593235667643747E-04  1.96647829905786109E-02
  2.4938925E-02  9.97455199452686793E+04  5.77977045432354657E+02  1.14985477611849671E-04  2.02349566791863514E-02
  2.5298121E-02  9.97049427277412178E+04  5.80836148589194181E+02  1.21752548962009160E-04  2.08215292360314011E-02
  2.5662418E-02  9.96297528018453741E+04  5.83530809547497824E+02  1.28916363224770896E-04  2.14249697574115314E-02
  2.6031889E-02  9.95195853161498526E+04  5.86055990703046746E+02  1.36500111934208305E-04  2.20457606847733155E-02
  2.6406607E-02  9.93741114146132895E+04  5.88406733271784560E+02  1.44528339033678406E-04  2.26843981811329885E-02
  2.6786647E-02  9.91930397713081911E+04  5.90578169307637495E+02  1.53027019578234322E-04  2.33413925179438743E-02
  2.7172085E-02  9.89761180930450209E+04  5.92565534088590539E+02  1.62023643008035018E-04  2.40172684726948429E-02
  2.7562996E-02  9.87231345843233576E+04  5.94364178856895933E+02  1.71547301257662319E-04  2.47125657375100623E-02
  2.7959460E-02  9.84339193690895627E+04  5.95969583897926555E+02  1.81628781981571730E-04  2.54278393390553470E-02
  2.8361554E-02  9.81083458635542192E+04  5.97377371939420641E+02  1.92300667192101167E-04  2.61636600700593039E-02
  2.8769359E-02  9.77463320941712882E+04  5.98583321850803486E+02  2.03597437623590709E-04  2.69206149327358042E-02
  2.9182955E-02  9.73478419549178361E+04  5.99583382620205384E+02  2.15555583154265686E-04  2.76993075944413324E-02
  2.9602426E-02  9.69128863979554590E+04  6.00373687584170170E+02  2.28213719636717382E-04  2.85003588558904349E-02
  3.0027853E-02  9.64415245515272836E+04  6.00950568882460630E+02  2.41612712508048645E-04  2.93244071322506447E-02
  3.0459323E-02  9.59338647591461195E+04  6.01310572108206998E+02  2.55795807572189635E-04  3.01721089474586042E-02
  3.0896921E-02  9.53900655340336962E+04  6.01450471120739280E+02  2.70808769369536219E-04  3.10441394421064505E-02
  3.1340734E-02  9.48103364228574355E+04  6.01367282986017017E+02  2.86700027573026737E-04  3.19411928952636412E-02
  3.1790849E-02  9.41949387727124995E+04  6.01058283006706233E+02  3.03520831875105578E-04  3.28639832605704466E-02
  3.2247358E-02  9.35441863956371672E+04  6.00521019801387979E+02  3.21325415856796336E-04  3.38132447169985084E-02
  3.2710350E-02  9.28584461249317246E+04  5.99753330389605026E+02  3.40171170358461990E-04  3.47897322346604337E-02
  3.3179917E-02  9.21381382575936877E+04  5.98753355236565426E+02  3.60118826901756469E-04  3.57942221560335894E-02
  3.3656153E-02  9.13837368775989889E+04  5.97519553208782554E+02  3.81232651743951842E-04  3.68275127930150353E-02
  3.4139153E-02  9.05957700548377034E+04  5.96050716389037348E+02  4.03580651179314255E-04  3.78904250402149617E-02
  3.4629013E-02  8.97748199147207924E+04  5.94345984696295091E+02  4.27234788737616638E-04  3.89838030048893155E-02
  3.5125829E-02  8.89215225738628651E+04  5.92404860253596439E+02  4.52271214967277669E-04  4.01085146539462145E-02
  3.5629702E-02  8.80365679375549953E+04  5.90227221444343854E+02  4.78770510530251319E-04  4.12654524784630897E-02
  3.6140731E-02  8.71206993549563631E+04  5.87813336594645307E+02  5.06817943377588188E-04  4.24555341761450739E-02
  3.6659017E-02  8.61747131285125361E+04  5.85163877217033132E+02  5.36503740818853009E-04  4.36797033521881470E-02
  3.7184664E-02  8.51994578743647580E+04  5.82279930748452784E+02  5.67923377345357777E-04  4.49389302390009529E-02
  3.7717777E-02  8.41958337310694187E+04  5.79163012713138301E+02  6.01177879116597058E-04  4.62342124352636136E-02
  3.8258461E-02  8.31647914143423986E+04  5.75815078238801902E+02  6.36374146071573554E-04  4.75665756647914439E-02
  3.8806824E-02  8.21073311160967132E+04  5.72238532852670687E+02  6.73625292681904282E-04  4.89370745557047987E-02
  3.9362975E-02  8.10245012466093031E+04  5.68436242482154739E+02  7.13051008422087816E-04  5.03467934404138798E-02
  3.9927025E-02  7.99173970190545224E+04  5.64411542583207506E+02  7.54777939093980083E-04  5.17968471768944297E-02
  4.0499085E-02  7.87871588763982145E+04  5.60168246318312868E+02  7.98940090207825738E-04  5.32883819918076942E-02
  4.1079270E-02  7.76349707611322665E+04  5.55710651704930456E+02  8.45679253691184059E-04  5.48225763459792986E-02
  4.1667695E-02  7.64620582289293816E+04  5.51043547654490908E+02  8.95145459269971306E-04  5.64006418227761402E-02
  4.2264476E-02  7.52696864079281950E+04  5.46172218821732031E+02  9.47497451942943625E-04  5.80238240399200828E-02
  4.2869734E-02  7.40591578060274915E+04  5.41102449184240413E+02  1.00290319705231964E-03  5.96934035853134842E-02
  4.3483587E-02  7.28318099691311218E+04  5.35840524272535617E+02  1.06154041453942138E-03  6.14106969774408998E-02
  4.4106158E-02  7.15890129939418985E+04  5.30393231972046806E+02  1.12359714406508023E-03  6.31770576509037701E-02
  4.4737572E-02  7.03321668995764921E+04  5.24767861819905647E+02  1.18927234277073162E-03  6.49938769676921407E-02
  4.5377953E-02  6.90626988629187399E+04  5.18972202721569374E+02  1.25877651755770445E-03  6.68625852547954230E-02
  4.6027428E-02  6.77820603232570575E+04  5.13014539015005994E+02  1.33233239386954341E-03  6.87846528687202224E-02
  4.6686128E-02  6.64917239624949580E+04  5.06903644813537255E+02  1.41017562307558316E-03  7.07615912875711323E-02
  4.7354183E-02  6.51931805679072786E+04  5.00648776562388434E+02  1.49255553067393471E-03  7.27949542312944231E-02
  4.8031725E-02  6.38879357850768574E+04  4.94259663748532944E+02  1.57973590765855040E-03  7.48863388107036121E-02
  4.8718891E-02  6.25775067694867757E+04  4.87746497708569336E+02  1.67199584752885798E-03  7.70373867059505890E-02
  4.9415815E-02  6.12634187459494933E+04  4.81119918484959499E+02  1.76963063156177110E-03  7.92497853750548237E-02
  5.0122637E-02  5.99472014858881666E+04  4.74390999686977068E+02  1.87295266511516238E-03  8.15252692931931200E-02
  5.0839498E-02  5.86303857132256599E+04  4.67571231319033245E+02  1.98229246788964898E-03  8.38656212233366144E-02
  5.1566540E-02  5.73144994505426585E+04  4.60672500545567459E+02  2.09799972124193350E-03  8.62726735189625754E-02
  5.2303908E-02  5.60010643179122126E+04  4.53707070368271104E+02  2.22044437581922624E-03  8.87483094595062361E-02
  5.3051747E-02  5.46915917974434415E+04  4.46687556198007826E+02  2.35001782296974816E-03  9.12944646191805043E-02
  5.3810208E-02  5.33875794786513507E+04  4.39626900310311839E+02  2.48713413358082501E-03  9.39131282699068454E-02
  5.4579441E-02  5.20905072963983475E+04  4.32538344179738772E+02  2.63223136820324140E-03  9.66063448190080942E-02
  5.5359598E-02  5.08018337768699348E+04  4.25435398694749381E+02  2.78577296253944978E-03  9.93762152823439715E-02
  5.6150836E-02  4.95229923120297099E+04  4.18331812261089851E+02  2.94824919260419432E-03  1.02224898793617083E-01
  5.6953310E-02  4.82553874734041165E+04  4.11241536808164597E+02  3.12017872411041869E-03  1.05154614150523601E-01
  5.7767182E-02  4.70003913800048103E+04  4.04178691719736207E+02  3.30211025089063642E-03  1.08167641398414602E-01
  5.8592613E-02  4.57593401390089202E+04  3.97157525717569001E+02  3.49462422743612201E-03  1.11266323452216973E-01
  5.9429766E-02  4.45335303732954635E+04  3.90192376734663242E+02  3.69833470092334731E-03  1.14453067757257707E-01
  6.0278809E-02  4.33242158508854918E+04  3.83297629823718978E+02  3.91389124840014514E-03  1.17730347989716155E-01
  6.1139910E-02  4.21326042307002281E+04  3.76487673156490928E+02  4.14198102512403164E-03  1.21100705797358391E-01
  6.2013241E-02  4.09598539384668111E+04  3.69776852181051652E+02  4.38333093038247024E-03  1.24566752581240364E-01
  6.2898975E-02  3.98070711858964933E+04  3.63179422016746742E+02  4.63870989748157991E-03  1.28131171319100901E-01
  6.3797289E-02  3.86753071455368990E+04  3.56709498180980063E+02  4.90893131496525532E-03  1.31796718431031606E-01
  6.4708360E-02  3.75655552929522237E+04  3.50381005757940045E+02  5.19485558652364732E-03  1.35566225688115077E-01
  6.5632371E-02  3.64787489271077138E+04  3.44207627137259408E+02  5.49739283746817405E-03  1.39442602164714019E-01
  6.6569505E-02  3.54157588790159643E+04  3.38202748470173162E+02  5.81750577609215815E-03  1.43428836234944485E-01
  6.7519948E-02  3.43773914178894192E+04  3.32379405011956123E+02  6.15621271870103390E-03  1.47527997614025297E-01
  6.8483890E-02  3.33643863632159337E+04  3.26750225542227724E+02  6.51459078758822186E-03  1.51743239445087219E-01
  6.9461521E-02  3.23774154102743159E+04  3.21327376078063594E+02  6.89377929174989513E-03  1.56077800431966285E-01
  7.0453038E-02  3.14170806757713181E+04  3.16122503118674217E+02  7.29498330067839852E-03  1.60535007018569154E-01
  7.1458636E-02  3.04839134694010791E+04  3.11146676683126771E+02  7.71947742214991895E-03  1.65118275615312948E-01
  7.2478516E-02  2.95783732962700269E+04  3.06410333423587019E+02  8.16860979552898672E-03  1.69831114873169570E-01
  7.3512880E-02  2.87008470943148604E+04  3.01923220114895742E+02  8.64380631275243200E-03  1.74677128005693322E-01
  7.4561935E-02  2.78516487100581871E+04  2.97694337835939109E+02  9.14657507982960180E-03  1.79660015159527814E-01
  7.5625888E-02  2.70310186152801180E+04  2.93731887169469417E+02  9.67851113240688482E-03  1.84783575833760955E-01
  7.6704952E-02  2.62391238664516677E+04  2.90043214754373992E+02  1.02413014196929275E-02  1.90051711348435792E-01
  7.7799342E-02  2.54760583080502074E+04  2.86634761528552815E+02  1.08367300718303326E-02  1.95468427362514824E-01
  7.8909274E-02  2.47418430201129049E+04  2.83512013002552862E+02  1.14666839666304043E-02  2.01037836441552570E-01
  8.0034969E-02  2.40364270096127439E+04  2.80679451904219320E+02  1.21331586124629933E-02  2.06764160675294323E-01
  8.1176652E-02  2.33596881443875282E+04  2.78140513533765670E+02  1.28382643650153828E-02  2.12651734345193300E-01
  8.2334550E-02  2.27114343274755811E+04  2.75897544167723936E+02  1.35842329966034993E-02  2.18705006642012673E-01
  8.3508892E-02  2.20914049087564090E+04  2.73951762848518626E+02  1.43734246377421084E-02  2.24928544433507349E-01
  8.4699912E-02  2.14992723297886296E+04  2.72303226894327054E+02  1.52083351117538144E-02  2.31327035081952487E-01
  8.5907848E-02  2.09346439967114820E+04  2.70950801461066533E+02  1.60916036843292247E-02  2.37905289311455326E-01
  8.7132939E-02  2.03970643750162781E+04  2.69892133483802411E+02  1.70260212511401249E-02  2.44668244124755518E-01
  8.8375429E-02  1.98860172989141283E+04  2.69123630318410846E+02  1.80145389878600161E-02  2.51620965769061955E-01
  8.9635565E-02  1.94009284869792500E+04  2.68640443395348143E+02  1.90602774882613762E-02  2.58768652750509254E-01
  9.0913598E-02  1.89411682547018791E+04  2.68436457185355550E+02  2.01665364174452404E-02  2.66116638896678359E-01
  9.2209782E-02  1.85060544135684977E+04  2.68504283761690090E+02  2.13368047087111670E-02  2.73670396466356214E-01
  9.3524374E-02  1.80948553453382519E+04  2.68835263225133929E+02  2.25747713341058580E-02  2.81435539305741056E-01
  9.4857637E-02  1.77067932392704424E+04  2.69419470236252039E+02  2.38843366802938585E-02  2.89417826050135663E-01
  9.6209835E-02  1.73410474792160894E+04  2.70245726874597381E+02  2.52696245630812041E-02  2.97623163369960975E-01
  9.7581238E-02  1.69967581667123341E+04  2.71301622016803719E+02  2.67349949156931513E-02  3.06057609259729080E-01
  9.8972117E-02  1.66730297655307513E+04  2.72573537395190613E+02  2.82850571877663222E-02  3.14727376368611811E-01
  1.0038275E-01  1.63689348525171918E+04  2.74046680465600389E+02  2.99246844939666246E-02  3.23638835370961164E-01
  1.0181342E-01  1.60835179590323442E+04  2.75705124178043945E+02  3.16590285531900134E-02  3.32798518374765484E-01
  1.0326440E-01  1.58157994868688074E+04  2.77531853706552738E+02  3.34935354614487590E-02  3.42213122366195388E-01
  1.0473600E-01  1.55647796821810844E+04  2.79508820155645822E+02  3.54339623437951584E-02  3.51889512687906192E-01
  1.0622849E-01  1.53294426506929158E+04  2.81617001219790154E+02  3.74863949329917734E-02  3.61834726548448837E-01
  1.0774218E-01  1.51087603972920297E+04  2.83836468730027661E+02  3.96572661251030911E-02  3.72055976560260071E-01
  1.0927737E-01  1.49016968730414355E+04  2.86146462978074055E+02  4.19533755647723341E-02  3.82560654303142567E-01
  1.1083436E-01  1.47072120126241953E+04  2.88525473662682430E+02  4.43819103156464223E-02  3.93356333909833045E-01
  1.1241346E-01  1.45242657453417050E+04  2.90951327257221749E+02  4.69504666742437543E-02  4.04450775670168516E-01
  1.1401499E-01  1.43518219629385439E+04  2.93401280549933631E+02  4.96670731885156744E-02  4.15851929649976193E-01
  1.1563926E-01  1.41888524277646957E+04  2.95852120060418372E+02  5.25402149454418585E-02  4.27567939320445456E-01
  1.1728661E-01  1.40343406050899084E+04  2.98280266987411494E+02  5.55788591952287997E-02  4.39607145193262161E-01
  1.1895735E-01  1.38872854037683574E+04  3.00661887294404266E+02  5.87924823830428059E-02  4.51978088456689076E-01
  1.2065182E-01  1.37467048098795221E+04  3.02973006490927389E+02  6.21910986627297047E-02  4.64689514607370624E-01
  1.2237035E-01  1.36116393984597671E+04  3.05189628618930044E+02  6.57852899706265204E-02  4.77750377071806842E-01
  1.2411329E-01  1.34811557090050464E+04  3.07287858906413078E+02  6.95862377413883765E-02  4.91169840811469416E-01
  1.2588098E-01  1.33543494710113519E+04  3.09244029503762704E+02  7.36057563517207858E-02  5.04957285905054620E-01
  1.2767378E-01  1.32303486664652355E+04  3.11034827673010966E+02  7.78563283820360719E-02  5.19122311100480127E-01
  1.2949204E-01  1.31083164168998828E+04  3.12637425757194364E+02  8.23511417903364101E-02  5.33674737329092097E-01
  1.3133613E-01  1.29874536833557668E+04  3.14029612215639133E+02  8.71041290970843984E-02  5.48624611174190036E-01
  1.3320640E-01  1.28670017683521746E+04  3.15189922972449267E+02  9.21300086844313026E-02  5.63982208284629527E-01
  1.3510324E-01  1.27462446097874126E+04  3.16097772290273554E+02  9.74443283179562830E-02  5.79758036724578818E-01
  1.3702701E-01  1.26245108575387931E+04  3.16733582349269966E+02  1.03063511004019434E-01  5.95962840249490200E-01
  1.3897811E-01  1.25011757243751617E+04  3.17078910683448044E+02  1.09004903300940245E-01  6.12607601497512810E-01
  1.4095692E-01  1.23756626037404112E+04  3.17116574603064009E+02  1.15286826207492671E-01  6.29703545085222527E-01
  1.4296383E-01  1.22474444478808200E+04  3.16830771713436945E+02  1.21928628757636826E-01  6.47262140595720514E-01
  1.4499924E-01  1.21160449007600600E+04  3.16207195627685905E+02  1.28950744456012512E-01  6.65295105446495394E-01
  1.4706356E-01  1.19810391812344897E+04  3.15233145963984327E+02  1.36374750694450680E-01  6.83814407623335785E-01
  1.4915720E-01  1.18420547129666920E+04  3.13897631717790148E+02  1.44223431295655125E-01  7.02832268266233573E-01
  1.5128058E-01  1.16987714986667124E+04  3.12191467106281493E+02  1.52520842336223594E-01  7.22361164092258368E-01
  1.5343411E-01  1.15509222373365628E+04  3.10107358996509561E+02  1.61292381407331320E-01  7.42413829639037237E-01
  1.5561822E-01  1.13982921843691984E+04  3.07639985051173255E+02  1.70564860477638025E-01  7.63003259312355908E-01
  1.5783336E-01  1.12407187555440978E+04  3.04786061756491904E+02  1.80366582529353031E-01  7.84142709219939338E-01
  1.6007995E-01  1.10780908771984341E+04  3.01544401535792133E+02  1.90727422144790049E-01  8.05845698772421626E-01
  1.6235845E-01  1.09103480861485350E+04  2.97915958200496846E+02  2.01678910227233693E-01  8.28126012031917491E-01
  1.6466931E-01  1.07374793842526306E+04  2.93903860046806130E+02  2.13254323046430078E-01  8.50997698787066992E-01
  1.6701299E-01  1.05595218538782992E+04  2.89513429971840765E+02  2.25488775805502029E-01  8.74475075333014717E-01
  1.6938996E-01  1.03765590419190630E+04  2.84752192056728973E+02  2.38419320932551082E-01  8.98572724932615530E-01
  1.7180068E-01  1.01887191214234663E+04  2.79629864145962415E+02  2.52085051306549124E-01  9.23305497935073771E-01
  1.7424565E-01  9.99617284130453299E+03  2.74158336041621396E+02  2.66527208633387358E-01  9.48688511526622147E-01
  1.7672533E-01  9.79913127597912899E+03  2.68351633027282730E+02  2.81789297193977717E-01  9.74737149086241539E-01
  1.7924023E-01  9.59784338813167778E+03  2.62225864539190070E+02  2.97917203192120339E-01  1.00146705911868006E+00
  1.8179085E-01  9.39259341905136171E+03  2.55799157911113042E+02  3.14959319935340931E-01  1.02889415373569415E+00
  1.8437770E-01  9.18369812214110243E+03  2.49091577234315366E+02  3.32966679087008610E-01  1.05703460665487370E+00
  1.8700128E-01  8.97150385620497946E+03  2.42125027495557390E+02  3.51993088232671170E-01  1.08590485068406561E+00
  1.8966213E-01  8.75638355596938527E+03  2.34923144284850736E+02  3.72095275007578219E-01  1.11552157465849100E+00
  1.9236076E-01  8.53873359796588556E+03  2.27511169502020380E+02  3.93333038035751259E-01  1.14590171979592537E+00
  1.9509772E-01  8.31897058040785669E+03  2.19915813638453415E+02  4.15769404933491460E-01  1.17706247543377307E+00
  1.9787355E-01  8.09752803606117959E+03  2.12165105368826062E+02  4.39470797631820620E-01  1.20902127411063498E+00
  2.0068881E-01  7.87485309738139404E+03  2.04288229357488234E+02  4.64507205272849055E-01  1.24179578595429896E+00
  2.0354404E-01  7.65140313333027370E+03  1.96315353364333191E+02  4.90952364934309382E-01  1.27540391233494321E+00
  2.0643983E-01  7.42764237877336927E+03  1.88277445921570063E+02  5.18883950434195995E-01  1.30986377874258220E+00
  2.0937675E-01  7.20403857407140276E+03  1.80206086039291876E+02  5.48383769463597015E-01  1.34519372684612182E+00
  2.1235537E-01  6.98105963625102959E+03  1.72133266573451436E+02  5.79537969289907751E-01  1.38141230568917961E+00
  2.1537630E-01  6.75917038756717557E+03  1.64091193041715599E+02  6.12437251264617344E-01  1.41853826197727262E+00
  2.1844014E-01  6.53882935949418425E+03  1.56112079784089588E+02  6.47177094359367433E-01  1.45659052940936040E+00
  2.2154748E-01  6.32048569485969529E+03  1.48227945417218820E+02  6.83857987940696854E-01  1.49558821700672895E+00
  2.2469896E-01  6.10457617479495457E+03  1.40470409505632176E+02  7.22585673977486742E-01  1.53555059638809288E+00
  2.2789520E-01  5.89152239441414349E+03  1.32870492250366254E+02  7.63471398855078864E-01  1.57649708794215981E+00
  2.3113683E-01  5.68172811280636324E+03  1.25458418762318203E+02  8.06632174946243619E-01  1.61844724584658772E+00
  2.3442449E-01  5.47557680285380411E+03  1.18263429141771880E+02  8.52191052060655596E-01  1.66142074187989142E+00
  2.3775885E-01  5.27342942621374823E+03  1.11313595145260791E+02  9.00277398861301870E-01  1.70543734797494606E+00
  2.4114057E-01  5.07562245661746420E+03  1.04635643740172981E+02  9.51027194297313416E-01  1.75051691746035987E+00
  2.4457031E-01  4.88246617129622064E+03  9.82547874207355534E+01  1.00458332905770154E+00  1.79667936493567915E+00
  2.4804877E-01  4.69424322546940130E+03  9.21945609140079796E+01  1.06109591699850858E+00  1.84394464472708797E+00
  2.5157662E-01  4.51120751671125072E+03  8.64766639686709055E+01  1.12072261643647186E+00  1.89233272787036655E+00
  2.5515458E-01  4.33358333663935446E+03  8.11208103643889160E+01  1.18362896113421678E+00  1.94186357756678785E+00
  2.5878335E-01  4.16156479789757850E+03  7.61445840664188296E+01  1.24998870072478474E+00  1.99255712305950339E+00
  2.6246366E-01  3.99531551671094803E+03  7.15633044086237504E+01  1.31998415023560245E+00  2.04443323187946424E+00
  2.6619624E-01  3.83496852717383445E+03  6.73899030557416125E+01  1.39380654827301953E+00  2.09751168040969871E+00
  2.6998183E-01  3.68062640363172250E+03  6.36348160116229522E+01  1.47165642331690005E+00  2.15181212271906075E+00
  2.7382119E-01  3.53236157142498951E+03  6.03058939479889276E+01  1.55374396744932342E+00  2.20735405761988757E+00
  2.7771507E-01  3.39021679219456109E+03  5.74083336364186749E+01  1.64028941670083084E+00  2.26415679390502733E+00
  2.8166425E-01  3.25420581585653235E+03  5.49446324306343143E+01  1.73152343704028189E+00  2.32223941372340548E+00
  2.8566952E-01  3.12431419558976995E+03  5.29145667933216544E+01  1.82768751485869374E+00  2.38162073405805552E+00
  2.8973168E-01  3.00050026395447640E+03  5.13151949970906429E+01  1.92903435060178130E+00  2.44231926627380913E+00
  2.9385152E-01  2.88269626764725763E+03  5.01408834761058486E+01  2.03582825398824196E+00  2.50435317370621346E+00
  2.9802988E-01  2.77080965606112386E+03  4.93833558934791199E+01  2.14834553900912617E+00  2.56774022727252360E+00
  3.0226758E-01  2.66472451561192884E+03  4.90317637818986327E+01  2.26687491663618834E+00  2.63249775908827477E+00
  3.0656546E-01  2.56430313848115111E+03  4.90727775433110907E+01  2.39171788287065157E+00  2.69864261408219930E+00
  3.1092439E-01  2.46938771152119716E+03  4.94906965905221625E+01  2.52318909943701231E+00  2.76619109961204979E+00
  3.1534522E-01  2.37980210882386109E+03  5.02675774281813972E+01  2.66161676406577596E+00  2.83515893309104650E+00
  3.1982883E-01  2.29535376991498288E+03  5.13833784710505554E+01  2.80734296691214125E+00  2.90556118764758109E+00
  3.2437612E-01  2.21583564463095763E+03  5.28161203681973532E+01  2.96072402922137723E+00  2.97741223584979942E+00
  3.2898800E-01  2.14102818533556547E+03  5.45420605386450248E+01  3.12213081987279306E+00  3.05072569154357653E+00
  3.3366537E-01  2.07070136711762643E+03  5.65358805299546106E+01  3.29194904491006479E+00  3.12551434986375032E+00
  3.3840918E-01  2.00461671687226021E+03  5.87708846937409248E+01  3.47057950459176912E+00  3.20179012549452580E+00
  3.4322035E-01  1.94252933264015746E+03  6.12192085415167924E+01  3.65843831186983337E+00  3.27956398927423365E+00
  3.4809986E-01  1.88418987521888266E+03  6.38520350118824922E+01  3.85595706552085504E+00  3.35884590325650967E+00
  3.5304866E-01  1.82934651485277868E+03  6.66398167576026736E+01  4.06358297041227967E+00  3.43964475436175077E+00
  3.5806775E-01  1.77774681674703288E+03  6.95525024589434508E+01  4.28177889657857325E+00  3.52196828677316942E+00
  3.6315812E-01  1.72913955024064558E+03  7.25597650961213105E+01  4.51102336790749892E+00  3.60582303325828990E+00
  3.6832079E-01  1.68327640770908192E+03  7.56312300744493484E+01  4.75181047029040382E+00  3.69121424562148981E+00
  3.7355677E-01  1.63991362064533473E+03  7.87367010935440987E+01  5.00464966806813649E+00  3.77814582451908221E+00
  3.7886712E-01  1.59881346187542022E+03  8.18463816869903269E+01  5.27006551650335453E+00  3.86662024890129441E+00
  3.8425289E-01  1.55974562447848007E+03  8.49310904290879307E+01  5.54859725682674210E+00  3.95663850537654627E+00
  3.8971515E-01  1.52248846967720715E+03  8.79624679070224715E+01  5.84079827913621052E+00  4.04820001782451033E+00
  3.9525499E-01  1.48683013771326432E+03  9.09131736858005439E+01  6.14723543707168041E+00  4.14130257762399356E+00
  4.0087350E-01  1.45256951749030713E+03  9.37570716443493950E+01  6.46848819674323572E+00  4.23594227489816788E+00
  4.0657181E-01  1.41951707252408414E+03  9.64694022292638493E+01  6.80514760085416093E+00  4.33211343121828296E+00
  4.1235105E-01  1.38749552245625136E+03  9.90269403533423542E+01  7.15781502733518238E+00  4.42980853425064147E+00
  4.1821236E-01  1.35634038103600892E+03  1.01408137854459383E+02  7.52710072009213160E+00  4.52901817487424196E+00
  4.2415692E-01  1.32590035302955698E+03  1.03593249622786033E+02  7.91362206767028287E+00  4.62973098734367650E+00
  4.3018591E-01  1.29603759395939460E+03  1.05564442697224948E+02  8.31800160376007369E+00  4.73193359311517803E+00
  4.3630052E-01  1.26662783788859906E+03  1.07305887822207183E+02  8.74086470151768324E+00  4.83561054900652021E+00
  4.4250197E-01  1.23756039963383864E+03  1.08803833140953174E+02  9.18283693166298498E+00  4.94074430040914514E+00
  4.4879150E-01  1.20873805880738882E+03  1.10046659878769702E+02  9.64454105225749458E+00  5.04731514031902950E+00
  4.5517035E-01  1.18007683394625133E+03  1.11024920038115738E+02  1.01265935959781945E+01  5.15530117500752638E+00
  4.6163979E-01  1.15150565568266620E+03  1.11731356284510682E+02  1.06296010186098382E+01  5.26467829720127689E+00
  4.6820112E-01  1.12296594844480796E+03  1.12160904347782889E+02  1.11541553704098053E+01  5.37542016769087994E+00
  4.7485563E-01  1.09441113055359165E+03  1.12310678396019497E+02  1.17008294499891612E+01  5.48749820633725793E+00
  4.8160465E-01  1.06580604280625812E+03  1.12179939959412081E+02  1.22701713984478964E+01  5.60088159349263304E+00
  4.8844953E-01  1.03712631571638485E+03  1.11770051087934647E+02  1.28626986897504043E+01  5.71553728289398588E+00
  4.9539161E-01  1.00835768552588456E+03  1.11084412520861733E+02  1.34788914717947961E+01  5.83143002713010095E+00
  5.0243229E-01  9.79495268925435084E+02  1.10128387727889844E+02  1.41191852113901355E+01  5.94852241681863170E+00
  5.0957296E-01  9.50542806130513441E+02  1.08909213752066989E+02  1.47839625954977265E+01  6.06677493465831219E+00
  5.1681504E-01  9.21511881571936442E+02  1.07435899844771455E+02  1.54735446407214798E+01  6.18614602554193205E+00
  5.2415998E-01  8.92421130989400012E+02  1.05719114933990198E+02  1.61881809632665075E+01  6.30659218393235310E+00
  5.3160923E-01  8.63295443175325886E+02  1.03771065010328314E+02  1.69280391625726629E+01  6.42806805970614725E+00
  5.3916428E-01  8.34165164019823351E+02  1.01605361552045451E+02  1.76931932737263047E+01  6.55052658365423923E+00
  5.4682663E-01  8.05065309871749150E+02  9.92368821424021093E+01  1.84836112467571567E+01  6.67391911380841840E+00
  5.5459780E-01  7.76034796567615786E+02  9.66816244609074147E+01  1.92991414152486769E+01  6.79819560372425435E+00
  5.6247934E-01  7.47115689804228850E+02  9.39565548558856563E+01  2.01394979225841801E+01  6.92330479378026453E+00
  5.7047281E-01  7.18352481857527209E+02  9.10794527298191667E+01  2.10042450818934405E+01  7.04919442647787964E+00
  5.7857981E-01  6.89791398990966513E+02  8.80687519914562813E+01  2.18927806556856517E+01  7.17581148662030799E+00
  5.8680195E-01  6.61479743264379977E+02  8.49433808492625104E+01  2.28043180536061421E+01  7.30310246709982280E+00
  5.9514086E-01  6.33465271863226917E+02  8.17226012382186724E+01  2.37378674621484755E+01  7.43101366087076087E+00
  6.0359820E-01  6.05795616525572086E+02  7.84258491840180341E+01  2.46922159389422298E+01  7.55949147947249767E+00
  6.1217565E-01  5.78517745161349239E+02  7.50725774121278562E+01  2.56659065269169986E+01  7.68848279822917124E+00
  6.2087493E-01  5.51677467340614044E+02  7.16821014998388222E+01  2.66572164707756123E+01  7.81793532796789137E+00
  6.2969775E-01  5.25318984948778507E+02  6.82734508423515791E+01  2.76641346503877514E+01  7.94779801276704667E+00
  6.3864587E-01  4.99484489087219060E+02  6.48652256544611703E+01  2.86843383836067609E+01  8.07802145287049456E+00
  6.4772108E-01  4.74213803836302759E+02  6.14754611529471902E+01  2.97151697953066076E+01  8.20855835145757240E+00
  6.5692518E-01  4.49544077977918391E+02  5.81214999605277711E+01  3.07536120008873297E+01  8.33936398347660379E+00
  6.6626000E-01  4.25509524003598131E+02  5.48198736416818448E+01  3.17962654118769983E+01  8.47039668418929104E+00
  6.7572739E-01  4.02141204961076937E+02  5.15861941308308971E+01  3.28393245393661815E+01  8.60161835444633738E+00
  6.8532924E-01  3.79466869225695859E+02  4.84350556627070148E+01  3.38785557486357405E+01  8.73299497903440525E+00
  6.9506745E-01  3.57510831315704081E+02  4.53799476826972779E+01  3.49092765062558144E+01  8.86449715366225632E+00
  7.0494398E-01  3.36293897599219008E+02  4.24331791328184096E+01  3.59263367598288497E+01  8.99610061531732086E+00
  7.1496077E-01  3.15833334101940522E+02  3.96058145091080718E+01  3.69241032010162797E+01  9.12778676981581683E+00
  7.2511982E-01  2.96142872665797029E+02  3.69076221883279132E+01  3.78964472849179614E+01  9.25954320937396957E+00
  7.3542315E-01  2.77232750539059225E+02  3.43470357324149944E+01  3.88367380133993549E+01  9.39136421196783644E+00
  7.4587281E-01  2.59109777453900222E+02  3.19311291633587473E+01  3.97378406363354841E+01  9.52325121310707701E+00
  7.5647089E-01  2.41777423621829456E+02  2.96656074765150279E+01  4.05921225821971916E+01  9.65521323944959597E+00
  7.6721947E-01  2.25235922146496733E+02  2.75548137953171661E+01  4.13914680964819368E+01  9.78726729241186355E+00
  7.7812072E-01  2.09482380371710235E+02  2.56017543973514279E+01  4.21273032408025898E+01  9.91943866861019785E+00
  7.8917678E-01  1.94510896758149329E+02  2.38081422030439640E+01  4.27906330834113149E+01  1.00517612026131165E+01
  8.0038987E-01  1.80312682872316230E+02  2.21744581288179745E+01  4.33720930884086115E+01  1.01842774160952843E+01
  8.1176220E-01  1.66876193517828113E+02  2.07000280277623752E+01  4.38620168787367035E+01  1.03170385560994102E+01
  8.2329605E-01  1.54187271177957825E+02  1.93831110338002794E+01  4.42505226976138957E+01  1.04501045037376823E+01
  8.3499371E-01  1.42229312818435062E+02  1.82209934500357171E+01  4.45276210114508117E+01  1.05835435333447556E+01
  8.4685749E-01  1.30983466827026263E+02  1.72100814490267666E+01  4.46833457675814785E+01  1.07174319008538497E+01
  8.5888978E-01  1.20428864958579254E+02  1.63459862788343564E+01  4.47079118203623196E+01  1.08518532390490705E+01
  8.7109294E-01  1.10542888891518260E+02  1.56235975786219115E+01  4.45919009410372453E+01  1.09868977363991664E+01
  8.8346942E-01  1.01301464572239851E+02  1.50371434897065814E+01  4.43264785940886128E+01  1.11226610754588577E+01
  8.9602167E-01  9.26793717592406665E+01  1.45802396971523258E+01  4.39036432496901128E+01  1.12592431063760579E+01
  9.0875219E-01  8.46505528859005949E+01  1.42459323133339417E+01  4.33165093504250933E+01  1.13967462309697734E+01
  9.2166352E-01  7.71884055453164706E+01  1.40267407724186519E+01  4.25596240878519012E+01  1.15352734731881625E+01
  9.3475821E-01  7.02660463270227353E+01  1.39147063642797235E+01  4.16293167797655954E+01  1.16749262126131192E+01
  9.4803888E-01  6.38565390891663753E+01  1.39014500821842475E+01  4.05240777586770875E+01  1.18158015591674950E+01
  9.6150816E-01  5.79330862895218814E+01  1.39782409060550368E+01  3.92449611452344698E+01  1.19579893493559624E+01
  9.7516874E-01  5.24691863008796204E+01  1.41360733358431805E+01  3.77960025125813175E+01  1.21015687473797247E+01
  9.8902333E-01  4.74387620335639610E+01  1.43657514687540413E+01  3.61846380335774143E+01  1.22466044383952841E+01
  1.0030747E+00  4.28162667732315256E+01  1.46579763106449619E+01  3.44221059770067086E+01  1.23931424061733875E+01
  1.0173256E+00  3.85767724713019078E+01  1.50034331457283816E+01  3.25238040552146543E+01  1.25412052935536629E+01
  1.0317789E+00  3.46960444605104641E+01  1.53928763519936389E+01  3.05095667239796455E+01  1.26907873515155210E+01
  1.0464375E+00  3.11506052344452904E+01  1.58172097579653297E+01  2.84038146060339614E+01  1.28418489914940626E+01
  1.0613042E+00  2.79177888303170576E+01  1.62675612991965579E+01  2.62355131539215733E+01  1.29943109658746483E+01
  1.0763822E+00  2.49757865953947302E+01  1.67353512586113240E+01  2.40378587553788066E+01  1.31480482134719736E+01
  1.0916742E+00  2.23036846813768861E+01  1.72123537431233800E+01  2.18475868252367320E+01  1.33028834202865731E+01
  1.1071834E+00  1.98814934231246170E+01  1.76907512790393042E+01  1.97037669391593226E+01  1.34585803610220154E+01
  1.1229129E+00  1.76901687336686138E+01  1.81631825349176523E+01  1.76459134305628709E+01  1.36148371036324765E+01
  1.1388658E+00  1.57116257140711770E+01  1.86227832384543284E+01  1.57111944958447793E+01  1.37712791775583856E+01
  1.1550453E+00  1.39287447821227204E+01  1.90632203737873311E+01  1.39304667984571893E+01  1.39274528261983299E+01
  1.1714545E+00  1.23253707342399004E+01  1.94787197498240801E+01  1.23227934845720029E+01  1.40828184852063636E+01
  1.1880968E+00  1.08863052514765783E+01  1.98640870342831803E+01  1.08880185851453462E+01  1.42367446502996753E+01
  1.2049754E+00  9.59729343432967674E+00  2.02147223608272668E+01  9.59729343432967674E+00  1.43885023208422744E+01
  1.2220938E+00  8.44500499976341601E+00  2.05266286419646171E+01  8.44500499976341601E+00  1.45372602281027135E+01
  1.2394553E+00  7.41701079896998738E+00  2.07964137585030642E+01  7.41701079896998738E+00  1.46820810790622929E+01
  1.2570633E+00  6.50175531907590987E+00  2.10212868449835995E+01  6.50175531907590987E+00  1.48219190671506169E+01
  1.2749214E+00  5.68852582025877851E+00  2.11990489462076326E+01  5.68852582025877851E+00  1.49556189194208642E+01
  1.2930332E+00  4.96741873537630063E+00  2.13280783782951033E+01  4.96741873537630063E+00  1.50819167640680405E+01
  1.3114021E+00  4.32930392576691503E+00  2.14073111849302542E+01  4.32930392576691503E+00  1.51994431118159952E+01
  1.3300320E+00  3.76578734719572417E+00  2.14362171317391805E+01  3.76578734719572417E+00  1.53067282477527922E+01
  1.3489264E+00  3.26917263633035748E+00  2.14147717265148430E+01  3.26917263633035748E+00  1.54022103251989151E+01
  1.3680892E+00  2.83242208240380622E+00  2.13434247882127579E+01  2.83242208240380622E+00  1.54842464382790759E+01
  1.3875242E+00  2.44911740218846274E+00  2.12230661121291675E+01  2.44911740218846274E+00  1.55511269230897646E+01
  1.4072351E+00  2.11342069007279987E+00  2.10549887921403922E+01  2.11342069007279987E+00  1.56010930969721535E+01
  1.4272260E+00  1.82003586960655328E+00  2.08408507632126181E+01  1.82003586960655328E+00  1.56323585892065022E+01
  1.4475008E+00  1.56417092893570087E+00  2.05826351195479980E+01  1.56417092893570087E+00  1.56431343431455261E+01
  1.4680636E+00  1.34150118047501277E+00  2.02826097463403698E+01  1.34150118047501277E+00  1.56316572776741118E+01
  1.4889184E+00  1.14813374528525358E+00  1.99432867774930074E+01  1.14813374528525358E+00  1.55962224841437767E+01
  1.5100694E+00  9.80573425177221347E-01  1.95673823591384881E+01  9.80573425177221347E-01  1.55352187035230003E+01
  1.5315208E+00  8.35690090727846946E-01  1.91577771605019933E+01  8.35690090727846946E-01  1.54471666778415795E+01
  1.5532768E+00  7.10687681304529084E-01  1.87174780312135169E+01  7.10687681304529084E-01  1.53307598025300251E+01
  1.5753418E+00  6.03074883935942774E-01  1.82495811586102263E+01  6.03074883935942774E-01  1.51849063251257643E+01
  1.5977202E+00  5.10637531474379180E-01  1.77572370312581143E+01  5.10637531474379180E-01  1.50087721467403128E+01
  1.6204164E+00  4.31412736978950662E-01  1.72436174651065635E+01  4.31412736978950662E-01  1.48018230930876094E+01
  1.6434350E+00  3.63664760571859813E-01  1.67118849257041937E+01  3.63664760571859813E-01  1.45638653418538286E+01
  1.6667804E+00  3.05862587091680349E-01  1.61651642192711726E+01  3.05862587091680349E-01  1.42950825355727105E+01
  1.6904574E+00  2.56659177608555555E-01  1.56065168282017339E+01  2.56659177608555555E-01  1.39960679888578898E+01
  1.7144707E+00  2.14872345129362485E-01  1.50389178723819068E+01  2.14872345129362485E-01  1.36678503341177251E+01
  1.7388251E+00  1.79467194440334987E-01  1.44652356649457534E+01  1.79467194440334987E-01  1.33119109598167835E+01
  1.7635253E+00  1.49540057874318066E-01  1.38882140141120303E+01  1.49540057874318066E-01  1.29301920077683974E+01
  1.7885763E+00  1.24303852613980373E-01  1.33104571449037756E+01  1.24303852613980373E-01  1.25250913693489565E+01
  1.8139831E+00  1.03074780791718862E-01  1.27344172069623180E+01  1.03074780791718862E-01  1.20994639745495487E+01
  1.8397507E+00  8.52602909332811493E-02  1.21623842808022555E+01  8.52602909332811493E-02  1.16564435251154759E+01
  1.8658843E+00  7.03482179669465274E-02  1.15964787803755041E+01  7.03482179669465274E-02  1.11992392160760019E+01
  1.8923891E+00  5.78970189563077567E-02  1.10386461274932444E+01  5.78970189563077567E-02  1.07312373605738323E+01
  1.9192702E+00  4.75270226905642329E-02  1.04906535553008187E+01  4.75270226905642329E-02  1.02560945167580826E+01
  1.9465332E+00  3.89126131042007925E-02  9.95408889736269842E+00  3.89126131042007925E-02  9.77768412725442815E+00
  1.9741833E+00  3.17752690677490859E-02  9.43036120530453914E+00  3.17752690677490859E-02  9.30004955862522564E+00
  2.0022261E+00  2.58773862114478718E-02  8.92070302881712607E+00  2.58773862114478718E-02  8.82740293640059548E+00
  2.0306672E+00  2.10168099947910317E-02  8.42617419233009990E+00  2.10168099947910317E-02  8.36308303682365306E+00
  2.0595123E+00  1.70220130985257456E-02  7.94766689968201501E+00  1.70220130985257456E-02  7.90855793336017587E+00
  2.0887670E+00  1.37478542791115953E-02  7.48591199839806354E+00  1.37478542791115953E-02  7.46450583690791092E+00
  2.1184371E+00  1.10718600014334829E-02  7.04148623691301268E+00  1.10718600014334829E-02  7.03184463594786280E+00
  2.1485287E+00  8.89097437416738745E-03  6.61482035123864165E+00  8.89097437416738745E-03  6.61176532040637976E+00
  2.1790476E+00  7.11872708835352506E-03  6.20620782207249810E+00  7.11872708835352506E-03  6.20579133826960216E+00
  2.2100000E+00  5.68277314961294217E-03  5.81581414908075267E+00  5.68277314961294217E-03  5.81587282504585268E+00
  2.2413920E+00  4.52276215503997093E-03  5.44368649606380739E+00  4.52276215503997093E-03  5.44369479833795911E+00
  2.2732298E+00  3.58849866367655108E-03  5.08976356882788927E+00  3.58849866367655108E-03  5.08976356882788927E+00
  2.3055197E+00  2.83835881980406667E-03  4.75388559687401990E+00  2.83835881980406667E-03  4.75388559687401990E+00
  2.3382683E+00  2.23793179361849153E-03  4.43580430035266104E+00  2.23793179361849153E-03  4.43580430035266104E+00
  2.3714819E+00  1.75885779318262002E-03  4.13519273502251661E+00  1.75885779318262002E-03  4.13519273502251661E+00
  2.4051673E+00  1.37783736926144892E-03  3.85165492004453291E+00  1.37783736926144892E-03  3.85165492004453291E+00
  2.4393311E+00  1.07578947960022537E-03  3.58473516605633691E+00  1.07578947960022537E-03  3.58473516605633691E+00
  2.4739800E+00  8.37138303939002296E-04  3.33392703385858713E+00  8.37138303939002296E-04  3.33392703385858713E+00
  2.5091211E+00  6.49211110986976569E-04  3.09868186681777225E+00  6.49211110986976569E-04  3.09868186681777225E+00
  2.5447612E+00  5.01731581385883932E-04  2.87841685237055955E+00  5.01731581385883932E-04  2.87841685237055955E+00
  2.5809076E+00  3.86394895729638276E-04  2.67252257962683348E+00  3.86394895729638276E-04  2.67252257962683348E+00
  2.6175672E+00  2.96512614536656232E-04  2.48037007001514365E+00  2.96512614536656232E-04  2.48037007001514365E+00
  2.6547476E+00  2.26716919045462172E-04  2.30131726761557287E+00  2.26716919045462172E-04  2.30131726761557287E+00
  2.6924559E+00  1.72715159645260948E-04  2.13471498281884431E+00  1.72715159645260948E-04  2.13471498281884431E+00
  2.7306998E+00  1.31086884693776609E-04  1.97991228868215674E+00  1.31086884693776609E-04  1.97991228868215674E+00
  2.7694869E+00  9.91166084003532541E-05  1.83626137981277804E+00  9.91166084003532541E-05  1.83626137981277804E+00
  2.8088248E+00  7.46565341874928491E-05  1.70312188564370359E+00  7.46565341874928491E-05  1.70312188564370359E+00
  2.8487214E+00  5.60142909737143505E-05  1.57986468074574904E+00  5.60142909737143505E-05  1.57986468074574904E+00
  2.8891847E+00  4.18614751740089977E-05  1.46587518835929997E+00  4.18614751740089977E-05  1.46587518835929997E+00
  2.9302226E+00  3.11594314161417880E-05  1.36055618427515124E+00  3.11594314161417880E-05  1.36055618427515124E+00
  2.9718433E+00  2.30992599392429211E-05  1.26333015055988196E+00  2.30992599392429211E-05  1.26333015055988196E+00
  3.0140551E+00  1.70535176651087576E-05  1.17364118585736721E+00  1.70535176651087576E-05  1.17364118585736721E+00
  3.0568665E+00  1.25374915931176081E-05  1.09095650416226353E+00  1.25374915931176081E-05  1.09095650416226353E+00
  3.1002858E+00  9.17827539705468135E-06  1.01476755167515975E+00  9.17827539705468135E-06  1.01476755167515975E+00
  3.1443219E+00  6.69018032189160466E-06  9.44590773513932169E-01  6.69018032189160466E-06  9.44590773513932169E-01
  3.1889833E+00  4.85526579112801804E-06  8.79968063537137191E-01  4.85526579112801804E-06  8.79968063537137191E-01
  3.2342790E+00  3.50799011096796091E-06  8.20466931149669843E-01  3.50799011096796091E-06  8.20466931149669843E-01
  3.2802180E+00  2.52316224366442131E-06  7.65680418961548148E-01  2.52316224366442131E-06  7.65680418961548148E-01
  3.3268095E+00  1.80652653288487296E-06  7.15226804430365792E-01  1.80652653288487296E-06  7.15226804430365792E-01
  3.3740626E+00  1.28743802500948902E-06  6.68749117295451390E-01  1.28743802500948902E-06  6.68749117295451390E-01
  3.4219869E+00  9.13190109655563385E-07  6.25914502808829987E-01  9.13190109655563385E-07  6.25914502808829987E-01
  3.4705917E+00  6.44641974819216009E-07  5.86413458625349771E-01  6.44641974819216009E-07  5.86413458625349771E-01
  3.5198869E+00  4.52863890154885979E-07  5.49958970855366491E-01  4.52863890154885979E-07  5.49958970855366491E-01
  3.5698822E+00  3.16575529450490689E-07  5.16285572333174070E-01  3.16575529450490689E-07  5.16285572333174070E-01
  3.6205875E+00  2.20199282439485919E-07  4.85148343702739959E-01  2.20199282439485919E-07  4.85148343702739959E-01
  3.6720130E+00  1.52388188051774566E-07  4.56321875545048661E-01  1.52388188051774566E-07  4.56321875545048661E-01
  3.7241688E+00  1.04918254886055922E-07  4.29599207520057647E-01  1.04918254886055922E-07  4.29599207520057647E-01
  3.7770654E+00  7.18591720067195888E-08  4.04790758400857320E-01  7.18591720067195888E-08  4.04790758400857320E-01
  3.8307132E+00  4.89566111180415301E-08  3.81723258958432232E-01  4.89566111180415301E-08  3.81723258958432232E-01
  3.8851229E+00  3.31745159842021826E-08  3.60238697911132499E-01  3.31745159842021826E-08  3.60238697911132499E-01
  3.9403053E+00  2.23577240652633679E-08  3.40193289584908798E-01  2.23577240652633679E-08  3.40193289584908798E-01
  3.9962715E+00  1.49846113354426891E-08  3.21456470521989168E-01  1.49846113354426891E-08  3.21456470521989168E-01
  4.0530325E+00  9.98672076239215804E-09  3.03909931013113532E-01  9.98672076239215804E-09  3.03909931013113532E-01
  4.1105997E+00  6.61795761674219084E-09  2.87446686391011619E-01  6.61795761674219084E-09  2.87446686391011619E-01
  4.1689844E+00  4.36025903482324219E-09  2.71970191886769297E-01  4.36025903482324219E-09  2.71970191886769297E-01
  4.2281983E+00  2.85595177873485901E-09  2.57393503894359388E-01  2.85595177873485901E-09  2.57393503894359388E-01
  4.2882532E+00  1.85952573445757798E-09  2.43638489584008244E-01  1.85952573445757798E-09  2.43638489584008244E-01
  4.3491610E+00  1.20345030180763563E-09  2.30635085934315254E-01  1.20345030180763563E-09  2.30635085934315254E-01
  4.4109339E+00  7.74087603597897991E-10  2.18320608394901750E-01  7.74087603597897991E-10  2.18320608394901750E-01
  4.4735840E+00  4.94821641211884654E-10  2.06639108538119953E-01  4.94821641211884654E-10  2.06639108538119953E-01
  4.5371239E+00  3.14314179357127927E-10  1.95540779211133081E-01  3.14314179357127927E-10  1.95540779211133081E-01
  4.6015663E+00  1.98379732820482121E-10  1.84981404873667932E-01  1.98379732820482121E-10  1.84981404873667932E-01
  4.6669238E+00  1.24395834704847751E-10  1.74921854037001639E-01  1.24395834704847751E-10  1.74921854037001639E-01
  4.7332096E+00  7.74899704149450513E-11  1.65327610049793655E-01  7.74899704149450513E-11  1.65327610049793655E-01
  4.8004368E+00  4.79486895710853519E-11  1.56168335971360484E-01  4.79486895710853519E-11  1.56168335971360484E-01
  4.8686187E+00  2.94683854233961780E-11  1.47417468990774986E-01  2.94683854233961780E-11  1.47417468990774986E-01
  4.9377690E+00  1.79862596685782390E-11  1.39051839851283721E-01  1.79862596685782390E-11  1.39051839851283721E-01
  5.0079014E+00  1.09015013459099876E-11  1.31051313047856111E-01  1.09015013459099876E-11  1.31051313047856111E-01
  5.0790299E+00  6.56066993029105121E-12  1.23398444200998186E-01  6.56066993029105121E-12  1.23398444200998186E-01
  5.1511685E+00  3.91995843650195903E-12  1.16078151922210257E-01  3.91995843650195903E-12  1.16078151922210257E-01
  5.2243316E+00  2.32509453545267541E-12  1.09077402557857972E-01  2.32509453545267541E-12  1.09077402557857972E-01
  5.2985338E+00  1.36892500110372576E-12  1.02384907608176506E-01  1.36892500110372576E-12  1.02384907608176506E-01
  5.3737899E+00  7.99930259655876340E-13  9.59908340782429925E-02  7.99930259655876340E-13  9.59908340782429925E-02
  5.4501147E+00  4.63885840543290244E-13  8.98865297714148137E-02  4.63885840543290244E-13  8.98865297714148137E-02
  5.5275236E+00  2.66937302560218839E-13  8.40642665087448920E-02  2.66937302560218839E-13  8.40642665087448920E-02
  5.6060318E+00  1.52404841908632172E-13  7.85170032836316201E-02  1.52404841908632172E-13  7.85170032836316201E-02
  5.6856550E+00  8.63239554900367272E-14  7.32381722041539202E-02  8.63239554900367272E-14  7.32381722041539202E-02
  5.7664091E+00  4.85018402129266203E-14  6.82214899368232541E-02  4.85018402129266203E-14  6.82214899368232541E-02
  5.8483100E+00  2.70290117580144661E-14  6.34607963128215047E-02  2.70290117580144661E-14  6.34607963128215047E-02
  5.9313741E+00  1.49381704336560266E-14  5.89499210962526471E-02  1.49381704336560266E-14  5.89499210962526471E-02
  6.0156179E+00  8.18671397945565061E-15  5.46825790089393513E-02  8.18671397945565061E-15  5.46825790089393513E-02
  6.1010582E+00  4.44852336658110222E-15  5.06522922137131390E-02  4.44852336658110222E-15  5.06522922137131390E-02
  6.1877119E+00  2.39642948337713234E-15  4.68523386476722842E-02  2.39642948337713234E-15  4.68523386476722842E-02
  6.2755963E+00  1.27968685790690833E-15  4.32757239245674871E-02  1.27968685790690833E-15  4.32757239245674871E-02
  6.3647288E+00  6.77298522899752257E-16  3.99151740236057401E-02  6.77298522899752257E-16  3.99151740236057401E-02
  6.4551272E+00  3.55256318974894186E-16  3.67631456621657082E-02  3.55256318974894186E-16  3.67631456621657082E-02
  6.5468095E+00  1.84642970251401674E-16  3.38118511057345153E-02  1.84642970251401674E-16  3.38118511057345153E-02
  6.6397938E+00  9.50813219734188338E-17  3.10532941804416637E-02  9.50813219734188338E-17  3.10532941804416637E-02
  6.7340988E+00  4.85038268714951285E-17  2.84793143951309127E-02  4.85038268714951285E-17  2.84793143951309127E-02
  6.8297431E+00  2.45085560889387906E-17  2.60816363200737228E-02  2.45085560889387906E-17  2.60816363200737228E-02
  6.9267458E+00  1.22648560616289786E-17  2.38519216783488822E-02  1.22648560616289786E-17  2.38519216783488822E-02
  7.0251261E+00  6.07786881385721106E-18  2.17818219553896596E-02  6.07786881385721106E-18  2.17818219553896596E-02
  7.1249036E+00  2.98211554614349675E-18  1.98630296986719093E-02  2.98211554614349675E-18  1.98630296986719093E-02
  7.2260982E+00  1.44850841557634756E-18  1.80873270438686243E-02  1.44850841557634756E-18  1.80873270438686243E-02
  7.3287300E+00  6.96432594928741670E-19  1.64466303515912945E-02  6.96432594928741670E-19  1.64466303515912945E-02
  7.4328194E+00  3.31387186628853902E-19  1.49330301602320532E-02  3.31387186628853902E-19  1.49330301602320532E-02
  7.5383871E+00  1.56036739814843781E-19  1.35388259488576201E-02  1.56036739814843781E-19  1.35388259488576201E-02
  7.6454541E+00  7.26921389796362108E-20  1.22565554564712867E-02  7.26921389796362108E-20  1.22565554564712867E-02
  7.7540416E+00  3.35004970583406710E-20  1.10790185189173565E-02  3.35004970583406710E-20  1.10790185189173565E-02
  7.8641714E+00  1.52704195695251072E-20  9.99929556270465376E-03  1.52704195695251072E-20  9.99929556270465376E-03
  7.9758653E+00  6.88364066015287707E-21  9.01076103748859811E-03  6.88364066015287707E-21  9.01076103748859811E-03
  8.0891454E+00  3.06819805467930665E-21  8.10709217775181651E-03  3.06819805467930665E-21  8.10709217775181651E-03
  8.2040344E+00  1.35199763352406172E-21  7.28227356184370928E-03  1.35199763352406172E-21  7.28227356184370928E-03
  8.3205551E+00  5.88876242700358519E-22  6.53059798544607280E-03  5.88876242700358519E-22  6.53059798544607280E-03
  8.4387306E+00  2.53486501204669498E-22  5.84666418959645107E-03  2.53486501204669498E-22  5.84666418959645107E-03
  8.5585845E+00  1.07819115597562447E-22  5.22537198363877842E-03  1.07819115597562447E-22  5.22537198363877842E-03
  8.6801406E+00  4.53075202730174795E-23  4.66191528417161244E-03  4.53075202730174795E-23  4.66191528417161244E-03
  8.8034230E+00  1.88061256894254065E-23  4.15177355581526630E-03  1.88061256894254065E-23  4.15177355581526630E-03
  8.9284564E+00  7.70919441875407037E-24  3.69070209214856365E-03  7.70919441875407037E-24  3.69070209214856365E-03
  9.0552655E+00  3.12047235176807211E-24  3.27472151938235133E-03  3.12047235176807211E-24  3.27472151938235133E-03
  9.1838755E+00  1.24696380992254809E-24  2.90010684499123969E-03  1.24696380992254809E-24  2.90010684499123969E-03
  9.3143121E+00  4.91845736699890894E-25  2.56337631220383399E-03  4.91845736699890894E-25  2.56337631220383399E-03
  9.4466012E+00  1.91453711141797014E-25  2.26128026206885279E-03  1.91453711141797014E-25  2.26128026206885279E-03
  9.5807691E+00  7.35318716647069942E-26  1.99079015032618606E-03  7.35318716647069942E-26  1.99079015032618606E-03
  9.7168425E+00  2.78599546582484752E-26  1.74908781842250238E-03  2.78599546582484752E-26  1.74908781842250238E-03
  9.8548485E+00  1.04110130593950745E-26  1.53355507788178504E-03  1.04110130593950745E-26  1.53355507788178504E-03
  9.9948144E+00  3.83642805575061943E-27  1.34176363540340453E-03  3.83642805575061943E-27  1.34176363540340453E-03
  1.0136768E+01  1.39378279657822072E-27  1.17146536239734781E-03  1.39378279657822072E-27  1.17146536239734781E-03
  1.0280738E+01  4.99123941312414133E-28  1.02058289660354696E-03  4.99123941312414133E-28  1.02058289660354696E-03
  1.0426752E+01  1.76147718398247063E-28  8.87200554038877808E-04  1.76147718398247063E-28  8.87200554038877808E-04
  1.0574841E+01  6.12505136424384750E-29  7.69555525612619726E-04  6.12505136424384750E-29  7.69555525612619726E-04
  1.0725032E+01  2.09804152953081675E-29  6.66029333110263388E-04  2.09804152953081675E-29  6.66029333110263388E-04
  1.0877357E+01  7.07778832619821353E-30  5.75139522629419461E-04  7.07778832619821353E-30  5.75139522629419461E-04
  1.1031845E+01  2.35105950737810744E-30  4.95531578839097757E-04  2.35105950737810744E-30  4.95531578839097757E-04
  1.1188526E+01  7.68798063597272687E-31  4.25971049641175642E-04  7.68798063597272687E-31  4.25971049641175642E-04
  1.1347434E+01  2.47428521487923443E-31  3.65335877153117336E-04  2.47428521487923443E-31  3.65335877153117336E-04
  1.1508598E+01  7.83566701458688473E-32  3.12608936795995350E-04  7.83566701458688473E-32  3.12608936795995350E-04
  1.1672050E+01  2.44112540031212957E-32  2.66870791253643767E-04  2.44112540031212957E-32  2.66870791253643767E-04
  1.1837825E+01  7.47979650335819604E-33  2.27292669914696502E-04  7.47979650335819604E-33  2.27292669914696502E-04
  1.2005953E+01  2.25357066208291280E-33  1.93129687008234969E-04  2.25357066208291280E-33  1.93129687008234969E-04
  1.2176470E+01  6.67465520466736201E-34  1.63714313006459102E-04  6.67465520466736201E-34  1.63714313006459102E-04
  1.2349408E+01  1.94292345063315713E-34  1.38450114077101665E-04  1.94292345063315713E-34  1.38450114077101665E-04
  1.2524802E+01  5.55703369684382884E-35  1.16805773571439751E-04  5.55703369684382884E-35  1.16805773571439751E-04
  1.2702687E+01  1.56127876593840924E-35  9.83094079097010222E-05  1.56127876593840924E-35  9.83094079097010222E-05
  1.2883099E+01  4.30780289523372796E-36  8.25431869669168147E-05  4.30780289523372796E-36  8.25431869669168147E-05
  1.3066073E+01  1.16695802300770684E-36  6.91382663627893024E-05  1.16695802300770684E-36  6.91382663627893024E-05
  1.3251645E+01  3.10286557132192450E-37  5.77700360991325376E-05  3.10286557132192450E-37  5.77700360991325376E-05
  1.3439853E+01  8.09583074146119705E-38  4.81536869301137820E-05  8.09583074146119705E-38  4.81536869301137820E-05
  1.3630735E+01  2.07219739829891039E-38  4.00400928316709014E-05  2.07219739829891039E-38  4.00400928316709014E-05
  1.3824327E+01  5.20176387472021068E-39  3.32120050690499702E-05  5.20176387472021068E-39  3.32120050690499702E-05
  1.4020668E+01  1.28025509175500545E-39  2.74805507317610490E-05  1.28025509175500545E-39  2.74805507317610490E-05
  1.4219798E+01  3.08846915889828721E-40  2.26820262744666254E-05  3.08846915889828721E-40  2.26820262744666254E-05
  1.4421756E+01  7.30068006551081299E-41  1.86749746098079454E-05  7.30068006551081299E-41  1.86749746098079454E-05
  1.4626582E+01  1.69054569036695635E-41  1.53375326641775796E-05  1.69054569036695635E-41  1.53375326641775796E-05
  1.4834317E+01  3.83355857674021539E-42  1.25650350331543433E-05  3.83355857674021539E-42  1.25650350331543433E-05
  1.5045003E+01  8.51049200493402493E-43  1.02678584495234332E-05  8.51049200493402493E-43  1.02678584495234332E-05
  1.5258681E+01  1.84904745316888733E-43  8.36949118306514527E-06  1.84904745316888733E-43  8.36949118306514527E-06
  1.5475393E+01  3.93045953726727824E-44  6.80481119986331305E-06  3.93045953726727824E-44  6.80481119986331305E-06
  1.5695183E+01  8.17144928623312007E-45  5.51855688694314035E-06  8.17144928623312007E-45  5.51855688694314035E-06
  1.5918095E+01  1.66100681661026123E-45  4.46397436018812613E-06  1.66100681661026123E-45  4.46397436018812613E-06
  1.6144173E+01  3.29999882959335014E-46  3.60162578316517692E-06  3.29999882959335014E-46  3.60162578316517692E-06
  1.6373461E+01  6.40585364502494216E-47  2.89834369571537444E-06  6.40585364502494216E-47  2.89834369571537444E-06
  1.6606006E+01  1.21453253136546228E-47  2.32631704949185930E-06  1.21453253136546228E-47  2.32631704949185930E-06
  1.6841853E+01  2.24830605732000565E-48  1.86229544096185940E-06  2.24830605732000565E-48  1.86229544096185940E-06
  1.7081050E+01  4.06217054930342486E-49  1.48689889162372754E-06  4.06217054930342486E-49  1.48689889162372754E-06
  1.7323645E+01  7.16071871024577221E-50  1.18402142443887129E-06  7.16071871024577221E-50  1.18402142443887129E-06
  1.7569684E+01  1.23108205186437637E-50  9.40317602322331005E-07  1.23108205186437637E-50  9.40317602322331005E-07
  1.7819218E+01  2.06339459745789187E-51  7.44762109947136287E-07  2.06339459745789187E-51  7.44762109947136287E-07
  1.8072296E+01  3.37032782532647042E-52  5.88273358402849152E-07  3.37032782532647042E-52  5.88273358402849152E-07
  1.8328968E+01  5.36269140791228574E-53  4.63392960829794357E-07  5.36269140791228574E-53  4.63392960829794357E-07
  1.8589285E+01  8.30877428235873679E-54  3.64013756313030245E-07  8.30877428235873679E-54  3.64013756313030245E-07
  1.8853300E+01  1.25300737545140966E-54  2.85149841933528234E-07  1.25300737545140966E-54  2.85149841933528234E-07
  1.9121064E+01  1.83843389421697616E-55  2.22742804068275251E-07  1.83843389421697616E-55  2.22742804068275251E-07
  1.9392631E+01  2.62319997821082167E-56  1.73499016898293782E-07  2.62319997821082167E-56  1.73499016898293782E-07
  1.9668055E+01  3.63840418559103551E-57  1.34753497359696530E-07  3.63840418559103551E-57  1.34753497359696530E-07
  1.9947390E+01  4.90331235852166037E-58  1.04356371555383708E-07  4.90331235852166037E-58  1.04356371555383708E-07
  2.0230693E+01  6.41749799990714551E-59  8.05785191205278901E-08  6.41749799990714551E-59  8.05785191205278901E-08
  2.0518019E+01  8.15329903412893927E-60  6.20334212347120907E-08  8.15329903412893927E-60  6.20334212347120907E-08
  2.0809426E+01  1.00503579907524073E-60  4.76126475602776201E-08  1.00503579907524073E-60  4.76126475602776201E-08
  2.1104971E+01  1.20141846450625881E-61  3.64327804619298632E-08  1.20141846450625881E-61  3.64327804619298632E-08
  2.1404714E+01  1.39203622122113960E-62  2.77918948103589130E-08  1.39203622122113960E-62  2.77918948103589130E-08
  2.1708714E+01  1.56251293308189053E-63  2.11339920215960148E-08  1.56251293308189053E-63  2.11339920215960148E-08
  2.2017031E+01  1.69817024005034471E-64  1.60200312993474262E-08  1.69817024005034471E-64  1.60200312993474262E-08
  2.2329728E+01  1.78601468147793430E-65  1.21044128444100760E-08  1.78601468147793430E-65  1.21044128444100760E-08
  2.2646865E+01  1.81673004045901001E-66  9.11595046972934150E-09  1.81673004045901001E-66  9.11595046972934150E-09
  2.2968506E+01  1.78626590068129379E-67  6.84252784060114590E-09  1.78626590068129379E-67  6.84252784060114590E-09
  2.3294715E+01  1.69665659440084228E-68  5.11876647304380864E-09  1.69665659440084228E-68  5.11876647304380864E-09
  2.3625557E+01  1.55585228864499875E-69  3.81614747132839954E-09  1.55585228864499875E-69  3.81614747132839954E-09
  2.3961098E+01  1.37656275231222893E-70  2.83512533384342977E-09  1.37656275231222893E-70  2.83512533384342977E-09
  2.4301405E+01  1.17434398785712462E-71  2.09885333147985527E-09  1.17434398785712462E-71  2.09885333147985527E-09
  2.4646544E+01  9.65330396250700215E-73  1.54820805544865790E-09  9.65330396250700215E-73  1.54820805544865790E-09
  2.4996585E+01  7.64079107109653644E-74  1.13785760535157473E-09  7.64079107109653644E-74  1.13785760535157473E-09
  2.5351598E+01  5.81932686853024737E-75  8.33165191549478245E-10  5.81932686853024737E-75  8.33165191549478245E-10
  2.5711652E+01  4.26146557274040827E-76  6.07759105547114754E-10  4.26146557274040827E-76  6.07759105547114754E-10
  2.6076820E+01  2.99823217636720889E-77  4.41632330340816447E-10  2.99823217636720889E-77  4.41632330340816447E-10
  2.6447174E+01  0.00000000000000000E+00  3.19661613101111642E-10  0.00000000000000000E+00  3.19661613101111642E-10
  2.6822789E+01  0.00000000000000000E+00  2.30457547075343808E-10  0.00000000000000000E+00  2.30457547075343808E-10
  2.7203737E+01  0.00000000000000000E+00  1.65474914663334594E-10  0.00000000000000000E+00  1.65474914663334594E-10
  2.7590096E+01  0.00000000000000000E+00  1.18326915879649069E-10  0.00000000000000000E+00  1.18326915879649069E-10
  2.7981942E+01  0.00000000000000000E+00  8.42585273129709300E-11  0.00000000000000000E+00  8.42585273129709300E-11
  2.8379354E+01  0.00000000000000000E+00  5.97435960718299993E-11  0.00000000000000000E+00  5.97435960718299993E-11
  2.8782409E+01  0.00000000000000000E+00  4.21777817018889435E-11  0.00000000000000000E+00  4.21777817018889435E-11
  2.9191189E+01  0.00000000000000000E+00  2.96454587784542373E-11  0.00000000000000000E+00  2.96454587784542373E-11
  2.9605774E+01  0.00000000000000000E+00  2.07434681718418539E-11  0.00000000000000000E+00  2.07434681718418539E-11
  3.0026247E+01  0.00000000000000000E+00  1.44483922697505899E-11  0.00000000000000000E+00  1.44483922697505899E-11
  3.0452692E+01  0.00000000000000000E+00  1.00170174243227097E-11  0.00000000000000000E+00  1.00170174243227097E-11
  3.0885194E+01  0.00000000000000000E+00  6.91199354400903207E-12  0.00000000000000000E+00  6.91199354400903207E-12
  3.1323838E+01  0.00000000000000000E+00  4.74656059901367342E-12  0.00000000000000000E+00  4.74656059901367342E-12
  3.1768711E+01  0.00000000000000000E+00  3.24362159441350970E-12  0.00000000000000000E+00  3.24362159441350970E-12
  3.2219903E+01  0.00000000000000000E+00  2.20556576630153331E-12  0.00000000000000000E+00  2.20556576630153331E-12
  3.2677503E+01  0.00000000000000000E+00  1.49215552238567570E-12  0.00000000000000000E+00  1.49215552238567570E-12
  3.3141602E+01  0.00000000000000000E+00  1.00432291185179430E-12  0.00000000000000000E+00  1.00432291185179430E-12
  3.3612292E+01  0.00000000000000000E+00  6.72451386963468481E-13  0.00000000000000000E+00  6.72451386963468481E-13
  3.4089667E+01  0.00000000000000000E+00  4.47859251592448284E-13  0.00000000000000000E+00  4.47859251592448284E-13
  3.4573821E+01  0.00000000000000000E+00  2.96669165340824746E-13  0.00000000000000000E+00  2.96669165340824746E-13
  3.5064852E+01  0.00000000000000000E+00  1.95443185500297554E-13  0.00000000000000000E+00  1.95443185500297554E-13
  3.5562856E+01  0.00000000000000000E+00  1.28039960030615714E-13  0.00000000000000000E+00  1.28039960030615714E-13
  3.6067934E+01  0.00000000000000000E+00  8.34077382062744654E-14  0.00000000000000000E+00  8.34077382062744654E-14
  3.6580184E+01  0.00000000000000000E+00  5.40213881215859093E-14  0.00000000000000000E+00  5.40213881215859093E-14
  3.7099710E+01  0.00000000000000000E+00  3.47842775340085582E-14  0.00000000000000000E+00  3.47842775340085582E-14
  3.7626614E+01  0.00000000000000000E+00  2.22647441118264156E-14  0.00000000000000000E+00  2.22647441118264156E-14
  3.8161001E+01  0.00000000000000000E+00  1.41654102157800114E-14  0.00000000000000000E+00  1.41654102157800114E-14
  3.8702978E+01  0.00000000000000000E+00  8.95731874190372529E-15  0.00000000000000000E+00  8.95731874190372529E-15
  3.9252652E+01  0.00000000000000000E+00  5.62886765628803781E-15  0.00000000000000000E+00  5.62886765628803781E-15
  3.9810132E+01  0.00000000000000000E+00  3.51490663293053383E-15  0.00000000000000000E+00  3.51490663293053383E-15
  4.0375530E+01  0.00000000000000000E+00  2.18080407648351280E-15  0.00000000000000000E+00  2.18080407648351280E-15
  4.0948958E+01  0.00000000000000000E+00  1.34426957133738008E-15  0.00000000000000000E+00  1.34426957133738008E-15
  4.1530530E+01  0.00000000000000000E+00  8.23151206752363540E-16  0.00000000000000000E+00  8.23151206752363540E-16
  4.2120362E+01  0.00000000000000000E+00  5.00671190950007331E-16  0.00000000000000000E+00  5.00671190950007331E-16
  4.2718570E+01  0.00000000000000000E+00  3.02455184525983804E-16  0.00000000000000000E+00  3.02455184525983804E-16
  4.3325275E+01  0.00000000000000000E+00  1.81451316686853400E-16  0.00000000000000000E+00  1.81451316686853400E-16
  4.3940596E+01  0.00000000000000000E+00  1.08094743505597216E-16  0.00000000000000000E+00  1.08094743505597216E-16
  4.4564656E+01  0.00000000000000000E+00  6.39364577146452869E-17  0.00000000000000000E+00  6.39364577146452869E-17
  4.5197578E+01  0.00000000000000000E+00  3.75444505741935325E-17  0.00000000000000000E+00  3.75444505741935325E-17
  4.5839490E+01  0.00000000000000000E+00  2.18851340952278183E-17  0.00000000000000000E+00  2.18851340952278183E-17
  4.6490519E+01  0.00000000000000000E+00  1.26622671868630601E-17  0.00000000000000000E+00  1.26622671868630601E-17
  4.7150793E+01  0.00000000000000000E+00  7.27083826818359676E-18  0.00000000000000000E+00  7.27083826818359676E-18
  4.7820445E+01  0.00000000000000000E+00  4.14304451134318972E-18  0.00000000000000000E+00  4.14304451134318972E-18
  4.8499608E+01  0.00000000000000000E+00  2.34243509090915522E-18  0.00000000000000000E+00  2.34243509090915522E-18
  4.9188416E+01  0.00000000000000000E+00  1.31394900197630106E-18  0.00000000000000000E+00  1.31394900197630106E-18
  4.9887006E+01  0.00000000000000000E+00  7.31142320467169038E-19  0.00000000000000000E+00  7.31142320467169038E-19
  5.0595519E+01  0.00000000000000000E+00  4.03540054250724118E-19  0.00000000000000000E+00  4.03540054250724118E-19
  5.1314093E+01  0.00000000000000000E+00  2.20892446054321229E-19  0.00000000000000000E+00  2.20892446054321229E-19
  5.2042873E+01  0.00000000000000000E+00  1.19903559135035546E-19  0.00000000000000000E+00  1.19903559135035546E-19
  5.2782004E+01  0.00000000000000000E+00  6.45337787568892820E-20  0.00000000000000000E+00  6.45337787568892820E-20
  5.3531632E+01  0.00000000000000000E+00  3.44343579704029194E-20  0.00000000000000000E+00  3.44343579704029194E-20
  5.4291906E+01  0.00000000000000000E+00  1.82134462661500031E-20  0.00000000000000000E+00  1.82134462661500031E-20
  5.5062977E+01  0.00000000000000000E+00  9.54846848566846467E-21  0.00000000000000000E+00  9.54846848566846467E-21
  5.5845000E+01  0.00000000000000000E+00  4.96088409485777519E-21  0.00000000000000000E+00  4.96088409485777519E-21
  5.6638129E+01  0.00000000000000000E+00  2.55392861907702966E-21  0.00000000000000000E+00  2.55392861907702966E-21
  5.7442522E+01  0.00000000000000000E+00  1.30265115996717153E-21  0.00000000000000000E+00  1.30265115996717153E-21
  5.8258340E+01  0.00000000000000000E+00  6.58200682951876673E-22  0.00000000000000000E+00  6.58200682951876673E-22
  5.9085744E+01  0.00000000000000000E+00  3.29412526606679601E-22  0.00000000000000000E+00  3.29412526606679601E-22
  5.9924899E+01  0.00000000000000000E+00  1.63272641723991469E-22  0.00000000000000000E+00  1.63272641723991469E-22
  6.0775972E+01  0.00000000000000000E+00  8.01341007498517404E-23  0.00000000000000000E+00  8.01341007498517404E-23
  6.1639131E+01  0.00000000000000000E+00  3.89394856622486571E-23  0.00000000000000000E+00  3.89394856622486571E-23
  6.2514550E+01  0.00000000000000000E+00  1.87313617435483815E-23  0.00000000000000000E+00  1.87313617435483815E-23
  6.3402402E+01  0.00000000000000000E+00  8.91848976407082682E-24  0.00000000000000000E+00  8.91848976407082682E-24
  6.4302863E+01  0.00000000000000000E+00  4.20234541434779997E-24  0.00000000000000000E+00  4.20234541434779997E-24
  6.5216113E+01  0.00000000000000000E+00  1.95931996955750310E-24  0.00000000000000000E+00  1.95931996955750310E-24
  6.6142333E+01  0.00000000000000000E+00  9.03786773705058441E-25  0.00000000000000000E+00  9.03786773705058441E-25
  6.7081707E+01  0.00000000000000000E+00  4.12388427641287988E-25  0.00000000000000000E+00  4.12388427641287988E-25
  6.8034422E+01  0.00000000000000000E+00  1.86105304784668722E-25  0.00000000000000000E+00  1.86105304784668722E-25
  6.9000669E+01  0.00000000000000000E+00  8.30527061532052917E-26  0.00000000000000000E+00  8.30527061532052917E-26
  6.9980638E+01  0.00000000000000000E+00  3.66455761081929370E-26  0.00000000000000000E+00  3.66455761081929370E-26
  7.0974525E+01  0.00000000000000000E+00  1.59842033992965424E-26  0.00000000000000000E+00  1.59842033992965424E-26
  7.1982527E+01  0.00000000000000000E+00  6.89112428911697509E-27  0.00000000000000000E+00  6.89112428911697509E-27
  7.3004845E+01  0.00000000000000000E+00  2.93593964639264027E-27  0.00000000000000000E+00  2.93593964639264027E-27
  7.4041682E+01  0.00000000000000000E+00  1.23590922383330188E-27  0.00000000000000000E+00  1.23590922383330188E-27
  7.5093245E+01  0.00000000000000000E+00  5.13961255979951503E-28  0.00000000000000000E+00  5.13961255979951503E-28
  7.6159742E+01  0.00000000000000000E+00  2.11108462975389759E-28  0.00000000000000000E+00  2.11108462975389759E-28
  7.7241386E+01  0.00000000000000000E+00  8.56316771849122986E-29  0.00000000000000000E+00  8.56316771849122986E-29
  7.8338392E+01  0.00000000000000000E+00  3.42955927436840328E-29  0.00000000000000000E+00  3.42955927436840328E-29
  7.9450978E+01  0.00000000000000000E+00  1.35593106050135429E-29  0.00000000000000000E+00  1.35593106050135429E-29
  8.0579365E+01  0.00000000000000000E+00  5.29116809983094553E-30  0.00000000000000000E+00  5.29116809983094553E-30
  8.1723777E+01  0.00000000000000000E+00  2.03750278053664478E-30  0.00000000000000000E+00  2.03750278053664478E-30
  8.2884443E+01  0.00000000000000000E+00  7.74095271788248262E-31  0.00000000000000000E+00  7.74095271788248262E-31
  8.4061592E+01  0.00000000000000000E+00  2.90105399541700512E-31  0.00000000000000000E+00  2.90105399541700512E-31
  8.5255460E+01  0.00000000000000000E+00  1.07225185469937759E-31  0.00000000000000000E+00  1.07225185469937759E-31
  8.6466284E+01  0.00000000000000000E+00  3.90778394981923848E-32  0.00000000000000000E+00  3.90778394981923848E-32
  8.7694304E+01  0.00000000000000000E+00  1.40400579113661300E-32  0.00000000000000000E+00  1.40400579113661300E-32
  8.8939764E+01  0.00000000000000000E+00  4.97190063642561529E-33  0.00000000000000000E+00  4.97190063642561529E-33
  9.0202913E+01  0.00000000000000000E+00  1.73500364259355888E-33  0.00000000000000000E+00  1.73500364259355888E-33
  9.1484002E+01  0.00000000000000000E+00  5.96500305568545137E-34  0.00000000000000000E+00  5.96500305568545137E-34
  9.2783284E+01  0.00000000000000000E+00  2.02004514653677902E-34  0.00000000000000000E+00  2.02004514653677902E-34
  9.4101020E+01  0.00000000000000000E+00  6.73682587640416544E-35  0.00000000000000000E+00  6.73682587640416544E-35
  9.5437470E+01  0.00000000000000000E+00  2.21204403971681331E-35  0.00000000000000000E+00  2.21204403971681331E-35
  9.6792901E+01  0.00000000000000000E+00  7.14961519067864568E-36  0.00000000000000000E+00  7.14961519067864568E-36
  9.8167582E+01  0.00000000000000000E+00  2.27416553157591377E-36  0.00000000000000000E+00  2.27416553157591377E-36
  9.9561787E+01  0.00000000000000000E+00  7.11723393370550512E-37  0.00000000000000000E+00  7.11723393370550512E-37
  1.0097579E+02  0.00000000000000000E+00  2.19102782080080107E-37  0.00000000000000000E+00  2.19102782080080107E-37
  1.0240988E+02  0.00000000000000000E+00  6.63327774715071621E-38  0.00000000000000000E+00  6.63327774715071621E-38
  1.0386433E+02  0.00000000000000000E+00  1.97445240926259717E-38  0.00000000000000000E+00  1.97445240926259717E-38
  1.0533945E+02  0.00000000000000000E+00  5.77691909963109460E-39  0.00000000000000000E+00  5.77691909963109460E-39
  1.0683551E+02  0.00000000000000000E+00  1.66099488885411244E-39  0.00000000000000000E+00  1.66099488885411244E-39
  1.0835282E+02  0.00000000000000000E+00  4.69193807817846037E-40  0.00000000000000000E+00  4.69193807817846037E-40
  1.0989167E+02  0.00000000000000000E+00  1.30177537152468321E-40  0.00000000000000000E+00  1.30177537152468321E-40
  1.1145239E+02  0.00000000000000000E+00  3.54654684283054784E-41  0.00000000000000000E+00  3.54654684283054784E-41
  1.1303526E+02  0.00000000000000000E+00  9.48517787275075671E-42  0.00000000000000000E+00  9.48517787275075671E-42
  1.1464062E+02  0.00000000000000000E+00  2.48964713809095008E-42  0.00000000000000000E+00  2.48964713809095008E-42
  1.1626878E+02  0.00000000000000000E+00  6.41155210324635373E-43  0.00000000000000000E+00  6.41155210324635373E-43
  1.1792006E+02  0.00000000000000000E+00  1.61957177047757240E-43  0.00000000000000000E+00  1.61957177047757240E-43
  1.1959480E+02  0.00000000000000000E+00  4.01167250531997326E-44  0.00000000000000000E+00  4.01167250531997326E-44
  1.2129332E+02  0.00000000000000000E+00  9.74122506176849307E-45  0.00000000000000000E+00  9.74122506176849307E-45
  1.2301596E+02  0.00000000000000000E+00  2.31812590463087227E-45  0.00000000000000000E+00  2.31812590463087227E-45
  1.2476307E+02  0.00000000000000000E+00  5.40463263723169961E-46  0.00000000000000000E+00  5.40463263723169961E-46
  1.2653499E+02  0.00000000000000000E+00  1.23415371638160852E-46  0.00000000000000000E+00  1.23415371638160852E-46
  1.2833207E+02  0.00000000000000000E+00  2.75938444847619212E-47  0.00000000000000000E+00  2.75938444847619212E-47
  1.3015468E+02  0.00000000000000000E+00  6.03891228848553768E-48  0.00000000000000000E+00  6.03891228848553768E-48
  1.3200317E+02  0.00000000000000000E+00  1.29321311610629051E-48  0.00000000000000000E+00  1.29321311610629051E-48
  1.3387792E+02  0.00000000000000000E+00  2.70897656491245385E-49  0.00000000000000000E+00  2.70897656491245385E-49
  1.3577929E+02  0.00000000000000000E+00  5.54907478650037033E-50  0.00000000000000000E+00  5.54907478650037033E-50
  1.3770766E+02  0.00000000000000000E+00  1.11114298827124219E-50  0.00000000000000000E+00  1.11114298827124219E-50
  1.3966343E+02  0.00000000000000000E+00  2.17422555340529120E-51  0.00000000000000000E+00  2.17422555340529120E-51
  1.4164697E+02  0.00000000000000000E+00  4.15597609667778074E-52  0.00000000000000000E+00  4.15597609667778074E-52
  1.4365867E+02  0.00000000000000000E+00  7.75748646326099903E-53  0.00000000000000000E+00  7.75748646326099903E-53
  1.4569895E+02  0.00000000000000000E+00  1.41348570590955007E-53  0.00000000000000000E+00  1.41348570590955007E-53
  1.4776821E+02  0.00000000000000000E+00  2.51318311548000556E-54  0.00000000000000000E+00  2.51318311548000556E-54
  1.4986686E+02  0.00000000000000000E+00  4.35869035221447738E-55  0.00000000000000000E+00  4.35869035221447738E-55
  1.5199531E+02  0.00000000000000000E+00  7.37090429743518967E-56  0.00000000000000000E+00  7.37090429743518967E-56
  1.5415398E+02  0.00000000000000000E+00  1.21492324100174999E-56  0.00000000000000000E+00  1.21492324100174999E-56
  1.5634332E+02  0.00000000000000000E+00  1.95104502418507125E-57  0.00000000000000000E+00  1.95104502418507125E-57
  1.5856375E+02  0.00000000000000000E+00  3.05140401379115095E-58  0.00000000000000000E+00  3.05140401379115095E-58
  1.6081572E+02  0.00000000000000000E+00  4.64585959402021464E-59  0.00000000000000000E+00  4.64585959402021464E-59
  1.6309967E+02  0.00000000000000000E+00  6.88307702601466347E-60  0.00000000000000000E+00  6.88307702601466347E-60
  1.6541605E+02  0.00000000000000000E+00  9.91885901699548296E-61  0.00000000000000000E+00  9.91885901699548296E-61
  1.6776534E+02  0.00000000000000000E+00  1.38966997658485191E-61  0.00000000000000000E+00  1.38966997658485191E-61
  1.7014798E+02  0.00000000000000000E+00  1.89206761049341798E-62  0.00000000000000000E+00  1.89206761049341798E-62
  1.7256447E+02  0.00000000000000000E+00  2.50228311316865852E-63  0.00000000000000000E+00  2.50228311316865852E-63
  1.7501528E+02  0.00000000000000000E+00  3.21296757931573583E-64  0.00000000000000000E+00  3.21296757931573583E-64
  1.7750089E+02  0.00000000000000000E+00  4.00347258939095699E-65  0.00000000000000000E+00  4.00347258939095699E-65
  1.8002181E+02  0.00000000000000000E+00  4.83853243090385112E-66  0.00000000000000000E+00  4.83853243090385112E-66
  1.8257853E+02  0.00000000000000000E+00  5.66913030219211750E-67  0.00000000000000000E+00  5.66913030219211750E-67
  1.8517155E+02  0.00000000000000000E+00  6.43631238280722332E-68  0.00000000000000000E+00  6.43631238280722332E-68
  1.8780141E+02  0.00000000000000000E+00  7.07545501509788530E-69  0.00000000000000000E+00  7.07545501509788530E-69
  1.9046862E+02  0.00000000000000000E+00  7.50002798533737377E-70  0.00000000000000000E+00  7.50002798533737377E-70
  1.9317370E+02  0.00000000000000000E+00  7.71539026195490317E-71  0.00000000000000000E+00  7.71539026195490317E-71
  1.9591721E+02  0.00000000000000000E+00  7.93704046476589692E-72  0.00000000000000000E+00  7.93704046476589692E-72
  1.9869967E+02  0.00000000000000000E+00  1.39277268060379871E-72  0.00000000000000000E+00  1.39277268060379871E-72
  2.0152166E+02  0.00000000000000000E+00  2.70113163903520365E-73  0.00000000000000000E+00  2.70113163903520365E-73
