#         r          wfn in order of s, p, d ... 
  0.0000000E+00  0.0000000E+00  0.0000000E+00  0.0000000E+00  0.0000000E+00  0.0000000E+00  0.0000000E+00  0.0000000E+00  0.0000000E+00  0.0000000E+00  0.0000000E+00  0.0000000E+00
  5.0071180E-06  3.6543111E-03 -1.1916229E-03  4.9585344E-04 -1.9610103E-04  5.6664487E-05  2.6878652E-07 -1.1461632E-07  4.1495893E-08 -8.9544107E-09  1.4808663E-12 -3.3338051E-13
  1.0085348E-05  7.1380027E-03 -2.3275967E-03  9.6854972E-04 -3.8304377E-04  1.1068263E-04  8.8896536E-07 -3.7907423E-07  1.3724072E-07 -2.9615215E-08  9.3474215E-12 -2.1043417E-12
  1.5235701E-05  1.0589020E-02 -3.4529038E-03  1.4368067E-03 -5.6823082E-04  1.6419346E-04  1.7991707E-06 -7.6720646E-07  2.7776086E-07 -5.9938098E-08  2.7691916E-11 -6.2341540E-12
  2.0459200E-05  1.4035103E-02 -4.5765892E-03  1.9043883E-03 -7.5315068E-04  2.1762708E-04  2.9781299E-06 -1.2699423E-06  4.5977236E-07 -9.9214415E-08  6.0190459E-11 -1.3550404E-11
  2.5756884E-05  1.7488962E-02 -5.7027976E-03  2.3730189E-03 -9.3848540E-04  2.7118058E-04  4.4156560E-06 -1.8829381E-06  6.8170266E-07 -1.4710482E-07  1.1041158E-10 -2.4856461E-11
  3.1129808E-05  2.0958885E-02 -6.8342309E-03  2.8438229E-03 -1.1246796E-03  3.2498243E-04  6.1063575E-06 -2.6038952E-06  9.4271956E-07 -2.0342974E-07  1.8193427E-10 -4.0958050E-11
  3.6579039E-05  2.4449930E-02 -7.9725382E-03  3.3174867E-03 -1.3120047E-03  3.7911105E-04  8.0481076E-06 -3.4319071E-06  1.2424949E-06 -2.6811835E-07  2.7840049E-10 -6.2675071E-11
  4.2105661E-05  2.7965838E-02 -9.1189390E-03  3.7945174E-03 -1.5006614E-03  4.3362443E-04  1.0240773E-05 -4.3669172E-06  1.5810082E-06 -3.4116624E-07  4.0355590E-10 -9.0850772E-11
  4.7710774E-05  3.1509524E-02 -1.0274383E-02  4.2753103E-03 -1.6908058E-03  4.8856771E-04  1.2685583E-05 -5.4094501E-06  1.9584494E-06 -4.2261440E-07  5.6127718E-10 -1.2635790E-10
  5.3395492E-05  3.5083353E-02 -1.1439641E-02  4.7601860E-03 -1.8825649E-03  5.4397756E-04  1.5384848E-05 -6.5604915E-06  2.3751753E-06 -5.1253984E-07  7.5559529E-10 -1.7010392E-10
  5.9160945E-05  3.8689306E-02 -1.2615358E-02  5.2494133E-03 -2.0760449E-03  5.9988466E-04  1.8341713E-05 -7.8213829E-06  2.8316718E-06 -6.1104737E-07  9.9071407E-10 -2.2303525E-10
  6.5008281E-05  4.2329090E-02 -1.3802091E-02  5.7432234E-03 -2.2713372E-03  6.5631545E-04  2.1560016E-05 -9.1937608E-06  3.3285313E-06 -7.1826485E-07  1.2710271E-09 -2.8614099E-10
  7.0938662E-05  4.6004210E-02 -1.5000329E-02  6.2418200E-03 -2.4685225E-03  7.1329321E-04  2.5044185E-05 -1.0679514E-05  3.8664377E-06 -8.3433988E-07  1.6011337E-09 -3.6045657E-10
  7.6953268E-05  4.9716017E-02 -1.6210513E-02  6.7453865E-03 -2.6676732E-03  7.7083889E-04  2.8799167E-05 -1.2280753E-05  4.4461550E-06 -9.5943727E-07  1.9858540E-09 -4.4706714E-10
  8.3053295E-05  5.3465749E-02 -1.7433045E-02  7.2540902E-03 -2.8688555E-03  8.2897160E-04  3.2830372E-05 -1.3999785E-05  5.0685183E-06 -1.0937373E-06  2.4302441E-09 -5.4711095E-10
  8.9239956E-05  5.7254549E-02 -1.8668298E-02  7.7680861E-03 -3.0721307E-03  8.8770907E-04  3.7143633E-05 -1.5839097E-05  5.7344287E-06 -1.2374343E-06  2.9396105E-09 -6.6178266E-10
  9.5514481E-05  6.1083490E-02 -1.9916620E-02  8.2875193E-03 -3.2775562E-03  9.4706787E-04  4.1745179E-05 -1.7801347E-05  6.4448477E-06 -1.3907359E-06  3.5195255E-09 -7.9233675E-10
  1.0187812E-04  6.4953587E-02 -2.1178342E-02  8.8125274E-03 -3.4851863E-03  1.0070637E-03  4.6641612E-05 -1.9889349E-05  7.2007949E-06 -1.5538621E-06  4.1758421E-09 -9.4009087E-10
  1.0833213E-04  6.8865809E-02 -2.2453779E-02  9.3432412E-03 -3.6950729E-03  1.0677116E-03  5.1839890E-05 -2.2106072E-05  8.0033447E-06 -1.7270446E-06  4.9147097E-09 -1.1064294E-09
  1.1487781E-04  7.2821087E-02 -2.3743235E-02  9.8797869E-03 -3.9072659E-03  1.1290259E-03  5.7347317E-05 -2.4454630E-05  8.8536249E-06 -1.9105269E-06  5.7425899E-09 -1.2928071E-09
  1.2151645E-04  7.6820321E-02 -2.5047000E-02  1.0422286E-02 -4.1218132E-03  1.1910205E-03  6.3171533E-05 -2.6938282E-05  9.7528152E-06 -2.1045635E-06  6.6662732E-09 -1.5007527E-09
  1.2824938E-04  8.0864388E-02 -2.6365361E-02  1.0970858E-02 -4.3387619E-03  1.2537090E-03  6.9320512E-05 -2.9560429E-05  1.0702147E-05 -2.3094202E-06  7.6928957E-09 -1.7318727E-09
  1.3507792E-04  8.4954142E-02 -2.7698596E-02  1.1525616E-02 -4.5581575E-03  1.3171045E-03  7.5802553E-05 -3.2324610E-05  1.1702901E-05 -2.5253733E-06  8.8299574E-09 -1.9878555E-09
  1.4200345E-04  8.9090420E-02 -2.9046975E-02  1.2086676E-02 -4.7800449E-03  1.3812200E-03  8.2626282E-05 -3.5234504E-05  1.2756410E-05 -2.7527105E-06  1.0085340E-08 -2.2704755E-09
  1.4902733E-04  9.3274048E-02 -3.0410768E-02  1.2654148E-02 -5.0044681E-03  1.4460683E-03  8.9800652E-05 -3.8293929E-05  1.3864057E-05 -2.9917300E-06  1.1467325E-08 -2.5815972E-09
  1.5615097E-04  9.7505838E-02 -3.1790239E-02  1.3228142E-02 -5.2314706E-03  1.5116619E-03  9.7334943E-05 -4.1506844E-05  1.5027273E-05 -3.2427410E-06  1.2984616E-08 -2.9231801E-09
  1.6337579E-04  1.0178660E-01 -3.3185648E-02  1.3808767E-02 -5.4610953E-03  1.5780131E-03  1.0523877E-04 -4.4877347E-05  1.6247544E-05 -3.5060637E-06  1.4646358E-08 -3.2972827E-09
  1.7070321E-04  1.0611712E-01 -3.4597255E-02  1.4396130E-02 -5.6933849E-03  1.6451344E-03  1.1352206E-04 -4.8409677E-05  1.7526403E-05 -3.7820294E-06  1.6462157E-08 -3.7060679E-09
  1.7813469E-04  1.1049819E-01 -3.6025317E-02  1.4990339E-02 -5.9283816E-03  1.7130379E-03  1.2219511E-04 -5.2108219E-05  1.8865439E-05 -4.0709805E-06  1.8442105E-08 -4.1518076E-09
  1.8567172E-04  1.1493062E-01 -3.7470089E-02  1.5591499E-02 -6.1661274E-03  1.7817359E-03  1.3126852E-04 -5.5977501E-05  2.0266291E-05 -4.3732709E-06  2.0596803E-08 -4.6368884E-09
  1.9331579E-04  1.1941517E-01 -3.8931828E-02  1.6199718E-02 -6.4066644E-03  1.8512403E-03  1.4075327E-04 -6.0022200E-05  2.1730652E-05 -4.6892660E-06  2.2937385E-08 -5.1638166E-09
  2.0106843E-04  1.2395263E-01 -4.0410785E-02  1.6815099E-02 -6.6500343E-03  1.9215633E-03  1.5066068E-04 -6.4247142E-05  2.3260269E-05 -5.0193428E-06  2.5475540E-08 -5.7352242E-09
  2.0893117E-04  1.2854379E-01 -4.1907217E-02  1.7437750E-02 -6.8962788E-03  1.9927169E-03  1.6100241E-04 -6.8657307E-05  2.4856945E-05 -5.3638903E-06  2.8223546E-08 -6.3538749E-09
  2.1690558E-04  1.3318943E-01 -4.3421375E-02  1.8067775E-02 -7.1454396E-03  2.0647132E-03  1.7179051E-04 -7.3257829E-05  2.6522540E-05 -5.7233097E-06  3.1194288E-08 -7.0226699E-09
  2.2499324E-04  1.3789032E-01 -4.4953515E-02  1.8705281E-02 -7.3975586E-03  2.1375643E-03  1.8303738E-04 -7.8054002E-05  2.8258969E-05 -6.0980147E-06  3.4401296E-08 -7.7446550E-09
  2.3319577E-04  1.4264726E-01 -4.6503891E-02  1.9350372E-02 -7.6526775E-03  2.2112822E-03  1.9475583E-04 -8.3051282E-05  3.0068209E-05 -6.4884313E-06  3.7858769E-08 -8.5230266E-09
  2.4151479E-04  1.4746103E-01 -4.8072757E-02  2.0003155E-02 -7.9108382E-03  2.2858790E-03  2.0695903E-04 -8.8255290E-05  3.1952293E-05 -6.8949988E-06  4.1581606E-08 -9.3611394E-09
  2.4995196E-04  1.5233242E-01 -4.9660368E-02  2.0663737E-02 -8.1720828E-03  2.3613670E-03  2.1966056E-04 -9.3671815E-05  3.3913319E-05 -7.3181696E-06  4.5585445E-08 -1.0262514E-08
  2.5850895E-04  1.5726222E-01 -5.1266982E-02  2.1332223E-02 -8.4364533E-03  2.4377582E-03  2.3287439E-04 -9.9306822E-05  3.5953446E-05 -7.7584095E-06  4.9886690E-08 -1.1230842E-08
  2.6718748E-04  1.6225122E-01 -5.2892856E-02  2.2008720E-02 -8.7039922E-03  2.5150649E-03  2.4661494E-04 -1.0516645E-04  3.8074896E-05 -8.2161983E-06  5.4502550E-08 -1.2269999E-08
  2.7598925E-04  1.6730022E-01 -5.4538248E-02  2.2693337E-02 -8.9747419E-03  2.5932994E-03  2.6089701E-04 -1.1125702E-04  4.0279958E-05 -8.6920298E-06  5.9451075E-08 -1.3384049E-08
  2.8491604E-04  1.7241003E-01 -5.6203418E-02  2.3386181E-02 -9.2487451E-03  2.6724739E-03  2.7573587E-04 -1.1758504E-04  4.2570988E-05 -9.1864123E-06  6.4751197E-08 -1.4577254E-08
  2.9396960E-04  1.7758144E-01 -5.7888627E-02  2.4087361E-02 -9.5260447E-03  2.7526010E-03  2.9114722E-04 -1.2415721E-04  4.4950411E-05 -9.6998692E-06  7.0422768E-08 -1.5854082E-08
  3.0315175E-04  1.8281527E-01 -5.9594137E-02  2.4796985E-02 -9.8066838E-03  2.8336931E-03  3.0714721E-04 -1.3098041E-04  4.7420721E-05 -1.0232939E-05  7.6486603E-08 -1.7219219E-08
  3.1246430E-04  1.8811234E-01 -6.1320212E-02  2.5515164E-02 -1.0090706E-02  2.9157627E-03  3.2375247E-04 -1.3806174E-04  4.9984486E-05 -1.0786175E-05  8.2964525E-08 -1.8677580E-08
  3.2190911E-04  1.9347346E-01 -6.3067118E-02  2.6242008E-02 -1.0378155E-02  2.9988224E-03  3.4098012E-04 -1.4540850E-04  5.2644347E-05 -1.1360148E-05  8.9879411E-08 -2.0234314E-08
  3.3148806E-04  1.9889946E-01 -6.4835122E-02  2.6977627E-02 -1.0669074E-02  3.0828849E-03  3.5884774E-04 -1.5302819E-04  5.5403022E-05 -1.1955444E-05  9.7255237E-08 -2.1894819E-08
  3.4120305E-04  2.0439117E-01 -6.6624492E-02  2.7722134E-02 -1.0963507E-02  3.1679629E-03  3.7737344E-04 -1.6092852E-04  5.8263305E-05 -1.2572665E-05  1.0511713E-07 -2.3664752E-08
  3.5105602E-04  2.0994943E-01 -6.8435499E-02  2.8475641E-02 -1.1261500E-02  3.2540694E-03  3.9657583E-04 -1.6911745E-04  6.1228071E-05 -1.3212434E-05  1.1349144E-07 -2.5550043E-08
  3.6104892E-04  2.1557508E-01 -7.0268414E-02  2.9238261E-02 -1.1563097E-02  3.3412171E-03  4.1647407E-04 -1.7760313E-04  6.4300277E-05 -1.3875387E-05  1.2240573E-07 -2.7556902E-08
  3.7118374E-04  2.2126895E-01 -7.2123513E-02  3.0010107E-02 -1.1868342E-02  3.4294193E-03  4.3708785E-04 -1.8639396E-04  6.7482963E-05 -1.4562181E-05  1.3188894E-07 -2.9691839E-08
  3.8146249E-04  2.2703192E-01 -7.4001071E-02  3.0791296E-02 -1.2177282E-02  3.5186888E-03  4.5843742E-04 -1.9549859E-04  7.0779257E-05 -1.5273490E-05  1.4197134E-07 -3.1961672E-08
  3.9188723E-04  2.3286484E-01 -7.5901366E-02  3.1581942E-02 -1.2489961E-02  3.6090390E-03  4.8054360E-04 -2.0492589E-04  7.4192374E-05 -1.6010008E-05  1.5268465E-07 -3.4373541E-08
  4.0246003E-04  2.3876857E-01 -7.7824678E-02  3.2382161E-02 -1.2806426E-02  3.7004832E-03  5.0342780E-04 -2.1468499E-04  7.7725620E-05 -1.6772449E-05  1.6406210E-07 -3.6934928E-08
  4.1318298E-04  2.4474398E-01 -7.9771288E-02  3.3192070E-02 -1.3126724E-02  3.7930346E-03  5.2711205E-04 -2.2478528E-04  8.1382394E-05 -1.7561546E-05  1.7613849E-07 -3.9653666E-08
  4.2405822E-04  2.5079196E-01 -8.1741480E-02  3.4011788E-02 -1.3450900E-02  3.8867068E-03  5.5161896E-04 -2.3523642E-04  8.5166190E-05 -1.8378054E-05  1.8895025E-07 -4.2537959E-08
  4.3508792E-04  2.5691339E-01 -8.3735540E-02  3.4841433E-02 -1.3779002E-02  3.9815134E-03  5.7697181E-04 -2.4604833E-04  8.9080603E-05 -1.9222747E-05  2.0253554E-07 -4.5596396E-08
  4.4627426E-04  2.6310916E-01 -8.5753756E-02  3.5681125E-02 -1.4111076E-02  4.0774679E-03  6.0319453E-04 -2.5723121E-04  9.3129324E-05 -2.0096423E-05  2.1693431E-07 -4.8837970E-08
  4.5761947E-04  2.6938017E-01 -8.7796418E-02  3.6530984E-02 -1.4447172E-02  4.1745843E-03  6.3031169E-04 -2.6879555E-04  9.7316151E-05 -2.0999901E-05  2.3218837E-07 -5.2272096E-08
  4.6912581E-04  2.7572733E-01 -8.9863817E-02  3.7391132E-02 -1.4787336E-02  4.2728762E-03  6.5834858E-04 -2.8075212E-04  1.0164499E-04 -2.1934023E-05  2.4834151E-07 -5.5908630E-08
  4.8079557E-04  2.8215154E-01 -9.1956248E-02  3.8261691E-02 -1.5131617E-02  4.3723578E-03  6.8733118E-04 -2.9311201E-04  1.0611984E-04 -2.2899655E-05  2.6543953E-07 -5.9757887E-08
  4.9263106E-04  2.8865373E-01 -9.4074007E-02  3.9142783E-02 -1.5480064E-02  4.4730430E-03  7.1728619E-04 -3.0588661E-04  1.1074484E-04 -2.3897686E-05  2.8353042E-07 -6.3830666E-08
  5.0463464E-04  2.9523481E-01 -9.6217393E-02  4.0034533E-02 -1.5832725E-02  4.5749460E-03  7.4824106E-04 -3.1908762E-04  1.1552422E-04 -2.4929032E-05  3.0266434E-07 -6.8138264E-08
  5.1680870E-04  3.0189573E-01 -9.8386705E-02  4.0937066E-02 -1.6189650E-02  4.6780810E-03  7.8022401E-04 -3.3272707E-04  1.2046234E-04 -2.5994631E-05  3.2289383E-07 -7.2692506E-08
  5.2915566E-04  3.0863742E-01 -1.0058225E-01  4.1850507E-02 -1.6550888E-02  4.7824626E-03  8.1326403E-04 -3.4681733E-04  1.2556368E-04 -2.7095451E-05  3.4427384E-07 -7.7505764E-08
  5.4167797E-04  3.1546083E-01 -1.0280432E-01  4.2774983E-02 -1.6916491E-02  4.8881049E-03  8.4739092E-04 -3.6137111E-04  1.3083283E-04 -2.8232484E-05  3.6686187E-07 -8.2590985E-08
  5.5437813E-04  3.2236692E-01 -1.0505324E-01  4.3710621E-02 -1.7286507E-02  4.9950228E-03  8.8263530E-04 -3.7640147E-04  1.3627452E-04 -2.9406751E-05  3.9071808E-07 -8.7961711E-08
  5.6725866E-04  3.2935663E-01 -1.0732930E-01  4.4657550E-02 -1.7660988E-02  5.1032308E-03  9.1902864E-04 -3.9192183E-04  1.4189362E-04 -3.0619299E-05  4.1590541E-07 -9.3632111E-08
  5.8032212E-04  3.3643094E-01 -1.0963283E-01  4.5615899E-02 -1.8039986E-02  5.2127436E-03  9.5660328E-04 -4.0794598E-04  1.4769511E-04 -3.1871207E-05  4.4248969E-07 -9.9617006E-08
  5.9357112E-04  3.4359083E-01 -1.1196413E-01  4.6585798E-02 -1.8423550E-02  5.3235762E-03  9.9539247E-04 -4.2448809E-04  1.5368413E-04 -3.3163582E-05  4.7053977E-07 -1.0593190E-07
  6.0700827E-04  3.5083727E-01 -1.1432352E-01  4.7567378E-02 -1.8811734E-02  5.4357435E-03  1.0354303E-03 -4.4156273E-04  1.5986596E-04 -3.4497561E-05  5.0012768E-07 -1.1259300E-07
  6.2063627E-04  3.5817125E-01 -1.1671132E-01  4.8560772E-02 -1.9204589E-02  5.5492606E-03  1.0767520E-03 -4.5918487E-04  1.6624600E-04 -3.5874314E-05  5.3132875E-07 -1.1961728E-07
  6.3445781E-04  3.6559377E-01 -1.1912785E-01  4.9566111E-02 -1.9602168E-02  5.6641426E-03  1.1193935E-03 -4.7736988E-04  1.7282983E-04 -3.7295043E-05  5.6422174E-07 -1.2702245E-07
  6.4847565E-04  3.7310583E-01 -1.2157343E-01  5.0583529E-02 -2.0004523E-02  5.7804048E-03  1.1633919E-03 -4.9613356E-04  1.7962316E-04 -3.8760981E-05  5.9888902E-07 -1.3482708E-07
  6.6269258E-04  3.8070844E-01 -1.2404837E-01  5.1613161E-02 -2.0411708E-02  5.8980626E-03  1.2087852E-03 -5.1549215E-04  1.8663188E-04 -4.0273397E-05  6.3541673E-07 -1.4305054E-07
  6.7711141E-04  3.8840261E-01 -1.2655302E-01  5.2655142E-02 -2.0823776E-02  6.0171314E-03  1.2556126E-03 -5.3546232E-04  1.9386203E-04 -4.1833594E-05  6.7389492E-07 -1.5171311E-07
  6.9173503E-04  3.9618937E-01 -1.2908769E-01  5.3709608E-02 -2.1240782E-02  6.1376268E-03  1.3039143E-03 -5.5606122E-04  2.0131980E-04 -4.3442911E-05  7.1441774E-07 -1.6083599E-07
  7.0656634E-04  4.0406975E-01 -1.3165272E-01  5.4776697E-02 -2.1662779E-02  6.2595644E-03  1.3537316E-03 -5.7730645E-04  2.0901158E-04 -4.5102724E-05  7.5708362E-07 -1.7044134E-07
  7.2160828E-04  4.1204478E-01 -1.3424844E-01  5.5856546E-02 -2.2089821E-02  6.3829600E-03  1.4051068E-03 -5.9921611E-04  2.1694390E-04 -4.6814446E-05  8.0199547E-07 -1.8055233E-07
  7.3686385E-04  4.2011551E-01 -1.3687518E-01  5.6949294E-02 -2.2521964E-02  6.5078294E-03  1.4580835E-03 -6.2180877E-04  2.2512351E-04 -4.8579529E-05  8.4926084E-07 -1.9119316E-07
  7.5233609E-04  4.2828299E-01 -1.3953328E-01  5.8055080E-02 -2.2959263E-02  6.6341885E-03  1.5127066E-03 -6.4510353E-04  2.3355732E-04 -5.0399465E-05  8.9899217E-07 -2.0238916E-07
  7.6802806E-04  4.3654827E-01 -1.4222308E-01  5.9174044E-02 -2.3401773E-02  6.7620533E-03  1.5690220E-03 -6.6912000E-04  2.4225241E-04 -5.2275785E-05  9.5130696E-07 -2.1416677E-07
  7.8394290E-04  4.4491241E-01 -1.4494491E-01  6.0306328E-02 -2.3849549E-02  6.8914400E-03  1.6270770E-03 -6.9387835E-04  2.5121610E-04 -5.4210065E-05  1.0063280E-06 -2.2655365E-07
  8.0008376E-04  4.5337649E-01 -1.4769912E-01  6.1452073E-02 -2.4302649E-02  7.0223648E-03  1.6869200E-03 -7.1939925E-04  2.6045587E-04 -5.6203921E-05  1.0641837E-06 -2.3957869E-07
  8.1645386E-04  4.6194157E-01 -1.5048605E-01  6.2611422E-02 -2.4761127E-02  7.1548439E-03  1.7486011E-03 -7.4570398E-04  2.6997943E-04 -5.8259015E-05  1.1250082E-06 -2.5327209E-07
  8.3305645E-04  4.7060875E-01 -1.5330605E-01  6.3784518E-02 -2.5225042E-02  7.2888936E-03  1.8121714E-03 -7.7281439E-04  2.7979467E-04 -6.0377052E-05  1.1889416E-06 -2.6766541E-07
  8.4989484E-04  4.7937911E-01 -1.5615946E-01  6.4971505E-02 -2.5694449E-02  7.4245305E-03  1.8776834E-03 -8.0075290E-04  2.8990973E-04 -6.2559787E-05  1.2561304E-06 -2.8279161E-07
  8.6697237E-04  4.8825375E-01 -1.5904664E-01  6.6172527E-02 -2.6169406E-02  7.5617711E-03  1.9451914E-03 -8.2954256E-04  3.0033295E-04 -6.4809019E-05  1.3267276E-06 -2.9868516E-07
  8.8429244E-04  4.9723375E-01 -1.6196793E-01  6.7387730E-02 -2.6649971E-02  7.7006318E-03  2.0147507E-03 -8.5920705E-04  3.1107289E-04 -6.7126598E-05  1.4008932E-06 -3.1538205E-07
  9.0185849E-04  5.0632024E-01 -1.6492368E-01  6.8617261E-02 -2.7136201E-02  7.8411295E-03  2.0864184E-03 -8.8977068E-04  3.2213836E-04 -6.9514424E-05  1.4787941E-06 -3.3291988E-07
  9.1967402E-04  5.1551432E-01 -1.6791425E-01  6.9861264E-02 -2.7628153E-02  7.9832808E-03  2.1602531E-03 -9.2125843E-04  3.3353841E-04 -7.1974447E-05  1.5606049E-06 -3.5133794E-07
  9.3774256E-04  5.2481710E-01 -1.7093999E-01  7.1119889E-02 -2.8125887E-02  8.1271026E-03  2.2363149E-03 -9.5369594E-04  3.4528231E-04 -7.4508671E-05  1.6465079E-06 -3.7067729E-07
  9.5606773E-04  5.3422972E-01 -1.7400127E-01  7.2393281E-02 -2.8629461E-02  8.2726117E-03  2.3146656E-03 -9.8710957E-04  3.5737962E-04 -7.7119156E-05  1.7366936E-06 -3.9098079E-07
  9.7465315E-04  5.4375329E-01 -1.7709843E-01  7.3681591E-02 -2.9138932E-02  8.4198252E-03  2.3953687E-03 -1.0215264E-03  3.6984011E-04 -7.9808014E-05  1.8313608E-06 -4.1229323E-07
  9.9350253E-04  5.5338895E-01 -1.8023184E-01  7.4984966E-02 -2.9654361E-02  8.5687598E-03  2.4784893E-03 -1.0569741E-03  3.8267386E-04 -8.2577417E-05  1.9307174E-06 -4.3466139E-07
  1.0126196E-03  5.6313784E-01 -1.8340185E-01  7.6303556E-02 -3.0175806E-02  8.7194329E-03  2.5640944E-03 -1.0934814E-03  3.9589120E-04 -8.5429594E-05  2.0349804E-06 -4.5813413E-07
  1.0320082E-03  5.7300110E-01 -1.8660883E-01  7.7637512E-02 -3.0703326E-02  8.8718613E-03  2.6522527E-03 -1.1310774E-03  4.0950274E-04 -8.8366835E-05  2.1443764E-06 -4.8276248E-07
  1.0516721E-03  5.8297987E-01 -1.8985315E-01  7.8986982E-02 -3.1236980E-02  9.0260624E-03  2.7430348E-03 -1.1697924E-03  4.2351937E-04 -9.1391492E-05  2.2591423E-06 -5.0859974E-07
  1.0716154E-03  5.9307532E-01 -1.9313515E-01  8.0352118E-02 -3.1776829E-02  9.1820533E-03  2.8365132E-03 -1.2096572E-03  4.3795229E-04 -9.4505980E-05  2.3795251E-06 -5.3570156E-07
  1.0918418E-03  6.0328858E-01 -1.9645522E-01  8.1733071E-02 -3.2322932E-02  9.3398512E-03  2.9327623E-03 -1.2507036E-03  4.5281298E-04 -9.7712778E-05  2.5057832E-06 -5.6412606E-07
  1.1123555E-03  6.1362083E-01 -1.9981372E-01  8.3129992E-02 -3.2875349E-02  9.4994734E-03  3.0318586E-03 -1.2929641E-03  4.6811325E-04 -1.0101443E-04  2.6381861E-06 -5.9393395E-07
  1.1331606E-03  6.2407322E-01 -2.0321100E-01  8.4543033E-02 -3.3434139E-02  9.6609373E-03  3.1338806E-03 -1.3364722E-03  4.8386522E-04 -1.0441356E-04  2.7770153E-06 -6.2518860E-07
  1.1542611E-03  6.3464692E-01 -2.0664744E-01  8.5972346E-02 -3.3999363E-02  9.8242602E-03  3.2389089E-03 -1.3812624E-03  5.0008133E-04 -1.0791284E-04  2.9225647E-06 -6.5795619E-07
  1.1756613E-03  6.4534310E-01 -2.1012341E-01  8.7418083E-02 -3.4571081E-02  9.9894595E-03  3.3470263E-03 -1.4273698E-03  5.1677436E-04 -1.1151504E-04  3.0751413E-06 -6.9230581E-07
  1.1973655E-03  6.5616293E-01 -2.1363927E-01  8.8880396E-02 -3.5149353E-02  1.0156552E-02  3.4583178E-03 -1.4748308E-03  5.3395742E-04 -1.1522298E-04  3.2350655E-06 -7.2830960E-07
  1.2193779E-03  6.6710759E-01 -2.1719540E-01  9.0359438E-02 -3.5734239E-02  1.0325557E-02  3.5728706E-03 -1.5236824E-03  5.5164399E-04 -1.1903958E-04  3.4026719E-06 -7.6604288E-07
  1.2417029E-03  6.7817826E-01 -2.2079215E-01  9.1855362E-02 -3.6325800E-02  1.0496489E-02  3.6907743E-03 -1.5739631E-03  5.6984789E-04 -1.2296781E-04  3.5783098E-06 -8.0558429E-07
  1.2643450E-03  6.8937611E-01 -2.2442990E-01  9.3368319E-02 -3.6924095E-02  1.0669368E-02  3.8121210E-03 -1.6257118E-03  5.8858332E-04 -1.2701074E-04  3.7623437E-06 -8.4701591E-07
  1.2873086E-03  7.0070233E-01 -2.2810902E-01  9.4898462E-02 -3.7529185E-02  1.0844210E-02  3.9370050E-03 -1.6789691E-03  6.0786487E-04 -1.3117151E-04  3.9551543E-06 -8.9042343E-07
  1.3105984E-03  7.1215810E-01 -2.3182988E-01  9.6445945E-02 -3.8141131E-02  1.1021033E-02  4.0655234E-03 -1.7337760E-03  6.2770750E-04 -1.3545336E-04  4.1571389E-06 -9.3589631E-07
  1.3342189E-03  7.2374460E-01 -2.3559285E-01  9.8010919E-02 -3.8759993E-02  1.1199854E-02  4.1977757E-03 -1.7901752E-03  6.4812657E-04 -1.3985961E-04  4.3687124E-06 -9.8352792E-07
  1.3581750E-03  7.3546302E-01 -2.3939829E-01  9.9593536E-02 -3.9385829E-02  1.1380691E-02  4.3338642E-03 -1.8482102E-03  6.6913787E-04 -1.4439364E-04  4.5903075E-06 -1.0334157E-06
  1.3824712E-03  7.4731454E-01 -2.4324657E-01  1.0119395E-01 -4.0018702E-02  1.1563561E-02  4.4738936E-03 -1.9079256E-03  6.9075758E-04 -1.4905897E-04  4.8223763E-06 -1.0856614E-06
  1.4071125E-03  7.5930036E-01 -2.4713805E-01  1.0281231E-01 -4.0658670E-02  1.1748480E-02  4.6179719E-03 -1.9693675E-03  7.1300232E-04 -1.5385918E-04  5.0653902E-06 -1.1403713E-06
  1.4321038E-03  7.7142165E-01 -2.5107312E-01  1.0444877E-01 -4.1305794E-02  1.1935468E-02  4.7662094E-03 -2.0325830E-03  7.3588917E-04 -1.5879794E-04  5.3198416E-06 -1.1976560E-06
  1.4574500E-03  7.8367960E-01 -2.5505212E-01  1.0610347E-01 -4.1960132E-02  1.2124540E-02  4.9187198E-03 -2.0976204E-03  7.5943563E-04 -1.6387904E-04  5.5862440E-06 -1.2576313E-06
  1.4831562E-03  7.9607540E-01 -2.5907543E-01  1.0777658E-01 -4.2621745E-02  1.2315714E-02  5.0756196E-03 -2.1645295E-03  7.8365970E-04 -1.6910637E-04  5.8651337E-06 -1.3204178E-06
  1.5092274E-03  8.0861022E-01 -2.6314341E-01  1.0946824E-01 -4.3290692E-02  1.2509007E-02  5.2370282E-03 -2.2333611E-03  8.0857982E-04 -1.7448389E-04  6.1570702E-06 -1.3861416E-06
  1.5356689E-03  8.2128525E-01 -2.6725642E-01  1.1117860E-01 -4.3967031E-02  1.2704435E-02  5.4030685E-03 -2.3041677E-03  8.3421493E-04 -1.8001570E-04  6.4626371E-06 -1.4549340E-06
  1.5624860E-03  8.3410166E-01 -2.7141482E-01  1.1290780E-01 -4.4650821E-02  1.2902017E-02  5.5738665E-03 -2.3770028E-03  8.6058449E-04 -1.8570600E-04  6.7824438E-06 -1.5269322E-06
  1.5896839E-03  8.4706064E-01 -2.7561896E-01  1.1465600E-01 -4.5342121E-02  1.3101769E-02  5.7495515E-03 -2.4519218E-03  8.8770844E-04 -1.9155909E-04  7.1171260E-06 -1.6022793E-06
  1.6172681E-03  8.6016335E-01 -2.7986922E-01  1.1642334E-01 -4.6040988E-02  1.3303707E-02  5.9302562E-03 -2.5289810E-03  9.1560726E-04 -1.9757939E-04  7.4673470E-06 -1.6811247E-06
  1.6452441E-03  8.7341097E-01 -2.8416593E-01  1.1820997E-01 -4.6747480E-02  1.3507849E-02  6.1161168E-03 -2.6082387E-03  9.4430198E-04 -2.0377143E-04  7.8337989E-06 -1.7636241E-06
  1.6736173E-03  8.8680465E-01 -2.8850946E-01  1.2001603E-01 -4.7461655E-02  1.3714210E-02  6.3072731E-03 -2.6897543E-03  9.7381417E-04 -2.1013988E-04  8.2172038E-06 -1.8499402E-06
  1.7023936E-03  9.0034556E-01 -2.9290014E-01  1.2184167E-01 -4.8183569E-02  1.3922807E-02  6.5038686E-03 -2.7735890E-03  1.0041659E-03 -2.1668950E-04  8.6183150E-06 -1.9402425E-06
  1.7315785E-03  9.1403484E-01 -2.9733834E-01  1.2368703E-01 -4.8913279E-02  1.4133657E-02  6.7060504E-03 -2.8598055E-03  1.0353800E-03 -2.2342520E-04  9.0379187E-06 -2.0347080E-06
  1.7611779E-03  9.2787366E-01 -3.0182439E-01  1.2555226E-01 -4.9650839E-02  1.4346775E-02  6.9139698E-03 -2.9484683E-03  1.0674798E-03 -2.3035201E-04  9.4768349E-06 -2.1335213E-06
  1.7911977E-03  9.4186315E-01 -3.0635863E-01  1.2743748E-01 -5.0396307E-02  1.4562178E-02  7.1277816E-03 -3.0396435E-03  1.1004890E-03 -2.3747509E-04  9.9359189E-06 -2.2368750E-06
  1.8216438E-03  9.5600444E-01 -3.1094140E-01  1.2934284E-01 -5.1149736E-02  1.4779881E-02  7.3476450E-03 -3.1333987E-03  1.1344324E-03 -2.4479974E-04  1.0416063E-05 -2.3449700E-06
  1.8525224E-03  9.7029867E-01 -3.1557304E-01  1.3126848E-01 -5.1911180E-02  1.4999900E-02  7.5737231E-03 -3.2298036E-03  1.1693350E-03 -2.5233139E-04  1.0918199E-05 -2.4580158E-06
  1.8838394E-03  9.8474695E-01 -3.2025387E-01  1.3321453E-01 -5.2680693E-02  1.5222251E-02  7.8061835E-03 -3.3289296E-03  1.2052227E-03 -2.6007561E-04  1.1443297E-05 -2.5762312E-06
  1.9156013E-03  9.9935039E-01 -3.2498423E-01  1.3518113E-01 -5.3458327E-02  1.5446948E-02  8.0451980E-03 -3.4308498E-03  1.2421221E-03 -2.6803813E-04  1.1992370E-05 -2.6998441E-06
  1.9478142E-03  1.0141101E+00 -3.2976442E-01  1.3716840E-01 -5.4244134E-02  1.5674006E-02  8.2909430E-03 -3.5356395E-03  1.2800602E-03 -2.7622481E-04  1.2566475E-05 -2.8290924E-06
  1.9804847E-03  1.0290271E+00 -3.3459477E-01  1.3917648E-01 -5.5038166E-02  1.5903441E-02  8.5435991E-03 -3.6433756E-03  1.3190651E-03 -2.8464168E-04  1.3166713E-05 -2.9642241E-06
  2.0136191E-03  1.0441026E+00 -3.3947559E-01  1.4120550E-01 -5.5840472E-02  1.6135266E-02  8.8033521E-03 -3.7541372E-03  1.3591653E-03 -2.9329491E-04  1.3794235E-05 -3.1054981E-06
  2.0472241E-03  1.0593376E+00 -3.4440719E-01  1.4325557E-01 -5.6651102E-02  1.6369497E-02  9.0703923E-03 -3.8680056E-03  1.4003902E-03 -3.0219084E-04  1.4450238E-05 -3.2531841E-06
  2.0813064E-03  1.0747332E+00 -3.4938986E-01  1.4532683E-01 -5.7470105E-02  1.6606147E-02  9.3449149E-03 -3.9850638E-03  1.4427699E-03 -3.1133597E-04  1.5135974E-05 -3.4075637E-06
  2.1158728E-03  1.0902903E+00 -3.5442391E-01  1.4741939E-01 -5.8297527E-02  1.6845229E-02  9.6271203E-03 -4.1053972E-03  1.4863354E-03 -3.2073697E-04  1.5852745E-05 -3.5689303E-06
  2.1509300E-03  1.1060101E+00 -3.5950962E-01  1.4953337E-01 -5.9133415E-02  1.7086757E-02  9.9172139E-03 -4.2290934E-03  1.5311182E-03 -3.3040066E-04  1.6601912E-05 -3.7375901E-06
  2.1864852E-03  1.1218934E+00 -3.6464727E-01  1.5166888E-01 -5.9977814E-02  1.7330745E-02  1.0215407E-02 -4.3562422E-03  1.5771510E-03 -3.4033408E-04  1.7384892E-05 -3.9138622E-06
  2.2225453E-03  1.1379415E+00 -3.6983713E-01  1.5382604E-01 -6.0830769E-02  1.7577205E-02  1.0521914E-02 -4.4869356E-03  1.6244671E-03 -3.5054441E-04  1.8203164E-05 -4.0980796E-06
  2.2591175E-03  1.1541551E+00 -3.7507949E-01  1.5600495E-01 -6.1692322E-02  1.7826148E-02  1.0836959E-02 -4.6212681E-03  1.6731005E-03 -3.6103904E-04  1.9058270E-05 -4.2905894E-06
  2.2962091E-03  1.1705353E+00 -3.8037459E-01  1.5820573E-01 -6.2562514E-02  1.8077588E-02  1.1160768E-02 -4.7593367E-03  1.7230865E-03 -3.7182552E-04  1.9951818E-05 -4.4917534E-06
  2.3338276E-03  1.1870830E+00 -3.8572270E-01  1.6042847E-01 -6.3441386E-02  1.8331536E-02  1.1493574E-02 -4.9012406E-03  1.7744610E-03 -3.8291162E-04  2.0885483E-05 -4.7019491E-06
  2.3719803E-03  1.2037992E+00 -3.9112404E-01  1.6267327E-01 -6.4328977E-02  1.8588003E-02  1.1835618E-02 -5.0470817E-03  1.8272609E-03 -3.9430529E-04  2.1861015E-05 -4.9215699E-06
  2.4106748E-03  1.2206848E+00 -3.9657888E-01  1.6494022E-01 -6.5225324E-02  1.8846999E-02  1.2187143E-02 -5.1969645E-03  1.8815239E-03 -4.0601470E-04  2.2880234E-05 -5.1510262E-06
  2.4499189E-03  1.2377405E+00 -4.0208742E-01  1.6722943E-01 -6.6130462E-02  1.9108536E-02  1.2548401E-02 -5.3509962E-03  1.9372888E-03 -4.1804822E-04  2.3945042E-05 -5.3907456E-06
  2.4897204E-03  1.2549674E+00 -4.0764988E-01  1.6954097E-01 -6.7044427E-02  1.9372623E-02  1.2919650E-02 -5.5092864E-03  1.9945955E-03 -4.3041442E-04  2.5057419E-05 -5.6411742E-06
  2.5300871E-03  1.2723661E+00 -4.1326648E-01  1.7187492E-01 -6.7967249E-02  1.9639269E-02  1.3301156E-02 -5.6719480E-03  2.0534847E-03 -4.4312210E-04  2.6219430E-05 -5.9027768E-06
  2.5710271E-03  1.2899377E+00 -4.1893741E-01  1.7423138E-01 -6.8898961E-02  1.9908484E-02  1.3693188E-02 -5.8390963E-03  2.1139981E-03 -4.5618029E-04  2.7433228E-05 -6.1760382E-06
  2.6125486E-03  1.3076827E+00 -4.2466286E-01  1.7661040E-01 -6.9839592E-02  2.0180275E-02  1.4096024E-02 -6.0108497E-03  2.1761786E-03 -4.6959821E-04  2.8701058E-05 -6.4614635E-06
  2.6546598E-03  1.3256021E+00 -4.3044301E-01  1.7901206E-01 -7.0789167E-02  2.0454650E-02  1.4509950E-02 -6.1873295E-03  2.2400702E-03 -4.8338536E-04  3.0025260E-05 -6.7595795E-06
  2.6973690E-03  1.3436965E+00 -4.3627801E-01  1.8143642E-01 -7.1747712E-02  2.0731618E-02  1.4935258E-02 -6.3686602E-03  2.3057179E-03 -4.9755145E-04  3.1408271E-05 -7.0709353E-06
  2.7406848E-03  1.3619666E+00 -4.4216803E-01  1.8388355E-01 -7.2715251E-02  2.1011183E-02  1.5372248E-02 -6.5549694E-03  2.3731678E-03 -5.1210645E-04  3.2852635E-05 -7.3961031E-06
  2.7846158E-03  1.3804131E+00 -4.4811319E-01  1.8635349E-01 -7.3691804E-02  2.1293353E-02  1.5821225E-02 -6.7463875E-03  2.4424672E-03 -5.2706055E-04  3.4361001E-05 -7.7356795E-06
  2.8291707E-03  1.3990367E+00 -4.5411363E-01  1.8884629E-01 -7.4677389E-02  2.1578132E-02  1.6282505E-02 -6.9430488E-03  2.5136647E-03 -5.4242423E-04  3.5936131E-05 -8.0902862E-06
  2.8743583E-03  1.4178379E+00 -4.6016946E-01  1.9136200E-01 -7.5672023E-02  2.1865526E-02  1.6756411E-02 -7.1450904E-03  2.5868099E-03 -5.5820820E-04  3.7580904E-05 -8.4605714E-06
  2.9201878E-03  1.4368174E+00 -4.6628078E-01  1.9390065E-01 -7.6675721E-02  2.2155538E-02  1.7243272E-02 -7.3526532E-03  2.6619538E-03 -5.7442347E-04  3.9298320E-05 -8.8472104E-06
  2.9666681E-03  1.4559756E+00 -4.7244766E-01  1.9646227E-01 -7.7688492E-02  2.2448172E-02  1.7743428E-02 -7.5658812E-03  2.7391486E-03 -5.9108129E-04  4.1091506E-05 -9.2509072E-06
  3.0138086E-03  1.4753131E+00 -4.7867019E-01  1.9904689E-01 -7.8710347E-02  2.2743430E-02  1.8257225E-02 -7.7849224E-03  2.8184477E-03 -6.0819321E-04  4.2963722E-05 -9.6723954E-06
  3.0616185E-03  1.4948304E+00 -4.8494842E-01  2.0165452E-01 -7.9741291E-02  2.3041314E-02  1.8785020E-02 -8.0099281E-03  2.8999060E-03 -6.2577105E-04  4.4918362E-05 -1.0112440E-05
  3.1101075E-03  1.5145279E+00 -4.9128237E-01  2.0428516E-01 -8.0781328E-02  2.3341825E-02  1.9327177E-02 -8.2410536E-03  2.9835797E-03 -6.4382694E-04  4.6958966E-05 -1.0571836E-05
  3.1592851E-03  1.5344059E+00 -4.9767207E-01  2.0693883E-01 -8.1830458E-02  2.3644963E-02  1.9884070E-02 -8.4784577E-03  3.0695262E-03 -6.6237328E-04  4.9089223E-05 -1.1051416E-05
  3.2091611E-03  1.5544648E+00 -5.0411753E-01  2.0961552E-01 -8.2888678E-02  2.3950728E-02  2.0456081E-02 -8.7223034E-03  3.1578046E-03 -6.8142282E-04  5.1312976E-05 -1.1552044E-05
  3.2597455E-03  1.5747049E+00 -5.1061872E-01  2.1231521E-01 -8.3955984E-02  2.4259117E-02  2.1043602E-02 -8.9727576E-03  3.2484752E-03 -7.0098856E-04  5.3634229E-05 -1.2074622E-05
  3.3110483E-03  1.5951265E+00 -5.1717562E-01  2.1503788E-01 -8.5032367E-02  2.4570128E-02  2.1647035E-02 -9.2299912E-03  3.3416000E-03 -7.2108387E-04  5.6057155E-05 -1.2620089E-05
  3.3630798E-03  1.6157298E+00 -5.2378816E-01  2.1778351E-01 -8.6117814E-02  2.4883758E-02  2.2266792E-02 -9.4941793E-03  3.4372422E-03 -7.4172243E-04  5.8586101E-05 -1.3189423E-05
  3.4158501E-03  1.6365149E+00 -5.3045628E-01  2.2055206E-01 -8.7212309E-02  2.5200002E-02  2.2903294E-02 -9.7655013E-03  3.5354668E-03 -7.6291823E-04  6.1225598E-05 -1.3783645E-05
  3.4693700E-03  1.6574819E+00 -5.3717987E-01  2.2334347E-01 -8.8315835E-02  2.5518854E-02  2.3556972E-02 -1.0044141E-02  3.6363403E-03 -7.8468563E-04  6.3980366E-05 -1.4403817E-05
  3.5236499E-03  1.6786309E+00 -5.4395883E-01  2.2615770E-01 -8.9428367E-02  2.5840309E-02  2.4228270E-02 -1.0330286E-02  3.7399308E-03 -8.0703932E-04  6.6855321E-05 -1.5051046E-05
  3.5787008E-03  1.6999619E+00 -5.5079301E-01  2.2899467E-01 -9.0549881E-02  2.6164358E-02  2.4917640E-02 -1.0624130E-02  3.8463081E-03 -8.2999435E-04  6.9855585E-05 -1.5726485E-05
  3.6345335E-03  1.7214749E+00 -5.5768226E-01  2.3185432E-01 -9.1680344E-02  2.6490993E-02  2.5625545E-02 -1.0925870E-02  3.9555434E-03 -8.5356613E-04  7.2986497E-05 -1.6431336E-05
  3.6911591E-03  1.7431697E+00 -5.6462638E-01  2.3473655E-01 -9.2819724E-02  2.6820204E-02  2.6352462E-02 -1.1235707E-02  4.0677101E-03 -8.7777043E-04  7.6253614E-05 -1.7166849E-05
  3.7485889E-03  1.7650462E+00 -5.7162517E-01  2.3764127E-01 -9.3967981E-02  2.7151979E-02  2.7098876E-02 -1.1553849E-02  4.1828828E-03 -9.0262341E-04  7.9662728E-05 -1.7934329E-05
  3.8068344E-03  1.7871041E+00 -5.7867839E-01  2.4056838E-01 -9.5125073E-02  2.7486306E-02  2.7865285E-02 -1.1880507E-02  4.3011383E-03 -9.2814162E-04  8.3219872E-05 -1.8735134E-05
  3.8659071E-03  1.8093432E+00 -5.8578578E-01  2.4351776E-01 -9.6290953E-02  2.7823171E-02  2.8652199E-02 -1.2215899E-02  4.4225551E-03 -9.5434197E-04  8.6931329E-05 -1.9570677E-05
  3.9258188E-03  1.8317631E+00 -5.9294706E-01  2.4648927E-01 -9.7465568E-02  2.8162560E-02  2.9460141E-02 -1.2560246E-02  4.5472134E-03 -9.8124181E-04  9.0803644E-05 -2.0442433E-05
  3.9865813E-03  1.8543633E+00 -6.0016190E-01  2.4948278E-01 -9.8648862E-02  2.8504456E-02  3.0289645E-02 -1.2913776E-02  4.6751956E-03 -1.0088589E-03  9.4843633E-05 -2.1351936E-05
  4.0482068E-03  1.8771435E+00 -6.0742997E-01  2.5249813E-01 -9.9840773E-02  2.8848841E-02  3.1141257E-02 -1.3276720E-02  4.8065857E-03 -1.0372114E-03  9.9058397E-05 -2.2300785E-05
  4.1107075E-03  1.9001030E+00 -6.1475089E-01  2.5553515E-01 -1.0104124E-01  2.9195697E-02  3.2015538E-02 -1.3649318E-02  4.9414699E-03 -1.0663178E-03  1.0345533E-04 -2.3290643E-05
  4.1740959E-03  1.9232412E+00 -6.2212426E-01  2.5859367E-01 -1.0225018E-01  2.9545002E-02  3.2913060E-02 -1.4031813E-02  5.0799363E-03 -1.0961972E-03  1.0804213E-04 -2.4323244E-05
  4.2383845E-03  1.9465573E+00 -6.2954964E-01  2.6167350E-01 -1.0346753E-01  2.9896734E-02  3.3834411E-02 -1.4424453E-02  5.2220752E-03 -1.1268691E-03  1.1282683E-04 -2.5400394E-05
  4.3035862E-03  1.9700507E+00 -6.3702657E-01  2.6477443E-01 -1.0469319E-01  3.0250870E-02  3.4780191E-02 -1.4827495E-02  5.3679789E-03 -1.1583534E-03  1.1781776E-04 -2.6523973E-05
  4.3697139E-03  1.9937205E+00 -6.4455455E-01  2.6789624E-01 -1.0592709E-01  3.0607383E-02  3.5751013E-02 -1.5241198E-02  5.5177417E-03 -1.1906704E-03  1.2302363E-04 -2.7695937E-05
  4.4367807E-03  2.0175656E+00 -6.5213304E-01  2.7103869E-01 -1.0716913E-01  3.0966248E-02  3.6747507E-02 -1.5665831E-02  5.6714603E-03 -1.2238411E-03  1.2845349E-04 -2.8918327E-05
  4.5048001E-03  2.0415852E+00 -6.5976148E-01  2.7420153E-01 -1.0841921E-01  3.1327434E-02  3.7770314E-02 -1.6101665E-02  5.8292335E-03 -1.2578866E-03  1.3411678E-04 -3.0193264E-05
  4.5737854E-03  2.0657780E+00 -6.6743926E-01  2.7738451E-01 -1.0967723E-01  3.1690912E-02  3.8820093E-02 -1.6548982E-02  5.9911625E-03 -1.2928289E-03  1.4002331E-04 -3.1522958E-05
  4.6437506E-03  2.0901429E+00 -6.7516574E-01  2.8058734E-01 -1.1094306E-01  3.2056650E-02  3.9897517E-02 -1.7008065E-02  6.1573505E-03 -1.3286902E-03  1.4618330E-04 -3.2909711E-05
  4.7147093E-03  2.1146785E+00 -6.8294024E-01  2.8380971E-01 -1.1221660E-01  3.2424612E-02  4.1003274E-02 -1.7479208E-02  6.3279034E-03 -1.3654934E-03  1.5260739E-04 -3.4355918E-05
  4.7866759E-03  2.1393836E+00 -6.9076205E-01  2.8705133E-01 -1.1349772E-01  3.2794762E-02  4.2138068E-02 -1.7962710E-02  6.5029292E-03 -1.4032618E-03  1.5930667E-04 -3.5864074E-05
  4.8596645E-03  2.1642566E+00 -6.9863040E-01  2.9031185E-01 -1.1478628E-01  3.3167064E-02  4.3302618E-02 -1.8458875E-02  6.6825387E-03 -1.4420193E-03  1.6629267E-04 -3.7436774E-05
  4.9336898E-03  2.1892960E+00 -7.0654450E-01  2.9359094E-01 -1.1608216E-01  3.3541475E-02  4.4497660E-02 -1.8968017E-02  6.8668447E-03 -1.4817902E-03  1.7357740E-04 -3.9076723E-05
  5.0087663E-03  2.2145001E+00 -7.1450350E-01  2.9688821E-01 -1.1738519E-01  3.3917955E-02  4.5723949E-02 -1.9490455E-02  7.0559629E-03 -1.5225995E-03  1.8117336E-04 -4.0786733E-05
  5.0849092E-03  2.2398671E+00 -7.2250653E-01  3.0020329E-01 -1.1869523E-01  3.4296459E-02  4.6982252E-02 -2.0026516E-02  7.2500115E-03 -1.5644726E-03  1.8909356E-04 -4.2569734E-05
  5.1621334E-03  2.2653952E+00 -7.3055264E-01  3.0353578E-01 -1.2001212E-01  3.4676939E-02  4.8273357E-02 -2.0576533E-02  7.4491111E-03 -1.6074358E-03  1.9735155E-04 -4.4428774E-05
  5.2404543E-03  2.2910823E+00 -7.3864088E-01  3.0688524E-01 -1.2133569E-01  3.5059348E-02  4.9598067E-02 -2.1140847E-02  7.6533853E-03 -1.6515154E-03  2.0596141E-04 -4.6367026E-05
  5.3198877E-03  2.3169265E+00 -7.4677021E-01  3.1025124E-01 -1.2266576E-01  3.5443634E-02  5.0957206E-02 -2.1719808E-02  7.8629601E-03 -1.6967389E-03  2.1493783E-04 -4.8387794E-05
  5.4004491E-03  2.3429254E+00 -7.5493957E-01  3.1363331E-01 -1.2400214E-01  3.5829744E-02  5.2351613E-02 -2.2313772E-02  8.0779645E-03 -1.7431340E-03  2.2429608E-04 -5.0494515E-05
  5.4821547E-03  2.3690768E+00 -7.6314783E-01  3.1703097E-01 -1.2534465E-01  3.6217621E-02  5.3782146E-02 -2.2923102E-02  8.2985301E-03 -1.7907291E-03  2.3405204E-04 -5.2690765E-05
  5.5650207E-03  2.3953782E+00 -7.7139384E-01  3.2044370E-01 -1.2669308E-01  3.6607208E-02  5.5249684E-02 -2.3548170E-02  8.5247915E-03 -1.8395532E-03  2.4422225E-04 -5.4980268E-05
  5.6490636E-03  2.4218271E+00 -7.7967637E-01  3.2387099E-01 -1.2804722E-01  3.6998443E-02  5.6755121E-02 -2.4189357E-02  8.7568861E-03 -1.8896361E-03  2.5482393E-04 -5.7366898E-05
  5.7343000E-03  2.4484208E+00 -7.8799414E-01  3.2731227E-01 -1.2940686E-01  3.7391262E-02  5.8299375E-02 -2.4847051E-02  8.9949543E-03 -1.9410079E-03  2.6587499E-04 -5.9854684E-05
  5.8207471E-03  2.4751565E+00 -7.9634584E-01  3.3076697E-01 -1.3077175E-01  3.7785600E-02  5.9883380E-02 -2.5521647E-02  9.2391394E-03 -1.9936996E-03  2.7739405E-04 -6.2447824E-05
  5.9084218E-03  2.5020314E+00 -8.0473007E-01  3.3423449E-01 -1.3214166E-01  3.8181388E-02  6.1508092E-02 -2.6213551E-02  9.4895879E-03 -2.0477428E-03  2.8940051E-04 -6.5150679E-05
  5.9973418E-03  2.5290422E+00 -8.1314540E-01  3.3771421E-01 -1.3351635E-01  3.8578553E-02  6.3174487E-02 -2.6923176E-02  9.7464491E-03 -2.1031698E-03  3.0191455E-04 -6.7967792E-05
  6.0875246E-03  2.5561860E+00 -8.2159033E-01  3.4120548E-01 -1.3489556E-01  3.8977021E-02  6.4883561E-02 -2.7650944E-02  1.0009876E-02 -2.1600135E-03  3.1495715E-04 -7.0903887E-05
  6.1789882E-03  2.5834592E+00 -8.3006330E-01  3.4470763E-01 -1.3627902E-01  3.9376715E-02  6.6636332E-02 -2.8397286E-02  1.0280024E-02 -2.2183074E-03  3.2855015E-04 -7.3963879E-05
  6.2717508E-03  2.6108586E+00 -8.3856270E-01  3.4821996E-01 -1.3766644E-01  3.9777553E-02  6.8433838E-02 -2.9162641E-02  1.0557051E-02 -2.2780860E-03  3.4271626E-04 -7.7152880E-05
  6.3658308E-03  2.6383804E+00 -8.4708685E-01  3.5174173E-01 -1.3905755E-01  4.0179453E-02  7.0277140E-02 -2.9947458E-02  1.0841122E-02 -2.3393842E-03  3.5747912E-04 -8.0476210E-05
  6.4612470E-03  2.6660210E+00 -8.5563400E-01  3.5527220E-01 -1.4045203E-01  4.0582327E-02  7.2167320E-02 -3.0752194E-02  1.1132400E-02 -2.4022376E-03  3.7286331E-04 -8.3939401E-05
  6.5580183E-03  2.6937765E+00 -8.6420235E-01  3.5881058E-01 -1.4184958E-01  4.0986085E-02  7.4105482E-02 -3.1577318E-02  1.1431055E-02 -2.4666829E-03  3.8889439E-04 -8.7548209E-05
  6.6561639E-03  2.7216428E+00 -8.7279002E-01  3.6235607E-01 -1.4324988E-01  4.1390634E-02  7.6092755E-02 -3.2423305E-02  1.1737260E-02 -2.5327571E-03  4.0559895E-04 -9.1308617E-05
  6.7557035E-03  2.7496158E+00 -8.8139508E-01  3.6590781E-01 -1.4465259E-01  4.1795878E-02  7.8130287E-02 -3.3290643E-02  1.2051190E-02 -2.6004982E-03  4.2300466E-04 -9.5226852E-05
  6.8566567E-03  2.7776910E+00 -8.9001550E-01  3.6946495E-01 -1.4605737E-01  4.2201715E-02  8.0219253E-02 -3.4179825E-02  1.2373023E-02 -2.6699449E-03  4.4114029E-04 -9.9309389E-05
  6.9590437E-03  2.8058641E+00 -8.9864922E-01  3.7302658E-01 -1.4746385E-01  4.2608043E-02  8.2360848E-02 -3.5091359E-02  1.2702944E-02 -2.7411365E-03  4.6003574E-04 -1.0356296E-04
  7.0628849E-03  2.8341304E+00 -9.0729407E-01  3.7659178E-01 -1.4887168E-01  4.3014755E-02  8.4556295E-02 -3.6025760E-02  1.3041138E-02 -2.8141134E-03  4.7972212E-04 -1.0799456E-04
  7.1682008E-03  2.8624850E+00 -9.1594783E-01  3.8015957E-01 -1.5028045E-01  4.3421739E-02  8.6806837E-02 -3.6983553E-02  1.3387796E-02 -2.8889165E-03  5.0023178E-04 -1.1261149E-04
  7.2750124E-03  2.8909230E+00 -9.2460820E-01  3.8372897E-01 -1.5168978E-01  4.3828882E-02  8.9113743E-02 -3.7965273E-02  1.3743111E-02 -2.9655875E-03  5.2159836E-04 -1.1742129E-04
  7.3833410E-03  2.9194393E+00 -9.3327280E-01  3.8729895E-01 -1.5309927E-01  4.4236064E-02  9.1478308E-02 -3.8971468E-02  1.4107280E-02 -3.0441691E-03  5.4385683E-04 -1.2243186E-04
  7.4932081E-03  2.9480285E+00 -9.4193918E-01  3.9086844E-01 -1.5450847E-01  4.4643164E-02  9.3901850E-02 -4.0002693E-02  1.4480504E-02 -3.1247046E-03  5.6704355E-04 -1.2765136E-04
  7.6046355E-03  2.9766852E+00 -9.5060480E-01  3.9443635E-01 -1.5591697E-01  4.5050055E-02  9.6385715E-02 -4.1059515E-02  1.4862989E-02 -3.2072383E-03  5.9119632E-04 -1.3308831E-04
  7.7176455E-03  3.0054037E+00 -9.5926705E-01  3.9800155E-01 -1.5732431E-01  4.5456608E-02  9.8931270E-02 -4.2142511E-02  1.5254943E-02 -3.2918150E-03  6.1635443E-04 -1.3875156E-04
  7.8322605E-03  3.0341781E+00 -9.6792323E-01  4.0156287E-01 -1.5873003E-01  4.5862688E-02  1.0153991E-01 -4.3252269E-02  1.5656578E-02 -3.3784808E-03  6.4255874E-04 -1.4465029E-04
  7.9485033E-03  3.0630026E+00 -9.7657055E-01  4.0511911E-01 -1.6013364E-01  4.6268157E-02  1.0421306E-01 -4.4389388E-02  1.6068111E-02 -3.4672822E-03  6.6985170E-04 -1.5079405E-04
  8.0663969E-03  3.0918708E+00 -9.8520615E-01  4.0866903E-01 -1.6153466E-01  4.6672872E-02  1.0695217E-01 -4.5554477E-02  1.6489762E-02 -3.5582668E-03  6.9827746E-04 -1.5719280E-04
  8.1859649E-03  3.1207764E+00 -9.9382708E-01  4.1221136E-01 -1.6293257E-01  4.7076687E-02  1.0975871E-01 -4.6748158E-02  1.6921755E-02 -3.6514830E-03  7.2788187E-04 -1.6385684E-04
  8.3072311E-03  3.1497129E+00 -1.0024303E+00  4.1574478E-01 -1.6432686E-01  4.7479449E-02  1.1263419E-01 -4.7971060E-02  1.7364318E-02 -3.7469799E-03  7.5871262E-04 -1.7079690E-04
  8.4302195E-03  3.1786736E+00 -1.0110127E+00  4.1926794E-01 -1.6571698E-01  4.7881003E-02  1.1558012E-01 -4.9223828E-02  1.7817684E-02 -3.8448076E-03  7.9081925E-04 -1.7802414E-04
  8.5549546E-03  3.2076514E+00 -1.0195710E+00  4.2277943E-01 -1.6710238E-01  4.8281189E-02  1.1859807E-01 -5.0507115E-02  1.8282088E-02 -3.9450171E-03  8.2425323E-04 -1.8555014E-04
  8.6814613E-03  3.2366393E+00 -1.0281019E+00  4.2627784E-01 -1.6848249E-01  4.8679842E-02  1.2168963E-01 -5.1821585E-02  1.8757772E-02 -4.0476603E-03  8.5906807E-04 -1.9338693E-04
  8.8097646E-03  3.2656299E+00 -1.0366020E+00  4.2976169E-01 -1.6985673E-01  4.9076792E-02  1.2485639E-01 -5.3167915E-02  1.9244978E-02 -4.1527897E-03  8.9531935E-04 -2.0154704E-04
  8.9398901E-03  3.2946159E+00 -1.0450679E+00  4.3322945E-01 -1.7122448E-01  4.9471865E-02  1.2810000E-01 -5.4546792E-02  1.9743955E-02 -4.2604590E-03  9.3306481E-04 -2.1004344E-04
  9.0718637E-03  3.3235893E+00 -1.0534958E+00  4.3667958E-01 -1.7258514E-01  4.9864881E-02  1.3142214E-01 -5.5958916E-02  2.0254956E-02 -4.3707225E-03  9.7236445E-04 -2.1888965E-04
  9.2057116E-03  3.3525424E+00 -1.0618822E+00  4.4011048E-01 -1.7393806E-01  5.0255657E-02  1.3482448E-01 -5.7404995E-02  2.0778237E-02 -4.4836357E-03  1.0132806E-03 -2.2809969E-04
  9.3414604E-03  3.3814671E+00 -1.0702231E+00  4.4352049E-01 -1.7528259E-01  5.0644003E-02  1.3830876E-01 -5.8885753E-02  2.1314059E-02 -4.5992547E-03  1.0558780E-03 -2.3768812E-04
  9.4791372E-03  3.4103550E+00 -1.0785148E+00  4.4690794E-01 -1.7661805E-01  5.1029725E-02  1.4187672E-01 -6.0401921E-02  2.1862685E-02 -4.7176366E-03  1.1002239E-03 -2.4767008E-04
  9.6187693E-03  3.4391976E+00 -1.0867532E+00  4.5027109E-01 -1.7794377E-01  5.1412624E-02  1.4553015E-01 -6.1954245E-02  2.2424386E-02 -4.8388393E-03  1.1463882E-03 -2.5806129E-04
  9.7603845E-03  3.4679863E+00 -1.0949341E+00  4.5360817E-01 -1.7925903E-01  5.1792495E-02  1.4927086E-01 -6.3543479E-02  2.2999433E-02 -4.9629217E-03  1.1944433E-03 -2.6887807E-04
  9.9040109E-03  3.4967120E+00 -1.1030535E+00  4.5691735E-01 -1.8056310E-01  5.2169128E-02  1.5310067E-01 -6.5170391E-02  2.3588104E-02 -5.0899436E-03  1.2444647E-03 -2.8013736E-04
  1.0049677E-02  3.5253658E+00 -1.1111069E+00  4.6019677E-01 -1.8185525E-01  5.2542309E-02  1.5702146E-01 -6.6835761E-02  2.4190679E-02 -5.2199655E-03  1.2965305E-03 -2.9185678E-04
  1.0197412E-02  3.5539383E+00 -1.1190900E+00  4.6344450E-01 -1.8313471E-01  5.2911817E-02  1.6103513E-01 -6.8540376E-02  2.4807443E-02 -5.3530489E-03  1.3507220E-03 -3.0405460E-04
  1.0347245E-02  3.5824200E+00 -1.1269982E+00  4.6665860E-01 -1.8440070E-01  5.3277426E-02  1.6514358E-01 -7.0285039E-02  2.5438686E-02 -5.4892561E-03  1.4071235E-03 -3.1674979E-04
  1.0499207E-02  3.6108011E+00 -1.1348268E+00  4.6983705E-01 -1.8565242E-01  5.3638905E-02  1.6934878E-01 -7.2070562E-02  2.6084701E-02 -5.6286504E-03  1.4658226E-03 -3.2996206E-04
  1.0653326E-02  3.6390716E+00 -1.1425712E+00  4.7297779E-01 -1.8688905E-01  5.3996017E-02  1.7365271E-01 -7.3897769E-02  2.6745783E-02 -5.7712958E-03  1.5269102E-03 -3.4371185E-04
  1.0809634E-02  3.6672215E+00 -1.1502264E+00  4.7607871E-01 -1.8810975E-01  5.4348519E-02  1.7805737E-01 -7.5767493E-02  2.7422235E-02 -5.9172573E-03  1.5904806E-03 -3.5802041E-04
  1.0968162E-02  3.6952404E+00 -1.1577875E+00  4.7913766E-01 -1.8931367E-01  5.4696163E-02  1.8256479E-01 -7.7680579E-02  2.8114361E-02 -6.0666004E-03  1.6566319E-03 -3.7290975E-04
  1.1128942E-02  3.7231177E+00 -1.1652494E+00  4.8215243E-01 -1.9049992E-01  5.5038695E-02  1.8717704E-01 -7.9637885E-02  2.8822470E-02 -6.2193919E-03  1.7254655E-03 -3.8840276E-04
  1.1292005E-02  3.7508427E+00 -1.1726069E+00  4.8512077E-01 -1.9166761E-01  5.5375855E-02  1.9189622E-01 -8.1640276E-02  2.9546874E-02 -6.3756991E-03  1.7970871E-03 -4.0452317E-04
  1.1457384E-02  3.7784044E+00 -1.1798546E+00  4.8804037E-01 -1.9281581E-01  5.5707378E-02  1.9672444E-01 -8.3688630E-02  3.0287889E-02 -6.5355901E-03  1.8716062E-03 -4.2129561E-04
  1.1625111E-02  3.8057916E+00 -1.1869871E+00  4.9090887E-01 -1.9394360E-01  5.6032993E-02  2.0166385E-01 -8.5783835E-02  3.1045835E-02 -6.6991340E-03  1.9491363E-03 -4.3874564E-04
  1.1795221E-02  3.8329929E+00 -1.1939989E+00  4.9372387E-01 -1.9505002E-01  5.6352422E-02  2.0671663E-01 -8.7926787E-02  3.1821035E-02 -6.8664005E-03  2.0297953E-03 -4.5689977E-04
  1.1967747E-02  3.8599968E+00 -1.2008842E+00  4.9648291E-01 -1.9613407E-01  5.6665381E-02  2.1188496E-01 -9.0118394E-02  3.2613816E-02 -7.0374600E-03  2.1137055E-03 -4.7578552E-04
  1.2142723E-02  3.8867915E+00 -1.2076374E+00  4.9918347E-01 -1.9719477E-01  5.6971583E-02  2.1717109E-01 -9.2359573E-02  3.3424509E-02 -7.2123839E-03  2.2009938E-03 -4.9543143E-04
  1.2320184E-02  3.9133650E+00 -1.2142524E+00  5.0182299E-01 -1.9823109E-01  5.7270731E-02  2.2257726E-01 -9.4651251E-02  3.4253446E-02 -7.3912440E-03  2.2917917E-03 -5.1586709E-04
  1.2500165E-02  3.9397051E+00 -1.2207233E+00  5.0439887E-01 -1.9924200E-01  5.7562525E-02  2.2810575E-01 -9.6994363E-02  3.5100965E-02 -7.5741129E-03  2.3862359E-03 -5.3712322E-04
  1.2682703E-02  3.9657995E+00 -1.2270439E+00  5.0690842E-01 -2.0022643E-01  5.7846657E-02  2.3375885E-01 -9.9389853E-02  3.5967406E-02 -7.7610640E-03  2.4844679E-03 -5.5923167E-04
  1.2867833E-02  3.9916356E+00 -1.2332079E+00  5.0934894E-01 -2.0118329E-01  5.8122815E-02  2.3953891E-01 -1.0183867E-01  3.6853110E-02 -7.9521710E-03  2.5866345E-03 -5.8222545E-04
  1.3055592E-02  4.0172006E+00 -1.2392090E+00  5.1171764E-01 -2.0211149E-01  5.8390679E-02  2.4544827E-01 -1.0434179E-01  3.7758424E-02 -8.1475087E-03  2.6928880E-03 -6.0613882E-04
  1.3246017E-02  4.0424817E+00 -1.2450406E+00  5.1401171E-01 -2.0300989E-01  5.8649923E-02  2.5148930E-01 -1.0690016E-01  3.8683697E-02 -8.3471520E-03  2.8033862E-03 -6.3100727E-04
  1.3439148E-02  4.0674657E+00 -1.2506962E+00  5.1622828E-01 -2.0387736E-01  5.8900218E-02  2.5766439E-01 -1.0951477E-01  3.9629277E-02 -8.5511765E-03  2.9182928E-03 -6.5686764E-04
  1.3635021E-02  4.0921394E+00 -1.2561689E+00  5.1836440E-01 -2.0471273E-01  5.9141224E-02  2.6397597E-01 -1.1218659E-01  4.0595520E-02 -8.7596585E-03  3.0377776E-03 -6.8375806E-04
  1.3833676E-02  4.1164892E+00 -1.2614519E+00  5.2041710E-01 -2.0551481E-01  5.9372600E-02  2.7042647E-01 -1.1491663E-01  4.1582780E-02 -8.9726745E-03  3.1620163E-03 -7.1171811E-04
  1.4035152E-02  4.1405016E+00 -1.2665382E+00  5.2238336E-01 -2.0628239E-01  5.9593995E-02  2.7701834E-01 -1.1770586E-01  4.2591413E-02 -9.1903015E-03  3.2911913E-03 -7.4078879E-04
  1.4239490E-02  4.1641627E+00 -1.2714208E+00  5.2426007E-01 -2.0701425E-01  5.9805055E-02  2.8375407E-01 -1.2055530E-01  4.3621780E-02 -9.4126170E-03  3.4254917E-03 -7.7101258E-04
  1.4446730E-02  4.1874586E+00 -1.2760923E+00  5.2604412E-01 -2.0770914E-01  6.0005419E-02  2.9063615E-01 -1.2346594E-01  4.4674241E-02 -9.6396986E-03  3.5651131E-03 -8.0243351E-04
  1.4656913E-02  4.2103753E+00 -1.2805455E+00  5.2773231E-01 -2.0836578E-01  6.0194719E-02  2.9766708E-01 -1.2643880E-01  4.5749158E-02 -9.8716244E-03  3.7102584E-03 -8.3509721E-04
  1.4870081E-02  4.2328984E+00 -1.2847729E+00  5.2932141E-01 -2.0898290E-01  6.0372582E-02  3.0484939E-01 -1.2947488E-01  4.6846893E-02 -1.0108473E-02  3.8611380E-03 -8.6905094E-04
  1.5086276E-02  4.2550137E+00 -1.2887670E+00  5.3080813E-01 -2.0955917E-01  6.0538631E-02  3.1218562E-01 -1.3257521E-01  4.7967811E-02 -1.0350322E-02  4.0179695E-03 -9.0434369E-04
  1.5305542E-02  4.2767064E+00 -1.2925201E+00  5.3218914E-01 -2.1009327E-01  6.0692481E-02  3.1967832E-01 -1.3574080E-01  4.9112276E-02 -1.0597251E-02  4.1809785E-03 -9.4102615E-04
  1.5527922E-02  4.2979621E+00 -1.2960243E+00  5.3346105E-01 -2.1058386E-01  6.0833742E-02  3.2733005E-01 -1.3897267E-01  5.0280653E-02 -1.0849337E-02  4.3503989E-03 -9.7915088E-04
  1.5753461E-02  4.3187660E+00 -1.2992719E+00  5.3462042E-01 -2.1102957E-01  6.0962018E-02  3.3514339E-01 -1.4227184E-01  5.1473307E-02 -1.1106661E-02  4.5264724E-03 -1.0187723E-03
  1.5982202E-02  4.3391031E+00 -1.3022547E+00  5.3566379E-01 -2.1142901E-01  6.1076910E-02  3.4312091E-01 -1.4563932E-01  5.2690602E-02 -1.1369299E-02  4.7094498E-03 -1.0599467E-03
  1.6214193E-02  4.3589586E+00 -1.3049648E+00  5.3658762E-01 -2.1178078E-01  6.1178010E-02  3.5126521E-01 -1.4907614E-01  5.3932901E-02 -1.1637332E-02  4.8995905E-03 -1.1027324E-03
  1.6449478E-02  4.3783173E+00 -1.3073938E+00  5.3738835E-01 -2.1208345E-01  6.1264908E-02  3.5957888E-01 -1.5258330E-01  5.5200568E-02 -1.1910836E-02  5.0971631E-03 -1.1471899E-03
  1.6688104E-02  4.3971641E+00 -1.3095334E+00  5.3806236E-01 -2.1233559E-01  6.1337188E-02  3.6806450E-01 -1.5616183E-01  5.6493964E-02 -1.2189890E-02  5.3024459E-03 -1.1933816E-03
  1.6930120E-02  4.4154838E+00 -1.3113754E+00  5.3860600E-01 -2.1253574E-01  6.1394427E-02  3.7672469E-01 -1.5981273E-01  5.7813448E-02 -1.2474571E-02  5.5157266E-03 -1.2413722E-03
  1.7175572E-02  4.4332611E+00 -1.3129111E+00  5.3901556E-01 -2.1268242E-01  6.1436201E-02  3.8556203E-01 -1.6353701E-01  5.9159379E-02 -1.2764956E-02  5.7373032E-03 -1.2912288E-03
  1.7424511E-02  4.4504806E+00 -1.3141319E+00  5.3928731E-01 -2.1277416E-01  6.1462079E-02  3.9457912E-01 -1.6733565E-01  6.0532111E-02 -1.3061122E-02  5.9674839E-03 -1.3430205E-03
  1.7676985E-02  4.4671270E+00 -1.3150293E+00  5.3941748E-01 -2.1280944E-01  6.1471625E-02  4.0377855E-01 -1.7120966E-01  6.1931997E-02 -1.3363144E-02  6.2065879E-03 -1.3968191E-03
  1.7933045E-02  4.4831848E+00 -1.3155943E+00  5.3940226E-01 -2.1278675E-01  6.1464401E-02  4.1316289E-01 -1.7516001E-01  6.3359384E-02 -1.3671098E-02  6.4549451E-03 -1.4526988E-03
  1.8192742E-02  4.4986386E+00 -1.3158183E+00  5.3923778E-01 -2.1270455E-01  6.1439963E-02  4.2273471E-01 -1.7918767E-01  6.4814618E-02 -1.3985058E-02  6.7128971E-03 -1.5107363E-03
  1.8456127E-02  4.5134731E+00 -1.3156921E+00  5.3892018E-01 -2.1256131E-01  6.1397864E-02  4.3249658E-01 -1.8329360E-01  6.6298038E-02 -1.4305097E-02  6.9807969E-03 -1.5710109E-03
  1.8723252E-02  4.5276727E+00 -1.3152069E+00  5.3844554E-01 -2.1235545E-01  6.1337654E-02  4.4245103E-01 -1.8747875E-01  6.7809981E-02 -1.4631287E-02  7.2590098E-03 -1.6336047E-03
  1.8994171E-02  4.5412220E+00 -1.3143536E+00  5.3780992E-01 -2.1208542E-01  6.1258879E-02  4.5260060E-01 -1.9174405E-01  6.9350776E-02 -1.4963700E-02  7.5479134E-03 -1.6986025E-03
  1.9268938E-02  4.5541057E+00 -1.3131231E+00  5.3700936E-01 -2.1174963E-01  6.1161083E-02  4.6294778E-01 -1.9609042E-01  7.0920746E-02 -1.5302404E-02  7.8478984E-03 -1.7660921E-03
  1.9547607E-02  4.5663084E+00 -1.3115061E+00  5.3603986E-01 -2.1134649E-01  6.1043804E-02  4.7349505E-01 -2.0051875E-01  7.2520208E-02 -1.5647468E-02  8.1593683E-03 -1.8361642E-03
  1.9830234E-02  4.5778149E+00 -1.3094934E+00  5.3489742E-01 -2.1087441E-01  6.0906582E-02  4.8424488E-01 -2.0502993E-01  7.4149473E-02 -1.5998960E-02  8.4827405E-03 -1.9089125E-03
  2.0116875E-02  4.5886100E+00 -1.3070759E+00  5.3357799E-01 -2.1033177E-01  6.0748952E-02  4.9519967E-01 -2.0962482E-01  7.5808843E-02 -1.6356943E-02  8.8184463E-03 -1.9844338E-03
  2.0407587E-02  4.5986786E+00 -1.3042440E+00  5.3207753E-01 -2.0971698E-01  6.0570447E-02  5.0636184E-01 -2.1430426E-01  7.7498611E-02 -1.6721481E-02  9.1669312E-03 -2.0628282E-03
  2.0702428E-02  4.6080057E+00 -1.3009886E+00  5.3039197E-01 -2.0902841E-01  6.0370601E-02  5.1773371E-01 -2.1906905E-01  7.9219060E-02 -1.7092635E-02  9.5286558E-03 -2.1441992E-03
  2.1001456E-02  4.6165765E+00 -1.2973001E+00  5.2851726E-01 -2.0826443E-01  6.0148944E-02  5.2931762E-01 -2.2391999E-01  8.0970466E-02 -1.7470464E-02  9.9040958E-03 -2.2286536E-03
  2.1304730E-02  4.6243762E+00 -1.2931693E+00  5.2644931E-01 -2.0742344E-01  5.9905007E-02  5.4111583E-01 -2.2885784E-01  8.2753092E-02 -1.7855024E-02  1.0293743E-02 -2.3163016E-03
  2.1612312E-02  4.6313903E+00 -1.2885866E+00  5.2418403E-01 -2.0650380E-01  5.9638320E-02  5.5313056E-01 -2.3388332E-01  8.4567190E-02 -1.8246370E-02  1.0698104E-02 -2.4072573E-03
  2.1924263E-02  4.6376045E+00 -1.2835427E+00  5.2171735E-01 -2.0550389E-01  5.9348415E-02  5.6536399E-01 -2.3899713E-01  8.6412999E-02 -1.8644554E-02  1.1117703E-02 -2.5016382E-03
  2.2240644E-02  4.6430045E+00 -1.2780282E+00  5.1904519E-01 -2.0442208E-01  5.9034821E-02  5.7781822E-01 -2.4419993E-01  8.8290748E-02 -1.9049623E-02  1.1553081E-02 -2.5995659E-03
  2.2561518E-02  4.6475764E+00 -1.2720337E+00  5.1616349E-01 -2.0325677E-01  5.8697070E-02  5.9049530E-01 -2.4949236E-01  9.0200648E-02 -1.9461623E-02  1.2004798E-02 -2.7011656E-03
  2.2886949E-02  4.6513065E+00 -1.2655497E+00  5.1306818E-01 -2.0200633E-01  5.8334696E-02  6.0339724E-01 -2.5487499E-01  9.2142898E-02 -1.9880598E-02  1.2473428E-02 -2.8065668E-03
  2.3217002E-02  4.6541814E+00 -1.2585670E+00  5.0975522E-01 -2.0066916E-01  5.7947235E-02  6.1652595E-01 -2.6034836E-01  9.4117681E-02 -2.0306586E-02  1.2959567E-02 -2.9159028E-03
  2.3551742E-02  4.6561877E+00 -1.2510762E+00  5.0622060E-01 -1.9924366E-01  5.7534225E-02  6.2988327E-01 -2.6591300E-01  9.6125162E-02 -2.0739622E-02  1.3463830E-02 -3.0293115E-03
  2.3891237E-02  4.6573127E+00 -1.2430680E+00  5.0246033E-01 -1.9772825E-01  5.7095206E-02  6.4347097E-01 -2.7156933E-01  9.8165490E-02 -2.1179738E-02  1.3986848E-02 -3.1469350E-03
  2.4235553E-02  4.6575438E+00 -1.2345333E+00  4.9847044E-01 -1.9612134E-01  5.6629723E-02  6.5729075E-01 -2.7731778E-01  1.0023879E-01 -2.1626962E-02  1.4529276E-02 -3.2689196E-03
  2.4584759E-02  4.6568687E+00 -1.2254630E+00  4.9424701E-01 -1.9442139E-01  5.6137325E-02  6.7134418E-01 -2.8315869E-01  1.0234519E-01 -2.2081317E-02  1.5091786E-02 -3.3954165E-03
  2.4938925E-02  4.6552755E+00 -1.2158479E+00  4.8978615E-01 -1.9262684E-01  5.5617567E-02  6.8563278E-01 -2.8909237E-01  1.0448475E-01 -2.2542823E-02  1.5675073E-02 -3.5265814E-03
  2.5298121E-02  4.6527528E+00 -1.2056791E+00  4.8508402E-01 -1.9073618E-01  5.5070008E-02  7.0015795E-01 -2.9511905E-01  1.0665757E-01 -2.3011492E-02  1.6279853E-02 -3.6625748E-03
  2.5662418E-02  4.6492895E+00 -1.1949478E+00  4.8013684E-01 -1.8874790E-01  5.4494212E-02  7.1492099E-01 -3.0123891E-01  1.0886367E-01 -2.3487336E-02  1.6906864E-02 -3.8035623E-03
  2.6031889E-02  4.6448748E+00 -1.1836453E+00  4.7494087E-01 -1.8666052E-01  5.3889754E-02  7.2992309E-01 -3.0745207E-01  1.1110308E-01 -2.3970357E-02  1.7556866E-02 -3.9497142E-03
  2.6406607E-02  4.6394985E+00 -1.1717628E+00  4.6949247E-01 -1.8447259E-01  5.3256213E-02  7.4516531E-01 -3.1375859E-01  1.1337580E-01 -2.4460554E-02  1.8230643E-02 -4.1012062E-03
  2.6786647E-02  4.6331510E+00 -1.1592920E+00  4.6378802E-01 -1.8218268E-01  5.2593177E-02  7.6064862E-01 -3.2015843E-01  1.1568180E-01 -2.4957921E-02  1.8929001E-02 -4.2582191E-03
  2.7172085E-02  4.6258228E+00 -1.1462246E+00  4.5782402E-01 -1.7978941E-01  5.1900244E-02  7.7637383E-01 -3.2665151E-01  1.1802101E-01 -2.5462445E-02  1.9652772E-02 -4.4209393E-03
  2.7562996E-02  4.6175053E+00 -1.1325524E+00  4.5159703E-01 -1.7729141E-01  5.1177021E-02  7.9234163E-01 -3.3323766E-01  1.2039336E-01 -2.5974105E-02  2.0402812E-02 -4.5895585E-03
  2.7959460E-02  4.6081902E+00 -1.1182674E+00  4.4510372E-01 -1.7468737E-01  5.0423128E-02  8.0855258E-01 -3.3991662E-01  1.2279872E-01 -2.6492878E-02  2.1180003E-02 -4.7642740E-03
  2.8361554E-02  4.5978700E+00 -1.1033619E+00  4.3834083E-01 -1.7197600E-01  4.9638193E-02  8.2500708E-01 -3.4668807E-01  1.2523695E-01 -2.7018729E-02  2.1985249E-02 -4.9452891E-03
  2.8769359E-02  4.5865374E+00 -1.0878283E+00  4.3130524E-01 -1.6915606E-01  4.8821858E-02  8.4170537E-01 -3.5355157E-01  1.2770787E-01 -2.7551619E-02  2.2819487E-02 -5.1328127E-03
  2.9182955E-02  4.5741860E+00 -1.0716594E+00  4.2399390E-01 -1.6622636E-01  4.7973781E-02  8.5864755E-01 -3.6050663E-01  1.3021126E-01 -2.8091501E-02  2.3683674E-02 -5.3270598E-03
  2.9602426E-02  4.5608099E+00 -1.0548480E+00  4.1640392E-01 -1.6318576E-01  4.7093629E-02  8.7583354E-01 -3.6755262E-01  1.3274688E-01 -2.8638321E-02  2.4578800E-02 -5.5282515E-03
  3.0027853E-02  4.5464041E+00 -1.0373873E+00  4.0853253E-01 -1.6003317E-01  4.6181088E-02  8.9326309E-01 -3.7468885E-01  1.3531442E-01 -2.9192016E-02  2.5505880E-02 -5.7366153E-03
  3.0459323E-02  4.5309639E+00 -1.0192708E+00  4.0037708E-01 -1.5676754E-01  4.5235860E-02  9.1093578E-01 -3.8191451E-01  1.3791358E-01 -2.9752515E-02  2.6465959E-02 -5.9523847E-03
  3.0896921E-02  4.5144854E+00 -1.0004922E+00  3.9193507E-01 -1.5338791E-01  4.4257662E-02  9.2885098E-01 -3.8922868E-01  1.4054397E-01 -3.0319737E-02  2.7460110E-02 -6.1758000E-03
  3.1340734E-02  4.4969657E+00 -9.8104561E-01  3.8320416E-01 -1.4989336E-01  4.3246231E-02  9.4700789E-01 -3.9663034E-01  1.4320521E-01 -3.0893595E-02  2.8489436E-02 -6.4071080E-03
  3.1790849E-02  4.4784022E+00 -9.6092536E-01  3.7418218E-01 -1.4628305E-01  4.2201323E-02  9.6540550E-01 -4.0411835E-01  1.4589682E-01 -3.1473991E-02  2.9555071E-02 -6.6465622E-03
  3.2247358E-02  4.4587934E+00 -9.4012620E-01  3.6486712E-01 -1.4255619E-01  4.1122713E-02  9.8404257E-01 -4.1169145E-01  1.4861833E-01 -3.2060816E-02  3.0658180E-02 -6.8944229E-03
  3.2710350E-02  4.4381384E+00 -9.1864322E-01  3.5525716E-01 -1.3871208E-01  4.0010200E-02  1.0029177E+00 -4.1934826E-01  1.5136919E-01 -3.2653953E-02  3.1799959E-02 -7.1509573E-03
  3.3179917E-02  4.4164372E+00 -8.9647188E-01  3.4535064E-01 -1.3475009E-01  3.8863602E-02  1.0220292E+00 -4.2708727E-01  1.5414881E-01 -3.3253274E-02  3.2981635E-02 -7.4164398E-03
  3.3656153E-02  4.3936904E+00 -8.7360805E-01  3.3514614E-01 -1.3066969E-01  3.7682764E-02  1.0413751E+00 -4.3490684E-01  1.5695655E-01 -3.3858641E-02  3.4204468E-02 -7.6911520E-03
  3.4139153E-02  4.3698998E+00 -8.5004801E-01  3.2464244E-01 -1.2647040E-01  3.6467553E-02  1.0609534E+00 -4.4280519E-01  1.5979173E-01 -3.4469904E-02  3.5469751E-02 -7.9753825E-03
  3.4629013E-02  4.3450677E+00 -8.2578847E-01  3.1383851E-01 -1.2215186E-01  3.5217864E-02  1.0807617E+00 -4.5078041E-01  1.6265360E-01 -3.5086902E-02  3.6778812E-02 -8.2694276E-03
  3.5125829E-02  4.3191975E+00 -8.0082662E-01  3.0273359E-01 -1.1771380E-01  3.3933618E-02  1.1007974E+00 -4.5883044E-01  1.6554136E-01 -3.5709461E-02  3.8133010E-02 -8.5735909E-03
  3.5629702E-02  4.2922934E+00 -7.7516010E-01  2.9132713E-01 -1.1315603E-01  3.2614764E-02  1.1210575E+00 -4.6695306E-01  1.6845417E-01 -3.6337398E-02  3.9533741E-02 -8.8881837E-03
  3.6140731E-02  4.2643605E+00 -7.4878705E-01  2.7961884E-01 -1.0847848E-01  3.1261283E-02  1.1415388E+00 -4.7514592E-01  1.7139112E-01 -3.6970514E-02  4.0982434E-02 -9.2135249E-03
  3.6659017E-02  4.2354048E+00 -7.2170612E-01  2.6760870E-01 -1.0368117E-01  2.9873185E-02  1.1622381E+00 -4.8340648E-01  1.7435123E-01 -3.7608600E-02  4.2480555E-02 -9.5499410E-03
  3.7184664E-02  4.2054334E+00 -6.9391650E-01  2.5529694E-01 -9.8764255E-02  2.8450511E-02  1.1831514E+00 -4.9173207E-01  1.7733348E-01 -3.8251431E-02  4.4029604E-02 -9.8977668E-03
  3.7717777E-02  4.1744540E+00 -6.6541793E-01  2.4268409E-01 -9.3727979E-02  2.6993337E-02  1.2042749E+00 -5.0011983E-01  1.8033677E-01 -3.8898771E-02  4.5631118E-02 -1.0257345E-02
  3.8258461E-02  4.1424757E+00 -6.3621072E-01  2.2977097E-01 -8.8572722E-02  2.5501775E-02  1.2256042E+00 -5.0856673E-01  1.8335995E-01 -3.9550368E-02  4.7286671E-02 -1.0629025E-02
  3.8806824E-02  4.1095081E+00 -6.0629577E-01  2.1655870E-01 -8.3298982E-02  2.3975971E-02  1.2471347E+00 -5.1706957E-01  1.8640179E-01 -4.0205958E-02  4.8997874E-02 -1.1013166E-02
  3.9362975E-02  4.0755621E+00 -5.7567460E-01  2.0304870E-01 -7.7907388E-02  2.2416108E-02  1.2688615E+00 -5.2562497E-01  1.8946100E-01 -4.0865259E-02  5.0766374E-02 -1.1410135E-02
  3.9927025E-02  4.0406496E+00 -5.4434935E-01  1.8924275E-01 -7.2398700E-02  2.0822410E-02  1.2907792E+00 -5.3422936E-01  1.9253622E-01 -4.1527976E-02  5.2593856E-02 -1.1820306E-02
  4.0499085E-02  4.0047833E+00 -5.1232283E-01  1.7514294E-01 -6.6773818E-02  1.9195139E-02  1.3128824E+00 -5.4287898E-01  1.9562602E-01 -4.2193799E-02  5.4482044E-02 -1.2244063E-02
  4.1079270E-02  3.9679769E+00 -4.7959850E-01  1.6075170E-01 -6.1033784E-02  1.7534598E-02  1.3351651E+00 -5.5156988E-01  1.9872889E-01 -4.2862402E-02  5.6432698E-02 -1.2681797E-02
  4.1667695E-02  3.9302453E+00 -4.4618053E-01  1.4607186E-01 -5.5179786E-02  1.5841136E-02  1.3576211E+00 -5.6029790E-01  2.0184325E-01 -4.3533440E-02  5.8447617E-02 -1.3133907E-02
  4.2264476E-02  3.8916042E+00 -4.1207378E-01  1.3110658E-01 -4.9213166E-02  1.4115142E-02  1.3802437E+00 -5.6905868E-01  2.0496745E-01 -4.4206556E-02  6.0528639E-02 -1.3600802E-02
  4.2869734E-02  3.8520704E+00 -3.7728385E-01  1.1585942E-01 -4.3135419E-02  1.2357053E-02  1.4030261E+00 -5.7784767E-01  2.0809974E-01 -4.4881374E-02  6.2677640E-02 -1.4082897E-02
  4.3483587E-02  3.8116618E+00 -3.4181708E-01  1.0033433E-01 -3.6948204E-02  1.0567353E-02  1.4259608E+00 -5.8666008E-01  2.1123832E-01 -4.5557498E-02  6.4896534E-02 -1.4580618E-02
  4.4106158E-02  3.7703970E+00 -3.0568059E-01  8.4535653E-02 -3.0653345E-02  8.7465705E-03  1.4490402E+00 -5.9549093E-01  2.1438129E-01 -4.6234520E-02  6.7187275E-02 -1.5094396E-02
  4.4737572E-02  3.7282958E+00 -2.6888227E-01  6.8468164E-02 -2.4252834E-02  6.8952879E-03  1.4722562E+00 -6.0433500E-01  2.1752667E-01 -4.6912009E-02  6.9551854E-02 -1.5624673E-02
  4.5377953E-02  3.6853791E+00 -2.3143081E-01  5.2137050E-02 -1.7748840E-02  5.0141358E-03  1.4956005E+00 -6.1318685E-01  2.2067240E-01 -4.7589519E-02  7.1992302E-02 -1.6171899E-02
  4.6027428E-02  3.6416684E+00 -1.9333573E-01  3.5547941E-02 -1.1143710E-02  3.1037972E-03  1.5190642E+00 -6.2204083E-01  2.2381633E-01 -4.8266585E-02  7.4510686E-02 -1.6736530E-02
  4.6686128E-02  3.5971866E+00 -1.5460737E-01  1.8706908E-02 -4.4399746E-03  1.1650088E-03  1.5426380E+00 -6.3089103E-01  2.2695623E-01 -4.8942722E-02  7.7109114E-02 -1.7319032E-02
  4.7354183E-02  3.5519573E+00 -1.1525692E-01  1.6204809E-03  2.3596487E-03 -8.0143877E-04  1.5663125E+00 -6.3973132E-01  2.3008977E-01 -4.9617426E-02  7.9789730E-02 -1.7919879E-02
  4.8031725E-02  3.5060050E+00 -7.5296437E-02 -1.5704343E-02  9.2522497E-03 -2.7946987E-03  1.5900776E+00 -6.4855534E-01  2.3321455E-01 -5.0290176E-02  8.2554715E-02 -1.8539552E-02
  4.8718891E-02  3.4593553E+00 -3.4738867E-02 -3.3260092E-02  1.6234722E-02 -4.8138674E-03  1.6139229E+00 -6.5735648E-01  2.3632806E-01 -5.0960427E-02  8.5406288E-02 -1.9178541E-02
  4.9415815E-02  3.4120346E+00  6.4019637E-03 -5.1038808E-02  2.3303760E-02 -6.8579831E-03  1.6378376E+00 -6.6612788E-01  2.3942771E-01 -5.1627619E-02  8.8346706E-02 -1.9837341E-02
  5.0122637E-02  3.3640701E+00  4.8111321E-02 -6.9032037E-02  3.0455854E-02 -8.9260250E-03  1.6618106E+00 -6.7486244E-01  2.4251081E-01 -5.2291168E-02  9.1378259E-02 -2.0516458E-02
  5.0839498E-02  3.3154900E+00  9.0373552E-02 -8.7230822E-02  3.7687286E-02 -1.1016912E-02  1.6858302E+00 -6.8355281E-01  2.4557458E-01 -5.2950473E-02  9.4503275E-02 -2.1216402E-02
  5.1566540E-02  3.2663234E+00  1.3317208E-01 -1.0562569E-01  4.4994126E-02 -1.3129500E-02  1.7098844E+00 -6.9219139E-01  2.4861614E-01 -5.3604909E-02  9.7724115E-02 -2.1937693E-02
  5.2303908E-02  3.2165999E+00  1.7648938E-01 -1.2420666E-01  5.2372233E-02 -1.5262586E-02  1.7339608E+00 -7.0077032E-01  2.5163252E-01 -5.4253834E-02  1.0104318E-01 -2.2680855E-02
  5.3051747E-02  3.1663501E+00  2.2030700E-01 -1.4296321E-01  5.9817243E-02 -1.7414900E-02  1.7580466E+00 -7.0928149E-01  2.5462066E-01 -5.4896583E-02  1.0446288E-01 -2.3446421E-02
  5.3810208E-02  3.1156054E+00  2.6460551E-01 -1.6188428E-01  6.7324575E-02 -1.9585110E-02  1.7821285E+00 -7.1771652E-01  2.5757740E-01 -5.5532469E-02  1.0798570E-01 -2.4234929E-02
  5.4579441E-02  3.0643977E+00  3.0936454E-01 -1.8095828E-01  7.4889422E-02 -2.1771818E-02  1.8061928E+00 -7.2606679E-01  2.6049947E-01 -5.6160787E-02  1.1161412E-01 -2.5046923E-02
  5.5359598E-02  3.0127597E+00  3.5456275E-01 -2.0017307E-01  8.2506751E-02 -2.3973560E-02  1.8302255E+00 -7.3432342E-01  2.6338351E-01 -5.6780810E-02  1.1535065E-01 -2.5882954E-02
  5.6150836E-02  2.9607248E+00  4.0017781E-01 -2.1951595E-01  9.0171301E-02 -2.6188807E-02  1.8542121E+00 -7.4247724E-01  2.6622608E-01 -5.7391788E-02  1.1919785E-01 -2.6743577E-02
  5.6953310E-02  2.9083268E+00  4.4618644E-01 -2.3897366E-01  9.7877578E-02 -2.8415961E-02  1.8781378E+00 -7.5051887E-01  2.6902362E-01 -5.7992951E-02  1.2315830E-01 -2.7629351E-02
  5.7767182E-02  2.8556002E+00  4.9256439E-01 -2.5853239E-01  1.0561986E-01 -3.0653357E-02  1.9019871E+00 -7.5843862E-01  2.7177247E-01 -5.8583510E-02  1.2723459E-01 -2.8540841E-02
  5.8592613E-02  2.8025800E+00  5.3928641E-01 -2.7817776E-01  1.1339218E-01 -3.2899262E-02  1.9257445E+00 -7.6622657E-01  2.7446891E-01 -5.9162653E-02  1.3142935E-01 -2.9478617E-02
  5.9429766E-02  2.7493015E+00  5.8632631E-01 -2.9789480E-01  1.2118835E-01 -3.5151874E-02  1.9493938E+00 -7.7387255E-01  2.7710907E-01 -5.9729546E-02  1.3574521E-01 -3.0443251E-02
  6.0278809E-02  2.6958008E+00  6.3365692E-01 -3.1766800E-01  1.2900193E-01 -3.7409323E-02  1.9729186E+00 -7.8136611E-01  2.7968902E-01 -6.0283337E-02  1.4018485E-01 -3.1435317E-02
  6.1139910E-02  2.6421139E+00  6.8125010E-01 -3.3748126E-01  1.3682625E-01 -3.9669669E-02  1.9963021E+00 -7.8869655E-01  2.8220474E-01 -6.0823151E-02  1.4475095E-01 -3.2455395E-02
  6.2013241E-02  2.5882774E+00  7.2907677E-01 -3.5731791E-01  1.4465441E-01 -4.1930904E-02  2.0195269E+00 -7.9585294E-01  2.8465209E-01 -6.1348095E-02  1.4944620E-01 -3.3504062E-02
  6.2898975E-02  2.5343282E+00  7.7710691E-01 -3.7716072E-01  1.5247927E-01 -4.4190950E-02  2.0425754E+00 -8.0282408E-01  2.8702685E-01 -6.1857255E-02  1.5427331E-01 -3.4581901E-02
  6.3797289E-02  2.4803031E+00  8.2530953E-01 -3.9699187E-01  1.6029344E-01 -4.6447662E-02  2.0654298E+00 -8.0959854E-01  2.8932472E-01 -6.2349696E-02  1.5923500E-01 -3.5689494E-02
  6.4708360E-02  2.4262394E+00  8.7365278E-01 -4.1679300E-01  1.6808930E-01 -4.8698825E-02  2.0880717E+00 -8.1616464E-01  2.9154129E-01 -6.2824466E-02  1.6433399E-01 -3.6827420E-02
  6.5632371E-02  2.3721743E+00  9.2210384E-01 -4.3654517E-01  1.7585902E-01 -5.0942155E-02  2.1104825E+00 -8.2251047E-01  2.9367207E-01 -6.3280592E-02  1.6957302E-01 -3.7996262E-02
  6.6569505E-02  2.3181451E+00  9.7062907E-01 -4.5622888E-01  1.8359450E-01 -5.3175305E-02  2.1326432E+00 -8.2862390E-01  2.9571251E-01 -6.3717085E-02  1.7495482E-01 -3.9196599E-02
  6.7519948E-02  2.2641891E+00  1.0191939E+00 -4.7582409E-01  1.9128744E-01 -5.5395856E-02  2.1545345E+00 -8.3449257E-01  2.9765793E-01 -6.4132936E-02  1.8048211E-01 -4.0429006E-02
  6.8483890E-02  2.2103436E+00  1.0677630E+00 -4.9531021E-01  1.9892930E-01 -5.7601326E-02  2.1761369E+00 -8.4010391E-01  2.9950362E-01 -6.4527122E-02  1.8615762E-01 -4.1694057E-02
  6.9461521E-02  2.1566455E+00  1.1163001E+00 -5.1466613E-01  2.0651133E-01 -5.9789170E-02  2.1974305E+00 -8.4544515E-01  3.0124476E-01 -6.4898599E-02  1.9198407E-01 -4.2992322E-02
  7.0453038E-02  2.1031318E+00  1.1647682E+00 -5.3387020E-01  2.1402454E-01 -6.1956776E-02  2.2183952E+00 -8.5050329E-01  3.0287648E-01 -6.5246312E-02  1.9796415E-01 -4.4324365E-02
  7.1458636E-02  2.0498392E+00  1.2131296E+00 -5.5290026E-01  2.2145976E-01 -6.4101473E-02  2.2390107E+00 -8.5526520E-01  3.0439382E-01 -6.5569188E-02  2.0410056E-01 -4.5690743E-02
  7.2478516E-02  1.9968038E+00  1.2613458E+00 -5.7173367E-01  2.2880758E-01 -6.6220528E-02  2.2592564E+00 -8.5971751E-01  3.0579177E-01 -6.5866142E-02  2.1039596E-01 -4.7092007E-02
  7.3512880E-02  1.9440617E+00  1.3093776E+00 -5.9034728E-01  2.3605841E-01 -6.8311150E-02  2.2791116E+00 -8.6384674E-01  3.0706526E-01 -6.6136074E-02  2.1685300E-01 -4.8528701E-02
  7.4561935E-02  1.8916484E+00  1.3571852E+00 -6.0871750E-01  2.4320245E-01 -7.0370492E-02  2.2985553E+00 -8.6763923E-01  3.0820915E-01 -6.6377876E-02  2.2347428E-01 -5.0001357E-02
  7.5625888E-02  1.8395988E+00  1.4047281E+00 -6.2682027E-01  2.5022973E-01 -7.2395652E-02  2.3175664E+00 -8.7108117E-01  3.0921828E-01 -6.6590424E-02  2.3026238E-01 -5.1510498E-02
  7.6704952E-02  1.7879474E+00  1.4519653E+00 -6.4463110E-01  2.5713009E-01 -7.4383675E-02  2.3361238E+00 -8.7415864E-01  3.1008741E-01 -6.6772589E-02  2.3721986E-01 -5.3056636E-02
  7.7799342E-02  1.7367281E+00  1.4988552E+00 -6.6212512E-01  2.6389320E-01 -7.6331560E-02  2.3542062E+00 -8.7685762E-01  3.1081129E-01 -6.6923231E-02  2.4434920E-01 -5.4640270E-02
  7.8909274E-02  1.6859739E+00  1.5453559E+00 -6.7927705E-01  2.7050859E-01 -7.8236256E-02  2.3717920E+00 -8.7916395E-01  3.1138463E-01 -6.7041204E-02  2.5165286E-01 -5.6261882E-02
  8.0034969E-02  1.6357172E+00  1.5914248E+00 -6.9606124E-01  2.7696560E-01 -8.0094670E-02  2.3888600E+00 -8.8106344E-01  3.1180209E-01 -6.7125356E-02  2.5913323E-01 -5.7921942E-02
  8.1176652E-02  1.5859898E+00  1.6370191E+00 -7.1245175E-01  2.8325346E-01 -8.1903668E-02  2.4053887E+00 -8.8254180E-01  3.1205834E-01 -6.7174532E-02  2.6679266E-01 -5.9620902E-02
  8.2334550E-02  1.5368222E+00  1.6820956E+00 -7.2842227E-01  2.8936128E-01 -8.3660081E-02  2.4213567E+00 -8.8358472E-01  3.1214804E-01 -6.7187573E-02  2.7463342E-01 -6.1359194E-02
  8.3508892E-02  1.4882444E+00  1.7266109E+00 -7.4394628E-01  2.9527804E-01 -8.5360706E-02  2.4367426E+00 -8.8417785E-01  3.1206582E-01 -6.7163321E-02  2.8265771E-01 -6.3137233E-02
  8.4699912E-02  1.4402852E+00  1.7705215E+00 -7.5899696E-01  3.0099262E-01 -8.7002309E-02  2.4515252E+00 -8.8430684E-01  3.1180633E-01 -6.7100617E-02  2.9086767E-01 -6.4955410E-02
  8.5907848E-02  1.3929726E+00  1.8137834E+00 -7.7354731E-01  3.0649382E-01 -8.8581633E-02  2.4656832E+00 -8.8395735E-01  3.1136423E-01 -6.6998307E-02  2.9926534E-01 -6.6814094E-02
  8.7132939E-02  1.3463332E+00  1.8563530E+00 -7.8757015E-01  3.1177036E-01 -9.0095400E-02  2.4791957E+00 -8.8311510E-01  3.1073420E-01 -6.6855239E-02  3.0785268E-01 -6.8713629E-02
  8.8375429E-02  1.3003928E+00  1.8981862E+00 -8.0103814E-01  3.1681092E-01 -9.1540317E-02  2.4920419E+00 -8.8176582E-01  3.0991096E-01 -6.6670269E-02  3.1663155E-01 -7.0654334E-02
  8.9635565E-02  1.2551760E+00  1.9392394E+00 -8.1392386E-01  3.2160413E-01 -9.2913077E-02  2.5042011E+00 -8.7989538E-01  3.0888924E-01 -6.6442263E-02  3.2560371E-01 -7.2636498E-02
  9.0913598E-02  1.2107060E+00  1.9794690E+00 -8.2619981E-01  3.2613859E-01 -9.4210370E-02  2.5156530E+00 -8.7748972E-01  3.0766386E-01 -6.6170095E-02  3.3477082E-01 -7.4660382E-02
  9.2209782E-02  1.1670049E+00  2.0188314E+00 -8.3783849E-01  3.3040291E-01 -9.5428883E-02  2.5263777E+00 -8.7453492E-01  3.0622966E-01 -6.5852654E-02  3.4413441E-01 -7.6726214E-02
  9.3524374E-02  1.1240935E+00  2.0572835E+00 -8.4881242E-01  3.3438571E-01 -9.6565309E-02  2.5363553E+00 -8.7101722E-01  3.0458158E-01 -6.5488844E-02  3.5369590E-01 -7.8834188E-02
  9.4857637E-02  1.0819914E+00  2.0947826E+00 -8.5909417E-01  3.3807566E-01 -9.7616352E-02  2.5455666E+00 -8.6692305E-01  3.0271462E-01 -6.5077587E-02  3.6345656E-01 -8.0984465E-02
  9.6209835E-02  1.0407167E+00  2.1312862E+00 -8.6865644E-01  3.4146146E-01 -9.8578732E-02  2.5539928E+00 -8.6223905E-01  3.0062388E-01 -6.4617824E-02  3.7341756E-01 -8.3177165E-02
  9.7581238E-02  1.0002862E+00  2.1667525E+00 -8.7747211E-01  3.4453190E-01 -9.9449191E-02  2.5616154E+00 -8.5695209E-01  2.9830457E-01 -6.4108520E-02  3.8357988E-01 -8.5412372E-02
  9.8972117E-02  9.6071519E-01  2.2011404E+00 -8.8551425E-01  3.4727588E-01 -1.0022450E-01  2.5684165E+00 -8.5104933E-01  2.9575200E-01 -6.3548665E-02  3.9394437E-01 -8.7690127E-02
  1.0038275E-01  9.2201773E-01  2.2344093E+00 -8.9275622E-01  3.4968240E-01 -1.0090147E-01  2.5743787E+00 -8.4451822E-01  2.9296161E-01 -6.2937277E-02  4.0451173E-01 -9.0010427E-02
  1.0181342E-01  8.8420633E-01  2.2665193E+00 -8.9917168E-01  3.5174063E-01 -1.0147696E-01  2.5794852E+00 -8.3734655E-01  2.8992901E-01 -6.2273404E-02  4.1528246E-01 -9.2373223E-02
  1.0326440E-01  8.4729208E-01  2.2974316E+00 -9.0473468E-01  3.5343988E-01 -1.0194785E-01  2.5837199E+00 -8.2952244E-01  2.8664992E-01 -6.1556129E-02  4.2625690E-01 -9.4778420E-02
  1.0473600E-01  8.1128461E-01  2.3271083E+00 -9.0941969E-01  3.5476969E-01 -1.0231112E-01  2.5870674E+00 -8.2103445E-01  2.8312025E-01 -6.0784570E-02  4.3743521E-01 -9.7225872E-02
  1.0622849E-01  7.7619210E-01  2.3555122E+00 -9.1320168E-01  3.5571980E-01 -1.0256378E-01  2.5895128E+00 -8.1187155E-01  2.7933610E-01 -5.9957887E-02  4.4881735E-01 -9.9715381E-02
  1.0774218E-01  7.4202124E-01  2.3826077E+00 -9.1605617E-01  3.5628019E-01 -1.0270294E-01  2.5910422E+00 -8.0202314E-01  2.7529374E-01 -5.9075280E-02  4.6040308E-01 -1.0224669E-01
  1.0927737E-01  7.0877728E-01  2.4083600E+00 -9.1795928E-01  3.5644113E-01 -1.0272576E-01  2.5916423E+00 -7.9147917E-01  2.7098965E-01 -5.8135995E-02  4.7219194E-01 -1.0481950E-01
  1.1083436E-01  6.7646402E-01  2.4327357E+00 -9.1888780E-01  3.5619318E-01 -1.0262952E-01  2.5913009E+00 -7.8023007E-01  2.6642056E-01 -5.7139328E-02  4.8418326E-01 -1.0743344E-01
  1.1241346E-01  6.4508380E-01  2.4557029E+00 -9.1881924E-01  3.5552724E-01 -1.0241158E-01  2.5900064E+00 -7.6826686E-01  2.6158341E-01 -5.6084625E-02  4.9637615E-01 -1.1008807E-01
  1.1401499E-01  6.1463754E-01  2.4772310E+00 -9.1773192E-01  3.5443455E-01 -1.0206941E-01  2.5877482E+00 -7.5558115E-01  2.5647539E-01 -5.4971289E-02  5.0876945E-01 -1.1278290E-01
  1.1563926E-01  5.8512473E-01  2.4972910E+00 -9.1560502E-01  3.5290676E-01 -1.0160058E-01  2.5845169E+00 -7.4216517E-01  2.5109398E-01 -5.3798780E-02  5.2136181E-01 -1.1551739E-01
  1.1728661E-01  5.5654350E-01  2.5158555E+00 -9.1241860E-01  3.5093592E-01 -1.0100280E-01  2.5803037E+00 -7.2801183E-01  2.4543692E-01 -5.2566620E-02  5.3415157E-01 -1.1829089E-01
  1.1895735E-01  5.2889059E-01  2.5328987E+00 -9.0815376E-01  3.4851452E-01 -1.0027391E-01  2.5751013E+00 -7.1311475E-01  2.3950225E-01 -5.1274397E-02  5.4713685E-01 -1.2110271E-01
  1.2065182E-01  5.0216141E-01  2.5483967E+00 -9.0279260E-01  3.4563553E-01 -9.9411872E-02  2.5689030E+00 -6.9746827E-01  2.3328833E-01 -4.9921765E-02  5.6031548E-01 -1.2395209E-01
  1.2237035E-01  4.7635008E-01  2.5623274E+00 -8.9631836E-01  3.4229243E-01 -9.8414821E-02  2.5617036E+00 -6.8106752E-01  2.2679384E-01 -4.8508452E-02  5.7368502E-01 -1.2683817E-01
  1.2411329E-01  4.5144944E-01  2.5746707E+00 -8.8871545E-01  3.3847922E-01 -9.7281032E-02  2.5534989E+00 -6.6390844E-01  2.2001781E-01 -4.7034259E-02  5.8724274E-01 -1.2976004E-01
  1.2588098E-01  4.2745111E-01  2.5854084E+00 -8.7996952E-01  3.3419049E-01 -9.6008953E-02  2.5442858E+00 -6.4598778E-01  2.1295961E-01 -4.5499067E-02  6.0098562E-01 -1.3271669E-01
  1.2767378E-01  4.0434554E-01  2.5945243E+00 -8.7006752E-01  3.2942140E-01 -9.4597206E-02  2.5340625E+00 -6.2730323E-01  2.0561899E-01 -4.3902838E-02  6.1491035E-01 -1.3570705E-01
  1.2949204E-01  3.8212201E-01  2.6020045E+00 -8.5899779E-01  3.2416775E-01 -9.3044597E-02  2.5228285E+00 -6.0785333E-01  1.9799611E-01 -4.2245619E-02  6.2901328E-01 -1.3872994E-01
  1.3133613E-01  3.6076875E-01  2.6078373E+00 -8.4675008E-01  3.1842599E-01 -9.1350126E-02  2.5105845E+00 -5.8763760E-01  1.9009150E-01 -4.0527544E-02  6.4329047E-01 -1.4178411E-01
  1.3320640E-01  3.4027292E-01  2.6120130E+00 -8.3331565E-01  3.1219324E-01 -8.9512995E-02  2.4973326E+00 -5.6665655E-01  1.8190612E-01 -3.8748842E-02  6.5773766E-01 -1.4486823E-01
  1.3510324E-01  3.2062072E-01  2.6145245E+00 -8.1868729E-01  3.0546737E-01 -8.7532615E-02  2.4830759E+00 -5.4491167E-01  1.7344137E-01 -3.6909833E-02  6.7235025E-01 -1.4798086E-01
  1.3702701E-01  3.0179742E-01  2.6153668E+00 -8.0285944E-01  2.9824696E-01 -8.5408618E-02  2.4678193E+00 -5.2240552E-01  1.6469909E-01 -3.5010937E-02  6.8712330E-01 -1.5112049E-01
  1.3897811E-01  2.8378741E-01  2.6145376E+00 -7.8582818E-01  2.9053138E-01 -8.3140863E-02  2.4515687E+00 -4.9914171E-01  1.5568158E-01 -3.3052673E-02  7.0205154E-01 -1.5428550E-01
  1.4095692E-01  2.6657426E-01  2.6120367E+00 -7.6759135E-01  2.8232078E-01 -8.0729446E-02  2.4343315E+00 -4.7512499E-01  1.4639161E-01 -3.1035668E-02  7.1712936E-01 -1.5747417E-01
  1.4296383E-01  2.5014083E-01  2.6078667E+00 -7.4814853E-01  2.7361617E-01 -7.8174705E-02  2.4161166E+00 -4.5036119E-01  1.3683243E-01 -2.8960651E-02  7.3235077E-01 -1.6068471E-01
  1.4499924E-01  2.3446924E-01  2.6020324E+00 -7.2750117E-01  2.6441937E-01 -7.5477231E-02  2.3969341E+00 -4.2485735E-01  1.2700782E-01 -2.6828464E-02  7.4770946E-01 -1.6391521E-01
  1.4706356E-01  2.1954103E-01  2.5945414E+00 -7.0565259E-01  2.5473312E-01 -7.2637876E-02  2.3767957E+00 -3.9862166E-01  1.1692205E-01 -2.4640059E-02  7.6319875E-01 -1.6716366E-01
  1.4915720E-01  2.0533715E-01  2.5854038E+00 -6.8260805E-01  2.4456103E-01 -6.9657756E-02  2.3557144E+00 -3.7166353E-01  1.0657990E-01 -2.2396507E-02  7.7881158E-01 -1.7042797E-01
  1.5128058E-01  1.9183806E-01  2.5746320E+00 -6.5837475E-01  2.3390765E-01 -6.6538262E-02  2.3337046E+00 -3.4399358E-01  9.5986706E-02 -2.0098991E-02  7.9454054E-01 -1.7370592E-01
  1.5343411E-01  1.7902379E-01  2.5622414E+00 -6.3296195E-01  2.2277848E-01 -6.3281067E-02  2.3107822E+00 -3.1562370E-01  8.5148347E-02 -1.7748817E-02  8.1037786E-01 -1.7699521E-01
  1.5561822E-01  1.6687401E-01  2.5482496E+00 -6.0638092E-01  2.1117999E-01 -5.9888126E-02  2.2869644E+00 -2.8656704E-01  7.4071248E-02 -1.5347411E-02  8.2631538E-01 -1.8029342E-01
  1.5783336E-01  1.5536805E-01  2.5326770E+00 -5.7864505E-01  1.9911962E-01 -5.6361692E-02  2.2622698E+00 -2.5683803E-01  6.2762400E-02 -1.2896326E-02  8.4234459E-01 -1.8359804E-01
  1.6007995E-01  1.4448502E-01  2.5155465E+00 -5.4976982E-01  1.8660584E-01 -5.2704310E-02  2.2367186E+00 -2.2645238E-01  5.1229362E-02 -1.0397236E-02  8.5845661E-01 -1.8690645E-01
  1.6235845E-01  1.3420386E-01  2.4968834E+00 -5.1977285E-01  1.7364811E-01 -4.8918831E-02  2.2103322E+00 -1.9542712E-01  3.9480273E-02 -7.8519433E-03  8.7464218E-01 -1.9021591E-01
  1.6466931E-01  1.2450336E-01  2.4767157E+00 -4.8867393E-01  1.6025696E-01 -4.5008411E-02  2.1831332E+00 -1.6378059E-01  2.7523853E-02 -5.2623801E-03  8.9089169E-01 -1.9352361E-01
  1.6701299E-01  1.1536226E-01  2.4550737E+00 -4.5649502E-01  1.4644394E-01 -4.0976515E-02  2.1551457E+00 -1.3153244E-01  1.5369408E-02 -2.6306059E-03  9.0719514E-01 -1.9682660E-01
  1.6938996E-01  1.0675930E-01  2.4319904E+00 -4.2326027E-01  1.3222167E-01 -3.6826923E-02  2.1263953E+00 -9.8703659E-02  3.0268380E-03  4.1189053E-05  9.2354221E-01 -2.0012183E-01
  1.7180068E-01  9.8673258E-02  2.4075008E+00 -3.8899601E-01  1.1760381E-01 -3.2563730E-02  2.0969083E+00 -6.5316526E-02 -9.4933663E-03  2.7506841E-03  9.3992220E-01 -2.0340618E-01
  1.7424565E-01  9.1083029E-02  2.3816424E+00 -3.5373078E-01  1.0260512E-01 -2.8191347E-02  2.0667129E+00 -3.1394654E-02 -2.2180119E-02  5.4954276E-03  9.5632404E-01 -2.0667638E-01
  1.7672533E-01  8.3967659E-02  2.3544552E+00 -3.1749530E-01  8.7241420E-02 -2.3714506E-02  2.0358379E+00  3.0370386E-03 -3.5021740E-02  8.2728371E-03  9.7273636E-01 -2.0992908E-01
  1.7924023E-01  7.7306396E-02  2.3259810E+00 -2.8032248E-01  7.1529593E-02 -1.9138253E-02  2.0043136E+00  3.7952339E-02 -4.8005956E-02  1.1080200E-02  9.8914741E-01 -2.1316083E-01
  1.8179085E-01  7.1078743E-02  2.2962640E+00 -2.4224737E-01  5.5487602E-02 -1.4467956E-02  1.9721714E+00  7.3323749E-02 -6.1119904E-02  1.3914672E-02  1.0055451E+00 -2.1636808E-01
  1.8437770E-01  6.5264498E-02  2.2653502E+00 -2.0330719E-01  3.9134474E-02 -9.7092990E-03  1.9394434E+00  1.0912250E-01 -7.4350138E-02  1.6773282E-02  1.0219172E+00 -2.1954718E-01
  1.8700128E-01  5.9843794E-02  2.2332878E+00 -1.6354125E-01  2.2490293E-02 -4.8682792E-03  1.9061631E+00  1.4531860E-01 -8.7682628E-02  1.9652930E-02  1.0382508E+00 -2.2269437E-01
  1.8966213E-01  5.4797141E-02  2.2001265E+00 -1.2299094E-01  5.5761885E-03  4.8793702E-05  1.8723647E+00  1.8188079E-01 -1.0110277E-01  2.2550389E-02  1.0545330E+00 -2.2580581E-01
  1.9236076E-01  5.0105457E-02  2.1659182E+00 -8.1699704E-02 -1.1585673E-02  5.0353021E-03  1.8380833E+00  2.1877666E-01 -1.1459541E-01  2.5462308E-02  1.0707506E+00 -2.2887757E-01
  1.9509772E-01  4.5750104E-02  2.1307159E+00 -3.9712962E-02 -2.8972109E-02  1.0084325E-02  1.8033549E+00  2.5597263E-01 -1.2814482E-01  2.8385215E-02  1.0868899E+00 -2.3190561E-01
  1.9787355E-01  4.1712915E-02  2.0945744E+00  2.9219232E-03 -4.6558939E-02  1.5188645E-02  1.7682161E+00  2.9343398E-01 -1.4173475E-01  3.1315517E-02  1.1029371E+00 -2.3488583E-01
  2.0068881E-01  3.7976221E-02  2.0575499E+00  4.6155709E-02 -6.4321003E-02  2.0340752E-02  1.7327041E+00  3.3112491E-01 -1.5534840E-01  3.4249504E-02  1.1188781E+00 -2.3781401E-01
  2.0354404E-01  3.4522874E-02  2.0196998E+00  8.9937343E-02 -8.2232193E-02  2.5532852E-02  1.6968568E+00  3.6900857E-01 -1.6896848E-01  3.7183353E-02  1.1346987E+00 -2.4068589E-01
  2.0643983E-01  3.1336267E-02  1.9810824E+00  1.3421403E-01 -1.0026548E-01  3.0756877E-02  1.6607127E+00  4.0704710E-01 -1.8257717E-01  4.0113131E-02  1.1503841E+00 -2.4349708E-01
  2.0937675E-01  2.8400350E-02  1.9417572E+00  1.7893130E-01 -1.1839293E-01  3.6004491E-02  1.6243104E+00  4.4520172E-01 -1.9615621E-01  4.3034798E-02  1.1659198E+00 -2.4624316E-01
  2.1235537E-01  2.5699646E-02  1.9017844E+00  2.2403312E-01 -1.3658576E-01  4.1267102E-02  1.5876890E+00  4.8343270E-01 -2.0968685E-01  4.5944213E-02  1.1812906E+00 -2.4891960E-01
  2.1537630E-01  2.3219258E-02  1.8612251E+00  2.6946195E-01 -1.5481438E-01  4.6535872E-02  1.5508879E+00  5.2169950E-01 -2.2314991E-01  4.8837137E-02  1.1964814E+00 -2.5152183E-01
  2.1844014E-01  2.0944883E-02  1.8201405E+00  3.1515884E-01 -1.7304838E-01  5.1801729E-02  1.5139466E+00  5.5996076E-01 -2.3652579E-01  5.1709237E-02  1.2114769E+00 -2.5404518E-01
  2.2154748E-01  1.8862813E-02  1.7785925E+00  3.6106357E-01 -1.9125665E-01  5.7055379E-02  1.4769044E+00  5.9817442E-01 -2.4979448E-01  5.4556093E-02  1.2262616E+00 -2.5648495E-01
  2.2469896E-01  1.6959938E-02  1.7366430E+00  4.0711469E-01 -2.0940736E-01  6.2287321E-02  1.4398009E+00  6.3629770E-01 -2.6293562E-01  5.7373205E-02  1.2408199E+00 -2.5883634E-01
  2.2789520E-01  1.5223749E-02  1.6943541E+00  4.5324968E-01 -2.2746803E-01  6.7487858E-02  1.4026754E+00  6.7428727E-01 -2.7592849E-01  6.0155992E-02  1.2551358E+00 -2.6109453E-01
  2.3113683E-01  1.3642331E-02  1.6517876E+00  4.9940501E-01 -2.4540560E-01  7.2647117E-02  1.3655669E+00  7.1209920E-01 -2.8875206E-01  6.2899805E-02  1.2691936E+00 -2.6325463E-01
  2.3442449E-01  1.2204364E-02  1.6090052E+00  5.4551631E-01 -2.6318647E-01  7.7755058E-02  1.3285144E+00  7.4968914E-01 -3.0138500E-01  6.5599929E-02  1.2829772E+00 -2.6531169E-01
  2.3775885E-01  1.0899112E-02  1.5660682E+00  5.9151848E-01 -2.8077651E-01  8.2801498E-02  1.2915560E+00  7.8701231E-01 -3.1380573E-01  6.8251595E-02  1.2964706E+00 -2.6726073E-01
  2.4114057E-01  9.7164172E-03  1.5230370E+00  6.3734579E-01 -2.9814122E-01  8.7776125E-02  1.2547298E+00  8.2402363E-01 -3.2599244E-01  7.0849979E-02  1.3096576E+00 -2.6909672E-01
  2.4457031E-01  8.6466878E-03  1.4799717E+00  6.8293202E-01 -3.1524569E-01  9.2668516E-02  1.2180729E+00  8.6067776E-01 -3.3792313E-01  7.3390218E-02  1.3225220E+00 -2.7081463E-01
  2.4804877E-01  7.6808865E-03  1.4369314E+00  7.2821063E-01 -3.3205473E-01  9.7468159E-02  1.1816221E+00  8.9692922E-01 -3.4957563E-01  7.5867414E-02  1.3350476E+00 -2.7240936E-01
  2.5157662E-01  6.8105165E-03  1.3939740E+00  7.7311486E-01 -3.4853292E-01  1.0216448E-01  1.1454132E+00  9.3273246E-01 -3.6092768E-01  7.8276644E-02  1.3472184E+00 -2.7387582E-01
  2.5515458E-01  6.0276068E-03  1.3511567E+00  8.1757793E-01 -3.6464469E-01  1.0674684E-01  1.1094815E+00  9.6804199E-01 -3.7195694E-01  8.0612967E-02  1.3590181E+00 -2.7520892E-01
  2.5878335E-01  5.3246961E-03  1.3085350E+00  8.6153314E-01 -3.8035438E-01  1.1120461E-01  1.0738611E+00  1.0028124E+00 -3.8264102E-01  8.2871438E-02  1.3704309E+00 -2.7640354E-01
  2.6246366E-01  4.6948152E-03  1.2661635E+00  9.0491409E-01 -3.9562634E-01  1.1552713E-01  1.0385854E+00  1.0369986E+00 -3.9295759E-01  8.5047118E-02  1.3814409E+00 -2.7745461E-01
  2.6619624E-01  4.1314688E-03  1.2240950E+00  9.4765480E-01 -4.1042500E-01  1.1970379E-01  1.0036868E+00  1.0705558E+00 -4.0288436E-01  8.7135080E-02  1.3920324E+00 -2.7835706E-01
  2.6998183E-01  3.6286172E-03  1.1823809E+00  9.8968991E-01 -4.2471498E-01  1.2372401E-01  9.6919659E-01  1.1034397E+00 -4.1239916E-01  8.9130425E-02  1.4021902E+00 -2.7910588E-01
  2.7382119E-01  3.1806565E-03  1.1410708E+00  1.0309548E+00 -4.3846114E-01  1.2757732E-01  9.3514488E-01  1.1356065E+00 -4.2147998E-01  9.1028291E-02  1.4118990E+00 -2.7969606E-01
  2.7771507E-01  2.7823988E-03  1.1002125E+00  1.0713858E+00 -4.5162868E-01  1.3125333E-01  9.0156068E-01  1.1670131E+00 -4.3010504E-01  9.2823865E-02  1.4211441E+00 -2.8012269E-01
  2.8166425E-01  2.4290524E-03  1.0598520E+00  1.1109205E+00 -4.6418326E-01  1.3474180E-01  8.6847176E-01  1.1976173E+00 -4.3825282E-01  9.4512395E-02  1.4299111E+00 -2.8038091E-01
  2.8566952E-01  2.1162015E-03  1.0200333E+00  1.1494975E+00 -4.7609104E-01  1.3803263E-01  8.3590456E-01  1.2273776E+00 -4.4590213E-01  9.6089199E-02  1.4381859E+00 -2.8046592E-01
  2.8973168E-01  1.8397862E-03  9.8079815E-01  1.1870570E+00 -4.8731881E-01  1.4111593E-01  8.0388418E-01  1.2562536E+00 -4.5303214E-01  9.7549678E-02  1.4459550E+00 -2.8037303E-01
  2.9385152E-01  1.5960825E-03  9.4218629E-01  1.2235409E+00 -4.9783405E-01  1.4398202E-01  7.7243431E-01  1.2842062E+00 -4.5962242E-01  9.8889329E-02  1.4532051E+00 -2.8009762E-01
  2.9802988E-01  1.3816821E-03  9.0423513E-01  1.2588927E+00 -5.0760502E-01  1.4662146E-01  7.4157718E-01  1.3111970E+00 -4.6565305E-01  1.0010375E-01  1.4599236E+00 -2.7963517E-01
  3.0226758E-01  1.1934736E-03  8.6697977E-01  1.2930579E+00 -5.1660088E-01  1.4902506E-01  7.1133353E-01  1.3371895E+00 -4.7110458E-01  1.0118867E-01  1.4660984E+00 -2.7898129E-01
  3.0656546E-01  1.0286232E-03  8.3045292E-01  1.3259839E+00 -5.2479173E-01  1.5118396E-01  6.8172258E-01  1.3621481E+00 -4.7595818E-01  1.0213992E-01  1.4717179E+00 -2.7813169E-01
  3.1092439E-01  8.8455590E-04  7.9468489E-01  1.3576206E+00 -5.3214873E-01  1.5308961E-01  6.5276196E-01  1.3860390E+00 -4.8019558E-01  1.0295350E-01  1.4767710E+00 -2.7708220E-01
  3.1534522E-01  7.5893791E-04  7.5970349E-01  1.3879201E+00 -5.3864419E-01  1.5473380E-01  6.2446773E-01  1.4088298E+00 -4.8379922E-01  1.0362554E-01  1.4812474E+00 -2.7582880E-01
  3.1982883E-01  6.4965912E-04  7.2553404E-01  1.4168369E+00 -5.4425161E-01  1.5610870E-01  5.9685435E-01  1.4304899E+00 -4.8675224E-01  1.0415233E-01  1.4851373E+00 -2.7436761E-01
  3.2437612E-01  5.5481642E-04  6.9219934E-01  1.4443283E+00 -5.4894581E-01  1.5720691E-01  5.6993465E-01  1.4509903E+00 -4.8903853E-01  1.0453036E-01  1.4884314E+00 -2.7269488E-01
  3.2898800E-01  4.7269772E-04  6.5971966E-01  1.4703542E+00 -5.5270298E-01  1.5802142E-01  5.4371981E-01  1.4703039E+00 -4.9064280E-01  1.0475627E-01  1.4911215E+00 -2.7080704E-01
  3.3366537E-01  4.0176666E-04  6.2811274E-01  1.4948774E+00 -5.5550080E-01  1.5854570E-01  5.1821942E-01  1.4884057E+00 -4.9155061E-01  1.0482691E-01  1.4931996E+00 -2.6870067E-01
  3.3840918E-01  3.4064814E-04  5.9739379E-01  1.5178636E+00 -5.5731845E-01  1.5877369E-01  4.9344142E-01  1.5052723E+00 -4.9174842E-01  1.0473933E-01  1.4946587E+00 -2.6637255E-01
  3.4322035E-01  2.8811460E-04  5.6757553E-01  1.5392817E+00 -5.5813674E-01  1.5869983E-01  4.6939214E-01  1.5208827E+00 -4.9122363E-01  1.0449081E-01  1.4954926E+00 -2.6381960E-01
  3.4809986E-01  2.4307303E-04  5.3866820E-01  1.5591037E+00 -5.5793816E-01  1.5831909E-01  4.4607631E-01  1.5352178E+00 -4.8996462E-01  1.0407884E-01  1.4956957E+00 -2.6103897E-01
  3.5304866E-01  2.0455284E-04  5.1067960E-01  1.5773048E+00 -5.5670695E-01  1.5762698E-01  4.2349709E-01  1.5482607E+00 -4.8796081E-01  1.0350114E-01  1.4952633E+00 -2.5802798E-01
  3.5806775E-01  1.7169444E-04  4.8361514E-01  1.5938634E+00 -5.5442916E-01  1.5661959E-01  4.0165607E-01  1.5599968E+00 -4.8520267E-01  1.0275568E-01  1.4941914E+00 -2.5478417E-01
  3.6315812E-01  1.4373861E-04  4.5747788E-01  1.6087616E+00 -5.5109271E-01  1.5529359E-01  3.8055335E-01  1.5704138E+00 -4.8168177E-01  1.0184069E-01  1.4924769E+00 -2.5130527E-01
  3.6832079E-01  1.2001664E-04  4.3226863E-01  1.6219845E+00 -5.4668745E-01  1.5364627E-01  3.6018750E-01  1.5795015E+00 -4.7739082E-01  1.0075466E-01  1.4901174E+00 -2.4758925E-01
  3.7355677E-01  9.9941170E-05  4.0798594E-01  1.6335211E+00 -5.4120522E-01  1.5167552E-01  3.4055569E-01  1.5872522E+00 -4.7232371E-01  9.9496332E-02  1.4871115E+00 -2.4363429E-01
  3.7886712E-01  8.2997726E-05  3.8462628E-01  1.6433636E+00 -5.3463986E-01  1.4937990E-01  3.2165368E-01  1.5936606E+00 -4.6647551E-01  9.8064746E-02  1.4834586E+00 -2.3943880E-01
  3.8425289E-01  6.8736976E-05  3.6218404E-01  1.6515078E+00 -5.2698731E-01  1.4675862E-01  3.0347587E-01  1.5987237E+00 -4.5984252E-01  9.6459216E-02  1.4791589E+00 -2.3500141E-01
  3.8971515E-01  5.6767601E-05  3.4065164E-01  1.6579531E+00 -5.1824561E-01  1.4381155E-01  2.8601537E-01  1.6024409E+00 -4.5242230E-01  9.4679347E-02  1.4742134E+00 -2.3032102E-01
  3.9525499E-01  4.6749800E-05  3.2001964E-01  1.6627022E+00 -5.0841492E-01  1.4053925E-01  2.6926407E-01  1.6048141E+00 -4.4421370E-01  9.2725044E-02  1.4686242E+00 -2.2539676E-01
  4.0087350E-01  3.8389373E-05  3.0027684E-01  1.6657617E+00 -4.9749759E-01  1.3694299E-01  2.5321267E-01  1.6058475E+00 -4.3521683E-01  9.0596512E-02  1.4623939E+00 -2.2022799E-01
  4.0657181E-01  3.1432365E-05  2.8141034E-01  1.6671412E+00 -4.8549815E-01  1.3302471E-01  2.3785076E-01  1.6055477E+00 -4.2543315E-01  8.8294264E-02  1.4555264E+00 -2.1481434E-01
  4.1235105E-01  2.5660219E-05  2.6340571E-01  1.6668542E+00 -4.7242334E-01  1.2878710E-01  2.2316689E-01  1.6039237E+00 -4.1486545E-01  8.5819126E-02  1.4480261E+00 -2.0915571E-01
  4.1821236E-01  2.0885417E-05  2.4624704E-01  1.6649174E+00 -4.5828212E-01  1.2423355E-01  2.0914861E-01  1.6009869E+00 -4.0351784E-01  8.3172240E-02  1.4398983E+00 -2.0325224E-01
  4.2415692E-01  1.6947570E-05  2.2991710E-01  1.6613507E+00 -4.4308569E-01  1.1936818E-01  1.9578260E-01  1.5967511E+00 -3.9139582E-01  8.0355069E-02  1.4311493E+00 -1.9710435E-01
  4.3018591E-01  1.3709920E-05  2.1439741E-01  1.6561775E+00 -4.2684745E-01  1.1419583E-01  1.8305468E-01  1.5912321E+00 -3.7850623E-01  7.7369396E-02  1.4217861E+00 -1.9071271E-01
  4.3630052E-01  1.1056231E-05  1.9966838E-01  1.6494244E+00 -4.0958305E-01  1.0872207E-01  1.7094992E-01  1.5844483E+00 -3.6485729E-01  7.4217331E-02  1.4118167E+00 -1.8407827E-01
  4.4250197E-01  8.8880232E-06  1.8570945E-01  1.6411209E+00 -3.9131035E-01  1.0295321E-01  1.5945270E-01  1.5764202E+00 -3.5045858E-01  7.0901312E-02  1.4012497E+00 -1.7720227E-01
  4.4879150E-01  7.1221332E-06  1.7249915E-01  1.6312998E+00 -3.7204939E-01  9.6896273E-02  1.4854677E-01  1.5671703E+00 -3.3532109E-01  6.7424103E-02  1.3900946E+00 -1.7008620E-01
  4.5517035E-01  5.6885624E-06  1.6001523E-01  1.6199967E+00 -3.5182242E-01  9.0559024E-02  1.3821537E-01  1.5567235E+00 -3.1945713E-01  6.3788797E-02  1.3783617E+00 -1.6273184E-01
  4.6163979E-01  4.5285885E-06  1.4823481E-01  1.6072498E+00 -3.3065383E-01  8.3949935E-02  1.2844126E-01  1.5451064E+00 -3.0288041E-01  5.9998817E-02  1.3660621E+00 -1.5514126E-01
  4.6820112E-01  3.5931129E-06  1.3713445E-01  1.5931003E+00 -3.0857014E-01  7.7078193E-02  1.1920681E-01  1.5323479E+00 -2.8560599E-01  5.6057912E-02  1.3532077E+00 -1.4731680E-01
  4.7485563E-01  2.8412319E-06  1.2669029E-01  1.5775917E+00 -2.8559993E-01  6.9953692E-02  1.1049406E-01  1.5184786E+00 -2.6765026E-01  5.1970160E-02  1.3398110E+00 -1.3926109E-01
  4.8160465E-01  2.2389782E-06  1.1687811E-01  1.5607702E+00 -2.6177386E-01  6.2587019E-02  1.0228482E-01  1.5035309E+00 -2.4903096E-01  4.7739962E-02  1.3258853E+00 -1.3097705E-01
  4.8844953E-01  1.7582461E-06  1.0767349E-01  1.5426839E+00 -2.3712455E-01  5.4989444E-02  9.4560699E-02  1.4875391E+00 -2.2976713E-01  4.3372042E-02  1.3114447E+00 -1.2246789E-01
  4.9539161E-01  1.3758624E-06  9.9051877E-02  1.5233834E+00 -2.1168660E-01  4.7172904E-02  8.7303209E-02  1.4705391E+00 -2.0987912E-01  3.8871443E-02  1.2965039E+00 -1.1373708E-01
  5.0243229E-01  1.0727895E-06  9.0988663E-02  1.5029210E+00 -1.8549645E-01  3.9149991E-02  8.0493803E-02  1.4525681E+00 -1.8938852E-01  3.4243522E-02  1.2810782E+00 -1.0478841E-01
  5.0957296E-01  8.3344434E-07  8.3459314E-02  1.4813509E+00 -1.5859237E-01  3.0933932E-02  7.4113945E-02  1.4336652E+00 -1.6831821E-01  2.9493948E-02  1.2651837E+00 -9.5625952E-02
  5.1681504E-01  6.4511812E-07  7.6439430E-02  1.4587290E+00 -1.3101440E-01  2.2538571E-02  6.8145176E-02  1.4138706E+00 -1.4669223E-01  2.4628694E-02  1.2488370E+00 -8.6254047E-02
  5.2415998E-01  4.9748519E-07  6.9904832E-02  1.4351126E+00 -1.0280422E-01  1.3978345E-02  6.2569159E-02  1.3932259E+00 -1.2453585E-01  1.9654030E-02  1.2320553E+00 -7.6677337E-02
  5.3160923E-01  3.8218772E-07  6.3831637E-02  1.4105605E+00 -7.4005112E-02  5.2682653E-03  5.7367740E-02  1.3717736E+00 -1.0187545E-01  1.4576519E-02  1.2148566E+00 -6.6900743E-02
  5.3916428E-01  2.9248664E-07  5.8196326E-02  1.3851324E+00 -4.4661852E-02 -3.5761104E-03  5.2522995E-02  1.3495576E+00 -7.8738546E-02  9.4030092E-03  1.1972591E+00 -5.6929469E-02
  5.4682663E-01  2.2296916E-07  5.2975807E-02  1.3588891E+00 -1.4820629E-02 -1.2538703E-02  4.8017273E-02  1.3266225E+00 -5.5153690E-02  4.1406219E-03  1.1792817E+00 -4.6768998E-02
  5.5459780E-01  1.6930485E-07  4.8147478E-02  1.3318922E+00  1.5471055E-02 -2.1602943E-02  4.3833245E-02  1.3030140E+00 -3.1150468E-02 -1.2032544E-03  1.1609439E+00 -3.6425088E-02
  5.6247934E-01  1.2804303E-07  4.3689273E-02  1.3042038E+00  4.6164491E-02 -3.0751796E-02  3.9953939E-02  1.2787781E+00 -6.7594297E-03 -6.6209751E-03  1.1422655E+00 -2.5903768E-02
  5.7047281E-01  9.6445080E-08  3.9579713E-02  1.2758866E+00  7.7209867E-02 -3.9967801E-02  3.6362774E-02  1.2539620E+00  1.7987959E-02 -1.2104651E-02  1.1232668E+00 -1.5211335E-02
  5.7857981E-01  7.2346447E-08  3.5797947E-02  1.2470034E+00  1.0855638E-01 -4.9233097E-02  3.3043598E-02  1.2286127E+00  4.3059374E-02 -1.7646158E-02  1.1039683E+00 -4.3543461E-03
  5.8680195E-01  5.4043359E-08  3.2323786E-02  1.2176172E+00  1.4015235E-01 -5.8529465E-02  2.9980709E-02  1.2027782E+00  6.8421687E-02 -2.3237152E-02  1.0843913E+00  6.6603862E-03
  5.9514086E-01  4.0200375E-08  2.9137734E-02  1.1877908E+00  1.7194536E-01 -6.7838360E-02  2.7158885E-02  1.1765063E+00  9.4041033E-02 -2.8869081E-02  1.0645570E+00  1.7825801E-02
  6.0359820E-01  2.9775208E-08  2.6221013E-02  1.1575868E+00  2.0388233E-01 -7.7140952E-02  2.4563403E-02  1.1498451E+00  1.1988287E-01 -3.4533198E-02  1.0444871E+00  2.9134598E-02
  6.1217565E-01  2.1957877E-08  2.3555583E-02  1.1270672E+00  2.3590970E-01 -8.6418165E-02  2.2180056E-02  1.1228428E+00  1.4591206E-01 -4.0220577E-02  1.0242035E+00  4.0579244E-02
  6.2087493E-01  1.6121679E-08  2.1124154E-02  1.0962935E+00  2.6797353E-01 -9.5650716E-02  1.9995170E-02  1.0955473E+00  1.7209291E-01 -4.5922128E-02  1.0037284E+00  5.2151981E-02
  6.2969775E-01  1.1783865E-08  1.8910203E-02  1.0653265E+00  3.0001963E-01 -1.0481916E-01  1.7995611E-02  1.0680065E+00  1.9838927E-01 -5.1628612E-02  9.8308408E-01  6.3844841E-02
  6.3864587E-01  8.5742384E-09  1.6897970E-02  1.0342258E+00  3.3199373E-01 -1.1390393E-01  1.6168797E-02  1.0402676E+00  2.2476461E-01 -5.7330657E-02  9.6229291E-01  7.5649650E-02
  6.4772108E-01  6.2102067E-09  1.5072467E-02  1.0030501E+00  3.6384156E-01 -1.2288538E-01  1.4502701E-02  1.0123776E+00  2.5118208E-01 -6.3018778E-02  9.4137747E-01  8.7558042E-02
  6.5692518E-01  4.4770376E-09  1.3419474E-02  9.7185665E-01  3.9550903E-01 -1.3174385E-01  1.2985851E-02  9.8438296E-01  2.7760460E-01 -6.8683390E-02  9.2036031E-01  9.9561473E-02
  6.6626000E-01  3.2123412E-09  1.1925530E-02  9.4070148E-01  4.2694234E-01 -1.4045966E-01  1.1607334E-02  9.5632919E-01  3.0399491E-01 -7.4314829E-02  8.9926400E-01  1.1165123E-01
  6.7572739E-01  2.2938764E-09  1.0577924E-02  9.0963894E-01  4.5808814E-01 -1.4901321E-01  1.0356790E-02  9.2826117E-01  3.3031571E-01 -7.9903369E-02  8.7811107E-01  1.2381843E-01
  6.8532924E-01  1.6300712E-09  9.3646864E-03  8.7872174E-01  4.8889366E-01 -1.5738502E-01  9.2244044E-03  9.0022279E-01  3.5652969E-01 -8.5439242E-02  8.5692397E-01  1.3605408E-01
  6.9506745E-01  1.1526612E-09  8.2745679E-03  8.4800076E-01  5.1930684E-01 -1.6555571E-01  8.2009058E-03  8.7225696E-01  3.8259962E-01 -9.0912652E-02  8.3572497E-01  1.4834901E-01
  7.0494398E-01  8.1100829E-10  7.2970254E-03  8.1752496E-01  5.4927646E-01 -1.7350616E-01  7.2775517E-03  8.4440542E-01  4.0848845E-01 -9.6313800E-02  8.1453619E-01  1.6069398E-01
  7.1496077E-01  5.6773664E-10  6.4222005E-03  7.8734127E-01  5.7875226E-01 -1.8121743E-01  6.4461188E-03  8.1670870E-01  4.3415938E-01 -1.0163290E-01  7.9337950E-01  1.7307960E-01
  7.2511982E-01  3.9539909E-10  5.6408975E-03  7.5749446E-01  6.0768510E-01 -1.8867089E-01  5.6988900E-03  7.8920600E-01  4.5957591E-01 -1.0686018E-01  7.7227649E-01  1.8549643E-01
  7.3542315E-01  2.7394297E-10  4.9445600E-03  7.2802708E-01  6.3602701E-01 -1.9584825E-01  5.0286398E-03  7.6193511E-01  4.8470196E-01 -1.1198594E-01  7.5124838E-01  1.9793491E-01
  7.4587281E-01  1.8879421E-10  4.3252461E-03  6.9897933E-01  6.6373138E-01 -2.0273154E-01  4.4286183E-03  7.3493229E-01  5.0950189E-01 -1.1700053E-01  7.3031603E-01  2.1038542E-01
  7.5647089E-01  1.2941629E-10  3.7756019E-03  6.7038902E-01  6.9075296E-01 -2.0930324E-01  3.8925349E-03  7.0823224E-01  5.3394060E-01 -1.2189436E-01  7.0949979E-01  2.2283827E-01
  7.6721947E-01  8.8232449E-11  3.2888353E-03  6.4229146E-01  7.1704804E-01 -2.1554621E-01  3.4145405E-03  6.8186793E-01  5.5798355E-01 -1.2665797E-01  6.8881954E-01  2.3528372E-01
  7.7812072E-01  5.9823764E-11  2.8586884E-03  6.1471943E-01  7.4257443E-01 -2.2144383E-01  2.9892092E-03  6.5587060E-01  5.8159684E-01 -1.3128197E-01  6.6829454E-01  2.4771193E-01
  7.8917678E-01  4.0335883E-11  2.4794097E-03  5.8770312E-01  7.6729159E-01 -2.2697992E-01  2.6115198E-03  6.3026967E-01  6.0474719E-01 -1.3575709E-01  6.4794342E-01  2.6011303E-01
  8.0038987E-01  2.7042559E-11  2.1457268E-03  5.6127009E-01  7.9116063E-01 -2.3213886E-01  2.2768360E-03  6.0509264E-01  6.2740204E-01 -1.4007418E-01  6.2778412E-01  2.7247704E-01
  8.1176220E-01  1.8026353E-11  1.8528185E-03  5.3544523E-01  8.1414437E-01 -2.3690553E-01  1.9808881E-03  5.8036510E-01  6.4952952E-01 -1.4422422E-01  6.0783383E-01  2.8479392E-01
  8.2329605E-01  1.1946392E-11  1.5962875E-03  5.1025082E-01  8.3620739E-01 -2.4126542E-01  1.7197526E-03  5.5611067E-01  6.7109848E-01 -1.4819834E-01  5.8810894E-01  2.9705353E-01
  8.3499371E-01  7.8704379E-12  1.3721334E-03  4.8570648E-01  8.5731605E-01 -2.4520457E-01  1.4898335E-03  5.3235097E-01  6.9207855E-01 -1.5198780E-01  5.6862506E-01  3.0924563E-01
  8.4685749E-01  5.1541638E-12  1.1767264E-03  4.6182924E-01  8.7743857E-01 -2.4870968E-01  1.2878427E-03  5.0910567E-01  7.1244018E-01 -1.5558402E-01  5.4939697E-01  3.2135989E-01
  8.5888978E-01  3.3548879E-12  1.0067817E-03  4.3863361E-01  8.9654507E-01 -2.5176808E-01  1.1107815E-03  4.8639247E-01  7.3215465E-01 -1.5897863E-01  5.3043862E-01  3.3338589E-01
  8.7109294E-01  2.1703031E-12  8.5933438E-04  4.1613163E-01  9.1460769E-01 -2.5436784E-01  9.5592168E-04  4.6422715E-01  7.5119420E-01 -1.6216342E-01  5.1176316E-01  3.4531314E-01
  8.8346942E-01  1.3952377E-12  7.3171556E-04  3.9433296E-01  9.3160065E-01 -2.5649774E-01  8.2078733E-04  4.4262365E-01  7.6953207E-01 -1.6513043E-01  4.9338298E-01  3.5713110E-01
  8.9602167E-01  8.9129833E-13  6.2152915E-04  3.7324496E-01  9.4750043E-01 -2.5814737E-01  7.0313750E-04  4.2159405E-01  7.8714263E-01 -1.6787192E-01  4.7530970E-01  3.6882919E-01
  9.0875219E-01  5.6572589E-13  5.2662984E-04  3.5287282E-01  9.6228583E-01 -2.5930718E-01  6.0094884E-04  4.0114870E-01  8.0400150E-01 -1.7038046E-01  4.5755420E-01  3.8039689E-01
  9.2166352E-01  3.5674473E-13  4.4510200E-04  3.3321961E-01  9.7593809E-01 -2.5996850E-01  5.1239925E-04  3.8129623E-01  8.2008561E-01 -1.7264891E-01  4.4012669E-01  3.9182372E-01
  9.3475821E-01  2.2347938E-13  3.7523980E-04  3.1428639E-01  9.8844103E-01 -2.6012358E-01  4.3585207E-04  3.6204362E-01  8.3537336E-01 -1.7467046E-01  4.2303665E-01  4.0309928E-01
  9.4803888E-01  1.3906090E-13  3.1552841E-04  2.9607230E-01  9.9978110E-01 -2.5976570E-01  3.6984102E-04  3.4339622E-01  8.4984467E-01 -1.7643868E-01  4.0629289E-01  4.1421335E-01
  9.6150816E-01  8.5944661E-14  2.6462627E-04  2.7857462E-01  1.0099475E+00 -2.5888909E-01  3.1305587E-04  3.2535781E-01  8.6348110E-01 -1.7794748E-01  3.8990352E-01  4.2515584E-01
  9.7516874E-01  5.2751786E-14  2.2134865E-04  2.6178890E-01  1.0189320E+00 -2.5748905E-01  2.6432895E-04  3.0793066E-01  8.7626586E-01 -1.7919122E-01  3.7387597E-01  4.3591690E-01
  9.8902333E-01  3.2152687E-14  1.8465220E-04  2.4570900E-01  1.0267295E+00 -2.5556192E-01  2.2262237E-04  2.9111552E-01  8.8818392E-01 -1.8016463E-01  3.5821695E-01  4.4648687E-01
  1.0030747E+00  1.9458799E-14  1.5362076E-04  2.3032720E-01  1.0333373E+00 -2.5310513E-01  1.8701609E-04  2.7491171E-01  8.9922202E-01 -1.8086290E-01  3.4293247E-01  4.5685634E-01
  1.0173256E+00  1.1692024E-14  1.2745210E-04  2.1563429E-01  1.0387557E+00 -2.5011715E-01  1.5669672E-04  2.5931715E-01  9.0936869E-01 -1.8128165E-01  3.2802780E-01  4.6701619E-01
  1.0317789E+00  6.9741898E-15  1.0544582E-04  2.0161965E-01  1.0429877E+00 -2.4659758E-01  1.3094717E-04  2.4432839E-01  9.1861430E-01 -1.8141693E-01  3.1350749E-01  4.7695755E-01
  1.0464375E+00  4.1293642E-15  8.6992231E-05  1.8827136E-01  1.0460389E+00 -2.4254707E-01  1.0913697E-04  2.2994072E-01  9.2695103E-01 -1.8126528E-01  2.9937536E-01  4.8667185E-01
  1.0613042E+00  2.4266785E-15  7.1562167E-05  1.7557630E-01  1.0479178E+00 -2.3796738E-01  9.0713366E-05  2.1614815E-01  9.3437294E-01 -1.8082368E-01  2.8563448E-01  4.9615083E-01
  1.0763822E+00  1.4152541E-15  5.8697740E-05  1.6352023E-01  1.0486353E+00 -2.3286136E-01  7.5193125E-05  2.0294355E-01  9.4087592E-01 -1.8008960E-01  2.7228718E-01  5.0538654E-01
  1.0916742E+00  8.1903376E-16  4.8003939E-05  1.5208792E-01  1.0482051E+00 -2.2723291E-01  6.2155000E-05  1.9031865E-01  9.4645770E-01 -1.7906095E-01  2.5933508E-01  5.1437138E-01
  1.1071834E+00  4.7029171E-16  3.9141047E-05  1.4126323E-01  1.0466431E+00 -2.2108704E-01  5.1232848E-05  1.7826417E-01  9.5111789E-01 -1.7773616E-01  2.4677906E-01  5.2309808E-01
  1.1229129E+00  2.6790601E-16  3.1817812E-05  1.3102924E-01  1.0439678E+00 -2.1442978E-01  4.2109353E-05  1.6676985E-01  9.5485791E-01 -1.7611411E-01  2.3461931E-01  5.3155973E-01
  1.1388658E+00  1.5139026E-16  2.5785316E-05  1.2136832E-01  1.0402003E+00 -2.0726825E-01  3.4510339E-05  1.5582453E-01  9.5768100E-01 -1.7419420E-01  2.2285530E-01  5.3974980E-01
  1.1550453E+00  8.4852329E-17  2.0831504E-05  1.1226225E-01  1.0353635E+00 -1.9961056E-01  2.8199612E-05  1.4541625E-01  9.5959222E-01 -1.7197626E-01  2.1148584E-01  5.4766211E-01
  1.1714545E+00  4.7166015E-17  1.6776303E-05  1.0369231E-01  1.0294828E+00 -1.9146585E-01  2.2974326E-05  1.3553227E-01  9.6059842E-01 -1.6946067E-01  2.0050906E-01  5.5529092E-01
  1.1880968E+00  2.5998163E-17  1.3467302E-05  9.5639417E-02  1.0225856E+00 -1.8284425E-01  1.8660803E-05  1.2615922E-01  9.6070817E-01 -1.6664823E-01  1.8992247E-01  5.6263086E-01
  1.2049754E+00  1.4208620E-17  1.0775924E-05  8.8084142E-02  1.0147014E+00 -1.7375684E-01  1.5110810E-05  1.1728311E-01  9.5993181E-01 -1.6354027E-01  1.7972292E-01  5.6967697E-01
  1.2220938E+00  7.6984592E-18  8.5940679E-06  8.1006869E-02  1.0058614E+00 -1.6421563E-01  1.2198228E-05  1.0888946E-01  9.5828131E-01 -1.6013856E-01  1.6990672E-01  5.7642474E-01
  1.2394553E+00  4.1347044E-18  6.8311480E-06  7.4387852E-02  9.9609856E-01 -1.5423357E-01  9.8160950E-06  1.0096331E-01  9.5577031E-01 -1.5644536E-01  1.6046955E-01  5.8287005E-01
  1.2570633E+00  2.2009953E-18  5.4115172E-06  6.8207303E-02  9.8544765E-01 -1.4382443E-01  7.8739918E-06  9.3489354E-02  9.5241403E-01 -1.5246337E-01  1.5140659E-01  5.8900924E-01
  1.2749214E+00  1.1611069E-18  4.2722336E-06  6.2445472E-02  9.7394480E-01 -1.3300284E-01  6.2957327E-06  8.6451983E-02  9.4822921E-01 -1.4819578E-01  1.4271247E-01  5.9483906E-01
  1.2930332E+00  6.0694207E-19  3.3610974E-06  5.7082720E-02  9.6162758E-01 -1.2178423E-01  5.0173383E-06  7.9835352E-02  9.4323410E-01 -1.4364618E-01  1.3438136E-01  6.0035673E-01
  1.3114021E+00  3.1433080E-19  2.6349757E-06  5.2099589E-02  9.4853479E-01 -1.1018477E-01  3.9852597E-06  7.3623453E-02  9.3744832E-01 -1.3881864E-01  1.2640695E-01  6.0555987E-01
  1.3300320E+00  1.6126238E-19  2.0583561E-06  4.7476867E-02  9.3470633E-01 -9.8221349E-02  3.1548284E-06  6.7800182E-02  9.3089284E-01 -1.3371762E-01  1.1878251E-01  6.1044658E-01
  1.3489264E+00  8.1945761E-20  1.6021068E-06  4.3195650E-02  9.2018309E-01 -8.5911537E-02  2.4889198E-06  6.2349397E-02  9.2358992E-01 -1.2834800E-01  1.1150091E-01  6.1501536E-01
  1.3680892E+00  4.1238907E-20  1.2424183E-06  3.9237391E-02  9.0500678E-01 -7.3273516E-02  1.9567784E-06  5.7254978E-02  9.1556299E-01 -1.2271506E-01  1.0455465E-01  6.1926518E-01
  1.3875242E+00  2.0550103E-20  9.5990370E-07  3.5583956E-02  8.8921978E-01 -6.0326049E-02  1.5330179E-06  5.2500885E-02  9.0683663E-01 -1.1682445E-01  9.7935914E-02  6.2319540E-01
  1.4072351E+00  1.0138765E-20  7.3883717E-07  3.2217662E-02  8.7286504E-01 -4.7088432E-02  1.1967587E-06  4.8071209E-02  8.9743641E-01 -1.1068221E-01  9.1636570E-02  6.2680584E-01
  1.4272260E+00  4.9517343E-21  5.6651116E-07  2.9121323E-02  8.5598590E-01 -3.3580442E-02  9.3089008E-07  4.3950223E-02  8.8738890E-01 -1.0429470E-01  8.5648227E-02  6.3009672E-01
  1.4475008E+00  2.3936839E-21  4.3269708E-07  2.6278279E-02  8.3862597E-01 -1.9822288E-02  7.2144133E-07  4.0122426E-02  8.7672151E-01 -9.7668651E-02  7.9962259E-02  6.3306869E-01
  1.4680636E+00  1.1451131E-21  3.2919408E-07  2.3672428E-02  8.2082897E-01 -5.8345640E-03  5.5704784E-07  3.6572589E-02  8.6546245E-01 -9.0811082E-02  7.4569837E-02  6.3572279E-01
  1.4889184E+00  5.4204584E-22  2.4945319E-07  2.1288249E-02  8.0263863E-01  8.3618021E-03  4.2849974E-07  3.3285790E-02  8.5364062E-01 -8.3729325E-02  6.9461965E-02  6.3806045E-01
  1.5100694E+00  2.5384139E-22  1.8826571E-07  1.9110824E-02  7.8409852E-01  2.2745601E-02  3.2836182E-07  3.0247451E-02  8.4128555E-01 -7.6430995E-02  6.4629508E-02  6.4008351E-01
  1.5315208E+00  1.1758701E-22  1.4150581E-07  1.7125850E-02  7.6525195E-01  3.7295389E-02  2.5065469E-07  2.7443371E-02  8.2842727E-01 -6.8923970E-02  6.0063227E-02  6.4179418E-01
  1.5532768E+00  5.3871270E-23  1.0591894E-07  1.5319650E-02  7.4614182E-01  5.1989542E-02  1.9058860E-07  2.4859749E-02  8.1509626E-01 -6.1216374E-02  5.5753807E-02  6.4319503E-01
  1.5753418E+00  2.4405372E-23  7.8948587E-08  1.3679185E-02  7.2681053E-01  6.6806301E-02  1.4434186E-07  2.2483213E-02  8.0132334E-01 -5.3316562E-02  5.1691887E-02  6.4428899E-01
  1.5977202E+00  1.0931309E-23  5.8595084E-08  1.2192051E-02  7.0729983E-01  8.1723828E-02  1.0887749E-07  2.0300840E-02  7.8713961E-01 -4.5233093E-02  4.7868090E-02  6.4507933E-01
  1.6204164E+00  4.8399880E-24  4.3301051E-08  1.0846479E-02  6.8765072E-01  9.6720247E-02  8.1791859E-08  1.8300170E-02  7.7257635E-01 -3.6974721E-02  4.4273050E-02  6.4556967E-01
  1.6434350E+00  2.1180074E-24  3.1858851E-08  9.6313349E-03  6.6790336E-01  1.1177370E-01  6.1190449E-08  1.6469222E-02  7.5766491E-01 -2.8550368E-02  4.0897437E-02  6.4576395E-01
  1.6667804E+00  9.1589587E-25  2.3336181E-08  8.5361082E-03  6.4809695E-01  1.2686239E-01  4.5586247E-08  1.4796504E-02  7.4243667E-01 -1.9969110E-02  3.7731983E-02  6.4566640E-01
  1.6904574E+00  3.9131200E-25  1.7016519E-08  7.5509041E-03  6.2826965E-01  1.4196464E-01  3.3817024E-08  1.3271020E-02  7.2692295E-01 -1.1240156E-02  3.4767509E-02  6.4528157E-01
  1.7144707E+00  1.6515067E-25  1.2351670E-08  6.6664302E-03  6.0845849E-01  1.5705891E-01  2.4978283E-08  1.1882276E-02  7.1115492E-01 -2.3728292E-03  3.1994942E-02  6.4461427E-01
  1.7388251E+00  6.8839533E-26  8.9241465E-09  5.8739824E-03  5.8869926E-01  1.7212387E-01  1.8369166E-08  1.0620278E-02  6.9516350E-01  6.6234493E-03  2.9405339E-02  6.4366961E-01
  1.7635253E+00  2.8334443E-26  6.4175046E-09  5.1654276E-03  5.6902650E-01  1.8713845E-01  1.3448985E-08  9.4755363E-03  6.7897933E-01  1.5739182E-02  2.6989907E-02  6.4245293E-01
  1.7885763E+00  1.1514046E-26  4.5929934E-09  4.5331855E-03  5.4947335E-01  2.0208182E-01  9.8024815E-09  8.4390563E-03  6.6263269E-01  2.4964811E-02  2.4740020E-02  6.4096983E-01
  1.8139831E+00  4.6184223E-27  3.2713486E-09  3.9702091E-03  5.3007156E-01  2.1693354E-01  7.1121645E-09  7.5023365E-03  6.4615340E-01  3.4290736E-02  2.2647234E-02  6.3922611E-01
  1.8397507E+00  1.8282094E-27  2.3186224E-09  3.4699630E-03  5.1085139E-01  2.3167347E-01  5.1363991E-09  6.6573597E-03  6.2957076E-01  4.3707332E-02  2.0703305E-02  6.3722781E-01
  1.8658843E+00  7.1406457E-28  1.6352184E-09  3.0264023E-03  4.9184158E-01  2.4628192E-01  3.6921506E-09  5.8965834E-03  6.1291352E-01  5.3204967E-02  1.8900201E-02  6.3498116E-01
  1.8923891E+00  2.7513086E-28  1.1474508E-09  2.6339492E-03  4.7306930E-01  2.6073961E-01  2.6414073E-09  5.2129285E-03  5.9620979E-01  6.2774014E-02  1.7230112E-02  6.3249255E-01
  1.9192702E+00  1.0455401E-28  8.0107731E-10  2.2874703E-03  4.5456014E-01  2.7502774E-01  1.8806062E-09  4.5997666E-03  5.7948697E-01  7.2404874E-02  1.5685462E-02  6.2976856E-01
  1.9465332E+00  3.9178621E-29  5.5637288E-10  1.9822531E-03  4.3633804E-01  2.8912800E-01  1.3324095E-09  4.0509062E-03  5.6277173E-01  8.2087981E-02  1.4258919E-02  6.2681589E-01
  1.9741833E+00  1.4473396E-29  3.8439459E-10  1.7139824E-03  4.1842531E-01  3.0302262E-01  9.3934542E-10  3.5605775E-03  5.4608993E-01  9.1813826E-02  1.2943400E-02  6.2364138E-01
  2.0022261E+00  5.2699734E-30  2.6416580E-10  1.4787172E-03  4.0084261E-01  3.1669437E-01  6.5891687E-10  3.1234167E-03  5.2946658E-01  1.0157296E-01  1.1732077E-02  6.2025198E-01
  2.0306672E+00  1.8908847E-30  1.8056419E-10  1.2728672E-03  3.8360890E-01  3.3012660E-01  4.5985739E-10  2.7344489E-03  5.1292581E-01  1.1135602E-01  1.0618383E-02  6.1665474E-01
  2.0595123E+00  6.6840596E-31  1.2274665E-10  1.0931702E-03  3.6674151E-01  3.4330327E-01  3.1928025E-10  2.3890715E-03  4.9649080E-01  1.2115373E-01  9.5960146E-03  6.1285678E-01
  2.0887670E+00  2.3271916E-31  8.2980772E-11  9.3666982E-04  3.5025609E-01  3.5620893E-01  2.2051895E-10  2.0830361E-03  4.8018379E-01  1.3095690E-01  8.6589339E-03  6.0886527E-01
  2.1184371E+00  7.9787783E-32  5.5782939E-11  8.0069378E-04  3.3416664E-01  3.6882878E-01  1.5150012E-10  1.8124308E-03  4.6402599E-01  1.4075647E-01  7.8013686E-03  6.0468742E-01
  2.1485287E+00  2.6930645E-32  3.7286123E-11  6.8283304E-04  3.1848553E-01  3.8114866E-01  1.0352398E-10  1.5736627E-03  4.4803760E-01  1.5054347E-01  7.0178126E-03  6.0033046E-01
  2.1790476E+00  8.9465303E-33  2.4778804E-11  5.8092156E-04  3.0322353E-01  3.9315506E-01  7.0355353E-11  1.3634392E-03  4.3223777E-01  1.6030908E-01  6.3030237E-03  5.9580163E-01
  2.2100000E+00  2.9244838E-33  1.6370635E-11  4.9301702E-04  2.8838983E-01  4.0483512E-01  4.7549761E-11  1.1787508E-03  4.1664455E-01  1.7004459E-01  5.6520217E-03  5.9110814E-01
  2.2413920E+00  9.4041005E-34  1.0751452E-11  4.1738241E-04  2.7399208E-01  4.1617667E-01  3.1956622E-11  1.0168535E-03  4.0127493E-01  1.7974143E-01  5.0600846E-03  5.8625717E-01
  2.2732298E+00  2.9740145E-34  7.0185744E-12  3.5246852E-04  2.6003640E-01  4.2716817E-01  2.1355048E-11  8.7525130E-04  3.8614480E-01  1.8939115E-01  4.5227446E-03  5.8125584E-01
  2.3055197E+00  9.2471622E-35  4.5537951E-12  2.9689743E-04  2.4652749E-01  4.3779879E-01  1.4188379E-11  7.5167961E-04  3.7126892E-01  1.9898545E-01  4.0357829E-03  5.7611120E-01
  2.3382683E+00  2.8261332E-35  2.9363256E-12  2.4944695E-04  2.3346859E-01  4.4805833E-01  9.3717856E-12  6.4408902E-04  3.5666095E-01  2.0851617E-01  3.5952240E-03  5.7083021E-01
  2.3714819E+00  8.4873482E-36  1.8814958E-12  2.0903602E-04  2.2086163E-01  4.5793725E-01  6.1536619E-12  5.5062944E-04  3.4233344E-01  2.1797528E-01  3.1973295E-03  5.6541972E-01
  2.4051673E+00  2.5039196E-36  1.1979323E-12  1.7471112E-04  2.0870719E-01  4.6742667E-01  4.0163392E-12  4.6963501E-04  3.2829783E-01  2.2735486E-01  2.8385910E-03  5.5988646E-01
  2.4393311E+00  7.2545183E-37  7.5779606E-13  1.4563358E-04  1.9700461E-01  4.7651835E-01  2.6054051E-12  3.9960959E-04  3.1456444E-01  2.3664715E-01  2.5157228E-03  5.5423700E-01
  2.4739800E+00  2.0635001E-37  4.7623790E-13  1.2106787E-04  1.8575206E-01  4.8520465E-01  1.6796995E-12  3.3921296E-04  3.0114253E-01  2.4584449E-01  2.2256543E-03  5.4847777E-01
  2.5091211E+00  5.7606701E-38  2.9730830E-13  1.0037078E-04  1.7494657E-01  4.9347858E-01  1.0761223E-12  2.8724769E-04  2.8804026E-01  2.5493934E-01  1.9655216E-03  5.4261504E-01
  2.5447612E+00  1.5778867E-38  1.8435754E-13  8.2981459E-05  1.6458410E-01  5.0133372E-01  6.8505737E-13  2.4264676E-04  2.7526474E-01  2.6392427E-01  1.7326596E-03  5.3665485E-01
  2.5809076E+00  4.2390782E-39  1.1353880E-13  6.8412329E-05  1.5465965E-01  5.0876425E-01  4.3329998E-13  2.0446187E-04  2.6282206E-01  2.7279196E-01  1.5245928E-03  5.3060310E-01
  2.6175672E+00  1.1166446E-39  6.9440903E-14  5.6240747E-05  1.4516726E-01  5.1576492E-01  2.7227470E-13  1.7185251E-04  2.5071726E-01  2.8153518E-01  1.3390273E-03  5.2446545E-01
  2.6547476E+00  2.8830900E-40  4.2172713E-14  4.6101471E-05  1.3610013E-01  5.2233103E-01  1.6995843E-13  1.4407570E-04  2.3895445E-01  2.9014676E-01  1.1738416E-03  5.1824736E-01
  2.6924559E+00  7.2937232E-41  2.5430196E-14  3.7679821E-05  1.2745067E-01  5.2845843E-01  1.0537905E-13  1.2047646E-04  2.2753675E-01  2.9861964E-01  1.0270780E-03  5.1195408E-01
  2.7306998E+00  1.8073104E-41  1.5223904E-14  3.0705509E-05  1.1921058E-01  5.3414348E-01  6.4893425E-14  1.0047902E-04  2.1646637E-01  3.0694682E-01  8.9693372E-04  5.0559063E-01
  2.7694869E+00  4.3847966E-42  9.0472403E-15  2.4947094E-05  1.1137092E-01  5.3938310E-01  3.9686249E-14  8.3578615E-05  2.0574466E-01  3.1512138E-01  7.8175251E-04  4.9916183E-01
  2.8088248E+00  1.0412052E-42  5.3367246E-15  2.0207022E-05  1.0392214E-01  5.4417470E-01  2.4100708E-14  6.9333972E-05  1.9537209E-01  3.2313644E-01  6.8001572E-04  4.9267228E-01
  2.8487214E+00  2.4189471E-43  3.1243254E-15  1.6317198E-05  9.6854203E-02  5.4851621E-01  1.4532046E-14  5.7360436E-05  1.8534836E-01  3.3098519E-01  5.9033413E-04  4.8612640E-01
  2.8891847E+00  5.4960237E-44  1.8151558E-15  1.3135048E-05  9.0156627E-02  5.5240606E-01  8.6993560E-15  4.7323657E-05  1.7567238E-01  3.3866090E-01  5.1143969E-04  4.7952837E-01
  2.9302226E+00  1.2207530E-44  1.0464047E-15  1.0540038E-05  8.3818541E-02  5.5584320E-01  5.1697117E-15  3.8933857E-05  1.6634236E-01  3.4615689E-01  4.4217753E-04  4.7288223E-01
  2.9718433E+00  2.6496256E-45  5.9850309E-16  8.4305986E-06  7.7828756E-02  5.5882709E-01  3.0494341E-15  3.1940618E-05  1.5735579E-01  3.5346653E-01  3.8149819E-04  4.6619183E-01
  3.0140551E+00  5.6173947E-46  3.3959819E-16  6.7214254E-06  7.2175822E-02  5.6135769E-01  1.7852540E-15  2.6128180E-05  1.4870957E-01  3.6058330E-01  3.2845021E-04  4.5946084E-01
  3.0568665E+00  1.1627620E-46  1.9113805E-16  5.3411127E-06  6.6848087E-02  5.6343552E-01  1.0371988E-15  2.1311201E-05  1.4039997E-01  3.6750072E-01  2.8217287E-04  4.5269282E-01
  3.1002858E+00  2.3488722E-47  1.0669929E-16  4.2300890E-06  6.1833751E-02  5.6506157E-01  5.9793924E-16  1.7330944E-05  1.3242269E-01  3.7421243E-01  2.4188941E-04  4.4589118E-01
  3.1443219E+00  4.6285307E-48  5.9068709E-17  3.3388357E-06  5.7120914E-02  5.6623739E-01  3.4200935E-16  1.4051880E-05  1.2477293E-01  3.8071214E-01  2.0690039E-04  4.3905920E-01
  3.1889833E+00  8.8928291E-49  3.2425246E-17  2.6263228E-06  5.2697628E-02  5.6696508E-01  1.9406895E-16  1.1358647E-05  1.1744541E-01  3.8699368E-01  1.7657750E-04  4.3220005E-01
  3.2342790E+00  1.6651095E-49  1.7647627E-17  2.0586764E-06  4.8551941E-02  5.6724724E-01  1.0923499E-16  9.1533606E-06  1.1043441E-01  3.9305100E-01  1.5035766E-04  4.2531684E-01
  3.2802180E+00  3.0369652E-50  9.5216717E-18  1.6080297E-06  4.4671941E-02  5.6708704E-01  6.0982452E-17  7.3532239E-06  1.0373379E-01  3.9887818E-01  1.2773743E-04  4.1841255E-01
  3.3268095E+00  5.3927988E-51  5.0922500E-18  1.2515403E-06  4.1045794E-02  5.6648819E-01  3.3762483E-17  5.8884293E-06  9.7337064E-02  4.0446941E-01  1.0826780E-04  4.1149012E-01
  3.3740626E+00  9.3184597E-52  2.6991112E-18  9.7055199E-07  3.7661781E-02  5.6545495E-01  1.8535250E-17  4.7003102E-06  9.1237398E-02  4.0981908E-01  9.1549251E-05  4.0455241E-01
  3.4219869E+00  1.5660394E-52  1.4177199E-18  7.4988396E-07  3.4508334E-02  5.6399213E-01  1.0088916E-17  3.7397238E-06  8.5427670E-02  4.1492170E-01  7.7227191E-05  3.9760222E-01
  3.4705917E+00  2.5583374E-53  7.3783948E-19  5.7722931E-07  3.1574063E-02  5.6210507E-01  5.4440121E-18  2.9656401E-06  7.9900496E-02  4.1977198E-01  6.4987678E-05  3.9064231E-01
  3.5198869E+00  4.0604336E-54  3.8043233E-19  4.4264867E-07  2.8847792E-02  5.5979969E-01  2.9118432E-18  2.3439244E-06  7.4648262E-02  4.2436483E-01  5.4553458E-05  3.8367540E-01
  3.5698822E+00  6.2575471E-55  1.9430251E-19  3.3814542E-07  2.6318574E-02  5.5708240E-01  1.5436047E-18  1.8462677E-06  6.9663158E-02  4.2869533E-01  4.5680298E-05  3.7670417E-01
  3.6205875E+00  9.3584832E-56  9.8289078E-20  2.5731087E-07  2.3975724E-02  5.5396021E-01  8.1090033E-19  1.4492758E-06  6.4937207E-02  4.3275880E-01  3.8153609E-05  3.6973127E-01
  3.6720130E+00  1.3574497E-56  4.9237670E-20  1.9502910E-07  2.1808834E-02  5.5044062E-01  4.2209022E-19  1.1336834E-06  6.0462300E-02  4.3655080E-01  3.1785335E-05  3.6275934E-01
  3.7241688E+00  1.9085395E-57  2.4422696E-20  1.4723239E-07  1.9807792E-02  5.4653168E-01  2.1766661E-19  8.8368119E-07  5.6230222E-02  4.4006711E-01  2.6411106E-05  3.5579101E-01
  3.7770654E+00  2.5994096E-58  1.1993090E-20  1.1069949E-07  1.7962798E-02  5.4224196E-01  1.1119068E-19  6.8634259E-07  5.2232678E-02  4.4330379E-01  2.1887640E-05  3.4882888E-01
  3.8307132E+00  3.4274919E-59  5.8297037E-21  8.2889871E-08  1.6264375E-02  5.3758054E-01  5.6256857E-20  5.3113618E-07  4.8461327E-02  4.4625719E-01  1.8090372E-05  3.4187555E-01
  3.8851229E+00  4.3725349E-60  2.8046278E-21  6.1808161E-08  1.4703384E-02  5.3255702E-01  2.8187237E-20  4.0951343E-07  4.4907802E-02  4.4892393E-01  1.4911306E-05  3.3493364E-01
  3.9403053E+00  5.3934581E-61  1.3352166E-21  4.5893714E-08  1.3271028E-02  5.2718150E-01  1.3984212E-20  3.1456119E-07  4.1563738E-02  4.5130096E-01  1.2257068E-05  3.2800576E-01
  3.9962715E+00  6.4282944E-62  6.2894006E-22  3.3931085E-08  1.1958861E-02  5.2146457E-01  6.8686199E-21  2.4070989E-07  3.8420796E-02  4.5338558E-01  1.0047156E-05  3.2109456E-01
  4.0530325E+00  7.3982865E-63  2.9307586E-22  2.4977744E-08  1.0758793E-02  5.1541732E-01  3.3395151E-21  1.8348950E-07  3.5470684E-02  4.5517544E-01  8.2123586E-06  3.1420267E-01
  4.1105997E+00  8.2163977E-64  1.3508127E-22  1.8305977E-08  9.6630892E-03  5.0905133E-01  1.6069977E-21  1.3932637E-07  3.2705180E-02  4.5666855E-01  6.6933446E-06  3.0733280E-01
  4.1689844E+00  8.7993428E-65  6.1572165E-23  1.3356413E-08  8.6643752E-03  5.0237862E-01  7.6524299E-22  1.0537468E-07  3.0116151E-02  4.5786337E-01  5.4394002E-06  3.0048765E-01
  4.2281983E+00  9.0810661E-66  2.7750869E-23  9.7009984E-09  7.7556321E-03  4.9541171E-01  3.6055295E-22  7.9377177E-08  2.7695570E-02  4.5875876E-01  4.4073055E-06  2.9366999E-01
  4.2882532E+00  9.0247787E-67  1.2365141E-23  7.0136548E-09  6.9301964E-03  4.8816356E-01  1.6805696E-22  5.9550677E-08  2.5435538E-02  4.5935404E-01  3.5603366E-06  2.8688262E-01
  4.3491610E+00  8.6305979E-68  5.4460063E-24  5.0471453E-09  6.1817550E-03  4.8064759E-01  7.7480562E-23  4.4492242E-08  2.3328297E-02  4.5964902E-01  2.8673843E-06  2.8012841E-01
  4.4109339E+00  7.9366590E-69  2.3704929E-24  3.6148641E-09  5.5043403E-03  4.7287763E-01  3.5327076E-23  3.3102662E-08  2.1366243E-02  4.5964404E-01  2.3021763E-06  2.7341028E-01
  4.4735840E+00  7.0131258E-70  1.0195400E-24  2.5766397E-09  4.8923234E-03  4.6486795E-01  1.5926853E-23  2.4524303E-08  1.9541943E-02  4.5933993E-01  1.8425941E-06  2.6673121E-01
  4.5371239E+00  5.9503720E-71  4.3320868E-25  1.8276852E-09  4.3404068E-03  4.5663321E-01  7.0988349E-24  1.8090864E-08  1.7848146E-02  4.5873814E-01  1.4700751E-06  2.6009425E-01
  4.6015663E+00  4.8441089E-72  1.8181856E-25  1.2900456E-09  3.8436155E-03  4.4818846E-01  3.1275567E-24  1.3286914E-08  1.6277789E-02  4.5784067E-01  1.1690904E-06  2.5350252E-01
  4.6669238E+00  3.7809176E-73  7.5361043E-26  9.0601247E-10  3.3972879E-03  4.3954911E-01  1.3617872E-24  9.7154758E-09  1.4824013E-02  4.5665013E-01  9.2669056E-07  2.4695921E-01
  4.7332096E+00  2.8272755E-74  3.0841902E-26  6.3307895E-10  2.9970657E-03  4.3073090E-01  5.8589917E-25  7.0721550E-09  1.3480166E-02  4.5516977E-01  7.3211499E-07  2.4046757E-01
  4.8004368E+00  2.0239457E-75  1.2460557E-26  4.4009336E-10  2.6388827E-03  4.2174987E-01  2.4903955E-25  5.1245926E-09  1.2239812E-02  4.5340347E-01  5.7644908E-07  2.3403093E-01
  4.8686187E+00  1.3859900E-76  4.9687910E-27  3.0434293E-10  2.3189542E-03  4.1262230E-01  1.0456022E-25  3.6962226E-09  1.1096736E-02  4.5135572E-01  4.5233335E-07  2.2765263E-01
  4.9377690E+00  9.0723827E-78  1.9552142E-27  2.0935381E-10  2.0337649E-03  4.0336470E-01  4.3354766E-26  2.6535054E-09  1.0044947E-02  4.4903170E-01  3.5371292E-07  2.2133610E-01
  5.0079014E+00  5.6721981E-79  7.5906690E-28  1.4324027E-10  1.7800574E-03  3.9399374E-01  1.7749962E-26  1.8959024E-09  9.0786823E-03  4.4643717E-01  2.7562354E-07  2.1508476E-01
  5.0790299E+00  0.0000000E+00  2.9068184E-28  9.7472689E-11  1.5548196E-03  3.8452618E-01  7.1740564E-27  1.3480835E-09  8.1924092E-03  4.4357852E-01  2.1400942E-07  2.0890207E-01
  5.1511685E+00  0.0000000E+00  1.0977824E-28  6.5963057E-11  1.3552731E-03  3.7497882E-01  2.8618967E-27  9.5387778E-10  7.3808267E-03  4.4046271E-01  1.6556884E-07  2.0279147E-01
  5.2243316E+00  0.0000000E+00  4.0877254E-29  4.4389952E-11  1.1788605E-03  3.6536845E-01  1.1266224E-27  6.7160469E-10  6.6388651E-03  4.3709726E-01  1.2762364E-07  1.9675636E-01
  5.2985338E+00  0.0000000E+00  1.5004415E-29  2.9702997E-11  1.0232335E-03  3.5571173E-01  4.3757241E-28  4.7048883E-10  5.9616859E-03  4.3349017E-01  9.8009429E-08  1.9080010E-01
  5.3737899E+00  0.0000000E+00  5.4278924E-30  1.9761173E-11  8.8624061E-04  3.4602517E-01  1.6764045E-28  3.2792060E-10  5.3446799E-03  4.2964991E-01  7.4983550E-08  1.8492598E-01
  5.4501147E+00  0.0000000E+00  1.9347249E-30  1.3070335E-11  7.6591575E-04  3.3632502E-01  6.3339341E-29  2.2737393E-10  4.7834655E-03  4.2558532E-01  5.7148191E-08  1.7913717E-01
  5.5275236E+00  0.0000000E+00  6.7933198E-31  8.5938271E-12  6.6046616E-04  3.2662721E-01  2.3596134E-29  1.5683163E-10  4.2738859E-03  4.2130557E-01  4.3386440E-08  1.7343672E-01
  5.6060318E+00  0.0000000E+00  2.3491823E-31  5.6166337E-12  5.6826129E-04  3.1694729E-01  8.6653422E-30  1.0760084E-10  3.8120053E-03  4.1682010E-01  3.2809305E-08  1.6782753E-01
  5.6856550E+00  0.0000000E+00  7.9986761E-32  3.6485299E-12  4.8782174E-04  3.0730034E-01  3.1362540E-30  7.3426749E-11  3.3941055E-03  4.1213852E-01  2.4711988E-08  1.6231233E-01
  5.7664091E+00  0.0000000E+00  2.6808895E-32  2.3554584E-12  4.1780855E-04  2.9770091E-01  1.1184551E-30  4.9832970E-11  3.0166810E-03  4.0727059E-01  1.8537959E-08  1.5689366E-01
  5.8483100E+00  0.0000000E+00  8.8427955E-33  1.5111620E-12  3.5701301E-04  2.8816298E-01  3.9292252E-31  3.3633329E-11  2.6764337E-03  4.0222612E-01  1.3849539E-08  1.5157385E-01
  5.9313741E+00  0.0000000E+00  2.8697118E-33  9.6335534E-13  3.0434669E-04  2.7869992E-01  1.3594820E-31  2.2572511E-11  2.3702680E-03  3.9701489E-01  1.0303936E-08  1.4635502E-01
  6.0156179E+00  0.0000000E+00  9.1603226E-34  6.1018729E-13  2.5883209E-04  2.6932440E-01  4.6314102E-32  1.5063042E-11  2.0952844E-03  3.9164666E-01  7.6337952E-09  1.4123902E-01
  6.1010582E+00  0.0000000E+00  2.8753473E-34  3.8397391E-13  2.1959358E-04  2.6004841E-01  1.5531705E-32  9.9938698E-12  1.8487731E-03  3.8613103E-01  5.6314724E-09  1.3622751E-01
  6.1877119E+00  0.0000000E+00  8.8727374E-35  2.4002825E-13  1.8584886E-04  2.5088323E-01  5.1260373E-33  6.5918575E-12  1.6282076E-03  3.8047747E-01  4.1363935E-09  1.3132187E-01
  6.2755963E+00  0.0000000E+00  2.6908583E-35  1.4904064E-13  1.5690092E-04  2.4183937E-01  1.6645215E-33  4.3221462E-12  1.4312375E-03  3.7469524E-01  3.0249215E-09  1.2652327E-01
  6.3647288E+00  0.0000000E+00  8.0179853E-36  9.1915285E-14  1.3213041E-04  2.3292662E-01  5.3165265E-34  2.8169067E-12  1.2556814E-03  3.6879336E-01  2.2022789E-09  1.2183260E-01
  6.4551272E+00  0.0000000E+00  2.3466778E-36  5.6295005E-14  1.1098847E-04  2.2415399E-01  1.6698632E-34  1.8246918E-12  1.0995192E-03  3.6278061E-01  1.5961349E-09  1.1725055E-01
  6.5468095E+00  0.0000000E+00  6.7441173E-37  3.4238035E-14  9.2990056E-05  2.1552978E-01  5.1561910E-35  1.1746649E-12  9.6088501E-04  3.5666550E-01  1.1515378E-09  1.1277757E-01
  6.6397938E+00  0.0000000E+00  1.9025971E-37  2.0675773E-14  7.7707744E-05  2.0706153E-01  1.5647699E-35  7.5146398E-13  8.3805892E-04  3.5045625E-01  8.2693409E-10  1.0841389E-01
  6.7340988E+00  0.0000000E+00  5.2672288E-38  1.2396101E-14  6.4765909E-05  1.9875609E-01  4.6657433E-36  4.7767623E-13  7.2945965E-04  3.4416082E-01  5.9104368E-10  1.0415955E-01
  6.8297431E+00  0.0000000E+00  1.4305120E-38  7.3779314E-15  5.3835394E-05  1.9061960E-01  1.3665097E-36  3.0168340E-13  6.3363672E-04  3.3778690E-01  4.2043188E-10  1.0001439E-01
  6.9267458E+00  0.0000000E+00  3.8100607E-39  4.3587844E-15  4.4628593E-05  1.8265752E-01  3.9300298E-37  1.8928751E-13  5.4926281E-04  3.3134191E-01  2.9762544E-10  9.5978071E-02
  7.0251261E+00  0.0000000E+00  9.9484864E-40  2.5558291E-15  3.6894922E-05  1.7487470E-01  1.1095246E-37  1.1797909E-13  4.7512620E-04  3.2483305E-01  2.0965887E-10  9.2050105E-02
  7.1249036E+00  0.0000000E+00  2.5457576E-40  1.4872618E-15  3.0416693E-05  1.6727535E-01  3.0739703E-38  7.3039836E-14  4.1012336E-04  3.1826726E-01  1.4695867E-10  8.8229851E-02
  7.2260982E+00  0.0000000E+00  6.3820263E-41  8.5878477E-16  2.5005350E-05  1.5986310E-01  8.3549615E-39  4.4910175E-14  3.5325172E-04  3.1165134E-01  1.0249092E-10  8.4516538E-02
  7.3287300E+00  0.0000000E+00  1.5668396E-41  4.9201170E-16  2.0498052E-05  1.5264103E-01  2.2270421E-39  2.7423175E-14  3.0360258E-04  3.0499189E-01  7.1113622E-11  8.0909283E-02
  7.4328194E+00  0.0000000E+00  3.7657716E-42  2.7964824E-16  1.6754589E-05  1.4561168E-01  5.8197640E-40  1.6627844E-14  2.6035436E-04  2.9829538E-01  4.9086928E-11  7.7407098E-02
  7.5383871E+00  0.0000000E+00  8.8569073E-43  1.5766850E-16  1.3654599E-05  1.3877713E-01  1.4904779E-40  1.0010501E-14  2.2276605E-04  2.9156816E-01  3.3704857E-11  7.4008912E-02
  7.6454541E+00  0.0000000E+00  2.0376992E-43  8.8170589E-17  1.1095075E-05  1.3213895E-01  3.7396899E-41  5.9831950E-15  1.9017091E-04  2.8481651E-01  2.3019724E-11  7.0713576E-02
  7.7540416E+00  0.0000000E+00  4.5841094E-44  4.8898724E-17  8.9881303E-06  1.2569830E-01  9.1892170E-42  3.5499569E-15  1.6197052E-04  2.7804664E-01  1.5637078E-11  6.7519878E-02
  7.8641714E+00  0.0000000E+00  1.0079747E-44  2.6891466E-17  7.2590155E-06  1.1945591E-01  2.2105151E-42  2.0906434E-15  1.3762910E-04  2.7126474E-01  1.0563925E-11  6.4426550E-02
  7.9758653E+00  0.0000000E+00  2.1654223E-45  1.4662970E-17  5.8443522E-06  1.1341212E-01  5.2037423E-43  1.2219613E-15  1.1666812E-04  2.6447699E-01  7.0970036E-12  6.1432279E-02
  8.0891454E+00  0.0000000E+00  4.5430551E-46  7.9262269E-18  4.6905748E-06  1.0756689E-01  1.1983307E-43  7.0877379E-16  9.8661292E-05  2.5768957E-01  4.7410013E-12  5.8535714E-02
  8.2040344E+00  0.0000000E+00  9.3041236E-47  4.2471128E-18  3.7525557E-06  1.0191982E-01  2.6983818E-44  4.0792803E-16  8.3229788E-05  2.5090866E-01  3.1490183E-12  5.5735468E-02
  8.3205551E+00  0.0000000E+00  1.8592167E-47  2.2555303E-18  2.9924007E-06  9.6470188E-02  5.9390759E-45  2.3293601E-16  7.0037825E-05  2.4414048E-01  2.0794792E-12  5.3030126E-02
  8.4387306E+00  0.0000000E+00  3.6233640E-48  1.1870666E-18  2.3783928E-06  9.1216933E-02  1.2771497E-45  1.3195249E-16  5.8788532E-05  2.3739128E-01  1.3651236E-12  5.0418246E-02
  8.5585845E+00  0.0000000E+00  6.8836205E-49  6.1903634E-19  1.8840732E-06  8.6158683E-02  2.6821709E-46  7.4144076E-17  4.9220122E-05  2.3066733E-01  8.9082100E-13  4.7898361E-02
  8.6801406E+00  0.0000000E+00  1.2741941E-49  3.1982618E-19  1.4874481E-06  8.1293771E-02  5.4987328E-47  4.1320202E-17  4.1102350E-05  2.2397492E-01  5.7779262E-13  4.5468980E-02
  8.8034230E+00  0.0000000E+00  2.2969620E-50  1.6368542E-19  1.1702932E-06  7.6620238E-02  1.0999565E-47  2.2836208E-17  3.4233248E-05  2.1732033E-01  3.7245970E-13  4.3128591E-02
  8.9284564E+00  0.0000000E+00  4.0304394E-51  8.2974462E-20  9.1756088E-07  7.2135846E-02  2.1459798E-48  1.2514365E-17  2.8436126E-05  2.1070985E-01  2.3860190E-13  4.0875654E-02
  9.0552655E+00  0.0000000E+00  6.8802964E-52  4.1654010E-20  7.1687075E-07  6.7838093E-02  4.0813966E-49  6.7992937E-18  2.3556829E-05  2.0414974E-01  1.5188567E-13  3.8708606E-02
  9.1838755E+00  0.0000000E+00  1.1420597E-52  2.0705494E-20  5.5807255E-07  6.3724214E-02  7.5633803E-50  3.6621411E-18  1.9461231E-05  1.9764620E-01  9.6065728E-14  3.6625859E-02
  9.3143121E+00  0.0000000E+00  1.8423109E-53  1.0189861E-20  4.3287462E-07  5.9791200E-02  1.3650014E-50  1.9550953E-18  1.6032961E-05  1.9120535E-01  6.0365508E-14  3.4625795E-02
  9.4466012E+00  0.0000000E+00  2.8866225E-54  4.9641103E-21  3.3452826E-07  5.6035805E-02  2.3979570E-51  1.0344437E-18  1.3171334E-05  1.8483323E-01  3.7682291E-14  3.2706770E-02
  9.5807691E+00  0.0000000E+00  4.3906144E-55  2.3935392E-21  2.5756095E-07  5.2454559E-02  4.0984233E-52  5.4236977E-19  1.0789491E-05  1.7853573E-01  2.3365368E-14  3.0867109E-02
  9.7168425E+00  0.0000000E+00  6.4791638E-56  1.1420895E-21  1.9755171E-07  4.9043781E-02  6.8113060E-53  2.8175824E-19  8.8127122E-06  1.7231860E-01  1.4389745E-14  2.9105107E-02
  9.8548485E+00  0.0000000E+00  9.2707732E-57  5.3920468E-22  1.5094263E-07  4.5799589E-02  1.1001400E-53  1.4500809E-19  7.1769160E-06  1.6618740E-01  8.8010879E-15  2.7419029E-02
  9.9948144E+00  0.0000000E+00  1.2854528E-57  2.5184508E-22  1.1488144E-07  4.2717920E-02  1.7259583E-54  7.3923640E-20  5.8273053E-06  1.6014748E-01  5.3453918E-15  2.5807109E-02
  1.0136768E+01  0.0000000E+00  1.7261330E-58  1.1635120E-22  8.7090533E-08  3.9794540E-02  2.6286509E-55  3.7324166E-20  4.7171657E-06  1.5420396E-01  3.2235852E-15  2.4267552E-02
  1.0280738E+01  0.0000000E+00  2.2433656E-59  5.3161346E-23  6.5758375E-08  3.7025065E-02  3.8842419E-56  1.8661724E-20  3.8067958E-06  1.4836171E-01  1.9300613E-15  2.2798534E-02
  1.0426752E+01  0.0000000E+00  2.8200597E-60  2.4018052E-23  4.9449958E-08  3.4404973E-02  5.5653900E-57  9.2386087E-21  3.0625598E-06  1.4262531E-01  1.1471776E-15  2.1398203E-02
  1.0574841E+01  0.0000000E+00  3.4266433E-61  1.0728131E-23  3.7033170E-08  3.1929626E-02  7.7275364E-58  4.5278485E-21  2.4560509E-06  1.3699906E-01  6.7681898E-16  2.0064685E-02
  1.0725032E+01  0.0000000E+00  4.0220459E-62  4.7367611E-24  2.7618561E-08  2.9594283E-02  1.0391486E-58  2.1965648E-21  1.9633558E-06  1.3148692E-01  3.9632434E-16  1.8796080E-02
  1.0877357E+01  0.0000000E+00  4.5572535E-63  2.0669754E-24  2.0510260E-08  2.7394123E-02  1.3524944E-59  1.0546256E-21  1.5644092E-06  1.2609257E-01  2.3031309E-16  1.7590471E-02
  1.1031845E+01  0.0000000E+00  4.9813086E-64  8.9127067E-25  1.5166163E-08  2.5324262E-02  1.7027053E-60  5.0105921E-22  1.2424303E-06  1.2081932E-01  1.3280916E-16  1.6445924E-02
  1.1188526E+01  0.0000000E+00  5.2489150E-65  3.7968822E-25  1.1165774E-08  2.3379767E-02  2.0720964E-61  2.3553174E-22  9.8343131E-07  1.1567013E-01  7.5985682E-17  1.5360492E-02
  1.1347434E+01  0.0000000E+00  5.3281821E-66  1.5977514E-25  8.1843522E-09  2.1555680E-02  2.4359156E-62  1.0952459E-22  7.7579480E-07  1.1064765E-01  4.3130174E-17  1.4332220E-02
  1.1508598E+01  0.0000000E+00  5.2067376E-67  6.6401188E-26  5.9722173E-09  1.9847035E-02  2.7644400E-63  5.0374024E-23  6.0990256E-07  1.0575415E-01  2.4284377E-17  1.3359148E-02
  1.1672050E+01  0.0000000E+00  4.8946248E-68  2.7248688E-26  4.3382620E-09  1.8248870E-02  3.0265721E-64  2.2912071E-23  4.7782015E-07  1.0099154E-01  1.3561850E-17  1.2439315E-02
  1.1837825E+01  0.0000000E+00  4.4230997E-69  1.1039147E-26  3.1368743E-09  1.6756251E-02  3.1944477E-65  1.0304179E-23  3.7302529E-07  9.6361418E-02  7.5111473E-18  1.1570764E-02
  1.2005953E+01  0.0000000E+00  3.8394671E-70  4.4142928E-27  2.2576281E-09  1.5364281E-02  3.2481741E-66  4.5812221E-24  2.9017569E-07  9.1865001E-02  4.1251277E-18  1.0751546E-02
  1.2176470E+01  0.0000000E+00  3.1991341E-71  1.7419531E-27  1.6171624E-09  1.4068120E-02  3.1796216E-67  2.0132347E-24  2.2491145E-07  8.7503185E-02  2.2462595E-18  9.9797229E-03
  1.2349408E+01  0.0000000E+00  2.5567541E-72  6.7822509E-28  1.1528488E-09  1.2862997E-02  2.9942938E-68  8.7433432E-25  1.7368745E-07  8.3276531E-02  1.2126087E-18  9.2533735E-03
  1.2524802E+01  0.0000000E+00  1.9584652E-73  2.6048578E-28  8.1786159E-10  1.1744225E-02  2.7107091E-69  3.7519272E-25  1.3363183E-07  7.9185280E-02  6.4888200E-19  8.5705965E-03
  1.2702687E+01  0.0000000E+00  1.4367676E-74  9.8667924E-29  5.7736007E-10  1.0707208E-02  2.3573519E-70  1.5905501E-25  1.0242688E-07  7.5229361E-02  3.4414403E-19  7.9295144E-03
  1.2883099E+01  0.0000000E+00  1.0087246E-75  3.6851654E-29  4.0554918E-10  9.7474587E-03  1.9678838E-71  6.6600468E-26  7.8209263E-08  7.1408408E-02  1.8087918E-19  7.3282772E-03
  1.3066073E+01  0.0000000E+00  6.7724286E-77  1.3568519E-29  2.8342626E-10  8.8606026E-03  1.5757449E-72  2.7539987E-26  5.9486710E-08  6.7721766E-02  9.4200728E-20  6.7650657E-03
  1.3251645E+01  0.0000000E+00  4.3448150E-78  4.9238624E-30  1.9706338E-10  8.0423898E-03  1.2093703E-73  1.1244101E-26  4.5068824E-08  6.4168513E-02  4.8604881E-20  6.2380952E-03
  1.3439853E+01  0.0000000E+00  0.0000000E+00  1.7606743E-30  1.3630447E-10  7.2887017E-03  8.8898232E-75  4.5318643E-27  3.4009768E-08  6.0747470E-02  2.4843180E-20  5.7456175E-03
  1.3630735E+01  0.0000000E+00  0.0000000E+00  6.2022809E-31  9.3782375E-11  6.5955570E-03  6.2540177E-76  1.8027486E-27  2.5561045E-08  5.7457217E-02  1.2576996E-20  5.2859248E-03
  1.3824327E+01  0.0000000E+00  0.0000000E+00  2.1518933E-31  6.4181140E-11  5.9591173E-03  4.2075342E-77  7.0764101E-28  1.9132732E-08  5.4296107E-02  6.3056376E-21  4.8573511E-03
  1.4020668E+01  0.0000000E+00  0.0000000E+00  7.3516089E-32  4.3685406E-11  5.3756910E-03  2.7050051E-78  2.7404516E-28  1.4261803E-08  5.1262286E-02  3.1304177E-21  4.4582749E-03
  1.4219798E+01  0.0000000E+00  0.0000000E+00  2.4724625E-32  2.9571631E-11  4.8417367E-03  0.0000000E+00  1.0468217E-28  1.0586349E-08  4.8353705E-02  1.5386318E-21  4.0871209E-03
  1.4421756E+01  0.0000000E+00  0.0000000E+00  8.1837765E-33  1.9906314E-11  4.3538656E-03  0.0000000E+00  3.9434203E-29  7.8246896E-09  4.5568140E-02  7.4862293E-22  3.7423616E-03
  1.4626582E+01  0.0000000E+00  0.0000000E+00  2.6652825E-33  1.3324450E-11  3.9088421E-03  0.0000000E+00  1.4646363E-29  5.7585312E-09  4.2903203E-02  3.6051509E-22  3.4225190E-03
  1.4834317E+01  0.0000000E+00  0.0000000E+00  8.5385577E-34  8.8678085E-12  3.5035847E-03  0.0000000E+00  5.3622566E-30  4.2194331E-09  4.0356360E-02  1.7181081E-22  3.1261652E-03
  1.5045003E+01  0.0000000E+00  0.0000000E+00  2.6900567E-34  5.8675544E-12  3.1351654E-03  0.0000000E+00  1.9347700E-30  3.0779958E-09  3.7924949E-02  8.1017339E-23  2.8519233E-03
  1.5258681E+01  0.0000000E+00  0.0000000E+00  8.3321162E-35  3.8595478E-12  2.8008085E-03  0.0000000E+00  6.8782172E-31  2.2352532E-09  3.5606189E-02  3.7795367E-23  2.5984683E-03
  1.5475393E+01  0.0000000E+00  0.0000000E+00  2.5365583E-35  2.5235873E-12  2.4978888E-03  0.0000000E+00  2.4087189E-31  1.6158562E-09  3.3397203E-02  1.7440694E-23  2.3645274E-03
  1.5695183E+01  0.0000000E+00  0.0000000E+00  7.5876277E-36  1.6400829E-12  2.2239292E-03  0.0000000E+00  8.3072413E-32  1.1627033E-09  3.1295023E-02  7.9594660E-24  2.1488797E-03
  1.5918095E+01  0.0000000E+00  0.0000000E+00  2.2295232E-36  1.0593575E-12  1.9765974E-03  0.0000000E+00  2.8208672E-32  8.3271695E-10  2.9296612E-02  3.5919329E-24  1.9503569E-03
  1.6144173E+01  0.0000000E+00  0.0000000E+00  6.4332891E-37  6.8000331E-13  1.7537026E-03  0.0000000E+00  9.4287914E-33  5.9355351E-10  2.7398871E-02  1.6025979E-24  1.7678421E-03
  1.6373461E+01  0.0000000E+00  0.0000000E+00  1.8223701E-37  4.3374373E-13  1.5531915E-03  0.0000000E+00  3.1014668E-33  4.2104409E-10  2.5598656E-02  7.0680520E-25  1.6002702E-03
  1.6606006E+01  0.0000000E+00  0.0000000E+00  5.0662516E-38  2.7489731E-13  1.3731441E-03  0.0000000E+00  1.0036996E-33  2.9721539E-10  2.3892788E-02  3.0809106E-25  1.4466269E-03
  1.6841853E+01  0.0000000E+00  0.0000000E+00  1.3817984E-38  1.7309465E-13  1.2117688E-03  0.0000000E+00  3.1948562E-34  2.0876679E-10  2.2278065E-02  1.3270485E-25  1.3059480E-03
  1.7081050E+01  0.0000000E+00  0.0000000E+00  3.6963087E-39  1.0827617E-13  1.0673976E-03  0.0000000E+00  9.9998314E-35  1.4590422E-10  2.0751271E-02  5.6473618E-26  1.1773183E-03
  1.7323645E+01  0.0000000E+00  0.0000000E+00  9.6941970E-40  6.7278739E-14  9.3848126E-04  0.0000000E+00  3.0768630E-35  1.0145187E-10  1.9309190E-02  2.3739793E-26  1.0598710E-03
  1.7569684E+01  0.0000000E+00  0.0000000E+00  2.4918766E-40  4.1521928E-14  8.2358387E-04  0.0000000E+00  9.3041220E-36  7.0178978E-11  1.7948614E-02  9.8560010E-27  9.5278619E-04
  1.7819218E+01  0.0000000E+00  0.0000000E+00  6.2756656E-41  2.5450145E-14  7.2137752E-04  0.0000000E+00  2.7641990E-36  4.8292240E-11  1.6666349E-02  4.0405041E-27  8.5528990E-04
  1.8072296E+01  0.0000000E+00  0.0000000E+00  1.5479446E-41  1.5490801E-14  6.3063696E-04  0.0000000E+00  8.0660691E-37  3.3055144E-11  1.5459228E-02  1.6353036E-27  7.6665255E-04
  1.8328968E+01  0.0000000E+00  0.0000000E+00  3.7381216E-42  9.3623625E-15  5.5023421E-04  0.0000000E+00  2.3111199E-37  2.2504000E-11  1.4324117E-02  6.5328816E-28  6.8618768E-04
  1.8589285E+01  0.0000000E+00  0.0000000E+00  8.8346639E-43  5.6179967E-15  4.7913313E-04  0.0000000E+00  6.5000551E-38  1.5237246E-11  1.3257920E-02  2.5755419E-28  6.1325051E-04
  1.8853300E+01  0.0000000E+00  0.0000000E+00  2.0426663E-43  3.3467077E-15  4.1638410E-04  0.0000000E+00  1.7939431E-38  1.0259966E-11  1.2257589E-02  1.0018488E-28  5.4723641E-04
  1.9121064E+01  0.0000000E+00  0.0000000E+00  4.6185300E-44  1.9790169E-15  3.6111880E-04  0.0000000E+00  4.8568784E-39  6.8698004E-12  1.1320128E-02  3.8442895E-29  4.8757942E-04
  1.9392631E+01  0.0000000E+00  0.0000000E+00  1.0207820E-44  1.1615318E-15  3.1254499E-04  0.0000000E+00  1.2894938E-39  4.5736900E-12  1.0442598E-02  1.4548534E-29  4.3375062E-04
  1.9668055E+01  0.0000000E+00  0.0000000E+00  2.2044733E-45  6.7657558E-16  2.6994155E-04  0.0000000E+00  3.3562005E-40  3.0274627E-12  9.6221242E-03  5.4289864E-30  3.8525660E-04
  1.9947390E+01  0.0000000E+00  0.0000000E+00  4.6498034E-46  3.9107260E-16  2.3265356E-04  0.0000000E+00  8.5603756E-41  1.9922550E-12  8.8558964E-03  1.9971926E-30  3.4163788E-04
  2.0230693E+01  0.0000000E+00  0.0000000E+00  9.5748747E-47  2.2428873E-16  2.0008766E-04  0.0000000E+00  2.1389474E-41  1.3032541E-12  8.1411766E-03  7.2414617E-31  3.0246730E-04
  2.0518019E+01  0.0000000E+00  0.0000000E+00  1.9240070E-47  1.2761982E-16  1.7170745E-04  0.0000000E+00  5.2337397E-42  8.4741114E-13  7.4753006E-03  2.5872543E-31  2.6734845E-04
  2.0809426E+01  0.0000000E+00  0.0000000E+00  3.7710030E-48  7.2034457E-17  1.4702920E-04  0.0000000E+00  1.2536244E-42  5.4765076E-13  6.8556806E-03  9.1066378E-32  2.3591410E-04
  2.1104971E+01  0.0000000E+00  0.0000000E+00  7.2057744E-49  4.0329616E-17  1.2561771E-04  0.0000000E+00  2.9383311E-43  3.5173862E-13  6.2798080E-03  3.1570433E-32  2.0782468E-04
  2.1404714E+01  0.0000000E+00  0.0000000E+00  1.3417452E-49  2.2393341E-17  1.0708235E-04  0.0000000E+00  6.7366298E-44  2.2449419E-13  5.7452554E-03  1.0777099E-32  1.8276673E-04
  2.1708714E+01  0.0000000E+00  0.0000000E+00  2.4333930E-50  1.2330290E-17  9.1073367E-05  0.0000000E+00  1.5101491E-44  1.4237052E-13  5.2496778E-03  3.6217226E-33  1.6045143E-04
  2.2017031E+01  0.0000000E+00  0.0000000E+00  4.2962489E-51  6.7318599E-18  7.7278361E-05  0.0000000E+00  3.3086781E-45  8.9706869E-14  4.7908140E-03  1.1978747E-33  1.4061314E-04
  2.2329728E+01  0.0000000E+00  0.0000000E+00  7.3803809E-52  3.6437723E-18  6.5418968E-05  0.0000000E+00  7.0821449E-46  5.6154175E-14  4.3664869E-03  3.8983337E-34  1.2300799E-04
  2.2646865E+01  0.0000000E+00  0.0000000E+00  1.2329697E-52  1.9550954E-18  5.5247777E-05  0.0000000E+00  1.4803497E-46  3.4917943E-14  3.9746044E-03  1.2479703E-34  1.0741253E-04
  2.2968506E+01  0.0000000E+00  0.0000000E+00  2.0020609E-53  1.0397539E-18  4.6545433E-05  0.0000000E+00  3.0203839E-47  2.1566735E-14  3.6131595E-03  3.9288986E-35  9.3622372E-05
  2.3294715E+01  0.0000000E+00  0.0000000E+00  3.1580228E-54  5.4800371E-19  3.9117949E-05  0.0000000E+00  6.0126075E-48  1.3229628E-14  3.2802295E-03  1.2160736E-35  8.1450943E-05
  2.3625557E+01  0.0000000E+00  0.0000000E+00  4.8364089E-55  2.8620052E-19  3.2794210E-05  0.0000000E+00  1.1672564E-48  8.0592746E-15  2.9739760E-03  3.6995582E-36  7.0728244E-05
  2.3961098E+01  0.0000000E+00  0.0000000E+00  7.1870725E-56  1.4809283E-19  2.7423664E-05  0.0000000E+00  2.2088561E-49  4.8751329E-15  2.6926439E-03  1.1059021E-36  6.1299684E-05
  2.4301405E+01  0.0000000E+00  0.0000000E+00  1.0357350E-56  7.5912995E-20  2.2874198E-05  0.0000000E+00  4.0724578E-50  2.9280301E-15  2.4345607E-03  3.2473815E-37  5.3024956E-05
  2.4646544E+01  0.0000000E+00  0.0000000E+00  1.4466186E-57  3.8544075E-20  1.9030185E-05  0.0000000E+00  7.3117112E-51  1.7458983E-15  2.1981347E-03  9.3641830E-38  4.5776972E-05
  2.4996585E+01  0.0000000E+00  0.0000000E+00  1.9570608E-58  1.9381994E-20  1.5790696E-05  0.0000000E+00  1.2777181E-51  1.0334079E-15  1.9818541E-03  2.6509014E-38  3.9440844E-05
  2.5351598E+01  0.0000000E+00  0.0000000E+00  2.5628931E-59  9.6511182E-21  1.3067870E-05  0.0000000E+00  2.1721007E-52  6.0713945E-16  1.7842851E-03  7.3649273E-39  3.3912927E-05
  2.5711652E+01  0.0000000E+00  0.0000000E+00  3.2468226E-60  4.7580953E-21  1.0785432E-05  0.0000000E+00  3.5902433E-53  3.5401580E-16  1.6040701E-03  2.0074996E-39  2.9099909E-05
  2.6076820E+01  0.0000000E+00  0.0000000E+00  3.9765797E-61  2.3222127E-21  8.8773450E-06  0.0000000E+00  5.7667602E-54  2.0484557E-16  1.4399262E-03  5.3667615E-40  2.4917956E-05
  2.6447174E+01  0.0000000E+00  0.0000000E+00  4.7054397E-62  1.1218122E-21  7.2865997E-06  0.0000000E+00  8.9962989E-55  1.1761246E-16  1.2906423E-03  1.4066733E-40  2.1291907E-05
  2.6822789E+01  0.0000000E+00  0.0000000E+00  5.3757838E-63  5.3631824E-22  5.9641166E-06  0.0000000E+00  1.3623057E-55  6.6996872E-17  1.1550779E-03  3.6136759E-41  1.8154522E-05
  2.7203737E+01  0.0000000E+00  0.0000000E+00  5.9257262E-64  2.5371322E-22  4.8677653E-06  0.0000000E+00  2.0013060E-56  3.7860036E-17  1.0321602E-03  9.0955188E-42  1.5445776E-05
  2.7590096E+01  0.0000000E+00  0.0000000E+00  6.2979955E-65  1.1874477E-22  3.9614854E-06  0.0000000E+00  2.8505266E-57  2.1221837E-17  9.2088202E-04  2.2421865E-42  1.3112202E-05
  2.7981942E+01  0.0000000E+00  0.0000000E+00  6.4494498E-66  5.4975400E-23  3.2145026E-06  0.0000000E+00  3.9341289E-58  1.1798036E-17  8.2029935E-04  5.4115523E-43  1.1106281E-05
  2.8379354E+01  0.0000000E+00  0.0000000E+00  6.3591220E-67  2.5173019E-23  2.6006321E-06  0.0000000E+00  5.2579706E-59  6.5044393E-18  7.2952892E-04  1.2782445E-43  9.3858732E-06
  2.8782409E+01  0.0000000E+00  0.0000000E+00  6.0327683E-68  1.1398417E-23  2.0976609E-06  0.0000000E+00  6.8008459E-60  3.5557502E-18  6.4774573E-04  2.9537926E-44  7.9136974E-06
  2.9191189E+01  0.0000000E+00  0.0000000E+00  5.5026062E-69  5.1029842E-24  1.6868033E-06  0.0000000E+00  8.5076010E-61  1.9271737E-18  5.7418053E-04  6.6749509E-45  6.6568446E-06
  2.9605774E+01  0.0000000E+00  0.0000000E+00  4.8221038E-70  2.2584018E-24  1.3522212E-06  0.0000000E+00  1.0286557E-61  1.0354399E-18  5.0811736E-04  1.4744906E-45  5.5863339E-06
  3.0026247E+01  0.0000000E+00  0.0000000E+00  4.0569721E-71  9.8787304E-25  1.0806029E-06  0.0000000E+00  1.2013408E-62  5.5142797E-19  4.4889103E-04  3.1825950E-46  4.6767043E-06
  3.0452692E+01  0.0000000E+00  0.0000000E+00  3.2744859E-72  4.2702009E-25  8.6079625E-07  0.0000000E+00  1.3542712E-63  2.9104289E-19  3.9588462E-04  6.7093642E-47  3.9056409E-06
  3.0885194E+01  0.0000000E+00  0.0000000E+00  2.5335866E-73  1.8237517E-25  6.8348745E-07  0.0000000E+00  1.4726306E-64  1.5222053E-19  3.4852702E-04  1.3808697E-47  3.2536341E-06
  3.1323838E+01  0.0000000E+00  0.0000000E+00  1.8778188E-74  7.6944035E-26  5.4092511E-07  0.0000000E+00  1.5435898E-65  7.8882420E-20  3.0629053E-04  2.7733301E-48  2.7036688E-06
  3.1768711E+01  0.0000000E+00  0.0000000E+00  1.3321983E-75  3.2062419E-26  4.2667779E-07  0.0000000E+00  1.5585365E-66  4.0496726E-20  2.6868843E-04  5.4328721E-49  2.2409431E-06
  3.2219903E+01  0.0000000E+00  0.0000000E+00  9.0396558E-77  1.3193149E-26  3.3542761E-07  0.0000000E+00  1.5147544E-67  2.0593646E-20  2.3527265E-04  1.0376078E-49  1.8526126E-06
  3.2677503E+01  0.0000000E+00  0.0000000E+00  5.8623557E-78  5.3598022E-27  2.6279233E-07  0.0000000E+00  1.4161103E-68  1.0371947E-20  2.0563158E-04  1.9310999E-50  1.5275614E-06
  3.3141602E+01  0.0000000E+00  0.0000000E+00  0.0000000E+00  2.1493790E-27  2.0517325E-07  0.0000000E+00  1.2725288E-69  5.1729715E-21  1.7938748E-04  3.5005083E-51  1.2561922E-06
  3.3612292E+01  0.0000000E+00  0.0000000E+00  0.0000000E+00  8.5065868E-28  1.5962521E-07  0.0000000E+00  1.0983398E-70  2.5545284E-21  1.5619509E-04  6.1772397E-52  1.0302454E-06
  3.4089667E+01  0.0000000E+00  0.0000000E+00  0.0000000E+00  3.3219138E-28  1.2374662E-07  0.0000000E+00  9.0988047E-72  1.2488473E-21  1.3573851E-04  1.0606493E-52  8.4262600E-07
  3.4573821E+01  0.0000000E+00  0.0000000E+00  0.0000000E+00  1.2797440E-28  9.5586070E-08  0.0000000E+00  7.2291595E-73  6.0432714E-22  1.1773013E-04  1.7710680E-53  6.8726112E-07
  3.5064852E+01  0.0000000E+00  0.0000000E+00  0.0000000E+00  4.8626032E-29  7.3563569E-08  0.0000000E+00  5.5045555E-74  2.8942367E-22  1.0190814E-04  2.8744298E-54  5.5896415E-07
  3.5562856E+01  0.0000000E+00  0.0000000E+00  0.0000000E+00  1.8219353E-29  5.6404704E-08  0.0000000E+00  4.0138459E-75  1.3716052E-22  8.8034747E-05  4.5319268E-55  4.5331838E-07
  3.6067934E+01  0.0000000E+00  0.0000000E+00  0.0000000E+00  6.7300948E-30  4.3085322E-08  0.0000000E+00  2.8007512E-76  6.4311746E-23  7.5894625E-05  6.9372189E-56  3.6657441E-07
  3.6580184E+01  0.0000000E+00  0.0000000E+00  0.0000000E+00  2.4504022E-30  3.2785484E-08  0.0000000E+00  1.8686754E-77  2.9829731E-23  6.5293022E-05  1.0304115E-56  2.9555756E-07
  3.7099710E+01  0.0000000E+00  0.0000000E+00  0.0000000E+00  8.7919143E-31  2.4851265E-08  0.0000000E+00  1.1912635E-78  1.3684751E-23  5.6054234E-05  1.4842431E-57  2.3758803E-07
  3.7626614E+01  0.0000000E+00  0.0000000E+00  0.0000000E+00  3.1078447E-31  1.8763166E-08  0.0000000E+00  0.0000000E+00  6.2084398E-24  4.8020078E-05  2.0720943E-58  1.9041047E-07
  3.8161001E+01  0.0000000E+00  0.0000000E+00  0.0000000E+00  1.0820888E-31  1.4110103E-08  0.0000000E+00  0.0000000E+00  2.7849304E-24  4.1048451E-05  2.8019487E-59  1.5213244E-07
  3.8702978E+01  0.0000000E+00  0.0000000E+00  0.0000000E+00  3.7101374E-32  1.0568080E-08  0.0000000E+00  0.0000000E+00  1.2349790E-24  3.5011981E-05  3.6676510E-60  1.2117088E-07
  3.9252652E+01  0.0000000E+00  0.0000000E+00  0.0000000E+00  1.2523746E-32  7.8827713E-09  0.0000000E+00  0.0000000E+00  5.4130742E-25  2.9796749E-05  4.6442858E-61  9.6205545E-08
  3.9810132E+01  0.0000000E+00  0.0000000E+00  0.0000000E+00  4.1608983E-33  5.8553562E-09  0.0000000E+00  0.0000000E+00  2.3447259E-25  2.5301105E-05  5.6855711E-62  7.6139122E-08
  4.0375530E+01  0.0000000E+00  0.0000000E+00  0.0000000E+00  1.3603092E-33  4.3310542E-09  0.0000000E+00  0.0000000E+00  1.0035224E-25  2.1434552E-05  6.7246512E-63  6.0062221E-08
  4.0948958E+01  0.0000000E+00  0.0000000E+00  0.0000000E+00  4.3749455E-34  3.1898757E-09  0.0000000E+00  0.0000000E+00  4.2429783E-26  1.8116713E-05  7.6792281E-64  4.7223724E-08
  4.1530530E+01  0.0000000E+00  0.0000000E+00  0.0000000E+00  1.3838097E-34  2.3391999E-09  0.0000000E+00  0.0000000E+00  1.7719184E-26  1.5276362E-05  8.4610570E-65  3.7005278E-08
  4.2120362E+01  0.0000000E+00  0.0000000E+00  0.0000000E+00  4.3035874E-35  1.7078415E-09  0.0000000E+00  0.0000000E+00  7.3074331E-27  1.2850538E-05  8.9886334E-66  2.8899525E-08
  4.2718570E+01  0.0000000E+00  0.0000000E+00  0.0000000E+00  1.3155718E-35  1.2413299E-09  0.0000000E+00  0.0000000E+00  2.9754436E-27  1.0783722E-05  9.2007507E-67  2.2491581E-08
  4.3325275E+01  0.0000000E+00  0.0000000E+00  0.0000000E+00  3.9518881E-36  8.9816943E-10  0.0000000E+00  0.0000000E+00  1.1959703E-27  9.0270712E-06  9.0679263E-68  1.7443352E-08
  4.3940596E+01  0.0000000E+00  0.0000000E+00  0.0000000E+00  1.1662041E-36  6.4689411E-10  0.0000000E+00  0.0000000E+00  4.7444439E-28  7.5377299E-06  8.5988158E-69  1.3480271E-08
  4.4564656E+01  0.0000000E+00  0.0000000E+00  0.0000000E+00  3.3798330E-37  4.6374969E-10  0.0000000E+00  0.0000000E+00  1.8572031E-28  6.2781870E-06  7.8397558E-70  1.0380154E-08
  4.5197578E+01  0.0000000E+00  0.0000000E+00  0.0000000E+00  9.6168871E-38  3.3088783E-10  0.0000000E+00  0.0000000E+00  7.1722249E-29  5.2156942E-06  6.8672628E-71  7.9638481E-09
  4.5839490E+01  0.0000000E+00  0.0000000E+00  0.0000000E+00  2.6856986E-38  2.3496085E-10  0.0000000E+00  0.0000000E+00  2.7319852E-29  4.3217358E-06  5.7751470E-72  6.0874196E-09
  4.6490519E+01  0.0000000E+00  0.0000000E+00  0.0000000E+00  7.3591086E-39  1.6603443E-10  0.0000000E+00  0.0000000E+00  1.0262201E-29  3.5715464E-06  4.6592815E-73  4.6356585E-09
  4.7150793E+01  0.0000000E+00  0.0000000E+00  0.0000000E+00  1.9778660E-39  1.1675050E-10  0.0000000E+00  0.0000000E+00  3.8005504E-30  2.9436754E-06  3.6035227E-74  3.5166898E-09
  4.7820445E+01  0.0000000E+00  0.0000000E+00  0.0000000E+00  5.2122757E-40  8.1685839E-11  0.0000000E+00  0.0000000E+00  1.3873959E-30  2.4195936E-06  2.6696957E-75  2.6575245E-09
  4.8499608E+01  0.0000000E+00  0.0000000E+00  0.0000000E+00  1.3463826E-40  5.6863212E-11  0.0000000E+00  0.0000000E+00  4.9911947E-31  1.9833387E-06  1.8931909E-76  2.0004003E-09
  4.9188416E+01  0.0000000E+00  0.0000000E+00  0.0000000E+00  3.4077558E-41  3.9380502E-11  0.0000000E+00  0.0000000E+00  1.7691275E-31  1.6211983E-06  1.2840909E-77  1.4997830E-09
  4.9887006E+01  0.0000000E+00  0.0000000E+00  0.0000000E+00  8.4483491E-42  2.7130923E-11  0.0000000E+00  0.0000000E+00  6.1767855E-32  1.3214259E-06  8.3240613E-79  1.1199200E-09
  5.0595519E+01  0.0000000E+00  0.0000000E+00  0.0000000E+00  2.0507821E-42  1.8592985E-11  0.0000000E+00  0.0000000E+00  2.1237867E-32  1.0739875E-06  0.0000000E+00  8.3285117E-10
  5.1314093E+01  0.0000000E+00  0.0000000E+00  0.0000000E+00  4.8724623E-43  1.2673664E-11  0.0000000E+00  0.0000000E+00  7.1894940E-33  8.7033717E-07  0.0000000E+00  6.1679958E-10
  5.2042873E+01  0.0000000E+00  0.0000000E+00  0.0000000E+00  1.1326399E-43  8.5919275E-12  0.0000000E+00  0.0000000E+00  2.3956127E-33  7.0321734E-07  0.0000000E+00  4.5487396E-10
  5.2782004E+01  0.0000000E+00  0.0000000E+00  0.0000000E+00  2.5750085E-44  5.7926960E-12  0.0000000E+00  0.0000000E+00  7.8551648E-34  5.6648307E-07  0.0000000E+00  3.3402743E-10
  5.3531632E+01  0.0000000E+00  0.0000000E+00  0.0000000E+00  5.7231327E-45  3.8836355E-12  0.0000000E+00  0.0000000E+00  2.5339708E-34  4.5494717E-07  0.0000000E+00  2.4422526E-10
  5.4291906E+01  0.0000000E+00  0.0000000E+00  0.0000000E+00  1.2430196E-45  2.5889827E-12  0.0000000E+00  0.0000000E+00  8.0397076E-35  3.6424429E-07  0.0000000E+00  1.7778265E-10
  5.5062977E+01  0.0000000E+00  0.0000000E+00  0.0000000E+00  2.6371051E-46  1.7160016E-12  0.0000000E+00  0.0000000E+00  2.5081500E-35  2.9071210E-07  0.0000000E+00  1.2884011E-10
  5.5845000E+01  0.0000000E+00  0.0000000E+00  0.0000000E+00  5.4625331E-47  1.1307549E-12  0.0000000E+00  0.0000000E+00  7.6916769E-36  2.3128770E-07  0.0000000E+00  9.2949564E-11
  5.6638129E+01  0.0000000E+00  0.0000000E+00  0.0000000E+00  1.1042953E-47  7.4070512E-13  0.0000000E+00  0.0000000E+00  2.3180340E-36  1.8341757E-07  0.0000000E+00  6.6749882E-11
  5.7442522E+01  0.0000000E+00  0.0000000E+00  0.0000000E+00  2.1777278E-48  4.8229375E-13  0.0000000E+00  0.0000000E+00  6.8631590E-37  1.4498017E-07  0.0000000E+00  4.7712470E-11
  5.8258340E+01  0.0000000E+00  0.0000000E+00  0.0000000E+00  4.1874262E-49  3.1212565E-13  0.0000000E+00  0.0000000E+00  1.9957457E-37  1.1421820E-07  0.0000000E+00  3.3943962E-11
  5.9085744E+01  0.0000000E+00  0.0000000E+00  0.0000000E+00  7.8470987E-50  2.0075286E-13  0.0000000E+00  0.0000000E+00  5.6981209E-38  8.9680986E-08  0.0000000E+00  2.4033276E-11
  5.9924899E+01  0.0000000E+00  0.0000000E+00  0.0000000E+00  1.4324443E-50  1.2831287E-13  0.0000000E+00  0.0000000E+00  1.5968676E-38  7.0175090E-08  0.0000000E+00  1.6933760E-11
  6.0775972E+01  0.0000000E+00  0.0000000E+00  0.0000000E+00  2.5458713E-51  8.1492195E-14  0.0000000E+00  0.0000000E+00  4.3911599E-39  5.4721996E-08  0.0000000E+00  1.1872810E-11
  6.1639131E+01  0.0000000E+00  0.0000000E+00  0.0000000E+00  4.4031508E-52  5.1423280E-14  0.0000000E+00  0.0000000E+00  1.1844639E-39  4.2522201E-08  0.0000000E+00  8.2829051E-12
  6.2514550E+01  0.0000000E+00  0.0000000E+00  0.0000000E+00  7.4068302E-53  3.2237513E-14  0.0000000E+00  0.0000000E+00  3.1329424E-40  3.2924761E-08  0.0000000E+00  5.7492307E-12
  6.3402402E+01  0.0000000E+00  0.0000000E+00  0.0000000E+00  1.2111868E-53  2.0076163E-14  0.0000000E+00  0.0000000E+00  8.1231305E-41  2.5401568E-08  0.0000000E+00  3.9701152E-12
  6.4302863E+01  0.0000000E+00  0.0000000E+00  0.0000000E+00  1.9242559E-54  1.2418702E-14  0.0000000E+00  0.0000000E+00  2.0638768E-41  1.9525718E-08  0.0000000E+00  2.7272866E-12
  6.5216113E+01  0.0000000E+00  0.0000000E+00  0.0000000E+00  2.9685570E-55  7.6296793E-15  0.0000000E+00  0.0000000E+00  5.1366352E-42  1.4953381E-08  0.0000000E+00  1.8636325E-12
  6.6142333E+01  0.0000000E+00  0.0000000E+00  0.0000000E+00  4.4443837E-56  4.6550953E-15  0.0000000E+00  0.0000000E+00  1.2518430E-42  1.1408659E-08  0.0000000E+00  1.2666560E-12
  6.7081707E+01  0.0000000E+00  0.0000000E+00  0.0000000E+00  6.4537011E-57  2.8203312E-15  0.0000000E+00  0.0000000E+00  2.9863104E-43  8.6710014E-09  0.0000000E+00  8.5623419E-13
  6.8034422E+01  0.0000000E+00  0.0000000E+00  0.0000000E+00  9.0840539E-58  1.6965916E-15  0.0000000E+00  0.0000000E+00  6.9705626E-44  6.5647727E-09  0.0000000E+00  5.7560963E-13
  6.9000669E+01  0.0000000E+00  0.0000000E+00  0.0000000E+00  1.2386865E-58  1.0132484E-15  0.0000000E+00  0.0000000E+00  1.5913963E-44  4.9506459E-09  0.0000000E+00  3.8479620E-13
  6.9980638E+01  0.0000000E+00  0.0000000E+00  0.0000000E+00  1.6352576E-59  6.0071862E-16  0.0000000E+00  0.0000000E+00  3.5521570E-45  3.7185309E-09  0.0000000E+00  2.5577959E-13
  7.0974525E+01  0.0000000E+00  0.0000000E+00  0.0000000E+00  2.0887248E-60  3.5350637E-16  0.0000000E+00  0.0000000E+00  7.7487344E-46  2.7817850E-09  0.0000000E+00  1.6904332E-13
  7.1982527E+01  0.0000000E+00  0.0000000E+00  0.0000000E+00  2.5796980E-61  2.0646578E-16  0.0000000E+00  0.0000000E+00  1.6512444E-46  2.0724941E-09  0.0000000E+00  1.1106861E-13
  7.3004845E+01  0.0000000E+00  0.0000000E+00  0.0000000E+00  3.0786943E-62  1.1966742E-16  0.0000000E+00  0.0000000E+00  3.4359481E-47  1.5376418E-09  0.0000000E+00  7.2545318E-14
  7.4041682E+01  0.0000000E+00  0.0000000E+00  0.0000000E+00  3.5480287E-63  6.8823046E-17  0.0000000E+00  0.0000000E+00  6.9782209E-48  1.1360133E-09  0.0000000E+00  4.7099323E-14
  7.5093245E+01  0.0000000E+00  0.0000000E+00  0.0000000E+00  3.9458332E-64  3.9271152E-17  0.0000000E+00  0.0000000E+00  1.3826406E-48  8.3570281E-10  0.0000000E+00  3.0392773E-14
  7.6159742E+01  0.0000000E+00  0.0000000E+00  0.0000000E+00  4.2318006E-65  2.2230341E-17  0.0000000E+00  0.0000000E+00  2.6714023E-49  6.1211634E-10  0.0000000E+00  1.9491192E-14
  7.7241386E+01  0.0000000E+00  0.0000000E+00  0.0000000E+00  4.3736710E-66  1.2482500E-17  0.0000000E+00  0.0000000E+00  5.0307038E-50  4.4637810E-10  0.0000000E+00  1.2421680E-14
  7.8338392E+01  0.0000000E+00  0.0000000E+00  0.0000000E+00  4.3530836E-67  6.9516741E-18  0.0000000E+00  0.0000000E+00  9.2292613E-51  3.2406434E-10  0.0000000E+00  7.8660576E-15
  7.9450978E+01  0.0000000E+00  0.0000000E+00  0.0000000E+00  4.1693621E-68  3.8393557E-18  0.0000000E+00  0.0000000E+00  1.6486869E-51  2.3420218E-10  0.0000000E+00  4.9491324E-15
  8.0579365E+01  0.0000000E+00  0.0000000E+00  0.0000000E+00  3.8401841E-69  2.1025983E-18  0.0000000E+00  0.0000000E+00  2.8663013E-52  1.6848231E-10  0.0000000E+00  3.0935417E-15
  8.1723777E+01  0.0000000E+00  0.0000000E+00  0.0000000E+00  3.3988274E-70  1.1416433E-18  0.0000000E+00  0.0000000E+00  4.8472134E-53  1.2064045E-10  0.0000000E+00  1.9208659E-15
  8.2884443E+01  0.0000000E+00  0.0000000E+00  0.0000000E+00  2.8885674E-71  6.1450724E-19  0.0000000E+00  0.0000000E+00  7.9692653E-54  8.5976134E-11  0.0000000E+00  1.1847069E-15
  8.4061592E+01  0.0000000E+00  0.0000000E+00  0.0000000E+00  2.3555437E-72  3.2786235E-19  0.0000000E+00  0.0000000E+00  1.2731053E-54  6.0978953E-11  0.0000000E+00  7.2569737E-16
  8.5255460E+01  0.0000000E+00  0.0000000E+00  0.0000000E+00  1.8417536E-73  1.7336791E-19  0.0000000E+00  0.0000000E+00  1.9751002E-55  4.3039715E-11  0.0000000E+00  4.4145697E-16
  8.6466284E+01  0.0000000E+00  0.0000000E+00  0.0000000E+00  1.3796783E-74  9.0845265E-20  0.0000000E+00  0.0000000E+00  2.9740377E-56  3.0228462E-11  0.0000000E+00  2.6666510E-16
  8.7694304E+01  0.0000000E+00  0.0000000E+00  0.0000000E+00  9.8946962E-76  4.7166671E-20  0.0000000E+00  0.0000000E+00  4.3439504E-57  2.1124645E-11  0.0000000E+00  1.5993558E-16
  8.8939764E+01  0.0000000E+00  0.0000000E+00  0.0000000E+00  6.7885383E-77  2.4261047E-20  0.0000000E+00  0.0000000E+00  6.1510280E-58  1.4687858E-11  0.0000000E+00  9.5231497E-17
  9.0202913E+01  0.0000000E+00  0.0000000E+00  0.0000000E+00  4.4521412E-78  1.2361363E-20  0.0000000E+00  0.0000000E+00  8.4386563E-59  1.0159956E-11  0.0000000E+00  5.6289528E-17
  9.1484002E+01  0.0000000E+00  0.0000000E+00  0.0000000E+00  0.0000000E+00  6.2380075E-21  0.0000000E+00  0.0000000E+00  1.1209722E-59  6.9912933E-12  0.0000000E+00  3.3024805E-17
  9.2783284E+01  0.0000000E+00  0.0000000E+00  0.0000000E+00  0.0000000E+00  3.1173630E-21  0.0000000E+00  0.0000000E+00  1.4409220E-60  4.7854555E-12  0.0000000E+00  1.9229679E-17
  9.4101020E+01  0.0000000E+00  0.0000000E+00  0.0000000E+00  0.0000000E+00  1.5425140E-21  0.0000000E+00  0.0000000E+00  1.7911564E-61  3.2580391E-12  0.0000000E+00  1.1111556E-17
  9.5437470E+01  0.0000000E+00  0.0000000E+00  0.0000000E+00  0.0000000E+00  7.5562860E-22  0.0000000E+00  0.0000000E+00  2.1517524E-62  2.2060902E-12  0.0000000E+00  6.3709140E-18
  9.6792901E+01  0.0000000E+00  0.0000000E+00  0.0000000E+00  0.0000000E+00  3.6640507E-22  0.0000000E+00  0.0000000E+00  2.4964941E-63  1.4855610E-12  0.0000000E+00  3.6241318E-18
  9.8167582E+01  0.0000000E+00  0.0000000E+00  0.0000000E+00  0.0000000E+00  1.7584241E-22  0.0000000E+00  0.0000000E+00  2.7954860E-64  9.9477239E-13  0.0000000E+00  2.0451835E-18
  9.9561787E+01  0.0000000E+00  0.0000000E+00  0.0000000E+00  0.0000000E+00  8.3508184E-23  0.0000000E+00  0.0000000E+00  3.0190985E-65  6.6235106E-13  0.0000000E+00  1.1448184E-18
  1.0097579E+02  0.0000000E+00  0.0000000E+00  0.0000000E+00  0.0000000E+00  3.9238356E-23  0.0000000E+00  0.0000000E+00  3.1426124E-66  4.3847901E-13  0.0000000E+00  6.3557393E-19
  1.0240988E+02  0.0000000E+00  0.0000000E+00  0.0000000E+00  0.0000000E+00  1.8238997E-23  0.0000000E+00  0.0000000E+00  3.1506071E-67  2.8858234E-13  0.0000000E+00  3.4992031E-19
  1.0386433E+02  0.0000000E+00  0.0000000E+00  0.0000000E+00  0.0000000E+00  8.3855258E-24  0.0000000E+00  0.0000000E+00  3.0400449E-68  1.8880555E-13  0.0000000E+00  1.9102643E-19
  1.0533945E+02  0.0000000E+00  0.0000000E+00  0.0000000E+00  0.0000000E+00  3.8126645E-24  0.0000000E+00  0.0000000E+00  2.8212196E-69  1.2278532E-13  0.0000000E+00  1.0339174E-19
  1.0683551E+02  0.0000000E+00  0.0000000E+00  0.0000000E+00  0.0000000E+00  1.7140533E-24  0.0000000E+00  0.0000000E+00  2.5162301E-70  7.9364839E-14  0.0000000E+00  5.5474360E-20
  1.0835282E+02  0.0000000E+00  0.0000000E+00  0.0000000E+00  0.0000000E+00  7.6180675E-25  0.0000000E+00  0.0000000E+00  2.1552749E-71  5.0982598E-14  0.0000000E+00  2.9502450E-20
  1.0989167E+02  0.0000000E+00  0.0000000E+00  0.0000000E+00  0.0000000E+00  3.3466946E-25  0.0000000E+00  0.0000000E+00  1.7716311E-72  3.2545396E-14  0.0000000E+00  1.5549897E-20
  1.1145239E+02  0.0000000E+00  0.0000000E+00  0.0000000E+00  0.0000000E+00  1.4529909E-25  0.0000000E+00  0.0000000E+00  1.3964941E-73  2.0643911E-14  0.0000000E+00  8.1216469E-21
  1.1303526E+02  0.0000000E+00  0.0000000E+00  0.0000000E+00  0.0000000E+00  6.2331664E-26  0.0000000E+00  0.0000000E+00  1.0548113E-74  1.3010372E-14  0.0000000E+00  4.2029138E-21
  1.1464062E+02  0.0000000E+00  0.0000000E+00  0.0000000E+00  0.0000000E+00  2.6416521E-26  0.0000000E+00  0.0000000E+00  7.6287438E-76  8.1459687E-15  0.0000000E+00  2.1547077E-21
  1.1626878E+02  0.0000000E+00  0.0000000E+00  0.0000000E+00  0.0000000E+00  1.1058197E-26  0.0000000E+00  0.0000000E+00  5.2789188E-77  5.0665268E-15  0.0000000E+00  1.0942047E-21
  1.1792006E+02  0.0000000E+00  0.0000000E+00  0.0000000E+00  0.0000000E+00  4.5714517E-27  0.0000000E+00  0.0000000E+00  3.4923721E-78  3.1300502E-15  0.0000000E+00  5.5032724E-22
  1.1959480E+02  0.0000000E+00  0.0000000E+00  0.0000000E+00  0.0000000E+00  1.8659622E-27  0.0000000E+00  0.0000000E+00  0.0000000E+00  1.9205418E-15  0.0000000E+00  2.7409087E-22
  1.2129332E+02  0.0000000E+00  0.0000000E+00  0.0000000E+00  0.0000000E+00  7.5187695E-28  0.0000000E+00  0.0000000E+00  0.0000000E+00  1.1702679E-15  0.0000000E+00  1.3516282E-22
  1.2301596E+02  0.0000000E+00  0.0000000E+00  0.0000000E+00  0.0000000E+00  2.9902033E-28  0.0000000E+00  0.0000000E+00  0.0000000E+00  7.0809704E-16  0.0000000E+00  6.5985114E-23
  1.2476307E+02  0.0000000E+00  0.0000000E+00  0.0000000E+00  0.0000000E+00  1.1734858E-28  0.0000000E+00  0.0000000E+00  0.0000000E+00  4.2540494E-16  0.0000000E+00  3.1885755E-23
  1.2653499E+02  0.0000000E+00  0.0000000E+00  0.0000000E+00  0.0000000E+00  4.5434912E-29  0.0000000E+00  0.0000000E+00  0.0000000E+00  2.5372904E-16  0.0000000E+00  1.5249105E-23
  1.2833207E+02  0.0000000E+00  0.0000000E+00  0.0000000E+00  0.0000000E+00  1.7351865E-29  0.0000000E+00  0.0000000E+00  0.0000000E+00  1.5022795E-16  0.0000000E+00  7.2164359E-24
  1.3015468E+02  0.0000000E+00  0.0000000E+00  0.0000000E+00  0.0000000E+00  6.5351466E-30  0.0000000E+00  0.0000000E+00  0.0000000E+00  8.8287362E-17  0.0000000E+00  3.3788171E-24
  1.3200317E+02  0.0000000E+00  0.0000000E+00  0.0000000E+00  0.0000000E+00  2.4267420E-30  0.0000000E+00  0.0000000E+00  0.0000000E+00  5.1495252E-17  0.0000000E+00  1.5649547E-24
  1.3387792E+02  0.0000000E+00  0.0000000E+00  0.0000000E+00  0.0000000E+00  8.8829138E-31  0.0000000E+00  0.0000000E+00  0.0000000E+00  2.9806352E-17  0.0000000E+00  7.1690976E-25
  1.3577929E+02  0.0000000E+00  0.0000000E+00  0.0000000E+00  0.0000000E+00  3.2044500E-31  0.0000000E+00  0.0000000E+00  0.0000000E+00  1.7118924E-17  0.0000000E+00  3.2477473E-25
  1.3770766E+02  0.0000000E+00  0.0000000E+00  0.0000000E+00  0.0000000E+00  1.1389861E-31  0.0000000E+00  0.0000000E+00  0.0000000E+00  9.7548747E-18  0.0000000E+00  1.4547323E-25
  1.3966343E+02  0.0000000E+00  0.0000000E+00  0.0000000E+00  0.0000000E+00  3.9879423E-32  0.0000000E+00  0.0000000E+00  0.0000000E+00  5.5143624E-18  0.0000000E+00  6.4416034E-26
  1.4164697E+02  0.0000000E+00  0.0000000E+00  0.0000000E+00  0.0000000E+00  1.3751226E-32  0.0000000E+00  0.0000000E+00  0.0000000E+00  3.0920563E-18  0.0000000E+00  2.8192953E-26
  1.4365867E+02  0.0000000E+00  0.0000000E+00  0.0000000E+00  0.0000000E+00  4.6686414E-33  0.0000000E+00  0.0000000E+00  0.0000000E+00  1.7195994E-18  0.0000000E+00  1.2194029E-26
  1.4569895E+02  0.0000000E+00  0.0000000E+00  0.0000000E+00  0.0000000E+00  1.5602292E-33  0.0000000E+00  0.0000000E+00  0.0000000E+00  9.4838256E-19  0.0000000E+00  5.2111905E-27
  1.4776821E+02  0.0000000E+00  0.0000000E+00  0.0000000E+00  0.0000000E+00  5.1312721E-34  0.0000000E+00  0.0000000E+00  0.0000000E+00  5.1863761E-19  0.0000000E+00  2.2000445E-27
  1.4986686E+02  0.0000000E+00  0.0000000E+00  0.0000000E+00  0.0000000E+00  1.6603057E-34  0.0000000E+00  0.0000000E+00  0.0000000E+00  2.8120020E-19  0.0000000E+00  9.1738370E-28
  1.5199531E+02  0.0000000E+00  0.0000000E+00  0.0000000E+00  0.0000000E+00  5.2839980E-35  0.0000000E+00  0.0000000E+00  0.0000000E+00  1.5114180E-19  0.0000000E+00  3.7775871E-28
  1.5415398E+02  0.0000000E+00  0.0000000E+00  0.0000000E+00  0.0000000E+00  1.6536040E-35  0.0000000E+00  0.0000000E+00  0.0000000E+00  8.0522317E-20  0.0000000E+00  1.5358162E-28
  1.5634332E+02  0.0000000E+00  0.0000000E+00  0.0000000E+00  0.0000000E+00  5.0871529E-36  0.0000000E+00  0.0000000E+00  0.0000000E+00  4.2516272E-20  0.0000000E+00  6.1636950E-29
  1.5856375E+02  0.0000000E+00  0.0000000E+00  0.0000000E+00  0.0000000E+00  1.5380482E-36  0.0000000E+00  0.0000000E+00  0.0000000E+00  2.2245644E-20  0.0000000E+00  2.4413750E-29
  1.6081572E+02  0.0000000E+00  0.0000000E+00  0.0000000E+00  0.0000000E+00  4.5686904E-37  0.0000000E+00  0.0000000E+00  0.0000000E+00  1.1532633E-20  0.0000000E+00  9.5418374E-30
  1.6309967E+02  0.0000000E+00  0.0000000E+00  0.0000000E+00  0.0000000E+00  1.3329444E-37  0.0000000E+00  0.0000000E+00  0.0000000E+00  5.9230796E-21  0.0000000E+00  3.6791267E-30
  1.6541605E+02  0.0000000E+00  0.0000000E+00  0.0000000E+00  0.0000000E+00  3.8185621E-38  0.0000000E+00  0.0000000E+00  0.0000000E+00  3.0133058E-21  0.0000000E+00  1.3992073E-30
  1.6776534E+02  0.0000000E+00  0.0000000E+00  0.0000000E+00  0.0000000E+00  1.0737945E-38  0.0000000E+00  0.0000000E+00  0.0000000E+00  1.5182926E-21  0.0000000E+00  5.2474896E-31
  1.7014798E+02  0.0000000E+00  0.0000000E+00  0.0000000E+00  0.0000000E+00  2.9630494E-39  0.0000000E+00  0.0000000E+00  0.0000000E+00  7.5757121E-22  0.0000000E+00  1.9402565E-31
  1.7256447E+02  0.0000000E+00  0.0000000E+00  0.0000000E+00  0.0000000E+00  8.0207078E-40  0.0000000E+00  0.0000000E+00  0.0000000E+00  3.7427024E-22  0.0000000E+00  7.0714533E-32
  1.7501528E+02  0.0000000E+00  0.0000000E+00  0.0000000E+00  0.0000000E+00  2.1291144E-40  0.0000000E+00  0.0000000E+00  0.0000000E+00  1.8305354E-22  0.0000000E+00  2.5398161E-32
  1.7750089E+02  0.0000000E+00  0.0000000E+00  0.0000000E+00  0.0000000E+00  5.5405233E-41  0.0000000E+00  0.0000000E+00  0.0000000E+00  8.8621295E-23  0.0000000E+00  8.9875229E-33
  1.8002181E+02  0.0000000E+00  0.0000000E+00  0.0000000E+00  0.0000000E+00  1.4129202E-41  0.0000000E+00  0.0000000E+00  0.0000000E+00  4.2461998E-23  0.0000000E+00  3.1327092E-33
  1.8257853E+02  0.0000000E+00  0.0000000E+00  0.0000000E+00  0.0000000E+00  3.5297650E-42  0.0000000E+00  0.0000000E+00  0.0000000E+00  2.0132567E-23  0.0000000E+00  1.0753214E-33
  1.8517155E+02  0.0000000E+00  0.0000000E+00  0.0000000E+00  0.0000000E+00  8.6352548E-43  0.0000000E+00  0.0000000E+00  0.0000000E+00  9.4443092E-24  0.0000000E+00  3.6340475E-34
  1.8780141E+02  0.0000000E+00  0.0000000E+00  0.0000000E+00  0.0000000E+00  2.0677761E-43  0.0000000E+00  0.0000000E+00  0.0000000E+00  4.3826645E-24  0.0000000E+00  1.2087644E-34
  1.9046862E+02  0.0000000E+00  0.0000000E+00  0.0000000E+00  0.0000000E+00  4.8531990E-44  0.0000000E+00  0.0000000E+00  0.0000000E+00  2.0120551E-24  0.0000000E+00  3.9597237E-35
  1.9317370E+02  0.0000000E+00  0.0000000E+00  0.0000000E+00  0.0000000E+00  1.1467565E-44  0.0000000E+00  0.0000000E+00  0.0000000E+00  9.1485087E-25  0.0000000E+00  1.2876740E-35
  1.9591721E+02  0.0000000E+00  0.0000000E+00  0.0000000E+00  0.0000000E+00  2.6547023E-45  0.0000000E+00  0.0000000E+00  0.0000000E+00  4.1133859E-25  0.0000000E+00  4.1211486E-36
  1.9869967E+02  0.0000000E+00  0.0000000E+00  0.0000000E+00  0.0000000E+00  6.0191551E-46  0.0000000E+00  0.0000000E+00  0.0000000E+00  1.8285982E-25  0.0000000E+00  1.2977873E-36
  2.0152166E+02  0.0000000E+00  0.0000000E+00  0.0000000E+00  0.0000000E+00  1.3362945E-46  0.0000000E+00  0.0000000E+00  0.0000000E+00  8.0359417E-26  0.0000000E+00  4.0203317E-37
