{
    "SC": {
        "nu": 0.19157944322226,
        "delta": 0.11035176920986,
        "delta/natoms": 0.11035176920986
    },
    "XO": {
        "nu": 0.031265538524627,
        "delta": 0.19994821673288,
        "delta/natoms": 0.09997410836644
    },
    "BCC": {
        "nu": 0.056572557570681,
        "delta": 0.086251954040119,
        "delta/natoms": 0.086251954040119
    },
    "FCC": {
        "nu": 0.04332956568703,
        "delta": 0.070363655812829,
        "delta/natoms": 0.070363655812829
    },
    "X2O": {
        "nu": 0.1136796787525,
        "delta": 0.65725419125827,
        "delta/natoms": 0.21908473041942
    },
    "XO2": {
        "nu": 0.045061317380321,
        "delta": 0.33526632402904,
        "delta/natoms": 0.11175544134301
    },
    "XO3": {
        "nu": 0.031794765987562,
        "delta": 0.19089312652668,
        "delta/natoms": 0.047723281631671
    },
    "X2O3": {
        "nu": 0.045189922377179,
        "delta": 1.2045416780207,
        "delta/natoms": 0.12045416780207
    },
    "X2O5": {
        "nu": 0.11177549724431,
        "delta": 3.8164275800079,
        "delta/natoms": 0.27260197000056
    },
    "Diamond": {
        "nu": 0.033501914737042,
        "delta": 0.048709461506278,
        "delta/natoms": 0.024354730753139
    }
}