{
    "GS": {
        "nu": 1.8392430443585,
        "delta": 50.358128848262,
        "delta/natoms": 6.2947661060328
    },
    "SC": {
        "nu": 0.7862148880142,
        "delta": 2.1410135048823,
        "delta/natoms": 2.1410135048823
    },
    "XO": {
        "nu": 0.16478984879849,
        "delta": 1.0232089242859,
        "delta/natoms": 0.51160446214295
    },
    "BCC": {
        "nu": 0.37903559412085,
        "delta": 1.1221286181177,
        "delta/natoms": 1.1221286181177
    },
    "FCC": {
        "nu": 0.36139334281525,
        "delta": 1.0744962114104,
        "delta/natoms": 1.0744962114104
    },
    "X2O": {
        "nu": 0.14958612014333,
        "delta": 1.238308507518,
        "delta/natoms": 0.41276950250601
    },
    "XO2": {
        "nu": 0.14251610409844,
        "delta": 1.2795562407315,
        "delta/natoms": 0.42651874691051
    },
    "XO3": {
        "nu": 0.34338866226684,
        "delta": 3.316669472049,
        "delta/natoms": 0.82916736801226
    },
    "X2O3": {
        "nu": 0.17149249743447,
        "delta": 5.0647661116427,
        "delta/natoms": 0.50647661116427
    },
    "X2O5": {
        "nu": 0.015328776012101,
        "delta": 0.41668767886096,
        "delta/natoms": 0.029763405632926
    },
    "Diamond": {
        "nu": 0.4440311811796,
        "delta": 2.7901865159235,
        "delta/natoms": 1.3950932579617
    }
}