{
    "GS": {
        "nu": 0.85979318709877,
        "delta": 23.625337975101,
        "delta/natoms": 2.9531672468876
    },
    "SC": {
        "nu": 0.27582581343009,
        "delta": 0.36122375148736,
        "delta/natoms": 0.36122375148736
    },
    "XO": {
        "nu": 0.0069584013730296,
        "delta": 0.031911551293447,
        "delta/natoms": 0.015955775646723
    },
    "BCC": {
        "nu": 0.015365123654589,
        "delta": 0.038871893144826,
        "delta/natoms": 0.038871893144826
    },
    "FCC": {
        "nu": 0.021871349493251,
        "delta": 0.036949476330605,
        "delta/natoms": 0.036949476330605
    },
    "X2O": {
        "nu": 0.0090894753510385,
        "delta": 0.05938346034361,
        "delta/natoms": 0.019794486781203
    },
    "XO2": {
        "nu": 0.0055149760475145,
        "delta": 0.044696404310016,
        "delta/natoms": 0.014898801436672
    },
    "XO3": {
        "nu": 0.04351252966399,
        "delta": 0.39252444029001,
        "delta/natoms": 0.098131110072503
    },
    "X2O3": {
        "nu": 0.0062740317458543,
        "delta": 0.18545377591434,
        "delta/natoms": 0.018545377591434
    },
    "X2O5": {
        "nu": 0.087479819358442,
        "delta": 3.4500998219183,
        "delta/natoms": 0.24643570156559
    },
    "Diamond": {
        "nu": 0.013445078841169,
        "delta": 0.053182081012344,
        "delta/natoms": 0.026591040506172
    }
}