{
    "GS": {
        "nu": 1.600565526803,
        "delta": 43.77576160634,
        "delta/natoms": 5.4719702007925
    },
    "SC": {
        "nu": 0.74864777006013,
        "delta": 2.0243229155113,
        "delta/natoms": 2.0243229155113
    },
    "XO": {
        "nu": 0.15639051994448,
        "delta": 0.96984583289933,
        "delta/natoms": 0.48492291644966
    },
    "BCC": {
        "nu": 0.3567346223571,
        "delta": 1.0553699656085,
        "delta/natoms": 1.0553699656085
    },
    "FCC": {
        "nu": 0.34307952635302,
        "delta": 1.0190436157769,
        "delta/natoms": 1.0190436157769
    },
    "X2O": {
        "nu": 0.13638614914616,
        "delta": 1.1282712486161,
        "delta/natoms": 0.37609041620536
    },
    "XO2": {
        "nu": 0.1432208334091,
        "delta": 1.2847098461117,
        "delta/natoms": 0.42823661537058
    },
    "XO3": {
        "nu": 0.33858190604681,
        "delta": 3.2708997915597,
        "delta/natoms": 0.81772494788993
    },
    "X2O3": {
        "nu": 0.16471040244234,
        "delta": 4.8627114080632,
        "delta/natoms": 0.48627114080632
    },
    "X2O5": {
        "nu": 0.017459790445366,
        "delta": 0.54856639499303,
        "delta/natoms": 0.039183313928073
    },
    "Diamond": {
        "nu": 0.41578290031799,
        "delta": 2.6105665055376,
        "delta/natoms": 1.3052832527688
    }
}