{
    "GS": {
        "nu": 0.64987863491729,
        "delta": 17.869018238537,
        "delta/natoms": 2.2336272798171
    },
    "SC": {
        "nu": 0.28873168930075,
        "delta": 0.41454722380271,
        "delta/natoms": 0.41454722380271
    },
    "XO": {
        "nu": 0.0096018092288869,
        "delta": 0.056913066613728,
        "delta/natoms": 0.028456533306864
    },
    "BCC": {
        "nu": 0.029065375296345,
        "delta": 0.084549151436812,
        "delta/natoms": 0.084549151436812
    },
    "FCC": {
        "nu": 0.017752607802201,
        "delta": 0.02469410984963,
        "delta/natoms": 0.02469410984963
    },
    "X2O": {
        "nu": 0.016298891687012,
        "delta": 0.12895065122153,
        "delta/natoms": 0.042983550407177
    },
    "XO2": {
        "nu": 0.0039107664207301,
        "delta": 0.030970677546142,
        "delta/natoms": 0.010323559182047
    },
    "XO3": {
        "nu": 0.046180306767119,
        "delta": 0.41850632536517,
        "delta/natoms": 0.10462658134129
    },
    "X2O3": {
        "nu": 0.0051307820396505,
        "delta": 0.14741045352456,
        "delta/natoms": 0.014741045352456
    },
    "X2O5": {
        "nu": 0.088457281075629,
        "delta": 3.4885896321285,
        "delta/natoms": 0.24918497372346
    },
    "Diamond": {
        "nu": 0.014697164067654,
        "delta": 0.095666336932426,
        "delta/natoms": 0.047833168466213
    }
}