{
    "GS": {
        "nu": 0.98208805481214,
        "delta": 8.1317038893393,
        "delta/natoms": 2.0329259723348
    },
    "SC": {
        "nu": 0.088252159235017,
        "delta": 0.23796862374744,
        "delta/natoms": 0.23796862374744
    },
    "XO": {
        "nu": 0.089886809455091,
        "delta": 0.23786367075184,
        "delta/natoms": 0.23786367075184
    },
    "BCC": {
        "nu": 0.058276289287682,
        "delta": 0.15734943075825,
        "delta/natoms": 0.15734943075825
    },
    "FCC": {
        "nu": 0.048553156140652,
        "delta": 0.13407102123178,
        "delta/natoms": 0.13407102123178
    },
    "X2O": {
        "nu": 0.12977942055188,
        "delta": 0.92280255382805,
        "delta/natoms": 0.30760085127602
    },
    "XO2": {
        "nu": 0.12978197005532,
        "delta": 0.92277271493707,
        "delta/natoms": 0.30759090497902
    },
    "XO3": {
        "nu": 0.092998561598761,
        "delta": 0.65223371402206,
        "delta/natoms": 0.16305842850551
    },
    "X2O3": {
        "nu": 0.06041515470117,
        "delta": 1.538358955373,
        "delta/natoms": 0.1538358955373
    },
    "X2O5": {
        "nu": 0.072613887089022,
        "delta": 1.3261135075098,
        "delta/natoms": 0.18944478678712
    },
    "Diamond": {
        "nu": 0.0083540030023362,
        "delta": 0.030153973098873,
        "delta/natoms": 0.015076986549437
    }
}