{
    "GS": {
        "nu": 0.14271338767682,
        "delta": 1.1369267842879,
        "delta/natoms": 0.28423169607198
    },
    "SC": {
        "nu": 0.054181220913879,
        "delta": 0.1615237111595,
        "delta/natoms": 0.1615237111595
    },
    "XO": {
        "nu": 0.053692098908465,
        "delta": 0.16106160862375,
        "delta/natoms": 0.16106160862375
    },
    "BCC": {
        "nu": 0.033247463358632,
        "delta": 0.07353068745066,
        "delta/natoms": 0.07353068745066
    },
    "FCC": {
        "nu": 0.01628948322004,
        "delta": 0.027938010320351,
        "delta/natoms": 0.027938010320351
    },
    "X2O": {
        "nu": 0.024080614085598,
        "delta": 0.18279683991897,
        "delta/natoms": 0.060932279972992
    },
    "XO2": {
        "nu": 0.024087746028557,
        "delta": 0.18285036060476,
        "delta/natoms": 0.060950120201588
    },
    "XO3": {
        "nu": 0.19045519792801,
        "delta": 1.5680742528929,
        "delta/natoms": 0.39201856322322
    },
    "X2O3": {
        "nu": 0.057765213949149,
        "delta": 1.6224266573576,
        "delta/natoms": 0.16224266573576
    },
    "X2O5": {
        "nu": 0.041958724869138,
        "delta": 0.76552186063107,
        "delta/natoms": 0.10936026580444
    },
    "Diamond": {
        "nu": 0.076177689457261,
        "delta": 0.42083090463129,
        "delta/natoms": 0.21041545231565
    }
}