{
    "GS": {
        "nu": 3.1399979162752,
        "delta": 26.163656483113,
        "delta/natoms": 6.5409141207783
    },
    "SC": {
        "nu": 0.23748462959293,
        "delta": 0.71103367219699,
        "delta/natoms": 0.71103367219699
    },
    "XO": {
        "nu": 0.23698748165844,
        "delta": 0.71063898857149,
        "delta/natoms": 0.71063898857149
    },
    "BCC": {
        "nu": 0.20127510400779,
        "delta": 0.52201574476673,
        "delta/natoms": 0.52201574476673
    },
    "FCC": {
        "nu": 0.20457189187946,
        "delta": 0.5023845116571,
        "delta/natoms": 0.5023845116571
    },
    "X2O": {
        "nu": 0.21259786861211,
        "delta": 1.6442397218585,
        "delta/natoms": 0.54807990728617
    },
    "XO2": {
        "nu": 0.21259288846014,
        "delta": 1.6442233303377,
        "delta/natoms": 0.54807444344591
    },
    "XO3": {
        "nu": 0.41610552566954,
        "delta": 3.5361453127841,
        "delta/natoms": 0.88403632819602
    },
    "X2O3": {
        "nu": 0.23430676635268,
        "delta": 6.5256707956286,
        "delta/natoms": 0.65256707956286
    },
    "X2O5": {
        "nu": 0.22139442953403,
        "delta": 4.0534097605046,
        "delta/natoms": 0.57905853721495
    },
    "Diamond": {
        "nu": 0.214242496649,
        "delta": 1.1899782900265,
        "delta/natoms": 0.59498914501323
    }
}