{
    "GS": {
        "nu": 0.56102582548761,
        "delta": 4.636171214926,
        "delta/natoms": 1.1590428037315
    },
    "SC": {
        "nu": 0.030272426191633,
        "delta": 0.082801973785854,
        "delta/natoms": 0.082801973785854
    },
    "XO": {
        "nu": 0.031101048701763,
        "delta": 0.083054745036911,
        "delta/natoms": 0.083054745036911
    },
    "BCC": {
        "nu": 0.0034642181915228,
        "delta": 0.0051353795479516,
        "delta/natoms": 0.0051353795479516
    },
    "FCC": {
        "nu": 0.044255402722629,
        "delta": 0.099206087577446,
        "delta/natoms": 0.099206087577446
    },
    "X2O": {
        "nu": 0.023251551792515,
        "delta": 0.15404228992179,
        "delta/natoms": 0.051347429973931
    },
    "XO2": {
        "nu": 0.023249844790166,
        "delta": 0.1540294739636,
        "delta/natoms": 0.051343157987865
    },
    "XO3": {
        "nu": 0.028001051079143,
        "delta": 0.24303874852794,
        "delta/natoms": 0.060759687131986
    },
    "X2O3": {
        "nu": 0.011790144804453,
        "delta": 0.24025332911136,
        "delta/natoms": 0.024025332911136
    },
    "X2O5": {
        "nu": 0.0070373043544192,
        "delta": 0.10260505397804,
        "delta/natoms": 0.014657864854006
    },
    "Diamond": {
        "nu": 0.0016069623287856,
        "delta": 0.009017235127624,
        "delta/natoms": 0.004508617563812
    }
}