{
    "GS": {
        "nu": 1.193636368965,
        "delta": 9.9271089752946,
        "delta/natoms": 2.4817772438237
    },
    "SC": {
        "nu": 0.51261514512507,
        "delta": 1.5330045639309,
        "delta/natoms": 1.5330045639309
    },
    "XO": {
        "nu": 0.51205153079092,
        "delta": 1.5326069579015,
        "delta/natoms": 1.5326069579015
    },
    "BCC": {
        "nu": 0.45590118056324,
        "delta": 1.1765812188987,
        "delta/natoms": 1.1765812188987
    },
    "FCC": {
        "nu": 0.44503270480829,
        "delta": 1.0895494429121,
        "delta/natoms": 1.0895494429121
    },
    "X2O": {
        "nu": 0.47185902472887,
        "delta": 3.6405403263681,
        "delta/natoms": 1.2135134421227
    },
    "XO2": {
        "nu": 0.47185977593498,
        "delta": 3.6405476348939,
        "delta/natoms": 1.213515878298
    },
    "XO3": {
        "nu": 0.80152617511205,
        "delta": 6.8535473923936,
        "delta/natoms": 1.7133868480984
    },
    "X2O3": {
        "nu": 0.51533691931827,
        "delta": 14.324294115035,
        "delta/natoms": 1.4324294115035
    },
    "X2O5": {
        "nu": 0.48732962254686,
        "delta": 8.8816215499762,
        "delta/natoms": 1.268803078568
    },
    "Diamond": {
        "nu": 0.5092664460669,
        "delta": 2.8227425375529,
        "delta/natoms": 1.4113712687765
    }
}