{
    "GS": {
        "nu": 2.476018689884,
        "delta": 20.508181819787,
        "delta/natoms": 5.1270454549467
    },
    "SC": {
        "nu": 0.21298800372952,
        "delta": 0.64405641837713,
        "delta/natoms": 0.64405641837713
    },
    "XO": {
        "nu": 0.21229955562689,
        "delta": 0.64384033304116,
        "delta/natoms": 0.64384033304116
    },
    "BCC": {
        "nu": 0.20590415871791,
        "delta": 0.52983594368663,
        "delta/natoms": 0.52983594368663
    },
    "FCC": {
        "nu": 0.23390347790474,
        "delta": 0.56666801333746,
        "delta/natoms": 0.56666801333746
    },
    "X2O": {
        "nu": 0.18845753517541,
        "delta": 1.4744957582929,
        "delta/natoms": 0.49149858609764
    },
    "XO2": {
        "nu": 0.18847504517686,
        "delta": 1.4745534511381,
        "delta/natoms": 0.49151781704604
    },
    "XO3": {
        "nu": 0.39562298209855,
        "delta": 3.3470472196289,
        "delta/natoms": 0.83676180490722
    },
    "X2O3": {
        "nu": 0.22536861282647,
        "delta": 6.3047176731236,
        "delta/natoms": 0.63047176731236
    },
    "X2O5": {
        "nu": 0.21266428544386,
        "delta": 3.8736501883689,
        "delta/natoms": 0.55337859833842
    },
    "Diamond": {
        "nu": 0.21331305793693,
        "delta": 1.1835825971498,
        "delta/natoms": 0.59179129857488
    }
}