{
    "SC": {
        "nu": 0.034882134702134,
        "delta": 0.10800985572234,
        "delta/natoms": 0.10800985572234
    },
    "XO": {
        "nu": 0.15365095387876,
        "delta": 1.2466041844624,
        "delta/natoms": 0.62330209223118
    },
    "BCC": {
        "nu": 0.10541824048983,
        "delta": 0.3809596785671,
        "delta/natoms": 0.3809596785671
    },
    "FCC": {
        "nu": 0.098036609906299,
        "delta": 0.35578233823605,
        "delta/natoms": 0.35578233823605
    },
    "X2O": {
        "nu": 0.20870079971046,
        "delta": 2.1285995848521,
        "delta/natoms": 0.70953319495071
    },
    "XO2": {
        "nu": 0.54639667917146,
        "delta": 7.0505898871476,
        "delta/natoms": 2.3501966290492
    },
    "XO3": {
        "nu": 1.3802471357886,
        "delta": 24.818975104524,
        "delta/natoms": 6.204743776131
    },
    "X2O3": {
        "nu": 0.42599867006447,
        "delta": 16.09972362084,
        "delta/natoms": 1.609972362084
    },
    "X2O5": {
        "nu": 0.5349293044211,
        "delta": 23.362584130067,
        "delta/natoms": 1.6687560092905
    },
    "Diamond": {
        "nu": 0.012731531473857,
        "delta": 0.072034405682724,
        "delta/natoms": 0.036017202841362
    }
}