{
    "SC": {
        "nu": 0.18330795653945,
        "delta": 0.066282020490265,
        "delta/natoms": 0.066282020490265
    },
    "XO": {
        "nu": 0.01742916904488,
        "delta": 0.10084695677891,
        "delta/natoms": 0.050423478389456
    },
    "BCC": {
        "nu": 0.016510819056019,
        "delta": 0.0064581922292067,
        "delta/natoms": 0.0064581922292067
    },
    "FCC": {
        "nu": 0.017026475751928,
        "delta": 0.011483001949945,
        "delta/natoms": 0.011483001949945
    },
    "X2O": {
        "nu": 0.0078932506079146,
        "delta": 0.023518633664914,
        "delta/natoms": 0.0078395445549714
    },
    "XO2": {
        "nu": 0.013327028365524,
        "delta": 0.070367891135347,
        "delta/natoms": 0.023455963711782
    },
    "XO3": {
        "nu": 0.025137025650172,
        "delta": 0.1123207771823,
        "delta/natoms": 0.028080194295576
    },
    "X2O3": {
        "nu": 0.015922351337643,
        "delta": 0.35453177319033,
        "delta/natoms": 0.035453177319033
    },
    "X2O5": {
        "nu": 0.078000901476126,
        "delta": 2.562034836051,
        "delta/natoms": 0.18300248828936
    },
    "Diamond": {
        "nu": 0.033282093811925,
        "delta": 0.046594718759955,
        "delta/natoms": 0.023297359379977
    }
}