{
    "GS": {
        "nu": 0.60774493368583,
        "delta": 5.0528466892145,
        "delta/natoms": 1.2632116723036
    },
    "SC": {
        "nu": 0.15935288699218,
        "delta": 0.40253059799849,
        "delta/natoms": 0.40253059799849
    },
    "XO": {
        "nu": 0.16309539064828,
        "delta": 0.40143508317983,
        "delta/natoms": 0.40143508317983
    },
    "BCC": {
        "nu": 0.041858295966553,
        "delta": 0.11574217322358,
        "delta/natoms": 0.11574217322358
    },
    "FCC": {
        "nu": 0.06559912056253,
        "delta": 0.06316859119599,
        "delta/natoms": 0.06316859119599
    },
    "X2O": {
        "nu": 0.24406860390433,
        "delta": 1.6718336518798,
        "delta/natoms": 0.55727788395995
    },
    "XO2": {
        "nu": 0.24406344686178,
        "delta": 1.6717874505368,
        "delta/natoms": 0.55726248351226
    },
    "XO3": {
        "nu": 0.079733430829074,
        "delta": 0.43121511192923,
        "delta/natoms": 0.10780377798231
    },
    "X2O3": {
        "nu": 0.10819312730903,
        "delta": 2.565932852532,
        "delta/natoms": 0.2565932852532
    },
    "X2O5": {
        "nu": 0.13979529769938,
        "delta": 2.3989893042011,
        "delta/natoms": 0.34271275774301
    },
    "Diamond": {
        "nu": 0.012038587353846,
        "delta": 0.056912517022541,
        "delta/natoms": 0.028456258511271
    }
}