{
    "GS": {
        "nu": 0.9802559427167,
        "delta": 8.1193297726998,
        "delta/natoms": 2.0298324431749
    },
    "SC": {
        "nu": 0.077811783424924,
        "delta": 0.20608270797268,
        "delta/natoms": 0.20608270797268
    },
    "XO": {
        "nu": 0.079615650247413,
        "delta": 0.20593989678999,
        "delta/natoms": 0.20593989678999
    },
    "BCC": {
        "nu": 0.077454421703862,
        "delta": 0.20429772209213,
        "delta/natoms": 0.20429772209213
    },
    "FCC": {
        "nu": 0.043872153580922,
        "delta": 0.1159912960896,
        "delta/natoms": 0.1159912960896
    },
    "X2O": {
        "nu": 0.13673197122836,
        "delta": 0.94965163362781,
        "delta/natoms": 0.3165505445426
    },
    "XO2": {
        "nu": 0.13673009529261,
        "delta": 0.94963898041586,
        "delta/natoms": 0.31654632680529
    },
    "XO3": {
        "nu": 0.074503659754896,
        "delta": 0.48015417956034,
        "delta/natoms": 0.12003854489008
    },
    "X2O3": {
        "nu": 0.044746523193056,
        "delta": 1.1124459470876,
        "delta/natoms": 0.11124459470876
    },
    "X2O5": {
        "nu": 0.086165836676348,
        "delta": 1.5758219758147,
        "delta/natoms": 0.22511742511639
    },
    "Diamond": {
        "nu": 0.010339859512645,
        "delta": 0.035800404658073,
        "delta/natoms": 0.017900202329036
    }
}