{
    "GS": {
        "nu": 0.2643449018524,
        "delta": 2.1205334562419,
        "delta/natoms": 0.53013336406047
    },
    "SC": {
        "nu": 0.290509025734,
        "delta": 0.86594943828183,
        "delta/natoms": 0.86594943828183
    },
    "XO": {
        "nu": 0.29106147973848,
        "delta": 0.86625799002677,
        "delta/natoms": 0.86625799002677
    },
    "BCC": {
        "nu": 0.23334681047638,
        "delta": 0.60051996199769,
        "delta/natoms": 0.60051996199769
    },
    "FCC": {
        "nu": 0.19913994797781,
        "delta": 0.49232093542766,
        "delta/natoms": 0.49232093542766
    },
    "X2O": {
        "nu": 0.23694921432128,
        "delta": 1.8225745622373,
        "delta/natoms": 0.60752485407909
    },
    "XO2": {
        "nu": 0.23694589927398,
        "delta": 1.8225519907001,
        "delta/natoms": 0.60751733023338
    },
    "XO3": {
        "nu": 0.5174206609895,
        "delta": 4.4905816330162,
        "delta/natoms": 1.122645408254
    },
    "X2O3": {
        "nu": 0.2645902977708,
        "delta": 7.3413315498845,
        "delta/natoms": 0.73413315498845
    },
    "X2O5": {
        "nu": 0.24354171834647,
        "delta": 4.4440607063682,
        "delta/natoms": 0.63486581519545
    },
    "Diamond": {
        "nu": 0.25198276486257,
        "delta": 1.398833411703,
        "delta/natoms": 0.69941670585149
    }
}