{
    "GS": {
        "nu": 2.3560951360755,
        "delta": 19.522729887165,
        "delta/natoms": 4.8806824717912
    },
    "SC": {
        "nu": 0.22448192347786,
        "delta": 0.67822714567867,
        "delta/natoms": 0.67822714567867
    },
    "XO": {
        "nu": 0.22375973361192,
        "delta": 0.67795979638611,
        "delta/natoms": 0.67795979638611
    },
    "BCC": {
        "nu": 0.21318653902237,
        "delta": 0.54884939596822,
        "delta/natoms": 0.54884939596822
    },
    "FCC": {
        "nu": 0.24486963528993,
        "delta": 0.59352025003546,
        "delta/natoms": 0.59352025003546
    },
    "X2O": {
        "nu": 0.19681253897771,
        "delta": 1.5395912211434,
        "delta/natoms": 0.51319707371446
    },
    "XO2": {
        "nu": 0.19680138532684,
        "delta": 1.5395642671309,
        "delta/natoms": 0.51318808904362
    },
    "XO3": {
        "nu": 0.40153605614782,
        "delta": 3.4001947538348,
        "delta/natoms": 0.85004868845869
    },
    "X2O3": {
        "nu": 0.23171823309604,
        "delta": 6.4843424216986,
        "delta/natoms": 0.64843424216986
    },
    "X2O5": {
        "nu": 0.21862672044903,
        "delta": 3.9859552793013,
        "delta/natoms": 0.56942218275733
    },
    "Diamond": {
        "nu": 0.21915216108024,
        "delta": 1.2167272300115,
        "delta/natoms": 0.60836361500575
    }
}