{
    "GS": {
        "nu": 0.82974606430734,
        "delta": 6.6700416649163,
        "delta/natoms": 1.6675104162291
    },
    "SC": {
        "nu": 0.085934226100662,
        "delta": 0.19515177887011,
        "delta/natoms": 0.19515177887011
    },
    "XO": {
        "nu": 0.087352326417067,
        "delta": 0.19374126856091,
        "delta/natoms": 0.19374126856091
    },
    "BCC": {
        "nu": 0.0044321594930088,
        "delta": 0.0070473276588772,
        "delta/natoms": 0.0070473276588772
    },
    "FCC": {
        "nu": 0.026557936570578,
        "delta": 0.062400940768035,
        "delta/natoms": 0.062400940768035
    },
    "X2O": {
        "nu": 0.044185556192525,
        "delta": 0.22403353086616,
        "delta/natoms": 0.074677843622054
    },
    "XO2": {
        "nu": 0.04418281492194,
        "delta": 0.22401106871184,
        "delta/natoms": 0.07467035623728
    },
    "XO3": {
        "nu": 0.087635811593855,
        "delta": 0.7462805888246,
        "delta/natoms": 0.18657014720615
    },
    "X2O3": {
        "nu": 0.073239129440338,
        "delta": 1.2654322037214,
        "delta/natoms": 0.12654322037214
    },
    "X2O5": {
        "nu": 0.012816189213518,
        "delta": 0.20722900316146,
        "delta/natoms": 0.02960414330878
    },
    "Diamond": {
        "nu": 0.0048147878494669,
        "delta": 0.019381068619534,
        "delta/natoms": 0.0096905343097668
    }
}