{
    "GS": {
        "nu": 3.243614414331,
        "delta": 27.024673371463,
        "delta/natoms": 6.7561683428657
    },
    "SC": {
        "nu": 0.22975545334062,
        "delta": 0.68804776946945,
        "delta/natoms": 0.68804776946945
    },
    "XO": {
        "nu": 0.2292359350924,
        "delta": 0.68759065758045,
        "delta/natoms": 0.68759065758045
    },
    "BCC": {
        "nu": 0.19810408024044,
        "delta": 0.51350656701743,
        "delta/natoms": 0.51350656701743
    },
    "FCC": {
        "nu": 0.19748480562706,
        "delta": 0.48501901641408,
        "delta/natoms": 0.48501901641408
    },
    "X2O": {
        "nu": 0.20834354996783,
        "delta": 1.6105507179688,
        "delta/natoms": 0.53685023932295
    },
    "XO2": {
        "nu": 0.20834365179483,
        "delta": 1.6105765153678,
        "delta/natoms": 0.53685883845593
    },
    "XO3": {
        "nu": 0.41124005487664,
        "delta": 3.4934395976729,
        "delta/natoms": 0.87335989941823
    },
    "X2O3": {
        "nu": 0.23139208399056,
        "delta": 6.4411770424284,
        "delta/natoms": 0.64411770424284
    },
    "X2O5": {
        "nu": 0.2192363860493,
        "delta": 4.0108139161377,
        "delta/natoms": 0.5729734165911
    },
    "Diamond": {
        "nu": 0.21185589906739,
        "delta": 1.1759779160539,
        "delta/natoms": 0.58798895802695
    }
}