 #  r       coreden        valeden         tcoreden        tvaleden      nhatden
  0.0000000E+00  0.00000000000000000E+00  0.00000000000000000E+00  0.00000000000000000E+00  0.00000000000000000E+00  0.00000000000000000E+00
  8.8911955E-07  3.60835365301101900E-06  1.43624853840762147E-09  4.84986758991316982E-12  5.95945438647278802E-13 -8.87956508782285498E-13
  1.7841772E-06  1.31983472934113800E-05  5.25337405513333324E-09  1.95292488116142640E-11  2.39972876243173660E-12 -3.57558701807755407E-12
  2.6852126E-06  2.82541314476857516E-05  1.12460236294778280E-08  4.42350914314145206E-11  5.43555065742206441E-12 -8.09895046098119886E-12
  3.5922658E-06  4.85730102732046746E-05  1.93334916531158112E-08  7.91674182268097627E-11  9.72798966307762959E-12 -1.44946687707358462E-11
  4.5053768E-06  7.40437519434422408E-05  2.94714786714978724E-08  1.24529371106255241E-10  1.53020075936294980E-11 -2.27999349585682351E-11
  5.4245861E-06  1.04615259393004703E-04  4.16396208648822134E-08  1.80527255839637973E-10  2.21829550345031939E-11 -3.30525213033379934E-11
  6.3499346E-06  1.40257973013645671E-04  5.58261268026245453E-08  2.47370587407797047E-10  3.03965769148092709E-11 -4.52907876545271467E-11
  7.2814630E-06  1.80962333314146825E-04  7.20271654014674285E-08  3.25272135979487055E-10  3.99690181569333461E-11 -5.95536898501074426E-11
  8.2192129E-06  2.26733761561689944E-04  9.02448679496569370E-08  4.14447973524339490E-10  5.09268294042766052E-11 -7.58807882508516229E-11
  9.1632256E-06  2.77588004036957291E-04  1.10485474894014502E-07  5.15117521070494850E-10  6.32969728282129087E-11 -9.43122563926769626E-11
  1.0113543E-05  3.33549348290429416E-04  1.32758625789685714E-07  6.27503596615618404E-10  7.71068280153325005E-11 -1.14888889758615859E-10
  1.1070207E-05  3.94648901733183287E-04  1.57076674070683423E-07  7.51832463700296286E-10  9.23841979360784050E-11 -1.37652114672060573E-10
  1.2033261E-05  4.60923431163152454E-04  1.83454225099012982E-07  8.88333880652683438E-10  1.09157314995865501E-10 -1.62643997312907401E-10
  1.3002746E-05  5.32414539949726900E-04  2.11907808616545368E-07  1.03724115051369300E-09  1.27454847169823123E-10 -1.89907252858299364E-10
  1.3978707E-05  6.09168032379487972E-04  2.42455625696588646E-07  1.19879117165183501E-09  1.47305904222281648E-10 -2.19485254749636666E-10
  1.4961185E-05  6.91233422857510374E-04  2.75117353355019485E-07  1.37322448907718623E-09  1.68740044012166925E-10 -2.51422044087590168E-10
  1.5950225E-05  7.78663550189808936E-04  3.09913990988785627E-07  1.56078534646397195E-09  1.91787278885468292E-10 -2.85762339156853442E-10
  1.6945870E-05  8.71514269778199337E-04  3.46867737827290229E-07  1.76172173889138327E-09  2.16478082155961469E-10 -3.22551545082395403E-10
  1.7948165E-05  9.69844205195624686E-04  3.86001894019978573E-07  1.97628546631238570E-09  2.42843394675388724E-10 -3.61835763619001565E-10
  1.8957154E-05  1.07371454565429380E-03  4.27340779991333673E-07  2.20473218776045702E-09  2.70914631494311388E-10 -4.03661803075919534E-10
  1.9972882E-05  1.18318887947822305E-03  4.70909670127157585E-07  2.44732147630428540E-09  3.00723688614873677E-10 -4.48077188378449526E-10
  2.0995393E-05  1.29833305620498623E-03  5.16734737856407776E-07  2.70431687476048516E-09  3.32302949836708281E-10 -4.95130171268317954E-10
  2.2024733E-05  1.41921507172542783E-03  5.64843009902961398E-07  2.97598595217486890E-09  3.65685293697284301E-10 -5.44869740644766899E-10
  2.3060948E-05  1.54590497216436839E-03  6.15262327996852736E-07  3.26260036108240619E-09  4.00904100507935523E-10 -5.97345633048210791E-10
  2.4104084E-05  1.67847477315823785E-03  6.68021316713857376E-07  3.56443589555675807E-09  4.37993259486913876E-10 -6.52608343288455110E-10
  2.5154186E-05  1.81699839189748019E-03  7.23149356395660531E-07  3.88177255005992005E-09  4.76987175990757805E-10 -7.10709135219408306E-10
  2.6211301E-05  1.96155158984029137E-03  7.80676560317278625E-07  4.21489457910289268E-09  5.17920778845317766E-10 -7.71700052662281368E-10
  2.7275476E-05  2.11221192441690990E-03  8.40633755432688140E-07  4.56409055772840665E-09  5.60829527777798093E-10 -8.35633930479297987E-10
  2.8346759E-05  2.26905870836322009E-03  9.03052466156779474E-07  4.92965344282693922E-09  6.05749420951187191E-10 -9.02564405799969691E-10
  2.9425197E-05  2.43217297557232455E-03  9.67964900741251695E-07  5.31188063529716143E-09  6.52717002602457209E-10 -9.72545929401977764E-10
  3.0510836E-05  2.60163745255010672E-03  1.03540393988060601E-06  5.71107404306251588E-09  7.01769370785956860E-10 -1.04563377724880175E-09
  3.1603727E-05  2.77753653471786693E-03  1.10540312724693747E-06  6.12754014495529858E-09  7.52944185223408577E-10 -1.12188406218618289E-09
  3.2703917E-05  2.95995626693129751E-03  1.17799666170242351E-06  6.56159005548033408E-09  8.06279675261982298E-10 -1.20135374579962064E-09
  3.3811454E-05  3.14898432768701908E-03  1.25321939097902096E-06  7.01353959046980859E-09  8.61814647941880935E-10 -1.28410065043504421E-09
  3.4926388E-05  3.34471001657095151E-03  1.33110680664791813E-06  7.48370933364175417E-09  9.19588496174958818E-10 -1.37018347138492024E-09
  3.6048768E-05  3.54722424457090506E-03  1.41169504022842592E-06  7.97242470407412912E-09  9.79641207035851787E-10 -1.45966178924200438E-09
  3.7178645E-05  3.75661952693187888E-03  1.49502086030829537E-06  8.48001602460713493E-09  1.04201337016716630E-09 -1.55259608242303608E-09
  3.8316067E-05  3.97298997827914922E-03  1.58112167056602027E-06  9.00681859118625419E-09  1.10674618630026071E-09 -1.64904773986467415E-09
  3.9461086E-05  4.19643130977302367E-03  1.67003550860110789E-06  9.55317274315881521E-09  1.17388147589320218E-09 -1.74907907389400910E-09
  4.0613752E-05  4.42704082809170126E-03  1.76180104549127963E-06  1.01194239345370775E-08  1.24346168788747713E-09 -1.85275333327603536E-09
  4.1774116E-05  4.66491743606607147E-03  1.85645758600646373E-06  1.07059228062407736E-08  1.31552990858506839E-09 -1.96013471644045020E-09
  4.2942230E-05  4.91016163481351568E-03  1.95404506941864620E-06  1.13130252593327040E-08  1.39012987064754601E-09 -2.07128838489027442E-09
  4.4118146E-05  5.16287552723738996E-03  2.05460407085455241E-06  1.19410925292605238E-08  1.46730596221880753E-09 -2.18628047679468349E-09
  4.5301915E-05  5.42316282277574037E-03  2.15817580314473796E-06  1.25904912611186086E-08  1.54710323617315759E-09 -2.30517812076862160E-09
  4.6493589E-05  5.69112884329720306E-03  2.26480211912846913E-06  1.32615935859437474E-08  1.62956741949042518E-09 -2.42804944984168046E-09
  4.7693223E-05  5.96688053005435797E-03  2.37452551437864819E-06  1.39547771980586137E-08  1.71474492275983208E-09 -2.55496361561882468E-09
  4.8900869E-05  6.25052645161556369E-03  2.48738913031533582E-06  1.46704254334774998E-08  1.80268284981438677E-09 -2.68599080263560174E-09
  5.0116580E-05  6.54217681270544832E-03  2.60343675768005667E-06  1.54089273493883016E-08  1.89342900749753182E-09 -2.82120224291040416E-09
  5.1340410E-05  6.84194346389234952E-03  2.72271284034628421E-06  1.61706778047257122E-08  1.98703191556387565E-09 -2.96067023069651778E-09
  5.2572414E-05  7.14993991206791524E-03  2.84526247944430864E-06  1.69560775418502565E-08  2.08354081671580424E-09 -3.10446813743663317E-09
  5.3812646E-05  7.46628133167023030E-03  2.97113143778107685E-06  1.77655332693482502E-08  2.18300568677783655E-09 -3.25267042692259545E-09
  5.5061161E-05  7.79108457660718408E-03  3.10036614453777910E-06  1.85994577459676164E-08  2.28547724501055388E-09 -3.40535267066310865E-09
  5.6318014E-05  8.12446819284144001E-03  3.23301370022975043E-06  1.94582698657054852E-08  2.39100696456604908E-09 -3.56259156346231885E-09
  5.7583261E-05  8.46655243160261001E-03  3.36912188191500536E-06  2.03423947440625079E-08  2.49964708308675594E-09 -3.72446493921201975E-09
  5.8856959E-05  8.81745926319580167E-03  3.50873914863907799E-06  2.12522638054803813E-08  2.61145061344965225E-09 -3.89105178690047073E-09
  6.0139163E-05  9.17731239137898648E-03  3.65191464710521802E-06  2.21883148719780914E-08  2.72647135465777050E-09 -4.06243226684070978E-09
  6.1429931E-05  9.54623726828451348E-03  3.79869821756004414E-06  2.31509922530034680E-08  2.84476390288104403E-09 -4.23868772712135852E-09
  6.2729319E-05  9.92436110986263595E-03  3.94914039988587505E-06  2.41407468365161458E-08  2.96638366264847104E-09 -4.41990072028289774E-09
  6.4037385E-05  1.03118129118272318E-02  4.10329243989178292E-06  2.51580361813191989E-08  3.09138685819369695E-09 -4.60615502022254414E-09
  6.5354187E-05  1.07087234660858521E-02  4.26120629579624700E-06  2.62033246106558075E-08  3.21983054495606129E-09 -4.79753563933075916E-09
  6.6679784E-05  1.11152253776381094E-02  4.42293464489505159E-06  2.72770833070881753E-08  3.35177262123920009E-09 -4.99412884586251666E-09
  6.8014234E-05  1.15314530819281436E-02  4.58853089040865382E-06  2.83797904086766277E-08  3.48727184002940547E-09 -5.19602218154659593E-09
  6.9357596E-05  1.19575428626381361E-02  4.75804916850386228E-06  2.95119311064756854E-08  3.62638782097582180E-09 -5.40330447943604836E-09
  7.0709930E-05  1.23936328699113998E-02  4.93154435548525436E-06  3.06739977433655142E-08  3.76918106253473304E-09 -5.61606588200310582E-09
  7.2071296E-05  1.28398631389946370E-02  5.10907207515208175E-06  3.18664899142366366E-08  3.91571295428012575E-09 -5.83439785948189006E-09
  7.3441754E-05  1.32963756092901262E-02  5.29068870631702105E-06  3.30899145675463261E-08  4.06604578938281707E-09 -6.05839322846223600E-09
  7.4821365E-05  1.37633141438094197E-02  5.47645139048339583E-06  3.43447861082652222E-08  4.22024277726040002E-09 -6.28814617073807232E-09
  7.6210190E-05  1.42408245490211801E-02  5.66641803967787070E-06  3.56316265022327915E-08  4.37836805640031273E-09 -6.52375225241373353E-09
  7.7608290E-05  1.47290545950866294E-02  5.86064734443596876E-06  3.69509653819411352E-08  4.54048670735841353E-09 -6.76530844327178114E-09
  7.9015728E-05  1.52281540364764458E-02  6.05919878193806196E-06  3.83033401537660580E-08  4.70666476593541305E-09 -7.01291313640582027E-09
  8.0432565E-05  1.57382746329642262E-02  6.26213262429366581E-06  3.96892961066653707E-08  4.87696923653356387E-09 -7.26666616812192260E-09
  8.1858865E-05  1.62595701709916662E-02  6.46950994697222435E-06  4.11093865223638802E-08  5.05146810569606862E-09 -7.52666883811227605E-09
  8.3294690E-05  1.67921964854014782E-02  6.68139263737872322E-06  4.25641727870454900E-08  5.23023035583166235E-09 -7.79302392990475302E-09
  8.4740105E-05  1.73363114815345276E-02  6.89784340357267416E-06  4.40542245045729711E-08  5.41332597912690615E-09 -8.06583573159217145E-09
  8.6195174E-05  1.78920751576881060E-02  7.11892578312925614E-06  4.55801196112553079E-08  5.60082599164866289E-09 -8.34521005684490591E-09
  8.7659960E-05  1.84596496279326588E-02  7.34470415214148413E-06  4.71424444921847949E-08  5.79280244763945323E-09 -8.63125426621091407E-09
  8.9134529E-05  1.90391991452848984E-02  7.57524373436253386E-06  4.87417940991636637E-08  5.98932845400811974E-09 -8.92407728870677527E-09
  9.0618946E-05  1.96308901252352196E-02  7.81061061048739247E-06  5.03787720702432751E-08  6.19047818501866449E-09 -9.22378964370396475E-09
  9.2113278E-05  2.02348911696279624E-02  8.05087172757323114E-06  5.20539908508964242E-08  6.39632689717975068E-09 -9.53050346311415533E-09
  9.3617589E-05  2.08513730908935178E-02  8.29609490859797373E-06  5.37680718168454821E-08  6.60695094433765517E-09 -9.84433251387765425E-09
  9.5131947E-05  2.14805089366309696E-02  8.54634886215663865E-06  5.55216453985688934E-08  6.82242779297548433E-09 -1.01653922207591609E-08
  9.6656419E-05  2.21224740145410416E-02  8.80170319229520420E-06  5.73153512075081598E-08  7.04283603772132234E-09 -1.04937996894548338E-08
  9.8191072E-05  2.27774459177086212E-02  9.06222840848173131E-06  5.91498381639989772E-08  7.26825541706825948E-09 -1.08296737300150544E-08
  9.9735974E-05  2.34456045502350018E-02  9.32799593571476331E-06  6.10257646269495520E-08  7.49876682930907867E-09 -1.11731348805870704E-08
  1.0129119E-04  2.41271321532195715E-02  9.59907812476883484E-06  6.29437985252891559E-08  7.73445234868852275E-09 -1.15243054314817406E-08
  1.0285680E-04  2.48222133310915839E-02  9.87554826257725940E-06  6.49046174912123641E-08  7.97539524177614690E-09 -1.18833094495690586E-08
  1.0443287E-04  2.55310350782922552E-02  1.01574805827523972E-05  6.69089089952415223E-08  8.22167998406263306E-09 -1.22502728030065714E-08
  1.0601945E-04  2.62537868063077960E-02  1.04449502762433962E-05  6.89573704831332122E-08  8.47339227678271292E-09 -1.26253231863054370E-08
  1.0761664E-04  2.69906603710544056E-02  1.07380335021319645E-05  7.10507095146532039E-08  8.73061906396761372E-09 -1.30085901457385211E-08
  1.0922449E-04  2.77418501006160521E-02  1.10368073985662829E-05  7.31896439042452162E-08  8.99344854973029916E-09 -1.34002051050952953E-08
  1.1084308E-04  2.85075528233361686E-02  1.13413500938336791E-05  7.53749018636191459E-08  9.26197021578651294E-09 -1.38003013917881128E-08
  1.1247248E-04  2.92879678962645884E-02  1.16517407175722622E-05  7.76072221462846672E-08  9.53627483921489749E-09 -1.42090142633147264E-08
  1.1411277E-04  3.00832972339611544E-02  1.19680594121223348E-05  7.98873541940565382E-08  9.81645451045936729E-09 -1.46264809340817049E-08
  1.1576401E-04  3.08937453376574266E-02  1.22903873440178740E-05  8.22160582855580454E-08  1.01026026515770557E-08 -1.50528406025937949E-08
  1.1742627E-04  3.17195193247782545E-02  1.26188067156188873E-05  8.45941056867504313E-08  1.03948140347351387E-08 -1.54882344790141431E-08
  1.1909964E-04  3.25608289588249569E-02  1.29534007768851551E-05  8.70222788035140216E-08  1.06931848009598682E-08 -1.59328058131001872E-08
  1.2078418E-04  3.34178866796219567E-02  1.32942538372921688E-05  8.95013713363109354E-08  1.09978124791412976E-08 -1.63866999225206556E-08
  1.2247998E-04  3.42909076339288771E-02  1.36414512778899419E-05  9.20321884369556111E-08  1.13087960052970496E-08 -1.68500642215584800E-08
  1.2418710E-04  3.51801097064202012E-02  1.39950795635054920E-05  9.46155468675227793E-08  1.16262357420987551E-08 -1.73230482502051097E-08
  1.2590562E-04  3.60857135510346538E-02  1.43552262550897934E-05  9.72522751614216971E-08  1.19502334986646090E-08 -1.78058037036512706E-08
  1.2763562E-04  3.70079426226965144E-02  1.47219800222100383E-05  9.99432137866646200E-08  1.22808925506216748E-08 -1.82984844621797407E-08
  1.2937717E-04  3.79470232094115123E-02  1.50954306556881400E-05  1.02689215311361370E-07  1.26183176604415625E-08 -1.88012466214654162E-08
  1.3113035E-04  3.89031844647391364E-02  1.54756690803863677E-05  1.05491144571468600E-07  1.29626150980533096E-08 -1.93142485232883717E-08
  1.3289524E-04  3.98766584406446203E-02  1.58627873681409877E-05  1.08349878840823489E-07  1.33138926617369143E-08 -1.98376507866651304E-08
  1.3467192E-04  4.08676801207326287E-02  1.62568787508450140E-05  1.11266308003495550E-07  1.36722596993016528E-08 -2.03716163394042743E-08
  1.3646047E-04  4.18764874538655879E-02  1.66580376336809434E-05  1.14241334728484258E-07  1.40378271295527802E-08 -2.09163104500916821E-08
  1.3826096E-04  4.29033213881693382E-02  1.70663596085045875E-05  1.17275874646797393E-07  1.44107074640506811E-08 -2.14719007605115392E-08
  1.4007347E-04  4.39484259054288562E-02  1.74819414673810658E-05  1.20370856530940282E-07  1.47910148291662292E-08 -2.20385573185088172E-08
  1.4189809E-04  4.50120480558771352E-02  1.79048812162739016E-05  1.23527222476849033E-07  1.51788649884365806E-08 -2.26164526112991490E-08
  1.4373490E-04  4.60944379933795403E-02  1.83352780888885085E-05  1.26745928088300689E-07  1.55743753652252790E-08 -2.32057615992323694E-08
  1.4558397E-04  4.71958490110179069E-02  1.87732325606711106E-05  1.30027942663834762E-07  1.59776650656908908E-08 -2.38066617500155807E-08
  1.4744540E-04  4.83165375770757341E-02  1.92188463629641538E-05  1.33374249386218083E-07  1.63888549020682266E-08 -2.44193330734021667E-08
  1.4931925E-04  4.94567633714290480E-02  1.96722224973195703E-05  1.36785845514489227E-07  1.68080674162665521E-08 -2.50439581563528777E-08
  1.5120562E-04  5.06167893223453264E-02  2.01334652499708785E-05  1.40263742578616129E-07  1.72354269037888683E-08 -2.56807221986755061E-08
  1.5310459E-04  5.17968816436938789E-02  2.06026802064655180E-05  1.43808966576802911E-07  1.76710594379767079E-08 -2.63298130491494919E-08
  1.5501624E-04  5.29973098725710703E-02  2.10799742664584763E-05  1.47422558175481371E-07  1.81150928945848773E-08 -2.69914212421421442E-08
  1.5694066E-04  5.42183469073436244E-02  2.15654556586686007E-05  1.51105572912022992E-07  1.85676569766904319E-08 -2.76657400347228923E-08
  1.5887793E-04  5.54602690461130921E-02  2.20592339559987019E-05  1.54859081400209224E-07  1.90288832399406379E-08 -2.83529654442826159E-08
  1.6082813E-04  5.67233560256056382E-02  2.25614200908209684E-05  1.58684169538496059E-07  1.94989051181442590E-08 -2.90532962866645075E-08
  1.6279137E-04  5.80078910604897233E-02  2.30721263704286193E-05  1.62581938721111818E-07  1.99778579492110141E-08 -2.97669342148137030E-08
  1.6476771E-04  5.93141608831258479E-02  2.35914664926555512E-05  1.66553506052025430E-07  2.04658790014436987E-08 -3.04940837579524956E-08
  1.6675726E-04  6.06424557837515338E-02  2.41195555616649441E-05  1.70600004561824321E-07  2.09631075001878958E-08 -3.12349523612881453E-08
  1.6876009E-04  6.19930696511052717E-02  2.46565101039083582E-05  1.74722583427541672E-07  2.14696846548441079E-08 -3.19897504262608375E-08
  1.7077630E-04  6.33663000134933180E-02  2.52024480842565822E-05  1.78922408195471266E-07  2.19857536862469527E-08 -3.27586913513385924E-08
  1.7280597E-04  6.47624480803021263E-02  2.57574889223037533E-05  1.83200661007013474E-07  2.25114598544168309E-08 -3.35419915733670152E-08
  1.7484920E-04  6.61818187839615102E-02  2.63217535088459128E-05  1.87558540827588238E-07  2.30469504866885169E-08 -3.43398706094807705E-08
  1.7690607E-04  6.76247208223608454E-02  2.68953642225356112E-05  1.91997263678662249E-07  2.35923750062223247E-08 -3.51525510995850842E-08
  1.7897668E-04  6.90914667017231698E-02  2.74784449467138188E-05  1.96518062872928015E-07  2.41478849609026817E-08 -3.59802588494143917E-08
  1.8106113E-04  7.05823727799404638E-02  2.80711210864206273E-05  2.01122189252677965E-07  2.47136340526292122E-08 -3.68232228741759555E-08
  1.8315949E-04  7.20977593103738212E-02  2.86735195855861563E-05  2.05810911431420334E-07  2.52897781670062524E-08 -3.76816754427870011E-08
  1.8527186E-04  7.36379504861232603E-02  2.92857689444032258E-05  2.10585516038774728E-07  2.58764754034352634E-08 -3.85558521227122873E-08
  1.8739835E-04  7.52032744847697804E-02  2.99079992368830022E-05  2.15447307968696854E-07  2.64738861056164251E-08 -3.94459918254113014E-08
  1.8953903E-04  7.67940635135945238E-02  3.05403421285953269E-05  2.20397610631074010E-07  2.70821728924643890E-08 -4.03523368524025315E-08
  1.9169402E-04  7.84106538552793719E-02  3.11829308945950378E-05  2.25437766206738384E-07  2.77015006894440109E-08 -4.12751329419534906E-08
  1.9386339E-04  8.00533859140913767E-02  3.18359004375359374E-05  2.30569135905943736E-07  2.83320367603316309E-08 -4.22146293164049309E-08
  1.9604726E-04  8.17226042625570082E-02  3.24993873059737051E-05  2.35793100230353116E-07  2.89739507394078417E-08 -4.31710787301377435E-08
  1.9824571E-04  8.34186576886288278E-02  3.31735297128594347E-05  2.41111059238581861E-07  2.96274146640870597E-08 -4.41447375181909755E-08
  2.0045884E-04  8.51418992433495836E-02  3.38584675542251678E-05  2.46524432815349412E-07  3.02926030079906321E-08 -4.51358656455404599E-08
  2.0268675E-04  8.68926862890170709E-02  3.45543424280630386E-05  2.52034660944282419E-07  3.09696927144685321E-08 -4.61447267570458537E-08
  2.0492954E-04  8.86713805478547973E-02  3.52612976533996087E-05  2.57643203984423592E-07  3.16588632305764156E-08 -4.71715882280765266E-08
  2.0718731E-04  9.04783481511916149E-02  3.59794782895666662E-05  2.63351542950492007E-07  3.23602965415137102E-08 -4.82167212158237448E-08
  2.0946016E-04  9.23139596891556363E-02  3.67090311556704816E-05  2.69161179796948999E-07  3.30741772055292846E-08 -4.92804007113102148E-08
  2.1174819E-04  9.41785902608853753E-02  3.74501048502605494E-05  2.75073637705918686E-07  3.38006923893007569E-08 -5.03629055921047683E-08
  2.1405150E-04  9.60726195252636916E-02  3.82028497711997683E-05  2.81090461379015919E-07  3.45400319037940579E-08 -5.14645186757531145E-08
  2.1637019E-04  9.79964317521776762E-02  3.89674181357375430E-05  2.87213217333134576E-07  3.52923882406094369E-08 -5.25855267739329447E-08
  2.1870437E-04  9.99504158743093618E-02  3.97439640007872383E-05  2.93443494200248946E-07  3.60579566088207501E-08 -5.37262207473445062E-08
  2.2105414E-04  1.01934965539461617E-01  4.05326432834096379E-05  2.99782903031282671E-07  3.68369349723145396E-08 -5.48868955613452414E-08
  2.2341960E-04  1.03950479163423024E-01  4.13336137815040278E-05  3.06233077604100882E-07  3.76295240876357631E-08 -5.60678503423399475E-08
  2.2580086E-04  1.05997359983376643E-01  4.21470351947085856E-05  3.12795674735678898E-07  3.84359275423466273E-08 -5.72693884349351125E-08
  2.2819802E-04  1.08076016111856937E-01  4.29730691455113144E-05  3.19472374598506093E-07  3.92563517939060220E-08 -5.84918174598690530E-08
  2.3061120E-04  1.10186860591258748E-01  4.38118792005735418E-05  3.26264881041282145E-07  4.00910062090762857E-08 -5.97354493727275967E-08
  2.3304049E-04  1.12330311448903389E-01  4.46636308922673586E-05  3.33174921913960166E-07  4.09401031038640446E-08 -6.10006005234557698E-08
  2.3548600E-04  1.14506791752665898E-01  4.55284917404284620E-05  3.40204249397199474E-07  4.18038577840031402E-08 -6.22875917166771247E-08
  2.3794785E-04  1.16716729667167896E-01  4.64066312743264620E-05  3.47354640336285997E-07  4.26824885859861955E-08 -6.35967482728304863E-08
  2.4042613E-04  1.18960558510540645E-01  4.72982210548537161E-05  3.54627896579578308E-07  4.35762169186527017E-08 -6.49284000901356802E-08
  2.4292097E-04  1.21238716811762695E-01  4.82034346969349478E-05  3.62025845321543906E-07  4.44852673053406537E-08 -6.62828817073996094E-08
  2.4543248E-04  1.23551648368576475E-01  4.91224478921582051E-05  3.69550339450446492E-07  4.54098674266101969E-08 -6.76605323676738108E-08
  2.4796075E-04  1.25899802305988628E-01  5.00554384316302488E-05  3.77203257900742008E-07  4.63502481635455395E-08 -6.90616960827742523E-08
  2.5050591E-04  1.28283633135358094E-01  5.10025862290566827E-05  3.84986506010258508E-07  4.73066436416447986E-08 -7.04867216986766699E-08
  2.5306807E-04  1.30703600814077309E-01  5.19640733440489866E-05  3.92902015882209519E-07  4.82792912753038150E-08 -7.19359629617973594E-08
  2.5564734E-04  1.33160170805849604E-01  5.29400840056604174E-05  4.00951746752119075E-07  4.92684318129034652E-08 -7.34097785861728546E-08
  2.5824384E-04  1.35653814141569601E-01  5.39308046361514502E-05  4.09137685359716089E-07  5.02743093825077109E-08 -7.49085323215495579E-08
  2.6085768E-04  1.38185007480808114E-01  5.49364238749875156E-05  4.17461846325869728E-07  5.12971715381807705E-08 -7.64325930223963051E-08
  2.6348897E-04  1.40754233173909227E-01  5.59571326030695971E-05  4.25926272534630606E-07  5.23372693069321860E-08 -7.79823347178518436E-08
  2.6613784E-04  1.43361979324701627E-01  5.69931239672001879E-05  4.34533035520448395E-07  5.33948572362974828E-08 -7.95581366826199153E-08
  2.6880440E-04  1.46008739853830810E-01  5.80445934047857129E-05  4.43284235860637454E-07  5.44701934425640106E-08 -8.11603835088251386E-08
  2.7148877E-04  1.48695014562714611E-01  5.91117386687769328E-05  4.52182003573155144E-07  5.55635396596494028E-08 -8.27894651788418156E-08
  2.7419106E-04  1.51421309198128490E-01  6.01947598528494306E-05  4.61228498519770451E-07  5.66751612886425882E-08 -8.44457771391095963E-08
  2.7691141E-04  1.54188135517424357E-01  6.12938594168255848E-05  4.70425910814693968E-07  5.78053274480157391E-08 -8.61297203749486974E-08
  2.7964992E-04  1.56996011354387066E-01  6.24092422123392475E-05  4.79776461238740470E-07  5.89543110245160348E-08 -8.78417014863885801E-08
  2.8240672E-04  1.59845460685734408E-01  6.35411155087453166E-05  4.89282401659100714E-07  6.01223887247469250E-08 -8.95821327650233398E-08
  2.8518193E-04  1.62737013698263988E-01  6.46896890192755035E-05  4.98946015454798725E-07  6.13098411274476775E-08 -9.13514322719078734E-08
  2.8797568E-04  1.65671206856651626E-01  6.58551749274418474E-05  5.08769617947909392E-07  6.25169527364810272E-08 -9.31500239165092773E-08
  2.9078809E-04  1.68648582971907879E-01  6.70377879136899152E-05  5.18755556840613331E-07  6.37440120345378962E-08 -9.49783375367262090E-08
  2.9361927E-04  1.71669691270493474E-01  6.82377451823025461E-05  5.28906212658170871E-07  6.49913115375697174E-08 -9.68368089799926756E-08
  2.9646937E-04  1.74735087464102046E-01  6.94552664885565279E-05  5.39223999197892501E-07  6.62591478499572376E-08 -9.87258801854792066E-08
  2.9933850E-04  1.77845333820112972E-01  7.06905741661337483E-05  5.49711363984185619E-07  6.75478217204262738E-08 -1.00645999267406776E-07
  3.0222680E-04  1.81000999232717785E-01  7.19438931547870260E-05  5.60370788729762911E-07  6.88576380987204896E-08 -1.02597620599488721E-07
  3.0513438E-04  1.84202659294728344E-01  7.32154510282644017E-05  5.71204789803091777E-07  7.01889061930410161E-08 -1.04581204900515548E-07
  3.0806139E-04  1.87450896370066011E-01  7.45054780224917266E-05  5.82215918702169929E-07  7.15419395282636351E-08 -1.06597219321097682E-07
  3.1100794E-04  1.90746299666942148E-01  7.58142070640153645E-05  5.93406762534714295E-07  7.29170560049436102E-08 -1.08646137531582604E-07
  3.1397417E-04  1.94089465311729603E-01  7.71418737987072988E-05  6.04779944504848897E-07  7.43145779591195614E-08 -1.10728439811161659E-07
  3.1696021E-04  1.97480996423533367E-01  7.84887166207336179E-05  6.16338124406372258E-07  7.57348322229257001E-08 -1.12844613138182084E-07
  3.1996619E-04  2.00921503189461587E-01  7.98549767017872896E-05  6.28083999122707808E-07  7.71781501860249717E-08 -1.14995151281681770E-07
  3.2299225E-04  2.04411602940605092E-01  8.12408980205884618E-05  6.40020303133611689E-07  7.86448678578729385E-08 -1.17180554894161972E-07
  3.2603852E-04  2.07951920228726578E-01  8.26467273926515992E-05  6.52149809028739744E-07  8.01353259308242492E-08 -1.19401331605615118E-07
  3.2910514E-04  2.11543086903665634E-01  8.40727145003228435E-05  6.64475328028159741E-07  8.16498698440927581E-08 -1.21657996118825198E-07
  3.3219223E-04  2.15185742191464330E-01  8.55191119230876249E-05  6.76999710509904776E-07  8.31888498485765717E-08 -1.23951070305956359E-07
  3.3529994E-04  2.18880532773216729E-01  8.69861751681510586E-05  6.89725846544666103E-07  8.47526210725607131E-08 -1.26281083306449004E-07
  3.3842841E-04  2.22628112864647315E-01  8.84741627012917774E-05  7.02656666437711154E-07  8.63415435883072527E-08 -1.28648571626238968E-07
  3.4157777E-04  2.26429144296422219E-01  8.99833359779908667E-05  7.15795141278138244E-07  8.79559824795472112E-08 -1.31054079238319548E-07
  3.4474817E-04  2.30284296595199334E-01  9.15139594748377318E-05  7.29144283495554245E-07  8.95963079098847166E-08 -1.33498157684663014E-07
  3.4793974E-04  2.34194247065418581E-01  9.30663007212135081E-05  7.42707147424281012E-07  9.12628951921259100E-08 -1.35981366179520040E-07
  3.5115262E-04  2.38159680871839891E-01  9.46406303312538421E-05  7.56486829875195156E-07  9.29561248585458871E-08 -1.38504271714117078E-07
  3.5438696E-04  2.42181291122830572E-01  9.62372220360924001E-05  7.70486470715292873E-07  9.46763827321054023E-08 -1.41067449162768329E-07
  3.5764291E-04  2.46259778954407954E-01  9.78563527163865270E-05  7.84709253455097019E-07  9.64240599986306617E-08 -1.43671481390422672E-07
  3.6092060E-04  2.50395853615041242E-01  9.94983024351256916E-05  7.99158405844002265E-07  9.81995532799686873E-08 -1.46316959361664920E-07
  3.6422018E-04  2.54590232551215712E-01  1.01163354470724996E-04  8.13837200473671936E-07  1.00003264708132028E-07 -1.49004482251190774E-07
  3.6754179E-04  2.58843641493764653E-01  1.02851795350404022E-04  8.28748955389586478E-07  1.01835602000445445E-07 -1.51734657555773841E-07
  3.7088559E-04  2.63156814544972806E-01  1.04563914883853282E-04  8.43897034710864163E-07  1.03696978535708785E-07 -1.54508101207748428E-07
  3.7425172E-04  2.67530494266454866E-01  1.06300006197188415E-04  8.59284849258455232E-07  1.05587813431388747E-07 -1.57325437690024152E-07
  3.7764034E-04  2.71965431767812960E-01  1.08060365767194356E-04  8.74915857191831266E-07  1.07508531621854631E-07 -1.60187300152656308E-07
  3.8105158E-04  2.76462386796079429E-01  1.09845293455859510E-04  8.90793564654272980E-07  1.09459563937670785E-07 -1.63094330530990976E-07
  3.8448561E-04  2.81022127825944656E-01  1.11655092545202324E-04  9.06921526426886077E-07  1.11441347185961332E-07 -1.66047179665407608E-07
  3.8794257E-04  2.85645432150776535E-01  1.13490069772390339E-04  9.23303346591448462E-07  1.13454324231860382E-07 -1.69046507422678576E-07
  3.9142262E-04  2.90333085974437022E-01  1.15350535365153290E-04  9.39942679202219814E-07  1.15498944081062803E-07 -1.72092982818969917E-07
  3.9492591E-04  2.95085884503894502E-01  1.17236803077491267E-04  9.56843228966824787E-07  1.17575661963491277E-07 -1.75187284144503043E-07
  3.9845260E-04  2.99904632042640729E-01  1.19149190225678831E-04  9.74008751936336683E-07  1.19684939418092385E-07 -1.78330099089901163E-07
  4.0200284E-04  3.04790142084913340E-01  1.21088017724566189E-04  9.91443056204688752E-07  1.21827244378779881E-07 -1.81522124874243274E-07
  4.0557679E-04  3.09743237410727790E-01  1.23053610124178070E-04  1.00915000261752547E-06  1.24003051261537835E-07 -1.84764068374846709E-07
  4.0917462E-04  3.14764750181723008E-01  1.25046295646612113E-04  1.02713350549064105E-06  1.26212841052701436E-07 -1.88056646258804816E-07
  4.1279647E-04  3.19855522037824191E-01  1.27066406223236208E-04  1.04539753333811186E-06  1.28457101398429256E-07 -1.91400585116299911E-07
  4.1644251E-04  3.25016404194723663E-01  1.29114277532187171E-04  1.06394610961027111E-06  1.30736326695384885E-07 -1.94796621595717129E-07
  4.2011290E-04  3.30248257542188950E-01  1.31190249036170235E-04  1.08278331344165289E-06  1.33051018182643654E-07 -1.98245502540585037E-07
  4.2380780E-04  3.35551952743193715E-01  1.33294664020561004E-04  1.10191328040902976E-06  1.35401684034839473E-07 -2.01747985128363197E-07
  4.2752738E-04  3.40928370333881237E-01  1.35427869631810712E-04  1.12134020329969614E-06  1.37788839456570917E-07 -2.05304837011105676E-07
  4.3127180E-04  3.46378400824359833E-01  1.37590216916153919E-04  1.14106833289012223E-06  1.40213006778081377E-07 -2.08916836458024177E-07
  4.3504123E-04  3.51902944800334461E-01  1.39782060858621607E-04  1.16110197873512842E-06  1.42674715552232153E-07 -2.12584772499975796E-07
  4.3883584E-04  3.57502913025576963E-01  1.42003760422359062E-04  1.18144550996770851E-06  1.45174502652784067E-07 -2.16309445075902392E-07
  4.4265578E-04  3.63179226545239653E-01  1.44255678588247883E-04  1.20210335610965921E-06  1.47712912374006755E-07 -2.20091665181246349E-07
  4.4650124E-04  3.68932816790010443E-01  1.46538182394835359E-04  1.22308000789315515E-06  1.50290496531633060E-07 -2.23932255018372113E-07
  4.5037238E-04  3.74764625681119568E-01  1.48851642978569450E-04  1.24438001809340914E-06  1.52907814565175689E-07 -2.27832048149016191E-07
  4.5426938E-04  3.80675605736191136E-01  1.51196435614340478E-04  1.26600800237258062E-06  1.55565433641625829E-07 -2.31791889648797204E-07
  4.5819240E-04  3.86666720175951273E-01  1.53572939756330167E-04  1.28796864013507735E-06  1.58263928760551992E-07 -2.35812636263811401E-07
  4.6214162E-04  3.92738943031788357E-01  1.55981539079168264E-04  1.31026667539439792E-06  1.61003882860616787E-07 -2.39895156569341535E-07
  4.6611722E-04  3.98893259254170629E-01  1.58422621519395678E-04  1.33290691765167981E-06  1.63785886927531933E-07 -2.44040331130708503E-07
  4.7011937E-04  4.05130664821923669E-01  1.60896579317237139E-04  1.35589424278610278E-06  1.66610540103470853E-07 -2.48249052666294240E-07
  4.7414825E-04  4.11452166852367962E-01  1.63403809058680546E-04  1.37923359395731818E-06  1.69478449797957597E-07 -2.52522226212765269E-07
  4.7820404E-04  4.17858783712319992E-01  1.65944711717864367E-04  1.40292998252004294E-06  1.72390231800252259E-07 -2.56860769292525021E-07
  4.8228691E-04  4.24351545129957264E-01  1.68519692699774199E-04  1.42698848895101812E-06  1.75346510393253930E-07 -2.61265612083428325E-07
  4.8639705E-04  4.30931492307551567E-01  1.71129161883245721E-04  1.45141426378845782E-06  1.78347918468940306E-07 -2.65737697590783835E-07
  4.9053464E-04  4.37599678035068329E-01  1.73773533664276701E-04  1.47621252858418684E-06  1.81395097645364751E-07 -2.70277981821678701E-07
  4.9469987E-04  4.44357166804635662E-01  1.76453226999645859E-04  1.50138857686861937E-06  1.84488698385232829E-07 -2.74887433961656252E-07
  4.9889291E-04  4.51205034925885873E-01  1.79168665450839915E-04  1.52694777512877201E-06  1.87629380116079163E-07 -2.79567036553776644E-07
  5.0311396E-04  4.58144370642166066E-01  1.81920277228286951E-04  1.55289556379945880E-06  1.90817811352064888E-07 -2.84317785680094671E-07
  5.0736320E-04  4.65176274247623645E-01  1.84708495235896651E-04  1.57923745826785849E-06  1.94054669817418336E-07 -2.89140691145583707E-07
  5.1164081E-04  4.72301858205163849E-01  1.87533757115906897E-04  1.60597904989166108E-06  1.97340642571543573E-07 -2.94036776664545584E-07
  5.1594700E-04  4.79522247265283807E-01  1.90396505294035900E-04  1.63312600703091086E-06  2.00676426135812601E-07 -2.99007080049529958E-07
  5.2028194E-04  4.86838578585778448E-01  1.93297187024939605E-04  1.66068407609380327E-06  2.04062726622072886E-07 -3.04052653402807009E-07
  5.2464584E-04  4.94252001852324041E-01  1.96236254437972423E-04  1.68865908259657212E-06  2.07500259862883778E-07 -3.09174563310419778E-07
  5.2903888E-04  5.01763679399936380E-01  1.99214164583252728E-04  1.71705693223768008E-06  2.10989751543513840E-07 -3.14373891038856374E-07
  5.3346126E-04  5.09374786335303642E-01  2.02231379478030036E-04  1.74588361198649061E-06  2.14531937335715409E-07 -3.19651732734372711E-07
  5.3791318E-04  5.17086510659997112E-01  2.05288366153354249E-04  1.77514519118664359E-06  2.18127563033306245E-07 -3.25009199625007377E-07
  5.4239483E-04  5.24900053394552035E-01  2.08385596701045079E-04  1.80484782267428662E-06  2.21777384689577547E-07 -3.30447418225316536E-07
  5.4690641E-04  5.32816628703428274E-01  2.11523548320961553E-04  1.83499774391140975E-06  2.25482168756556972E-07 -3.35967530543874664E-07
  5.5144812E-04  5.40837464020841874E-01  2.14702703368569136E-04  1.86560127813445818E-06  2.29242692226149146E-07 -3.41570694293570433E-07
  5.5602017E-04  5.48963800177470818E-01  2.17923549402803898E-04  1.89666483551842229E-06  2.33059742773179100E-07 -3.47258083104739894E-07
  5.6062275E-04  5.57196891528030092E-01  2.21186579234231874E-04  1.92819491435664788E-06  2.36934118900365160E-07 -3.53030886741173380E-07
  5.6525606E-04  5.65538006079720268E-01  2.24492290973502987E-04  1.96019810225654297E-06  2.40866630085247583E-07 -3.58890311319037206E-07
  5.6992033E-04  5.73988425621544174E-01  2.27841188080096340E-04  1.99268107735140418E-06  2.44858096929096846E-07 -3.64837579528743518E-07
  5.7461574E-04  5.82549445854489645E-01  2.31233779411355999E-04  2.02565060952859834E-06  2.48909351307831253E-07 -3.70873930859815681E-07
  5.7934251E-04  5.91222376522579918E-01  2.34670579271816524E-04  2.05911356167428340E-06  2.53021236524967895E-07 -3.77000621828782064E-07
  5.8410085E-04  6.00008541544784113E-01  2.38152107462813760E-04  2.09307689093493310E-06  2.57194607466637781E-07 -3.83218926210146685E-07
  5.8889098E-04  6.08909279147792692E-01  2.41678889332381147E-04  2.12754764999584976E-06  2.61430330758688852E-07 -3.89530135270468613E-07
  5.9371309E-04  6.17925941999645900E-01  2.45251455825427520E-04  2.16253298837692952E-06  2.65729284925908160E-07 -3.95935558005601393E-07
  5.9856740E-04  6.27059897344222295E-01  2.48870343534196147E-04  2.19804015374588221E-06  2.70092360553390384E-07 -4.02436521381128326E-07
  6.0345414E-04  6.36312527136577377E-01  2.52536094749000078E-04  2.23407649324916542E-06  2.74520460450081518E-07 -4.09034370576040029E-07
  6.0837352E-04  6.45685228179129878E-01  2.56249257509233506E-04  2.27064945486085139E-06  2.79014499814527022E-07 -4.15730469229695997E-07
  6.1332574E-04  6.55179412258694582E-01  2.60010385654654993E-04  2.30776658874968057E-06  2.83575406402854654E-07 -4.22526199692115798E-07
  6.1831105E-04  6.64796506284357935E-01  2.63820038876939921E-04  2.34543554866454077E-06  2.88204120699020997E-07 -4.29422963277643045E-07
  6.2332965E-04  6.74537952426186749E-01  2.67678782771501081E-04  2.38366409333861224E-06  2.92901596087352603E-07 -4.36422180522028265E-07
  6.2838176E-04  6.84405208254772024E-01  2.71587188889569893E-04  2.42246008791245973E-06  2.97668799027413774E-07 -4.43525291442978875E-07
  6.3346762E-04  6.94399746881600999E-01  2.75545834790540329E-04  2.46183150537627080E-06  3.02506709231229248E-07 -4.50733755804217367E-07
  6.3858744E-04  7.04523057100250427E-01  2.79555304094569474E-04  2.50178642803156238E-06  3.07416319842896380E-07 -4.58049053383099775E-07
  6.4374146E-04  7.14776643528397870E-01  2.83616186535429345E-04  2.54233304897256346E-06  3.12398637620618391E-07 -4.65472684241840923E-07
  6.4892990E-04  7.25162026750645117E-01  2.87729078013610623E-04  2.58347967358757932E-06  3.17454683121189313E-07 -4.73006169002394719E-07
  6.5415299E-04  7.35680743462146625E-01  2.91894580649671093E-04  2.62523472108057055E-06  3.22585490886966663E-07 -4.80651049125037415E-07
  6.5941096E-04  7.46334346613037547E-01  2.96113302837826243E-04  2.66760672601323841E-06  3.27792109635360710E-07 -4.88408887190705554E-07
  6.6470405E-04  7.57124405553655455E-01  3.00385859299776860E-04  2.71060433986790395E-06  3.33075602450881087E-07 -4.96281267187137779E-07
  6.7003249E-04  7.68052506180546879E-01  3.04712871138771097E-04  2.75423633263142485E-06  3.38437046979767440E-07 -5.04269794798873296E-07
  6.7539652E-04  7.79120251083252779E-01  3.09094965893894915E-04  2.79851159440046097E-06  3.43877535627243288E-07 -5.12376097701154884E-07
  6.8079637E-04  7.90329259691864627E-01  3.13532777594586153E-04  2.84343913700837096E-06  3.49398175757429662E-07 -5.20601825857794599E-07
  6.8623228E-04  8.01681168425344426E-01  3.18026946815368628E-04  2.88902809567402324E-06  3.55000089895948565E-07 -5.28948651823050598E-07
  6.9170450E-04  8.13177630840596466E-01  3.22578120730800859E-04  2.93528773067282309E-06  3.60684415935259369E-07 -5.37418271047571414E-07
  6.9721327E-04  8.24820317782287926E-01  3.27186953170633440E-04  2.98222742903024276E-06  3.66452307342758241E-07 -5.46012402188461795E-07
  7.0275883E-04  8.36610917533404885E-01  3.31854104675170195E-04  3.02985670623817493E-06  3.72304933371683635E-07 -5.54732787423524193E-07
  7.0834142E-04  8.48551135966533421E-01  3.36580242550828766E-04  3.07818520799439830E-06  3.78243479274860284E-07 -5.63581192769735742E-07
  7.1396130E-04  8.60642696695861242E-01  3.41366040925892081E-04  3.12722271196548903E-06  3.84269146521325868E-07 -5.72559408406013659E-07
  7.1961871E-04  8.72887341229882319E-01  3.46212180806447869E-04  3.17697912957344324E-06  3.90383153015870097E-07 -5.81669249000324647E-07
  7.2531391E-04  8.85286829124800834E-01  3.51119350132507565E-04  3.22746450780641148E-06  3.96586733321537876E-07 -5.90912554041209571E-07
  7.3104714E-04  8.97842938138615487E-01  3.56088243834299766E-04  3.27868903105378084E-06  4.02881138885122077E-07 -6.00291188173760979E-07
  7.3681866E-04  9.10557464385881588E-01  3.61119563888731359E-04  3.33066302296600005E-06  4.09267638265699538E-07 -6.09807041540137127E-07
  7.4262873E-04  9.23432222493130950E-01  3.66214019376008787E-04  3.38339694833942772E-06  4.15747517366239781E-07 -6.19462030124653890E-07
  7.4847760E-04  9.36469045754941054E-01  3.71372326536414249E-04  3.43690141502658521E-06  4.22322079668337434E-07 -6.29258096103526365E-07
  7.5436553E-04  9.49669786290639251E-01  3.76595208827225933E-04  3.49118717587213423E-06  4.28992646470102910E-07 -6.39197208199325265E-07
  7.6029279E-04  9.63036315201628579E-01  3.81883396979780716E-04  3.54626513067489867E-06  4.35760557127257053E-07 -6.49281362040196920E-07
  7.6625964E-04  9.76570522729323764E-01  3.87237629056665339E-04  3.60214632817634518E-06  4.42627169297473512E-07 -6.59512580523929261E-07
  7.7226633E-04  9.90274318413674970E-01  3.92658650509032485E-04  3.65884196807580882E-06  4.49593859188009776E-07 -6.69892914186915668E-07
  7.7831314E-04  1.00414963125227996E+00  3.98147214234031402E-04  3.71636340307287238E-06  4.56662021806674726E-07 -6.80424441578088357E-07
  7.8440033E-04  1.01819840986004562E+00  4.03704080632346566E-04  3.77472214093723338E-06  4.63833071216172881E-07 -6.91109269637885684E-07
  7.9052818E-04  1.03242262262941065E+00  4.09330017665832297E-04  3.83392984660645939E-06  4.71108440791875955E-07 -7.01949534082324204E-07
  7.9669696E-04  1.04682425789108735E+00  4.15025800915239367E-04  3.89399834431195825E-06  4.78489583483062110E-07 -7.12947399792236986E-07
  8.0290693E-04  1.06140532407532162E+00  4.20792213638019621E-04  3.95493961973359646E-06  4.85977972077675479E-07 -7.24105061207759203E-07
  8.0915838E-04  1.07616784987365088E+00  4.26630046826201662E-04  4.01676582218332263E-06  4.93575099470648470E-07 -7.35424742728120056E-07
  8.1545158E-04  1.09111388440113477E+00  4.32540099264329208E-04  4.07948926681816384E-06  5.01282478935836029E-07 -7.46908699116814739E-07
  8.2178681E-04  1.10624549735904787E+00  4.38523177587447368E-04  4.14312243688305117E-06  5.09101644401610991E-07 -7.58559215912239127E-07
  8.2816435E-04  1.12156477919800790E+00  4.44580096339132285E-04  4.20767798598380637E-06  5.17034150730172349E-07 -7.70378609843842892E-07
  8.3458448E-04  1.13707384128152911E+00  4.50711678029548917E-04  4.27316874039074616E-06  5.25081574000608308E-07 -7.82369229253891448E-07
  8.4104749E-04  1.15277481604996734E+00  4.56918753193529090E-04  4.33960770137327705E-06  5.33245511795773222E-07 -7.94533454524901650E-07
  8.4755367E-04  1.16866985718485172E+00  4.63202160448657305E-04  4.40700804756594292E-06  5.41527583493027306E-07 -8.06873698512831379E-07
  8.5410329E-04  1.18476113977355957E+00  4.69562746553353670E-04  4.47538313736629060E-06  5.49929430558885413E-07 -8.19392406986103819E-07
  8.6069666E-04  1.20105086047433685E+00  4.76001366464940681E-04  4.54474651136502009E-06  5.58452716847634056E-07 -8.32092059070532367E-07
  8.6733407E-04  1.21754123768162215E+00  4.82518883397682835E-04  4.61511189480886080E-06  5.67099128903970557E-07 -8.44975167700243492E-07
  8.7401580E-04  1.23423451169165510E+00  4.89116168880788095E-04  4.68649320009656159E-06  5.75870376269709129E-07 -8.58044280074661177E-07
  8.8074216E-04  1.25113294486835369E+00  4.95794102816354745E-04  4.75890452930851491E-06  5.84768191794622589E-07 -8.71301978121647803E-07
  8.8751344E-04  1.26823882180942049E+00  5.02553573537255108E-04  4.83236017677039262E-06  5.93794331951460158E-07 -8.84750878966874120E-07
  8.9432995E-04  1.28555444951266318E+00  5.09395477864936909E-04  4.90687463165127809E-06  6.02950577155208370E-07 -8.98393635409502145E-07
  9.0119198E-04  1.30308215754249823E+00  5.16320721167137092E-04  4.98246258059681469E-06  6.12238732086650982E-07 -9.12232936404282122E-07
  9.0809984E-04  1.32082429819661340E+00  5.23330217415482989E-04  5.05913891039771446E-06  6.21660626020276927E-07 -9.26271507550122180E-07
  9.1505383E-04  1.33878324667275295E+00  5.30424889242977799E-04  5.13691871069424705E-06  6.31218113156606275E-07 -9.40512111585244422E-07
  9.2205427E-04  1.35696140123560838E+00  5.37605668001346431E-04  5.21581727671705965E-06  6.40913072958984934E-07 -9.54957548888993817E-07
  9.2910146E-04  1.37536118338377400E+00  5.44873493818230311E-04  5.29585011206493086E-06  6.50747410494914471E-07 -9.69610657990409380E-07
  9.3619571E-04  1.39398503801674800E+00  5.52229315654217609E-04  5.37703293151987119E-06  6.60723056781972424E-07 -9.84474316083632711E-07
  9.4333735E-04  1.41283543360193375E+00  5.59674091359689259E-04  5.45938166390009094E-06  6.70841969138384629E-07 -9.99551439550247696E-07
  9.5052668E-04  1.43191486234162513E+00  5.67208787731463969E-04  5.54291245495139882E-06  6.81106131538323356E-07 -1.01484498448865916E-06
  9.5776403E-04  1.45122584033992763E+00  5.74834380569231381E-04  5.62764167027744128E-06  6.91517554971973916E-07 -1.03035794725058277E-06
  9.6504971E-04  1.47077090776959540E+00  5.82551854731749624E-04  5.71358589830944751E-06  7.02078277810457847E-07 -1.04609336498476251E-06
  9.7238405E-04  1.49055262903873875E+00  5.90362204192791456E-04  5.80076195331582212E-06  7.12790366175653110E-07 -1.06205431618799160E-06
  9.7976738E-04  1.51057359295737181E+00  5.98266432096824325E-04  5.88918687845234558E-06  7.23655914315004999E-07 -1.07824392126356244E-06
  9.8720001E-04  1.53083641290376482E+00  6.06265550814401506E-04  5.97887794885330321E-06  7.34677044981362826E-07 -1.09466534308721013E-06
  9.9468229E-04  1.55134372699055900E+00  6.14360581997248131E-04  6.06985267476428816E-06  7.45855909817941143E-07 -1.11132178758069085E-06
  1.0022145E-03  1.57209819823061303E+00  6.22552556633022727E-04  6.16212880471707748E-06  7.57194689748450311E-07 -1.12821650429305603E-06
  1.0097971E-03  1.59310251470253150E+00  6.30842515099730937E-04  6.25572432874723578E-06  7.68695595372476018E-07 -1.14535278698975558E-06
  1.0174303E-03  1.61435938971584969E+00  6.39231507219778852E-04  6.35065748165507014E-06  7.80360867366187381E-07 -1.16273397424967281E-06
  1.0251145E-03  1.63587156197581973E+00  6.47720592313636681E-04  6.44694674631031138E-06  7.92192776888418090E-07 -1.18036345007017111E-06
  1.0328499E-03  1.65764179574776094E+00  6.56310839253097908E-04  6.54461085700140256E-06  8.04193625992227018E-07 -1.19824464448029899E-06
  1.0406371E-03  1.67967288102093737E+00  6.65003326514109427E-04  6.64366880282969475E-06  8.16365748041983484E-07 -1.21638103416222813E-06
  1.0484763E-03  1.70196763367190806E+00  6.73799142229149130E-04  6.74413983114943663E-06  8.28711508136066980E-07 -1.23477614308106252E-06
  1.0563678E-03  1.72452889562731548E+00  6.82699384239135020E-04  6.84604345105388013E-06  8.41233303535250271E-07 -1.25343354312310349E-06
  1.0643120E-03  1.74735953502605690E+00  6.91705160144832974E-04  6.94939943690841910E-06  8.53933564096848882E-07 -1.27235685474271625E-06
  1.0723093E-03  1.77046244638079386E+00  7.00817587357748764E-04  7.05422783193116788E-06  8.66814752714705381E-07 -1.29154974761788552E-06
  1.0803600E-03  1.79384055073875937E+00  7.10037793150475154E-04  7.16054895182165298E-06  8.79879365765086150E-07 -1.31101594131458226E-06
  1.0884644E-03  1.81749679584179757E+00  7.19366914706468050E-04  7.26838338843845224E-06  8.93129933558594538E-07 -1.33075920596008830E-06
  1.0966230E-03  1.84143415628560758E+00  7.28806099169233834E-04  7.37775201352613473E-06  9.06569020798133195E-07 -1.35078336292534458E-06
  1.1048361E-03  1.86565563367811138E+00  7.38356503690892180E-04  7.48867598249241783E-06  9.20199227043051346E-07 -1.37109228551650434E-06
  1.1131040E-03  1.89016425679692457E+00  7.48019295480097470E-04  7.60117673823607429E-06  9.34023187179517213E-07 -1.39168989967576420E-06
  1.1214272E-03  1.91496308174584806E+00  7.57795651849286264E-04  7.71527601502636092E-06  9.48043571897226261E-07 -1.41258018469163792E-06
  1.1298059E-03  1.94005519211034327E+00  7.67686760261222963E-04  7.83099584243456604E-06  9.62263088172511621E-07 -1.43376717391876687E-06
  1.1382406E-03  1.96544369911192840E+00  7.77693818374821668E-04  7.94835854931842201E-06  9.76684479757954545E-07 -1.45525495550741153E-06
  1.1467316E-03  1.99113174176143892E+00  7.87818034090210064E-04  8.06738676786017297E-06  9.91310527678585312E-07 -1.47704767314276702E-06
  1.1552793E-03  2.01712248701109331E+00  7.98060625593005634E-04  8.18810343765882739E-06  1.00614405073473894E-06 -1.49914952679419424E-06
  1.1638841E-03  2.04341912990529950E+00  8.08422821397779918E-04  8.31053180987753457E-06  1.02118790601169671E-06 -1.52156477347455336E-06
  1.1725464E-03  2.07002489373015219E+00  8.18905860390676762E-04  8.43469545144664176E-06  1.03644498939615495E-06 -1.54429772800971716E-06
  1.1812666E-03  2.09694303016155237E+00  8.29510991871152911E-04  8.56061824932334663E-06  1.05191823609965673E-06 -1.56735276381845965E-06
  1.1900449E-03  2.12417681941187064E+00  8.40239475592810580E-04  8.68832441480856171E-06  1.06761062118905780E-06 -1.59073431370281175E-06
  1.1988819E-03  2.15172957037512314E+00  8.51092581803291216E-04  8.81783848792181245E-06  1.08352516012411138E-06 -1.61444687064904210E-06
  1.2077780E-03  2.17960462077055350E+00  8.62071591283195210E-04  8.94918534183502105E-06  1.09966490930230194E-06 -1.63849498863942273E-06
  1.2167334E-03  2.20780533728458384E+00  8.73177795383994065E-04  9.08239018736580107E-06  1.11603296661098406E-06 -1.66288328347488799E-06
  1.2257487E-03  2.23633511571105270E+00  8.84412496064904650E-04  9.21747857753128612E-06  1.13263247198696439E-06 -1.68761643360877163E-06
  1.2348241E-03  2.26519738108966884E+00  8.95777005928681427E-04  9.35447641216302796E-06  1.14946660798358192E-06 -1.71269918099173425E-06
  1.2439602E-03  2.29439558784260544E+00  9.07272648256306690E-04  9.49340994258409051E-06  1.16653860034543954E-06 -1.73813633192806955E-06
  1.2531573E-03  2.32393321990917645E+00  9.18900757040523640E-04  9.63430577634885816E-06  1.18385171859083554E-06 -1.76393275794349781E-06
  1.2624158E-03  2.35381379087850062E+00  9.30662677018191794E-04  9.77719088204672734E-06  1.20140927660204881E-06 -1.79009339666464875E-06
  1.2717361E-03  2.38404084412008643E+00  9.42559763701416274E-04  9.92209259417023866E-06  1.21921463322353956E-06 -1.81662325271035165E-06
  1.2811187E-03  2.41461795291226400E+00  9.54593383407417360E-04  1.00690386180486847E-05  1.23727119286820189E-06 -1.84352739859490372E-06
  1.2905640E-03  2.44554872056837436E+00  9.66764913287103769E-04  1.02180570348481233E-05  1.25558240613176700E-06 -1.87081097564350157E-06
  1.3000723E-03  2.47683678056064283E+00  9.79075741352298384E-04  1.03691763066384189E-05  1.27415177041545523E-06 -1.89847919491994303E-06
  1.3096441E-03  2.50848579664164673E+00  9.91527266501592572E-04  1.05224252815286010E-05  1.29298283055700942E-06 -1.92653733816683650E-06
  1.3192799E-03  2.54049946296329709E+00  1.00412089854477206E-03  1.06778331988710573E-05  1.31207917947020267E-06 -1.95499075875841134E-06
  1.3289800E-03  2.57288150419325712E+00  1.01685805822578339E-03  1.08354296945358500E-05  1.33144445879294734E-06 -1.98384488266616890E-06
  1.3387449E-03  2.60563567562869425E+00  1.02974017724419232E-03  1.09952448062557357E-05  1.35108235954410467E-06 -2.01310520943747938E-06
  1.3485750E-03  2.63876576330727453E+00  1.04276869827508761E-03  1.11573089790432397E-05  1.37099662278914111E-06 -2.04277731318736022E-06
  1.3584708E-03  2.67227558411534005E+00  1.05594507498739886E-03  1.13216530706803307E-05  1.39119104031471045E-06 -2.07286684360356581E-06
  1.3684327E-03  2.70616898589313504E+00  1.06927077206056347E-03  1.14883083572819954E-05  1.41166945531231653E-06 -2.10337952696518357E-06
  1.3784611E-03  2.74044984753701026E+00  1.08274726519951773E-03  1.16573065389345746E-05  1.43243576307115973E-06 -2.13432116717493799E-06
  1.3885564E-03  2.77512207909851805E+00  1.09637604114794229E-03  1.18286797454098407E-05  1.45349391168029576E-06 -2.16569764680534453E-06
  1.3987192E-03  2.81018962188026000E+00  1.11015859769973929E-03  1.20024605419558959E-05  1.47484790274023052E-06 -2.19751492815894877E-06
  1.4089499E-03  2.84565644852844901E+00  1.12409644370866789E-03  1.21786819351658196E-05  1.49650179208407239E-06 -2.22977905434277291E-06
  1.4192489E-03  2.88152656312202815E+00  1.13819109909610761E-03  1.23573773789253728E-05  1.51845969050839684E-06 -2.26249615035725706E-06
  1.4296167E-03  2.91780400125826667E+00  1.15244409485689109E-03  1.25385807804403833E-05  1.54072576451390399E-06 -2.29567242419978185E-06
  1.4400537E-03  2.95449283013474151E+00  1.16685697306314977E-03  1.27223265063452620E-05  1.56330423705604663E-06 -2.32931416798304623E-06
  1.4505604E-03  2.99159714862757253E+00  1.18143128686613234E-03  1.29086493888936591E-05  1.58619938830575079E-06 -2.36342775906847891E-06
  1.4611373E-03  3.02912108736582342E+00  1.19616860049593363E-03  1.30975847322321199E-05  1.60941555642033533E-06 -2.39801966121484929E-06
  1.4717848E-03  3.06706880880192800E+00  1.21107048925908449E-03  1.32891683187582938E-05  1.63295713832482276E-06 -2.43309642574235503E-06
  1.4825035E-03  3.10544450727807808E+00  1.22613853953394540E-03  1.34834364155642984E-05  1.65682859050371770E-06 -2.46866469271231067E-06
  1.4932937E-03  3.14425240908841674E+00  1.24137434876384675E-03  1.36804257809669273E-05  1.68103442980344901E-06 -2.50473119212271431E-06
  1.5041560E-03  3.18349677253693164E+00  1.25677952544792472E-03  1.38801736711254180E-05  1.70557923424558119E-06 -2.54130274511987065E-06
  1.5150908E-03  3.22318188799093797E+00  1.27235568912958605E-03  1.40827178467481829E-05  1.73046764385095093E-06 -2.57838626522627871E-06
  1.5260987E-03  3.26331207793002642E+00  1.28810447038255559E-03  1.42880965798897539E-05  1.75570436147489116E-06 -2.61598875958504948E-06
  1.5371801E-03  3.30389169699036023E+00  1.30402751079443401E-03  1.44963486608388374E-05  1.78129415365366153E-06 -2.65411733022100286E-06
  1.5483355E-03  3.34492513200417774E+00  1.32012646294771144E-03  1.47075134050991906E-05  1.80724185146226412E-06 -2.69277917531874890E-06
  1.5595654E-03  3.38641680203439766E+00  1.33640299039817383E-03  1.49216306604640100E-05  1.83355235138377047E-06 -2.73198159051790239E-06
  1.5708703E-03  3.42837115840418383E+00  1.35285876765064528E-03  1.51387408141856082E-05  1.86023061619034830E-06 -2.77173197022572814E-06
  1.5822507E-03  3.47079268472134794E+00  1.36949548013198786E-03  1.53588848002411930E-05  1.88728167583610329E-06 -2.81203780894739986E-06
  1.5937071E-03  3.51368589689745292E+00  1.38631482416131649E-03  1.55821041066964734E-05  1.91471062836193556E-06 -2.85290670263414540E-06
  1.6052400E-03  3.55705534316148020E+00  1.40331850691733967E-03  1.58084407831680305E-05  1.94252264081254092E-06 -2.89434635004949867E-06
  1.6168500E-03  3.60090560406793525E+00  1.42050824640277428E-03  1.60379374483860138E-05  1.97072295016573180E-06 -2.93636455415388759E-06
  1.6285374E-03  3.64524129249923501E+00  1.43788577140576616E-03  1.62706372978584152E-05  1.99931686427425428E-06 -2.97896922350786532E-06
  1.6403030E-03  3.69006705366225107E+00  1.45545282145823746E-03  1.65065841116382971E-05  2.02830976282024063E-06 -3.02216837369413375E-06
  1.6521471E-03  3.73538756507886438E+00  1.47321114679110497E-03  1.67458222621954286E-05  2.05770709828250066E-06 -3.06597012875873105E-06
  1.6640703E-03  3.78120753657038033E+00  1.49116250828628554E-03  1.69883967223934930E-05  2.08751439691679971E-06 -3.11038272267151598E-06
  1.6760732E-03  3.82753171023565653E+00  1.50930867742542435E-03  1.72343530735747221E-05  2.11773725974930167E-06 -3.15541450080633130E-06
  1.6881562E-03  3.87436486042279826E+00  1.52765143623526957E-03  1.74837375137528293E-05  2.14838136358336164E-06 -3.20107392144099912E-06
  1.7003199E-03  3.92171179369426204E+00  1.54619257722962526E-03  1.77365968659162572E-05  2.17945246201985210E-06 -3.24736955727749649E-06
  1.7125648E-03  3.96957734878523194E+00  1.56493390334779469E-03  1.79929785864428055E-05  2.21095638649117626E-06 -3.29431009698254228E-06
  1.7248916E-03  4.01796639655508248E+00  1.58387722788945083E-03  1.82529307736272778E-05  2.24289904730917993E-06 -3.34190434674885635E-06
  1.7373006E-03  4.06688383993180125E+00  1.60302437444585170E-03  1.85165021763238198E-05  2.27528643472715044E-06 -3.39016123187743194E-06
  1.7497925E-03  4.11633461384918053E+00  1.62237717682731444E-03  1.87837422027041180E-05  2.30812462001605924E-06 -3.43908979838100715E-06
  1.7623679E-03  4.16632368517663032E+00  1.64193747898688444E-03  1.90547009291335188E-05  2.34141975655528582E-06 -3.48869921460912856E-06
  1.7750272E-03  4.21685605264146268E+00  1.66170713494010153E-03  1.93294291091660104E-05  2.37517808093795753E-06 -3.53899877289498402E-06
  1.7877711E-03  4.26793674674344903E+00  1.68168800868079391E-03  1.96079781826603977E-05  2.40940591409118630E-06 -3.58999789122441504E-06
  1.8006001E-03  4.31957082966147254E+00  1.70188197409280764E-03  1.98904002850186502E-05  2.44410966241129943E-06 -3.64170611492728863E-06
  1.8135148E-03  4.37176339515217194E+00  1.72229091485759617E-03  2.01767482565483200E-05  2.47929581891434411E-06 -3.69413311839160407E-06
  1.8265158E-03  4.42451956844030825E+00  1.74291672435757496E-03  2.04670756519510147E-05  2.51497096440205835E-06 -3.74728870680065578E-06
  1.8396035E-03  4.47784450610074636E+00  1.76376130557516129E-03  2.07614367499378241E-05  2.55114176864346416E-06 -3.80118281789345327E-06
  1.8527787E-03  4.53174339593183806E+00  1.78482657098740644E-03  2.10598865629743834E-05  2.58781499157236926E-06 -3.85582552374887278E-06
  1.8660419E-03  4.58622145682003790E+00  1.80611444245614068E-03  2.13624808471563560E-05  2.62499748450092432E-06 -3.91122703259366648E-06
  1.8793936E-03  4.64128393859555821E+00  1.82762685111352444E-03  2.16692761122179339E-05  2.66269619134949192E-06 -3.96739769063485818E-06
  1.8928345E-03  4.69693612187888654E+00  1.84936573724293245E-03  2.19803296316744744E-05  2.70091814989303692E-06 -4.02434798391666652E-06
  1.9063652E-03  4.75318331791796655E+00  1.87133305015506259E-03  2.22956994531014147E-05  2.73967049302423341E-06 -4.08208854020238983E-06
  1.9199863E-03  4.81003086841584881E+00  1.89353074805918994E-03  2.26154444085513741E-05  2.77896045003356949E-06 -4.14063013088158388E-06
  1.9336983E-03  4.86748414534864260E+00  1.91596079792945577E-03  2.29396241251108748E-05  2.81879534790660665E-06 -4.19998367290281227E-06
  1.9475019E-03  4.92554855077352460E+00  1.93862517536610578E-03  2.32682990355991103E-05  2.85918261263869599E-06 -4.26016023073238814E-06
  1.9613977E-03  4.98422951662665703E+00  1.96152586445158756E-03  2.36015303894101258E-05  2.90012977056731152E-06 -4.32117101833937299E-06
  1.9753863E-03  5.04353250451076374E+00  1.98466485760137980E-03  2.39393802635008488E-05  2.94164444972232652E-06 -4.38302740120729097E-06
  1.9894683E-03  5.10346300547222231E+00  2.00804415540948916E-03  2.42819115735263869E-05  2.98373438119435426E-06 -4.44574089837278383E-06
  2.0036444E-03  5.16402653976739412E+00  2.03166576648848704E-03  2.46291880851251189E-05  3.02640740052153862E-06 -4.50932318449170305E-06
  2.0179151E-03  5.22522865661804214E+00  2.05553170730399942E-03  2.49812744253551955E-05  3.06967144909491396E-06 -4.57378609193291255E-06
  2.0322811E-03  5.28707493395557826E+00  2.07964400200353651E-03  2.53382360942844834E-05  3.11353457558264864E-06 -4.63914161290019013E-06
  2.0467431E-03  5.34957097815397908E+00  2.10400468223956479E-03  2.57001394767364056E-05  3.15800493737342771E-06 -4.70540190158266623E-06
  2.0613017E-03  5.41272242375110046E+00  2.12861578698671575E-03  2.60670518541932479E-05  3.20309080203920764E-06 -4.77257927633408806E-06
  2.0759576E-03  5.47653493315820672E+00  2.15347936235301025E-03  2.64390414168595241E-05  3.24880054881761211E-06 -4.84068622188138434E-06
  2.0907112E-03  5.54101419635748815E+00  2.17859746138501570E-03  2.68161772758869585E-05  3.29514267011422621E-06 -4.90973539156283214E-06
  2.1055635E-03  5.60616593058732882E+00  2.20397214386679977E-03  2.71985294757640949E-05  3.34212577302509033E-06 -4.97973960959634163E-06
  2.1205149E-03  5.67199588001511046E+00  2.22960547611259332E-03  2.75861690068718077E-05  3.38975858087958889E-06 -5.05071187337812224E-06
  2.1355662E-03  5.73850981539732974E+00  2.25549953075302985E-03  2.79791678182076549E-05  3.43804993480411128E-06 -5.12266535581226637E-06
  2.1507180E-03  5.80571353372678267E+00  2.28165638651486261E-03  2.83775988302810296E-05  3.48700879530667300E-06 -5.19561340767158775E-06
  2.1659710E-03  5.87361285786659071E+00  2.30807812799404578E-03  2.87815359481812456E-05  3.53664424388280127E-06 -5.26956955999012955E-06
  2.1813259E-03  5.94221363617085352E+00  2.33476684542205208E-03  2.91910540748214356E-05  3.58696548464303255E-06 -5.34454752648784784E-06
  2.1967833E-03  6.01152174209164425E+00  2.36172463442532125E-03  2.96062291243598600E-05  3.63798184596220681E-06 -5.42056120602779488E-06
  2.2123439E-03  6.08154307377215009E+00  2.38895359577771978E-03  3.00271380358017549E-05  3.68970278215094820E-06 -5.49762468510632483E-06
  2.2280085E-03  6.15228355362569967E+00  2.41645583514589349E-03  3.04538587867835090E-05  3.74213787514955636E-06 -5.57575224037669208E-06
  2.2437777E-03  6.22374912790042423E+00  2.44423346282738067E-03  3.08864704075420568E-05  3.79529683624465643E-06 -5.65495834120656978E-06
  2.2596522E-03  6.29594576622934365E+00  2.47228859348138860E-03  3.13250529950718547E-05  3.84918950780890003E-06 -5.73525765226989273E-06
  2.2756327E-03  6.36887946116556858E+00  2.50062334585209262E-03  3.17696877274716035E-05  3.90382586506399833E-06 -5.81666503617342952E-06
  2.2917200E-03  6.44255622770240421E+00  2.52923984248434094E-03  3.22204568784840198E-05  3.95921601786745926E-06 -5.89919555611872921E-06
  2.3079147E-03  6.51698210277811452E+00  2.55814020943163391E-03  3.26774438322303731E-05  4.01537021252328474E-06 -5.98286447859967988E-06
  2.3242175E-03  6.59216314476507037E+00  2.58732657595626882E-03  3.31407330981432305E-05  4.07229883361699771E-06 -6.06768727613639047E-06
  2.3406293E-03  6.66810543294300118E+00  2.61680107422150414E-03  3.36104103260991669E-05  4.13001240587527329E-06 -6.15367963004566192E-06
  2.3571506E-03  6.74481506695618371E+00  2.64656583897563379E-03  3.40865623217551442E-05  4.18852159605057951E-06 -6.24085743324873789E-06
  2.3737823E-03  6.82229816625414021E+00  2.67662300722782201E-03  3.45692770620903932E-05  4.24783721483108661E-06 -6.32923679311669177E-06
  2.3905251E-03  6.90056086951579140E+00  2.70697471791559461E-03  3.50586437111569577E-05  4.30797021877620940E-06 -6.41883403435399610E-06
  2.4073796E-03  6.97960933405659745E+00  2.73762311156383479E-03  3.55547526360419758E-05  4.36893171227817457E-06 -6.50966570192087781E-06
  2.4243468E-03  7.05944973521859342E+00  2.76857032993516224E-03  3.60576954230436988E-05  4.43073294954987153E-06 -6.60174856399478336E-06
  2.4414273E-03  7.14008826574289390E+00  2.79981851567156007E-03  3.65675648940652379E-05  4.49338533663942877E-06 -6.69509961497169263E-06
  2.4586218E-03  7.22153113512452816E+00  2.83136981192711780E-03  3.70844551232277464E-05  4.55690043347178944E-06 -6.78973607850763466E-06
  2.4759312E-03  7.30378456894924000E+00  2.86322636199175728E-03  3.76084614537072935E-05  4.62128995591776634E-06 -6.88567541060112525E-06
  2.4933562E-03  7.38685480821204266E+00  2.89539030890580661E-03  3.81396805147969271E-05  4.68656577789076695E-06 -6.98293530271685164E-06
  2.5108975E-03  7.47074810861718586E+00  2.92786379506527897E-03  3.86782102391985323E-05  4.75273993347176194E-06 -7.08153368495139724E-06
  2.5285560E-03  7.55547073985933526E+00  2.96064896181772634E-03  3.92241498805462904E-05  4.81982461906273427E-06 -7.18148872924139493E-06
  2.5463325E-03  7.64102898488561699E+00  2.99374794904853610E-03  3.97776000311653001E-05  4.88783219556900034E-06 -7.28281885261472077E-06
  2.5642276E-03  7.72742913913827678E+00  3.02716289475752102E-03  4.03386626400691574E-05  4.95677519061092137E-06 -7.38554272048539712E-06
  2.5822423E-03  7.81467750977768283E+00  3.06089593462566516E-03  4.09074410311981406E-05  5.02666630076517719E-06 -7.48967924999260578E-06
  2.6003773E-03  7.90278041488535710E+00  3.09494920157190071E-03  4.14840399219032377E-05  5.09751839383625193E-06 -7.59524761338465837E-06
  2.6186334E-03  7.99174418264678810E+00  3.12932482529975102E-03  4.20685654416772157E-05  5.16934451115828759E-06 -7.70226724144819901E-06
  2.6370114E-03  8.08157515051368414E+00  3.16402493183372139E-03  4.26611251511381070E-05  5.24215786992795332E-06 -7.81075782698363050E-06
  2.6555122E-03  8.17227966434545827E+00  3.19905164304528635E-03  4.32618280612664924E-05  5.31597186556850767E-06 -7.92073932832698582E-06
  2.6741365E-03  8.26386407752959151E+00  3.23440707616832806E-03  4.38707846529017944E-05  5.39080007412570156E-06 -8.03223197291922671E-06
  2.6928853E-03  8.35633475008057580E+00  3.27009334330389785E-03  4.44881068964997136E-05  5.46665625469576178E-06 -8.14525626092332342E-06
  2.7117592E-03  8.44969804771724853E+00  3.30611255091414020E-03  4.51139082721549220E-05  5.54355435188598869E-06 -8.25983296888994220E-06
  2.7307592E-03  8.54396034091810819E+00  3.34246679930524059E-03  4.57483037898927605E-05  5.62150849830840936E-06 -8.37598315347230824E-06
  2.7498861E-03  8.63912800395433855E+00  3.37915818209926899E-03  4.63914100102327391E-05  5.70053301710682664E-06 -8.49372815519089269E-06
  2.7691407E-03  8.73520741390036726E+00  3.41618878569476111E-03  4.70433450650285765E-05  5.78064242451787671E-06 -8.61308960224866255E-06
  2.7885239E-03  8.83220494962149871E+00  3.45356068871588342E-03  4.77042286785874146E-05  5.86185143246638285E-06 -8.73408941439750312E-06
  2.8080366E-03  8.93012699073845440E+00  3.49127596145007392E-03  4.83741821890727557E-05  5.94417495119556727E-06 -8.85674980685649588E-06
  2.8276796E-03  9.02897991656846877E+00  3.52933666527396449E-03  4.90533285701946788E-05  6.02762809193262144E-06 -8.98109329428287163E-06
  2.8474538E-03  9.12877010504261932E+00  3.56774485206748935E-03  4.97417924531906163E-05  6.11222616958990939E-06 -9.10714269479608443E-06
  2.8673600E-03  9.22950393159921845E+00  3.60650256361600427E-03  5.04397001491019468E-05  6.19798470550260277E-06 -9.23492113405608215E-06
  2.8873992E-03  9.33118776805283723E+00  3.64561183100027336E-03  5.11471796713485762E-05  6.28491943020289417E-06 -9.36445204939609537E-06
  2.9075722E-03  9.43382798143871604E+00  3.68507467397420673E-03  5.18643607586073983E-05  6.37304628623158324E-06 -9.49575919401106965E-06
  2.9278800E-03  9.53743093283232746E+00  3.72489310033016861E-03  5.25913748979968206E-05  6.46238143098724986E-06 -9.62886664120213409E-06
  2.9483234E-03  9.64200297614371493E+00  3.76506910525172944E-03  5.33283553485732612E-05  6.55294123961380980E-06 -9.76379878867814629E-06
  2.9689033E-03  9.74755045688633004E+00  3.80560467065373890E-03  5.40754371651423700E-05  6.64474230792672301E-06 -9.90058036291489833E-06
  2.9896207E-03  9.85407971092014456E+00  3.84650176450954031E-03  5.48327572223898796E-05  6.73780145537849665E-06 -1.00392364235727561E-05
  3.0104764E-03  9.96159706316869453E+00  3.88776234016518715E-03  5.56004542393364758E-05  6.83213572806400625E-06 -1.01797923679737180E-05
  3.0314714E-03  1.00701088263097080E+01  3.92938833564057417E-03  5.63786688041204915E-05  6.92776240176612718E-06 -1.03222739356383844E-05
  3.0526066E-03  1.01796212994391997E+01  3.97138167291726397E-03  5.71675433991134836E-05  7.02469898504225241E-06 -1.04667072128839098E-05
  3.0738830E-03  1.02901407667085394E+01  4.01374425721292508E-03  5.79672224263723398E-05  7.12296322235219040E-06 -1.06131186374835684E-05
  3.0953015E-03  1.04016734959343822E+01  4.05647797624222352E-03  5.87778522334336207E-05  7.22257309722812993E-06 -1.07615350033889357E-05
  3.1168630E-03  1.05142257371810643E+01  4.09958469946401609E-03  5.95995811394530370E-05  7.32354683548700246E-06 -1.09119834655152454E-05
  3.1385686E-03  1.06278037213152192E+01  4.14306627731473448E-03  6.04325594616966083E-05  7.42590290848610489E-06 -1.10644915445911929E-05
  3.1604191E-03  1.07424136585323975E+01  4.18692454042782908E-03  6.12769395423867492E-05  7.52966003642230645E-06 -1.12190871320735904E-05
  3.1824155E-03  1.08580617368553067E+01  4.23116129883905137E-03  6.21328757759083574E-05  7.63483719167554781E-06 -1.13757984951280389E-05
  3.2045588E-03  1.09747541206034143E+01  4.27577834117760357E-03  6.30005246363807389E-05  7.74145360219723877E-06 -1.15346542816764705E-05
  3.2268501E-03  1.10924969488337428E+01  4.32077743384285621E-03  6.38800447055984269E-05  7.84952875494408926E-06 -1.16956835255122956E-05
  3.2492901E-03  1.12112963337525073E+01  4.36616032016660677E-03  6.47715967013478720E-05  7.95908239935805094E-06 -1.18589156514842904E-05
  3.2718801E-03  1.13311583590972766E+01  4.41192871956070168E-03  6.56753435061030894E-05  8.07013455089290423E-06 -1.20243804807498901E-05
  3.2946210E-03  1.14520890784895197E+01  4.45808432664995206E-03  6.65914501961073626E-05  8.18270549458823584E-06 -1.21921082360991345E-05
  3.3175137E-03  1.15740945137572329E+01  4.50462881039011883E-03  6.75200840708439591E-05  8.29681578869129409E-06 -1.23621295473498520E-05
  3.3405593E-03  1.16971806532272709E+01  4.55156381317094703E-03  6.84614146829033390E-05  8.41248626832751639E-06 -1.25344754568153428E-05
  3.3637588E-03  1.18213534499873525E+01  4.59889094990407598E-03  6.94156138682503658E-05  8.52973804922026764E-06 -1.27091774248453589E-05
  3.3871133E-03  1.19466188201173065E+01  4.64661180709569424E-03  7.03828557768974709E-05  8.64859253146048416E-06 -1.28862673354413782E-05
  3.4106237E-03  1.20729826408894105E+01  4.69472794190387444E-03  7.13633169039902738E-05  8.76907140332694980E-06 -1.30657775019473487E-05
  3.4342912E-03  1.22004507489375538E+01  4.74324088118041956E-03  7.23571761213089823E-05  8.89119664515772781E-06 -1.32477406728165503E-05
  3.4581167E-03  1.23290289383949379E+01  4.79215212049714182E-03  7.33646147091934840E-05  9.01499053327369704E-06 -1.34321900374560299E-05
  3.4821013E-03  1.24587229590002497E+01  4.84146312315645189E-03  7.43858163888957898E-05  9.14047564395454328E-06 -1.36191592321492247E-05
  3.5062461E-03  1.25895385141718634E+01  4.89117531918617423E-03  7.54209673553674873E-05  9.26767485746827281E-06 -1.38086823460582697E-05
  3.5305522E-03  1.27214812590500124E+01  4.94129010431845327E-03  7.64702563104862812E-05  9.39661136215468546E-06 -1.40007939273065890E-05
  3.5550206E-03  1.28545567985066942E+01  4.99180883895266984E-03  7.75338744967283048E-05  9.52730865856363700E-06 -1.41955289891431612E-05
  3.5796525E-03  1.29887706851230078E+01  5.04273284710229051E-03  7.86120157312928677E-05  9.65979056364892126E-06 -1.43929230161895951E-05
  3.6044488E-03  1.31241284171339050E+01  5.09406341532551727E-03  7.97048764406839384E-05  9.79408121501827315E-06 -1.45930119707707194E-05
  3.6294108E-03  1.32606354363398946E+01  5.14580179163967848E-03  8.08126556957564643E-05  9.93020507524055493E-06 -1.47958322993303871E-05
  3.6545394E-03  1.33982971259858559E+01  5.19794918441929352E-03  8.19355552472321653E-05  1.00681869362105661E-05 -1.50014209389330809E-05
  3.6798359E-03  1.35371188086064365E+01  5.25050676127766791E-03  8.30737795616921451E-05  1.02080519235725883E-05 -1.52098153238529108E-05
  3.7053013E-03  1.36771057438381174E+01  5.30347564793200946E-03  8.42275358580522719E-05  1.03498255012031292E-05 -1.54210533922508970E-05
  3.7309368E-03  1.38182631261977100E+01  5.35685692705198651E-03  8.53970341445272756E-05  1.04935334757538771E-05 -1.56351735929417335E-05
  3.7567435E-03  1.39605960828270437E+01  5.41065163709160239E-03  8.65824872560918846E-05  1.06392020012556351E-05 -1.58522148922515254E-05
  3.7827226E-03  1.41041096712037639E+01  5.46486077110440276E-03  8.77841108924430402E-05  1.07868575837839358E-05 -1.60722167809672595E-05
  3.8088752E-03  1.42488088768182362E+01  5.51948527554190719E-03  8.90021236564725256E-05  1.09365270861873624E-05 -1.62952192813796709E-05
  3.8352024E-03  1.43946986108161461E+01  5.57452604903525221E-03  9.02367470932547545E-05  1.10882377328791618E-05 -1.65212629544204246E-05
  3.8617055E-03  1.45417837076069230E+01  5.62998394115996580E-03  9.14882057295585133E-05  1.12420171146933483E-05 -1.67503889068951495E-05
  3.8883856E-03  1.46900689224377796E+01  5.68585975118384226E-03  9.27567271138871031E-05  1.13978931938056723E-05 -1.69826387988132856E-05
  3.9152438E-03  1.48395589289332577E+01  5.74215422679791570E-03  9.40425418570575467E-05  1.15558943087209282E-05 -1.72180548508165023E-05
  3.9422814E-03  1.49902583166002614E+01  5.79886806283045567E-03  9.53458836733226425E-05  1.17160491793269309E-05 -1.74566798517064830E-05
  3.9694996E-03  1.51421715882984014E+01  5.85600189994401124E-03  9.66669894220447009E-05  1.18783869120163439E-05 -1.76985571660737885E-05
  3.9968996E-03  1.52953031576757255E+01  5.91355632331545117E-03  9.80060991499293656E-05  1.20429370048773384E-05 -1.79437307420290521E-05
  4.0244826E-03  1.54496573465696176E+01  5.97153186129902817E-03  9.93634561338241020E-05  1.22097293529537353E-05 -1.81922451190377497E-05
  4.0522498E-03  1.56052383823730274E+01  6.02992898407243069E-03  1.00739306924092870E-04  1.23787942535758073E-05 -1.84441454358601407E-05
  4.0802025E-03  1.57620503953657760E+01  6.08874810226586131E-03  1.02133901388570114E-04  1.25501624117625260E-05 -1.86994774385976241E-05
  4.1083418E-03  1.59200974160111119E+01  6.14798956557414261E-03  1.03547492757106782E-04  1.27238649456963971E-05 -1.89582874888470429E-05
  4.1366691E-03  1.60793833722174533E+01  6.20765366135186524E-03  1.04980337666711731E-04  1.28999333922715494E-05 -1.92206225719642192E-05
  4.1651855E-03  1.62399120865653117E+01  6.26774061319164324E-03  1.06432696207299941E-04  1.30783997127165262E-05 -1.94865303054385113E-05
  4.1938924E-03  1.64016872734994301E+01  6.32825057948548098E-03  1.07904831968053656E-04  1.32592962982921927E-05 -1.97560589473794774E-05
  4.2227911E-03  1.65647125364862084E+01  6.38918365196930460E-03  1.09397012084405087E-04  1.34426559760662901E-05 -2.00292574051173736E-05
  4.2518827E-03  1.67289913651365332E+01  6.45053985425074038E-03  1.10909507285650259E-04  1.36285120147654440E-05 -2.03061752439191126E-05
  4.2811686E-03  1.68945271322938453E+01  6.51231914032018768E-03  1.12442591943200096E-04  1.38168981307055365E-05 -2.05868626958208834E-05
  4.3106501E-03  1.70613230910879281E+01  6.57452139304526978E-03  1.13996544119479939E-04  1.40078484938018187E-05 -2.08713706685794354E-05
  4.3403285E-03  1.72293823719541379E+01  6.63714642264874762E-03  1.15571645617483271E-04  1.42013977336594416E-05 -2.11597507547431072E-05
  4.3702052E-03  1.73987079796184680E+01  6.70019396516997618E-03  1.17168182030992209E-04  1.43975809457458936E-05 -2.14520552408448512E-05
  4.4002813E-03  1.75693027900484857E+01  6.76366368091006146E-03  1.18786442795469125E-04  1.45964336976461204E-05 -2.17483371167181630E-05
  4.4305583E-03  1.77411695473703261E+01  6.82755515286079164E-03  1.20426721239632486E-04  1.47979920354014738E-05 -2.20486500849380899E-05
  4.4610376E-03  1.79143108607518577E+01  6.89186788511746487E-03  1.22089314637723674E-04  1.50022924899339331E-05 -2.23530485703889125E-05
  4.4917204E-03  1.80887292012524021E+01  6.95660130127580181E-03  1.23774524262474359E-04  1.52093720835562110E-05 -2.26615877299598423E-05
  4.5226081E-03  1.82644268986390053E+01  7.02175474281307218E-03  1.25482655438785605E-04  1.54192683365694486E-05 -2.29743234623710413E-05
  4.5537021E-03  1.84414061381696719E+01  7.08732746745356895E-03  1.27214017598124840E-04  1.56320192739492194E-05 -2.32913124181310936E-05
  4.5850038E-03  1.86196689573437233E+01  7.15331864751867549E-03  1.28968924333654054E-04  1.58476634321213081E-05 -2.36126120096281839E-05
  4.6165145E-03  1.87992172426196653E+01  7.21972736826165858E-03  1.30747693456096379E-04  1.60662398658283869E-05 -2.39382804213564713E-05
  4.6482356E-03  1.89800527261007517E+01  7.28655262618741004E-03  1.32550647050351582E-04  1.62877881550887077E-05 -2.42683766202795547E-05
  4.6801687E-03  1.91621769821886723E+01  7.35379332735738769E-03  1.34378111532871853E-04  1.65123484122482375E-05 -2.46029603663329798E-05
  4.7123150E-03  1.93455914242056295E+01  7.42144828567992045E-03  1.36230417709805643E-04  1.67399612891273263E-05 -2.49420922230673813E-05
  4.7446759E-03  1.95302973009853780E+01  7.48951622118619424E-03  1.38107900835922727E-04  1.69706679842633331E-05 -2.52858335684345898E-05
  4.7772531E-03  1.97162956934332421E+01  7.55799575829213012E-03  1.40010900674327339E-04  1.72045102502501601E-05 -2.56342466057179177E-05
  4.8100477E-03  1.99035875110560205E+01  7.62688542404646886E-03  1.41939761556974598E-04  1.74415304011765838E-05 -2.59873943746094975E-05
  4.8430615E-03  2.00921734884618317E+01  7.69618364636531164E-03  1.43894832445995316E-04  1.76817713201639576E-05 -2.63453407624355683E-05
  4.8762956E-03  2.02820541818305990E+01  7.76588875225348550E-03  1.45876466995846694E-04  1.79252764670054053E-05 -2.67081505155327622E-05
  4.9097518E-03  2.04732299653555749E+01  7.83599896601297648E-03  1.47885023616293489E-04  1.81720898859072787E-05 -2.70758892507765852E-05
  4.9434314E-03  2.06657010276565529E+01  7.90651240743886832E-03  1.49920865536234211E-04  1.84222562133343121E-05 -2.74486234672644036E-05
  4.9773359E-03  2.08594673681651557E+01  7.97742709000306624E-03  1.51984360868384844E-04  1.86758206859603316E-05 -2.78264205581553115E-05
  5.0114669E-03  2.10545287934829517E+01  8.04874091902621491E-03  1.54075882674827616E-04  1.89328291487253640E-05 -2.82093488226684705E-05
  5.0458258E-03  2.12508849137128983E+01  8.12045168983821855E-03  1.56195809033440370E-04  1.91933280630008991E-05 -2.85974774782424480E-05
  5.0804142E-03  2.14485351387648358E+01  8.19255708592774197E-03  1.58344523105215490E-04  1.94573645148645818E-05 -2.89908766728573233E-05
  5.1152336E-03  2.16474786746357282E+01  8.26505467708116628E-03  1.60522413202482340E-04  1.97249862234860891E-05 -2.93896174975223221E-05
  5.1502855E-03  2.18477145196652209E+01  8.33794191751140168E-03  1.62729872858043514E-04  1.99962415496251805E-05 -2.97937719989304135E-05
  5.1855716E-03  2.20492414607673872E+01  8.41121614397710021E-03  1.64967300895239031E-04  2.02711795042440761E-05 -3.02034131922829081E-05
  5.2210933E-03  2.22520580696394674E+01  8.48487457389266418E-03  1.67235101498949172E-04  2.05498497572350120E-05 -3.06186150742857648E-05
  5.2568522E-03  2.24561626989482299E+01  8.55891430342966067E-03  1.69533684287549155E-04  2.08323026462650435E-05 -3.10394526363200052E-05
  5.2928499E-03  2.26615534784949482E+01  8.63333230561012278E-03  1.71863464385829884E-04  2.11185891857395273E-05 -3.14660018777889602E-05
  5.3290881E-03  2.28682283113598857E+01  8.70812542839227016E-03  1.74224862498894087E-04  2.14087610758855470E-05 -3.18983398196440683E-05
  5.3655683E-03  2.30761848700269887E+01  8.78329039274932354E-03  1.76618304987045976E-04  2.17028707119575313E-05 -3.23365445180923218E-05
  5.4022921E-03  2.32854205924900057E+01  8.85882379074189735E-03  1.79044223941681878E-04  2.20009711935660009E-05 -3.27806950784869630E-05
  5.4392612E-03  2.34959326783408073E+01  8.93472208358465740E-03  1.81503057262201017E-04  2.23031163341316587E-05 -3.32308716694049286E-05
  5.4764772E-03  2.37077180848410833E+01  9.01098159970793733E-03  1.83995248733946176E-04  2.26093606704662643E-05 -3.36871555369125031E-05
  5.5139418E-03  2.39207735229781946E+01  9.08759853281484314E-03  1.86521248107188533E-04  2.29197594724816643E-05 -3.41496290190223018E-05
  5.5516566E-03  2.41350954535067395E+01  9.16456893993472174E-03  1.89081511177173494E-04  2.32343687530296592E-05 -3.46183755603441824E-05
  5.5896232E-03  2.43506800829764352E+01  9.24188873947355896E-03  1.91676499865236930E-04  2.35532452778732002E-05 -3.50934797269321944E-05
  5.6278434E-03  2.45675233597479519E+01  9.31955370926216414E-03  1.94306682301011852E-04  2.38764465757917673E-05 -3.55750272213309132E-05
  5.6663189E-03  2.47856209699974919E+01  9.39755948460286802E-03  1.96972532905734064E-04  2.42040309488219666E-05 -3.60631048978228330E-05
  5.7050513E-03  2.50049683337117301E+01  9.47590155631550940E-03  1.99674532476667494E-04  2.45360574826357170E-05 -3.65578007778808022E-05
  5.7440425E-03  2.52255606006742639E+01  9.55457526878362301E-03  2.02413168272659372E-04  2.48725860570574994E-05 -3.70592040658270335E-05
  5.7832940E-03  2.54473926464446834E+01  9.63357581800160408E-03  2.05188934100842142E-04  2.52136773567225006E-05 -3.75674051647019542E-05
  5.8228077E-03  2.56704590683321463E+01  9.71289824962375328E-03  2.08002330404500057E-04  2.55593928818780762E-05 -3.80824956923461706E-05
  5.8625852E-03  2.58947541813642736E+01  9.79253745701616322E-03  2.10853864352109711E-04  2.59097949593296149E-05 -3.86045684976973275E-05
  5.9026285E-03  2.61202720142534801E+01  9.87248817931230677E-03  2.13744049927579166E-04  2.62649467535336989E-05 -3.91337176773059905E-05
  5.9429391E-03  2.63470063053615711E+01  9.95274499947337507E-03  2.16673408021691104E-04  2.66249122778394370E-05 -3.96700385920720951E-05
  5.9835190E-03  2.65749504986647089E+01  1.00333023423543558E-02  2.19642466524777125E-04  2.69897564058811833E-05 -4.02136278842065513E-05
  6.0243699E-03  2.68040977397200919E+01  1.01141544727767988E-02  2.22651760420629655E-04  2.73595448831234879E-05 -4.07645834944191955E-05
  6.0654936E-03  2.70344408716359830E+01  1.01952954936095005E-02  2.25701831881676716E-04  2.77343443385612883E-05 -4.13230046793378877E-05
  6.1068920E-03  2.72659724310468974E+01  1.02767193438580255E-02  2.28793230365429399E-04  2.81142222965767376E-05 -4.18889920291603998E-05
  6.1485669E-03  2.74986846440956008E+01  1.03584197967643340E-02  2.31926512712223075E-04  2.84992471889551087E-05 -4.24626474855431421E-05
  6.1905201E-03  2.77325694224237402E+01  1.04403904579176039E-02  2.35102243244270510E-04  2.88894883670620417E-05 -4.30440743597295452E-05
  6.2327535E-03  2.79676183591729064E+01  1.05226247633774753E-02  2.38320993866039009E-04  2.92850161141835738E-05 -4.36333773509211203E-05
  6.2752689E-03  2.82038227249980835E+01  1.06051159778109139E-02  2.41583344165976745E-04  2.96859016580323877E-05 -4.42306625648950674E-05
  6.3180683E-03  2.84411734640954137E+01  1.06878571926440191E-02  2.44889881519600296E-04  3.00922171834210438E-05 -4.48360375328708634E-05
  6.3611536E-03  2.86796611902461045E+01  1.07708413242300349E-02  2.48241201193964386E-04  3.05040358451056970E-05 -4.54496112306300253E-05
  6.4045266E-03  2.89192761828788036E+01  1.08540611120348813E-02  2.51637906453531948E-04  3.09214317808017164E-05 -4.60714940978916498E-05
  6.4481892E-03  2.91600083831522952E+01  1.09375091168416507E-02  2.55080608667463630E-04  3.13444801243740047E-05 -4.67017980579479517E-05
  6.4921435E-03  2.94018473900606843E+01  1.10211777189754140E-02  2.58569927418345188E-04  3.17732570192042819E-05 -4.73406365375625928E-05
  6.5363913E-03  2.96447824565634264E+01  1.11050591165497980E-02  2.62106490612369755E-04  3.22078396317371961E-05 -4.79881244871354932E-05
  6.5809347E-03  2.98888024857422074E+01  1.11891453237368561E-02  2.65690934591002257E-04  3.26483061652087960E-05 -4.86443784011381794E-05
  6.6257755E-03  3.01338960269872445E+01  1.12734281690617024E-02  2.69323904244133316E-04  3.30947358735582541E-05 -4.93095163388224047E-05
  6.6709158E-03  3.03800512722150451E+01  1.13578992937234929E-02  2.73006053124756555E-04  3.35472090755270286E-05 -4.99836579452067319E-05
  6.7163576E-03  3.06272560521203019E+01  1.14425501499444034E-02  2.76738043565177404E-04  3.40058071689461946E-05 -5.06669244723436879E-05
  6.7621028E-03  3.08754978324642551E+01  1.15273719993481717E-02  2.80520546794783203E-04  3.44706126452162085E-05 -5.13594388008722255E-05
  6.8081536E-03  3.11247637104020676E+01  1.16123559113698819E-02  2.84354243059388760E-04  3.49417091039801612E-05 -5.20613254618587388E-05
  6.8545120E-03  3.13750404108517174E+01  1.16974927616988137E-02  2.88239821742182684E-04  3.54191812679940918E-05 -5.27727106589305224E-05
  6.9011799E-03  3.16263142829071278E+01  1.17827732307560253E-02  2.92177981486295738E-04  3.59031149981968426E-05 -5.34937222907061114E-05
  6.9481596E-03  3.18785712962982331E+01  1.18681878022084773E-02  2.96169430319008064E-04  3.63935973089816290E-05 -5.42244899735254312E-05
  6.9954530E-03  3.21317970379005047E+01  1.19537267615216145E-02  3.00214885777626251E-04  3.68907163836727005E-05 -5.49651450644851364E-05
  7.0430622E-03  3.23859767082970009E+01  1.20393801945522464E-02  3.04315075037041240E-04  3.73945615902092807E-05 -5.57158206847817677E-05
  7.0909894E-03  3.26410951183956755E+01  1.21251379861836324E-02  3.08470735039001486E-04  3.79052234970401672E-05 -5.64766517433682984E-05
  7.1392367E-03  3.28971366861046945E+01  1.22109898190047826E-02  3.12682612623113912E-04  3.84227938892310123E-05 -5.72477749609269149E-05
  7.1878063E-03  3.31540854330690564E+01  1.22969251720360558E-02  3.16951464659602131E-04  3.89473657847878537E-05 -5.80293288941631142E-05
  7.2367002E-03  3.34119249814711807E+01  1.23829333195029697E-02  3.21278058183843793E-04  3.94790334511995326E-05 -5.88214539604251028E-05
  7.2859206E-03  3.36706385508988006E+01  1.24690033296604545E-02  3.25663170532712045E-04  4.00178924222019869E-05 -5.96242924626535521E-05
  7.3354698E-03  3.39302089552831063E+01  1.25551240636696572E-02  3.30107589482739479E-04  4.05640395147669332E-05 -6.04379886146641087E-05
  7.3853499E-03  3.41906185999104650E+01  1.26412841745295098E-02  3.34612113390138452E-04  4.11175728463188960E-05 -6.12626885667698698E-05
  7.4355631E-03  3.44518494785109084E+01  1.27274721060652539E-02  3.39177551332694148E-04  4.16785918521825482E-05 -6.20985404317461758E-05
  7.4861117E-03  3.47138831704265343E+01  1.28136760919762994E-02  3.43804723253563068E-04  4.22471973032647268E-05 -6.29456943111439393E-05
  7.5369979E-03  3.49767008378635111E+01  1.28998841549456695E-02  3.48494460106991543E-04  4.28234913239726090E-05 -6.38043023219540118E-05
  7.5882239E-03  3.52402832232307617E+01  1.29860841058134155E-02  3.53247604005992196E-04  4.34075774103727022E-05 -6.46745186236297707E-05
  7.6397921E-03  3.55046106465690201E+01  1.30722635428165389E-02  3.58065008372000380E-04  4.39995604485937195E-05 -6.55564994454716274E-05
  7.6917046E-03  3.57696630030735818E+01  1.31584098508977041E-02  3.62947538086528100E-04  4.45995467334750123E-05 -6.64504031143770999E-05
  7.7439639E-03  3.60354197607144968E+01  1.32445102010854566E-02  3.67896069644857470E-04  4.52076439874662004E-05 -6.73563900829635267E-05
  7.7965722E-03  3.63018599579578805E+01  1.33305515499483503E-02  3.72911491311789776E-04  4.58239613797795347E-05 -6.82746229580667816E-05
  7.8495318E-03  3.65689622015916669E+01  1.34165206391256998E-02  3.77994703279484168E-04  4.64486095457996919E-05 -6.92052665296225087E-05
  7.9028452E-03  3.68367046646600471E+01  1.35024039949375556E-02  3.83146617827405617E-04  4.70817006067528819E-05 -7.01484877999322763E-05
  7.9565146E-03  3.71050650845099383E+01  1.35881879280767056E-02  3.88368159484419912E-04  4.77233481896403589E-05 -7.11044560133231740E-05
  8.0105424E-03  3.73740207609536839E+01  1.36738585333852809E-02  3.93660265193062383E-04  4.83736674474394526E-05 -7.20733426862042145E-05
  8.0649311E-03  3.76435485545515931E+01  1.37594016897189496E-02  3.99023884476000393E-04  4.90327750795744840E-05 -7.30553216375245273E-05
  8.1196830E-03  3.79136248850184003E+01  1.38448030599014060E-02  4.04459979604732155E-04  4.97007893526630148E-05 -7.40505690196396860E-05
  8.1748006E-03  3.81842257297578058E+01  1.39300480907721697E-02  4.09969525770542979E-04  5.03778301215398829E-05 -7.50592633495914972E-05
  8.2302863E-03  3.84553266225286308E+01  1.40151220133304926E-02  4.15553511257752859E-04  5.10640188505633402E-05 -7.60815855408065479E-05
  8.2861425E-03  3.87269026522473538E+01  1.41000098429784823E-02  4.21212937619282852E-04  5.17594786352065323E-05 -7.71177189352183380E-05
  8.3423718E-03  3.89989284619307597E+01  1.41846963798664440E-02  4.26948819854574549E-04  5.24643342239385348E-05 -7.81678493358202062E-05
  8.3989767E-03  3.92713782477827564E+01  1.42691662093434347E-02  4.32762186589895879E-04  5.31787120403993778E-05 -7.92321650396542686E-05
  8.4559595E-03  3.95442257584300734E+01  1.43534037025162455E-02  4.38654080261055579E-04  5.39027402058713418E-05 -8.03108568712408271E-05
  8.5133230E-03  3.98174442943107749E+01  1.44373930169199877E-02  4.44625557298571202E-04  5.46365485620521976E-05 -8.14041182164561506E-05
  8.5710695E-03  4.00910067072199112E+01  1.45211180973034027E-02  4.50677688315314923E-04  5.53802686941338524E-05 -8.25121450568634923E-05
  8.6292018E-03  4.03648854000167816E+01  1.46045626765322224E-02  4.56811558296675167E-04  5.61340339541901352E-05 -8.36351360045041079E-05
  8.6877222E-03  4.06390523264983372E+01  1.46877102766138634E-02  4.63028266793259508E-04  5.68979794848780194E-05 -8.47732923371525421E-05
  8.7466336E-03  4.09134789914427373E+01  1.47705442098467980E-02  4.69328928116185661E-04  5.76722422434570368E-05 -8.59268180340452776E-05
  8.8059383E-03  4.11881364508280186E+01  1.48530475800979639E-02  4.75714671534984161E-04  5.84569610261303696E-05 -8.70959198120868812E-05
  8.8656391E-03  4.14629953122301416E+01  1.49352032842117004E-02  4.82186641478155379E-04  5.92522764927126444E-05 -8.82808071625411800E-05
  8.9257387E-03  4.17380257354049675E+01  1.50169940135535997E-02  4.88745997736406796E-04  6.00583311916279215E-05 -8.94816923882124578E-05
  8.9862396E-03  4.20131974330586999E+01  1.50984022556927971E-02  4.95393915668616673E-04  6.08752695852431423E-05 -9.06987906411252338E-05
  9.0471446E-03  4.22884796718117570E+01  1.51794102962263325E-02  5.02131586410559387E-04  6.17032380755416776E-05 -9.19323199607085221E-05
  9.1084564E-03  4.25638412733602465E+01  1.52600002207490312E-02  5.08960217086416584E-04  6.25423850301399582E-05 -9.31825013124896247E-05
  9.1701776E-03  4.28392506158397595E+01  1.53401539169726823E-02  5.15881031023130614E-04  6.33928608086538960E-05 -9.44495586273071488E-05
  9.2323111E-03  4.31146756353965941E+01  1.54198530769979678E-02  5.22895267967623135E-04  6.42548177894182541E-05 -9.57337188410480196E-05
  9.2948595E-03  4.33900838279707770E+01  1.54990791997430578E-02  5.30004184306928270E-04  6.51284103965649749E-05 -9.70352119349169445E-05
  9.3578257E-03  4.36654422512954099E+01  1.55778135935324344E-02  5.37209053291264494E-04  6.60137951274632402E-05 -9.83542709762433163E-05
  9.4212124E-03  4.39407175271177479E+01  1.56560373788498068E-02  5.44511165260102388E-04  6.69111305805283072E-05 -9.96911321598353400E-05
  9.4850224E-03  4.42158758436459891E+01  1.57337314912588122E-02  5.51911827871260242E-04  6.78205774834037456E-05 -1.01046034849887646E-04
  9.5492586E-03  4.44908829582270968E+01  1.58108766844953924E-02  5.59412366333058306E-04  6.87422987215197020E-05 -1.02419221622448159E-04
  9.6139238E-03  4.47657042002603518E+01  1.58874535337357424E-02  5.67014123639591637E-04  6.96764593670357989E-05 -1.03810938308454451E-04
  9.6790209E-03  4.50403044743510037E+01  1.59634424390434800E-02  5.74718460809147237E-04  7.06232267081708499E-05 -1.05221434037345142E-04
  9.7445527E-03  4.53146482637093229E+01  1.60388236290003004E-02  5.82526757125821876E-04  7.15827702789270345E-05 -1.06650961281255880E-04
  9.8105222E-03  4.55886996337997417E+01  1.61135771645236105E-02  5.90440410384361495E-04  7.25552618892107967E-05 -1.08099775899804268E-04
  9.8769323E-03  4.58624222362443135E+01  1.61876829428754566E-02  5.98460837138291399E-04  7.35408756553591262E-05 -1.09568137185476349E-04
  9.9437859E-03  4.61357793129862870E+01  1.62611207018665063E-02  6.06589472951366698E-04  7.45397880310746247E-05 -1.11056307909618946E-04
  1.0011086E-02  4.64087337007173772E+01  1.63338700242590847E-02  6.14827772652381610E-04  7.55521778387745066E-05 -1.12564554369046967E-04
  1.0078836E-02  4.66812478355745313E+01  1.64059103423733026E-02  6.23177210593402349E-04  7.65782263013612064E-05 -1.14093146433275099E-04
  1.0147038E-02  4.69532837581101816E+01  1.64772209429002482E-02  6.31639280911444742E-04  7.76181170744176259E-05 -1.15642357592380052E-04
  1.0215695E-02  4.72248031185408976E+01  1.65477809719262736E-02  6.40215497793671161E-04  7.86720362788352097E-05 -1.17212465005504793E-04
  1.0284811E-02  4.74957671822796499E+01  1.66175694401723521E-02  6.48907395746118601E-04  7.97401725338780999E-05 -1.18803749550008711E-04
  1.0354389E-02  4.77661368357550487E+01  1.66865652284526704E-02  6.57716529866042132E-04  8.08227169906914749E-05 -1.20416495871277898E-04
  1.0424431E-02  4.80358725925238232E+01  1.67547470933562224E-02  6.66644476117891731E-04  8.19198633662588830E-05 -1.22050992433199381E-04
  1.0494942E-02  4.83049345996798607E+01  1.68220936731557288E-02  6.75692831612996437E-04  8.30318079778149555E-05 -1.23707531569312629E-04
  1.0565923E-02  4.85732826445645571E+01  1.68885834939476731E-02  6.84863214892976642E-04  8.41587497777186472E-05 -1.25386409534642399E-04
  1.0637378E-02  4.88408761617836973E+01  1.69541949760276360E-02  6.94157266216963338E-04  8.53008903887948527E-05 -1.27087926558226369E-04
  1.0709310E-02  4.91076742405343438E+01  1.70189064405047892E-02  7.03576647852661302E-04  8.64584341401500225E-05 -1.28812386896345893E-04
  1.0781723E-02  4.93736356322466960E+01  1.70826961161596319E-02  7.13123044371297729E-04  8.76315881034661284E-05 -1.30560098886465663E-04
  1.0854619E-02  4.96387187585450533E+01  1.71455421465489324E-02  7.22798162946531350E-04  8.88205621297834833E-05 -1.32331375001897337E-04
  1.0928003E-02  4.99028817195320826E+01  1.72074225973617781E-02  7.32603733657355644E-04  9.00255688867750690E-05 -1.34126531907192699E-04
  1.1001876E-02  5.01660823024007527E+01  1.72683154640307125E-02  7.42541509795063468E-04  9.12468238965212383E-05 -1.35945890514278339E-04
  1.1076243E-02  5.04282779903779854E+01  1.73281986796018535E-02  7.52613268174308456E-04  9.24845455737903049E-05 -1.37789776039338779E-04
  1.1151106E-02  5.06894259720035620E+01  1.73870501228678524E-02  7.62820809448339402E-04  9.37389552648325303E-05 -1.39658518060461849E-04
  1.1226469E-02  5.09494831507491455E+01  1.74448476267674429E-02  7.73165958428456636E-04  9.50102772866949074E-05 -1.41552450576055229E-04
  1.1302336E-02  5.12084061549803238E+01  1.75015689870554984E-02  7.83650564407729964E-04  9.62987389670609827E-05 -1.43471912064040987E-04
  1.1378709E-02  5.14661513482660951E+01  1.75571919712473462E-02  7.94276501489063827E-04  9.76045706846268701E-05 -1.45417245541843945E-04
  1.1455593E-02  5.17226748400389198E+01  1.76116943278408315E-02  8.05045668917644367E-04  9.89280059100171847E-05 -1.47388798627180777E-04
  1.1532990E-02  5.19779324966092915E+01  1.76650537958199620E-02  8.15959991417843219E-04  1.00269281247250300E-04 -1.49386923599662919E-04
  1.1610904E-02  5.22318799525378239E+01  1.77172481144437198E-02  8.27021419534617708E-04  1.01628636475758352E-04 -1.51411977463219473E-04
  1.1689338E-02  5.24844726223684646E+01  1.77682550333233720E-02  8.38231929979489838E-04  1.03006314592971203E-04 -1.53464322009357567E-04
  1.1768296E-02  5.27356657127256767E+01  1.78180523227919260E-02  8.49593525981158959E-04  1.04402561857472109E-04 -1.55544323881268485E-04
  1.1847781E-02  5.29854142347790642E+01  1.78666177845689285E-02  8.61108237640787768E-04  1.05817627832729524E-04 -1.57652354638786044E-04
  1.1927798E-02  5.32336730170776065E+01  1.79139292627240668E-02  8.72778122292063680E-04  1.07251765431417420E-04 -1.59788790824218132E-04
  1.2008348E-02  5.34803967187569143E+01  1.79599646549425396E-02  8.84605264866063115E-04  1.08705230960328225E-04 -1.61954014029054626E-04
  1.2089437E-02  5.37255398431216378E+01  1.80047019240955203E-02  8.96591778261009750E-04  1.10178284165889198E-04 -1.64148410961568623E-04
  1.2171067E-02  5.39690567516055850E+01  1.80481191101186864E-02  9.08739803716965256E-04  1.11671188280286919E-04 -1.66372373515317985E-04
  1.2253242E-02  5.42109016781116750E+01  1.80901943422015592E-02  9.21051511195545626E-04  1.13184210068211638E-04 -1.68626298838565284E-04
  1.2335966E-02  5.44510287437340210E+01  1.81309058512905720E-02  9.33529099764720247E-04  1.14717619874228627E-04 -1.70910589404624149E-04
  1.2419243E-02  5.46893919718634791E+01  1.81702319829085655E-02  9.46174797988739687E-04  1.16271691670781805E-04 -1.73225653083142981E-04
  1.2503076E-02  5.49259453036790930E+01  1.82081512102931706E-02  9.58990864323303852E-04  1.17846703106844132E-04 -1.75571903212344452E-04
  1.2587468E-02  5.51606426140260666E+01  1.82446421478565206E-02  9.71979587515998836E-04  1.19442935557217538E-04 -1.77949758672226902E-04
  1.2672425E-02  5.53934377276822900E+01  1.82796835649686289E-02  9.85143287012107613E-04  1.21060674172496132E-04 -1.80359643958746569E-04
  1.2757948E-02  5.56242844360137596E+01  1.83132544000664393E-02  9.98484313365827865E-04  1.22700207929695842E-04 -1.82801989258986835E-04
  1.2844043E-02  5.58531365140203917E+01  1.83453337750906671E-02  1.01200504865700601E-03  1.24361829683565311E-04 -1.85277230527333437E-04
  1.2930713E-02  5.60799477377722582E+01  1.83759010102521637E-02  1.02570790691345021E-03  1.26045836218585103E-04 -1.87785809562668901E-04
  1.3017962E-02  5.63046719022368549E+01  1.84049356391294480E-02  1.03959533453887071E-03  1.27752528301660169E-04 -1.90328174086592633E-04
  1.3105793E-02  5.65272628394976380E+01  1.84324174240989257E-02  1.05366981074656442E-03  1.29482210735522367E-04 -1.92904777822690108E-04
  1.3194211E-02  5.67476744373632442E+01  1.84583263720990015E-02  1.06793384799889059E-03  1.31235192412847103E-04 -1.95516080576858299E-04
  1.3283220E-02  5.69658606583675393E+01  1.84826427507293369E-02  1.08238999245263159E-03  1.33011786371096079E-04 -1.98162548318705101E-04
  1.3372823E-02  5.71817755591592487E+01  1.85053471046858313E-02  1.09704082441029619E-03  1.34812309848093549E-04 -2.00844653264032648E-04
  1.3463024E-02  5.73953733102805472E+01  1.85264202725324983E-02  1.11188895877747159E-03  1.36637084338349184E-04 -2.03562873958424334E-04
  1.3553828E-02  5.76066082163334841E+01  1.85458434038101409E-02  1.12693704552628560E-03  1.38486435650135028E-04 -2.06317695361946785E-04
  1.3645239E-02  5.78154347365321897E+01  1.85635979764824863E-02  1.14218777016507540E-03  1.40360693963328498E-04 -2.09109608934983403E-04
  1.3737259E-02  5.80218075056395364E+01  1.85796658147195544E-02  1.15764385421431634E-03  1.42260193888028147E-04 -2.11939112725210288E-04
  1.3829895E-02  5.82256813552856727E+01  1.85940291070180834E-02  1.17330805568893553E-03  1.44185274523957809E-04 -2.14806711455736856E-04
  1.3923149E-02  5.84270113356663359E+01  1.86066704246585050E-02  1.18918316958707129E-03  1.46136279520666458E-04 -2.17712916614421902E-04
  1.4017026E-02  5.86257527376176313E+01  1.86175727404976413E-02  1.20527202838535360E-03  1.48113557138532720E-04 -2.20658246544378595E-04
  1.4111529E-02  5.88218611150647419E+01  1.86267194480961504E-02  1.22157750254082162E-03  1.50117460310589734E-04 -2.23643226535690881E-04
  1.4206664E-02  5.90152923078404896E+01  1.86340943811793280E-02  1.23810250099954311E-03  1.52148346705176783E-04 -2.26668388918351292E-04
  1.4302435E-02  5.92060024648701670E+01  1.86396818334296499E-02  1.25484997171204627E-03  1.54206578789432716E-04 -2.29734273156441415E-04
  1.4398845E-02  5.93939480677185756E+01  1.86434665786090956E-02  1.27182290215562053E-03  1.56292523893637497E-04 -2.32841425943564371E-04
  1.4495899E-02  5.95790859544941753E+01  1.86454338910090299E-02  1.28902431986361492E-03  1.58406554276417774E-04 -2.35990401299554346E-04
  1.4593601E-02  5.97613733441059836E+01  1.86455695662250641E-02  1.30645729296182149E-03  1.60549047190827618E-04 -2.39181760668476245E-04
  1.4691955E-02  5.99407678608671901E+01  1.86438599422538778E-02  1.32412493071199606E-03  1.62720384951311672E-04 -2.42416073017928229E-04
  1.4790967E-02  6.01172275594407139E+01  1.86402919209088733E-02  1.34203038406267828E-03  1.64920955001568589E-04 -2.45693914939673673E-04
  1.4890639E-02  6.02907109501191556E+01  1.86348529895508964E-02  1.36017684620735229E-03  1.67151149983322080E-04 -2.49015870751612362E-04
  1.4990978E-02  6.04611770244340860E+01  1.86275312431301125E-02  1.37856755315008436E-03  1.69411367806016663E-04 -2.52382532601113491E-04
  1.5091986E-02  6.06285852810863801E+01  1.86183154065345767E-02  1.39720578427869981E-03  1.71702011717442721E-04 -2.55794500569723527E-04
  1.5193669E-02  6.07928957521909794E+01  1.86071948572407372E-02  1.41609486294563087E-03  1.74023490375311657E-04 -2.59252382779272923E-04
  1.5296032E-02  6.09540690298281120E+01  1.85941596482606872E-02  1.43523815705654304E-03  1.76376217919790970E-04 -2.62756795499398291E-04
  1.5399077E-02  6.11120662928921092E+01  1.85792005313806449E-02  1.45463907966679028E-03  1.78760614047007363E-04 -2.66308363256493447E-04
  1.5502811E-02  6.12668493342298390E+01  1.85623089806842730E-02  1.47430108958587162E-03  1.81177104083538612E-04 -2.69907718944118000E-04
  1.5607238E-02  6.14183805880591578E+01  1.85434772163548950E-02  1.49422769198995394E-03  1.83626119061902529E-04 -2.73555503934874711E-04
  1.5712363E-02  6.15666231576575669E+01  1.85226982287492528E-02  1.51442243904258275E-03  1.86108095797058343E-04 -2.77252368193779903E-04
  1.5818189E-02  6.17115408433110986E+01  1.84999658027354859E-02  1.53488893052367362E-03  1.88623476963930984E-04 -2.80998970393142112E-04
  1.5924722E-02  6.18530981705130571E+01  1.84752745422875481E-02  1.55563081446691786E-03  1.91172711175976973E-04 -2.84795978028973414E-04
  1.6031967E-02  6.19912604184007776E+01  1.84486198953276483E-02  1.57665178780570640E-03  1.93756253064801705E-04 -2.88644067538952847E-04
  1.6139928E-02  6.21259936484196871E+01  1.84199981788077914E-02  1.59795559702767954E-03  1.96374563360845631E-04 -2.92543924421961377E-04
  1.6248610E-02  6.22572647332017652E+01  1.83894066040211010E-02  1.61954603883800760E-03  1.99028108975148423E-04 -2.96496243359205768E-04
  1.6358017E-02  6.23850413856463817E+01  1.83568433021329448E-02  1.64142696083154787E-03  2.01717363082210937E-04 -3.00501728336961165E-04
  1.6468156E-02  6.25092921881898249E+01  1.83223073499213344E-02  1.66360226217398166E-03  2.04442805203969437E-04 -3.04561092770946754E-04
  1.6579030E-02  6.26299866222507049E+01  1.82857987957159435E-02  1.68607589429202627E-03  2.07204921294891074E-04 -3.08675059632356570E-04
  1.6690644E-02  6.27470950978359383E+01  1.82473186855235670E-02  1.70885186157288698E-03  2.10004203828212111E-04 -3.12844361575570159E-04
  1.6803004E-02  6.28605889832937663E+01  1.82068690893285069E-02  1.73193422207304211E-03  2.12841151883332236E-04 -3.17069741067564691E-04
  1.6916115E-02  6.29704406351976260E+01  1.81644531275546826E-02  1.75532708823650132E-03  2.15716271234380272E-04 -3.21351950519050778E-04
  1.7029980E-02  6.30766234283459752E+01  1.81200749976763234E-02  1.77903462762263017E-03  2.18630074439962995E-04 -3.25691752417349965E-04
  1.7144607E-02  6.31791117858611599E+01  1.80737400009633037E-02  1.80306106364372214E-03  2.21583080934121895E-04 -3.30089919461046841E-04
  1.7259999E-02  6.32778812093705909E+01  1.80254545693464448E-02  1.82741067631241147E-03  2.24575817118506101E-04 -3.34547234696432516E-04
  1.7376161E-02  6.33729083092530203E+01  1.79752262923876492E-02  1.85208780299904669E-03  2.27608816455779524E-04 -3.39064491655759540E-04
  1.7493099E-02  6.34641708349322542E+01  1.79230639443389780E-02  1.87709683919919860E-03  2.30682619564281645E-04 -3.43642494497343532E-04
  1.7610819E-02  6.35516477051989526E+01  1.78689775112741214E-02  1.90244223931139976E-03  2.33797774313956240E-04 -3.48282058147525257E-04
  1.7729324E-02  6.36353190385425975E+01  1.78129782182750857E-02  1.92812851742527980E-03  2.36954835923566148E-04 -3.52984008444524899E-04
  1.7848621E-02  6.37151661834730518E+01  1.77550785566562529E-02  1.95416024812019966E-03  2.40154367059208080E-04 -3.57749182284205233E-04
  1.7968715E-02  6.37911717488122960E+01  1.76952923112071898E-02  1.98054206727456099E-03  2.43396937934150376E-04 -3.62578427767779542E-04
  1.8089610E-02  6.38633196339352978E+01  1.76336345874349293E-02  2.00727867288592616E-03  2.46683126410009287E-04 -3.67472604351483227E-04
  1.8211314E-02  6.39315950589391377E+01  1.75701218387857919E-02  2.03437482590205186E-03  2.50013518099276419E-04 -3.72432582998233742E-04
  1.8333830E-02  6.39959845947178110E+01  1.75047718938259357E-02  2.06183535106304163E-03  2.53388706469224870E-04 -3.77459246331309319E-04
  1.8457164E-02  6.40564761929214228E+01  1.74376039833593031E-02  2.08966513775472569E-03  2.56809292947205218E-04 -3.82553488790072322E-04
  1.8581322E-02  6.41130592157762038E+01  1.73686387674605869E-02  2.11786914087343453E-03  2.60275887027354587E-04 -3.87716216787764145E-04
  1.8706309E-02  6.41657244657420591E+01  1.72978983624005357E-02  2.14645238170229095E-03  2.63789106378731512E-04 -3.92948348871392718E-04
  1.8832131E-02  6.42144642149837068E+01  1.72254063674395427E-02  2.17541994879921242E-03  2.67349576954903074E-04 -3.98250815883751730E-04
  1.8958793E-02  6.42592722346309699E+01  1.71511878914653478E-02  2.20477699889676465E-03  2.70957933105001416E-04 -4.03624561127593009E-04
  1.9086301E-02  6.43001438238031255E+01  1.70752695794493675E-02  2.23452875781398686E-03  2.74614817686263707E-04 -4.09070540531974579E-04
  1.9214661E-02  6.43370758383715611E+01  1.69976796386957542E-02  2.26468052138042433E-03  2.78320882178085659E-04 -4.14589722820828620E-04
  1.9343878E-02  6.43700667194349023E+01  1.69184478648561759E-02  2.29523765637243936E-03  2.82076786797597317E-04 -4.20183089683761420E-04
  1.9473958E-02  6.43991165214800816E+01  1.68376056676828104E-02  2.32620560146206247E-03  2.85883200616794512E-04 -4.25851635949130636E-04
  1.9604906E-02  6.44242269402016348E+01  1.67551860964910565E-02  2.35758986817843907E-03  2.89740801681232548E-04 -4.31596369759412127E-04
  1.9736730E-02  6.44454013399522978E+01  1.66712238653026271E-02  2.38939604188213774E-03  2.93650277130314203E-04 -4.37418312748904430E-04
  1.9869433E-02  6.44626447807965093E+01  1.65857553776390804E-02  2.42162978275245466E-03  2.97612323319191348E-04 -4.43318500223792401E-04
  2.0003023E-02  6.44759640451378431E+01  1.64988187509347121E-02  2.45429682678783515E-03  3.01627645942293202E-04 -4.49297981344596220E-04
  2.0137505E-02  6.44853676638922337E+01  1.64104538405372147E-02  2.48740298681968553E-03  3.05696960158517088E-04 -4.55357819311049815E-04
  2.0272886E-02  6.44908659421763844E+01  1.63207022632635285E-02  2.52095415353967289E-03  3.09820990718090938E-04 -4.61499091549429584E-04
  2.0409170E-02  6.44924709844819830E+01  1.62296074204774099E-02  2.55495629654073310E-03  3.14000472091140312E-04 -4.67722889902375265E-04
  2.0546365E-02  6.44901967193054020E+01  1.61372145206546275E-02  2.58941546537192835E-03  3.18236148597972855E-04 -4.74030320821221274E-04
  2.0684476E-02  6.44840589232016157E+01  1.60435706014006446E-02  2.62433779060739815E-03  3.22528774541113253E-04 -4.80422505560889094E-04
  2.0823509E-02  6.44740752442314005E+01  1.59487245508849740E-02  2.65972948492952579E-03  3.26879114339102123E-04 -4.86900580377360771E-04
  2.0963471E-02  6.44602652247699410E+01  1.58527271286555034E-02  2.69559684422658510E-03  3.31287942662094801E-04 -4.93465696727778450E-04
  2.1104368E-02  6.44426503236450969E+01  1.57556309857951361E-02  2.73194624870493714E-03  3.35756044569266885E-04 -5.00119021473187202E-04
  2.1246205E-02  6.44212539375729136E+01  1.56574906843827098E-02  2.76878416401611779E-03  3.40284215648069873E-04 -5.06861737083978540E-04
  2.1388990E-02  6.43961014218571961E+01  1.55583627162185940E-02  2.80611714239892068E-03  3.44873262155348580E-04 -5.13695041848054529E-04
  2.1532729E-02  6.43672201103208721E+01  1.54583055207754387E-02  2.84395182383666680E-03  3.49524001160347463E-04 -5.20620150081748637E-04
  2.1677427E-02  6.43346393344351100E+01  1.53573795023329140E-02  2.88229493722992180E-03  3.54237260689635816E-04 -5.27638292343547027E-04
  2.1823092E-02  6.42983904416129093E+01  1.52556470462551497E-02  2.92115330158481366E-03  3.59013879873972929E-04 -5.34750715650641572E-04
  2.1969730E-02  6.42585068126336125E+01  1.51531725343683026E-02  2.96053382721721227E-03  3.63854709097144165E-04 -5.41958683698356655E-04
  2.2117347E-02  6.42150238781630947E+01  1.50500223593953049E-02  3.00044351697287661E-03  3.68760610146783181E-04 -5.49263477082474359E-04
  2.2265950E-02  6.41679791343369885E+01  1.49462649384036750E-02  3.04088946746391585E-03  3.73732456367223138E-04 -5.56666393524515423E-04
  2.2415546E-02  6.41174121573707367E+01  1.48419707252219566E-02  3.08187887032169852E-03  3.78771132814392428E-04 -5.64168748100003152E-04
  2.2566140E-02  6.40633646171633160E+01  1.47372122217792299E-02  3.12341901346639651E-03  3.83877536412783140E-04 -5.71771873469741521E-04
  2.2717740E-02  6.40058802898582968E+01  1.46320639883216457E-02  3.16551728239349364E-03  3.89052576114525201E-04 -5.79477120114169487E-04
  2.2870353E-02  6.39450050693290848E+01  1.45266026524591765E-02  3.20818116147737580E-03  3.94297173060591136E-04 -5.87285856570808639E-04
  2.3023985E-02  6.38807869775517219E+01  1.44209069169950847E-02  3.25141823529230545E-03  3.99612260744161107E-04 -5.95199469674861643E-04
  2.3178643E-02  6.38132761738313405E+01  1.43150575664899183E-02  3.29523618995092348E-03  4.04998785176172453E-04 -6.03219364802987297E-04
  2.3334334E-02  6.37425249628469928E+01  1.42091374725112976E-02  3.33964281446061254E-03  4.10457705053090757E-04 -6.11346966120307586E-04
  2.3491065E-02  6.36685878014793261E+01  1.41032315975199319E-02  3.38464600209790849E-03  4.15989991926930423E-04 -6.19583716830685461E-04
  2.3648843E-02  6.35915213043870224E+01  1.39974269973420842E-02  3.43025375180113943E-03  4.21596630377544807E-04 -6.27931079430305190E-04
  2.3807674E-02  6.35113842482963875E+01  1.38918128221777164E-02  3.47647416958166231E-03  4.27278618187231884E-04 -6.36390535964614077E-04
  2.3967566E-02  6.34282375749696996E+01  1.37864803160932629E-02  3.52331546995381800E-03  4.33036966517675659E-04 -6.44963588288659890E-04
  2.4128526E-02  6.33421443928180352E+01  1.36815228149475346E-02  3.57078597738395625E-03  4.38872700089260308E-04 -6.53651758330873567E-04
  2.4290561E-02  6.32531699771234699E+01  1.35770357426985150E-02  3.61889412775866877E-03  4.44786857362779479E-04 -6.62456588360331661E-04
  2.4453678E-02  6.31613817688370176E+01  1.34731166060386466E-02  3.66764846987258867E-03  4.50780490723588735E-04 -6.71379641257558390E-04
  2.4617884E-02  6.30668493719185079E+01  1.33698649873057324E-02  3.71705766693596149E-03  4.56854666668216535E-04 -6.80422500788902939E-04
  2.4783188E-02  6.29696445491846148E+01  1.32673825356160874E-02  3.76713049810228386E-03  4.63010465993484441E-04 -6.89586771884549070E-04
  2.4949595E-02  6.28698412166319187E+01  1.31657729561664508E-02  3.81787586001617121E-03  4.69248983988147382E-04 -6.98874080920181950E-04
  2.5117113E-02  6.27675154362020749E+01  1.30651419976508081E-02  3.86930276838188354E-03  4.75571330627111292E-04 -7.08286076002388656E-04
  2.5285751E-02  6.26627454069573204E+01  1.29655974377380582E-02  3.92142035955267681E-03  4.81978630768252557E-04 -7.17824427257827361E-04
  2.5455514E-02  6.25556114546337483E+01  1.28672490665562508E-02  3.97423789214121966E-03  4.88472024351863402E-04 -7.27490827126200880E-04
  2.5626412E-02  6.24461960195412971E+01  1.27702086681290572E-02  4.02776474865147987E-03  4.95052666602779651E-04 -7.37286990657113283E-04
  2.5798450E-02  6.23345836427800037E+01  1.26745899997100508E-02  4.08201043713224149E-03  5.01721728235210202E-04 -7.47214655810830722E-04
  2.5971638E-02  6.22208609507420292E+01  1.25805087689602850E-02  4.13698459285263137E-03  5.08480395660312954E-04 -7.57275583763023993E-04
  2.6145983E-02  6.21051166378700898E+01  1.24880826089148328E-02  4.19269697999983398E-03  5.15329871196545811E-04 -7.67471559213515051E-04
  2.6321491E-02  6.19874414476438815E+01  1.23974310506838898E-02  4.24915749339940287E-03  5.22271373282839251E-04 -7.77804390699104032E-04
  2.6498172E-02  6.18679281517662076E+01  1.23086754938343725E-02  4.30637616025843478E-03  5.29306136694627952E-04 -7.88275910910527953E-04
  2.6676033E-02  6.17466715275215776E+01  1.22219391743979937E-02  4.36436314193180529E-03  5.36435412762762808E-04 -7.98887977013579059E-04
  2.6855082E-02  6.16237683332816886E+01  1.21373471304523049E-02  4.42312873571193074E-03  5.43660469595367863E-04 -8.09642470974470210E-04
  2.7035327E-02  6.14993172821318268E+01  1.20550261652213365E-02  4.48268337664223856E-03  5.50982592302662528E-04 -8.20541299889481239E-04
  2.7216775E-02  6.13734190135940025E+01  1.19751048076431055E-02  4.54303763935475988E-03  5.58403083224797998E-04 -8.31586396318953068E-04
  2.7399435E-02  6.12461760634235262E+01  1.18977132703516481E-02  4.60420223993201691E-03  5.65923262162736692E-04 -8.42779718625667317E-04
  2.7583315E-02  6.11176928314570205E+01  1.18229834050218481E-02  4.66618803779369432E-03  5.73544466612234904E-04 -8.54123251317694338E-04
  2.7768424E-02  6.09880755474902259E+01  1.17510486550260786E-02  4.72900603760832792E-03  5.81268052000953692E-04 -8.65619005395752402E-04
  2.7954768E-02  6.08574322351663000E+01  1.16820440053524224E-02  4.79266739123029081E-03  5.89095391928741181E-04 -8.77269018705129425E-04
  2.8142357E-02  6.07258726738554273E+01  1.16161059297348358E-02  4.85718339966253500E-03  5.97027878411140675E-04 -8.89075356292239982E-04
  2.8331199E-02  6.05935083585084726E+01  1.15533723349470797E-02  4.92256551504532697E-03  6.05066922126152912E-04 -9.01040110765874533E-04
  2.8521302E-02  6.04604524574690814E+01  1.14939825022126688E-02  4.98882534267138140E-03  6.13213952664308807E-04 -9.13165402663200921E-04
  2.8712675E-02  6.03268197682287450E+01  1.14380770256846797E-02  5.05597464302764543E-03  6.21470418782084475E-04 -9.25453380820561301E-04
  2.8905326E-02  6.01927266711125597E+01  1.13857977479501788E-02  5.12402533386419144E-03  6.29837788658712725E-04 -9.37906222749160441E-04
  2.9099263E-02  6.00582910808831940E+01  1.13372876925155290E-02  5.19298949229057057E-03  6.38317550156439727E-04 -9.50526135015689099E-04
  2.9294496E-02  5.99236323962538648E+01  1.12926909932301936E-02  5.26287935689982115E-03  6.46911211084251871E-04 -9.63315353627928008E-04
  2.9491032E-02  5.97888714473009557E+01  1.12521528206080672E-02  5.33370732992072966E-03  6.55620299465150039E-04 -9.76276144425438069E-04
  2.9688882E-02  5.96541304407700608E+01  1.12158193050072956E-02  5.40548597939853690E-03  6.64446363806990353E-04 -9.89410803475364396E-04
  2.9888052E-02  5.95195329032702887E+01  1.11838374566309261E-02  5.47822804140459148E-03  6.73390973376961880E-04 -1.00272165747344964E-03
  3.0088553E-02  5.93852036223535791E+01  1.11563550823128715E-02  5.55194642227515179E-03  6.82455718479730460E-04 -1.01621106415028615E-03
  3.0290393E-02  5.92512685854772414E+01  1.11335206990555175E-02  5.62665420087993598E-03  6.91642210739309808E-04 -1.02988141268291634E-03
  3.0493580E-02  5.91178549168509946E+01  1.11154834442873628E-02  5.70236463092066610E-03  7.00952083384713759E-04 -1.04373512411183003E-03
  3.0698125E-02  5.89850908121698794E+01  1.11023929828114563E-02  5.77909114325999163E-03  7.10386991539419714E-04 -1.05777465176340891E-03
  3.0904036E-02  5.88531054712384005E+01  1.10943994104175363E-02  5.85684734828129626E-03  7.19948612514719594E-04 -1.07200248167792678E-03
  3.1111322E-02  5.87220290284919670E+01  1.10916531541333345E-02  5.93564703827966379E-03  7.29638646106989209E-04 -1.08642113304314655E-03
  3.1319993E-02  5.85919924814239508E+01  1.10943048690931613E-02  6.01550418988455998E-03  7.39458814898951182E-04 -1.10103315863360469E-03
  3.1530057E-02  5.84631276169296470E+01  1.11025053320043966E-02  6.09643296651441857E-03  7.49410864564950823E-04 -1.11584114525562937E-03
  3.1741524E-02  5.83355669355796920E+01  1.11164053311957039E-02  6.17844772086383227E-03  7.59496564180339728E-04 -1.13084771419820289E-03
  3.1954404E-02  5.82094435738383069E+01  1.11361555532333394E-02  6.26156299742350146E-03  7.69717706534985631E-04 -1.14605552168970640E-03
  3.2168705E-02  5.80848912242436697E+01  1.11619064660954427E-02  6.34579353503361785E-03  7.80076108450993401E-04 -1.16146725936065514E-03
  3.2384437E-02  5.79620440535703736E+01  1.11938081988972125E-02  6.43115426947084290E-03  7.90573611104664628E-04 -1.17708565471246287E-03
  3.2601610E-02  5.78410366189966965E+01  1.12320104181633362E-02  6.51766033606959120E-03  8.01212080352777206E-04 -1.19291347159235055E-03
  3.2820234E-02  5.77220037822998293E+01  1.12766622006476441E-02  6.60532707237790947E-03  8.11993407063236420E-04 -1.20895351067445457E-03
  3.3040318E-02  5.76050806221083604E+01  1.13279119027034948E-02  6.69417002084839174E-03  8.22919507450136029E-04 -1.22520860994721273E-03
  3.3261871E-02  5.74904023442399676E+01  1.13859070262123802E-02  6.78420493156466423E-03  8.33992323413323229E-04 -1.24168164520711941E-03
  3.3484904E-02  5.73781041901570816E+01  1.14507940810821118E-02  6.87544776500386649E-03  8.45213822882495366E-04 -1.25837553055892161E-03
  3.3709427E-02  5.72683213435758702E+01  1.15227184443300792E-02  6.96791469483562607E-03  8.56586000165916435E-04 -1.27529321892235338E-03
  3.3935450E-02  5.71611888352653139E+01  1.16018242157713367E-02  7.06162211075786559E-03  8.68110876303783180E-04 -1.29243770254545086E-03
  3.4162981E-02  5.70568414460766249E+01  1.16882540703357601E-02  7.15658662137013367E-03  8.79790499426334684E-04 -1.30981201352458427E-03
  3.4392033E-02  5.69554136082462819E+01  1.17821491070428542E-02  7.25282505708482392E-03  8.91626945116759232E-04 -1.32741922433126541E-03
  3.4622614E-02  5.68570393050178851E+01  1.18836486946678217E-02  7.35035447307671574E-03  9.03622316778940511E-04 -1.34526244834579718E-03
  3.4854735E-02  5.67618519686311913E+01  1.19928903141370870E-02  7.44919215227147959E-03  9.15778746010143538E-04 -1.36334484039789304E-03
  3.5088407E-02  5.66699843767296798E+01  1.21100093976965646E-02  7.54935560837354577E-03  9.28098392978676866E-04 -1.38166959731431918E-03
  3.5323639E-02  5.65815685472404368E+01  1.22351391649011803E-02  7.65086258893390905E-03  9.40583446806625163E-04 -1.40023995847368080E-03
  3.5560442E-02  5.64967356317830607E+01  1.23684104554793381E-02  7.75373107845829090E-03  9.53236125957679283E-04 -1.41905920636839163E-03
  3.5798827E-02  5.64156158076675212E+01  1.25099515591316109E-02  7.85797930155630181E-03  9.66058678630181997E-04 -1.43813066717397723E-03
  3.6038803E-02  5.63383381685433378E+01  1.26598880423284075E-02  7.96362572613208870E-03  9.79053383155421798E-04 -1.45745771132577097E-03
  3.6280383E-02  5.62650306137653615E+01  1.28183425721772031E-02  8.07068906661693661E-03  9.92222548401255466E-04 -1.47704375410308373E-03
  3.6523575E-02  5.61958197365448271E+01  1.29854347374357745E-02  8.17918828724444394E-03  1.00556851418113526E-03 -1.49689225622097444E-03
  3.6768392E-02  5.61308307109565021E+01  1.31612808667539126E-02  8.28914260536882906E-03  1.01909365166861316E-03 -1.51700672442969201E-03
  3.7014845E-02  5.60701871778763987E+01  1.33459938442324032E-02  8.40057149482691980E-03  1.03280036381739240E-03 -1.53739071212190704E-03
  3.7262943E-02  5.60140111299269776E+01  1.35396829223941289E-02  8.51349468934422399E-03  1.04669108578698514E-03 -1.55804781994778579E-03
  3.7512698E-02  5.59624227955098519E+01  1.37424535326689003E-02  8.62793218598596236E-03  1.06076828537408755E-03 -1.57898169643806404E-03
  3.7764121E-02  5.59155405220089960E+01  1.39544070935000500E-02  8.74390424865335858E-03  1.07503446344971317E-03 -1.60019603863517852E-03
  3.8017223E-02  5.58734806582500312E+01  1.41756408161876624E-02  8.86143141162597583E-03  1.08949215440218468E-03 -1.62169459273257821E-03
  3.8272015E-02  5.58363574363047164E+01  1.44062475085901514E-02  8.98053448315047111E-03  1.10414392658604002E-03 -1.64348115472228774E-03
  3.8528510E-02  5.58042828527318093E+01  1.46463153768129073E-02  9.10123454907658599E-03  1.11899238277695843E-03 -1.66555957105087049E-03
  3.8786717E-02  5.57773665493491961E+01  1.48959278250200000E-02  9.22355297654092743E-03  1.13404016063276924E-03 -1.68793373928386651E-03
  3.9046649E-02  5.57557156936341514E+01  1.51551632535119347E-02  9.34751141769893899E-03  1.14928993316062338E-03 -1.71060760877879284E-03
  3.9308316E-02  5.57394348588524480E+01  1.54240948552201700E-02  9.47313181350604647E-03  1.16474440919042167E-03 -1.73358518136686830E-03
  3.9571732E-02  5.57286259040187062E+01  1.57027904107763620E-02  9.60043639754828287E-03  1.18040633385457523E-03 -1.75687051204351545E-03
  3.9836906E-02  5.57233878537940228E+01  1.59913120823221046E-02  9.72944769992328991E-03  1.19627848907418615E-03 -1.78046770966778243E-03
  4.0103852E-02  5.57238167784291747E+01  1.62897162062325199E-02  9.86018855117202705E-03  1.21236369405172662E-03 -1.80438093767076955E-03
  4.0372580E-02  5.57300056738644400E+01  1.65980530849350119E-02  9.99268208626217895E-03  1.22866480577031286E-03 -1.82861441477319008E-03
  4.0643103E-02  5.57420443420996321E+01  1.69163667780124066E-02  1.01269517486237658E-02  1.24518471949966350E-03 -1.85317241571219420E-03
  4.0915433E-02  5.57600192719516699E+01  1.72446948927876195E-02  1.02630212942374961E-02  1.26192636930881597E-03 -1.87805927197750720E-03
  4.1189582E-02  5.57840135203166341E+01  1.75830683745952822E-02  1.04009147957767768E-02  1.27889272858570783E-03 -1.90327937255707212E-03
  4.1465561E-02  5.58141065940589627E+01  1.79315112969538580E-02  1.05406566468039132E-02  1.29608681056370069E-03 -1.92883716469226057E-03
  4.1743384E-02  5.58503743326510218E+01  1.82900406518599762E-02  1.06822715660213185E-02  1.31351166885517335E-03 -1.95473715464281354E-03
  4.2023062E-02  5.58928887916891668E+01  1.86586661404350949E-02  1.08257846015781360E-02  1.33117039799220322E-03 -1.98098390846155811E-03
  4.2304609E-02  5.59417181274140987E+01  1.90373899641630359E-02  1.09712211354334021E-02  1.34906613397452668E-03 -2.00758205277911349E-03
  4.2588035E-02  5.59969264823664830E+01  1.94262066169652164E-02  1.11186068877762445E-02  1.36720205482481210E-03 -2.03453627559864979E-03
  4.2873354E-02  5.60585738723095730E+01  1.98251026783688410E-02  1.12679679215036480E-02  1.38558138115133888E-03 -2.06185132710080821E-03
  4.3160579E-02  5.61267160745539186E+01  2.02340566080319757E-02  1.14193306467570126E-02  1.40420737671824013E-03 -2.08953202045896813E-03
  4.3449723E-02  5.62014045178200021E+01  2.06530385418975428E-02  1.15727218255177386E-02  1.42308334902333552E-03 -2.11758323266492783E-03
  4.3740797E-02  5.62826861737769022E+01  2.10820100902570952E-02  1.17281685762630084E-02  1.44221264988372150E-03 -2.14600990536517079E-03
  4.4033815E-02  5.63706034503969065E+01  2.15209241380132678E-02  1.18856983786821448E-02  1.46159867602916834E-03 -2.17481704570778468E-03
  4.4328790E-02  5.64651940872673634E+01  2.19697246474387063E-02  1.20453390784546165E-02  1.48124486970346077E-03 -2.20400972720024126E-03
  4.4625736E-02  5.65664910530022667E+01  2.24283464637369881E-02  1.22071188920904426E-02  1.50115471927379654E-03 -2.23359309057812082E-03
  4.4924664E-02  5.66745224448979101E+01  2.28967151237199039E-02  1.23710664118334823E-02  1.52133175984829963E-03 -2.26357234468488799E-03
  4.5225589E-02  5.67893113909776233E+01  2.33747466679232845E-02  1.25372106106288097E-02  1.54177957390182045E-03 -2.29395276736292378E-03
  4.5528524E-02  5.69108759545721981E+01  2.38623474564918468E-02  1.27055808471547502E-02  1.56250179191008763E-03 -2.32473970635589276E-03
  4.5833481E-02  5.70392290415828640E+01  2.43594139891714322E-02  1.28762068709204810E-02  1.58350209299234828E-03 -2.35593858022260664E-03
  4.6140476E-02  5.71743783105750865E+01  2.48658327297548339E-02  1.30491188274298522E-02  1.60478420556259076E-03 -2.38755487926249361E-03
  4.6449521E-02  5.73163260858517845E+01  2.53814799353351342E-02  1.32243472634125583E-02  1.62635190798946861E-03 -2.41959416645285167E-03
  4.6760630E-02  5.74650692736548265E+01  2.59062214907279167E-02  1.34019231321233240E-02  1.64820902926508285E-03 -2.45206207839801862E-03
  4.7073816E-02  5.76205992816448358E+01  2.64399127484312088E-02  1.35818777987098665E-02  1.67035944968264632E-03 -2.48496432629055110E-03
  4.7389095E-02  5.77829019418079426E+01  2.69823983744987145E-02  1.37642430456507339E-02  1.69280710152325676E-03 -2.51830669688463257E-03
  4.7706479E-02  5.79519574369401056E+01  2.75335122007092196E-02  1.39490510782637397E-02  1.71555596975182714E-03 -2.55209505348179310E-03
  4.8025982E-02  5.81277402308573912E+01  2.80930770834212987E-02  1.41363345302860013E-02  1.73861009272232919E-03 -2.58633533692914034E-03
  4.8347620E-02  5.83102190024820075E+01  2.86609047695088048E-02  1.43261264695261886E-02  1.76197356289244773E-03 -2.62103356663017425E-03
  4.8671405E-02  5.84993565839517444E+01  2.92367957697787784E-02  1.45184604035903109E-02  1.78565052754780227E-03 -2.65619584156842441E-03
  4.8997353E-02  5.86951099029010237E+01  2.98205392402787275E-02  1.47133702856816345E-02  1.80964518953583291E-03 -2.69182834134398547E-03
  4.9325478E-02  5.88974299290598893E+01  3.04119128719059634E-02  1.49108905204759033E-02  1.83396180800952610E-03 -2.72793732722317796E-03
  4.9655795E-02  5.91062616253167832E+01  3.10106827887360326E-02  1.51110559700723974E-02  1.85860469918103211E-03 -2.76452914320137475E-03
  4.9988317E-02  5.93215439033885232E+01  3.16166034554923037E-02  1.53139019600223355E-02  1.88357823708538747E-03 -2.80161021707928202E-03
  5.0323060E-02  5.95432095842407421E+01  3.22294175945823241E-02  1.55194642854352156E-02  1.90888685435444357E-03 -2.83918706155274940E-03
  5.0660039E-02  5.97711853633988142E+01  3.28488561131303203E-02  1.57277792171639889E-02  1.93453504300111333E-03 -2.87726627531625142E-03
  5.0999269E-02  6.00053917812880613E+01  3.34746380404384244E-02  1.59388835080704026E-02  1.96052735521411734E-03 -2.91585454418028011E-03
  5.1340764E-02  6.02457431987395253E+01  3.41064704763113236E-02  1.61528143993711903E-02  1.98686840416333922E-03 -2.95495864220273255E-03
  5.1684539E-02  6.04921477777947771E+01  3.47440485506814306E-02  1.63696096270663782E-02  2.01356286481595625E-03 -2.99458543283451575E-03
  5.2030611E-02  6.07445074679408421E+01  3.53870553949726385E-02  1.65893074284502867E-02  2.04061547476344293E-03 -3.03474187007944391E-03
  5.2378994E-02  6.10027179979029910E+01  3.60351621256419508E-02  1.68119465487067965E-02  2.06803103505965105E-03 -3.07543499966872512E-03
  5.2729704E-02  6.12666688731198406E+01  3.66880278403378807E-02  1.70375662475897166E-02  2.09581441107008605E-03 -3.11667196025009656E-03
  5.3082756E-02  6.15362433790222454E+01  3.73452996271142687E-02  1.72662063061888547E-02  2.12397053333249555E-03 -3.15845998459179066E-03
  5.3438165E-02  6.18113185902323679E+01  3.80066125871371119E-02  1.74979070337837224E-02  2.15250439842899462E-03 -3.20080640080156560E-03
  5.3795949E-02  6.20917653857968475E+01  3.86715898713195089E-02  1.77327092747851280E-02  2.18142106986980982E-03 -3.24371863356090343E-03
  5.4156122E-02  6.23774484705631025E+01  3.93398427313177146E-02  1.79706544157663614E-02  2.21072567898885318E-03 -3.28720420537459814E-03
  5.4518700E-02  6.26682264028023255E+01  4.00109705853173570E-02  1.82117843925844805E-02  2.24042342585122588E-03 -3.33127073783583789E-03
  5.4883701E-02  6.29639516281797427E+01  4.06845610990351908E-02  1.84561416975933222E-02  2.27051958017286020E-03 -3.37592595290705372E-03
  5.5251138E-02  6.32644705201664692E+01  4.13601902823560463E-02  1.87037693869492802E-02  2.30101948225245505E-03 -3.42117767421665523E-03
  5.5621030E-02  6.35696234269826377E+01  4.20374226020194947E-02  1.89547110880104626E-02  2.33192854391582475E-03 -3.46703382837180172E-03
  5.5993392E-02  6.38792447251556226E+01  4.27158111107635644E-02  1.92090110068311448E-02  2.36325224947288130E-03 -3.51350244628746916E-03
  5.6368241E-02  6.41931628797720322E+01  4.33948975933255848E-02  1.94667139357520974E-02  2.39499615668738305E-03 -3.56059166453192959E-03
  5.6745593E-02  6.45112005114964688E+01  4.40742127296916766E-02  1.97278652610883808E-02  2.42716589775965157E-03 -3.60830972668887799E-03
  5.7125466E-02  6.48331744704228328E+01  4.47532762759771663E-02  1.99925109709151762E-02  2.45976718032237147E-03 -3.65666498473630770E-03
  5.7507876E-02  6.51588959168191053E+01  4.54315972633101417E-02  2.02606976629536688E-02  2.49280578844970988E-03 -3.70566590044243407E-03
  5.7892839E-02  6.54881704088196273E+01  4.61086742150788598E-02  2.05324725525574715E-02  2.52628758367990768E-03 -3.75532104677875301E-03
  5.8280374E-02  6.58207979971113701E+01  4.67839953828921712E-02  2.08078834808013875E-02  2.56021850605152399E-03 -3.80563910935052124E-03
  5.8670497E-02  6.61565733266554616E+01  4.74570390015887078E-02  2.10869789226730865E-02  2.59460457515348032E-03 -3.85662888784471308E-03
  5.9063225E-02  6.64952857454767354E+01  4.81272735636165405E-02  2.13698079953695795E-02  2.62945189118915078E-03 -3.90829929749578978E-03
  5.9458577E-02  6.68367194205478370E+01  4.87941581130905550E-02  2.16564204666995948E-02  2.66476663605466624E-03 -3.96065937056942069E-03
  5.9856568E-02  6.71806534607862318E+01  4.94571425598179515E-02  2.19468667635926117E-02  2.70055507443155455E-03 -4.01371825786426845E-03
  6.0257218E-02  6.75268620471753565E+01  5.01156680135657895E-02  2.22411979807166475E-02  2.73682355489401332E-03 -4.06748523023218490E-03
  6.0660544E-02  6.78751145700134089E+01  5.07691671388263710E-02  2.25394658892054713E-02  2.77357851103093465E-03 -4.12196968011690253E-03
  6.1066563E-02  6.82251757732847608E+01  5.14170645303166224E-02  2.28417229454970089E-02  2.81082646258291923E-03 -4.17718112311148571E-03
  6.1475294E-02  6.85768059061410042E+01  5.20587771094278146E-02  2.31480223002836355E-02  2.84857401659442200E-03 -4.23312919953464876E-03
  6.1886754E-02  6.89297608814706280E+01  5.26937145418202579E-02  2.34584178075765183E-02  2.88682786858130000E-03 -4.28982367602628260E-03
  6.2300963E-02  6.92837924415272255E+01  5.33212796763350982E-02  2.37729640338847949E-02  2.92559480371395357E-03 -4.34727444716229670E-03
  6.2717938E-02  6.96386483305773822E+01  5.39408690053719830E-02  2.40917162675109361E-02  2.96488169801618819E-03 -4.40549153708895153E-03
  6.3137698E-02  6.99940724745210048E+01  5.45518731468557089E-02  2.44147305279640812E-02  3.00469551958012235E-03 -4.46448510117700582E-03
  6.3560261E-02  7.03498051674268083E+01  5.51536773478899511E-02  2.47420635754922909E-02  3.04504332979727574E-03 -4.52426542769577243E-03
  6.3985646E-02  7.07055832649171379E+01  5.57456620101683051E-02  2.50737729207356451E-02  3.08593228460609520E-03 -4.58484293950738725E-03
  6.4413873E-02  7.10611403843266061E+01  5.63272032371845838E-02  2.54099168345007856E-02  3.12736963575607936E-03 -4.64622819578135258E-03
  6.4844959E-02  7.14162071115489852E+01  5.68976734032548698E-02  2.57505543576592444E-02  3.16936273208878955E-03 -4.70843189372975937E-03
  6.5278925E-02  7.17705112144773807E+01  5.74564417443329881E-02  2.60957453111706587E-02  3.21191902083595203E-03 -4.77146487036328362E-03
  6.5715788E-02  7.21237778629327551E+01  5.80028749705690863E-02  2.64455503062317986E-02  3.25504604893481903E-03 -4.83533810426811216E-03
  6.6155570E-02  7.24757298549657634E+01  5.85363379005278406E-02  2.68000307545538906E-02  3.29875146436112935E-03 -4.90006271740419438E-03
  6.6598288E-02  7.28260878494061927E+01  5.90561941169484572E-02  2.71592488787688636E-02  3.34304301747976587E-03 -4.96564997692484911E-03
  6.7043964E-02  7.31745706045250017E+01  5.95618066438933710E-02  2.75232677229666697E-02  3.38792856241350087E-03 -5.03211129701809038E-03
  6.7492615E-02  7.35208952226619203E+01  6.00525386450953894E-02  2.78921511633644960E-02  3.43341605842990664E-03 -5.09945824076973083E-03
  6.7944263E-02  7.38647774006634705E+01  6.05277541432756999E-02  2.82659639191100293E-02  3.47951357134677940E-03 -5.16770252204865228E-03
  6.8398928E-02  7.42059316859629092E+01  6.09868187601662753E-02  2.86447715632202962E-02  3.52622927495633079E-03 -5.23685600741437274E-03
  6.8856629E-02  7.45440717381252824E+01  6.14291004769296350E-02  2.90286405336568076E-02  3.57357145246827573E-03 -5.30693071804706155E-03
  6.9317387E-02  7.48789105956688843E+01  6.18539704146284230E-02  2.94176381445398726E-02  3.62154849797223033E-03 -5.37793883170039830E-03
  6.9781222E-02  7.52101609479639848E+01  6.22608036343550164E-02  2.98118325975025161E-02  3.67016891791952307E-03 -5.44989268467732223E-03
  7.0248155E-02  7.55375354119995137E+01  6.26489799565878996E-02  3.02112929931865441E-02  3.71944133262483044E-03 -5.52280477382904953E-03
  7.0718207E-02  7.58607468137966521E+01  6.30178847992979296E-02  3.06160893428813266E-02  3.76937447778770375E-03 -5.59668775857739657E-03
  7.1191397E-02  7.61795084742391424E+01  6.33669100342822145E-02  3.10262925803079827E-02  3.81997720603445079E-03 -5.67155446296081518E-03
  7.1667748E-02  7.64935344990778106E+01  6.36954548611574078E-02  3.14419745735501355E-02  3.87125848848054272E-03 -5.74741787770430800E-03
  7.2147281E-02  7.68025400728577665E+01  6.40029266983974388E-02  3.18632081371325732E-02  3.92322741631377387E-03 -5.82429116231332217E-03
  7.2630016E-02  7.71062417565053551E+01  6.42887420907534701E-02  3.22900670442501647E-02  3.97589320239855309E-03 -5.90218764719206094E-03
  7.3115975E-02  7.74043577883018088E+01  6.45523276323445028E-02  3.27226260391481338E-02  4.02926518290152962E-03 -5.98112083578625393E-03
  7.3605179E-02  7.76966083879603104E+01  6.47931209046591350E-02  3.31609608496560640E-02  4.08335281893890123E-03 -6.06110440675078094E-03
  7.4097651E-02  7.79827160635136494E+01  6.50105714286586256E-02  3.36051481998761864E-02  4.13816569824557948E-03 -6.14215221614213946E-03
  7.4593412E-02  7.82624059207076783E+01  6.52041416301206156E-02  3.40552658230291808E-02  4.19371353686662576E-03 -6.22427829963626954E-03
  7.5092484E-02  7.85354059745887838E+01  6.53733078173132504E-02  3.45113924744579401E-02  4.25000618087119537E-03 -6.30749687477172565E-03
  7.5594889E-02  7.88014474629617325E+01  6.55175611700372362E-02  3.49736079447920470E-02  4.30705360808928978E-03 -6.39182234321858216E-03
  7.6100649E-02  7.90602651613854164E+01  6.56364087390214068E-02  3.54419930732736907E-02  4.36486592987156939E-03 -6.47726929307314726E-03
  7.6609787E-02  7.93115976993652509E+01  6.57293744546065262E-02  3.59166297612479105E-02  4.42345339287265188E-03 -6.56385250117888421E-03
  7.7122326E-02  7.95551878773913046E+01  6.57960001435985015E-02  3.63976009858182764E-02  4.48282638085811206E-03 -6.65158693547365093E-03
  7.7638287E-02  7.97907829844629788E+01  6.58358465531208026E-02  3.68849908136698323E-02  4.54299541653548165E-03 -6.74048775736346868E-03
  7.8157695E-02  8.00181351157320790E+01  6.58484943802426781E-02  3.73788844150614169E-02  4.60397116340963315E-03 -6.83057032412315735E-03
  7.8680571E-02  8.02370014898883426E+01  6.58335453061079934E-02  3.78793680779890701E-02  4.66576442766285411E-03 -6.92185019132393869E-03
  7.9206940E-02  8.04471447659035022E+01  6.57906230332364200E-02  3.83865292225225238E-02  4.72838616005990045E-03 -7.01434311528838228E-03
  7.9736824E-02  8.06483333587419509E+01  6.57193743246176354E-02  3.89004564153159760E-02  4.79184745787836295E-03 -7.10806505557267081E-03
  8.0270247E-02  8.08403417536393221E+01  6.56194700431660533E-02  3.94212393842960085E-02  4.85615956686470760E-03 -7.20303217747669464E-03
  8.0807232E-02  8.10229508185436345E+01  6.54906061900539516E-02  3.99489690335281741E-02  4.92133388321639408E-03 -7.29926085458208231E-03
  8.1347804E-02  8.11959481143062050E+01  6.53325049403880032E-02  4.04837374582633219E-02  4.98738195559016075E-03 -7.39676767131822090E-03
  8.1891986E-02  8.13591282022043600E+01  6.51449156746463642E-02  4.10256379601671092E-02  5.05431548713719796E-03 -7.49556942555680561E-03
  8.2439802E-02  8.15122929483721919E+01  6.49276160042419614E-02  4.15747650627332418E-02  5.12214633756521206E-03 -7.59568313123488471E-03
  8.2991277E-02  8.16552518247095946E+01  6.46804127895303366E-02  4.21312145268836549E-02  5.19088652522800564E-03 -7.69712602100678343E-03
  8.3546436E-02  8.17878222058365907E+01  6.44031431485327654E-02  4.26950833667557178E-02  5.26054822924270499E-03 -7.79991554892491695E-03
  8.4105301E-02  8.19098296616533617E+01  6.40956754545986829E-02  4.32664698656807858E-02  5.33114379163517407E-03 -7.90406939314996712E-03
  8.4667900E-02  8.20211082450657187E+01  6.37579103211863146E-02  4.38454735923543976E-02  5.40268571951394924E-03 -8.00960545869049134E-03
  8.5234256E-02  8.21215007744290801E+01  6.33897815718974939E-02  4.44321954172001987E-02  5.47518668727294943E-03 -8.11654188017209809E-03
  8.5804394E-02  8.22108591102643942E+01  6.29912571938595206E-02  4.50267375289306673E-02  5.54865953882349976E-03 -8.22489702463661231E-03
  8.6378340E-02  8.22890444257946712E+01  6.25623402725071776E-02  4.56292034513054653E-02  5.62311728985598683E-03 -8.33468949437125503E-03
  8.6956119E-02  8.23559274708513982E+01  6.21030699057790944E-02  4.62396980600903174E-02  5.69857313013152032E-03 -8.44593812976816675E-03
  8.7537757E-02  8.24113888286977243E+01  6.16135220957062940E-02  4.68583276002173393E-02  5.77504042580396452E-03 -8.55866201221430409E-03
  8.8123279E-02  8.24553191653150037E+01  6.10938106153360305E-02  4.74851997031504325E-02  5.85253272177285646E-03 -8.67288046701216939E-03
  8.8712712E-02  8.24876194707007500E+01  6.05440878489018827E-02  4.81204234044561724E-02  5.93106374406749109E-03 -8.78861306633133867E-03
  8.9306082E-02  8.25082012917253422E+01  5.99645456031213386E-02  4.87641091615837602E-02  6.01064740226267633E-03 -8.90587963219115382E-03
  8.9903414E-02  8.25169869560972131E+01  5.93554158874750881E-02  4.94163688718543062E-02  6.09129779192645656E-03 -9.02470023947453751E-03
  9.0504736E-02  8.25139097869894300E+01  5.87169716612974055E-02  5.00773158906632487E-02  6.17302919710033780E-03 -9.14509521897343899E-03
  9.1110074E-02  8.24989143078809803E+01  5.80495275454860696E-02  5.07470650498975176E-02  6.25585609281247099E-03 -9.26708516046589881E-03
  9.1719455E-02  8.24719564371728353E+01  5.73534404966211039E-02  5.14257326765682407E-02  6.33979314762399011E-03 -9.39069091582484319E-03
  9.2332906E-02  8.24330036721409982E+01  5.66291104412671165E-02  5.21134366116630873E-02  6.42485522620922511E-03 -9.51593360215896751E-03
  9.2950453E-02  8.23820352617948828E+01  5.58769808682218275E-02  5.28102962292188866E-02  6.51105739197008551E-03 -9.64283460498579874E-03
  9.3572125E-02  8.23190423682149799E+01  5.50975393764647631E-02  5.35164324556176574E-02  6.59841490968509671E-03 -9.77141558143717823E-03
  9.4197949E-02  8.22440282159510332E+01  5.42913181765565661E-02  5.42319677891066332E-02  6.68694324819343183E-03 -9.90169846349703807E-03
  9.4827953E-02  8.21570082290682109E+01  5.34588945432372814E-02  5.49570263195462497E-02  6.77665808311461726E-03 -1.00337054612720609E-02
  9.5462164E-02  8.20580101554382964E+01  5.26008912169762949E-02  5.56917337483874425E-02  6.86757529960425189E-03 -1.01674590662951935E-02
  9.6100610E-02  8.19470741778813760E+01  5.17179767522340447E-02  5.64362174088793092E-02  6.95971099514606888E-03 -1.03029820548618967E-02
  9.6743321E-02  8.18242530117730240E+01  5.08108658102066971E-02  5.71906062865112780E-02  7.05308148238113428E-03 -1.04402974913997935E-02
  9.7390324E-02  8.16896119887437919E+01  4.98803193938422637E-02  5.79550310396901441E-02  7.14770329197437094E-03 -1.05794287318713553E-02
  9.8041649E-02  8.15432291261078177E+01  4.89271450229369353E-02  5.87296240206556519E-02  7.24359317551913698E-03 -1.07203994272102188E-02
  9.8697323E-02  8.13851951816711932E+01  4.79521968471464943E-02  5.95145192966348366E-02  7.34076810848004711E-03 -1.08632335267907238E-02
  9.9357376E-02  8.12156136935826680E+01  4.69563756947780908E-02  6.03098526712390406E-02  7.43924529317489640E-03 -1.10079552819313149E-02
  1.0002184E-01  8.10346010049043883E+01  4.59406290552636376E-02  6.11157617061054773E-02  7.53904216179597259E-03 -1.11545892494316727E-02
  1.0069074E-01  8.08422862725944213E+01  4.49059509932568379E-02  6.19323857427837229E-02  7.64017637947123941E-03 -1.13031602951435342E-02
  1.0136410E-01  8.06388114606082809E+01  4.38533819923421567E-02  6.27598659248718577E-02  7.74266584736606721E-03 -1.14536935975755837E-02
  1.0204197E-01  8.04243313168448850E+01  4.27840087263957544E-02  6.35983452204023775E-02  7.84652870582594822E-03 -1.16062146515324184E-02
  1.0272436E-01  8.01990133336774704E+01  4.16989637566954965E-02  6.44479684444814321E-02  7.95178333756075759E-03 -1.17607492717875274E-02
  1.0341131E-01  7.99630376918293564E+01  4.05994251529402245E-02  6.53088822821815962E-02  8.05844837087095825E-03 -1.19173235967904734E-02
  1.0410284E-01  7.97165971873742905E+01  3.94866160364069491E-02  6.61812353116927182E-02  8.16654268291658325E-03 -1.20759640924083238E-02
  1.0479900E-01  7.94598971416586153E+01  3.83618040435494551E-02  6.70651780277314591E-02  8.27608540302931031E-03 -1.22366975557015225E-02
  1.0549980E-01  7.91931552939658019E+01  3.72263007084215058E-02  6.79608628652110802E-02  8.38709591606821500E-03 -1.23995511187338179E-02
  1.0620529E-01  7.89166016767630083E+01  3.60814607623951150E-02  6.88684442231754373E-02  8.49959386581989815E-03 -1.25645522524168197E-02
  1.0691548E-01  7.86304784733931541E+01  3.49286813497361320E-02  6.97880784889974431E-02  8.61359915844340206E-03 -1.27317287703888025E-02
  1.0763042E-01  7.83350398580979999E+01  3.37694011576985392E-02  7.07199240628457321E-02  8.72913196596070487E-03 -1.29011088329281029E-02
  1.0835014E-01  7.80305518182817934E+01  3.26050994599027116E-02  7.16641413824193191E-02  8.84621272979304110E-03 -1.30727209509005991E-02
  1.0907466E-01  7.77172919589494171E+01  3.14372950718749544E-02  7.26208929479547211E-02  8.96486216434400074E-03 -1.32465939897418814E-02
  1.0980402E-01  7.73955492892779375E+01  3.02675452177414359E-02  7.35903433475067481E-02  9.08510126062991863E-03 -1.34227571734737532E-02
  1.1053825E-01  7.70656239913065662E+01  2.90974443071938607E-02  7.45726592825034645E-02  9.20695128995788377E-03 -1.36012400887548478E-02
  1.1127738E-01  7.67278271707556172E+01  2.79286226219728102E-02  7.55680095935796770E-02  9.33043380765239197E-03 -1.37820726889657380E-02
  1.1202145E-01  7.63824805900138273E+01  2.67627449112509547E-02  7.65765652866895741E-02  9.45557065683103916E-03 -1.39652852983281998E-02
  1.1277049E-01  7.60299163833584117E+01  2.56015088954390756E-02  7.75984995595010024E-02  9.58238397222994746E-03 -1.41509086160586262E-02
  1.1352454E-01  7.56704767545034542E+01  2.44466436780862370E-02  7.86339878280722243E-02  9.71089618407944104E-03 -1.43389737205553546E-02
  1.1428362E-01  7.53045136565980471E+01  2.32999080656983437E-02  7.96832077538148775E-02  9.84113002203088928E-03 -1.45295120736200836E-02
  1.1504776E-01  7.49323884548267358E+01  2.21630887954590919E-02  8.07463392707435806E-02  9.97310851913506963E-03 -1.47225555247129918E-02
  1.1581702E-01  7.45544715717938544E+01  2.10379986710022560E-02  8.18235646130151401E-02  1.01068550158730005E-02 -1.49181363152416403E-02
  1.1659141E-01  7.41711421159026401E+01  1.99264746065548649E-02  8.29150683427573448E-02  1.02423931642395844E-02 -1.51162870828831057E-02
  1.1737097E-01  7.37827874929713943E+01  1.88303755799472013E-02  8.40210373781916930E-02  1.03797469318810849E-02 -1.53170408659397059E-02
  1.1815573E-01  7.33898030013590130E+01  1.77515804951666641E-02  8.51416610220505909E-02  1.05189406062869955E-02 -1.55204311077278313E-02
  1.1894574E-01  7.29925914109030600E+01  1.66919859553192468E-02  8.62771309902892886E-02  1.06599987990367434E-02 -1.57264916609993859E-02
  1.1974103E-01  7.25915625260049211E+01  1.56535039470536638E-02  8.74276414410973396E-02  1.08029464501024110E-02 -1.59352567923962685E-02
  1.2054163E-01  7.21871327332270738E+01  1.46380594376990438E-02  8.85933890042087113E-02  1.09478088322078060E-02 -1.61467611869370205E-02
  1.2134757E-01  7.17797245338001204E+01  1.36475878865677473E-02  8.97745728105140278E-02  1.10946115552448404E-02 -1.63610399525358149E-02
  1.2215890E-01  7.13697660614669900E+01  1.26840326720791870E-02  9.09713945219741138E-02  1.12433805707476599E-02 -1.65781286245530075E-02
  1.2297564E-01  7.09576905861239027E+01  1.17493424365690251E-02  9.21840583618391551E-02  1.13941421764256045E-02 -1.67980631703774017E-02
  1.2379784E-01  7.05439360037488257E+01  1.08454683508597861E-02  9.34127711451738368E-02  1.15469230207556200E-02 -1.70208799940397802E-02
  1.2462553E-01  7.01289443131384473E+01  9.97436130088435145E-03  9.46577423096885417E-02  1.17017501076346567E-02 -1.72466159408568818E-02
  1.2545875E-01  6.97131610800063015E+01  9.13796899887134306E-03  9.59191839468806901E-02  1.18586508010932005E-02 -1.74753083021061163E-02
  1.2629753E-01  6.92970348890247010E+01  8.33823302182190064E-03  9.71973108334850955E-02  1.20176528300704015E-02 -1.77069948197300930E-02
  1.2714192E-01  6.88810167844228971E+01  7.57708578022988841E-03  9.84923404632370436E-02  1.21787842932518549E-02 -1.79417136910708132E-02
  1.2799194E-01  6.84655596997840803E+01  6.85644742022135933E-03  9.98044930789461632E-02  1.23420736639704536E-02 -1.81795035736327208E-02
  1.2884764E-01  6.80511178777126418E+01  6.17822266251459324E-03  1.01133991704885379E-01  1.25075497951715256E-02 -1.84204035898744602E-02
  1.2970906E-01  6.76381462800716804E+01  5.54429758182784210E-03  1.02481062179495513E-01  1.26752419244428698E-02 -1.86644533320287700E-02
  1.3057623E-01  6.72270999895185071E+01  4.95653633058821576E-03  1.03845933188403322E-01  1.28451796791103912E-02 -1.89116928669494574E-02
  1.3144919E-01  6.68184336030933252E+01  4.41677781102107168E-03  1.05228836297759198E-01  1.30173930814004111E-02 -1.91621627409856096E-02
  1.3232798E-01  6.64126006186421449E+01  3.92683229992451654E-03  1.06630005987891199E-01  1.31919125536693431E-02 -1.94159039848818861E-02
  1.3321264E-01  6.60100528148812344E+01  3.48847803065736959E-03  1.08049679687278827E-01  1.33687689237017310E-02 -1.96729581187044741E-02
  1.3410321E-01  6.56112396259336776E+01  3.10345773709104576E-03  1.09488097806844736E-01  1.35479934300771505E-02 -1.99333671567917016E-02
  1.3499973E-01  6.52166075111937857E+01  2.77347516449517493E-03  1.10945503774568341E-01  1.37296177276073073E-02 -2.01971736127290642E-02
  1.3590223E-01  6.48265993213960883E+01  2.50019155254329033E-03  1.12422144070418562E-01  1.39136738928439408E-02 -2.04644205043474497E-02
  1.3681076E-01  6.44416536617880524E+01  2.28522209583758521E-03  1.13918268261609834E-01  1.41001944296585083E-02 -2.07351513587442117E-02
  1.3772536E-01  6.40622042533248219E+01  2.13013238756016611E-03  1.15434129038177125E-01  1.42892122748943841E-02 -2.10094102173254971E-02
  1.3864607E-01  6.36886792928243253E+01  2.03643485206171431E-03  1.16969982248874727E-01  1.44807608040927512E-02 -2.12872416408698591E-02
  1.3957293E-01  6.33215008130377441E+01  2.00558517239629022E-03  1.18526086937397343E-01  1.46748738372930333E-02 -2.15686907146117532E-02
  1.4050597E-01  6.29610840436069807E+01  2.03897871900265764E-03  1.20102705378921704E-01  1.48715856449084874E-02 -2.18538030533436262E-02
  1.4144525E-01  6.26078367738955563E+01  2.13794698591716556E-03  1.21700103116971922E-01  1.50709309536783877E-02 -2.21426248065363374E-02
  1.4239080E-01  6.22621587186924046E+01  2.30375404108040891E-03  1.23318549000606403E-01  1.52729449526973829E-02 -2.24352026634762891E-02
  1.4334267E-01  6.19244408878011257E+01  2.53759299746880284E-03  1.24958315221927532E-01  1.54776632995232855E-02 -2.27315838584185026E-02
  1.4430089E-01  6.15950649605354883E+01  2.84058251194225977E-03  1.26619677353910220E-01  1.56851221263637174E-02 -2.30318161757539323E-02
  1.4526552E-01  6.12744026661532786E+01  3.21376331884988412E-03  1.28302914388554318E-01  1.58953580463434135E-02 -2.33359479551905995E-02
  1.4623658E-01  6.09628151712658024E+01  3.65809480557603359E-03  1.30008308775356962E-01  1.61084081598525386E-02 -2.36440280969468716E-02
  1.4721413E-01  6.06606524752670566E+01  4.17445163733913376E-03  1.31736146460102121E-01  1.63243100609770861E-02 -2.39561060669552482E-02
  1.4819821E-01  6.03682528148304272E+01  4.76362043867429794E-03  1.33486716923971793E-01  1.65431018440127635E-02 -2.42722319020760961E-02
  1.4918886E-01  6.00859420785227698E+01  5.42629653913791025E-03  1.35260313222972994E-01  1.67648221100628984E-02 -2.45924562153190945E-02
  1.5018613E-01  5.98140332325868656E+01  6.16308079086719598E-03  1.37057232027682580E-01  1.69895099737219363E-02 -2.49168302010717747E-02
  1.5119006E-01  5.95528257589424044E+01  6.97447646571008016E-03  1.38877773663305115E-01  1.72172050698447786E-02 -2.52454056403324939E-02
  1.5220069E-01  5.93026051064522051E+01  7.86088623971014158E-03  1.40722242150046001E-01  1.74479475604040826E-02 -2.55782349059474404E-02
  1.5321808E-01  5.90636421564975933E+01  8.82260927278737811E-03  1.42590945243796563E-01  1.76817781414356605E-02 -2.59153709678494361E-02
  1.5424226E-01  5.88361927038974173E+01  9.85983839149818554E-03  1.44484194477127043E-01  1.79187380500734940E-02 -2.62568673982963782E-02
  1.5527327E-01  5.86204969542086189E+01  1.09726573827867817E-02  1.46402305200589694E-01  1.81588690716754514E-02 -2.66027783771086886E-02
  1.5631118E-01  5.84167790384197332E+01  1.21610384066550489E-02  1.48345596624325976E-01  1.84022135470406668E-02 -2.69531586969026446E-02
  1.5735601E-01  5.82252465460506130E+01  1.34248395356789119E-02  1.50314391859978497E-01  1.86488143797199704E-02 -2.73080637683188847E-02
  1.5840783E-01  5.80460900776577375E+01  1.47638024292859465E-02  1.52309017962901194E-01  1.88987150434198996E-02 -2.76675496252427600E-02
  1.5946667E-01  5.78794828177282028E+01  1.61775501506818339E-02  1.54329805974668666E-01  1.91519595895022210E-02 -2.80316729300157177E-02
  1.6053257E-01  5.77255801289316324E+01  1.76655851342719522E-02  1.56377090965881038E-01  1.94085926545795873E-02 -2.84004909786350970E-02
  1.6160560E-01  5.75845191686819717E+01  1.92272873113689333E-02  1.58451212079256776E-01  1.96686594682084631E-02 -2.87740617059394285E-02
  1.6268580E-01  5.74564185289430256E+01  2.08619124019078575E-02  1.60552512573016420E-01  1.99322058606808787E-02 -2.91524436907782646E-02
  1.6377321E-01  5.73413779001918229E+01  2.25685903798074801E-02  1.62681339864548524E-01  2.01992782709157943E-02 -2.95356961611630588E-02
  1.6486788E-01  5.72394777604327061E+01  2.43463241195186197E-02  1.64838045574356745E-01  2.04699237544516098E-02 -2.99238789993972604E-02
  1.6596986E-01  5.71507790901315005E+01  2.61939882311898464E-02  1.67022985570280030E-01  2.07441899915405438E-02 -3.03170527471824172E-02
  1.6707921E-01  5.70753231139148980E+01  2.81103280917550866E-02  1.69236520011986413E-01  2.10221252953466387E-02 -3.07152786106985078E-02
  1.6819596E-01  5.70131310698533227E+01  3.00939590791082165E-02  1.71479013395732433E-01  2.13037786202485771E-02 -3.11186184656552338E-02
  1.6932017E-01  5.69642040071162086E+01  3.21433660163748247E-02  1.73750834599381537E-01  2.15891995702476962E-02 -3.15271348623111028E-02
  1.7045188E-01  5.69285226127584565E+01  3.42569028331211889E-02  1.76052356927680953E-01  2.18784384074838453E-02 -3.19408910304582322E-02
  1.7159116E-01  5.69060470683615591E+01  3.64327924501538294E-02  1.78383958157786154E-01  2.21715460608590681E-02 -3.23599508843692568E-02
  1.7273805E-01  5.68967169372171213E+01  3.86691268943581690E-02  1.80746020585031725E-01  2.24685741347714178E-02 -3.27843790277034114E-02
  1.7389259E-01  5.69004510826958949E+01  4.09638676498012277E-02  1.83138931068936250E-01  2.27695749179591123E-02 -3.32142407583681937E-02
  1.7505485E-01  5.69171476184130469E+01  4.33148462510780305E-02  1.85563081079440778E-01  2.30746013924573758E-02 -3.36496020733338952E-02
  1.7622486E-01  5.69466838907306396E+01  4.57197651246132042E-02  1.88018866743369845E-01  2.33837072426685694E-02 -3.40905296733970409E-02
  1.7740270E-01  5.69889164941036412E+01  4.81761986833349268E-02  1.90506688891110693E-01  2.36969468645474857E-02 -3.45370909678896290E-02
  1.7858839E-01  5.70436813197077726E+01  5.06815946798155059E-02  1.93026953103497018E-01  2.40143753749021936E-02 -3.49893540793295293E-02
  1.7978201E-01  5.71107936377250383E+01  5.32332758226197467E-02  1.95580069758897246E-01  2.43360486208129868E-02 -3.54473878480095345E-02
  1.8098360E-01  5.71900482135935349E+01  5.58284416602144729E-02  1.98166454080493853E-01  2.46620231891700979E-02 -3.59112618365205194E-02
  1.8219321E-01  5.72812194584534424E+01  5.84641707363696139E-02  2.00786526183743208E-01  2.49923564163311851E-02 -3.63810463342039564E-02
  1.8341091E-01  5.73840616139419808E+01  6.11374230205204428E-02  2.03440711124012130E-01  2.53271063979010405E-02 -3.68568123615311410E-02
  1.8463673E-01  5.74983089714072548E+01  6.38450426160614148E-02  2.06129438944376242E-01  2.56663319986337839E-02 -3.73386316744033012E-02
  1.8587074E-01  5.76236761255246819E+01  6.65837607490035455E-02  2.08853144723574330E-01  2.60100928624598521E-02 -3.78265767683694243E-02
  1.8711300E-01  5.77598582622116510E+01  6.93501990388517425E-02  2.11612268624101485E-01  2.63584494226382395E-02 -3.83207208827557877E-02
  1.8836355E-01  5.79065314806481268E+01  7.21408730529461556E-02  2.14407255940437996E-01  2.67114629120363545E-02 -3.88211380047040130E-02
  1.8962245E-01  5.80633531491228254E+01  7.49521961448685742E-02  2.17238557147397732E-01  2.70691953735385099E-02 -3.93279028731118446E-02
  1.9088976E-01  5.82299622943397495E+01  7.77804835768401981E-02  2.20106627948581740E-01  2.74317096705839689E-02 -3.98410909824712944E-02
  1.9216553E-01  5.84059800237380031E+01  8.06219569253431717E-02  2.23011929324930164E-01  2.77990694978369965E-02 -4.03607785866001573E-02
  1.9344983E-01  5.85910099803011519E+01  8.34727487684822911E-02  2.25954927583354892E-01  2.81713393919895555E-02 -4.08870427022603178E-02
  1.9474270E-01  5.87846388292609845E+01  8.63289076528795385E-02  2.28936094405442297E-01  2.85485847426986995E-02 -4.14199611126586237E-02
  1.9604420E-01  5.89864367760354185E+01  8.91864033371601028E-02  2.31955906896206654E-01  2.89308718036593616E-02 -4.19596123708228519E-02
  1.9735440E-01  5.91959581146814813E+01  9.20411323083576705E-02  2.35014847632885743E-01  2.93182677038148244E-02 -4.25060758028489930E-02
  1.9867335E-01  5.94127418060919013E+01  9.48889235668371744E-02  2.38113404713760635E-01  2.97108404587061795E-02 -4.30594315110124984E-02
  2.0000111E-01  5.96363120851165078E+01  9.77255446746118639E-02  2.41252071806979718E-01  3.01086589819616092E-02 -4.36197603767375028E-02
  2.0133773E-01  5.98661790957477109E+01  1.00546708061221526E-01  2.44431348199377119E-01  3.05117930969279194E-02 -4.41871440634180254E-02
  2.0268328E-01  6.01018395534715566E+01  1.03348077580639353E-01  2.47651738845262426E-01  3.09203135484452905E-02 -4.47616650190842749E-02
  2.0403782E-01  6.03427774338498892E+01  1.06125275311989231E-01  2.50913754415168944E-01  3.13342920147670970E-02 -4.53434064789077773E-02
  2.0540141E-01  6.05884646863662510E+01  1.08873888596180426E-01  2.54217911344533254E-01  3.17538011196255368E-02 -4.59324524675371604E-02
  2.0677410E-01  6.08383619725355373E+01  1.11589477299905121E-01  2.57564731882298059E-01  3.21789144444458303E-02 -4.65288878012591958E-02
  2.0815596E-01  6.10919194272443207E+01  1.14267581297790868E-01  2.60954744139407224E-01  3.26097065407095835E-02 -4.71327980899763563E-02
  2.0954705E-01  6.13485774422552410E+01  1.16903728162855963E-01  2.64388482137182412E-01  3.30462529424693438E-02 -4.77442697389941495E-02
  2.1094743E-01  6.16077674707749168E+01  1.19493441054778410E-01  2.67866485855547232E-01  3.34886301790152524E-02 -4.83633899506096046E-02
  2.1235716E-01  6.18689128519467815E+01  1.22032246794857510E-01  2.71389301281088346E-01  3.39369157876963923E-02 -4.89902467254938398E-02
  2.1377630E-01  6.21314296540940632E+01  1.24515684115919345E-01  2.74957480454925796E-01  3.43911883268976509E-02 -4.96249288638604541E-02
  2.1520493E-01  6.23947275354968411E+01  1.26939312074794086E-01  2.78571581520361655E-01  3.48515273891734090E-02 -5.02675259664096402E-02
  2.1664310E-01  6.26582106214469547E+01  1.29298718614374586E-01  2.82232168770295055E-01  3.53180136145405874E-02 -5.09181284350420718E-02
  2.1809087E-01  6.29212783962826947E+01  1.31589529261649629E-01  2.85939812694365636E-01  3.57907287039317262E-02 -5.15768274733310952E-02
  2.1954831E-01  6.31833266090616590E+01  1.33807415947496622E-01  2.89695090025807567E-01  3.62697554328103508E-02 -5.22437150867460440E-02
  2.2101548E-01  6.34437481914886021E+01  1.35948105933417218E-01  2.93498583787976830E-01  3.67551776649492762E-02 -5.29188840826151849E-02
  2.2249245E-01  6.37019341866723110E+01  1.38007390829802457E-01  2.97350883340532834E-01  3.72470803663746200E-02 -5.36024280698207331E-02
  2.2397929E-01  6.39572746872443574E+01  1.39981135689736885E-01  3.01252584425240444E-01  3.77455496194762236E-02 -5.42944414582147775E-02
  2.2547606E-01  6.42091597813330708E+01  1.41865288161777015E-01  3.05204289211356006E-01  3.82506726372862510E-02 -5.49950194577455836E-02
  2.2698282E-01  6.44569805048479338E+01  1.43655887684590006E-01  3.09206606340576562E-01  3.87625377779276595E-02 -5.57042580772849905E-02
  2.2849964E-01  6.47001297984941601E+01  1.45349074705803938E-01  3.13260150971509499E-01  3.92812345592341641E-02 -5.64222541231450478E-02
  2.3002660E-01  6.49380034679048350E+01  1.46941099906908651E-01  3.17365544823636603E-01  3.98068536735432590E-02 -5.71491051972736544E-02
  2.3156376E-01  6.51700011452481363E+01  1.48428333415561303E-01  3.21523416220726888E-01  4.03394870026632935E-02 -5.78849096951166847E-02
  2.3311118E-01  6.53955272506409244E+01  1.49807273986188649E-01  3.25734400133673330E-01  4.08792276330170040E-02 -5.86297668031362448E-02
  2.3466893E-01  6.56139919516780878E+01  1.51074558129353304E-01  3.29999138222710209E-01  4.14261698709630435E-02 -5.93837764959727621E-02
  2.3623709E-01  6.58248121193681754E+01  1.52226969169954318E-01  3.34318278878968922E-01  4.19804092582957283E-02 -6.01470395332376201E-02
  2.3781572E-01  6.60274122787519815E+01  1.53261446213975416E-01  3.38692477265338854E-01  4.25420425879265568E-02 -6.09196574559250012E-02
  2.3940490E-01  6.62212255524703721E+01  1.54175093003173863E-01  3.43122395356587950E-01  4.31111679197471315E-02 -6.17017325824296831E-02
  2.4100469E-01  6.64056945955433235E+01  1.54965186636825791E-01  3.47608701978702028E-01  4.36878845966768500E-02 -6.24933680041573555E-02
  2.4261516E-01  6.65802725196196548E+01  1.55629186139408848E-01  3.52152072847393693E-01  4.42722932608948655E-02 -6.32946675807133236E-02
  2.4423639E-01  6.67444238049626932E+01  1.56164740852914041E-01  3.56753190605743453E-01  4.48644958702594104E-02 -6.41057359346568351E-02
  2.4586845E-01  6.68976251984436061E+01  1.56569698632337356E-01  3.61412744860920232E-01  4.54645957149156857E-02 -6.49266784458065460E-02
  2.4751140E-01  6.70393665958290512E+01  1.56842113822808965E-01  3.66131432219931219E-01  4.60726974340928269E-02 -6.57576012450806491E-02
  2.4916533E-01  6.71691519066658316E+01  1.56980254996776314E-01  3.70909956324357470E-01  4.66889070330925443E-02 -6.65986112078598008E-02
  2.5083031E-01  6.72864999000885717E+01  1.56982612429665908E-01  3.75749027884016706E-01  4.73133319004704136E-02 -6.74498159468543135E-02
  2.5250640E-01  6.73909450299022978E+01  1.56847905292511691E-01  3.80649364709507276E-01  4.79460808254113732E-02 -6.83113238044625593E-02
  2.5419369E-01  6.74820382373231382E+01  1.56575088540153590E-01  3.85611691743566520E-01  4.85872640153001550E-02 -6.91832438446018383E-02
  2.5589225E-01  6.75593477297950216E+01  1.56163359473777796E-01  3.90636741091200224E-01  4.92369931134890929E-02 -7.00656858439973051E-02
  2.5760215E-01  6.76224597343393157E+01  1.55612163956796640E-01  3.95725252048519438E-01  4.98953812172644173E-02 -7.09587602829113984E-02
  2.5932347E-01  6.76709792239376640E+01  1.54921202263342495E-01  4.00877971130215782E-01  5.05625428960110521E-02 -7.18625783352948161E-02
  2.6105629E-01  6.77045306154933826E+01  1.54090434538985632E-01  4.06095652095629922E-01  5.12385942095793800E-02 -7.27772518583441469E-02
  2.6280068E-01  6.77227584379686789E+01  1.53120085853672649E-01  4.11379055973333185E-01  5.19236527268534254E-02 -7.37028933814453252E-02
  2.6455672E-01  6.77253279693461963E+01  1.52010650827326593E-01  4.16728951084169907E-01  5.26178375445230384E-02 -7.46396160944864384E-02
  2.6632449E-01  6.77119258411206175E+01  1.50762897809048058E-01  4.22146113062676354E-01  5.33212693060596196E-02 -7.55875338355178616E-02
  2.6810407E-01  6.76822606090852759E+01  1.49377872591407723E-01  4.27631324876823926E-01  5.40340702208987611E-02 -7.65467610777439411E-02
  2.6989553E-01  6.76360632892397859E+01  1.47856901641927913E-01  4.33185376846001446E-01  5.47563640838286125E-02 -7.75174129158231057E-02
  2.7169895E-01  6.75730878577095240E+01  1.46201594834510173E-01  4.38809066657171398E-01  5.54882762945877114E-02 -7.84996050514582266E-02
  2.7351442E-01  6.74931117136344056E+01  1.44413847664278977E-01  4.44503199379110592E-01  5.62299338776697938E-02 -7.94934537782536199E-02
  2.7534202E-01  6.73959361040528080E+01  1.42495842930076222E-01  4.50268587474672577E-01  5.69814655023401714E-02 -8.04990759658204685E-02
  2.7718182E-01  6.72813865098775352E+01  1.40450051869658976E-01  4.56106050810982155E-01  5.77430015028630728E-02 -8.15165890431070045E-02
  2.7903390E-01  6.71493129921327494E+01  1.38279234733519718E-01  4.62016416667473007E-01  5.85146738989393914E-02 -8.25461109809300514E-02
  2.8089836E-01  6.69995904976957064E+01  1.35986440784166968E-01  4.68000519741694654E-01  5.92966164163587980E-02 -8.35877602736877778E-02
  2.8277527E-01  6.68321191238619434E+01  1.33575007708671922E-01  4.74059202152790571E-01  6.00889645078640858E-02 -8.46416559202278485E-02
  2.8466471E-01  6.66468243411296015E+01  1.31048560433300376E-01  4.80193313442567049E-01  6.08918553742310367E-02 -8.57079174038489766E-02
  2.8656678E-01  6.64436571736771242E+01  1.28411009330113846E-01  4.86403710574038306E-01  6.17054279855615007E-02 -8.67866646714087892E-02
  2.8848154E-01  6.62225943370869885E+01  1.25666547806531026E-01  4.92691257927377280E-01  6.25298231027933138E-02 -8.78780181115163400E-02
  2.9040910E-01  6.59836383329483027E+01  1.22819649269994308E-01  4.99056827293159533E-01  6.33651832994258507E-02 -8.89820985317819196E-02
  2.9234952E-01  6.57268175000516521E+01  1.19875063461082093E-01  5.05501297862791077E-01  6.42116529834616256E-02 -9.00990271350970290E-02
  2.9430291E-01  6.54521860219707037E+01  1.16837812149646919E-01  5.12025556216033739E-01  6.50693784195652269E-02 -9.12289254949209261E-02
  2.9626934E-01  6.51598238909065373E+01  1.13713184189836947E-01  5.18630496305501509E-01  6.59385077514386686E-02 -9.23719155295436439E-02
  2.9824891E-01  6.48498368277521848E+01  1.10506729931174885E-01  5.25317019438035659E-01  6.68191910244156639E-02 -9.35281194753003614E-02
  3.0024170E-01  6.45223561584175940E+01  1.07224254984223000E-01  5.32086034252821305E-01  6.77115802082708246E-02 -9.46976598587055268E-02
  3.0224779E-01  6.41775386465358793E+01  1.03871813340750740E-01  5.38938456696151702E-01  6.86158292202484893E-02 -9.58806594674814910E-02
  3.0426729E-01  6.38155662827542614E+01  1.00455699849740607E-01  5.45875209992706556E-01  6.95320939483081851E-02 -9.70772413204501888E-02
  3.0630027E-01  6.34366460308943303E+01  9.69824420520219721E-02  5.52897224613219662E-01  7.04605322745866791E-02 -9.82875286362571016E-02
  3.0834683E-01  6.30410095313464041E+01  9.34587913777982227E-02  5.60005438238416087E-01  7.14013040990778142E-02 -9.95116448008992738E-02
  3.1040706E-01  6.26289127621444806E+01  8.98917137128396743E-02  5.67200795719080331E-01  7.23545713635280058E-02 -1.00749713334023411E-01
  3.1248104E-01  6.22006356582460498E+01  8.62883793406409999E-02  5.74484249032132466E-01  7.33204980755489399E-02 -1.02001857853964970E-01
  3.1456888E-01  6.17564816896214879E+01  8.26561522693895767E-02  5.81856757232553146E-01  7.42992503329435727E-02 -1.03268202041492438E-01
  3.1667066E-01  6.12967773988339530E+01  7.90025789541565493E-02  5.89319286401041920E-01  7.52909963482482625E-02 -1.04548869602227146E-01
  3.1878648E-01  6.08218718988684870E+01  7.53353764263011844E-02  5.96872809587239983E-01  7.62959064734878567E-02 -1.05843984227702220E-01
  3.2091643E-01  6.03321363320433548E+01  7.16624198436688065E-02  6.04518306748389689E-01  7.73141532251435254E-02 -1.07153669555028655E-01
  3.2306061E-01  5.98279632909114412E+01  6.79917294767622554E-02  6.12256764683248522E-01  7.83459113093308845E-02 -1.08478049125130094E-01
  3.2521910E-01  5.93097662021312289E+01  6.43314571476669012E-02  6.20089176961130084E-01  7.93913576471890620E-02 -1.09817246339514632E-01
  3.2739201E-01  5.87779786743581951E+01  6.06898721401144120E-02  6.28016543845894559E-01  8.04506714004783602E-02 -1.11171384415545832E-01
  3.2957944E-01  5.82330538112763989E+01  5.70753466006690552E-02  6.36039872214715363E-01  8.15240339973825057E-02 -1.12540586340173596E-01
  3.3178147E-01  5.76754634909571422E+01  5.34963404526143799E-02  6.44160175471468865E-01  8.26116291585177603E-02 -1.13924974822091740E-01
  3.3399821E-01  5.71056976127970870E+01  4.99613858457004720E-02  6.52378473454558683E-01  8.37136429231436080E-02 -1.15324672242280643E-01
  3.3622975E-01  5.65242633133511774E+01  4.64790711664789871E-02  6.60695792339004662E-01  8.48302636755742939E-02 -1.16739800602898444E-01
  3.3847620E-01  5.59316841524367803E+01  4.30580246355013532E-02  6.69113164532593951E-01  8.59616821717869017E-02 -1.18170481474478464E-01
  3.4073765E-01  5.53284992709443983E+01  3.97068975191808213E-02  6.77631628565928956E-01  8.71080915662261063E-02 -1.19616835941395772E-01
  3.4301420E-01  5.47152625218464976E+01  3.64343469856136734E-02  6.86252228976165113E-01  8.82696874388007452E-02 -1.21078984545561361E-01
  3.4530596E-01  5.40925415759496744E+01  3.32490186351200381E-02  6.94976016184228995E-01  8.94466678220684486E-02 -1.22557047228299590E-01
  3.4761303E-01  5.34609170039872623E+01  3.01595287376890328E-02  7.03804046365336444E-01  9.06392332286068969E-02 -1.24051143270371533E-01
  3.4993550E-01  5.28209813366973862E+01  2.71744462108970755E-02  7.12737381312580687E-01  9.18475866785669059E-02 -1.25561391230097796E-01
  3.5227348E-01  5.21733381045780078E+01  2.43022743732038207E-02  7.21777088293386604E-01  9.30719337274037301E-02 -1.27087908879539996E-01
  3.5462708E-01  5.15186008590531941E+01  2.15514325088131259E-02  7.30924239898600780E-01  9.43124824937814493E-02 -1.28630813138693817E-01
  3.5699640E-01  5.08573921768249662E+01  1.89302372815126907E-02  7.40179913884000173E-01  9.55694436876475401E-02 -1.30190220007652513E-01
  3.5938154E-01  5.01903426492221527E+01  1.64468840360682718E-02  7.49545193003992249E-01  9.68430306384725353E-02 -1.31766244496694468E-01
  3.6178261E-01  4.95180898583917468E+01  1.41094280268441816E-02  7.59021164837245910E-01  9.81334593236478925E-02 -1.33359000554246487E-01
  3.6419971E-01  4.88412773422091320E+01  1.19257656143425886E-02  7.68608921604037043E-01  9.94409483970391112E-02 -1.34968600992680599E-01
  3.6663296E-01  4.81605535498106150E+01  9.90361547129839370E-03  7.78309559975043141E-01  1.00765719217687344E-01 -1.36595157411893847E-01
  3.6908246E-01  4.74765707896763374E+01  8.05049984082593754E-03  7.88124180871339841E-01  1.02107995878653490E-01 -1.38238780120626154E-01
  3.7154832E-01  4.67899841722121792E+01  6.37372588988522823E-03  7.98053889255322169E-01  1.03468005235996988E-01 -1.39899578055464963E-01
  3.7403065E-01  4.61014505487962865E+01  4.88036720201318139E-03  8.08099793912305686E-01  1.04845976937885554E-01 -1.41577658697491032E-01
  3.7652955E-01  4.54116274492697940E+01  3.57724545384458057E-03  8.18263007222514660E-01  1.06242143453826349E-01 -1.43273127986515203E-01
  3.7904515E-01  4.47211720198607381E+01  2.47091232042373531E-03  8.28544644923176810E-01  1.07656740104010634E-01 -1.44986090232853582E-01
  3.8157755E-01  4.40307399635369237E+01  1.56763165467647611E-03  8.38945825860446748E-01  1.09090005088765998E-01 -1.46716648026595731E-01
  3.8412685E-01  4.33409844847849826E+01  8.73361986668899810E-04  8.49467671730854024E-01  1.10542179518105632E-01 -1.48464902144310740E-01
  3.8669319E-01  4.26525552408117790E+01  3.93739388420516338E-04  8.60111306811982113E-01  1.12013507441367927E-01 -1.50230951453143552E-01
  3.8927666E-01  4.19660973011582357E+01  1.34060750061291344E-04  8.70877857682046397E-01  1.13504235876933465E-01 -1.52014892812244451E-01
  3.9187739E-01  4.12822501177060488E+01  9.92675130214692428E-05  8.81768452928090252E-01  1.15014614842013793E-01 -1.53816820971486634E-01
  3.9449549E-01  4.06016465070430996E+01  2.93929905717162359E-04  8.92784222842450070E-01  1.16544897382499277E-01 -1.55636828467414612E-01
  3.9713107E-01  3.99249116471354881E+01  7.22231726841150354E-04  9.03926299107153164E-01  1.18095339602853761E-01 -1.57475005516370087E-01
  3.9978426E-01  3.92526620902306718E+01  1.38795572088522539E-03  9.15195814465931234E-01  1.19666200696048053E-01 -1.59331439904745159E-01
  4.0245517E-01  3.85855047938890934E+01  2.29446958990636414E-03  9.26593902383494927E-01  1.21257742973518601E-01 -1.61206216876308844E-01
  4.0514391E-01  3.79240361720089538E+01  3.44471268480297903E-03  9.38121696691683993E-01  1.22870231895135490E-01 -1.63099419016548258E-01
  4.0785061E-01  3.72688411676725764E+01  4.84118341848906956E-03  9.49780331222194407E-01  1.24503936099173804E-01 -1.65011126133979336E-01
  4.1057539E-01  3.66204923496000561E+01  6.48592744234309342E-03  9.61570939425444138E-01  1.26159127432267704E-01 -1.66941415138364246E-01
  4.1331836E-01  3.59795490339497235E+01  8.38052662616507564E-03  9.73494653975225388E-01  1.27836080979333688E-01 -1.68890359915783661E-01
  4.1607966E-01  3.53465564331523865E+01  1.05260888806003698E-02  9.85552606358784611E-01  1.29535075093453800E-01 -1.70858031200515820E-01
  4.1885939E-01  3.47220448334095266E+01  1.29232388595823221E-02  9.97745926451878207E-01  1.31256391425695229E-01 -1.72844496443656986E-01
  4.2165769E-01  3.41065288024225808E+01  1.55721095788092703E-02  1.01007574207842521E+00  1.33000314954850984E-01 -1.74849819678435159E-01
  4.2447468E-01  3.35005064288526455E+01  1.84723349846046686E-02  1.02254317855437571E+00  1.34767134017092449E-01 -1.76874061382166214E-01
  4.2731049E-01  3.29044585949365782E+01  2.16230435057125879E-02  1.03514935821528975E+00  1.36557140335500843E-01 -1.78917278334785046E-01
  4.3016523E-01  3.23188482836002535E+01  2.50228526186539457E-02  1.04789539992729730E+00  1.38370629049474697E-01 -1.80979523473916271E-01
  4.3303904E-01  3.17441199213615626E+01  2.86698644552107404E-02  1.06078241858090760E+00  1.40207898743980458E-01 -1.83060845746411599E-01
  4.3593204E-01  3.11806987581337616E+01  3.25616624784137720E-02  1.07381152456725792E+00  1.42069251478631170E-01 -1.85161289956311537E-01
  4.3884437E-01  3.06289902850681806E+01  3.66953092510813594E-02  1.08698382323636622E+00  1.43954992816573729E-01 -1.87280896609178793E-01
  4.4177614E-01  3.00893796913810796E+01  4.10673453184869641E-02  1.10030041433686265E+00  1.45865431853157590E-01 -1.89419701752742503E-01
  4.4472749E-01  2.95622313610413521E+01  4.56737892241192295E-02  1.11376239143674693E+00  1.47800881244359916E-01 -1.91577736813805882E-01
  4.4769856E-01  2.90478884100789081E+01  5.05101386747292894E-02  1.12737084132471255E+00  1.49761657234952827E-01 -1.93755028431369353E-01
  4.5068947E-01  2.85466722651589784E+01  5.55713728679338714E-02  1.14112684339148651E+00  1.51748079686373799E-01 -1.95951598285910272E-01
  4.5370035E-01  2.80588822839493481E+01  6.08519559925492157E-02  1.15503146899068798E+00  1.53760472104278290E-01 -1.98167462924770693E-01
  4.5673134E-01  2.75847954176860455E+01  6.63458419085666135E-02  1.16908578077874870E+00  1.55799161665753333E-01 -2.00402633583613404E-01
  4.5978258E-01  2.71246659162185537E+01  7.20464800102397218E-02  1.18329083203324714E+00  1.57864479246147632E-01 -2.02657116003879700E-01
  4.6285419E-01  2.66787250757272183E+01  7.79468222721371590E-02  1.19764766594925565E+00  1.59956759445505137E-01 -2.04930910246222203E-01
  4.6594631E-01  2.62471810289956586E+01  8.40393314742298586E-02  1.21215731491303269E+00  1.62076340614556891E-01 -2.07224010499849176E-01
  4.6905909E-01  2.58302185784348808E+01  9.03159905981409522E-02  1.22682079975255931E+00  1.64223564880243478E-01 -2.09536404887743694E-01
  4.7219266E-01  2.54279990713798512E+01  9.67683133826053726E-02  1.24163912896436579E+00  1.66398778170739309E-01 -2.11868075267717476E-01
  4.7534715E-01  2.50406603174708415E+01  1.03387356022021412E-01  1.25661329791601517E+00  1.68602330239933179E-01 -2.14218997029249292E-01
  4.7852272E-01  2.46683165476690966E+01  1.10163729987747913E-01  1.27174428802367068E+00  1.70834574691331093E-01 -2.16589138886069871E-01
  4.8171949E-01  2.43110584143863626E+01  1.17087615947604959E-01  1.28703306590420086E+00  1.73095869001353236E-01 -2.18978462664464468E-01
  4.8493761E-01  2.39689530321247837E+01  1.24148778754943206E-01  1.30248058250111587E+00  1.75386574541967821E-01 -2.21386923087241727E-01
  4.8817722E-01  2.36420440579549194E+01  1.31336583474760127E-01  1.31808777218376538E+00  1.77707056602631114E-01 -2.23814467553343027E-01
  4.9143847E-01  2.33303518111084891E+01  1.38640012410795016E-01  1.33385555181919635E+00  1.80057684411492808E-01 -2.26261035913064956E-01
  4.9472151E-01  2.30338734309306936E+01  1.46047683094455927E-01  1.34978481981594811E+00  1.82438831155811665E-01 -2.28726560238853543E-01
  4.9802646E-01  2.27525830724270861E+01  1.53547867193977894E-01  1.36587645513917444E+00  1.84850874001540988E-01 -2.31210964591649693E-01
  5.0135349E-01  2.24864321386541341E+01  1.61128510300542038E-01  1.38213131629646235E+00  1.87294194112040541E-01 -2.33714164782769046E-01
  5.0470274E-01  2.22353495492415263E+01  1.68777252547345574E-01  1.39855024029357455E+00  1.89769176665849221E-01 -2.36236068131276455E-01
  5.0807436E-01  2.19992420444000096E+01  1.76481450017961283E-01  1.41513404155954903E+00  1.92276210873485898E-01 -2.38776573216859883E-01
  5.1146850E-01  2.17779945238596326E+01  1.84228196901863595E-01  1.43188351084035514E+00  1.94815689993207086E-01 -2.41335569628169461E-01
  5.1488530E-01  2.15714704202993452E+01  1.92004348357811383E-01  1.44879941406044854E+00  1.97388011345673353E-01 -2.43912937706621064E-01
  5.1832493E-01  2.13795121069656808E+01  1.99796544049873293E-01  1.46588249115153335E+00  1.99993576327467948E-01 -2.46508548285659185E-01
  5.2178752E-01  2.12019413393300873E+01  2.07591232326187175E-01  1.48313345484774217E+00  2.02632790423401821E-01 -2.49122262425468061E-01
  5.2527324E-01  2.10385597307922296E+01  2.15374695016878198E-01  1.50055298944652571E+00  2.05306063217540496E-01 -2.51753931143134435E-01
  5.2878224E-01  2.08891492625867699E+01  2.23133072834605095E-01  1.51814174953454706E+00  2.08013808402900291E-01 -2.54403395138276978E-01
  5.3231468E-01  2.07534728281762639E+01  2.30852391368496168E-01  1.53590035867774866E+00  2.10756443789728160E-01 -2.57070484514138387E-01
  5.3587071E-01  2.06312748124922507E+01  2.38518587669136362E-01  1.55382940807486425E+00  2.13534391312306698E-01 -2.59755018494162715E-01
  5.3945049E-01  2.05222817063944021E+01  2.46117537428006128E-01  1.57192945517364158E+00  2.16348077034214242E-01 -2.62456805134085314E-01
  5.4305417E-01  2.04262027566293440E+01  2.53635082758445152E-01  1.59020102224890914E+00  2.19197931151952519E-01 -2.65175641029548159E-01
  5.4668193E-01  2.03427306513627606E+01  2.61057060585887513E-01  1.60864459494174983E+00  2.22084387996871829E-01 -2.67911311019280451E-01
  5.5033391E-01  2.02715422410135737E+01  2.68369331651930332E-01  1.62726062075900391E+00  2.25007886035318461E-01 -2.70663587883888834E-01
  5.5401028E-01  2.02122992936328210E+01  2.75557810129078096E-01  1.64604950753219992E+00  2.27968867866903430E-01 -2.73432232040285716E-01
  5.5771121E-01  2.01646492834529631E+01  2.82608493830481700E-01  1.66501162183523155E+00  2.30967780220826757E-01 -2.76216991231827358E-01
  5.6143685E-01  2.01282262105148178E+01  2.89507494981854130E-01  1.68414728735983843E+00  2.34005073950150883E-01 -2.79017600214205019E-01
  5.6518738E-01  2.01026514485095049E+01  2.96241071501797348E-01  1.70345678324811156E+00  2.37081204023935177E-01 -2.81833780437160064E-01
  5.6896295E-01  2.00875346172149563E+01  3.02795658713429838E-01  1.72294034238123683E+00  2.40196629517144294E-01 -2.84665239722106445E-01
  5.7276374E-01  2.00824744752343101E+01  3.09157901386304668E-01  1.74259814962354764E+00  2.43351813598215783E-01 -2.87511671935729407E-01
  5.7658991E-01  2.00870598282282273E+01  3.15314685985334353E-01  1.76243034002108412E+00  2.46547223514191394E-01 -2.90372756659656728E-01
  5.8044164E-01  2.01008704475327598E+01  3.21253172984886259E-01  1.78243699695386093E+00  2.49783330573313422E-01 -2.93248158856312113E-01
  5.8431909E-01  2.01234779940030037E+01  3.26960829093156824E-01  1.80261815024089733E+00  2.53060610124958618E-01 -2.96137528531044358E-01
  5.8822244E-01  2.01544469421274428E+01  3.32425459225521358E-01  1.82297377419720763E+00  2.56379541536807309E-01 -2.99040500390661657E-01
  5.9215185E-01  2.01933354998904555E+01  3.37635238066137378E-01  1.84350378564193873E+00  2.59740608169134080E-01 -3.01956693498505180E-01
  5.9610751E-01  2.02396965204715187E+01  3.42578741064155423E-01  1.86420804185667488E+00  2.63144297346079303E-01 -3.04885710926185882E-01
  6.0008959E-01  2.02930784025880371E+01  3.47244974723318944E-01  1.88508633849321394E+00  2.66591100323802621E-01 -3.07827139402159666E-01
  6.0409827E-01  2.03530259770401791E+01  3.51623406059803467E-01  1.90613840742981733E+00  2.70081512255361922E-01 -3.10780548957282354E-01
  6.0813371E-01  2.04190813777300200E+01  3.55703991121062102E-01  1.92736391457514178E+00  2.73616032152198041E-01 -3.13745492567530926E-01
  6.1219611E-01  2.04907848960484671E+01  3.59477202476413571E-01  1.94876245761904165E+00  2.77195162842089504E-01 -3.16721505794084146E-01
  6.1628564E-01  2.05676758180151431E+01  3.62934055606721373E-01  1.97033356372932333E+00  2.80819410923421608E-01 -3.19708106420953264E-01
  6.2040248E-01  2.06492932439035890E+01  3.66066134134757304E-01  1.99207668719361708E+00  2.84489286715626399E-01 -3.22704794090378944E-01
  6.2454681E-01  2.07351768902898854E+01  3.68865613849193807E-01  2.01399120700563472E+00  2.88205304205653656E-01 -3.25711049936238839E-01
  6.2871883E-01  2.08248678745437914E+01  3.71325285483547929E-01  2.03607642439484859E+00  2.91967980990292364E-01 -3.28726336215688253E-01
  6.3291870E-01  2.09179094817641058E+01  3.73438576217041407E-01  2.05833156029884368E+00  2.95777838214194511E-01 -3.31750095939305878E-01
  6.3714663E-01  2.10138479140725210E+01  3.75199569867697869E-01  2.08075575277760105E+00  2.99635400503438454E-01 -3.34781752500025398E-01
  6.4140279E-01  2.11122330220517469E+01  3.76603025749649212E-01  2.10334805436880190E+00  3.03541195894441784E-01 -3.37820709301129452E-01
  6.4568738E-01  2.12126190179674623E+01  3.77644396167116314E-01  2.12610742938344810E+00  3.07495755758055489E-01 -3.40866349383624812E-01
  6.5000059E-01  2.13145651702699936E+01  3.78319842517402583E-01  2.14903275114108672E+00  3.11499614718662776E-01 -3.43918035053330295E-01
  6.5434260E-01  2.14176364787430416E+01  3.78626249974881257E-01  2.17212279914377193E+00  3.15553310568070011E-01 -3.46975107508007918E-01
  6.5871361E-01  2.15214043295613848E+01  3.78561240727717685E-01  2.19537625618821330E+00  3.19657384174024839E-01 -3.50036886464918096E-01
  6.6311381E-01  2.16254471294419517E+01  3.78123185739120959E-01  2.21879170541528303E+00  3.23812379383131344E-01 -3.53102669789171097E-01
  6.6754340E-01  2.17293509180218471E+01  3.77311215005412648E-01  2.24236762729626360E+00  3.28018842917969122E-01 -3.56171733123279932E-01
  6.7200257E-01  2.18327099575721597E+01  3.76125226284172998E-01  2.26610239655527890E+00  3.32277324268209939E-01 -3.59243329518353416E-01
  6.7649152E-01  2.19351272991544661E+01  3.74565892267189615E-01  2.28999427902716679E+00  3.36588375575492593E-01 -3.62316689067355646E-01
  6.8101046E-01  2.20362153243431749E+01  3.72634666174854079E-01  2.31404142845031169E+00  3.40952551511840563E-01 -3.65391018540915213E-01
  6.8555957E-01  2.21355962616687698E+01  3.70333785750998568E-01  2.33824188319394244E+00  3.45370409151399327E-01 -3.68465501026178477E-01
  6.9013907E-01  2.22329026769806291E+01  3.67666275639880524E-01  2.36259356291930001E+00  3.49842507835230798E-01 -3.71539295569213501E-01
  6.9474915E-01  2.23277779369803753E+01  3.64635948130051624E-01  2.38709426517429879E+00  3.54369409028934101E-01 -3.74611536821508329E-01
  6.9939002E-01  2.24198766452359166E+01  3.61247402253169314E-01  2.41174166192133210E+00  3.58951676172844514E-01 -3.77681334691143233E-01
  7.0406189E-01  2.25088650500502929E+01  3.57506021229351600E-01  2.43653329599773638E+00  3.63589874524526235E-01 -3.80747773999203676E-01
  7.0876495E-01  2.25944214236269758E+01  3.53417968254429948E-01  2.46146657750881337E+00  3.68284570993322569E-01 -3.83809914142084374E-01
  7.1349943E-01  2.26762364120440658E+01  3.48990180628388602E-01  2.48653878015302210E+00  3.73036333966661859E-01 -3.86866788760303892E-01
  7.1826553E-01  2.27540133556223836E+01  3.44230362228342135E-01  2.51174703747924744E+00  3.77845733127846695E-01 -3.89917405414517360E-01
  7.2306345E-01  2.28274685793474852E+01  3.39146974333609574E-01  2.53708833907611275E+00  3.82713339265047192E-01 -3.92960745269440248E-01
  7.2789343E-01  2.28963316530821075E+01  3.33749224814726408E-01  2.56255952669320974E+00  3.87639724071183356E-01 -3.95995762786397809E-01
  7.3275565E-01  2.29603456213835599E+01  3.28047055702605672E-01  2.58815729029435238E+00  3.92625459934391463E-01 -3.99021385425279096E-01
  7.3765036E-01  2.30192672028203589E+01  3.22051129158460070E-01  2.61387816404308460E+00  3.97671119718786770E-01 -4.02036513356690883E-01
  7.4257775E-01  2.30728669587625035E+01  3.15772811869523828E-01  2.63971852222055015E+00  4.02777276535166096E-01 -4.05040019185135380E-01
  7.4753805E-01  2.31209294317015406E+01  3.09224157900020225E-01  2.66567457507612993E+00  4.07944503501341038E-01 -4.08030747684071105E-01
  7.5253148E-01  2.31632532532380253E+01  3.02417890031184300E-01  2.69174236461134431E+00  4.13173373491769247E-01 -4.11007515543764967E-01
  7.5755826E-01  2.31996512219559179E+01  2.95367379628447724E-01  2.71791776029746535E+00  4.18464458876123213E-01 -4.13969111132850065E-01
  7.6261861E-01  2.32299503514845043E+01  2.88086625078079528E-01  2.74419645472755303E+00  4.23818331246443858E-01 -4.16914294274557784E-01
  7.6771275E-01  2.32539918891287343E+01  2.80590228839642131E-01  2.77057395920380101E+00  4.29235561132542021E-01 -4.19841796038638082E-01
  7.7284092E-01  2.32716313055273751E+01  2.72893373164521891E-01  2.79704559926093577E+00  4.34716717705233346E-01 -4.22750318549980131E-01
  7.7800334E-01  2.32827382558751310E+01  2.65011794534524836E-01  2.82360651012695163E+00  4.40262368467076393E-01 -4.25638534815034275E-01
  7.8320023E-01  2.32871965133185697E+01  2.56961756878046788E-01  2.85025163212223864E+00  4.45873078930188016E-01 -4.28505088567128656E-01
  7.8843184E-01  2.32849038752067514E+01  2.48760023624637061E-01  2.87697570599853725E+00  4.51549412280754736E-01 -4.31348594131837626E-01
  7.9369838E-01  2.32757720429449328E+01  2.40423828661838257E-01  2.90377326821934645E+00  4.57291929029853605E-01 -4.34167636313598393E-01
  7.9900010E-01  2.32597264762627667E+01  2.31970846261013663E-01  2.93063864618338510E+00  4.63101186650135388E-01 -4.36960770304795465E-01
  8.0433722E-01  2.32367062227683618E+01  2.23419160041431641E-01  2.95756595339308115E+00  4.68977739197974974E-01 -4.39726521618586608E-01
  8.0970999E-01  2.32066637237138522E+01  2.14787231044181071E-01  2.98454908457027157E+00  4.74922136920658933E-01 -4.42463386046789531E-01
  8.1511864E-01  2.31695645969484758E+01  2.06093864989521286E-01  3.01158171072132452E+00  4.80934925848162054E-01 -4.45169829644169346E-01
  8.2056342E-01  2.31253873980805267E+01  1.97358178793032774E-01  3.03865727415428744E+00  4.87016647369067857E-01 -4.47844288740524732E-01
  8.2604456E-01  2.30741233609096561E+01  1.88599566417423203E-01  3.06576898345092541E+00  4.93167837790202013E-01 -4.50485169982018818E-01
  8.3156230E-01  2.30157761182267819E+01  1.79837664138067482E-01  3.09290980839652629E+00  4.99389027879481084E-01 -4.53090850403216228E-01
  8.3711690E-01  2.29503614041088184E+01  1.71092315301313053E-01  3.12007247487096295E+00  5.05680742391547811E-01 -4.55659677531364660E-01
  8.4270859E-01  2.28779067388611388E+01  1.62383534655281186E-01  3.14724945970444558E+00  5.12043499575686512E-01 -4.58189969524471885E-01
  8.4833763E-01  2.27984510977812143E+01  1.53731472333330815E-01  3.17443298550189068E+00  5.18477810665543215E-01 -4.60680015344791915E-01
  8.5400427E-01  2.27120445649324409E+01  1.45156377570547335E-01  3.20161501544016414E+00  5.24984179350181268E-01 -4.63128074969373082E-01
  8.5970874E-01  2.26187479731285208E+01  1.36678562233565948E-01  3.22878724804258388E+00  5.31563101225938972E-01 -4.65532379639353067E-01
  8.6545132E-01  2.25186325313348732E+01  1.28318364243761168E-01  3.25594111193560920E+00  5.38215063228614343E-01 -4.67891132149741817E-01
  8.7123225E-01  2.24117794406962929E+01  1.20096110973327258E-01  3.28306776059298455E+00  5.44940543045465797E-01 -4.70202507181474716E-01
  8.7705179E-01  2.22982795003974203E+01  1.12032082693052995E-01  3.31015806707283300E+00  5.51740008506496737E-01 -4.72464651677548919E-01
  8.8291019E-01  2.21782327045569048E+01  1.04146476149670056E-01  3.33720261875374868E+00  5.58613916954514234E-01 -4.74675685265109060E-01
  8.8880772E-01  2.20517478313463293E+01  9.64593683495319487E-02  3.36419171207640044E+00  5.65562714593452531E-01 -4.76833700725392384E-01
  8.9474464E-01  2.19189420255110115E+01  8.89906806240719772E-02  3.39111534729738207E+00  5.72586835814405615E-01 -4.78936764513467783E-01
  9.0072121E-01  2.17799403754533287E+01  8.17601430510049021E-02  3.41796322326271262E+00  5.79686702498846129E-01 -4.80982917329757675E-01
  9.0673769E-01  2.16348754860189132E+01  7.47872593035870531E-02  3.44472473220891295E+00  5.86862723298519628E-01 -4.82970174745373848E-01
  9.1279436E-01  2.14838870481026447E+01  6.80912719984431564E-02  3.47138895459983177E+00  5.94115292891426616E-01 -4.84896527883313055E-01
  9.1889148E-01  2.13271214061659578E+01  6.16911286105154832E-02  3.49794465400831722E+00  6.01444791213411545E-01 -4.86759944157624858E-01
  9.2502931E-01  2.11647311247279895E+01  5.56054480216019581E-02  3.52438027205207227E+00  6.08851582664774127E-01 -4.88558368072675719E-01
  9.3120814E-01  2.09968745548623588E+01  4.98524877667374383E-02  3.55068392339380567E+00  6.16336015291376937E-01 -4.90289722084676027E-01
  9.3742824E-01  2.08237154016983652E+01  4.44501120403398425E-02  3.57684339081648917E+00  6.23898419939734272E-01 -4.91951907527674870E-01
  9.4368987E-01  2.06454222938903342E+01  3.94157605216074597E-02  3.60284612038494201E+00  6.31539109385507835E-01 -4.93542805606241475E-01
  9.4999333E-01  2.04621683559820298E+01  3.47664180761206171E-02  3.62867921670591098E+00  6.39258377434894554E-01 -4.95060278457090108E-01
  9.5633889E-01  2.02741307845548704E+01  3.05185853879805825E-02  3.65432943829950174E+00  6.47056497998397262E-01 -4.96502170281934940E-01
  9.6272682E-01  2.00814904290088876E+01  2.66882505741210113E-02  3.67978319309542989E+00  6.54933724136419371E-01 -4.97866308553866654E-01
  9.6915742E-01  1.98844313777846224E+01  2.32908618296618179E-02  3.70502653406853888E+00  6.62890287076178364E-01 -4.99150505299578828E-01
  9.7563096E-01  1.96831405507924337E+01  2.03413011503493606E-02  3.73004515502889289E+00  6.70926395199464065E-01 -5.00352558459781771E-01
  9.8214774E-01  1.94778072987730582E+01  1.78538591752511466E-02  3.75482438658243778E+00  6.79042233000688111E-01 -5.01470253330147830E-01
  9.8870804E-01  1.92686230102701117E+01  1.58422111899546823E-02  3.77934919227937804E+00  6.87237960014774441E-01 -5.02501364085155111E-01
  9.9531216E-01  1.90557807268516761E+01  1.43193943275680483E-02  3.80360416496836251E+00  6.95513709714422168E-01 -5.03443655387188715E-01
  1.0019604E+00  1.88394747671742948E+01  1.32977860018409031E-02  3.82757352337539380E+00  7.03869588376244804E-01 -5.04294884083264505E-01
  1.0086530E+00  1.86199003604386419E+01  1.27890836037278764E-02  3.85124110892780358E+00  7.12305673915394233E-01 -5.05052800991737105E-01
  1.0153903E+00  1.83972532897423662E+01  1.28042854897080175E-02  3.87459038284442148E+00  7.20822014688205281E-01 -5.05715152781343158E-01
  1.0221726E+00  1.81717295457918269E+01  1.33536732871613988E-02  3.89760442351444913E+00  7.29418628262469060E-01 -5.06279683944914294E-01
  1.0290003E+00  1.79435249913911079E+01  1.44467955390942537E-02  3.92026592418882291E+00  7.38095500154989370E-01 -5.06744138870080518E-01
  1.0358735E+00  1.77128350370838419E+01  1.60924527075027059E-02  3.94255719100893520E+00  7.46852582536017384E-01 -5.07106264009247631E-01
  1.0427926E+00  1.74798543282810499E+01  1.82986835516790423E-02  3.96446014139916247E+00  7.55689792900266943E-01 -5.07363810151111649E-01
  1.0497579E+00  1.72447764441665186E+01  2.10727528947988567E-02  3.98595630285103963E+00  7.64607012704240252E-01 -5.07514534795924344E-01
  1.0567698E+00  1.70077936086306671E+01  2.44211407891878687E-02  4.00702681212826484E+00  7.73604085969554101E-01 -5.07556204636677721E-01
  1.0638284E+00  1.67690964134438119E+01  2.83495330877586056E-02  4.02765241492345982E+00  7.82680817852073107E-01 -5.07486598148326529E-01
  1.0709343E+00  1.65288735538409703E+01  3.28628134262355029E-02  4.04781346599923531E+00  7.91836973176685444E-01 -5.07303508287095806E-01
  1.0780875E+00  1.62873115766606453E+01  3.79650566179534701E-02  4.06748992984763991E+00  8.01072274937526418E-01 -5.07004745301853132E-01
  1.0852886E+00  1.60445946410951734E+01  4.36595234602297072E-02  4.08666138190419304E+00  8.10386402763621616E-01 -5.06588139659446601E-01
  1.0925377E+00  1.58009042921944740E+01  4.99486569485696821E-02  4.10530701035424617E+00  8.19778991349855213E-01 -5.06051545085807408E-01
  1.0998353E+00  1.55564192470728955E+01  5.68340798922805229E-02  4.12340561857162236E+00  8.29249628853291676E-01 -5.05392841724530362E-01
  1.1071816E+00  1.53113151938536003E+01  6.43165939224388111E-02  4.14093562823151018E+00  8.38797855254943769E-01 -5.04609939414518816E-01
  1.1145769E+00  1.50657646033069810E+01  7.23961798805865947E-02  4.15787508314161958E+00  8.48423160687077349E-01 -5.03700781088164296E-01
  1.1220217E+00  1.48199365531173086E+01  8.10719995740213639E-02  4.17420165383800956E+00  8.58124983726267332E-01 -5.02663346291396418E-01
  1.1295162E+00  1.45739965646834904E+01  9.03423988811064421E-02  4.18989264299435238E+00  8.67902709652502269E-01 -5.01495654826784931E-01
  1.1370607E+00  1.43281064523327117E+01  1.00204912187650153E-01  4.20492499169575140E+00  8.77755668674630507E-01 -5.00195770520719840E-01
  1.1446556E+00  1.40824241848001979E+01  1.10656268133100838E-01  4.21927528663094709E+00  8.87683134122599138E-01 -4.98761805115520762E-01
  1.1523012E+00  1.38371037588046235E+01  1.21692396643073700E-01  4.23291976825944527E+00  8.97684320607022079E-01 -4.97191922287130883E-01
  1.1599979E+00  1.35922950845264054E+01  1.33308437222572324E-01  4.24583434001281113E+00  9.07758382146625742E-01 -4.95484341788857252E-01
  1.1677460E+00  1.33481438827715824E+01  1.45498748482187579E-01  4.25799457859249397E+00  9.17904410264305359E-01 -4.93637343721392230E-01
  1.1755459E+00  1.31047915935923562E+01  1.58256918867564933E-01  4.26937574542956177E+00  9.28121432052603335E-01 -4.91649272929114256E-01
  1.1833978E+00  1.28623752961099989E+01  1.71575778560512732E-01  4.27995279937493933E+00  9.38408408209472689E-01 -4.89518543522423133E-01
  1.1913022E+00  1.26210276392724143E+01  1.85447412518295135E-01  4.28970041069223651E+00  9.48764231045411854E-01 -4.87243643525583636E-01
  1.1992594E+00  1.23808767832627780E+01  1.99863174615910327E-01  4.29859297642866167E+00  9.59187722463060055E-01 -4.84823139649270485E-01
  1.2072697E+00  1.21420463512626178E+01  2.14813702854496164E-01  4.30660463724331333E+00  9.69677631910539128E-01 -4.82255682186703893E-01
  1.2153335E+00  1.19046553912604907E+01  2.30288935597441430E-01  4.31370929577602880E+00  9.80232634309996742E-01 -4.79540010031922315E-01
  1.2234512E+00  1.16688183475858285E+01  2.46278128794303663E-01  4.31988063664387933E+00  9.90851327962818607E-01 -4.76674955818421953E-01
  1.2316231E+00  1.14346450418387349E+01  2.62769874151254690E-01  4.32509214815681364E+00  1.00153223243325562E+00 -4.73659451175999113E-01
  1.2398495E+00  1.12022406628778199E+01  2.79752118205487565E-01  4.32931714584823624E+00  1.01227378641232635E+00 -4.70492532103254868E-01
  1.2481309E+00  1.09717057655213424E+01  2.97212182259826985E-01  4.33252879792097456E+00  1.02307434556397125E+00 -4.67173344452816552E-01
  1.2564676E+00  1.07431362776111996E+01  3.15136783132694775E-01  4.33470015271391951E+00  1.03393218035566115E+00 -4.63701149525896750E-01
  1.2648600E+00  1.05166235150845022E+01  3.33512054677584602E-01  4.33580416829967064E+00  1.04484547387585458E+00 -4.60075329772342168E-01
  1.2733084E+00  1.02922542046942773E+01  3.52323570025311228E-01  4.33581374432875677E+00  1.05581231964080802E+00 -4.56295394591868797E-01
  1.2818133E+00  1.00701105140181948E+01  3.71556364501503089E-01  4.33470175624154308E+00  1.06683071939350627E+00 -4.52360986231672813E-01
  1.2903750E+00  9.85027008839294993E+00  3.91194959171119017E-01  4.33244109197466809E+00  1.07789858089769641E+00 -4.48271885775051449E-01
  1.2989938E+00  9.63280609441164160E+00  4.11223384961183824E-01  4.32900469129487409E+00  1.08901371573012029E+00 -4.44028019215173209E-01
  1.3076702E+00  9.41778726962186852E+00  4.31625207312450965E-01  4.32436558789935166E+00  1.10017383707441252E+00 -4.39629463607497384E-01
  1.3164046E+00  9.20527797806387404E+00  4.52383551310323095E-01  4.31849695442829429E+00  1.11137655752020725E+00 -4.35076453293793686E-01
  1.3251972E+00  8.99533827129024388E+00  4.73481127245086841E-01  4.31137215054221112E+00  1.12261938687133633E+00 -4.30369386190058101E-01
  1.3340487E+00  8.78802395451187301E+00  4.94900256551341289E-01  4.30296477422364720E+00  1.13389972996725019E+00 -4.25508830129956883E-01
  1.3429592E+00  8.58338665751857022E+00  5.16622898076437687E-01  4.29324871647050621E+00  1.14521488452195297E+00 -4.20495529254793166E-01
  1.3519292E+00  8.38147391002746112E+00  5.38630674627777029E-01  4.28219821955590696E+00  1.15656203898511434E+00 -4.15330410440241882E-01
  1.3609592E+00  8.18232922111729621E+00  5.60904899748952079E-01  4.26978793903765030E+00  1.16793827043026832E+00 -4.10014589749376379E-01
  1.3700494E+00  7.98599216241272725E+00  5.83426604674970539E-01  4.25599300970892358E+00  1.17934054247523079E+00 -4.04549378900777690E-01
  1.3792004E+00  7.79249845469557201E+00  6.06176565417086977E-01  4.24078911569071249E+00  1.19076570324022302E+00 -3.98936291739702964E-01
  1.3884124E+00  7.60188005758737173E+00  6.29135329928280806E-01  4.22415256487560864E+00  1.20221048334950886E+00 -3.93177050699479391E-01
  1.3976860E+00  7.41416526205320459E+00  6.52283245300906311E-01  4.20606036794252081E+00  1.21367149398252994E+00 -3.87273593239494673E-01
  1.4070216E+00  7.22937878535497180E+00  6.75600484948633562E-01  4.18649032217169648E+00  1.22514522498104061E+00 -3.81228078245231972E-01
  1.4164195E+00  7.04754186818633421E+00  6.99067075725628095E-01  4.16542110030021107E+00  1.23662804301885343E+00 -3.75042892374978010E-01
  1.4258801E+00  6.86867237369272576E+00  7.22662924936605888E-01  4.14283234466893990E+00  1.24811618984129780E+00 -3.68720656336887331E-01
  1.4354039E+00  6.69278488809461791E+00  7.46367847192362710E-01  4.11870476692353904E+00  1.25960578058176398E+00 -3.62264231079148291E-01
  1.4449914E+00  6.51989082264159059E+00  7.70161591066393814E-01  4.09302025354404275E+00  1.27109280216303477E+00 -3.55676723875097245E-01
  1.4546428E+00  6.34999851663424497E+00  7.94023865509212112E-01  4.06576197749011214E+00  1.28257311179147249E+00 -3.48961494284110663E-01
  1.4643588E+00  6.18311334126076684E+00  8.17934365978188471E-01  4.03691451626196773E+00  1.29404243555252885E+00 -3.42122159968115291E-01
  1.4741396E+00  6.01923780400473163E+00  8.41872800241950658E-01  4.00646397669088827E+00  1.30549636711629402E+00 -3.35162602342603366E-01
  1.4839857E+00  5.85837165339104438E+00  8.65818913819684788E-01  3.97439812678715709E+00  1.31693036656225648E+00 -3.28086972039974945E-01
  1.4938976E+00  5.70051198384687297E+00  8.89752515017083412E-01  3.94070653498822177E+00  1.32833975933280080E+00 -3.20899694161992988E-01
  1.5038757E+00  5.54565334046495551E+00  9.13653499522140145E-01  3.90538071716546265E+00  1.33971973532525235E+00 -3.13605473297152049E-01
  1.5139205E+00  5.39378782346690500E+00  9.37501874525533796E-01  3.86841429176399521E+00  1.35106534813273016E+00 -3.06209298277663078E-01
  1.5240323E+00  5.24490519217459550E+00  9.61277782331952269E-01  3.82980314346667505E+00  1.36237151444442239E+00 -2.98716446649703371E-01
  1.5342116E+00  5.09899296830814297E+00  9.84961523430395225E-01  3.78954559579146455E+00  1.37363301361616363E+00 -2.91132488829590252E-01
  1.5444590E+00  4.95603653843936343E+00  1.00853357899323104E+00  3.74764259304912972E+00  1.38484448742270216E+00 -2.83463291917392057E-01
  1.5547748E+00  4.81601925543995257E+00  1.03197463277562029E+00  3.70409789210786800E+00  1.39600044000324508E+00 -2.75715023138543347E-01
  1.5651594E+00  4.67892253877383091E+00  1.05526559238879569E+00  3.65891826443117463E+00  1.40709523801229119E+00 -2.67894152882933556E-01
  1.5756135E+00  4.54472597349333984E+00  1.07838760992263571E+00  3.61211370887602889E+00  1.41812311098811183E+00 -2.60007457309928414E-01
  1.5861373E+00  4.41340740780884389E+00  1.10132210189498836E+00  3.56369767576052565E+00  1.42907815195146215E+00 -2.52062020486825078E-01
  1.5967314E+00  4.28494304911121571E+00  1.12405076850726604E+00  3.51368730273248220E+00  1.43995431824749431E+00 -2.44065236027232679E-01
  1.6073963E+00  4.15930755833623866E+00  1.14655561218795832E+00  3.46210366299409733E+00  1.45074543264413514E+00 -2.36024808194912727E-01
  1.6181324E+00  4.03647414256941151E+00  1.16881895540788516E+00  3.40897202646287845E+00  1.46144518470036178E+00 -2.27948752437773433E-01
  1.6289403E+00  3.91641464579876697E+00  1.19082345775321041E+00  3.35432213447429550E+00  1.47204713241815921E+00 -2.19845395315788200E-01
  1.6398203E+00  3.79909963773216619E+00  1.21255213224450231E+00  3.29818848865850667E+00  1.48254470419212736E+00 -2.11723373785796060E-01
  1.6507729E+00  3.68449850060417328E+00  1.23398836089238140E+00  3.24061065465195686E+00  1.49293120107083666E+00 -2.03591633805458361E-01
  1.6617987E+00  3.57257951390587847E+00  1.25511590948257634E+00  3.18163358133304008E+00  1.50319979934429604E+00 -1.95459428217838932E-01
  1.6728982E+00  3.46330993697896838E+00  1.27591894158549390E+00  3.12130793630223069E+00  1.51334355347190463E+00 -1.87336313877578042E-01
  1.6840718E+00  3.35665608942295313E+00  1.29638203178765776E+00  3.05969045835835551E+00  1.52335539936541053E+00 -1.79232147978999196E-01
  1.6953200E+00  3.25258342927183808E+00  1.31649017814460834E+00  2.99684432775574150E+00  1.53322815804143797E+00 -1.71157083546078032E-01
  1.7066433E+00  3.15105662890329929E+00  1.33622881385701908E+00  2.93283955506186933E+00  1.54295453965804930E+00 -1.63121564043867379E-01
  1.7180422E+00  3.05203964865015287E+00  1.35558381817389595E+00  2.86775338947084979E+00  1.55252714794983571E+00 -1.55136317070721369E-01
  1.7295173E+00  2.95549580809006152E+00  1.37454152652873196E+00  2.80167074746539635E+00  1.56193848507587152E+00 -1.47212347090502571E-01
  1.7410690E+00  2.86138785499533110E+00  1.39308873991639448E+00  2.73468466275962063E+00  1.57118095689462556E+00 -1.39360927164053683E-01
  1.7526979E+00  2.76967803193025874E+00  1.41121273352028487E+00  2.66689675849535268E+00  1.58024687867974345E+00 -1.31593589639297293E-01
  1.7644044E+00  2.68032814048871559E+00  1.42890126460093803E+00  2.59841774270709402E+00  1.58912848129024842E+00 -1.23922115759633897E-01
  1.7761892E+00  2.59329960316960717E+00  1.44614257965866089E+00  2.52936792811562983E+00  1.59781791780826055E+00 -1.16358524150841872E-01
  1.7880526E+00  2.50855352289257150E+00  1.46292542088409183E+00  2.45987777735604451E+00  1.60630727065688461E+00 -1.08915058147267554E-01
  1.7999952E+00  2.42605074016061684E+00  1.47923903191161799E+00  2.39008847479397879E+00  1.61458855921032507E+00 -1.01604171918942360E-01
  1.8120176E+00  2.34575188788068223E+00  1.49507316289143555E+00  2.32015252613507261E+00  1.62265374790752359E+00 -9.44385153623650275E-02
  1.8241203E+00  2.26761744385696451E+00  1.51041807489669844E+00  2.25023438708352996E+00  1.63049475487993911E+00 -8.74309177188448833E-02
  1.8363039E+00  2.19160778097566356E+00  1.52526454368260356E+00  2.18051112236177991E+00  1.63810346110305827E+00 -8.05943698859032387E-02
  1.8485688E+00  2.11768321510339552E+00  1.53960386281448569E+00  2.11117309645912421E+00  1.64547172008027287E+00 -7.39420053888902445E-02
  1.8609156E+00  2.04580405072489935E+00  1.55342784618197416E+00  2.04242469753684563E+00  1.65259136806662132E+00 -6.74870799819776712E-02
  1.8733449E+00  1.97593062434895961E+00  1.56672882991607887E+00  1.97448509597946931E+00  1.65945423483852927E+00 -6.12429498500058692E-02
  1.8858572E+00  1.90802334571461585E+00  1.57949967372569144E+00  1.90758903914588274E+00  1.66605215501432324E+00 -5.52230483851709336E-02
  1.8984530E+00  1.84204273683271103E+00  1.59173376166941605E+00  1.84198768394118795E+00  1.67237697992873224E+00 -4.94408615153930572E-02
  1.9111330E+00  1.77794946890073757E+00  1.60342500237800900E+00  1.77794946890074002E+00  1.67842059006279509E+00 -4.39099015644368457E-02
  1.9238977E+00  1.71570439713171030E+00  1.61456782874185745E+00  1.71570439713171030E+00  1.68417490802876513E+00 -3.86436796273102734E-02
  1.9367476E+00  1.65526859354040767E+00  1.62515719707708106E+00  1.65526859354040767E+00  1.68963191210755559E+00 -3.36556764483234225E-02
  1.9496833E+00  1.59660337773288852E+00  1.63518858578289805E+00  1.59660337773288852E+00  1.69478365033397527E+00 -2.89593117934552058E-02
  1.9627055E+00  1.53967034574750317E+00  1.64465799350193276E+00  1.53967034574750317E+00  1.69962225512266984E+00 -2.45679123131733596E-02
  1.9758145E+00  1.48443139699789661E+00  1.65356193679419650E+00  1.48443139699789661E+00  1.70413995842503896E+00 -2.04946778969101878E-02
  1.9890112E+00  1.43084875937052569E+00  1.66189744733456313E+00  1.43084875937052569E+00  1.70832910740460697E+00 -1.67526465257050831E-02
  2.0022960E+00  1.37888501253112494E+00  1.66966206864269595E+00  1.37888501253112494E+00  1.71218218061538097E+00 -1.33546576353128030E-02
  2.0156695E+00  1.32850310949622608E+00  1.67685385235363937E+00  1.32850310949622608E+00  1.71569180466445470E+00 -1.03133140082988621E-02
  2.0291323E+00  1.27966639652735603E+00  1.68347135403659598E+00  1.27966639652735603E+00  1.71885077133678776E+00 -7.64094222023514215E-03
  2.0426851E+00  1.23233863140678057E+00  1.68951362856892828E+00  1.23233863140678057E+00  1.72165205515643094E+00 -5.34955167217544131E-03
  2.0563283E+00  1.18648400015472522E+00  1.69498022507196011E+00  1.18648400015472522E+00  1.72408883135462165E+00 -3.45079224911575390E-03
  2.0700627E+00  1.14206713224880807E+00  1.69987118141496940E+00  1.14206713224880807E+00  1.72615449421115907E+00 -1.95591065207049520E-03
  2.0838888E+00  1.09905311440697995E+00  1.70418701829360186E+00  1.09905311440697995E+00  1.72784267573114469E+00 -8.75705459805871497E-04
  2.0978072E+00  1.05740750299557340E+00  1.70792873288901514E+00  1.05740750299557340E+00  1.72914726461471657E+00 -2.20480985138985013E-04
  2.1118186E+00  1.01709633512415798E+00  1.71109779211421920E+00  1.01709633512415798E+00  1.73006242547264000E+00  0.00000000000000000E+00
  2.1259236E+00  9.78086138488680756E-01  1.71369612545442562E+00  9.78086138488680756E-01  1.73058261823572002E+00  0.00000000000000000E+00
  2.1401227E+00  9.40343940024005565E-01  1.71572611740863712E+00  9.40343940024005565E-01  1.73070261770079803E+00  0.00000000000000000E+00
  2.1544168E+00  9.03837273426278287E-01  1.71719059954027831E+00  9.03837273426278287E-01  1.73041753315074320E+00  0.00000000000000000E+00
  2.1688062E+00  8.68534185604715403E-01  1.71809284214530411E+00  8.68534185604715403E-01  1.72972282798024901E+00  0.00000000000000000E+00
  2.1832918E+00  8.34403242121333877E-01  1.71843654554695657E+00  8.34403242121333877E-01  1.72861433925345964E+00  0.00000000000000000E+00
  2.1978741E+00  8.01413531675908675E-01  1.71822583102711746E+00  8.01413531675908675E-01  1.72708829711344425E+00  0.00000000000000000E+00
  2.2125538E+00  7.69534669692006790E-01  1.71746523140503760E+00  7.69534669692006790E-01  1.72514134395738195E+00  0.00000000000000000E+00
  2.2273316E+00  7.38736801058417103E-01  1.71615968127508101E+00  7.38736801058417103E-01  1.72277055328494400E+00  0.00000000000000000E+00
  2.2422080E+00  7.08990602078557575E-01  1.71431450691595932E+00  7.08990602078557575E-01  1.71997344812082043E+00  0.00000000000000000E+00
  2.2571838E+00  6.80267281678690439E-01  1.71193541588483411E+00  6.80267281678690439E-01  1.71674801890571205E+00  0.00000000000000000E+00
  2.2722596E+00  6.52538581923846950E-01  1.70902848631043280E+00  6.52538581923846950E-01  1.71309274074320594E+00  0.00000000000000000E+00
  2.2874361E+00  6.25776777888435221E-01  1.70560015590019320E+00  6.25776777888435221E-01  1.70900658988306775E+00  0.00000000000000000E+00
  2.3027140E+00  5.99954676926472863E-01  1.70165721067715459E+00  5.99954676926472863E-01  1.70448905931440287E+00  0.00000000000000000E+00
  2.3180939E+00  5.75045617384374097E-01  1.69720677346303361E+00  5.75045617384374097E-01  1.69954017333496643E+00  0.00000000000000000E+00
  2.3335765E+00  5.51023466797146200E-01  1.69225629212457496E+00  5.51023466797146200E-01  1.69416050095567794E+00  0.00000000000000000E+00
  2.3491625E+00  5.27862619606809247E-01  1.68681352760082048E+00  5.27862619606809247E-01  1.68835116799212503E+00  0.00000000000000000E+00
  2.3648526E+00  5.05537994439811733E-01  1.68088654172945740E+00  5.05537994439811733E-01  1.68211386768742210E+00  0.00000000000000000E+00
  2.3806475E+00  4.84025030978201376E-01  1.67448368489082555E+00  4.84025030978201376E-01  1.67545086970352441E+00  0.00000000000000000E+00
  2.3965479E+00  4.63299686457336990E-01  1.66761358348852706E+00  4.63299686457336990E-01  1.66836502731059477E+00  0.00000000000000000E+00
  2.4125544E+00  4.43338431821000412E-01  1.66028512728585143E+00  4.43338431821000412E-01  1.66085978259668643E+00  0.00000000000000000E+00
  2.4286679E+00  4.24118247562891071E-01  1.65250745661744336E+00  4.24118247562891071E-01  1.65293916951261655E+00  0.00000000000000000E+00
  2.4448890E+00  4.05616619281679969E-01  1.64428994949576524E+00  4.05616619281679969E-01  1.64460781455949379E+00  0.00000000000000000E+00
  2.4612184E+00  3.87811532975045559E-01  1.63564220863197152E+00  3.87811532975045559E-01  1.63587093491899216E+00  0.00000000000000000E+00
  2.4776569E+00  3.70681470096444643E-01  1.62657404839081199E+00  3.70681470096444643E-01  1.62673433381917287E+00  0.00000000000000000E+00
  2.4942052E+00  3.54205402396771896E-01  1.61709548169909878E+00  3.54205402396771896E-01  1.61720439292123119E+00  0.00000000000000000E+00
  2.5108640E+00  3.38362786571521523E-01  1.60721670692716279E+00  3.38362786571521523E-01  1.60728806150521830E+00  0.00000000000000000E+00
  2.5276340E+00  3.23133558732631110E-01  1.59694809476252075E+00  3.23133558732631110E-01  1.59699284222546822E+00  0.00000000000000000E+00
  2.5445161E+00  3.08498128722801246E-01  1.58630017509475163E+00  3.08498128722801246E-01  1.58632677319889037E+00  0.00000000000000000E+00
  2.5615109E+00  2.94437374288789300E-01  1.57528362393027987E+00  2.94437374288789300E-01  1.57529840618191752E+00  0.00000000000000000E+00
  2.5786192E+00  2.80932635128958441E-01  1.56390925035544592E+00  2.80932635128958441E-01  1.56391678058415962E+00  0.00000000000000000E+00
  2.5958418E+00  2.67965706829208172E-01  1.55218798356585896E+00  2.67965706829208172E-01  1.55219139305897103E+00  0.00000000000000000E+00
  2.6131793E+00  2.55518834700340258E-01  1.54013085997962951E+00  2.55518834700340258E-01  1.54013216240314765E+00  0.00000000000000000E+00
  2.6306327E+00  2.43574707528909307E-01  1.52774901045160805E+00  2.43574707528909307E-01  1.52774938948956285E+00  0.00000000000000000E+00
  2.6482027E+00  2.32116451252667749E-01  1.51505364760531758E+00  2.32116451252667749E-01  1.51505371194779026E+00  0.00000000000000000E+00
  2.6658900E+00  2.21127622570846005E-01  1.50205605329872705E+00  2.21127622570846005E-01  1.50205605329872727E+00  0.00000000000000000E+00
  2.6836954E+00  2.10592202498698255E-01  1.48876756623950168E+00  2.10592202498698255E-01  1.48876756623950079E+00  0.00000000000000000E+00
  2.7016197E+00  2.00494589874998297E-01  1.47519956976480149E+00  2.00494589874998297E-01  1.47519956976480149E+00  0.00000000000000000E+00
  2.7196637E+00  1.90819594830477723E-01  1.46136347980014092E+00  1.90819594830477723E-01  1.46136347980014092E+00  0.00000000000000000E+00
  2.7378283E+00  1.81552432224566157E-01  1.44727073301119846E+00  1.81552432224566157E-01  1.44727073301119846E+00  0.00000000000000000E+00
  2.7561142E+00  1.72678715057207749E-01  1.43293277516189366E+00  1.72678715057207749E-01  1.43293277516189366E+00  0.00000000000000000E+00
  2.7745222E+00  1.64184447861994126E-01  1.41836104969139498E+00  1.64184447861994126E-01  1.41836104969139498E+00  0.00000000000000000E+00
  2.7930531E+00  1.56056020086368819E-01  1.40356698652210010E+00  1.56056020086368819E-01  1.40356698652210010E+00  0.00000000000000000E+00
  2.8117078E+00  1.48280199464212087E-01  1.38856199110997669E+00  1.48280199464212087E-01  1.38856199110997669E+00  0.00000000000000000E+00
  2.8304871E+00  1.40844125385713365E-01  1.37335743374799923E+00  1.40844125385713365E-01  1.37335743374799923E+00  0.00000000000000000E+00
  2.8493918E+00  1.33735302269073847E-01  1.35796463913274756E+00  1.33735302269073847E-01  1.35796463913274756E+00  0.00000000000000000E+00
  2.8684227E+00  1.26941592938253328E-01  1.34239487620357201E+00  1.26941592938253328E-01  1.34239487620357201E+00  0.00000000000000000E+00
  2.8875808E+00  1.20451212010680583E-01  1.32665934826303378E+00  1.20451212010680583E-01  1.32665934826303378E+00  0.00000000000000000E+00
  2.9068668E+00  1.14252719298581357E-01  1.31076918338668369E+00  1.14252719298581357E-01  1.31076918338668369E+00  0.00000000000000000E+00
  2.9262816E+00  1.08335013227341917E-01  1.29473542512951934E+00  1.08335013227341917E-01  1.29473542512951934E+00  0.00000000000000000E+00
  2.9458261E+00  1.02687324274117711E-01  1.27856902353581603E+00  1.02687324274117711E-01  1.27856902353581603E+00  0.00000000000000000E+00
  2.9655011E+00  9.72992084297272519E-02  1.26228082645831829E+00  9.72992084297272519E-02  1.26228082645831829E+00  0.00000000000000000E+00
  2.9853075E+00  9.21605406865784182E-02  1.24588157119211984E+00  9.21605406865784182E-02  1.24588157119211984E+00  0.00000000000000000E+00
  3.0052462E+00  8.72615085556919523E-02  1.22938187642785524E+00  8.72615085556919523E-02  1.22938187642785524E+00  0.00000000000000000E+00
  3.0253180E+00  8.25926056148129362E-02  1.21279223452817009E+00  8.25926056148129362E-02  1.21279223452817009E+00  0.00000000000000000E+00
  3.0455239E+00  7.81446250905654949E-02  1.19612300413120831E+00  7.81446250905654949E-02  1.19612300413120831E+00  0.00000000000000000E+00
  3.0658648E+00  7.39086534771916381E-02  1.17938440308036752E+00  7.39086534771916381E-02  1.17938440308036752E+00  0.00000000000000000E+00
  3.0863415E+00  6.98760641933793142E-02  1.16258650165764510E+00  6.98760641933793142E-02  1.16258650165764510E+00  0.00000000000000000E+00
  3.1069550E+00  6.60385112803571900E-02  1.14573921628109066E+00  6.60385112803571900E-02  1.14573921628109066E+00  0.00000000000000000E+00
  3.1277061E+00  6.23879231428086170E-02  1.12885230332968267E+00  6.23879231428086170E-02  1.12885230332968267E+00  0.00000000000000000E+00
  3.1485958E+00  5.89164963347377085E-02  1.11193535344184546E+00  5.89164963347377085E-02  1.11193535344184546E+00  0.00000000000000000E+00
  3.1696251E+00  5.56166893927770786E-02  1.09499778610867904E+00  5.56166893927770786E-02  1.09499778610867904E+00  0.00000000000000000E+00
  3.1907947E+00  5.24812167185611314E-02  1.07804884460155592E+00  5.24812167185611314E-02  1.07804884460155592E+00  0.00000000000000000E+00
  3.2121058E+00  4.95030425123112600E-02  1.06109759123035885E+00  4.95030425123112600E-02  1.06109759123035885E+00  0.00000000000000000E+00
  3.2335592E+00  4.66753747595554727E-02  1.04415290292602059E+00  4.66753747595554727E-02  1.04415290292602059E+00  0.00000000000000000E+00
  3.2551559E+00  4.39916592729078029E-02  1.02722346715036883E+00  4.39916592729078029E-02  1.02722346715036883E+00  0.00000000000000000E+00
  3.2768968E+00  4.14455737908010491E-02  1.01031777812620671E+00  4.14455737908010491E-02  1.01031777812620671E+00  0.00000000000000000E+00
  3.2987829E+00  3.90310221350321229E-02  9.93444133385044670E-01  3.90310221350321229E-02  9.93444133385044670E-01  0.00000000000000000E+00
  3.3208152E+00  3.67421284289539338E-02  9.76610630627787968E-01  3.67421284289539338E-02  9.76610630627787968E-01  0.00000000000000000E+00
  3.3429946E+00  3.45732313781161454E-02  9.59825164893485905E-01  3.45732313781161454E-02  9.59825164893485905E-01  0.00000000000000000E+00
  3.3653222E+00  3.25188786151260276E-02  9.43095426030856387E-01  3.25188786151260276E-02  9.43095426030856387E-01  0.00000000000000000E+00
  3.3877988E+00  3.05738211104670254E-02  9.26428896466753748E-01  3.05738211104670254E-02  9.26428896466753748E-01  0.00000000000000000E+00
  3.4104256E+00  2.87330076509776343E-02  9.09832849265423960E-01  2.87330076509776343E-02  9.09832849265423960E-01  0.00000000000000000E+00
  3.4332035E+00  2.69915793876549306E-02  8.93314346471968057E-01  2.69915793876549306E-02  8.93314346471968057E-01  0.00000000000000000E+00
  3.4561335E+00  2.53448644544059035E-02  8.76880237733098422E-01  2.53448644544059035E-02  8.76880237733098422E-01  0.00000000000000000E+00
  3.4792167E+00  2.37883726593258286E-02  8.60537159187935718E-01  2.37883726593258286E-02  8.60537159187935718E-01  0.00000000000000000E+00
  3.5024540E+00  2.23177902500350106E-02  8.44291532621307406E-01  2.23177902500350106E-02  8.44291532621307406E-01  0.00000000000000000E+00
  3.5258466E+00  2.09289747545544393E-02  8.28149564871731858E-01  2.09289747545544393E-02  8.28149564871731858E-01  0.00000000000000000E+00
  3.5493953E+00  1.96179498991463017E-02  8.12117247486050076E-01  1.96179498991463017E-02  8.12117247486050076E-01  0.00000000000000000E+00
  3.5731014E+00  1.83809006044864595E-02  7.96200356612454252E-01  1.83809006044864595E-02  7.96200356612454252E-01  0.00000000000000000E+00
  3.5969657E+00  1.72141680614750110E-02  7.80404453123508701E-01  1.72141680614750110E-02  7.80404453123508701E-01  0.00000000000000000E+00
  3.6209895E+00  1.61142448879248307E-02  7.64734882960603324E-01  1.61142448879248307E-02  7.64734882960603324E-01  0.00000000000000000E+00
  3.6451736E+00  1.50777703672995995E-02  7.49196777691213178E-01  1.50777703672995995E-02  7.49196777691213178E-01  0.00000000000000000E+00
  3.6695193E+00  1.41015257706004100E-02  7.33795055270253460E-01  1.41015257706004100E-02  7.33795055270253460E-01  0.00000000000000000E+00
  3.6940276E+00  1.31824297624248236E-02  7.18534420996803647E-01  1.31824297624248236E-02  7.18534420996803647E-01  0.00000000000000000E+00
  3.7186996E+00  1.23175338921436405E-02  7.03419368657494770E-01  1.23175338921436405E-02  7.03419368657494770E-01  0.00000000000000000E+00
  3.7435364E+00  1.15040181710599210E-02  6.88454181847892532E-01  1.15040181710599210E-02  6.88454181847892532E-01  0.00000000000000000E+00
  3.7685390E+00  1.07391867363307667E-02  6.73642935463312664E-01  1.07391867363307667E-02  6.73642935463312664E-01  0.00000000000000000E+00
  3.7937086E+00  1.00204636023467682E-02  6.58989497350617626E-01  1.00204636023467682E-02  6.58989497350617626E-01  0.00000000000000000E+00
  3.8190463E+00  9.34538850017607552E-03  6.44497530112713379E-01  9.34538850017607552E-03  6.44497530112713379E-01  0.00000000000000000E+00
  3.8445533E+00  8.71161280559031373E-03  6.30170493057661707E-01  8.71161280559031373E-03  6.30170493057661707E-01  0.00000000000000000E+00
  3.8702305E+00  8.11689555609898181E-03  6.16011644284553128E-01  8.11689555609898181E-03  6.16011644284553128E-01  0.00000000000000000E+00
  3.8960793E+00  7.55909955732646851E-03  6.02024042898542722E-01  7.55909955732646851E-03  6.02024042898542722E-01  0.00000000000000000E+00
  3.9221007E+00  7.03618757897336161E-03  5.88210551347756683E-01  7.03618757897336161E-03  5.88210551347756683E-01  0.00000000000000000E+00
  3.9482959E+00  6.54621864051099095E-03  5.74573837875080873E-01  6.54621864051099095E-03  5.74573837875080873E-01  0.00000000000000000E+00
  3.9746661E+00  6.08734438666122014E-03  5.61116379078194005E-01  6.08734438666122014E-03  5.61116379078194005E-01  0.00000000000000000E+00
  4.0012123E+00  5.65780555263200452E-03  5.47840462571567599E-01  5.65780555263200452E-03  5.47840462571567599E-01  0.00000000000000000E+00
  4.0279359E+00  5.25592851896358217E-03  5.34748189744522651E-01  5.25592851896358217E-03  5.34748189744522651E-01  0.00000000000000000E+00
  4.0548379E+00  4.88012195577472441E-03  5.21841478609837761E-01  4.88012195577472441E-03  5.21841478609837761E-01  0.00000000000000000E+00
  4.0819196E+00  4.52887355609877043E-03  5.09122066737788037E-01  4.52887355609877043E-03  5.09122066737788037E-01  0.00000000000000000E+00
  4.1091822E+00  4.20074685789001857E-03  4.96591514266491396E-01  4.20074685789001857E-03  4.96591514266491396E-01  0.00000000000000000E+00
  4.1366269E+00  3.89437815423219948E-03  4.84251207006234419E-01  3.89437815423219948E-03  4.84251207006234419E-01  0.00000000000000000E+00
  4.1642548E+00  3.60847349116049342E-03  4.72102359589787801E-01  3.60847349116049342E-03  4.72102359589787801E-01  0.00000000000000000E+00
  4.1920673E+00  3.34180575244056016E-03  4.60146018709183424E-01  3.34180575244056016E-03  4.60146018709183424E-01  0.00000000000000000E+00
  4.2200655E+00  3.09321183057505947E-03  4.48383066413683529E-01  3.09321183057505947E-03  4.48383066413683529E-01  0.00000000000000000E+00
  4.2482507E+00  2.86158988321386738E-03  4.36814223470431306E-01  2.86158988321386738E-03  4.36814223470431306E-01  0.00000000000000000E+00
  4.2766241E+00  2.64589667408038224E-03  4.25440052785138967E-01  2.64589667408038224E-03  4.25440052785138967E-01  0.00000000000000000E+00
  4.3051870E+00  2.44514499745171346E-03  4.14260962880449113E-01  2.44514499745171346E-03  4.14260962880449113E-01  0.00000000000000000E+00
  4.3339407E+00  2.25840118516246538E-03  4.03277211429803661E-01  2.25840118516246538E-03  4.03277211429803661E-01  0.00000000000000000E+00
  4.3628864E+00  2.08478269503728541E-03  3.92488908844832896E-01  2.08478269503728541E-03  3.92488908844832896E-01  0.00000000000000000E+00
  4.3920255E+00  1.92345577959605950E-03  3.81896021914397144E-01  1.92345577959605950E-03  3.81896021914397144E-01  0.00000000000000000E+00
  4.4213592E+00  1.77363323381832033E-03  3.71498377493501120E-01  1.77363323381832033E-03  3.71498377493501120E-01  0.00000000000000000E+00
  4.4508887E+00  1.63457222069968719E-03  3.61295666240323388E-01  1.63457222069968719E-03  3.61295666240323388E-01  0.00000000000000000E+00
  4.4806155E+00  1.50557217328333944E-03  3.51287446399590086E-01  1.50557217328333944E-03  3.51287446399590086E-01  0.00000000000000000E+00
  4.5105408E+00  1.38597277180355170E-03  3.41473147630457774E-01  1.38597277180355170E-03  3.41473147630457774E-01  0.00000000000000000E+00
  4.5406660E+00  1.27515199453613333E-03  3.31852074876954894E-01  1.27515199453613333E-03  3.31852074876954894E-01  0.00000000000000000E+00
  4.5709924E+00  1.17252424091239820E-03  3.22423412278880883E-01  1.17252424091239820E-03  3.22423412278880883E-01  0.00000000000000000E+00
  4.6015213E+00  1.07753852541878298E-03  3.13186227120865746E-01  1.07753852541878298E-03  3.13186227120865746E-01  0.00000000000000000E+00
  4.6322541E+00  9.89676740773580378E-04  3.04139473817065631E-01  9.89676740773580378E-04  3.04139473817065631E-01  0.00000000000000000E+00
  4.6631922E+00  9.08451988845280839E-04  2.95281997928709738E-01  9.08451988845280839E-04  2.95281997928709738E-01  0.00000000000000000E+00
  4.6943368E+00  8.33406977753669664E-04  2.86612540211429456E-01  8.33406977753669664E-04  2.86612540211429456E-01  0.00000000000000000E+00
  4.7256895E+00  7.64112483575069370E-04  2.78129740688997928E-01  7.64112483575069370E-04  2.78129740688997928E-01  0.00000000000000000E+00
  4.7572516E+00  7.00165875056786135E-04  2.69832142749797721E-01  7.00165875056786135E-04  2.69832142749797721E-01  0.00000000000000000E+00
  4.7890245E+00  6.41189699732807087E-04  2.61718197262004681E-01  6.41189699732807087E-04  2.61718197262004681E-01  0.00000000000000000E+00
  4.8210095E+00  5.86830329823102414E-04  2.53786266703170837E-01  5.86830329823102414E-04  2.53786266703170837E-01  0.00000000000000000E+00
  4.8532082E+00  5.36756666292205540E-04  2.46034629299564100E-01  5.36756666292205540E-04  2.46034629299564100E-01  0.00000000000000000E+00
  4.8856220E+00  4.90658899439099633E-04  2.38461483170333888E-01  4.90658899439099633E-04  2.38461483170333888E-01  0.00000000000000000E+00
  4.9182522E+00  4.48247324389774516E-04  2.31064950471291997E-01  4.48247324389774516E-04  2.31064950471291997E-01  0.00000000000000000E+00
  4.9511003E+00  4.09251209865565914E-04  2.23843081532844768E-01  4.09251209865565914E-04  2.23843081532844768E-01  0.00000000000000000E+00
  4.9841678E+00  3.73417718605301423E-04  2.16793858986392141E-01  3.73417718605301423E-04  2.16793858986392141E-01  0.00000000000000000E+00
  5.0174562E+00  3.40510877826130502E-04  2.09915201873321799E-01  3.40510877826130502E-04  2.09915201873321799E-01  0.00000000000000000E+00
  5.0509669E+00  3.10310598117465117E-04  2.03204969730577029E-01  3.10310598117465117E-04  2.03204969730577029E-01  0.00000000000000000E+00
  5.0847014E+00  2.82611739174304117E-04  1.96660966646668628E-01  2.82611739174304117E-04  1.96660966646668628E-01  0.00000000000000000E+00
  5.1186612E+00  2.57223220789898842E-04  1.90280945281937286E-01  2.57223220789898842E-04  1.90280945281937286E-01  0.00000000000000000E+00
  5.1528478E+00  2.33967177543809832E-04  1.84062610846849661E-01  2.33967177543809832E-04  1.84062610846849661E-01  0.00000000000000000E+00
  5.1872627E+00  2.12678155639141439E-04  1.78003625032136598E-01  2.12678155639141439E-04  1.78003625032136598E-01  0.00000000000000000E+00
  5.2219074E+00  1.93202350362387632E-04  1.72101609884649481E-01  1.93202350362387632E-04  1.72101609884649481E-01  0.00000000000000000E+00
  5.2567836E+00  1.75396882660654499E-04  1.66354151622922913E-01  1.75396882660654499E-04  1.66354151622922913E-01  0.00000000000000000E+00
  5.2918926E+00  1.59129113353947743E-04  1.60758804386584714E-01  1.59129113353947743E-04  1.60758804386584714E-01  0.00000000000000000E+00
  5.3272362E+00  1.44275993524619180E-04  1.55313093913949651E-01  1.44275993524619180E-04  1.55313093913949651E-01  0.00000000000000000E+00
  5.3628158E+00  1.30723449651866267E-04  1.50014521142361967E-01  1.30723449651866267E-04  1.50014521142361967E-01  0.00000000000000000E+00
  5.3986330E+00  1.18365802086251511E-04  1.44860565726120771E-01  1.18365802086251511E-04  1.44860565726120771E-01  0.00000000000000000E+00
  5.4346894E+00  1.07105215487471114E-04  1.39848689467116177E-01  1.07105215487471114E-04  1.39848689467116177E-01  0.00000000000000000E+00
  5.4709867E+00  9.68511798779457344E-05  1.34976339653630428E-01  9.68511798779457344E-05  1.34976339653630428E-01  0.00000000000000000E+00
  5.5075263E+00  8.75200209951289368E-05  1.30240952303105617E-01  8.75200209951289368E-05  1.30240952303105617E-01  0.00000000000000000E+00
  5.5443100E+00  7.90344386566411647E-05  1.25639955305047485E-01  7.90344386566411647E-05  1.25639955305047485E-01  0.00000000000000000E+00
  5.5813394E+00  7.13230718843323028E-05  1.21170771460620483E-01  7.13230718843323028E-05  1.21170771460620483E-01  0.00000000000000000E+00
  5.6186160E+00  6.43200895660574998E-05  1.16830821415885397E-01  6.43200895660574998E-05  1.16830821415885397E-01  0.00000000000000000E+00
  5.6561416E+00  5.79648054672283862E-05  1.12617526486035222E-01  5.79648054672283862E-05  1.12617526486035222E-01  0.00000000000000000E+00
  5.6939179E+00  5.22013164379699608E-05  1.08528311368396635E-01  5.22013164379699608E-05  1.08528311368396635E-01  0.00000000000000000E+00
  5.7319464E+00  4.69781626958829803E-05  1.04560606742375009E-01  4.69781626958829803E-05  1.04560606742375009E-01  0.00000000000000000E+00
  5.7702289E+00  4.22480090988894201E-05  1.00711851754931581E-01  4.22480090988894201E-05  1.00711851754931581E-01  0.00000000000000000E+00
  5.8087671E+00  3.79673463573276156E-05  9.69794963905862423E-02  3.79673463573276156E-05  9.69794963905862423E-02  0.00000000000000000E+00
  5.8475627E+00  3.40962111692799723E-05  9.33610037253367886E-02  3.40962111692799723E-05  9.33610037253367886E-02  0.00000000000000000E+00
  5.8866174E+00  3.05979242979673253E-05  8.98538520642730154E-02  3.05979242979673253E-05  8.98538520642730154E-02  0.00000000000000000E+00
  5.9259329E+00  2.74388456448477637E-05  8.64555369630412573E-02  2.74388456448477637E-05  8.64555369630412573E-02  0.00000000000000000E+00
  5.9655109E+00  2.45881454067302752E-05  8.31635731336726192E-02  2.45881454067302752E-05  8.31635731336726192E-02  0.00000000000000000E+00
  6.0053533E+00  2.20175904396769340E-05  7.99754962356375720E-02  2.20175904396769340E-05  7.99754962356375720E-02  0.00000000000000000E+00
  6.0454618E+00  1.97013449866452520E-05  7.68888645533150200E-02  1.97013449866452520E-05  7.68888645533150200E-02  0.00000000000000000E+00
  6.0858382E+00  1.76157849596440950E-05  7.39012605613743878E-02  1.76157849596440950E-05  7.39012605613743878E-02  0.00000000000000000E+00
  6.1264842E+00  1.57393250005733247E-05  7.10102923798611035E-02  1.57393250005733247E-05  7.10102923798611035E-02  0.00000000000000000E+00
  6.1674017E+00  1.40522575778273842E-05  6.82135951210443292E-02  1.40522575778273842E-05  6.82135951210443292E-02  0.00000000000000000E+00
  6.2085925E+00  1.25366034081060062E-05  6.55088321303373272E-02  1.25366034081060062E-05  6.55088321303373272E-02  0.00000000000000000E+00
  6.2500583E+00  1.11759725246374398E-05  6.28936961238289738E-02  1.11759725246374398E-05  6.28936961238289738E-02  0.00000000000000000E+00
  6.2918011E+00  9.95543534413159070E-06  6.03659102251747556E-02  9.95543534413159070E-06  6.03659102251747556E-02  0.00000000000000000E+00
  6.3338227E+00  8.86140311519664458E-06  5.79232289047808824E-02  8.86140311519664458E-06  5.79232289047808824E-02  0.00000000000000000E+00
  6.3761249E+00  7.88151716063358175E-06  5.55634388243832489E-02  7.88151716063358175E-06  5.55634388243832489E-02  0.00000000000000000E+00
  6.4187097E+00  7.00454635493239844E-06  5.32843595902683584E-02  7.00454635493239844E-06  5.32843595902683584E-02  0.00000000000000000E+00
  6.4615788E+00  6.22029230640159972E-06  5.10838444185089252E-02  6.22029230640159972E-06  5.10838444185089252E-02  0.00000000000000000E+00
  6.5047343E+00  5.51950174064207068E-06  4.89597807156926940E-02  5.51950174064207068E-06  4.89597807156926940E-02  0.00000000000000000E+00
  6.5481780E+00  4.89378560850624104E-06  4.69100905787101369E-02  4.89378560850624104E-06  4.69100905787101369E-02  0.00000000000000000E+00
  6.5919118E+00  4.33554446724625099E-06  4.49327312172331725E-02  4.33554446724625099E-06  4.49327312172331725E-02  0.00000000000000000E+00
  6.6359377E+00  3.83789970823752194E-06  4.30256953025676889E-02  3.83789970823752194E-06  4.30256953025676889E-02  0.00000000000000000E+00
  6.6802577E+00  3.39463022845757486E-06  4.11870112465933039E-02  3.39463022845757486E-06  4.11870112465933039E-02  0.00000000000000000E+00
  6.7248736E+00  3.00011416579900100E-06  3.94147434145193862E-02  3.00011416579900100E-06  3.94147434145193862E-02  0.00000000000000000E+00
  6.7697875E+00  2.64927534029867282E-06  3.77069922751837247E-02  2.64927534029867282E-06  3.77069922751837247E-02  0.00000000000000000E+00
  6.8150014E+00  2.33753406447395005E-06  3.60618944926036841E-02  2.33753406447395005E-06  3.60618944926036841E-02  0.00000000000000000E+00
  6.8605173E+00  2.06076200617651686E-06  3.44776229624567734E-02  2.06076200617651686E-06  3.44776229624567734E-02  0.00000000000000000E+00
  6.9063371E+00  1.81524080671264440E-06  3.29523867971208972E-02  1.81524080671264440E-06  3.29523867971208972E-02  0.00000000000000000E+00
  6.9524629E+00  1.59762417544644871E-06  3.14844312628449474E-02  1.59762417544644871E-06  3.14844312628449474E-02  0.00000000000000000E+00
  6.9988968E+00  1.40490319971262422E-06  3.00720376725467017E-02  1.40490319971262422E-06  3.00720376725467017E-02  0.00000000000000000E+00
  7.0456409E+00  1.23437462563291906E-06  2.87135232376506122E-02  1.23437462563291906E-06  2.87135232376506122E-02  0.00000000000000000E+00
  7.0926971E+00  1.08361188137316004E-06  2.74072408822823091E-02  1.08361188137316004E-06  2.74072408822823091E-02  0.00000000000000000E+00
  7.1400675E+00  9.50438629514268307E-07  2.61515790230300617E-02  9.50438629514268307E-07  2.61515790230300617E-02  0.00000000000000000E+00
  7.1877544E+00  8.32904649561795267E-07  2.49449613173680640E-02  8.32904649561795267E-07  2.49449613173680640E-02  0.00000000000000000E+00
  7.2357597E+00  7.29263865206078932E-07  2.37858463837128040E-02  7.29263865206078932E-07  2.37858463837128040E-02  0.00000000000000000E+00
  7.2840857E+00  6.37954343792021277E-07  2.26727274959521059E-02  6.37954343792021277E-07  2.26727274959521059E-02  0.00000000000000000E+00
  7.3327343E+00  5.57580107587749715E-07  2.16041322551488828E-02  5.57580107587749715E-07  2.16041322551488828E-02  0.00000000000000000E+00
  7.3817079E+00  4.86894607879596358E-07  2.05786222409785197E-02  4.86894607879596358E-07  2.05786222409785197E-02  0.00000000000000000E+00
  7.4310086E+00  4.24785723692135004E-07  1.95947926453112729E-02  4.24785723692135004E-07  1.95947926453112729E-02  0.00000000000000000E+00
  7.4806386E+00  3.70262157061994312E-07  1.86512718902003549E-02  3.70262157061994312E-07  1.86512718902003549E-02  0.00000000000000000E+00
  7.5306000E+00  3.22441106308648174E-07  1.77467212323834979E-02  3.22441106308648174E-07  1.77467212323834979E-02  0.00000000000000000E+00
  7.5808950E+00  2.80537107670269384E-07  1.68798343562517328E-02  2.80537107670269384E-07  1.68798343562517328E-02  0.00000000000000000E+00
  7.6315260E+00  2.43851944033832045E-07  1.60493369570852903E-02  2.43851944033832045E-07  1.60493369570852903E-02  0.00000000000000000E+00
  7.6824951E+00  2.11765527311752776E-07  1.52539863162032985E-02  2.11765527311752776E-07  1.52539863162032985E-02  0.00000000000000000E+00
  7.7338047E+00  1.83727668327830552E-07  1.44925708695233940E-02  1.83727668327830552E-07  1.44925708695233940E-02  0.00000000000000000E+00
  7.7854569E+00  1.59250654898236714E-07  1.37639097708795212E-02  1.59250654898236714E-07  1.37639097708795212E-02  0.00000000000000000E+00
  7.8374540E+00  1.37902565153426305E-07  1.30668524513025217E-02  1.37902565153426305E-07  1.30668524513025217E-02  0.00000000000000000E+00
  7.8897985E+00  1.19301249068238504E-07  1.24002781753292449E-02  1.19301249068238504E-07  1.24002781753292449E-02  0.00000000000000000E+00
  7.9424925E+00  1.03108916673678787E-07  1.17630955952732954E-02  1.03108916673678787E-07  1.17630955952732954E-02  0.00000000000000000E+00
  7.9955385E+00  8.90272765378326249E-08  1.11542423042636230E-02  8.90272765378326249E-08  1.11542423042636230E-02  0.00000000000000000E+00
  8.0489387E+00  7.67931728472843110E-08  1.05726843887380684E-02  7.67931728472843110E-08  1.05726843887380684E-02  0.00000000000000000E+00
  8.1026956E+00  6.61746738158134836E-08  1.00174159809673802E-02  6.61746738158134836E-08  1.00174159809673802E-02  0.00000000000000000E+00
  8.1568115E+00  5.69675682147635880E-08  9.48745881208163354E-03  5.69675682147635880E-08  9.48745881208163354E-03  0.00000000000000000E+00
  8.2112888E+00  4.89922305793011720E-08  8.98186176597607668E-03  4.89922305793011720E-08  8.98186176597607668E-03  0.00000000000000000E+00
  8.2661299E+00  4.20908191159983908E-08  8.49970043438731324E-03  4.20908191159983908E-08  8.49970043438731324E-03  0.00000000000000000E+00
  8.3213374E+00  3.61247735381444610E-08  8.04007667335340619E-03  3.61247735381444610E-08  8.04007667335340619E-03  0.00000000000000000E+00
  8.3769135E+00  3.09725830035008053E-08  7.60211816120303155E-03  3.09725830035008053E-08  7.60211816120303155E-03  0.00000000000000000E+00
  8.4328608E+00  2.65277970416186256E-08  7.18497795815980882E-03  2.65277970416186256E-08  7.18497795815980882E-03  0.00000000000000000E+00
  8.4891817E+00  2.26972548502856592E-08  6.78783406759664136E-03  2.26972548502856592E-08  6.78783406759664136E-03  0.00000000000000000E+00
  8.5458788E+00  1.93995106283251734E-08  6.40988899893329273E-03  1.93995106283251734E-08  6.40988899893329273E-03  0.00000000000000000E+00
  8.6029546E+00  1.65634347092025915E-08  6.05036933213613879E-03  1.65634347092025915E-08  6.05036933213613879E-03  0.00000000000000000E+00
  8.6604115E+00  1.41269721803088736E-08  5.70852528375295157E-03  1.41269721803088736E-08  5.70852528375295157E-03  0.00000000000000000E+00
  8.7182522E+00  1.20360424292348819E-08  5.38363027439677996E-03  1.20360424292348819E-08  5.38363027439677996E-03  0.00000000000000000E+00
  8.7764792E+00  1.02435646629458365E-08  5.07498049758102997E-03  1.02435646629458365E-08  5.07498049758102997E-03  0.00000000000000000E+00
  8.8350951E+00  8.70859590991887227E-09  4.78189448980222143E-03  8.70859590991887227E-09  4.78189448980222143E-03  0.00000000000000000E+00
  8.8941024E+00  7.39556934974098218E-09  4.50371270176698306E-03  7.39556934974098218E-09  4.50371270176698306E-03  0.00000000000000000E+00
  8.9535038E+00  6.27362202943810969E-09  4.23979707066515516E-03  6.27362202943810969E-09  4.23979707066515516E-03  0.00000000000000000E+00
  9.0133020E+00  5.31600213034316707E-09  3.98953059340057242E-03  5.31600213034316707E-09  3.98953059340057242E-03  0.00000000000000000E+00
  9.0734995E+00  4.49954695242247132E-09  3.75231690070489034E-03  4.49954695242247132E-09  3.75231690070489034E-03  0.00000000000000000E+00
  9.1340990E+00  3.80422369289575834E-09  3.52757983207675589E-03  3.80422369289575834E-09  3.52757983207675589E-03  0.00000000000000000E+00
  9.1951033E+00  3.21272592037617026E-09  3.31476301150836639E-03  3.21272592037617026E-09  3.31476301150836639E-03  0.00000000000000000E+00
  9.2565150E+00  2.71011939176447770E-09  3.11332942398333343E-03  2.71011939176447770E-09  3.11332942398333343E-03  0.00000000000000000E+00
  9.3183368E+00  2.28353153339437521E-09  2.92276099275312834E-03  2.28353153339437521E-09  2.92276099275312834E-03  0.00000000000000000E+00
  9.3805716E+00  1.92187951660318066E-09  2.74255815742389204E-03  1.92187951660318066E-09  2.74255815742389204E-03  0.00000000000000000E+00
  9.4432219E+00  1.61563240670394822E-09  2.57223945291042188E-03  1.61563240670394822E-09  2.57223945291042188E-03  0.00000000000000000E+00
  9.5062907E+00  1.35660335854342482E-09  2.41134108933920141E-03  1.35660335854342482E-09  2.41134108933920141E-03  0.00000000000000000E+00
  9.5697807E+00  1.13776827632739737E-09  2.25941653300723447E-03  1.13776827632739737E-09  2.25941653300723447E-03  0.00000000000000000E+00
  9.6336948E+00  9.53107754684405220E-10  2.11603608852747394E-03  9.53107754684405220E-10  2.11603608852747394E-03  0.00000000000000000E+00
  9.6980356E+00  7.97469476170461266E-10  1.98078648231476322E-03  7.97469476170461266E-10  1.98078648231476322E-03  0.00000000000000000E+00
  9.7628063E+00  6.66448561409158634E-10  1.85327044758800763E-03  6.66448561409158634E-10  1.85327044758800763E-03  0.00000000000000000E+00
  9.8280094E+00  5.56283655320604672E-10  1.73310631108447035E-03  5.56283655320604672E-10  1.73310631108447035E-03  0.00000000000000000E+00
  9.8936481E+00  4.63766789636684452E-10  1.61992758170056311E-03  4.63766789636684452E-10  1.61992758170056311E-03  0.00000000000000000E+00
  9.9597251E+00  3.86165291076620007E-10  1.51338254129004227E-03  3.86165291076620007E-10  1.51338254129004227E-03  0.00000000000000000E+00
  1.0026243E+01  3.21154208861758025E-10  1.41313383786495386E-03  3.21154208861758025E-10  1.41313383786495386E-03  0.00000000000000000E+00
  1.0093206E+01  2.66757917144682236E-10  1.31885808145701302E-03  2.66757917144682236E-10  1.31885808145701302E-03  0.00000000000000000E+00
  1.0160616E+01  2.21299709661274013E-10  1.23024544290720184E-03  2.21299709661274013E-10  1.23024544290720184E-03  0.00000000000000000E+00
  1.0228476E+01  1.83358347530962230E-10  1.14699925585922020E-03  1.83358347530962230E-10  1.14699925585922020E-03  0.00000000000000000E+00
  1.0296789E+01  1.51730648490638524E-10  1.06883562223808373E-03  1.51730648490638524E-10  1.06883562223808373E-03  0.00000000000000000E+00
  1.0365559E+01  1.25399318641074366E-10  9.95483021498569116E-04  1.25399318641074366E-10  9.95483021498569116E-04  0.00000000000000000E+00
  1.0434787E+01  1.03505327543232072E-10  9.26681923929483214E-04  1.03505327543232072E-10  9.26681923929483214E-04  0.00000000000000000E+00
  1.0504478E+01  8.53242156128075343E-11  8.62184408298899137E-04  8.53242156128075343E-11  8.62184408298899137E-04  0.00000000000000000E+00
  1.0574635E+01  7.02458004788507419E-11  8.01753784122706103E-04  7.02458004788507419E-11  8.01753784122706103E-04  0.00000000000000000E+00
  1.0645260E+01  5.77568174286104592E-11  7.45164218834066085E-04  5.77568174286104592E-11  7.45164218834066085E-04  0.00000000000000000E+00
  1.0716357E+01  4.74260892764603194E-11  6.92200370124912727E-04  4.74260892764603194E-11  6.92200370124912727E-04  0.00000000000000000E+00
  1.0787928E+01  3.88918738884949389E-11  6.42657023722437463E-04  3.88918738884949389E-11  6.42657023722437463E-04  0.00000000000000000E+00
  1.0859978E+01  3.18510839917092114E-11  5.96338736853853292E-04  3.18510839917092114E-11  5.96338736853853292E-04  0.00000000000000000E+00
  1.0932509E+01  2.60501145384096484E-11  5.53059487641651077E-04  2.60501145384096484E-11  5.53059487641651077E-04  0.00000000000000000E+00
  1.1005524E+01  2.12770484464086601E-11  5.12642330659268957E-04  2.12770484464086601E-11  5.12642330659268957E-04  0.00000000000000000E+00
  1.1079027E+01  1.73550425874236847E-11  4.74919058863682074E-04  1.73550425874236847E-11  4.74919058863682074E-04  0.00000000000000000E+00
  1.1153021E+01  1.41367229803378612E-11  4.39729872107068559E-04  1.41367229803378612E-11  4.39729872107068559E-04  0.00000000000000000E+00
  1.1227509E+01  1.14994417356138831E-11  4.06923052414548240E-04  1.14994417356138831E-11  4.06923052414548240E-04  0.00000000000000000E+00
  1.1302494E+01  9.34126881340096161E-12  3.76354646199136161E-04  9.34126881340096161E-12  3.76354646199136161E-04  0.00000000000000000E+00
  1.1377980E+01  7.57760947522840379E-12  3.47888153568700752E-04  7.57760947522840379E-12  3.47888153568700752E-04  0.00000000000000000E+00
  1.1453970E+01  6.13835376005938840E-12  3.21394224862937372E-04  6.13835376005938840E-12  3.21394224862937372E-04  0.00000000000000000E+00
  1.1530468E+01  4.96547769450369931E-12  2.96750364541324620E-04  4.96547769450369931E-12  2.96750364541324620E-04  0.00000000000000000E+00
  1.1607477E+01  4.01102751485337156E-12  2.73840642525840171E-04  4.01102751485337156E-12  2.73840642525840171E-04  0.00000000000000000E+00
  1.1685000E+01  3.23542816562445406E-12  2.52555413084971133E-04  3.23542816562445406E-12  2.52555413084971133E-04  0.00000000000000000E+00
  1.1763041E+01  2.60606594860785796E-12  2.32791041328394362E-04  2.60606594860785796E-12  2.32791041328394362E-04  0.00000000000000000E+00
  1.1841603E+01  2.09610260694730317E-12  2.14449637364697986E-04  2.09610260694730317E-12  2.14449637364697986E-04  0.00000000000000000E+00
  1.1920690E+01  1.68348449775836940E-12  1.97438798157784686E-04  1.68348449775836940E-12  1.97438798157784686E-04  0.00000000000000000E+00
  1.2000305E+01  1.35011597234064180E-12  1.81671357101194402E-04  1.35011597234064180E-12  1.81671357101194402E-04  0.00000000000000000E+00
  1.2080451E+01  1.08117076610400832E-12  1.67065141313616774E-04  1.08117076610400832E-12  1.67065141313616774E-04  0.00000000000000000E+00
  1.2161133E+01  8.64519206785371631E-13  1.53542736643373770E-04  8.64519206785371631E-13  1.53542736643373770E-04  0.00000000000000000E+00
  1.2242354E+01  6.90252471834837236E-13  1.41031260354716097E-04  6.90252471834837236E-13  1.41031260354716097E-04  0.00000000000000000E+00
  1.2324117E+01  5.50288044629938269E-13  1.29462141454441911E-04  5.50288044629938269E-13  1.29462141454441911E-04  0.00000000000000000E+00
  1.2406426E+01  4.38043004627649401E-13  1.18770908603656712E-04  4.38043004627649401E-13  1.18770908603656712E-04  0.00000000000000000E+00
  1.2489285E+01  3.48163899695364115E-13  1.08896985546490604E-04  3.48163899695364115E-13  1.08896985546490604E-04  0.00000000000000000E+00
  1.2572698E+01  2.76303742610158227E-13  9.97834939753017199E-05  2.76303742610158227E-13  9.97834939753017199E-05  0.00000000000000000E+00
  1.2656667E+01  2.18938193935224254E-13  9.13770637403495763E-05  2.18938193935224254E-13  9.13770637403495763E-05  0.00000000000000000E+00
  1.2741197E+01  1.73214279827040758E-13  8.36276503011398322E-05  1.73214279827040758E-13  8.36276503011398322E-05  0.00000000000000000E+00
  1.2826292E+01  1.36826080029647041E-13  7.64883593066268406E-05  1.36826080029647041E-13  7.64883593066268406E-05  0.00000000000000000E+00
  1.2911955E+01  1.07912737876528757E-13  6.99152781822332816E-05  1.07912737876528757E-13  6.99152781822332816E-05  0.00000000000000000E+00
  1.2998191E+01  8.49749159293768818E-14  6.38673145931941365E-05  8.49749159293768818E-14  6.38673145931941365E-05  0.00000000000000000E+00
  1.3085002E+01  6.68064697378174581E-14  5.83060416460668988E-05  6.68064697378174581E-14  5.83060416460668988E-05  0.00000000000000000E+00
  1.3172393E+01  5.24386567977395197E-14  5.31955496833519650E-05  5.24386567977395197E-14  5.31955496833519650E-05  0.00000000000000000E+00
  1.3260367E+01  4.10946541175348284E-14  4.85023045200352095E-05  4.10946541175348284E-14  4.85023045200352095E-05  0.00000000000000000E+00
  1.3348929E+01  3.21525395419350704E-14  4.41950119654783784E-05  3.21525395419350704E-14  4.41950119654783784E-05  0.00000000000000000E+00
  1.3438083E+01  2.51152107923669744E-14  4.02444884694271480E-05  2.51152107923669744E-14  4.02444884694271480E-05  0.00000000000000000E+00
  1.3527832E+01  1.95859819889380079E-14  3.66235377269591970E-05  1.95859819889380079E-14  3.66235377269591970E-05  0.00000000000000000E+00
  1.3618181E+01  1.52488186606990059E-14  3.33068330739354744E-05  1.52488186606990059E-14  3.33068330739354744E-05  0.00000000000000000E+00
  1.3709132E+01  1.18523560872546977E-14  3.02708055019168389E-05  1.18523560872546977E-14  3.02708055019168389E-05  0.00000000000000000E+00
  1.3800692E+01  9.19699830983976861E-15  2.74935371195432657E-05  9.19699830983976861E-15  2.74935371195432657E-05  0.00000000000000000E+00
  1.3892862E+01  7.12452143012368766E-15  2.49546598860117683E-05  7.12452143012368766E-15  2.49546598860117683E-05  0.00000000000000000E+00
  1.3985649E+01  5.50970920657709732E-15  2.26352594415042223E-05  5.50970920657709732E-15  2.26352594415042223E-05  0.00000000000000000E+00
  1.4079055E+01  4.25363510572445152E-15  2.05177838591754784E-05  4.25363510572445152E-15  2.05177838591754784E-05  0.00000000000000000E+00
  1.4173085E+01  3.27827593359433983E-15  1.85859571435842957E-05  3.27827593359433983E-15  1.85859571435842957E-05  0.00000000000000000E+00
  1.4267743E+01  2.52220053340997013E-15  1.68246973012030189E-05  2.52220053340997013E-15  1.68246973012030189E-05  0.00000000000000000E+00
  1.4363033E+01  1.93712494411819600E-15  1.52200388098441069E-05  1.93712494411819600E-15  1.52200388098441069E-05  0.00000000000000000E+00
  1.4458959E+01  1.48516467299253537E-15  1.37590593154602413E-05  1.48516467299253537E-15  1.37590593154602413E-05  0.00000000000000000E+00
  1.4555526E+01  1.13664684868713983E-15  1.24298103867779220E-05  1.13664684868713983E-15  1.24298103867779220E-05  0.00000000000000000E+00
  1.4652738E+01  8.68371242248326866E-16  1.12212521605804104E-05  8.68371242248326866E-16  1.12212521605804104E-05  0.00000000000000000E+00
  1.4750599E+01  6.62230515168696545E-16  1.01231917131333220E-05  6.62230515168696545E-16  1.01231917131333220E-05  0.00000000000000000E+00
  1.4849114E+01  5.04117440939713359E-16  9.12622499621454117E-06  5.04117440939713359E-16  9.12622499621454117E-06  0.00000000000000000E+00
  1.4948287E+01  3.83060966693250914E-16  8.22168217943936301E-06  3.83060966693250914E-16  8.22168217943936301E-06  0.00000000000000000E+00
  1.5048122E+01  2.90544427339632492E-16  7.40157624403336993E-06  2.90544427339632492E-16  7.40157624403336993E-06  0.00000000000000000E+00
  1.5148624E+01  2.19968485509938035E-16  6.65855467687069862E-06  2.19968485509938035E-16  6.65855467687069862E-06  0.00000000000000000E+00
  1.5249797E+01  1.66228849780515946E-16  5.98585411743801264E-06  1.66228849780515946E-16  5.98585411743801264E-06  0.00000000000000000E+00
  1.5351646E+01  1.25384852622379732E-16  5.37725781437786037E-06  1.25384852622379732E-16  5.37725781437786037E-06  0.00000000000000000E+00
  1.5454175E+01  9.43998203528149938E-17  4.82705575238512843E-06  9.43998203528149938E-17  4.82705575238512843E-06  0.00000000000000000E+00
  1.5557389E+01  7.09380629258590569E-17  4.33000731445311869E-06  7.09380629258590569E-17  4.33000731445311869E-06  0.00000000000000000E+00
  1.5661292E+01  5.32064338663303355E-17  3.88130634876931869E-06  5.32064338663303355E-17  3.88130634876931869E-06  0.00000000000000000E+00
  1.5765889E+01  3.98309086733886465E-17  3.47654851392393612E-06  3.98309086733886465E-17  3.47654851392393612E-06  0.00000000000000000E+00
  1.5871185E+01  2.97606246358276636E-17  3.11170078049736977E-06  2.97606246358276636E-17  3.11170078049736977E-06  0.00000000000000000E+00
  1.5977184E+01  2.21934145823787637E-17  2.78307297151714620E-06  2.21934145823787637E-17  2.78307297151714620E-06  0.00000000000000000E+00
  1.6083891E+01  1.65181314224175892E-17  2.48729122870356572E-06  1.65181314224175892E-17  2.48729122870356572E-06  0.00000000000000000E+00
  1.6191310E+01  1.22700639997502436E-17  2.22127329584029991E-06  1.22700639997502436E-17  2.22127329584029991E-06  0.00000000000000000E+00
  1.6299447E+01  9.09653995842815178E-18  1.98220551499698376E-06  9.09653995842815178E-18  1.98220551499698376E-06  0.00000000000000000E+00
  1.6408306E+01  6.73044006807459442E-18  1.76752143568165988E-06  6.73044006807459442E-18  1.76752143568165988E-06  0.00000000000000000E+00
  1.6517892E+01  4.96984462028479763E-18  1.57488194130007347E-06  4.96984462028479763E-18  1.57488194130007347E-06  0.00000000000000000E+00
  1.6628210E+01  3.66242326146475558E-18  1.40215680153450150E-06  3.66242326146475558E-18  1.40215680153450150E-06  0.00000000000000000E+00
  1.6739265E+01  2.69348674557202077E-18  1.24740756341779193E-06  2.69348674557202077E-18  1.24740756341779193E-06  0.00000000000000000E+00
  1.6851061E+01  1.97685998457150245E-18  1.10887169795915175E-06  1.97685998457150245E-18  1.10887169795915175E-06  0.00000000000000000E+00
  1.6963604E+01  1.44792433958950678E-18  9.84947923169423925E-07  1.44792433958950678E-18  9.84947923169423925E-07  0.00000000000000000E+00
  1.7076899E+01  1.05832439638303378E-18  8.74182628228295934E-07  1.05832439638303378E-18  8.74182628228295934E-07  0.00000000000000000E+00
  1.7190950E+01  7.71949297477969082E-19  7.75257327328026969E-07  7.71949297477969082E-19  7.75257327328026969E-07  0.00000000000000000E+00
  1.7305764E+01  5.61888032626203372E-19  6.86977075413132067E-07  5.61888032626203372E-19  6.86977075413132067E-07  0.00000000000000000E+00
  1.7421343E+01  4.08127436452790431E-19  6.08259781608703891E-07  4.08127436452790431E-19  6.08259781608703891E-07  0.00000000000000000E+00
  1.7537695E+01  2.95815363952521486E-19  5.38126359588442566E-07  2.95815363952521486E-19  5.38126359588442566E-07  0.00000000000000000E+00
  1.7654824E+01  2.13953043592051878E-19  4.75691657474463410E-07  2.13953043592051878E-19  4.75691657474463410E-07  0.00000000000000000E+00
  1.7772735E+01  1.54412643123133832E-19  4.20156113082606418E-07  1.54412643123133832E-19  4.20156113082606418E-07  0.00000000000000000E+00
  1.7891434E+01  1.11200742225281276E-19  3.70798083428120567E-07  1.11200742225281276E-19  3.70798083428120567E-07  0.00000000000000000E+00
  1.8010925E+01  7.99073463319503555E-20  3.26966800386647731E-07  7.99073463319503555E-20  3.26966800386647731E-07  0.00000000000000000E+00
  1.8131215E+01  5.72945921874706989E-20  2.88075907264225944E-07  5.72945921874706989E-20  2.88075907264225944E-07  0.00000000000000000E+00
  1.8252307E+01  4.09903969324000484E-20  2.53597533768150773E-07  4.09903969324000484E-20  2.53597533768150773E-07  0.00000000000000000E+00
  1.8374209E+01  2.92607735593706168E-20  2.23056869488766292E-07  2.92607735593706168E-20  2.23056869488766292E-07  0.00000000000000000E+00
  1.8496925E+01  2.08409853177418700E-20  1.96027198502009127E-07  2.08409853177418700E-20  1.96027198502009127E-07  0.00000000000000000E+00
  1.8620460E+01  1.48106114739904014E-20  1.72125360085460909E-07  1.48106114739904014E-20  1.72125360085460909E-07  0.00000000000000000E+00
  1.8744820E+01  1.05013108844322756E-20  1.51007602808836960E-07  1.05013108844322756E-20  1.51007602808836960E-07  0.00000000000000000E+00
  1.8870011E+01  7.42887873706335771E-21  1.32365801415555716E-07  7.42887873706335771E-21  1.32365801415555716E-07  0.00000000000000000E+00
  1.8996038E+01  5.24331135404963818E-21  1.15924007957913635E-07  5.24331135404963818E-21  1.15924007957913635E-07  0.00000000000000000E+00
  1.9122907E+01  3.69218965728352775E-21  1.01435310587219204E-07  3.69218965728352775E-21  1.01435310587219204E-07  0.00000000000000000E+00
  1.9250623E+01  2.59389049055359286E-21  8.86789752350282947E-08  2.59389049055359286E-21  8.86789752350282947E-08  0.00000000000000000E+00
  1.9379191E+01  1.81803321617694816E-21  7.74578471555327112E-08  1.81803321617694816E-21  7.74578471555327112E-08  0.00000000000000000E+00
  1.9508619E+01  1.27124057053490349E-21  6.75959909354576237E-08  1.27124057053490349E-21  6.75959909354576237E-08  0.00000000000000000E+00
  1.9638911E+01  8.86793693492405194E-22  5.89365491199206801E-08  8.86793693492405194E-22  5.89365491199206801E-08  0.00000000000000000E+00
  1.9770073E+01  6.17134018983363319E-22  5.13398010540530117E-08  6.17134018983363319E-22  5.13398010540530117E-08  0.00000000000000000E+00
  1.9902111E+01  4.28441459794768126E-22  4.46814049042905394E-08  4.28441459794768126E-22  4.46814049042905394E-08  0.00000000000000000E+00
  2.0035031E+01  2.96723286109600357E-22  3.88508071036684911E-08  2.96723286109600357E-22  3.88508071036684911E-08  0.00000000000000000E+00
  2.0168839E+01  2.04999538198433592E-22  3.37498046657368325E-08  2.04999538198433592E-22  3.37498046657368325E-08  0.00000000000000000E+00
  2.0303540E+01  1.41282436839295921E-22  2.92912469354158421E-08  1.41282436839295921E-22  2.92912469354158421E-08  0.00000000000000000E+00
  2.0439141E+01  9.71293299877335991E-23  2.53978643957516334E-08  9.71293299877335991E-23  2.53978643957516334E-08  0.00000000000000000E+00
  2.0575648E+01  6.66089153575696245E-23  2.20012131305980028E-08  6.66089153575696245E-23  2.20012131305980028E-08  0.00000000000000000E+00
  2.0713066E+01  4.55645269571387151E-23  1.90407244581804066E-08  4.55645269571387151E-23  1.90407244581804066E-08  0.00000000000000000E+00
  2.0851402E+01  3.10904235214358511E-23  1.64628501026641900E-08  3.10904235214358511E-23  1.64628501026641900E-08  0.00000000000000000E+00
  2.0990662E+01  2.11604238237547455E-23  1.42202940635534416E-08  2.11604238237547455E-23  1.42202940635534416E-08  0.00000000000000000E+00
  2.1130852E+01  1.43652328744892044E-23  1.22713230792089046E-08  1.43652328744892044E-23  1.22713230792089046E-08  0.00000000000000000E+00
  2.1271979E+01  9.72711717675495313E-24  1.05791482641272606E-08  9.72711717675495313E-24  1.05791482641272606E-08  0.00000000000000000E+00
  2.1414047E+01  6.56948499781917536E-24  9.11137113290425926E-09  6.56948499781917536E-24  9.11137113290425926E-09  0.00000000000000000E+00
  2.1557065E+01  4.42534042908468341E-24  7.83948780995021670E-09  4.42534042908468341E-24  7.83948780995021670E-09  0.00000000000000000E+00
  2.1701038E+01  2.97318996779388871E-24  6.73844576587204201E-09  2.97318996779388871E-24  6.73844576587204201E-09  0.00000000000000000E+00
  2.1845972E+01  1.99228573041939621E-24  5.78624792170696308E-09  1.99228573041939621E-24  5.78624792170696308E-09  0.00000000000000000E+00
  2.1991875E+01  1.33145321372323705E-24  4.96359942350917396E-09  1.33145321372323705E-24  4.96359942350917396E-09  0.00000000000000000E+00
  2.2138751E+01  8.87437529790085662E-25  4.25359281465834568E-09  8.87437529790085662E-25  4.25359281465834568E-09  0.00000000000000000E+00
  2.2286609E+01  5.89901478362648357E-25  3.64142772407528611E-09  5.89901478362648357E-25  3.64142772407528611E-09  0.00000000000000000E+00
  2.2435454E+01  3.91059810537307597E-25  3.11416154758107160E-09  3.91059810537307597E-25  3.11416154758107160E-09  0.00000000000000000E+00
  2.2585293E+01  2.58535959992500049E-25  2.66048792909631207E-09  2.58535959992500049E-25  2.66048792909631207E-09  0.00000000000000000E+00
  2.2736133E+01  1.70452846896780808E-25  2.27054015031350098E-09  1.70452846896780808E-25  2.27054015031350098E-09  0.00000000000000000E+00
  2.2887981E+01  1.12069054337978028E-25  1.93571681384582785E-09  1.12069054337978028E-25  1.93571681384582785E-09  0.00000000000000000E+00
  2.3040842E+01  7.34779881436767460E-26  1.64852745751338481E-09  7.34779881436767460E-26  1.64852745751338481E-09  0.00000000000000000E+00
  2.3194725E+01  4.80408637469634214E-26  1.40245596812195256E-09  4.80408637469634214E-26  1.40245596812195256E-09  0.00000000000000000E+00
  2.3349635E+01  3.13211863861428574E-26  1.19183987346988508E-09  3.13211863861428574E-26  1.19183987346988508E-09  0.00000000000000000E+00
  2.3505580E+01  2.03625065441928986E-26  1.01176378293664784E-09  2.03625065441928986E-26  1.01176378293664784E-09  0.00000000000000000E+00
  2.3662566E+01  1.32002343188396466E-26  8.57965421319584226E-10  1.32002343188396466E-26  8.57965421319584226E-10  0.00000000000000000E+00
  2.3820601E+01  8.53259423387417047E-27  7.26752858959922453E-10  8.53259423387417047E-27  7.26752858959922453E-10  0.00000000000000000E+00
  2.3979691E+01  5.49947481874126148E-27  6.14931684913541143E-10  5.49947481874126148E-27  6.14931684913541143E-10  0.00000000000000000E+00
  2.4139844E+01  3.53421999714872511E-27  5.19741000171547141E-10  3.53421999714872511E-27  5.19741000171547141E-10  0.00000000000000000E+00
  2.4301066E+01  2.26459053803083212E-27  4.38797225834593204E-10  2.26459053803083212E-27  4.38797225834593204E-10  0.00000000000000000E+00
  2.4463365E+01  1.44677499849415838E-27  3.70044827731041983E-10  1.44677499849415838E-27  3.70044827731041983E-10  0.00000000000000000E+00
  2.4626748E+01  9.21549980501988616E-28  3.11713155207333901E-10  9.21549980501988616E-28  3.11713155207333901E-10  0.00000000000000000E+00
  2.4791222E+01  5.85240970443852412E-28  2.62278678604802537E-10  5.85240970443852412E-28  2.62278678604802537E-10  0.00000000000000000E+00
  2.4956794E+01  3.70543974482843907E-28  2.20431988100586887E-10  3.70543974482843907E-28  2.20431988100586887E-10  0.00000000000000000E+00
  2.5123473E+01  2.33897303138145011E-28  1.85048986899032926E-10  2.33897303138145011E-28  1.85048986899032926E-10  0.00000000000000000E+00
  2.5291264E+01  1.47191339781143504E-28  1.55165774923234786E-10  1.47191339781143504E-28  1.55165774923234786E-10  0.00000000000000000E+00
  2.5460177E+01  9.23425765283263066E-29  1.29956775828308230E-10  9.23425765283263066E-29  1.29956775828308230E-10  0.00000000000000000E+00
  2.5630217E+01  5.77531190244910783E-29  1.08715710940871992E-10  5.77531190244910783E-29  1.08715710940871992E-10  0.00000000000000000E+00
  2.5801393E+01  3.60075527905816087E-29  9.08390691768089048E-11  3.60075527905816087E-29  9.08390691768089048E-11  0.00000000000000000E+00
  2.5973712E+01  2.23793461963376707E-29  7.58117626100071381E-11  2.23793461963376707E-29  7.58117626100071381E-11  0.00000000000000000E+00
  2.6147182E+01  1.38652488364260424E-29  6.31946936243254161E-11  1.38652488364260424E-29  6.31946936243254161E-11  0.00000000000000000E+00
  2.6321811E+01  8.56298580278656885E-30  5.26139919058353589E-11  8.56298580278656885E-30  5.26139919058353589E-11  0.00000000000000000E+00
  2.6497606E+01  5.27145856932684935E-30  4.37517083120366652E-11  5.27145856932684935E-30  4.37517083120366652E-11  0.00000000000000000E+00
  2.6674574E+01  3.23470784807219365E-30  3.63377782446124072E-11  3.23470784807219365E-30  3.63377782446124072E-11  0.00000000000000000E+00
  2.6852725E+01  1.97846617014735958E-30  3.01430898761461037E-11  1.97846617014735958E-30  3.01430898761461037E-11  0.00000000000000000E+00
  2.7032066E+01  1.20615200890348966E-30  2.49735127335170424E-11  1.20615200890348966E-30  2.49735127335170424E-11  0.00000000000000000E+00
  2.7212604E+01  7.32901809634557181E-31  2.06647599888420033E-11  7.32901809634557181E-31  2.06647599888420033E-11  0.00000000000000000E+00
  2.7394348E+01  4.43864383220099334E-31  1.70779735953205398E-11  4.43864383220099334E-31  1.70779735953205398E-11  0.00000000000000000E+00
  2.7577306E+01  2.67920479095987402E-31  1.40959353497149890E-11  2.67920479095987402E-31  1.40959353497149890E-11  0.00000000000000000E+00
  2.7761486E+01  1.61176947328461710E-31  1.16198192639529246E-11  1.61176947328461710E-31  1.16198192639529246E-11  0.00000000000000000E+00
  2.7946896E+01  9.66343585463834501E-32  9.56641146455199262E-12  9.66343585463834501E-32  9.56641146455199262E-12  0.00000000000000000E+00
  2.8133544E+01  5.77406937615778120E-32  7.86573337148080954E-12  5.77406937615778120E-32  7.86573337148080954E-12  0.00000000000000000E+00
  2.8321439E+01  3.43830428047675672E-32  6.45901228409124127E-12  3.43830428047675672E-32  6.45901228409124127E-12  0.00000000000000000E+00
  2.8510589E+01  2.04036810186138700E-32  5.29695085756218982E-12  2.04036810186138700E-32  5.29695085756218982E-12  0.00000000000000000E+00
  2.8701002E+01  1.20660356838198954E-32  4.33825332871409216E-12  1.20660356838198954E-32  4.33825332871409216E-12  0.00000000000000000E+00
  2.8892686E+01  7.11053768540150758E-33  3.54837208440917840E-12  7.11053768540150758E-33  3.54837208440917840E-12  0.00000000000000000E+00
  2.9085651E+01  4.17553205453422031E-33  2.89844413142517213E-12  4.17553205453422031E-33  2.89844413142517213E-12  0.00000000000000000E+00
  2.9279905E+01  2.44333237957838133E-33  2.36438402671190073E-12  2.44333237957838133E-33  2.36438402671190073E-12  0.00000000000000000E+00
  2.9475456E+01  1.42463680702380118E-33  1.92612717212849782E-12  1.42463680702380118E-33  1.92612717212849782E-12  0.00000000000000000E+00
  2.9672313E+01  8.27687388212481405E-34  1.56697275614160795E-12  8.27687388212481405E-34  1.56697275614160795E-12  0.00000000000000000E+00
  2.9870484E+01  4.79135987423606203E-34  1.27304549999168835E-12  4.79135987423606203E-34  1.27304549999168835E-12  0.00000000000000000E+00
  3.0069979E+01  2.76357364523447574E-34  1.03282892867291814E-12  2.76357364523447574E-34  1.03282892867291814E-12  0.00000000000000000E+00
  3.0270807E+01  1.58815353319120571E-34  8.36779054291069657E-13  1.58815353319120571E-34  8.36779054291069657E-13  0.00000000000000000E+00
  3.0472976E+01  9.09310984342642493E-35  6.76997505267660032E-13  9.09310984342642493E-35  6.76997505267660032E-13  0.00000000000000000E+00
  3.0676495E+01  5.18704657582980432E-35  5.46956889426528834E-13  5.18704657582980432E-35  5.46956889426528834E-13  0.00000000000000000E+00
  3.0881373E+01  2.94784604884063248E-35  4.41270373251587179E-13  2.94784604884063248E-35  4.41270373251587179E-13  0.00000000000000000E+00
  3.1087620E+01  1.66899681025673083E-35  3.55498646432113521E-13  1.66899681025673083E-35  3.55498646432113521E-13  0.00000000000000000E+00
  3.1295244E+01  9.41372090987959518E-36  2.85988443169106343E-13  9.41372090987959518E-36  2.85988443169106343E-13  0.00000000000000000E+00
  3.1504254E+01  5.28945846012878959E-36  2.29737655130602991E-13  5.28945846012878959E-36  2.29737655130602991E-13  0.00000000000000000E+00
  3.1714661E+01  2.96069784412087982E-36  1.84282817807587645E-13  2.96069784412087982E-36  1.84282817807587645E-13  0.00000000000000000E+00
  3.1926472E+01  1.65081641619402631E-36  1.47605394061553262E-13  1.65081641619402631E-36  1.47605394061553262E-13  0.00000000000000000E+00
  3.2139699E+01  9.16883255559560373E-37  1.18053827739767994E-13  9.16883255559560373E-37  1.18053827739767994E-13  0.00000000000000000E+00
  3.2354349E+01  5.07257592761515356E-37  9.42788086050196008E-14  5.07257592761515356E-37  9.42788086050196008E-14  0.00000000000000000E+00
  3.2570433E+01  2.79531612035823172E-37  7.51795887602853463E-14  2.79531612035823172E-37  7.51795887602853463E-14  0.00000000000000000E+00
  3.2787960E+01  1.53429789216086556E-37  5.98595301136240596E-14  1.53429789216086556E-37  5.98595301136240596E-14  0.00000000000000000E+00
  3.3006940E+01  8.38790079501443284E-38  4.75893507395619447E-14  8.38790079501443284E-38  4.75893507395619447E-14  0.00000000000000000E+00
  3.3227383E+01  4.56720088653163430E-38  3.77767825853779610E-14  4.56720088653163430E-38  3.77767825853779610E-14  0.00000000000000000E+00
  3.3449298E+01  2.47678554532996435E-38  2.99415601662251283E-14  2.47678554532996435E-38  2.99415601662251283E-14  0.00000000000000000E+00
  3.3672694E+01  1.33768997936618853E-38  2.36948351420386106E-14  1.33768997936618853E-38  2.36948351420386106E-14  0.00000000000000000E+00
  3.3897583E+01  7.19515850040653196E-39  1.87222596671789323E-14  7.19515850040653196E-39  1.87222596671789323E-14  0.00000000000000000E+00
  3.4123974E+01  3.85417240688661910E-39  1.47701061918001975E-14  3.85417240688661910E-39  1.47701061918001975E-14  0.00000000000000000E+00
  3.4351877E+01  2.05596525032686757E-39  1.16338964450777373E-14  2.05596525032686757E-39  1.16338964450777373E-14  0.00000000000000000E+00
  3.4581301E+01  1.09214967271104604E-39  9.14910062503134873E-15  1.09214967271104604E-39  9.14910062503134873E-15  0.00000000000000000E+00
  3.4812258E+01  5.77720960777558352E-40  7.18354191118954113E-15  5.77720960777558352E-40  7.18354191118954113E-15  0.00000000000000000E+00
  3.5044758E+01  3.04306619839745203E-40  5.63120348883471266E-15  3.04306619839745203E-40  5.63120348883471266E-15  0.00000000000000000E+00
  3.5278810E+01  1.59606156284722936E-40  4.40718719206679215E-15  1.59606156284722936E-40  4.40718719206679215E-15  0.00000000000000000E+00
  3.5514426E+01  8.33528419127383723E-41  3.44361622729038390E-15  8.33528419127383723E-41  3.44361622729038390E-15  0.00000000000000000E+00
  3.5751615E+01  4.33422253401332013E-41  2.68631058197406205E-15  4.33422253401332013E-41  2.68631058197406205E-15  0.00000000000000000E+00
  3.5990388E+01  2.24393061704494168E-41  2.09209380510342770E-15  2.24393061704494168E-41  2.09209380510342770E-15  0.00000000000000000E+00
  3.6230756E+01  1.15665112902822431E-41  1.62661484049857738E-15  1.15665112902822431E-41  1.62661484049857738E-15  0.00000000000000000E+00
  3.6472729E+01  5.93577355960516809E-42  1.26258932741645114E-15  5.93577355960516809E-42  1.26258932741645114E-15  0.00000000000000000E+00
  3.6716318E+01  3.03264370065589562E-42  9.78381952133039043E-16  3.03264370065589562E-42  9.78381952133039043E-16  0.00000000000000000E+00
  3.6961534E+01  1.54248745243576744E-42  7.56865627976752140E-16  1.54248745243576744E-42  7.56865627976752140E-16  0.00000000000000000E+00
  3.7208388E+01  7.81025211253116256E-43  5.84504995168349248E-16  7.81025211253116256E-43  5.84504995168349248E-16  0.00000000000000000E+00
  3.7456890E+01  3.93675616145574501E-43  4.50621382466342324E-16  3.93675616145574501E-43  4.50621382466342324E-16  0.00000000000000000E+00
  3.7707052E+01  1.97528073565617492E-43  3.46804309672519776E-16  1.97528073565617492E-43  3.46804309672519776E-16  0.00000000000000000E+00
  3.7958885E+01  9.86558178089629239E-44  2.66441126422485759E-16  9.86558178089629239E-44  2.66441126422485759E-16  0.00000000000000000E+00
  3.8212400E+01  4.90463571317850550E-44  2.04341723292617233E-16  4.90463571317850550E-44  2.04341723292617233E-16  0.00000000000000000E+00
  3.8467608E+01  2.42698742158779748E-44  1.56439620528189810E-16  2.42698742158779748E-44  1.56439620528189810E-16  0.00000000000000000E+00
  3.8724520E+01  1.19533999441783940E-44  1.19554307960830678E-16  1.19533999441783940E-44  1.19554307960830678E-16  0.00000000000000000E+00
  3.8983148E+01  5.85955833059783067E-45  9.12026185840805914E-17  5.85955833059783067E-45  9.12026185840805914E-17  0.00000000000000000E+00
  3.9243504E+01  2.85873617942988107E-45  6.94492853761679948E-17  2.85873617942988107E-45  6.94492853761679948E-17  0.00000000000000000E+00
  3.9505598E+01  1.38805030296686160E-45  5.27887537249162937E-17  1.38805030296686160E-45  5.27887537249162937E-17  0.00000000000000000E+00
  3.9769442E+01  6.70724757118436739E-46  4.00518807955945102E-17  6.70724757118436739E-46  4.00518807955945102E-17  0.00000000000000000E+00
  4.0035049E+01  3.22535448133570524E-46  3.03324149018900973E-17  3.22535448133570524E-46  3.03324149018900973E-17  0.00000000000000000E+00
  4.0302430E+01  1.54344243913369373E-46  2.29291671959670469E-17  1.54344243913369373E-46  2.29291671959670469E-17  0.00000000000000000E+00
  4.0571596E+01  7.34969103054423764E-47  1.73006098546866720E-17  7.34969103054423764E-47  1.73006098546866720E-17  0.00000000000000000E+00
  4.0842560E+01  3.48256380231832823E-47  1.30292963988753935E-17  3.48256380231832823E-47  1.30292963988753935E-17  0.00000000000000000E+00
  4.1115334E+01  1.64197308444480055E-47  9.79403114783058992E-18  1.64197308444480055E-47  9.79403114783058992E-18  0.00000000000000000E+00
  4.1389930E+01  7.70292093695357615E-48  7.34814086316377931E-18  7.70292093695357615E-48  7.34814086316377931E-18  0.00000000000000000E+00
  4.1666359E+01  3.59544545691425830E-48  5.50254259830456485E-18  3.59544545691425830E-48  5.50254259830456485E-18  0.00000000000000000E+00
  4.1944635E+01  1.66971801556456673E-48  4.11257411488817648E-18  1.66971801556456673E-48  4.11257411488817648E-18  0.00000000000000000E+00
  4.2224769E+01  7.71457367973338880E-49  3.06777034544843654E-18  7.71457367973338880E-49  3.06777034544843654E-18  0.00000000000000000E+00
  4.2506774E+01  3.54604470189548768E-49  2.28394213735752099E-18  3.54604470189548768E-49  2.28394213735752099E-18  0.00000000000000000E+00
  4.2790662E+01  1.62152990986993650E-49  1.69705070250989286E-18  1.62152990986993650E-49  1.69705070250989286E-18  0.00000000000000000E+00
  4.3076447E+01  7.37630914004114689E-50  1.25847992946083422E-18  7.37630914004114689E-50  1.25847992946083422E-18  0.00000000000000000E+00
  4.3364140E+01  3.33788559055705568E-50  9.31394722576644012E-19  3.33788559055705568E-50  9.31394722576644012E-19  0.00000000000000000E+00
  4.3653754E+01  1.50247299787803263E-50  6.87941430468700951E-19  1.50247299787803263E-50  6.87941430468700951E-19  0.00000000000000000E+00
  4.3945303E+01  6.72712339481836748E-51  5.07099919852763348E-19  6.72712339481836748E-51  5.07099919852763348E-19  0.00000000000000000E+00
  4.4238799E+01  2.99587780053934116E-51  3.73038911929079264E-19  2.99587780053934116E-51  3.73038911929079264E-19  0.00000000000000000E+00
  4.4534255E+01  1.32701296598159131E-51  2.73859203014018191E-19  1.32701296598159131E-51  2.73859203014018191E-19  0.00000000000000000E+00
  4.4831684E+01  5.84610876416943111E-52  2.00635236709153284E-19  5.84610876416943111E-52  2.00635236709153284E-19  0.00000000000000000E+00
  4.5131100E+01  2.56143574871457129E-52  1.46685692796613462E-19  2.56143574871457129E-52  1.46685692796613462E-19  0.00000000000000000E+00
  4.5432515E+01  1.11611479615148319E-52  1.07019509860970498E-19  1.11611479615148319E-52  1.07019509860970498E-19  0.00000000000000000E+00
  4.5735943E+01  4.83644028304931493E-53  7.79160175753374868E-20  4.83644028304931493E-53  7.79160175753374868E-20  0.00000000000000000E+00
  4.6041398E+01  2.08410422587523547E-53  5.66073752589342874E-20  2.08410422587523547E-53  5.66073752589342874E-20  0.00000000000000000E+00
  4.6348893E+01  8.93045154851440094E-54  4.10388918240239880E-20  8.93045154851440094E-54  4.10388918240239880E-20  0.00000000000000000E+00
  4.6658442E+01  3.80514676595943515E-54  2.96885084779855863E-20  3.80514676595943515E-54  2.96885084779855863E-20  0.00000000000000000E+00
  4.6970058E+01  1.61211839564955718E-54  2.14311291414856024E-20  1.61211839564955718E-54  2.14311291414856024E-20  0.00000000000000000E+00
  4.7283755E+01  6.79099465821732556E-55  1.54368745848328240E-20  6.79099465821732556E-55  1.54368745848328240E-20  0.00000000000000000E+00
  4.7599547E+01  2.84422579789827053E-55  1.10949419681514757E-20  2.84422579789827053E-55  1.10949419681514757E-20  0.00000000000000000E+00
  4.7917448E+01  1.18432844636876692E-55  7.95674934102030491E-21  1.18432844636876692E-55  7.95674934102030491E-21  0.00000000000000000E+00
  4.8237473E+01  4.90276099690378344E-56  5.69357315101756871E-21  4.90276099690378344E-56  5.69357315101756871E-21  0.00000000000000000E+00
  4.8559634E+01  2.01768193921080087E-56  4.06505363347982441E-21  2.01768193921080087E-56  4.06505363347982441E-21  0.00000000000000000E+00
  4.8883948E+01  8.25450332220908395E-57  2.89583171550804963E-21  8.25450332220908395E-57  2.89583171550804963E-21  0.00000000000000000E+00
  4.9210427E+01  3.35689811035406860E-57  2.05825652357043179E-21  3.35689811035406860E-57  2.05825652357043179E-21  0.00000000000000000E+00
  4.9539087E+01  1.35699092784743424E-57  1.45961477977609416E-21  1.35699092784743424E-57  1.45961477977609416E-21  0.00000000000000000E+00
  4.9869942E+01  5.45242600507857370E-58  1.03272089235420744E-21  5.45242600507857370E-58  1.03272089235420744E-21  0.00000000000000000E+00
  5.0203006E+01  2.17750433758513663E-58  7.28999073592408280E-22  2.17750433758513663E-58  7.28999073592408280E-22  0.00000000000000000E+00
  5.0538295E+01  8.64304807995623897E-59  5.13409134818571152E-22  8.64304807995623897E-59  5.13409134818571152E-22  0.00000000000000000E+00
  5.0875823E+01  3.40953850269496566E-59  3.60733157405507073E-22  3.40953850269496566E-59  3.60733157405507073E-22  0.00000000000000000E+00
  5.1215605E+01  1.33667872365724006E-59  2.52864347595660365E-22  1.33667872365724006E-59  2.52864347595660365E-22  0.00000000000000000E+00
  5.1557657E+01  5.20766585061103448E-60  1.76832207384008358E-22  5.20766585061103448E-60  1.76832207384008358E-22  0.00000000000000000E+00
  5.1901993E+01  2.01616267899726165E-60  1.23367420811729412E-22  2.01616267899726165E-60  1.23367420811729412E-22  0.00000000000000000E+00
  5.2248629E+01  7.75632578573023062E-61  8.58614115639602658E-23  7.75632578573023062E-61  8.58614115639602658E-23  0.00000000000000000E+00
  5.2597579E+01  2.96494075669686916E-61  5.96138282547748261E-23  2.96494075669686916E-61  5.96138282547748261E-23  0.00000000000000000E+00
  5.2948861E+01  1.12612571163445640E-61  4.12895766235067342E-23  1.12612571163445640E-61  4.12895766235067342E-23  0.00000000000000000E+00
  5.3302488E+01  4.24961755059567006E-62  2.85279924284995494E-23  4.24961755059567006E-62  2.85279924284995494E-23  0.00000000000000000E+00
  5.3658477E+01  1.59325778914451032E-62  1.96622059658072709E-23  1.59325778914451032E-62  1.96622059658072709E-23  0.00000000000000000E+00
  5.4016844E+01  5.93439523104865158E-63  1.35181219646599099E-23  5.93439523104865158E-63  1.35181219646599099E-23  0.00000000000000000E+00
  5.4377604E+01  2.19584635139938677E-63  9.27078181027303497E-24  2.19584635139938677E-63  9.27078181027303497E-24  0.00000000000000000E+00
  5.4740774E+01  8.07129486141481386E-64  6.34198167831921428E-24  8.07129486141481386E-64  6.34198167831921428E-24  0.00000000000000000E+00
  5.5106368E+01  2.94700483420320529E-64  4.32747855711494993E-24  2.94700483420320529E-64  4.32747855711494993E-24  0.00000000000000000E+00
  5.5474405E+01  1.06879719410211647E-64  2.94536302802375792E-24  1.06879719410211647E-64  2.94536302802375792E-24  0.00000000000000000E+00
  5.5844900E+01  3.85005470224897973E-65  1.99953633086118422E-24  3.85005470224897973E-65  1.99953633086118422E-24  0.00000000000000000E+00
  5.6217869E+01  1.37744990635995500E-65  1.35393831399038671E-24  1.37744990635995500E-65  1.35393831399038671E-24  0.00000000000000000E+00
  5.6593329E+01  4.89442963414537144E-66  9.14408101612824893E-25  4.89442963414537144E-66  9.14408101612824893E-25  0.00000000000000000E+00
  5.6971296E+01  1.72713239348894767E-66  6.15949786589833511E-25  1.72713239348894767E-66  6.15949786589833511E-25  0.00000000000000000E+00
  5.7351788E+01  6.05238018383991670E-67  4.13815742037753666E-25  6.05238018383991670E-67  4.13815742037753666E-25  0.00000000000000000E+00
  5.7734821E+01  2.10612163348952157E-67  2.77279337956132682E-25  2.10612163348952157E-67  2.77279337956132682E-25  0.00000000000000000E+00
  5.8120412E+01  7.27740799668157916E-68  1.85297307236495235E-25  7.27740799668157916E-68  1.85297307236495235E-25  0.00000000000000000E+00
  5.8508578E+01  2.49680014538571343E-68  1.23496329904480007E-25  2.49680014538571343E-68  1.23496329904480007E-25  0.00000000000000000E+00
  5.8899337E+01  8.50521707709517554E-69  8.20851367533080407E-26  8.50521707709517554E-69  8.20851367533080407E-26  0.00000000000000000E+00
  5.9292706E+01  2.87647518516121940E-69  5.44117505603949073E-26  2.87647518516121940E-69  5.44117505603949073E-26  0.00000000000000000E+00
  5.9688701E+01  9.65802589269032666E-70  3.59691855693603237E-26  9.65802589269032666E-70  3.59691855693603237E-26  0.00000000000000000E+00
  6.0087342E+01  3.21919549857895521E-70  2.37120812472005909E-26  3.21919549857895521E-70  2.37120812472005909E-26  0.00000000000000000E+00
  6.0488644E+01  1.06516328915821289E-70  1.55884343772983890E-26  1.06516328915821289E-70  1.55884343772983890E-26  0.00000000000000000E+00
  6.0892627E+01  3.49843113031875682E-71  1.02192966619157275E-26  3.49843113031875682E-71  1.02192966619157275E-26  0.00000000000000000E+00
  6.1299308E+01  1.14050466194922657E-71  6.68062465092859208E-27  1.14050466194922657E-71  6.68062465092859208E-27  0.00000000000000000E+00
  6.1708705E+01  3.69033287039127081E-72  4.35494339236394796E-27  3.69033287039127081E-72  4.35494339236394796E-27  0.00000000000000000E+00
  6.2120837E+01  1.18510477539633176E-72  2.83079943186650817E-27  1.18510477539633176E-72  2.83079943186650817E-27  0.00000000000000000E+00
  6.2535720E+01  3.77701333239643339E-73  1.83479918703487538E-27  3.77701333239643339E-73  1.83479918703487538E-27  0.00000000000000000E+00
  6.2953375E+01  1.19458904277547060E-73  1.18580284320194857E-27  1.19458904277547060E-73  1.18580284320194857E-27  0.00000000000000000E+00
  6.3373819E+01  3.74924907577787833E-74  7.64139314201900241E-28  3.74924907577787833E-74  7.64139314201900241E-28  0.00000000000000000E+00
  6.3797071E+01  1.16762443308424705E-74  4.90975988834947666E-28  1.16762443308424705E-74  4.90975988834947666E-28  0.00000000000000000E+00
  6.4223150E+01  3.60804850149520382E-75  3.14533640856015854E-28  3.60804850149520382E-75  3.14533640856015854E-28  0.00000000000000000E+00
  6.4652074E+01  1.10618790398401463E-75  2.00902120403539471E-28  1.10618790398401463E-75  2.00902120403539471E-28  0.00000000000000000E+00
  6.5083863E+01  3.36472564961223338E-76  1.27939273956792350E-28  3.36472564961223338E-76  1.27939273956792350E-28  0.00000000000000000E+00
  6.5518536E+01  1.01533961720129137E-76  8.12300090551811244E-29  1.01533961720129137E-76  8.12300090551811244E-29  0.00000000000000000E+00
  6.5956112E+01  3.03941821782829604E-77  5.14178174044742304E-29  3.03941821782829604E-77  5.14178174044742304E-29  0.00000000000000000E+00
  6.6396610E+01  9.02533680782579301E-78  3.24478921031102217E-29  9.02533680782579301E-78  3.24478921031102217E-29  0.00000000000000000E+00
  6.6840050E+01  2.65831472951575471E-78  2.04139100522236041E-29  2.65831472951575471E-78  2.04139100522236041E-29  0.00000000000000000E+00
  6.7286452E+01  7.76596499336510180E-79  1.28033566165961303E-29  7.76596499336510180E-79  1.28033566165961303E-29  0.00000000000000000E+00
  6.7735835E+01  0.00000000000000000E+00  8.00516794137346876E-30  0.00000000000000000E+00  8.00516794137346876E-30  0.00000000000000000E+00
  6.8188219E+01  0.00000000000000000E+00  4.98949940321129950E-30  0.00000000000000000E+00  4.98949940321129950E-30  0.00000000000000000E+00
  6.8643625E+01  0.00000000000000000E+00  3.10009017924785981E-30  0.00000000000000000E+00  3.10009017924785981E-30  0.00000000000000000E+00
  6.9102072E+01  0.00000000000000000E+00  1.92005357359049645E-30  0.00000000000000000E+00  1.92005357359049645E-30  0.00000000000000000E+00
  6.9563581E+01  0.00000000000000000E+00  1.18539970541200680E-30  0.00000000000000000E+00  1.18539970541200680E-30  0.00000000000000000E+00
  7.0028172E+01  0.00000000000000000E+00  7.29490187391498997E-31  0.00000000000000000E+00  7.29490187391498997E-31  0.00000000000000000E+00
  7.0495866E+01  0.00000000000000000E+00  4.47474125165252479E-31  0.00000000000000000E+00  4.47474125165252479E-31  0.00000000000000000E+00
  7.0966683E+01  0.00000000000000000E+00  2.73590390437923396E-31  0.00000000000000000E+00  2.73590390437923396E-31  0.00000000000000000E+00
  7.1440645E+01  0.00000000000000000E+00  1.66728075830369721E-31  0.00000000000000000E+00  1.66728075830369721E-31  0.00000000000000000E+00
  7.1917773E+01  0.00000000000000000E+00  1.01270306017061514E-31  0.00000000000000000E+00  1.01270306017061514E-31  0.00000000000000000E+00
  7.2398087E+01  0.00000000000000000E+00  6.13071950581360630E-32  0.00000000000000000E+00  6.13071950581360630E-32  0.00000000000000000E+00
  7.2881609E+01  0.00000000000000000E+00  3.69902389204967699E-32  0.00000000000000000E+00  3.69902389204967699E-32  0.00000000000000000E+00
  7.3368360E+01  0.00000000000000000E+00  2.22433200777891215E-32  0.00000000000000000E+00  2.22433200777891215E-32  0.00000000000000000E+00
  7.3858362E+01  0.00000000000000000E+00  1.33302816816467068E-32  0.00000000000000000E+00  1.33302816816467068E-32  0.00000000000000000E+00
  7.4351636E+01  0.00000000000000000E+00  7.96153559219567856E-33  0.00000000000000000E+00  7.96153559219567856E-33  0.00000000000000000E+00
  7.4848205E+01  0.00000000000000000E+00  4.73874074758610815E-33  0.00000000000000000E+00  4.73874074758610815E-33  0.00000000000000000E+00
  7.5348090E+01  0.00000000000000000E+00  2.81079291398007474E-33  0.00000000000000000E+00  2.81079291398007474E-33  0.00000000000000000E+00
  7.5851314E+01  0.00000000000000000E+00  1.66144764823828564E-33  0.00000000000000000E+00  1.66144764823828564E-33  0.00000000000000000E+00
  7.6357899E+01  0.00000000000000000E+00  9.78654795857953782E-34  0.00000000000000000E+00  9.78654795857953782E-34  0.00000000000000000E+00
  7.6867867E+01  0.00000000000000000E+00  5.74454325649424170E-34  0.00000000000000000E+00  5.74454325649424170E-34  0.00000000000000000E+00
  7.7381241E+01  0.00000000000000000E+00  3.36013242057886924E-34  0.00000000000000000E+00  3.36013242057886924E-34  0.00000000000000000E+00
  7.7898043E+01  0.00000000000000000E+00  1.95867883562236130E-34  0.00000000000000000E+00  1.95867883562236130E-34  0.00000000000000000E+00
  7.8418297E+01  0.00000000000000000E+00  1.13770836397255964E-34  0.00000000000000000E+00  1.13770836397255964E-34  0.00000000000000000E+00
  7.8942026E+01  0.00000000000000000E+00  6.58450245234402780E-35  0.00000000000000000E+00  6.58450245234402780E-35  0.00000000000000000E+00
  7.9469252E+01  0.00000000000000000E+00  3.79689638538919222E-35  0.00000000000000000E+00  3.79689638538919222E-35  0.00000000000000000E+00
  8.0000000E+01  0.00000000000000000E+00  2.18141202509930830E-35  0.00000000000000000E+00  2.18141202509930830E-35  0.00000000000000000E+00
