 #r   AErefrv      Krveff      Har    vxc    Unscreened  Ktvt
   0.0000000E+00  -1.0000000E+02   0.0000000E+00   0.0000000E+00  -0.0000000E+00   0.0000000E+00   0.0000000E+00   0.0000000E+00
   8.8911955E-07  -9.9999694E+01   0.0000000E+00   2.8663900E-06  -1.4754625E-06  -1.3909276E-06   0.0000000E+00   0.0000000E+00
   1.7841772E-06  -9.9999374E+01   0.0000000E+00   5.7519237E-06  -2.9607810E-06  -2.7911427E-06   0.0000000E+00   0.0000000E+00
   2.6852126E-06  -9.9999049E+01   0.0000000E+00   8.6567288E-06  -4.4560145E-06  -4.2007142E-06   0.0000000E+00   0.0000000E+00
   3.5922658E-06  -9.9998722E+01   0.0000000E+00   1.1580934E-05  -5.9612399E-06  -5.6196941E-06   0.0000000E+00   0.0000000E+00
   4.5053768E-06  -9.9998396E+01   0.0000000E+00   1.4524669E-05  -7.4765204E-06  -7.0481485E-06   0.0000000E+00   0.0000000E+00
   5.4245861E-06  -9.9998071E+01   0.0000000E+00   1.7488064E-05  -9.0019054E-06  -8.4861587E-06   0.0000000E+00   0.0000000E+00
   6.3499346E-06  -9.9997749E+01   0.0000000E+00   2.0471251E-05  -1.0537490E-05  -9.9337609E-06   0.0000000E+00   0.0000000E+00
   7.2814630E-06  -9.9997432E+01   0.0000000E+00   2.3474361E-05  -1.2083344E-05  -1.1391016E-05   0.0000000E+00   0.0000000E+00
   8.2192129E-06  -9.9997120E+01   0.0000000E+00   2.6497528E-05  -1.3639495E-05  -1.2858033E-05   0.0000000E+00   0.0000000E+00
   9.1632256E-06  -9.9996815E+01   0.0000000E+00   2.9540885E-05  -1.5206040E-05  -1.4334845E-05   0.0000000E+00   0.0000000E+00
   1.0113543E-05  -9.9996517E+01   0.0000000E+00   3.2604568E-05  -1.6783081E-05  -1.5821488E-05   0.0000000E+00   0.0000000E+00
   1.1070207E-05  -9.9996229E+01   0.0000000E+00   3.5688713E-05  -1.8370623E-05  -1.7318090E-05   0.0000000E+00   0.0000000E+00
   1.2033261E-05  -9.9995951E+01   0.0000000E+00   3.8793455E-05  -1.9968766E-05  -1.8824689E-05   0.0000000E+00   0.0000000E+00
   1.3002746E-05  -9.9995683E+01   0.0000000E+00   4.1918932E-05  -2.1577617E-05  -2.0341316E-05   0.0000000E+00   0.0000000E+00
   1.3978707E-05  -9.9995428E+01   0.0000000E+00   4.5065284E-05  -2.3197168E-05  -2.1868116E-05   0.0000000E+00   0.0000000E+00
   1.4961185E-05  -9.9995186E+01   0.0000000E+00   4.8232649E-05  -2.4827542E-05  -2.3405107E-05   0.0000000E+00   0.0000000E+00
   1.5950225E-05  -9.9994958E+01   0.0000000E+00   5.1421168E-05  -2.6468855E-05  -2.4952313E-05   0.0000000E+00   0.0000000E+00
   1.6945870E-05  -9.9994744E+01   0.0000000E+00   5.4630981E-05  -2.8121087E-05  -2.6509894E-05   0.0000000E+00   0.0000000E+00
   1.7948165E-05  -9.9994547E+01   0.0000000E+00   5.7862232E-05  -2.9784339E-05  -2.8077894E-05   0.0000000E+00   0.0000000E+00
   1.8957154E-05  -9.9994366E+01   0.0000000E+00   6.1115063E-05  -3.1458728E-05  -2.9656336E-05   0.0000000E+00   0.0000000E+00
   1.9972882E-05  -9.9994203E+01   0.0000000E+00   6.4389619E-05  -3.3144319E-05  -3.1245300E-05   0.0000000E+00   0.0000000E+00
   2.0995393E-05  -9.9994058E+01   0.0000000E+00   6.7686044E-05  -3.4841122E-05  -3.2844923E-05   0.0000000E+00   0.0000000E+00
   2.2024733E-05  -9.9993932E+01   0.0000000E+00   7.1004485E-05  -3.6549252E-05  -3.4455233E-05   0.0000000E+00   0.0000000E+00
   2.3060948E-05  -9.9993826E+01   0.0000000E+00   7.4345089E-05  -3.8268845E-05  -3.6076244E-05   0.0000000E+00   0.0000000E+00
   2.4104084E-05  -9.9993740E+01   0.0000000E+00   7.7708003E-05  -3.9999880E-05  -3.7708123E-05   0.0000000E+00   0.0000000E+00
   2.5154186E-05  -9.9993676E+01   0.0000000E+00   8.1093377E-05  -4.1742488E-05  -3.9350889E-05   0.0000000E+00   0.0000000E+00
   2.6211301E-05  -9.9993633E+01   0.0000000E+00   8.4501361E-05  -4.3496753E-05  -4.1004608E-05   0.0000000E+00   0.0000000E+00
   2.7275476E-05  -9.9993613E+01   0.0000000E+00   8.7932105E-05  -4.5262686E-05  -4.2669420E-05   0.0000000E+00   0.0000000E+00
   2.8346759E-05  -9.9993616E+01   0.0000000E+00   9.1385763E-05  -4.7040462E-05  -4.4345301E-05   0.0000000E+00   0.0000000E+00
   2.9425197E-05  -9.9993641E+01   0.0000000E+00   9.4862485E-05  -4.8830089E-05  -4.6032396E-05   0.0000000E+00   0.0000000E+00
   3.0510836E-05  -9.9993691E+01   0.0000000E+00   9.8362428E-05  -5.0631624E-05  -4.7730804E-05   0.0000000E+00   0.0000000E+00
   3.1603727E-05  -9.9993764E+01   0.0000000E+00   1.0188575E-04  -5.2445299E-05  -4.9440447E-05   0.0000000E+00   0.0000000E+00
   3.2703917E-05  -9.9993862E+01   0.0000000E+00   1.0543259E-04  -5.4271027E-05  -5.1161567E-05   0.0000000E+00   0.0000000E+00
   3.3811454E-05  -9.9993984E+01   0.0000000E+00   1.0900313E-04  -5.6108907E-05  -5.2894223E-05   0.0000000E+00   0.0000000E+00
   3.4926388E-05  -9.9994132E+01   0.0000000E+00   1.1259751E-04  -5.7959115E-05  -5.4638399E-05   0.0000000E+00   0.0000000E+00
   3.6048768E-05  -9.9994304E+01   0.0000000E+00   1.1621590E-04  -5.9821670E-05  -5.6394232E-05   0.0000000E+00   0.0000000E+00
   3.7178645E-05  -9.9994501E+01   0.0000000E+00   1.1985846E-04  -6.1696676E-05  -5.8161781E-05   0.0000000E+00   0.0000000E+00
   3.8316067E-05  -9.9994723E+01   0.0000000E+00   1.2352534E-04  -6.3584164E-05  -5.9941175E-05   0.0000000E+00   0.0000000E+00
   3.9461086E-05  -9.9994970E+01   0.0000000E+00   1.2721671E-04  -6.5484275E-05  -6.1732435E-05   0.0000000E+00   0.0000000E+00
   4.0613752E-05  -9.9995242E+01   0.0000000E+00   1.3093274E-04  -6.7397107E-05  -6.3535628E-05   0.0000000E+00   0.0000000E+00
   4.1774116E-05  -9.9995538E+01   0.0000000E+00   1.3467358E-04  -6.9322682E-05  -6.5350896E-05   0.0000000E+00   0.0000000E+00
   4.2942230E-05  -9.9995859E+01   0.0000000E+00   1.3843940E-04  -7.1261136E-05  -6.7178269E-05   0.0000000E+00   0.0000000E+00
   4.4118146E-05  -9.9996204E+01   0.0000000E+00   1.4223038E-04  -7.3212535E-05  -6.9017847E-05   0.0000000E+00   0.0000000E+00
   4.5301915E-05  -9.9996574E+01   0.0000000E+00   1.4604668E-04  -7.5176919E-05  -7.0869759E-05   0.0000000E+00   0.0000000E+00
   4.6493589E-05  -9.9996966E+01   0.0000000E+00   1.4988846E-04  -7.7154478E-05  -7.2733984E-05   0.0000000E+00   0.0000000E+00
   4.7693223E-05  -9.9997382E+01   0.0000000E+00   1.5375590E-04  -7.9145260E-05  -7.4610644E-05   0.0000000E+00   0.0000000E+00
   4.8900869E-05  -9.9997820E+01   0.0000000E+00   1.5764917E-04  -8.1149272E-05  -7.6499902E-05   0.0000000E+00   0.0000000E+00
   5.0116580E-05  -9.9998280E+01   0.0000000E+00   1.6156845E-04  -8.3166688E-05  -7.8401758E-05   0.0000000E+00   0.0000000E+00
   5.1340410E-05  -9.9998761E+01   0.0000000E+00   1.6551389E-04  -8.5197621E-05  -8.0316273E-05   0.0000000E+00   0.0000000E+00
   5.2572414E-05  -9.9999263E+01   0.0000000E+00   1.6948569E-04  -8.7242089E-05  -8.2243604E-05   0.0000000E+00   0.0000000E+00
   5.3812646E-05  -9.9999785E+01   0.0000000E+00   1.7348402E-04  -8.9300200E-05  -8.4183817E-05   0.0000000E+00   0.0000000E+00
   5.5061161E-05  -1.0000033E+02   0.0000000E+00   1.7750904E-04  -9.1372067E-05  -8.6136978E-05   0.0000000E+00   0.0000000E+00
   5.6318014E-05  -1.0000089E+02   0.0000000E+00   1.8156095E-04  -9.3457768E-05  -8.8103186E-05   0.0000000E+00   0.0000000E+00
   5.7583261E-05  -1.0000146E+02   0.0000000E+00   1.8563993E-04  -9.5557407E-05  -9.0082518E-05   0.0000000E+00   0.0000000E+00
   5.8856959E-05  -1.0000206E+02   0.0000000E+00   1.8974614E-04  -9.7671070E-05  -9.2075068E-05   0.0000000E+00   0.0000000E+00
   6.0139163E-05  -1.0000266E+02   0.0000000E+00   1.9387977E-04  -9.9798834E-05  -9.4080940E-05   0.0000000E+00   0.0000000E+00
   6.1429931E-05  -1.0000329E+02   0.0000000E+00   1.9804102E-04  -1.0194080E-04  -9.6100218E-05   0.0000000E+00   0.0000000E+00
   6.2729319E-05  -1.0000393E+02   0.0000000E+00   2.0223005E-04  -1.0409713E-04  -9.8132920E-05   0.0000000E+00   0.0000000E+00
   6.4037385E-05  -1.0000458E+02   0.0000000E+00   2.0644707E-04  -1.0626780E-04  -1.0017926E-04   0.0000000E+00   0.0000000E+00
   6.5354187E-05  -1.0000524E+02   0.0000000E+00   2.1069224E-04  -1.0845295E-04  -1.0223929E-04   0.0000000E+00   0.0000000E+00
   6.6679784E-05  -1.0000591E+02   0.0000000E+00   2.1496577E-04  -1.1065278E-04  -1.0431299E-04   0.0000000E+00   0.0000000E+00
   6.8014234E-05  -1.0000659E+02   0.0000000E+00   2.1926784E-04  -1.1286727E-04  -1.0640057E-04   0.0000000E+00   0.0000000E+00
   6.9357596E-05  -1.0000728E+02   0.0000000E+00   2.2359864E-04  -1.1509650E-04  -1.0850214E-04   0.0000000E+00   0.0000000E+00
   7.0709930E-05  -1.0000797E+02   0.0000000E+00   2.2795837E-04  -1.1734062E-04  -1.1061775E-04   0.0000000E+00   0.0000000E+00
   7.2071296E-05  -1.0000867E+02   0.0000000E+00   2.3234721E-04  -1.1959981E-04  -1.1274740E-04   0.0000000E+00   0.0000000E+00
   7.3441754E-05  -1.0000938E+02   0.0000000E+00   2.3676536E-04  -1.2187404E-04  -1.1489132E-04   0.0000000E+00   0.0000000E+00
   7.4821365E-05  -1.0001009E+02   0.0000000E+00   2.4121302E-04  -1.2416342E-04  -1.1704961E-04   0.0000000E+00   0.0000000E+00
   7.6210190E-05  -1.0001080E+02   0.0000000E+00   2.4569039E-04  -1.2646814E-04  -1.1922225E-04   0.0000000E+00   0.0000000E+00
   7.7608290E-05  -1.0001151E+02   0.0000000E+00   2.5019766E-04  -1.2878822E-04  -1.2140944E-04   0.0000000E+00   0.0000000E+00
   7.9015728E-05  -1.0001222E+02   0.0000000E+00   2.5473503E-04  -1.3112385E-04  -1.2361118E-04   0.0000000E+00   0.0000000E+00
   8.0432565E-05  -1.0001293E+02   0.0000000E+00   2.5930270E-04  -1.3347506E-04  -1.2582764E-04   0.0000000E+00   0.0000000E+00
   8.1858865E-05  -1.0001363E+02   0.0000000E+00   2.6390088E-04  -1.3584189E-04  -1.2805899E-04   0.0000000E+00   0.0000000E+00
   8.3294690E-05  -1.0001433E+02   0.0000000E+00   2.6852977E-04  -1.3822461E-04  -1.3030516E-04   0.0000000E+00   0.0000000E+00
   8.4740105E-05  -1.0001503E+02   0.0000000E+00   2.7318958E-04  -1.4062326E-04  -1.3256632E-04   0.0000000E+00   0.0000000E+00
   8.6195174E-05  -1.0001572E+02   0.0000000E+00   2.7788050E-04  -1.4303786E-04  -1.3484265E-04   0.0000000E+00   0.0000000E+00
   8.7659960E-05  -1.0001640E+02   0.0000000E+00   2.8260276E-04  -1.4546863E-04  -1.3713412E-04   0.0000000E+00   0.0000000E+00
   8.9134529E-05  -1.0001707E+02   0.0000000E+00   2.8735655E-04  -1.4791565E-04  -1.3944090E-04   0.0000000E+00   0.0000000E+00
   9.0618946E-05  -1.0001773E+02   0.0000000E+00   2.9214209E-04  -1.5037893E-04  -1.4176316E-04   0.0000000E+00   0.0000000E+00
   9.2113278E-05  -1.0001837E+02   0.0000000E+00   2.9695959E-04  -1.5285875E-04  -1.4410084E-04   0.0000000E+00   0.0000000E+00
   9.3617589E-05  -1.0001901E+02   0.0000000E+00   3.0180927E-04  -1.5535515E-04  -1.4645413E-04   0.0000000E+00   0.0000000E+00
   9.5131947E-05  -1.0001963E+02   0.0000000E+00   3.0669134E-04  -1.5786813E-04  -1.4882321E-04   0.0000000E+00   0.0000000E+00
   9.6656419E-05  -1.0002024E+02   0.0000000E+00   3.1160601E-04  -1.6039794E-04  -1.5120807E-04   0.0000000E+00   0.0000000E+00
   9.8191072E-05  -1.0002083E+02   0.0000000E+00   3.1655351E-04  -1.6294465E-04  -1.5360886E-04   0.0000000E+00   0.0000000E+00
   9.9735974E-05  -1.0002140E+02   0.0000000E+00   3.2153404E-04  -1.6550836E-04  -1.5602568E-04   0.0000000E+00   0.0000000E+00
   1.0129119E-04  -1.0002195E+02   0.0000000E+00   3.2654784E-04  -1.6808919E-04  -1.5845865E-04   0.0000000E+00   0.0000000E+00
   1.0285680E-04  -1.0002249E+02   0.0000000E+00   3.3159513E-04  -1.7068725E-04  -1.6090788E-04   0.0000000E+00   0.0000000E+00
   1.0443287E-04  -1.0002300E+02   0.0000000E+00   3.3667613E-04  -1.7330268E-04  -1.6337344E-04   0.0000000E+00   0.0000000E+00
   1.0601945E-04  -1.0002349E+02   0.0000000E+00   3.4179106E-04  -1.7593559E-04  -1.6585547E-04   0.0000000E+00   0.0000000E+00
   1.0761664E-04  -1.0002396E+02   0.0000000E+00   3.4694015E-04  -1.7858605E-04  -1.6835410E-04   0.0000000E+00   0.0000000E+00
   1.0922449E-04  -1.0002441E+02   0.0000000E+00   3.5212362E-04  -1.8125422E-04  -1.7086941E-04   0.0000000E+00   0.0000000E+00
   1.1084308E-04  -1.0002483E+02   0.0000000E+00   3.5734172E-04  -1.8394019E-04  -1.7340154E-04   0.0000000E+00   0.0000000E+00
   1.1247248E-04  -1.0002523E+02   0.0000000E+00   3.6259467E-04  -1.8664415E-04  -1.7595052E-04   0.0000000E+00   0.0000000E+00
   1.1411277E-04  -1.0002560E+02   0.0000000E+00   3.6788270E-04  -1.8936618E-04  -1.7851652E-04   0.0000000E+00   0.0000000E+00
   1.1576401E-04  -1.0002595E+02   0.0000000E+00   3.7320605E-04  -1.9210633E-04  -1.8109972E-04   0.0000000E+00   0.0000000E+00
   1.1742627E-04  -1.0002627E+02   0.0000000E+00   3.7856495E-04  -1.9486476E-04  -1.8370019E-04   0.0000000E+00   0.0000000E+00
   1.1909964E-04  -1.0002656E+02   0.0000000E+00   3.8395964E-04  -1.9764169E-04  -1.8631795E-04   0.0000000E+00   0.0000000E+00
   1.2078418E-04  -1.0002682E+02   0.0000000E+00   3.8939036E-04  -2.0043712E-04  -1.8895323E-04   0.0000000E+00   0.0000000E+00
   1.2247998E-04  -1.0002706E+02   0.0000000E+00   3.9485735E-04  -2.0325119E-04  -1.9160615E-04   0.0000000E+00   0.0000000E+00
   1.2418710E-04  -1.0002726E+02   0.0000000E+00   4.0036085E-04  -2.0608415E-04  -1.9427669E-04   0.0000000E+00   0.0000000E+00
   1.2590562E-04  -1.0002744E+02   0.0000000E+00   4.0590110E-04  -2.0893596E-04  -1.9696515E-04   0.0000000E+00   0.0000000E+00
   1.2763562E-04  -1.0002758E+02   0.0000000E+00   4.1147836E-04  -2.1180683E-04  -1.9967153E-04   0.0000000E+00   0.0000000E+00
   1.2937717E-04  -1.0002769E+02   0.0000000E+00   4.1709287E-04  -2.1469691E-04  -2.0239596E-04   0.0000000E+00   0.0000000E+00
   1.3113035E-04  -1.0002778E+02   0.0000000E+00   4.2274487E-04  -2.1760623E-04  -2.0513865E-04   0.0000000E+00   0.0000000E+00
   1.3289524E-04  -1.0002783E+02   0.0000000E+00   4.2843463E-04  -2.2053499E-04  -2.0789963E-04   0.0000000E+00   0.0000000E+00
   1.3467192E-04  -1.0002785E+02   0.0000000E+00   4.3416238E-04  -2.2348334E-04  -2.1067904E-04   0.0000000E+00   0.0000000E+00
   1.3646047E-04  -1.0002784E+02   0.0000000E+00   4.3992838E-04  -2.2645136E-04  -2.1347702E-04   0.0000000E+00   0.0000000E+00
   1.3826096E-04  -1.0002779E+02   0.0000000E+00   4.4573290E-04  -2.2943922E-04  -2.1629368E-04   0.0000000E+00   0.0000000E+00
   1.4007347E-04  -1.0002771E+02   0.0000000E+00   4.5157618E-04  -2.3244706E-04  -2.1912911E-04   0.0000000E+00   0.0000000E+00
   1.4189809E-04  -1.0002760E+02   0.0000000E+00   4.5745848E-04  -2.3547489E-04  -2.2198359E-04   0.0000000E+00   0.0000000E+00
   1.4373490E-04  -1.0002746E+02   0.0000000E+00   4.6338007E-04  -2.3852300E-04  -2.2485707E-04   0.0000000E+00   0.0000000E+00
   1.4558397E-04  -1.0002729E+02   0.0000000E+00   4.6934121E-04  -2.4159153E-04  -2.2774968E-04   0.0000000E+00   0.0000000E+00
   1.4744540E-04  -1.0002708E+02   0.0000000E+00   4.7534217E-04  -2.4468049E-04  -2.3066168E-04   0.0000000E+00   0.0000000E+00
   1.4931925E-04  -1.0002684E+02   0.0000000E+00   4.8138320E-04  -2.4779005E-04  -2.3359314E-04   0.0000000E+00   0.0000000E+00
   1.5120562E-04  -1.0002656E+02   0.0000000E+00   4.8746457E-04  -2.5092040E-04  -2.3654418E-04   0.0000000E+00   0.0000000E+00
   1.5310459E-04  -1.0002625E+02   0.0000000E+00   4.9358657E-04  -2.5407172E-04  -2.3951485E-04   0.0000000E+00   0.0000000E+00
   1.5501624E-04  -1.0002591E+02   0.0000000E+00   4.9974944E-04  -2.5724405E-04  -2.4250539E-04   0.0000000E+00   0.0000000E+00
   1.5694066E-04  -1.0002554E+02   0.0000000E+00   5.0595348E-04  -2.6043751E-04  -2.4551597E-04   0.0000000E+00   0.0000000E+00
   1.5887793E-04  -1.0002513E+02   0.0000000E+00   5.1219895E-04  -2.6365237E-04  -2.4854659E-04   0.0000000E+00   0.0000000E+00
   1.6082813E-04  -1.0002469E+02   0.0000000E+00   5.1848614E-04  -2.6688865E-04  -2.5159748E-04   0.0000000E+00   0.0000000E+00
   1.6279137E-04  -1.0002422E+02   0.0000000E+00   5.2481531E-04  -2.7014653E-04  -2.5466879E-04   0.0000000E+00   0.0000000E+00
   1.6476771E-04  -1.0002372E+02   0.0000000E+00   5.3118676E-04  -2.7342629E-04  -2.5776046E-04   0.0000000E+00   0.0000000E+00
   1.6675726E-04  -1.0002318E+02   0.0000000E+00   5.3760075E-04  -2.7672786E-04  -2.6087289E-04   0.0000000E+00   0.0000000E+00
   1.6876009E-04  -1.0002262E+02   0.0000000E+00   5.4405759E-04  -2.8005141E-04  -2.6400618E-04   0.0000000E+00   0.0000000E+00
   1.7077630E-04  -1.0002202E+02   0.0000000E+00   5.5055754E-04  -2.8339728E-04  -2.6716026E-04   0.0000000E+00   0.0000000E+00
   1.7280597E-04  -1.0002138E+02   0.0000000E+00   5.5710091E-04  -2.8676547E-04  -2.7033544E-04   0.0000000E+00   0.0000000E+00
   1.7484920E-04  -1.0002072E+02   0.0000000E+00   5.6368798E-04  -2.9015611E-04  -2.7353187E-04   0.0000000E+00   0.0000000E+00
   1.7690607E-04  -1.0002003E+02   0.0000000E+00   5.7031904E-04  -2.9356944E-04  -2.7674960E-04   0.0000000E+00   0.0000000E+00
   1.7897668E-04  -1.0001930E+02   0.0000000E+00   5.7699438E-04  -2.9700556E-04  -2.7998883E-04   0.0000000E+00   0.0000000E+00
   1.8106113E-04  -1.0001855E+02   0.0000000E+00   5.8371431E-04  -3.0046459E-04  -2.8324972E-04   0.0000000E+00   0.0000000E+00
   1.8315949E-04  -1.0001776E+02   0.0000000E+00   5.9047912E-04  -3.0394676E-04  -2.8653237E-04   0.0000000E+00   0.0000000E+00
   1.8527186E-04  -1.0001695E+02   0.0000000E+00   5.9728911E-04  -3.0745217E-04  -2.8983694E-04   0.0000000E+00   0.0000000E+00
   1.8739835E-04  -1.0001611E+02   0.0000000E+00   6.0414458E-04  -3.1098097E-04  -2.9316361E-04   0.0000000E+00   0.0000000E+00
   1.8953903E-04  -1.0001523E+02   0.0000000E+00   6.1104584E-04  -3.1453337E-04  -2.9651246E-04   0.0000000E+00   0.0000000E+00
   1.9169402E-04  -1.0001433E+02   0.0000000E+00   6.1799318E-04  -3.1810952E-04  -2.9988366E-04   0.0000000E+00   0.0000000E+00
   1.9386339E-04  -1.0001340E+02   0.0000000E+00   6.2498693E-04  -3.2170955E-04  -3.0327738E-04   0.0000000E+00   0.0000000E+00
   1.9604726E-04  -1.0001244E+02   0.0000000E+00   6.3202738E-04  -3.2533356E-04  -3.0669383E-04   0.0000000E+00   0.0000000E+00
   1.9824571E-04  -1.0001146E+02   0.0000000E+00   6.3911486E-04  -3.2898180E-04  -3.1013306E-04   0.0000000E+00   0.0000000E+00
   2.0045884E-04  -1.0001045E+02   0.0000000E+00   6.4624967E-04  -3.3265441E-04  -3.1359526E-04   0.0000000E+00   0.0000000E+00
   2.0268675E-04  -1.0000941E+02   0.0000000E+00   6.5343213E-04  -3.3635155E-04  -3.1708058E-04   0.0000000E+00   0.0000000E+00
   2.0492954E-04  -1.0000834E+02   0.0000000E+00   6.6066256E-04  -3.4007341E-04  -3.2058915E-04   0.0000000E+00   0.0000000E+00
   2.0718731E-04  -1.0000725E+02   0.0000000E+00   6.6794128E-04  -3.4382010E-04  -3.2412118E-04   0.0000000E+00   0.0000000E+00
   2.0946016E-04  -1.0000613E+02   0.0000000E+00   6.7526861E-04  -3.4759180E-04  -3.2767681E-04   0.0000000E+00   0.0000000E+00
   2.1174819E-04  -1.0000499E+02   0.0000000E+00   6.8264488E-04  -3.5138869E-04  -3.3125619E-04   0.0000000E+00   0.0000000E+00
   2.1405150E-04  -1.0000382E+02   0.0000000E+00   6.9007041E-04  -3.5521098E-04  -3.3485942E-04   0.0000000E+00   0.0000000E+00
   2.1637019E-04  -1.0000263E+02   0.0000000E+00   6.9754553E-04  -3.5905874E-04  -3.3848679E-04   0.0000000E+00   0.0000000E+00
   2.1870437E-04  -1.0000142E+02   0.0000000E+00   7.0507058E-04  -3.6293223E-04  -3.4213835E-04   0.0000000E+00   0.0000000E+00
   2.2105414E-04  -1.0000018E+02   0.0000000E+00   7.1264588E-04  -3.6683166E-04  -3.4581423E-04   0.0000000E+00   0.0000000E+00
   2.2341960E-04  -9.9998914E+01   0.0000000E+00   7.2027178E-04  -3.7075702E-04  -3.4951476E-04   0.0000000E+00   0.0000000E+00
   2.2580086E-04  -9.9997629E+01   0.0000000E+00   7.2794861E-04  -3.7470856E-04  -3.5324004E-04   0.0000000E+00   0.0000000E+00
   2.2819802E-04  -9.9996321E+01   0.0000000E+00   7.3567671E-04  -3.7868662E-04  -3.5699009E-04   0.0000000E+00   0.0000000E+00
   2.3061120E-04  -9.9994991E+01   0.0000000E+00   7.4345642E-04  -3.8269125E-04  -3.6076517E-04   0.0000000E+00   0.0000000E+00
   2.3304049E-04  -9.9993640E+01   0.0000000E+00   7.5128809E-04  -3.8672252E-04  -3.6456557E-04   0.0000000E+00   0.0000000E+00
   2.3548600E-04  -9.9992267E+01   0.0000000E+00   7.5917206E-04  -3.9078076E-04  -3.6839130E-04   0.0000000E+00   0.0000000E+00
   2.3794785E-04  -9.9990873E+01   0.0000000E+00   7.6710869E-04  -3.9486612E-04  -3.7224258E-04   0.0000000E+00   0.0000000E+00
   2.4042613E-04  -9.9989458E+01   0.0000000E+00   7.7509833E-04  -3.9897877E-04  -3.7611956E-04   0.0000000E+00   0.0000000E+00
   2.4292097E-04  -9.9988024E+01   0.0000000E+00   7.8314132E-04  -4.0311886E-04  -3.8002247E-04   0.0000000E+00   0.0000000E+00
   2.4543248E-04  -9.9986569E+01   0.0000000E+00   7.9123803E-04  -4.0728657E-04  -3.8395146E-04   0.0000000E+00   0.0000000E+00
   2.4796075E-04  -9.9985096E+01   0.0000000E+00   7.9938882E-04  -4.1148219E-04  -3.8790663E-04   0.0000000E+00   0.0000000E+00
   2.5050591E-04  -9.9983603E+01   0.0000000E+00   8.0759404E-04  -4.1570579E-04  -3.9188825E-04   0.0000000E+00   0.0000000E+00
   2.5306807E-04  -9.9982091E+01   0.0000000E+00   8.1585406E-04  -4.1995758E-04  -3.9589648E-04   0.0000000E+00   0.0000000E+00
   2.5564734E-04  -9.9980560E+01   0.0000000E+00   8.2416925E-04  -4.2423780E-04  -3.9993145E-04   0.0000000E+00   0.0000000E+00
   2.5824384E-04  -9.9979012E+01   0.0000000E+00   8.3253997E-04  -4.2854664E-04  -4.0399334E-04   0.0000000E+00   0.0000000E+00
   2.6085768E-04  -9.9977446E+01   0.0000000E+00   8.4096660E-04  -4.3288420E-04  -4.0808240E-04   0.0000000E+00   0.0000000E+00
   2.6348897E-04  -9.9975862E+01   0.0000000E+00   8.4944951E-04  -4.3725067E-04  -4.1219883E-04   0.0000000E+00   0.0000000E+00
   2.6613784E-04  -9.9974261E+01   0.0000000E+00   8.5798906E-04  -4.4164643E-04  -4.1634264E-04   0.0000000E+00   0.0000000E+00
   2.6880440E-04  -9.9972643E+01   0.0000000E+00   8.6658566E-04  -4.4607151E-04  -4.2051415E-04   0.0000000E+00   0.0000000E+00
   2.7148877E-04  -9.9971009E+01   0.0000000E+00   8.7523966E-04  -4.5052607E-04  -4.2471359E-04   0.0000000E+00   0.0000000E+00
   2.7419106E-04  -9.9969358E+01   0.0000000E+00   8.8395147E-04  -4.5501048E-04  -4.2894098E-04   0.0000000E+00   0.0000000E+00
   2.7691141E-04  -9.9967692E+01   0.0000000E+00   8.9272145E-04  -4.5952478E-04  -4.3319667E-04   0.0000000E+00   0.0000000E+00
   2.7964992E-04  -9.9966009E+01   0.0000000E+00   9.0155001E-04  -4.6406921E-04  -4.3748080E-04   0.0000000E+00   0.0000000E+00
   2.8240672E-04  -9.9964311E+01   0.0000000E+00   9.1043753E-04  -4.6864408E-04  -4.4179345E-04   0.0000000E+00   0.0000000E+00
   2.8518193E-04  -9.9962598E+01   0.0000000E+00   9.1938441E-04  -4.7324943E-04  -4.4613498E-04   0.0000000E+00   0.0000000E+00
   2.8797568E-04  -9.9960870E+01   0.0000000E+00   9.2839104E-04  -4.7788554E-04  -4.5050550E-04   0.0000000E+00   0.0000000E+00
   2.9078809E-04  -9.9959127E+01   0.0000000E+00   9.3745782E-04  -4.8255264E-04  -4.5490518E-04   0.0000000E+00   0.0000000E+00
   2.9361927E-04  -9.9957369E+01   0.0000000E+00   9.4658515E-04  -4.8725089E-04  -4.5933426E-04   0.0000000E+00   0.0000000E+00
   2.9646937E-04  -9.9955597E+01   0.0000000E+00   9.5577345E-04  -4.9198054E-04  -4.6379291E-04   0.0000000E+00   0.0000000E+00
   2.9933850E-04  -9.9953811E+01   0.0000000E+00   9.6502311E-04  -4.9674179E-04  -4.6828132E-04   0.0000000E+00   0.0000000E+00
   3.0222680E-04  -9.9952011E+01   0.0000000E+00   9.7433454E-04  -5.0153482E-04  -4.7279972E-04   0.0000000E+00   0.0000000E+00
   3.0513438E-04  -9.9950198E+01   0.0000000E+00   9.8370816E-04  -5.0635978E-04  -4.7734838E-04   0.0000000E+00   0.0000000E+00
   3.0806139E-04  -9.9948371E+01   0.0000000E+00   9.9314439E-04  -5.1121706E-04  -4.8192733E-04   0.0000000E+00   0.0000000E+00
   3.1100794E-04  -9.9946530E+01   0.0000000E+00   1.0026436E-03  -5.1610681E-04  -4.8653682E-04   0.0000000E+00   0.0000000E+00
   3.1397417E-04  -9.9944677E+01   0.0000000E+00   1.0122063E-03  -5.2102913E-04  -4.9117720E-04   0.0000000E+00   0.0000000E+00
   3.1696021E-04  -9.9942810E+01   0.0000000E+00   1.0218329E-03  -5.2598435E-04  -4.9584853E-04   0.0000000E+00   0.0000000E+00
   3.1996619E-04  -9.9940931E+01   0.0000000E+00   1.0315237E-03  -5.3097267E-04  -5.0055105E-04   0.0000000E+00   0.0000000E+00
   3.2299225E-04  -9.9939039E+01   0.0000000E+00   1.0412793E-03  -5.3599435E-04  -5.0528495E-04   0.0000000E+00   0.0000000E+00
   3.2603852E-04  -9.9937134E+01   0.0000000E+00   1.0511000E-03  -5.4104952E-04  -5.1005049E-04   0.0000000E+00   0.0000000E+00
   3.2910514E-04  -9.9935218E+01   0.0000000E+00   1.0609863E-03  -5.4613844E-04  -5.1484789E-04   0.0000000E+00   0.0000000E+00
   3.3219223E-04  -9.9933289E+01   0.0000000E+00   1.0709387E-03  -5.5126139E-04  -5.1967728E-04   0.0000000E+00   0.0000000E+00
   3.3529994E-04  -9.9931347E+01   0.0000000E+00   1.0809575E-03  -5.5641848E-04  -5.2453899E-04   0.0000000E+00   0.0000000E+00
   3.3842841E-04  -9.9929394E+01   0.0000000E+00   1.0910432E-03  -5.6161009E-04  -5.2943310E-04   0.0000000E+00   0.0000000E+00
   3.4157777E-04  -9.9927429E+01   0.0000000E+00   1.1011963E-03  -5.6683636E-04  -5.3435991E-04   0.0000000E+00   0.0000000E+00
   3.4474817E-04  -9.9925453E+01   0.0000000E+00   1.1114172E-03  -5.7209750E-04  -5.3931966E-04   0.0000000E+00   0.0000000E+00
   3.4793974E-04  -9.9923464E+01   0.0000000E+00   1.1217063E-03  -5.7739384E-04  -5.4431246E-04   0.0000000E+00   0.0000000E+00
   3.5115262E-04  -9.9921464E+01   0.0000000E+00   1.1320642E-03  -5.8272547E-04  -5.4933870E-04   0.0000000E+00   0.0000000E+00
   3.5438696E-04  -9.9919453E+01   0.0000000E+00   1.1424912E-03  -5.8809273E-04  -5.5439848E-04   0.0000000E+00   0.0000000E+00
   3.5764291E-04  -9.9917430E+01   0.0000000E+00   1.1529879E-03  -5.9349588E-04  -5.5949201E-04   0.0000000E+00   0.0000000E+00
   3.6092060E-04  -9.9915396E+01   0.0000000E+00   1.1635547E-03  -5.9893508E-04  -5.6461960E-04   0.0000000E+00   0.0000000E+00
   3.6422018E-04  -9.9913350E+01   0.0000000E+00   1.1741920E-03  -6.0441064E-04  -5.6978139E-04   0.0000000E+00   0.0000000E+00
   3.6754179E-04  -9.9911294E+01   0.0000000E+00   1.1849004E-03  -6.0992273E-04  -5.7497770E-04   0.0000000E+00   0.0000000E+00
   3.7088559E-04  -9.9909226E+01   0.0000000E+00   1.1956803E-03  -6.1547163E-04  -5.8020872E-04   0.0000000E+00   0.0000000E+00
   3.7425172E-04  -9.9907147E+01   0.0000000E+00   1.2065323E-03  -6.2105762E-04  -5.8547463E-04   0.0000000E+00   0.0000000E+00
   3.7764034E-04  -9.9905057E+01   0.0000000E+00   1.2174566E-03  -6.2668092E-04  -5.9077573E-04   0.0000000E+00   0.0000000E+00
   3.8105158E-04  -9.9902956E+01   0.0000000E+00   1.2284540E-03  -6.3234175E-04  -5.9611224E-04   0.0000000E+00   0.0000000E+00
   3.8448561E-04  -9.9900844E+01   0.0000000E+00   1.2395248E-03  -6.3804038E-04  -6.0148440E-04   0.0000000E+00   0.0000000E+00
   3.8794257E-04  -9.9898722E+01   0.0000000E+00   1.2506695E-03  -6.4377712E-04  -6.0689240E-04   0.0000000E+00   0.0000000E+00
   3.9142262E-04  -9.9896588E+01   0.0000000E+00   1.2618887E-03  -6.4955212E-04  -6.1233657E-04   0.0000000E+00   0.0000000E+00
   3.9492591E-04  -9.9894443E+01   0.0000000E+00   1.2731828E-03  -6.5536568E-04  -6.1781710E-04   0.0000000E+00   0.0000000E+00
   3.9845260E-04  -9.9892288E+01   0.0000000E+00   1.2845523E-03  -6.6121814E-04  -6.2333417E-04   0.0000000E+00   0.0000000E+00
   4.0200284E-04  -9.9890122E+01   0.0000000E+00   1.2959978E-03  -6.6710964E-04  -6.2888812E-04   0.0000000E+00   0.0000000E+00
   4.0557679E-04  -9.9887945E+01   0.0000000E+00   1.3075197E-03  -6.7304049E-04  -6.3447917E-04   0.0000000E+00   0.0000000E+00
   4.0917462E-04  -9.9885757E+01   0.0000000E+00   1.3191185E-03  -6.7901094E-04  -6.4010756E-04   0.0000000E+00   0.0000000E+00
   4.1279647E-04  -9.9883558E+01   0.0000000E+00   1.3307948E-03  -6.8502127E-04  -6.4577355E-04   0.0000000E+00   0.0000000E+00
   4.1644251E-04  -9.9881348E+01   0.0000000E+00   1.3425491E-03  -6.9107175E-04  -6.5147736E-04   0.0000000E+00   0.0000000E+00
   4.2011290E-04  -9.9879128E+01   0.0000000E+00   1.3543819E-03  -6.9716262E-04  -6.5721928E-04   0.0000000E+00   0.0000000E+00
   4.2380780E-04  -9.9876897E+01   0.0000000E+00   1.3662937E-03  -7.0329419E-04  -6.6299953E-04   0.0000000E+00   0.0000000E+00
   4.2752738E-04  -9.9874654E+01   0.0000000E+00   1.3782851E-03  -7.0946672E-04  -6.6881838E-04   0.0000000E+00   0.0000000E+00
   4.3127180E-04  -9.9872401E+01   0.0000000E+00   1.3903566E-03  -7.1568045E-04  -6.7467612E-04   0.0000000E+00   0.0000000E+00
   4.3504123E-04  -9.9870137E+01   0.0000000E+00   1.4025086E-03  -7.2193565E-04  -6.8057300E-04   0.0000000E+00   0.0000000E+00
   4.3883584E-04  -9.9867862E+01   0.0000000E+00   1.4147419E-03  -7.2823269E-04  -6.8650920E-04   0.0000000E+00   0.0000000E+00
   4.4265578E-04  -9.9865576E+01   0.0000000E+00   1.4270568E-03  -7.3457178E-04  -6.9248506E-04   0.0000000E+00   0.0000000E+00
   4.4650124E-04  -9.9863279E+01   0.0000000E+00   1.4394540E-03  -7.4095316E-04  -6.9850087E-04   0.0000000E+00   0.0000000E+00
   4.5037238E-04  -9.9860971E+01   0.0000000E+00   1.4519340E-03  -7.4737717E-04  -7.0455685E-04   0.0000000E+00   0.0000000E+00
   4.5426938E-04  -9.9858651E+01   0.0000000E+00   1.4644974E-03  -7.5384411E-04  -7.1065325E-04   0.0000000E+00   0.0000000E+00
   4.5819240E-04  -9.9856321E+01   0.0000000E+00   1.4771446E-03  -7.6035424E-04  -7.1679036E-04   0.0000000E+00   0.0000000E+00
   4.6214162E-04  -9.9853979E+01   0.0000000E+00   1.4898763E-03  -7.6690783E-04  -7.2296849E-04   0.0000000E+00   0.0000000E+00
   4.6611722E-04  -9.9851626E+01   0.0000000E+00   1.5026931E-03  -7.7350520E-04  -7.2918786E-04   0.0000000E+00   0.0000000E+00
   4.7011937E-04  -9.9849262E+01   0.0000000E+00   1.5155954E-03  -7.8014663E-04  -7.3544876E-04   0.0000000E+00   0.0000000E+00
   4.7414825E-04  -9.9846886E+01   0.0000000E+00   1.5285839E-03  -7.8683238E-04  -7.4175152E-04   0.0000000E+00   0.0000000E+00
   4.7820404E-04  -9.9844499E+01   0.0000000E+00   1.5416592E-03  -7.9356284E-04  -7.4809633E-04   0.0000000E+00   0.0000000E+00
   4.8228691E-04  -9.9842100E+01   0.0000000E+00   1.5548217E-03  -8.0033825E-04  -7.5448350E-04   0.0000000E+00   0.0000000E+00
   4.8639705E-04  -9.9839690E+01   0.0000000E+00   1.5680722E-03  -8.0715885E-04  -7.6091338E-04   0.0000000E+00   0.0000000E+00
   4.9053464E-04  -9.9837268E+01   0.0000000E+00   1.5814112E-03  -8.1402503E-04  -7.6738618E-04   0.0000000E+00   0.0000000E+00
   4.9469987E-04  -9.9834834E+01   0.0000000E+00   1.5948393E-03  -8.2093712E-04  -7.7390217E-04   0.0000000E+00   0.0000000E+00
   4.9889291E-04  -9.9832389E+01   0.0000000E+00   1.6083570E-03  -8.2789530E-04  -7.8046174E-04   0.0000000E+00   0.0000000E+00
   5.0311396E-04  -9.9829931E+01   0.0000000E+00   1.6219651E-03  -8.3489995E-04  -7.8706512E-04   0.0000000E+00   0.0000000E+00
   5.0736320E-04  -9.9827462E+01   0.0000000E+00   1.6356640E-03  -8.4195146E-04  -7.9371252E-04   0.0000000E+00   0.0000000E+00
   5.1164081E-04  -9.9824981E+01   0.0000000E+00   1.6494544E-03  -8.4905001E-04  -8.0040439E-04   0.0000000E+00   0.0000000E+00
   5.1594700E-04  -9.9822487E+01   0.0000000E+00   1.6633369E-03  -8.5619593E-04  -8.0714097E-04   0.0000000E+00   0.0000000E+00
   5.2028194E-04  -9.9819982E+01   0.0000000E+00   1.6773121E-03  -8.6338967E-04  -8.1392245E-04   0.0000000E+00   0.0000000E+00
   5.2464584E-04  -9.9817464E+01   0.0000000E+00   1.6913807E-03  -8.7063140E-04  -8.2074928E-04   0.0000000E+00   0.0000000E+00
   5.2903888E-04  -9.9814933E+01   0.0000000E+00   1.7055432E-03  -8.7792146E-04  -8.2762174E-04   0.0000000E+00   0.0000000E+00
   5.3346126E-04  -9.9812390E+01   0.0000000E+00   1.7198003E-03  -8.8526027E-04  -8.3454003E-04   0.0000000E+00   0.0000000E+00
   5.3791318E-04  -9.9809835E+01   0.0000000E+00   1.7341526E-03  -8.9264804E-04  -8.4150458E-04   0.0000000E+00   0.0000000E+00
   5.4239483E-04  -9.9807267E+01   0.0000000E+00   1.7486008E-03  -9.0008521E-04  -8.4851559E-04   0.0000000E+00   0.0000000E+00
   5.4690641E-04  -9.9804686E+01   0.0000000E+00   1.7631455E-03  -9.0757204E-04  -8.5557343E-04   0.0000000E+00   0.0000000E+00
   5.5144812E-04  -9.9802092E+01   0.0000000E+00   1.7777873E-03  -9.1510881E-04  -8.6267847E-04   0.0000000E+00   0.0000000E+00
   5.5602017E-04  -9.9799486E+01   0.0000000E+00   1.7925269E-03  -9.2269599E-04  -8.6983089E-04   0.0000000E+00   0.0000000E+00
   5.6062275E-04  -9.9796866E+01   0.0000000E+00   1.8073649E-03  -9.3033379E-04  -8.7703112E-04   0.0000000E+00   0.0000000E+00
   5.6525606E-04  -9.9794233E+01   0.0000000E+00   1.8223020E-03  -9.3802260E-04  -8.8427944E-04   0.0000000E+00   0.0000000E+00
   5.6992033E-04  -9.9791586E+01   0.0000000E+00   1.8373389E-03  -9.4576281E-04  -8.9157612E-04   0.0000000E+00   0.0000000E+00
   5.7461574E-04  -9.9788927E+01   0.0000000E+00   1.8524763E-03  -9.5355469E-04  -8.9892157E-04   0.0000000E+00   0.0000000E+00
   5.7934251E-04  -9.9786254E+01   0.0000000E+00   1.8677147E-03  -9.6139856E-04  -9.0631612E-04   0.0000000E+00   0.0000000E+00
   5.8410085E-04  -9.9783567E+01   0.0000000E+00   1.8830549E-03  -9.6929487E-04  -9.1376000E-04   0.0000000E+00   0.0000000E+00
   5.8889098E-04  -9.9780866E+01   0.0000000E+00   1.8984975E-03  -9.7724394E-04  -9.2125357E-04   0.0000000E+00   0.0000000E+00
   5.9371309E-04  -9.9778152E+01   0.0000000E+00   1.9140433E-03  -9.8524605E-04  -9.2879723E-04   0.0000000E+00   0.0000000E+00
   5.9856740E-04  -9.9775423E+01   0.0000000E+00   1.9296929E-03  -9.9330163E-04  -9.3639126E-04   0.0000000E+00   0.0000000E+00
   6.0345414E-04  -9.9772681E+01   0.0000000E+00   1.9454470E-03  -1.0014110E-03  -9.4403601E-04   0.0000000E+00   0.0000000E+00
   6.0837352E-04  -9.9769924E+01   0.0000000E+00   1.9613063E-03  -1.0095745E-03  -9.5173184E-04   0.0000000E+00   0.0000000E+00
   6.1332574E-04  -9.9767153E+01   0.0000000E+00   1.9772716E-03  -1.0177926E-03  -9.5947904E-04   0.0000000E+00   0.0000000E+00
   6.1831105E-04  -9.9764368E+01   0.0000000E+00   1.9933435E-03  -1.0260655E-03  -9.6727796E-04   0.0000000E+00   0.0000000E+00
   6.2332965E-04  -9.9761568E+01   0.0000000E+00   2.0095227E-03  -1.0343937E-03  -9.7512900E-04   0.0000000E+00   0.0000000E+00
   6.2838176E-04  -9.9758753E+01   0.0000000E+00   2.0258100E-03  -1.0427775E-03  -9.8303250E-04   0.0000000E+00   0.0000000E+00
   6.3346762E-04  -9.9755924E+01   0.0000000E+00   2.0422060E-03  -1.0512173E-03  -9.9098873E-04   0.0000000E+00   0.0000000E+00
   6.3858744E-04  -9.9753079E+01   0.0000000E+00   2.0587116E-03  -1.0597135E-03  -9.9899811E-04   0.0000000E+00   0.0000000E+00
   6.4374146E-04  -9.9750220E+01   0.0000000E+00   2.0753274E-03  -1.0682664E-03  -1.0070610E-03   0.0000000E+00   0.0000000E+00
   6.4892990E-04  -9.9747345E+01   0.0000000E+00   2.0920541E-03  -1.0768764E-03  -1.0151777E-03   0.0000000E+00   0.0000000E+00
   6.5415299E-04  -9.9744455E+01   0.0000000E+00   2.1088926E-03  -1.0855439E-03  -1.0233487E-03   0.0000000E+00   0.0000000E+00
   6.5941096E-04  -9.9741549E+01   0.0000000E+00   2.1258435E-03  -1.0942693E-03  -1.0315742E-03   0.0000000E+00   0.0000000E+00
   6.6470405E-04  -9.9738628E+01   0.0000000E+00   2.1429077E-03  -1.1030531E-03  -1.0398546E-03   0.0000000E+00   0.0000000E+00
   6.7003249E-04  -9.9735691E+01   0.0000000E+00   2.1600858E-03  -1.1118954E-03  -1.0481903E-03   0.0000000E+00   0.0000000E+00
   6.7539652E-04  -9.9732738E+01   0.0000000E+00   2.1773786E-03  -1.1207968E-03  -1.0565818E-03   0.0000000E+00   0.0000000E+00
   6.8079637E-04  -9.9729770E+01   0.0000000E+00   2.1947869E-03  -1.1297577E-03  -1.0650293E-03   0.0000000E+00   0.0000000E+00
   6.8623228E-04  -9.9726785E+01   0.0000000E+00   2.2123115E-03  -1.1387784E-03  -1.0735331E-03   0.0000000E+00   0.0000000E+00
   6.9170450E-04  -9.9723783E+01   0.0000000E+00   2.2299531E-03  -1.1478594E-03  -1.0820938E-03   0.0000000E+00   0.0000000E+00
   6.9721327E-04  -9.9720766E+01   0.0000000E+00   2.2477126E-03  -1.1570010E-03  -1.0907116E-03   0.0000000E+00   0.0000000E+00
   7.0275883E-04  -9.9717731E+01   0.0000000E+00   2.2655907E-03  -1.1662036E-03  -1.0993871E-03   0.0000000E+00   0.0000000E+00
   7.0834142E-04  -9.9714681E+01   0.0000000E+00   2.2835881E-03  -1.1754677E-03  -1.1081204E-03   0.0000000E+00   0.0000000E+00
   7.1396130E-04  -9.9711613E+01   0.0000000E+00   2.3017058E-03  -1.1847937E-03  -1.1169120E-03   0.0000000E+00   0.0000000E+00
   7.1961871E-04  -9.9708528E+01   0.0000000E+00   2.3199444E-03  -1.1941820E-03  -1.1257625E-03   0.0000000E+00   0.0000000E+00
   7.2531391E-04  -9.9705426E+01   0.0000000E+00   2.3383049E-03  -1.2036330E-03  -1.1346719E-03   0.0000000E+00   0.0000000E+00
   7.3104714E-04  -9.9702307E+01   0.0000000E+00   2.3567880E-03  -1.2131471E-03  -1.1436409E-03   0.0000000E+00   0.0000000E+00
   7.3681866E-04  -9.9699170E+01   0.0000000E+00   2.3753945E-03  -1.2227247E-03  -1.1526698E-03   0.0000000E+00   0.0000000E+00
   7.4262873E-04  -9.9696016E+01   0.0000000E+00   2.3941253E-03  -1.2323663E-03  -1.1617590E-03   0.0000000E+00   0.0000000E+00
   7.4847760E-04  -9.9692844E+01   0.0000000E+00   2.4129812E-03  -1.2420723E-03  -1.1709089E-03   0.0000000E+00   0.0000000E+00
   7.5436553E-04  -9.9689654E+01   0.0000000E+00   2.4319631E-03  -1.2518431E-03  -1.1801199E-03   0.0000000E+00   0.0000000E+00
   7.6029279E-04  -9.9686446E+01   0.0000000E+00   2.4510717E-03  -1.2616792E-03  -1.1893925E-03   0.0000000E+00   0.0000000E+00
   7.6625964E-04  -9.9683220E+01   0.0000000E+00   2.4703079E-03  -1.2715810E-03  -1.1987269E-03   0.0000000E+00   0.0000000E+00
   7.7226633E-04  -9.9679976E+01   0.0000000E+00   2.4896726E-03  -1.2815489E-03  -1.2081237E-03   0.0000000E+00   0.0000000E+00
   7.7831314E-04  -9.9676713E+01   0.0000000E+00   2.5091666E-03  -1.2915833E-03  -1.2175833E-03   0.0000000E+00   0.0000000E+00
   7.8440033E-04  -9.9673431E+01   0.0000000E+00   2.5287908E-03  -1.3016848E-03  -1.2271060E-03   0.0000000E+00   0.0000000E+00
   7.9052818E-04  -9.9670131E+01   0.0000000E+00   2.5485461E-03  -1.3118538E-03  -1.2366923E-03   0.0000000E+00   0.0000000E+00
   7.9669696E-04  -9.9666812E+01   0.0000000E+00   2.5684333E-03  -1.3220906E-03  -1.2463427E-03   0.0000000E+00   0.0000000E+00
   8.0290693E-04  -9.9663473E+01   0.0000000E+00   2.5884534E-03  -1.3323958E-03  -1.2560575E-03   0.0000000E+00   0.0000000E+00
   8.0915838E-04  -9.9660116E+01   0.0000000E+00   2.6086071E-03  -1.3427699E-03  -1.2658372E-03   0.0000000E+00   0.0000000E+00
   8.1545158E-04  -9.9656739E+01   0.0000000E+00   2.6288955E-03  -1.3532133E-03  -1.2756822E-03   0.0000000E+00   0.0000000E+00
   8.2178681E-04  -9.9653342E+01   0.0000000E+00   2.6493193E-03  -1.3637264E-03  -1.2855929E-03   0.0000000E+00   0.0000000E+00
   8.2816435E-04  -9.9649925E+01   0.0000000E+00   2.6698795E-03  -1.3743096E-03  -1.2955699E-03   0.0000000E+00   0.0000000E+00
   8.3458448E-04  -9.9646489E+01   0.0000000E+00   2.6905771E-03  -1.3849636E-03  -1.3056135E-03   0.0000000E+00   0.0000000E+00
   8.4104749E-04  -9.9643032E+01   0.0000000E+00   2.7114129E-03  -1.3956888E-03  -1.3157241E-03   0.0000000E+00   0.0000000E+00
   8.4755367E-04  -9.9639556E+01   0.0000000E+00   2.7323878E-03  -1.4064855E-03  -1.3259023E-03   0.0000000E+00   0.0000000E+00
   8.5410329E-04  -9.9636059E+01   0.0000000E+00   2.7535029E-03  -1.4173544E-03  -1.3361485E-03   0.0000000E+00   0.0000000E+00
   8.6069666E-04  -9.9632541E+01   0.0000000E+00   2.7747589E-03  -1.4282959E-03  -1.3464631E-03   0.0000000E+00   0.0000000E+00
   8.6733407E-04  -9.9629002E+01   0.0000000E+00   2.7961569E-03  -1.4393104E-03  -1.3568465E-03   0.0000000E+00   0.0000000E+00
   8.7401580E-04  -9.9625443E+01   0.0000000E+00   2.8176979E-03  -1.4503985E-03  -1.3672994E-03   0.0000000E+00   0.0000000E+00
   8.8074216E-04  -9.9621862E+01   0.0000000E+00   2.8393827E-03  -1.4615607E-03  -1.3778220E-03   0.0000000E+00   0.0000000E+00
   8.8751344E-04  -9.9618261E+01   0.0000000E+00   2.8612123E-03  -1.4727974E-03  -1.3884149E-03   0.0000000E+00   0.0000000E+00
   8.9432995E-04  -9.9614638E+01   0.0000000E+00   2.8831877E-03  -1.4841091E-03  -1.3990786E-03   0.0000000E+00   0.0000000E+00
   9.0119198E-04  -9.9610993E+01   0.0000000E+00   2.9053098E-03  -1.4954964E-03  -1.4098134E-03   0.0000000E+00   0.0000000E+00
   9.0809984E-04  -9.9607326E+01   0.0000000E+00   2.9275798E-03  -1.5069598E-03  -1.4206200E-03   0.0000000E+00   0.0000000E+00
   9.1505383E-04  -9.9603638E+01   0.0000000E+00   2.9499984E-03  -1.5184997E-03  -1.4314988E-03   0.0000000E+00   0.0000000E+00
   9.2205427E-04  -9.9599927E+01   0.0000000E+00   2.9725668E-03  -1.5301166E-03  -1.4424501E-03   0.0000000E+00   0.0000000E+00
   9.2910146E-04  -9.9596194E+01   0.0000000E+00   2.9952859E-03  -1.5418112E-03  -1.4534747E-03   0.0000000E+00   0.0000000E+00
   9.3619571E-04  -9.9592439E+01   0.0000000E+00   3.0181567E-03  -1.5535839E-03  -1.4645729E-03   0.0000000E+00   0.0000000E+00
   9.4333735E-04  -9.9588661E+01   0.0000000E+00   3.0411803E-03  -1.5654352E-03  -1.4757451E-03   0.0000000E+00   0.0000000E+00
   9.5052668E-04  -9.9584860E+01   0.0000000E+00   3.0643577E-03  -1.5773656E-03  -1.4869921E-03   0.0000000E+00   0.0000000E+00
   9.5776403E-04  -9.9581036E+01   0.0000000E+00   3.0876898E-03  -1.5893757E-03  -1.4983141E-03   0.0000000E+00   0.0000000E+00
   9.6504971E-04  -9.9577189E+01   0.0000000E+00   3.1111778E-03  -1.6014661E-03  -1.5097117E-03   0.0000000E+00   0.0000000E+00
   9.7238405E-04  -9.9573319E+01   0.0000000E+00   3.1348226E-03  -1.6136371E-03  -1.5211855E-03   0.0000000E+00   0.0000000E+00
   9.7976738E-04  -9.9569425E+01   0.0000000E+00   3.1586254E-03  -1.6258895E-03  -1.5327359E-03   0.0000000E+00   0.0000000E+00
   9.8720001E-04  -9.9565507E+01   0.0000000E+00   3.1825871E-03  -1.6382237E-03  -1.5443634E-03   0.0000000E+00   0.0000000E+00
   9.9468229E-04  -9.9561565E+01   0.0000000E+00   3.2067088E-03  -1.6506403E-03  -1.5560686E-03   0.0000000E+00   0.0000000E+00
   1.0022145E-03  -9.9557599E+01   0.0000000E+00   3.2309917E-03  -1.6631398E-03  -1.5678519E-03   0.0000000E+00   0.0000000E+00
   1.0097971E-03  -9.9553609E+01   0.0000000E+00   3.2554367E-03  -1.6757227E-03  -1.5797140E-03   0.0000000E+00   0.0000000E+00
   1.0174303E-03  -9.9549595E+01   0.0000000E+00   3.2800450E-03  -1.6883898E-03  -1.5916552E-03   0.0000000E+00   0.0000000E+00
   1.0251145E-03  -9.9545555E+01   0.0000000E+00   3.3048176E-03  -1.7011414E-03  -1.6036763E-03   0.0000000E+00   0.0000000E+00
   1.0328499E-03  -9.9541491E+01   0.0000000E+00   3.3297557E-03  -1.7139781E-03  -1.6157776E-03   0.0000000E+00   0.0000000E+00
   1.0406371E-03  -9.9537402E+01   0.0000000E+00   3.3548604E-03  -1.7269007E-03  -1.6279597E-03   0.0000000E+00   0.0000000E+00
   1.0484763E-03  -9.9533288E+01   0.0000000E+00   3.3801327E-03  -1.7399095E-03  -1.6402232E-03   0.0000000E+00   0.0000000E+00
   1.0563678E-03  -9.9529148E+01   0.0000000E+00   3.4055738E-03  -1.7530051E-03  -1.6525686E-03   0.0000000E+00   0.0000000E+00
   1.0643120E-03  -9.9524982E+01   0.0000000E+00   3.4311848E-03  -1.7661883E-03  -1.6649964E-03   0.0000000E+00   0.0000000E+00
   1.0723093E-03  -9.9520791E+01   0.0000000E+00   3.4569668E-03  -1.7794595E-03  -1.6775073E-03   0.0000000E+00   0.0000000E+00
   1.0803600E-03  -9.9516573E+01   0.0000000E+00   3.4829211E-03  -1.7928193E-03  -1.6901017E-03   0.0000000E+00   0.0000000E+00
   1.0884644E-03  -9.9512330E+01   0.0000000E+00   3.5090486E-03  -1.8062684E-03  -1.7027802E-03   0.0000000E+00   0.0000000E+00
   1.0966230E-03  -9.9508059E+01   0.0000000E+00   3.5353507E-03  -1.8198073E-03  -1.7155434E-03   0.0000000E+00   0.0000000E+00
   1.1048361E-03  -9.9503763E+01   0.0000000E+00   3.5618284E-03  -1.8334366E-03  -1.7283919E-03   0.0000000E+00   0.0000000E+00
   1.1131040E-03  -9.9499439E+01   0.0000000E+00   3.5884830E-03  -1.8471569E-03  -1.7413261E-03   0.0000000E+00   0.0000000E+00
   1.1214272E-03  -9.9495089E+01   0.0000000E+00   3.6153156E-03  -1.8609689E-03  -1.7543467E-03   0.0000000E+00   0.0000000E+00
   1.1298059E-03  -9.9490711E+01   0.0000000E+00   3.6423274E-03  -1.8748731E-03  -1.7674543E-03   0.0000000E+00   0.0000000E+00
   1.1382406E-03  -9.9486305E+01   0.0000000E+00   3.6695196E-03  -1.8888701E-03  -1.7806495E-03   0.0000000E+00   0.0000000E+00
   1.1467316E-03  -9.9481872E+01   0.0000000E+00   3.6968934E-03  -1.9029607E-03  -1.7939327E-03   0.0000000E+00   0.0000000E+00
   1.1552793E-03  -9.9477412E+01   0.0000000E+00   3.7244500E-03  -1.9171453E-03  -1.8073047E-03   0.0000000E+00   0.0000000E+00
   1.1638841E-03  -9.9472923E+01   0.0000000E+00   3.7521907E-03  -1.9314247E-03  -1.8207659E-03   0.0000000E+00   0.0000000E+00
   1.1725464E-03  -9.9468406E+01   0.0000000E+00   3.7801166E-03  -1.9457995E-03  -1.8343171E-03   0.0000000E+00   0.0000000E+00
   1.1812666E-03  -9.9463860E+01   0.0000000E+00   3.8082291E-03  -1.9602702E-03  -1.8479588E-03   0.0000000E+00   0.0000000E+00
   1.1900449E-03  -9.9459285E+01   0.0000000E+00   3.8365293E-03  -1.9748377E-03  -1.8616916E-03   0.0000000E+00   0.0000000E+00
   1.1988819E-03  -9.9454682E+01   0.0000000E+00   3.8650185E-03  -1.9895024E-03  -1.8755161E-03   0.0000000E+00   0.0000000E+00
   1.2077780E-03  -9.9450050E+01   0.0000000E+00   3.8936979E-03  -2.0042650E-03  -1.8894330E-03   0.0000000E+00   0.0000000E+00
   1.2167334E-03  -9.9445388E+01   0.0000000E+00   3.9225689E-03  -2.0191262E-03  -1.9034427E-03   0.0000000E+00   0.0000000E+00
   1.2257487E-03  -9.9440697E+01   0.0000000E+00   3.9516328E-03  -2.0340867E-03  -1.9175461E-03   0.0000000E+00   0.0000000E+00
   1.2348241E-03  -9.9435976E+01   0.0000000E+00   3.9808907E-03  -2.0491471E-03  -1.9317436E-03   0.0000000E+00   0.0000000E+00
   1.2439602E-03  -9.9431225E+01   0.0000000E+00   4.0103440E-03  -2.0643081E-03  -1.9460360E-03   0.0000000E+00   0.0000000E+00
   1.2531573E-03  -9.9426443E+01   0.0000000E+00   4.0399941E-03  -2.0795703E-03  -1.9604238E-03   0.0000000E+00   0.0000000E+00
   1.2624158E-03  -9.9421631E+01   0.0000000E+00   4.0698422E-03  -2.0949344E-03  -1.9749077E-03   0.0000000E+00   0.0000000E+00
   1.2717361E-03  -9.9416789E+01   0.0000000E+00   4.0998896E-03  -2.1104012E-03  -1.9894883E-03   0.0000000E+00   0.0000000E+00
   1.2811187E-03  -9.9411916E+01   0.0000000E+00   4.1301377E-03  -2.1259713E-03  -2.0041664E-03   0.0000000E+00   0.0000000E+00
   1.2905640E-03  -9.9407011E+01   0.0000000E+00   4.1605878E-03  -2.1416454E-03  -2.0189424E-03   0.0000000E+00   0.0000000E+00
   1.3000723E-03  -9.9402075E+01   0.0000000E+00   4.1912412E-03  -2.1574241E-03  -2.0338171E-03   0.0000000E+00   0.0000000E+00
   1.3096441E-03  -9.9397108E+01   0.0000000E+00   4.2220994E-03  -2.1733082E-03  -2.0487912E-03   0.0000000E+00   0.0000000E+00
   1.3192799E-03  -9.9392109E+01   0.0000000E+00   4.2531637E-03  -2.1892984E-03  -2.0638653E-03   0.0000000E+00   0.0000000E+00
   1.3289800E-03  -9.9387078E+01   0.0000000E+00   4.2844355E-03  -2.2053954E-03  -2.0790401E-03   0.0000000E+00   0.0000000E+00
   1.3387449E-03  -9.9382014E+01   0.0000000E+00   4.3159161E-03  -2.2215999E-03  -2.0943161E-03   0.0000000E+00   0.0000000E+00
   1.3485750E-03  -9.9376918E+01   0.0000000E+00   4.3476069E-03  -2.2379126E-03  -2.1096943E-03   0.0000000E+00   0.0000000E+00
   1.3584708E-03  -9.9371789E+01   0.0000000E+00   4.3795094E-03  -2.2543343E-03  -2.1251751E-03   0.0000000E+00   0.0000000E+00
   1.3684327E-03  -9.9366628E+01   0.0000000E+00   4.4116250E-03  -2.2708657E-03  -2.1407593E-03   0.0000000E+00   0.0000000E+00
   1.3784611E-03  -9.9361433E+01   0.0000000E+00   4.4439551E-03  -2.2875075E-03  -2.1564476E-03   0.0000000E+00   0.0000000E+00
   1.3885564E-03  -9.9356205E+01   0.0000000E+00   4.4765011E-03  -2.3042603E-03  -2.1722407E-03   0.0000000E+00   0.0000000E+00
   1.3987192E-03  -9.9350942E+01   0.0000000E+00   4.5092644E-03  -2.3211251E-03  -2.1881393E-03   0.0000000E+00   0.0000000E+00
   1.4089499E-03  -9.9345646E+01   0.0000000E+00   4.5422466E-03  -2.3381026E-03  -2.2041440E-03   0.0000000E+00   0.0000000E+00
   1.4192489E-03  -9.9340316E+01   0.0000000E+00   4.5754490E-03  -2.3551934E-03  -2.2202556E-03   0.0000000E+00   0.0000000E+00
   1.4296167E-03  -9.9334952E+01   0.0000000E+00   4.6088732E-03  -2.3723983E-03  -2.2364749E-03   0.0000000E+00   0.0000000E+00
   1.4400537E-03  -9.9329552E+01   0.0000000E+00   4.6425206E-03  -2.3897182E-03  -2.2528024E-03   0.0000000E+00   0.0000000E+00
   1.4505604E-03  -9.9324118E+01   0.0000000E+00   4.6763927E-03  -2.4071537E-03  -2.2692390E-03   0.0000000E+00   0.0000000E+00
   1.4611373E-03  -9.9318649E+01   0.0000000E+00   4.7104911E-03  -2.4247057E-03  -2.2857854E-03   0.0000000E+00   0.0000000E+00
   1.4717848E-03  -9.9313144E+01   0.0000000E+00   4.7448172E-03  -2.4423749E-03  -2.3024423E-03   0.0000000E+00   0.0000000E+00
   1.4825035E-03  -9.9307604E+01   0.0000000E+00   4.7793725E-03  -2.4601621E-03  -2.3192104E-03   0.0000000E+00   0.0000000E+00
   1.4932937E-03  -9.9302027E+01   0.0000000E+00   4.8141586E-03  -2.4780680E-03  -2.3360906E-03   0.0000000E+00   0.0000000E+00
   1.5041560E-03  -9.9296415E+01   0.0000000E+00   4.8491771E-03  -2.4960936E-03  -2.3530834E-03   0.0000000E+00   0.0000000E+00
   1.5150908E-03  -9.9290766E+01   0.0000000E+00   4.8844294E-03  -2.5142396E-03  -2.3701897E-03   0.0000000E+00   0.0000000E+00
   1.5260987E-03  -9.9285080E+01   0.0000000E+00   4.9199171E-03  -2.5325068E-03  -2.3874104E-03   0.0000000E+00   0.0000000E+00
   1.5371801E-03  -9.9279357E+01   0.0000000E+00   4.9556419E-03  -2.5508959E-03  -2.4047460E-03   0.0000000E+00   0.0000000E+00
   1.5483355E-03  -9.9273598E+01   0.0000000E+00   4.9916052E-03  -2.5694079E-03  -2.4221973E-03   0.0000000E+00   0.0000000E+00
   1.5595654E-03  -9.9267800E+01   0.0000000E+00   5.0278088E-03  -2.5880435E-03  -2.4397653E-03   0.0000000E+00   0.0000000E+00
   1.5708703E-03  -9.9261965E+01   0.0000000E+00   5.0642541E-03  -2.6068036E-03  -2.4574505E-03   0.0000000E+00   0.0000000E+00
   1.5822507E-03  -9.9256092E+01   0.0000000E+00   5.1009429E-03  -2.6256889E-03  -2.4752539E-03   0.0000000E+00   0.0000000E+00
   1.5937071E-03  -9.9250181E+01   0.0000000E+00   5.1378766E-03  -2.6447004E-03  -2.4931762E-03   0.0000000E+00   0.0000000E+00
   1.6052400E-03  -9.9244231E+01   0.0000000E+00   5.1750571E-03  -2.6638389E-03  -2.5112182E-03   0.0000000E+00   0.0000000E+00
   1.6168500E-03  -9.9238242E+01   0.0000000E+00   5.2124858E-03  -2.6831052E-03  -2.5293806E-03   0.0000000E+00   0.0000000E+00
   1.6285374E-03  -9.9232214E+01   0.0000000E+00   5.2501646E-03  -2.7025001E-03  -2.5476644E-03   0.0000000E+00   0.0000000E+00
   1.6403030E-03  -9.9226147E+01   0.0000000E+00   5.2880949E-03  -2.7220246E-03  -2.5660703E-03   0.0000000E+00   0.0000000E+00
   1.6521471E-03  -9.9220040E+01   0.0000000E+00   5.3262786E-03  -2.7416795E-03  -2.5845991E-03   0.0000000E+00   0.0000000E+00
   1.6640703E-03  -9.9213893E+01   0.0000000E+00   5.3647173E-03  -2.7614657E-03  -2.6032517E-03   0.0000000E+00   0.0000000E+00
   1.6760732E-03  -9.9207706E+01   0.0000000E+00   5.4034128E-03  -2.7813839E-03  -2.6220288E-03   0.0000000E+00   0.0000000E+00
   1.6881562E-03  -9.9201479E+01   0.0000000E+00   5.4423666E-03  -2.8014353E-03  -2.6409313E-03   0.0000000E+00   0.0000000E+00
   1.7003199E-03  -9.9195210E+01   0.0000000E+00   5.4815806E-03  -2.8216205E-03  -2.6599601E-03   0.0000000E+00   0.0000000E+00
   1.7125648E-03  -9.9188901E+01   0.0000000E+00   5.5210566E-03  -2.8419406E-03  -2.6791160E-03   0.0000000E+00   0.0000000E+00
   1.7248916E-03  -9.9182550E+01   0.0000000E+00   5.5607961E-03  -2.8623963E-03  -2.6983998E-03   0.0000000E+00   0.0000000E+00
   1.7373006E-03  -9.9176158E+01   0.0000000E+00   5.6008011E-03  -2.8829887E-03  -2.7178124E-03   0.0000000E+00   0.0000000E+00
   1.7497925E-03  -9.9169724E+01   0.0000000E+00   5.6410732E-03  -2.9037186E-03  -2.7373546E-03   0.0000000E+00   0.0000000E+00
   1.7623679E-03  -9.9163248E+01   0.0000000E+00   5.6816143E-03  -2.9245869E-03  -2.7570274E-03   0.0000000E+00   0.0000000E+00
   1.7750272E-03  -9.9156729E+01   0.0000000E+00   5.7224262E-03  -2.9455946E-03  -2.7768316E-03   0.0000000E+00   0.0000000E+00
   1.7877711E-03  -9.9150167E+01   0.0000000E+00   5.7635107E-03  -2.9667427E-03  -2.7967680E-03   0.0000000E+00   0.0000000E+00
   1.8006001E-03  -9.9143562E+01   0.0000000E+00   5.8048695E-03  -2.9880319E-03  -2.8168376E-03   0.0000000E+00   0.0000000E+00
   1.8135148E-03  -9.9136914E+01   0.0000000E+00   5.8465045E-03  -3.0094634E-03  -2.8370412E-03   0.0000000E+00   0.0000000E+00
   1.8265158E-03  -9.9130222E+01   0.0000000E+00   5.8884176E-03  -3.0310380E-03  -2.8573797E-03   0.0000000E+00   0.0000000E+00
   1.8396035E-03  -9.9123486E+01   0.0000000E+00   5.9306107E-03  -3.0527566E-03  -2.8778541E-03   0.0000000E+00   0.0000000E+00
   1.8527787E-03  -9.9116706E+01   0.0000000E+00   5.9730855E-03  -3.0746203E-03  -2.8984652E-03   0.0000000E+00   0.0000000E+00
   1.8660419E-03  -9.9109881E+01   0.0000000E+00   6.0158440E-03  -3.0966301E-03  -2.9192139E-03   0.0000000E+00   0.0000000E+00
   1.8793936E-03  -9.9103012E+01   0.0000000E+00   6.0588881E-03  -3.1187868E-03  -2.9401013E-03   0.0000000E+00   0.0000000E+00
   1.8928345E-03  -9.9096097E+01   0.0000000E+00   6.1022196E-03  -3.1410915E-03  -2.9611281E-03   0.0000000E+00   0.0000000E+00
   1.9063652E-03  -9.9089137E+01   0.0000000E+00   6.1458406E-03  -3.1635452E-03  -2.9822954E-03   0.0000000E+00   0.0000000E+00
   1.9199863E-03  -9.9082130E+01   0.0000000E+00   6.1897529E-03  -3.1861488E-03  -3.0036040E-03   0.0000000E+00   0.0000000E+00
   1.9336983E-03  -9.9075078E+01   0.0000000E+00   6.2339584E-03  -3.2089034E-03  -3.0250550E-03   0.0000000E+00   0.0000000E+00
   1.9475019E-03  -9.9067979E+01   0.0000000E+00   6.2784592E-03  -3.2318100E-03  -3.0466492E-03   0.0000000E+00   0.0000000E+00
   1.9613977E-03  -9.9060833E+01   0.0000000E+00   6.3232572E-03  -3.2548695E-03  -3.0683876E-03   0.0000000E+00   0.0000000E+00
   1.9753863E-03  -9.9053641E+01   0.0000000E+00   6.3683544E-03  -3.2780831E-03  -3.0902713E-03   0.0000000E+00   0.0000000E+00
   1.9894683E-03  -9.9046400E+01   0.0000000E+00   6.4137527E-03  -3.3014517E-03  -3.1123011E-03   0.0000000E+00   0.0000000E+00
   2.0036444E-03  -9.9039112E+01   0.0000000E+00   6.4594543E-03  -3.3249763E-03  -3.1344780E-03   0.0000000E+00   0.0000000E+00
   2.0179151E-03  -9.9031776E+01   0.0000000E+00   6.5054611E-03  -3.3486581E-03  -3.1568030E-03   0.0000000E+00   0.0000000E+00
   2.0322811E-03  -9.9024392E+01   0.0000000E+00   6.5517751E-03  -3.3724980E-03  -3.1792771E-03   0.0000000E+00   0.0000000E+00
   2.0467431E-03  -9.9016959E+01   0.0000000E+00   6.5983985E-03  -3.3964972E-03  -3.2019013E-03   0.0000000E+00   0.0000000E+00
   2.0613017E-03  -9.9009476E+01   0.0000000E+00   6.6453333E-03  -3.4206566E-03  -3.2246766E-03   0.0000000E+00   0.0000000E+00
   2.0759576E-03  -9.9001945E+01   0.0000000E+00   6.6925815E-03  -3.4449774E-03  -3.2476041E-03   0.0000000E+00   0.0000000E+00
   2.0907112E-03  -9.8994363E+01   0.0000000E+00   6.7401452E-03  -3.4694606E-03  -3.2706846E-03   0.0000000E+00   0.0000000E+00
   2.1055635E-03  -9.8986732E+01   0.0000000E+00   6.7880267E-03  -3.4941074E-03  -3.2939193E-03   0.0000000E+00   0.0000000E+00
   2.1205149E-03  -9.8979050E+01   0.0000000E+00   6.8362279E-03  -3.5189187E-03  -3.3173092E-03   0.0000000E+00   0.0000000E+00
   2.1355662E-03  -9.8971317E+01   0.0000000E+00   6.8847510E-03  -3.5438957E-03  -3.3408553E-03   0.0000000E+00   0.0000000E+00
   2.1507180E-03  -9.8963533E+01   0.0000000E+00   6.9335982E-03  -3.5690396E-03  -3.3645586E-03   0.0000000E+00   0.0000000E+00
   2.1659710E-03  -9.8955698E+01   0.0000000E+00   6.9827716E-03  -3.5943514E-03  -3.3884203E-03   0.0000000E+00   0.0000000E+00
   2.1813259E-03  -9.8947811E+01   0.0000000E+00   7.0322735E-03  -3.6198322E-03  -3.4124413E-03   0.0000000E+00   0.0000000E+00
   2.1967833E-03  -9.8939872E+01   0.0000000E+00   7.0821059E-03  -3.6454832E-03  -3.4366228E-03   0.0000000E+00   0.0000000E+00
   2.2123439E-03  -9.8931880E+01   0.0000000E+00   7.1322712E-03  -3.6713055E-03  -3.4609657E-03   0.0000000E+00   0.0000000E+00
   2.2280085E-03  -9.8923835E+01   0.0000000E+00   7.1827715E-03  -3.6973003E-03  -3.4854712E-03   0.0000000E+00   0.0000000E+00
   2.2437777E-03  -9.8915738E+01   0.0000000E+00   7.2336091E-03  -3.7234687E-03  -3.5101404E-03   0.0000000E+00   0.0000000E+00
   2.2596522E-03  -9.8907586E+01   0.0000000E+00   7.2847862E-03  -3.7498118E-03  -3.5349744E-03   0.0000000E+00   0.0000000E+00
   2.2756327E-03  -9.8899381E+01   0.0000000E+00   7.3363051E-03  -3.7763309E-03  -3.5599742E-03   0.0000000E+00   0.0000000E+00
   2.2917200E-03  -9.8891121E+01   0.0000000E+00   7.3881680E-03  -3.8030271E-03  -3.5851409E-03   0.0000000E+00   0.0000000E+00
   2.3079147E-03  -9.8882807E+01   0.0000000E+00   7.4403774E-03  -3.8299016E-03  -3.6104758E-03   0.0000000E+00   0.0000000E+00
   2.3242175E-03  -9.8874438E+01   0.0000000E+00   7.4929354E-03  -3.8569556E-03  -3.6359798E-03   0.0000000E+00   0.0000000E+00
   2.3406293E-03  -9.8866013E+01   0.0000000E+00   7.5458444E-03  -3.8841902E-03  -3.6616542E-03   0.0000000E+00   0.0000000E+00
   2.3571506E-03  -9.8857533E+01   0.0000000E+00   7.5991069E-03  -3.9116068E-03  -3.6875001E-03   0.0000000E+00   0.0000000E+00
   2.3737823E-03  -9.8848996E+01   0.0000000E+00   7.6527250E-03  -3.9392064E-03  -3.7135186E-03   0.0000000E+00   0.0000000E+00
   2.3905251E-03  -9.8840403E+01   0.0000000E+00   7.7067012E-03  -3.9669904E-03  -3.7397108E-03   0.0000000E+00   0.0000000E+00
   2.4073796E-03  -9.8831753E+01   0.0000000E+00   7.7610379E-03  -3.9949599E-03  -3.7660780E-03   0.0000000E+00   0.0000000E+00
   2.4243468E-03  -9.8823046E+01   0.0000000E+00   7.8157375E-03  -4.0231163E-03  -3.7926213E-03   0.0000000E+00   0.0000000E+00
   2.4414273E-03  -9.8814281E+01   0.0000000E+00   7.8708025E-03  -4.0514607E-03  -3.8193418E-03   0.0000000E+00   0.0000000E+00
   2.4586218E-03  -9.8805458E+01   0.0000000E+00   7.9262352E-03  -4.0799943E-03  -3.8462408E-03   0.0000000E+00   0.0000000E+00
   2.4759312E-03  -9.8796576E+01   0.0000000E+00   7.9820381E-03  -4.1087186E-03  -3.8733195E-03   0.0000000E+00   0.0000000E+00
   2.4933562E-03  -9.8787636E+01   0.0000000E+00   8.0382137E-03  -4.1376347E-03  -3.9005790E-03   0.0000000E+00   0.0000000E+00
   2.5108975E-03  -9.8778636E+01   0.0000000E+00   8.0947645E-03  -4.1667439E-03  -3.9280206E-03   0.0000000E+00   0.0000000E+00
   2.5285560E-03  -9.8769577E+01   0.0000000E+00   8.1516929E-03  -4.1960475E-03  -3.9556454E-03   0.0000000E+00   0.0000000E+00
   2.5463325E-03  -9.8760458E+01   0.0000000E+00   8.2090016E-03  -4.2255468E-03  -3.9834547E-03   0.0000000E+00   0.0000000E+00
   2.5642276E-03  -9.8751279E+01   0.0000000E+00   8.2666930E-03  -4.2552432E-03  -4.0114498E-03   0.0000000E+00   0.0000000E+00
   2.5822423E-03  -9.8742039E+01   0.0000000E+00   8.3247697E-03  -4.2851378E-03  -4.0396318E-03   0.0000000E+00   0.0000000E+00
   2.6003773E-03  -9.8732737E+01   0.0000000E+00   8.3832343E-03  -4.3152322E-03  -4.0680021E-03   0.0000000E+00   0.0000000E+00
   2.6186334E-03  -9.8723374E+01   0.0000000E+00   8.4420893E-03  -4.3455275E-03  -4.0965618E-03   0.0000000E+00   0.0000000E+00
   2.6370114E-03  -9.8713949E+01   0.0000000E+00   8.5013374E-03  -4.3760251E-03  -4.1253123E-03   0.0000000E+00   0.0000000E+00
   2.6555122E-03  -9.8704461E+01   0.0000000E+00   8.5609812E-03  -4.4067265E-03  -4.1542548E-03   0.0000000E+00   0.0000000E+00
   2.6741365E-03  -9.8694911E+01   0.0000000E+00   8.6210234E-03  -4.4376328E-03  -4.1833906E-03   0.0000000E+00   0.0000000E+00
   2.6928853E-03  -9.8685297E+01   0.0000000E+00   8.6814666E-03  -4.4687456E-03  -4.2127210E-03   0.0000000E+00   0.0000000E+00
   2.7117592E-03  -9.8675620E+01   0.0000000E+00   8.7423134E-03  -4.5000662E-03  -4.2422472E-03   0.0000000E+00   0.0000000E+00
   2.7307592E-03  -9.8665879E+01   0.0000000E+00   8.8035666E-03  -4.5315959E-03  -4.2719707E-03   0.0000000E+00   0.0000000E+00
   2.7498861E-03  -9.8656073E+01   0.0000000E+00   8.8652289E-03  -4.5633363E-03  -4.3018927E-03   0.0000000E+00   0.0000000E+00
   2.7691407E-03  -9.8646202E+01   0.0000000E+00   8.9273030E-03  -4.5952886E-03  -4.3320145E-03   0.0000000E+00   0.0000000E+00
   2.7885239E-03  -9.8636266E+01   0.0000000E+00   8.9897917E-03  -4.6274543E-03  -4.3623375E-03   0.0000000E+00   0.0000000E+00
   2.8080366E-03  -9.8626264E+01   0.0000000E+00   9.0526978E-03  -4.6598348E-03  -4.3928630E-03   0.0000000E+00   0.0000000E+00
   2.8276796E-03  -9.8616196E+01   0.0000000E+00   9.1160239E-03  -4.6924316E-03  -4.4235924E-03   0.0000000E+00   0.0000000E+00
   2.8474538E-03  -9.8606061E+01   0.0000000E+00   9.1797730E-03  -4.7252460E-03  -4.4545270E-03   0.0000000E+00   0.0000000E+00
   2.8673600E-03  -9.8595859E+01   0.0000000E+00   9.2439479E-03  -4.7582797E-03  -4.4856682E-03   0.0000000E+00   0.0000000E+00
   2.8873992E-03  -9.8585590E+01   0.0000000E+00   9.3085513E-03  -4.7915339E-03  -4.5170174E-03   0.0000000E+00   0.0000000E+00
   2.9075722E-03  -9.8575253E+01   0.0000000E+00   9.3735862E-03  -4.8250103E-03  -4.5485759E-03   0.0000000E+00   0.0000000E+00
   2.9278800E-03  -9.8564847E+01   0.0000000E+00   9.4390555E-03  -4.8587102E-03  -4.5803453E-03   0.0000000E+00   0.0000000E+00
   2.9483234E-03  -9.8554372E+01   0.0000000E+00   9.5049620E-03  -4.8926352E-03  -4.6123268E-03   0.0000000E+00   0.0000000E+00
   2.9689033E-03  -9.8543828E+01   0.0000000E+00   9.5713087E-03  -4.9267868E-03  -4.6445219E-03   0.0000000E+00   0.0000000E+00
   2.9896207E-03  -9.8533215E+01   0.0000000E+00   9.6380985E-03  -4.9611664E-03  -4.6769321E-03   0.0000000E+00   0.0000000E+00
   3.0104764E-03  -9.8522531E+01   0.0000000E+00   9.7053343E-03  -4.9957757E-03  -4.7095587E-03   0.0000000E+00   0.0000000E+00
   3.0314714E-03  -9.8511776E+01   0.0000000E+00   9.7730192E-03  -5.0306161E-03  -4.7424032E-03   0.0000000E+00   0.0000000E+00
   3.0526066E-03  -9.8500950E+01   0.0000000E+00   9.8411562E-03  -5.0656892E-03  -4.7754670E-03   0.0000000E+00   0.0000000E+00
   3.0738830E-03  -9.8490053E+01   0.0000000E+00   9.9097482E-03  -5.1009965E-03  -4.8087517E-03   0.0000000E+00   0.0000000E+00
   3.0953015E-03  -9.8479084E+01   0.0000000E+00   9.9787983E-03  -5.1365396E-03  -4.8422587E-03   0.0000000E+00   0.0000000E+00
   3.1168630E-03  -9.8468042E+01   0.0000000E+00   1.0048310E-02  -5.1723201E-03  -4.8759894E-03   0.0000000E+00   0.0000000E+00
   3.1385686E-03  -9.8456927E+01   0.0000000E+00   1.0118285E-02  -5.2083396E-03  -4.9099455E-03   0.0000000E+00   0.0000000E+00
   3.1604191E-03  -9.8445739E+01   0.0000000E+00   1.0188728E-02  -5.2445996E-03  -4.9441283E-03   0.0000000E+00   0.0000000E+00
   3.1824155E-03  -9.8434477E+01   0.0000000E+00   1.0259641E-02  -5.2811018E-03  -4.9785394E-03   0.0000000E+00   0.0000000E+00
   3.2045588E-03  -9.8423140E+01   0.0000000E+00   1.0331028E-02  -5.3178478E-03  -5.0131804E-03   0.0000000E+00   0.0000000E+00
   3.2268501E-03  -9.8411729E+01   0.0000000E+00   1.0402892E-02  -5.3548392E-03  -5.0480527E-03   0.0000000E+00   0.0000000E+00
   3.2492901E-03  -9.8400242E+01   0.0000000E+00   1.0475235E-02  -5.3920776E-03  -5.0831579E-03   0.0000000E+00   0.0000000E+00
   3.2718801E-03  -9.8388680E+01   0.0000000E+00   1.0548062E-02  -5.4295647E-03  -5.1184975E-03   0.0000000E+00   0.0000000E+00
   3.2946210E-03  -9.8377041E+01   0.0000000E+00   1.0621375E-02  -5.4673022E-03  -5.1540732E-03   0.0000000E+00   0.0000000E+00
   3.3175137E-03  -9.8365325E+01   0.0000000E+00   1.0695178E-02  -5.5052918E-03  -5.1898865E-03   0.0000000E+00   0.0000000E+00
   3.3405593E-03  -9.8353532E+01   0.0000000E+00   1.0769474E-02  -5.5435350E-03  -5.2259390E-03   0.0000000E+00   0.0000000E+00
   3.3637588E-03  -9.8341661E+01   0.0000000E+00   1.0844266E-02  -5.5820337E-03  -5.2622323E-03   0.0000000E+00   0.0000000E+00
   3.3871133E-03  -9.8329712E+01   0.0000000E+00   1.0919557E-02  -5.6207895E-03  -5.2987679E-03   0.0000000E+00   0.0000000E+00
   3.4106237E-03  -9.8317684E+01   0.0000000E+00   1.0995352E-02  -5.6598041E-03  -5.3355476E-03   0.0000000E+00   0.0000000E+00
   3.4342912E-03  -9.8305577E+01   0.0000000E+00   1.1071652E-02  -5.6990793E-03  -5.3725729E-03   0.0000000E+00   0.0000000E+00
   3.4581167E-03  -9.8293390E+01   0.0000000E+00   1.1148462E-02  -5.7386168E-03  -5.4098455E-03   0.0000000E+00   0.0000000E+00
   3.4821013E-03  -9.8281122E+01   0.0000000E+00   1.1225785E-02  -5.7784183E-03  -5.4473670E-03   0.0000000E+00   0.0000000E+00
   3.5062461E-03  -9.8268774E+01   0.0000000E+00   1.1303625E-02  -5.8184856E-03  -5.4851391E-03   0.0000000E+00   0.0000000E+00
   3.5305522E-03  -9.8256345E+01   0.0000000E+00   1.1381984E-02  -5.8588206E-03  -5.5231635E-03   0.0000000E+00   0.0000000E+00
   3.5550206E-03  -9.8243833E+01   0.0000000E+00   1.1460867E-02  -5.8994249E-03  -5.5614418E-03   0.0000000E+00   0.0000000E+00
   3.5796525E-03  -9.8231240E+01   0.0000000E+00   1.1540276E-02  -5.9403004E-03  -5.5999758E-03   0.0000000E+00   0.0000000E+00
   3.6044488E-03  -9.8218563E+01   0.0000000E+00   1.1620216E-02  -5.9814489E-03  -5.6387672E-03   0.0000000E+00   0.0000000E+00
   3.6294108E-03  -9.8205803E+01   0.0000000E+00   1.1700690E-02  -6.0228722E-03  -5.6778176E-03   0.0000000E+00   0.0000000E+00
   3.6545394E-03  -9.8192959E+01   0.0000000E+00   1.1781701E-02  -6.0645722E-03  -5.7171288E-03   0.0000000E+00   0.0000000E+00
   3.6798359E-03  -9.8180031E+01   0.0000000E+00   1.1863253E-02  -6.1065507E-03  -5.7567026E-03   0.0000000E+00   0.0000000E+00
   3.7053013E-03  -9.8167017E+01   0.0000000E+00   1.1945350E-02  -6.1488095E-03  -5.7965407E-03   0.0000000E+00   0.0000000E+00
   3.7309368E-03  -9.8153918E+01   0.0000000E+00   1.2027995E-02  -6.1913505E-03  -5.8366449E-03   0.0000000E+00   0.0000000E+00
   3.7567435E-03  -9.8140733E+01   0.0000000E+00   1.2111193E-02  -6.2341757E-03  -5.8770169E-03   0.0000000E+00   0.0000000E+00
   3.7827226E-03  -9.8127462E+01   0.0000000E+00   1.2194945E-02  -6.2772868E-03  -5.9176585E-03   0.0000000E+00   0.0000000E+00
   3.8088752E-03  -9.8114103E+01   0.0000000E+00   1.2279258E-02  -6.3206859E-03  -5.9585716E-03   0.0000000E+00   0.0000000E+00
   3.8352024E-03  -9.8100657E+01   0.0000000E+00   1.2364133E-02  -6.3643749E-03  -5.9997579E-03   0.0000000E+00   0.0000000E+00
   3.8617055E-03  -9.8087122E+01   0.0000000E+00   1.2449575E-02  -6.4083556E-03  -6.0412193E-03   0.0000000E+00   0.0000000E+00
   3.8883856E-03  -9.8073498E+01   0.0000000E+00   1.2535588E-02  -6.4526300E-03  -6.0829576E-03   0.0000000E+00   0.0000000E+00
   3.9152438E-03  -9.8059786E+01   0.0000000E+00   1.2622175E-02  -6.4972002E-03  -6.1249747E-03   0.0000000E+00   0.0000000E+00
   3.9422814E-03  -9.8045983E+01   0.0000000E+00   1.2709340E-02  -6.5420680E-03  -6.1672724E-03   0.0000000E+00   0.0000000E+00
   3.9694996E-03  -9.8032090E+01   0.0000000E+00   1.2797088E-02  -6.5872354E-03  -6.2098526E-03   0.0000000E+00   0.0000000E+00
   3.9968996E-03  -9.8018106E+01   0.0000000E+00   1.2885422E-02  -6.6327045E-03  -6.2527171E-03   0.0000000E+00   0.0000000E+00
   4.0244826E-03  -9.8004030E+01   0.0000000E+00   1.2974345E-02  -6.6784773E-03  -6.2958680E-03   0.0000000E+00   0.0000000E+00
   4.0522498E-03  -9.7989862E+01   0.0000000E+00   1.3063863E-02  -6.7245558E-03  -6.3393070E-03   0.0000000E+00   0.0000000E+00
   4.0802025E-03  -9.7975601E+01   0.0000000E+00   1.3153978E-02  -6.7709420E-03  -6.3830362E-03   0.0000000E+00   0.0000000E+00
   4.1083418E-03  -9.7961247E+01   0.0000000E+00   1.3244695E-02  -6.8176380E-03  -6.4270574E-03   0.0000000E+00   0.0000000E+00
   4.1366691E-03  -9.7946799E+01   0.0000000E+00   1.3336018E-02  -6.8646459E-03  -6.4713726E-03   0.0000000E+00   0.0000000E+00
   4.1651855E-03  -9.7932257E+01   0.0000000E+00   1.3427952E-02  -6.9119677E-03  -6.5159838E-03   0.0000000E+00   0.0000000E+00
   4.1938924E-03  -9.7917620E+01   0.0000000E+00   1.3520499E-02  -6.9596055E-03  -6.5608930E-03   0.0000000E+00   0.0000000E+00
   4.2227911E-03  -9.7902887E+01   0.0000000E+00   1.3613664E-02  -7.0075615E-03  -6.6061021E-03   0.0000000E+00   0.0000000E+00
   4.2518827E-03  -9.7888058E+01   0.0000000E+00   1.3707451E-02  -7.0558378E-03  -6.6516131E-03   0.0000000E+00   0.0000000E+00
   4.2811686E-03  -9.7873132E+01   0.0000000E+00   1.3801865E-02  -7.1044365E-03  -6.6974281E-03   0.0000000E+00   0.0000000E+00
   4.3106501E-03  -9.7858109E+01   0.0000000E+00   1.3896909E-02  -7.1533598E-03  -6.7435490E-03   0.0000000E+00   0.0000000E+00
   4.3403285E-03  -9.7842988E+01   0.0000000E+00   1.3992588E-02  -7.2026098E-03  -6.7899781E-03   0.0000000E+00   0.0000000E+00
   4.3702052E-03  -9.7827768E+01   0.0000000E+00   1.4088906E-02  -7.2521887E-03  -6.8367171E-03   0.0000000E+00   0.0000000E+00
   4.4002813E-03  -9.7812449E+01   0.0000000E+00   1.4185867E-02  -7.3020988E-03  -6.8837684E-03   0.0000000E+00   0.0000000E+00
   4.4305583E-03  -9.7797030E+01   0.0000000E+00   1.4283476E-02  -7.3523422E-03  -6.9311339E-03   0.0000000E+00   0.0000000E+00
   4.4610376E-03  -9.7781511E+01   0.0000000E+00   1.4381737E-02  -7.4029211E-03  -6.9788157E-03   0.0000000E+00   0.0000000E+00
   4.4917204E-03  -9.7765891E+01   0.0000000E+00   1.4480654E-02  -7.4538378E-03  -7.0268160E-03   0.0000000E+00   0.0000000E+00
   4.5226081E-03  -9.7750169E+01   0.0000000E+00   1.4580232E-02  -7.5050946E-03  -7.0751369E-03   0.0000000E+00   0.0000000E+00
   4.5537021E-03  -9.7734345E+01   0.0000000E+00   1.4680474E-02  -7.5566937E-03  -7.1237805E-03   0.0000000E+00   0.0000000E+00
   4.5850038E-03  -9.7718419E+01   0.0000000E+00   1.4781386E-02  -7.6086374E-03  -7.1727490E-03   0.0000000E+00   0.0000000E+00
   4.6165145E-03  -9.7702389E+01   0.0000000E+00   1.4882973E-02  -7.6609280E-03  -7.2220446E-03   0.0000000E+00   0.0000000E+00
   4.6482356E-03  -9.7686254E+01   0.0000000E+00   1.4985237E-02  -7.7135678E-03  -7.2716694E-03   0.0000000E+00   0.0000000E+00
   4.6801687E-03  -9.7670015E+01   0.0000000E+00   1.5088185E-02  -7.7665592E-03  -7.3216256E-03   0.0000000E+00   0.0000000E+00
   4.7123150E-03  -9.7653671E+01   0.0000000E+00   1.5191820E-02  -7.8199045E-03  -7.3719154E-03   0.0000000E+00   0.0000000E+00
   4.7446759E-03  -9.7637221E+01   0.0000000E+00   1.5296147E-02  -7.8736061E-03  -7.4225412E-03   0.0000000E+00   0.0000000E+00
   4.7772531E-03  -9.7620664E+01   0.0000000E+00   1.5401171E-02  -7.9276663E-03  -7.4735050E-03   0.0000000E+00   0.0000000E+00
   4.8100477E-03  -9.7604000E+01   0.0000000E+00   1.5506897E-02  -7.9820875E-03  -7.5248093E-03   0.0000000E+00   0.0000000E+00
   4.8430615E-03  -9.7587228E+01   0.0000000E+00   1.5613328E-02  -8.0368723E-03  -7.5764562E-03   0.0000000E+00   0.0000000E+00
   4.8762956E-03  -9.7570348E+01   0.0000000E+00   1.5720471E-02  -8.0920229E-03  -7.6284480E-03   0.0000000E+00   0.0000000E+00
   4.9097518E-03  -9.7553358E+01   0.0000000E+00   1.5828329E-02  -8.1475418E-03  -7.6807871E-03   0.0000000E+00   0.0000000E+00
   4.9434314E-03  -9.7536259E+01   0.0000000E+00   1.5936907E-02  -8.2034315E-03  -7.7334757E-03   0.0000000E+00   0.0000000E+00
   4.9773359E-03  -9.7519049E+01   0.0000000E+00   1.6046211E-02  -8.2596945E-03  -7.7865162E-03   0.0000000E+00   0.0000000E+00
   5.0114669E-03  -9.7501728E+01   0.0000000E+00   1.6156244E-02  -8.3163332E-03  -7.8399110E-03   0.0000000E+00   0.0000000E+00
   5.0458258E-03  -9.7484296E+01   0.0000000E+00   1.6267013E-02  -8.3733502E-03  -7.8936624E-03   0.0000000E+00   0.0000000E+00
   5.0804142E-03  -9.7466751E+01   0.0000000E+00   1.6378521E-02  -8.4307480E-03  -7.9477728E-03   0.0000000E+00   0.0000000E+00
   5.1152336E-03  -9.7449093E+01   0.0000000E+00   1.6490774E-02  -8.4885291E-03  -8.0022446E-03   0.0000000E+00   0.0000000E+00
   5.1502855E-03  -9.7431321E+01   0.0000000E+00   1.6603776E-02  -8.5466961E-03  -8.0570802E-03   0.0000000E+00   0.0000000E+00
   5.1855716E-03  -9.7413434E+01   0.0000000E+00   1.6717534E-02  -8.6052515E-03  -8.1122820E-03   0.0000000E+00   0.0000000E+00
   5.2210933E-03  -9.7395433E+01   0.0000000E+00   1.6832051E-02  -8.6641981E-03  -8.1678525E-03   0.0000000E+00   0.0000000E+00
   5.2568522E-03  -9.7377316E+01   0.0000000E+00   1.6947333E-02  -8.7235383E-03  -8.2237942E-03   0.0000000E+00   0.0000000E+00
   5.2928499E-03  -9.7359083E+01   0.0000000E+00   1.7063384E-02  -8.7832748E-03  -8.2801095E-03   0.0000000E+00   0.0000000E+00
   5.3290881E-03  -9.7340732E+01   0.0000000E+00   1.7180211E-02  -8.8434103E-03  -8.3368009E-03   0.0000000E+00   0.0000000E+00
   5.3655683E-03  -9.7322264E+01   0.0000000E+00   1.7297818E-02  -8.9039474E-03  -8.3938710E-03   0.0000000E+00   0.0000000E+00
   5.4022921E-03  -9.7303677E+01   0.0000000E+00   1.7416211E-02  -8.9648888E-03  -8.4513222E-03   0.0000000E+00   0.0000000E+00
   5.4392612E-03  -9.7284971E+01   0.0000000E+00   1.7535394E-02  -9.0262372E-03  -8.5091571E-03   0.0000000E+00   0.0000000E+00
   5.4764772E-03  -9.7266145E+01   0.0000000E+00   1.7655374E-02  -9.0879953E-03  -8.5673783E-03   0.0000000E+00   0.0000000E+00
   5.5139418E-03  -9.7247199E+01   0.0000000E+00   1.7776154E-02  -9.1501658E-03  -8.6259883E-03   0.0000000E+00   0.0000000E+00
   5.5516566E-03  -9.7228131E+01   0.0000000E+00   1.7897741E-02  -9.2127516E-03  -8.6849898E-03   0.0000000E+00   0.0000000E+00
   5.5896232E-03  -9.7208941E+01   0.0000000E+00   1.8020141E-02  -9.2757553E-03  -8.7443854E-03   0.0000000E+00   0.0000000E+00
   5.6278434E-03  -9.7189629E+01   0.0000000E+00   1.8143357E-02  -9.3391799E-03  -8.8041776E-03   0.0000000E+00   0.0000000E+00
   5.6663189E-03  -9.7170194E+01   0.0000000E+00   1.8267397E-02  -9.4030280E-03  -8.8643692E-03   0.0000000E+00   0.0000000E+00
   5.7050513E-03  -9.7150634E+01   0.0000000E+00   1.8392265E-02  -9.4673025E-03  -8.9249629E-03   0.0000000E+00   0.0000000E+00
   5.7440425E-03  -9.7130950E+01   0.0000000E+00   1.8517967E-02  -9.5320062E-03  -8.9859612E-03   0.0000000E+00   0.0000000E+00
   5.7832940E-03  -9.7111141E+01   0.0000000E+00   1.8644509E-02  -9.5971421E-03  -9.0473669E-03   0.0000000E+00   0.0000000E+00
   5.8228077E-03  -9.7091205E+01   0.0000000E+00   1.8771896E-02  -9.6627130E-03  -9.1091827E-03   0.0000000E+00   0.0000000E+00
   5.8625852E-03  -9.7071142E+01   0.0000000E+00   1.8900133E-02  -9.7287218E-03  -9.1714114E-03   0.0000000E+00   0.0000000E+00
   5.9026285E-03  -9.7050952E+01   0.0000000E+00   1.9029227E-02  -9.7951715E-03  -9.2340557E-03   0.0000000E+00   0.0000000E+00
   5.9429391E-03  -9.7030633E+01   0.0000000E+00   1.9159183E-02  -9.8620649E-03  -9.2971184E-03   0.0000000E+00   0.0000000E+00
   5.9835190E-03  -9.7010186E+01   0.0000000E+00   1.9290007E-02  -9.9294051E-03  -9.3606023E-03   0.0000000E+00   0.0000000E+00
   6.0243699E-03  -9.6989608E+01   0.0000000E+00   1.9421705E-02  -9.9971950E-03  -9.4245102E-03   0.0000000E+00   0.0000000E+00
   6.0654936E-03  -9.6968900E+01   0.0000000E+00   1.9554283E-02  -1.0065438E-02  -9.4888450E-03   0.0000000E+00   0.0000000E+00
   6.1068920E-03  -9.6948061E+01   0.0000000E+00   1.9687745E-02  -1.0134136E-02  -9.5536094E-03   0.0000000E+00   0.0000000E+00
   6.1485669E-03  -9.6927090E+01   0.0000000E+00   1.9822100E-02  -1.0203293E-02  -9.6188064E-03   0.0000000E+00   0.0000000E+00
   6.1905201E-03  -9.6905987E+01   0.0000000E+00   1.9957351E-02  -1.0272912E-02  -9.6844388E-03   0.0000000E+00   0.0000000E+00
   6.2327535E-03  -9.6884749E+01   0.0000000E+00   2.0093506E-02  -1.0342996E-02  -9.7505096E-03   0.0000000E+00   0.0000000E+00
   6.2752689E-03  -9.6863378E+01   0.0000000E+00   2.0230570E-02  -1.0413549E-02  -9.8170216E-03   0.0000000E+00   0.0000000E+00
   6.3180683E-03  -9.6841872E+01   0.0000000E+00   2.0368550E-02  -1.0484572E-02  -9.8839779E-03   0.0000000E+00   0.0000000E+00
   6.3611536E-03  -9.6820230E+01   0.0000000E+00   2.0507451E-02  -1.0556069E-02  -9.9513814E-03   0.0000000E+00   0.0000000E+00
   6.4045266E-03  -9.6798452E+01   0.0000000E+00   2.0647280E-02  -1.0628044E-02  -1.0019235E-02   0.0000000E+00   0.0000000E+00
   6.4481892E-03  -9.6776536E+01   0.0000000E+00   2.0788042E-02  -1.0700500E-02  -1.0087542E-02   0.0000000E+00   0.0000000E+00
   6.4921435E-03  -9.6754483E+01   0.0000000E+00   2.0929745E-02  -1.0773440E-02  -1.0156305E-02   0.0000000E+00   0.0000000E+00
   6.5363913E-03  -9.6732291E+01   0.0000000E+00   2.1072394E-02  -1.0846867E-02  -1.0225527E-02   0.0000000E+00   0.0000000E+00
   6.5809347E-03  -9.6709959E+01   0.0000000E+00   2.1215996E-02  -1.0920784E-02  -1.0295212E-02   0.0000000E+00   0.0000000E+00
   6.6257755E-03  -9.6687487E+01   0.0000000E+00   2.1360557E-02  -1.0995195E-02  -1.0365362E-02   0.0000000E+00   0.0000000E+00
   6.6709158E-03  -9.6664875E+01   0.0000000E+00   2.1506083E-02  -1.1070102E-02  -1.0435981E-02   0.0000000E+00   0.0000000E+00
   6.7163576E-03  -9.6642120E+01   0.0000000E+00   2.1652582E-02  -1.1145510E-02  -1.0507071E-02   0.0000000E+00   0.0000000E+00
   6.7621028E-03  -9.6619223E+01   0.0000000E+00   2.1800058E-02  -1.1221422E-02  -1.0578636E-02   0.0000000E+00   0.0000000E+00
   6.8081536E-03  -9.6596183E+01   0.0000000E+00   2.1948520E-02  -1.1297841E-02  -1.0650679E-02   0.0000000E+00   0.0000000E+00
   6.8545120E-03  -9.6572999E+01   0.0000000E+00   2.2097973E-02  -1.1374770E-02  -1.0723204E-02   0.0000000E+00   0.0000000E+00
   6.9011799E-03  -9.6549670E+01   0.0000000E+00   2.2248425E-02  -1.1452212E-02  -1.0796212E-02   0.0000000E+00   0.0000000E+00
   6.9481596E-03  -9.6526195E+01   0.0000000E+00   2.2399881E-02  -1.1530172E-02  -1.0869709E-02   0.0000000E+00   0.0000000E+00
   6.9954530E-03  -9.6502574E+01   0.0000000E+00   2.2552349E-02  -1.1608653E-02  -1.0943696E-02   0.0000000E+00   0.0000000E+00
   7.0430622E-03  -9.6478806E+01   0.0000000E+00   2.2705835E-02  -1.1687658E-02  -1.1018177E-02   0.0000000E+00   0.0000000E+00
   7.0909894E-03  -9.6454890E+01   0.0000000E+00   2.2860346E-02  -1.1767190E-02  -1.1093156E-02   0.0000000E+00   0.0000000E+00
   7.1392367E-03  -9.6430825E+01   0.0000000E+00   2.3015889E-02  -1.1847254E-02  -1.1168635E-02   0.0000000E+00   0.0000000E+00
   7.1878063E-03  -9.6406611E+01   0.0000000E+00   2.3172471E-02  -1.1927852E-02  -1.1244619E-02   0.0000000E+00   0.0000000E+00
   7.2367002E-03  -9.6382246E+01   0.0000000E+00   2.3330099E-02  -1.2008988E-02  -1.1321110E-02   0.0000000E+00   0.0000000E+00
   7.2859206E-03  -9.6357730E+01   0.0000000E+00   2.3488779E-02  -1.2090667E-02  -1.1398112E-02   0.0000000E+00   0.0000000E+00
   7.3354698E-03  -9.6333062E+01   0.0000000E+00   2.3648519E-02  -1.2172890E-02  -1.1475629E-02   0.0000000E+00   0.0000000E+00
   7.3853499E-03  -9.6308242E+01   0.0000000E+00   2.3809326E-02  -1.2255663E-02  -1.1553663E-02   0.0000000E+00   0.0000000E+00
   7.4355631E-03  -9.6283268E+01   0.0000000E+00   2.3971207E-02  -1.2338989E-02  -1.1632218E-02   0.0000000E+00   0.0000000E+00
   7.4861117E-03  -9.6258139E+01   0.0000000E+00   2.4134170E-02  -1.2422871E-02  -1.1711298E-02   0.0000000E+00   0.0000000E+00
   7.5369979E-03  -9.6232856E+01   0.0000000E+00   2.4298220E-02  -1.2507314E-02  -1.1790906E-02   0.0000000E+00   0.0000000E+00
   7.5882239E-03  -9.6207416E+01   0.0000000E+00   2.4463366E-02  -1.2592320E-02  -1.1871046E-02   0.0000000E+00   0.0000000E+00
   7.6397921E-03  -9.6181820E+01   0.0000000E+00   2.4629616E-02  -1.2677894E-02  -1.1951721E-02   0.0000000E+00   0.0000000E+00
   7.6917046E-03  -9.6156066E+01   0.0000000E+00   2.4796975E-02  -1.2764040E-02  -1.2032935E-02   0.0000000E+00   0.0000000E+00
   7.7439639E-03  -9.6130154E+01   0.0000000E+00   2.4965452E-02  -1.2850761E-02  -1.2114692E-02   0.0000000E+00   0.0000000E+00
   7.7965722E-03  -9.6104083E+01   0.0000000E+00   2.5135055E-02  -1.2938061E-02  -1.2196994E-02   0.0000000E+00   0.0000000E+00
   7.8495318E-03  -9.6077851E+01   0.0000000E+00   2.5305790E-02  -1.3025944E-02  -1.2279846E-02   0.0000000E+00   0.0000000E+00
   7.9028452E-03  -9.6051459E+01   0.0000000E+00   2.5477666E-02  -1.3114414E-02  -1.2363252E-02   0.0000000E+00   0.0000000E+00
   7.9565146E-03  -9.6024905E+01   0.0000000E+00   2.5650689E-02  -1.3203475E-02  -1.2447215E-02   0.0000000E+00   0.0000000E+00
   8.0105424E-03  -9.5998188E+01   0.0000000E+00   2.5824868E-02  -1.3293130E-02  -1.2531738E-02   0.0000000E+00   0.0000000E+00
   8.0649311E-03  -9.5971309E+01   0.0000000E+00   2.6000211E-02  -1.3383385E-02  -1.2616826E-02   0.0000000E+00   0.0000000E+00
   8.1196830E-03  -9.5944265E+01   0.0000000E+00   2.6176724E-02  -1.3474242E-02  -1.2702482E-02   0.0000000E+00   0.0000000E+00
   8.1748006E-03  -9.5917056E+01   0.0000000E+00   2.6354416E-02  -1.3565706E-02  -1.2788711E-02   0.0000000E+00   0.0000000E+00
   8.2302863E-03  -9.5889681E+01   0.0000000E+00   2.6533295E-02  -1.3657780E-02  -1.2875515E-02   0.0000000E+00   0.0000000E+00
   8.2861425E-03  -9.5862139E+01   0.0000000E+00   2.6713369E-02  -1.3750470E-02  -1.2962899E-02   0.0000000E+00   0.0000000E+00
   8.3423718E-03  -9.5834430E+01   0.0000000E+00   2.6894645E-02  -1.3843779E-02  -1.3050867E-02   0.0000000E+00   0.0000000E+00
   8.3989767E-03  -9.5806553E+01   0.0000000E+00   2.7077133E-02  -1.3937710E-02  -1.3139422E-02   0.0000000E+00   0.0000000E+00
   8.4559595E-03  -9.5778506E+01   0.0000000E+00   2.7260838E-02  -1.4032269E-02  -1.3228569E-02   0.0000000E+00   0.0000000E+00
   8.5133230E-03  -9.5750289E+01   0.0000000E+00   2.7445771E-02  -1.4127460E-02  -1.3318311E-02   0.0000000E+00   0.0000000E+00
   8.5710695E-03  -9.5721902E+01   0.0000000E+00   2.7631939E-02  -1.4223286E-02  -1.3408653E-02   0.0000000E+00   0.0000000E+00
   8.6292018E-03  -9.5693342E+01   0.0000000E+00   2.7819350E-02  -1.4319753E-02  -1.3499598E-02   0.0000000E+00   0.0000000E+00
   8.6877222E-03  -9.5664610E+01   0.0000000E+00   2.8008013E-02  -1.4416863E-02  -1.3591150E-02   0.0000000E+00   0.0000000E+00
   8.7466336E-03  -9.5635705E+01   0.0000000E+00   2.8197936E-02  -1.4514622E-02  -1.3683314E-02   0.0000000E+00   0.0000000E+00
   8.8059383E-03  -9.5606625E+01   0.0000000E+00   2.8389128E-02  -1.4613034E-02  -1.3776094E-02   0.0000000E+00   0.0000000E+00
   8.8656391E-03  -9.5577370E+01   0.0000000E+00   2.8581596E-02  -1.4712103E-02  -1.3869493E-02   0.0000000E+00   0.0000000E+00
   8.9257387E-03  -9.5547939E+01   0.0000000E+00   2.8775350E-02  -1.4811834E-02  -1.3963516E-02   0.0000000E+00   0.0000000E+00
   8.9862396E-03  -9.5518331E+01   0.0000000E+00   2.8970398E-02  -1.4912231E-02  -1.4058167E-02   0.0000000E+00   0.0000000E+00
   9.0471446E-03  -9.5488545E+01   0.0000000E+00   2.9166749E-02  -1.5013298E-02  -1.4153450E-02   0.0000000E+00   0.0000000E+00
   9.1084564E-03  -9.5458581E+01   0.0000000E+00   2.9364410E-02  -1.5115040E-02  -1.4249370E-02   0.0000000E+00   0.0000000E+00
   9.1701776E-03  -9.5428437E+01   0.0000000E+00   2.9563393E-02  -1.5217462E-02  -1.4345930E-02   0.0000000E+00   0.0000000E+00
   9.2323111E-03  -9.5398113E+01   0.0000000E+00   2.9763704E-02  -1.5320568E-02  -1.4443136E-02   0.0000000E+00   0.0000000E+00
   9.2948595E-03  -9.5367607E+01   0.0000000E+00   2.9965352E-02  -1.5424362E-02  -1.4540990E-02   0.0000000E+00   0.0000000E+00
   9.3578257E-03  -9.5336919E+01   0.0000000E+00   3.0168348E-02  -1.5528850E-02  -1.4639499E-02   0.0000000E+00   0.0000000E+00
   9.4212124E-03  -9.5306048E+01   0.0000000E+00   3.0372699E-02  -1.5634035E-02  -1.4738665E-02   0.0000000E+00   0.0000000E+00
   9.4850224E-03  -9.5274994E+01   0.0000000E+00   3.0578416E-02  -1.5739922E-02  -1.4838493E-02   0.0000000E+00   0.0000000E+00
   9.5492586E-03  -9.5243754E+01   0.0000000E+00   3.0785506E-02  -1.5846517E-02  -1.4938989E-02   0.0000000E+00   0.0000000E+00
   9.6139238E-03  -9.5212329E+01   0.0000000E+00   3.0993979E-02  -1.5953824E-02  -1.5040155E-02   0.0000000E+00   0.0000000E+00
   9.6790209E-03  -9.5180717E+01   0.0000000E+00   3.1203845E-02  -1.6061847E-02  -1.5141997E-02   0.0000000E+00   0.0000000E+00
   9.7445527E-03  -9.5148918E+01   0.0000000E+00   3.1415112E-02  -1.6170592E-02  -1.5244520E-02   0.0000000E+00   0.0000000E+00
   9.8105222E-03  -9.5116931E+01   0.0000000E+00   3.1627790E-02  -1.6280063E-02  -1.5347727E-02   0.0000000E+00   0.0000000E+00
   9.8769323E-03  -9.5084754E+01   0.0000000E+00   3.1841889E-02  -1.6390265E-02  -1.5451624E-02   0.0000000E+00   0.0000000E+00
   9.9437859E-03  -9.5052387E+01   0.0000000E+00   3.2057417E-02  -1.6501203E-02  -1.5556214E-02   0.0000000E+00   0.0000000E+00
   1.0011086E-02  -9.5019829E+01   0.0000000E+00   3.2274386E-02  -1.6612882E-02  -1.5661504E-02   0.0000000E+00   0.0000000E+00
   1.0078836E-02  -9.4987079E+01   0.0000000E+00   3.2492803E-02  -1.6725307E-02  -1.5767496E-02   0.0000000E+00   0.0000000E+00
   1.0147038E-02  -9.4954136E+01   0.0000000E+00   3.2712679E-02  -1.6838482E-02  -1.5874196E-02   0.0000000E+00   0.0000000E+00
   1.0215695E-02  -9.4921000E+01   0.0000000E+00   3.2934023E-02  -1.6952414E-02  -1.5981610E-02   0.0000000E+00   0.0000000E+00
   1.0284811E-02  -9.4887669E+01   0.0000000E+00   3.3156846E-02  -1.7067106E-02  -1.6089740E-02   0.0000000E+00   0.0000000E+00
   1.0354389E-02  -9.4854142E+01   0.0000000E+00   3.3381157E-02  -1.7182564E-02  -1.6198593E-02   0.0000000E+00   0.0000000E+00
   1.0424431E-02  -9.4820419E+01   0.0000000E+00   3.3606966E-02  -1.7298793E-02  -1.6308173E-02   0.0000000E+00   0.0000000E+00
   1.0494942E-02  -9.4786499E+01   0.0000000E+00   3.3834283E-02  -1.7415798E-02  -1.6418485E-02   0.0000000E+00   0.0000000E+00
   1.0565923E-02  -9.4752380E+01   0.0000000E+00   3.4063119E-02  -1.7533585E-02  -1.6529534E-02   0.0000000E+00   0.0000000E+00
   1.0637378E-02  -9.4718062E+01   0.0000000E+00   3.4293482E-02  -1.7652158E-02  -1.6641324E-02   0.0000000E+00   0.0000000E+00
   1.0709310E-02  -9.4683544E+01   0.0000000E+00   3.4525385E-02  -1.7771524E-02  -1.6753861E-02   0.0000000E+00   0.0000000E+00
   1.0781723E-02  -9.4648825E+01   0.0000000E+00   3.4758836E-02  -1.7891686E-02  -1.6867150E-02   0.0000000E+00   0.0000000E+00
   1.0854619E-02  -9.4613904E+01   0.0000000E+00   3.4993846E-02  -1.8012651E-02  -1.6981195E-02   0.0000000E+00   0.0000000E+00
   1.0928003E-02  -9.4578780E+01   0.0000000E+00   3.5230426E-02  -1.8134423E-02  -1.7096003E-02   0.0000000E+00   0.0000000E+00
   1.1001876E-02  -9.4543452E+01   0.0000000E+00   3.5468586E-02  -1.8257009E-02  -1.7211577E-02   0.0000000E+00   0.0000000E+00
   1.1076243E-02  -9.4507920E+01   0.0000000E+00   3.5708337E-02  -1.8380414E-02  -1.7327923E-02   0.0000000E+00   0.0000000E+00
   1.1151106E-02  -9.4472181E+01   0.0000000E+00   3.5949689E-02  -1.8504642E-02  -1.7445046E-02   0.0000000E+00   0.0000000E+00
   1.1226469E-02  -9.4436237E+01   0.0000000E+00   3.6192653E-02  -1.8629701E-02  -1.7562952E-02   0.0000000E+00   0.0000000E+00
   1.1302336E-02  -9.4400084E+01   0.0000000E+00   3.6437239E-02  -1.8755594E-02  -1.7681645E-02   0.0000000E+00   0.0000000E+00
   1.1378709E-02  -9.4363724E+01   0.0000000E+00   3.6683459E-02  -1.8882328E-02  -1.7801131E-02   0.0000000E+00   0.0000000E+00
   1.1455593E-02  -9.4327153E+01   0.0000000E+00   3.6931324E-02  -1.9009908E-02  -1.7921415E-02   0.0000000E+00   0.0000000E+00
   1.1532990E-02  -9.4290373E+01   0.0000000E+00   3.7180844E-02  -1.9138341E-02  -1.8042503E-02   0.0000000E+00   0.0000000E+00
   1.1610904E-02  -9.4253381E+01   0.0000000E+00   3.7432030E-02  -1.9267631E-02  -1.8164399E-02   0.0000000E+00   0.0000000E+00
   1.1689338E-02  -9.4216177E+01   0.0000000E+00   3.7684895E-02  -1.9397785E-02  -1.8287110E-02   0.0000000E+00   0.0000000E+00
   1.1768296E-02  -9.4178760E+01   0.0000000E+00   3.7939448E-02  -1.9528807E-02  -1.8410640E-02   0.0000000E+00   0.0000000E+00
   1.1847781E-02  -9.4141128E+01   0.0000000E+00   3.8195701E-02  -1.9660705E-02  -1.8534996E-02   0.0000000E+00   0.0000000E+00
   1.1927798E-02  -9.4103282E+01   0.0000000E+00   3.8453665E-02  -1.9793484E-02  -1.8660182E-02   0.0000000E+00   0.0000000E+00
   1.2008348E-02  -9.4065219E+01   0.0000000E+00   3.8713353E-02  -1.9927149E-02  -1.8786204E-02   0.0000000E+00   0.0000000E+00
   1.2089437E-02  -9.4026939E+01   0.0000000E+00   3.8974775E-02  -2.0061707E-02  -1.8913068E-02   0.0000000E+00   0.0000000E+00
   1.2171067E-02  -9.3988442E+01   0.0000000E+00   3.9237943E-02  -2.0197163E-02  -1.9040780E-02   0.0000000E+00   0.0000000E+00
   1.2253242E-02  -9.3949725E+01   0.0000000E+00   3.9502869E-02  -2.0333524E-02  -1.9169344E-02   0.0000000E+00   0.0000000E+00
   1.2335966E-02  -9.3910789E+01   0.0000000E+00   3.9769564E-02  -2.0470796E-02  -1.9298768E-02   0.0000000E+00   0.0000000E+00
   1.2419243E-02  -9.3871632E+01   0.0000000E+00   4.0038040E-02  -2.0608984E-02  -1.9429056E-02   0.0000000E+00   0.0000000E+00
   1.2503076E-02  -9.3832253E+01   0.0000000E+00   4.0308309E-02  -2.0748095E-02  -1.9560214E-02   0.0000000E+00   0.0000000E+00
   1.2587468E-02  -9.3792651E+01   0.0000000E+00   4.0580384E-02  -2.0888136E-02  -1.9692248E-02   0.0000000E+00   0.0000000E+00
   1.2672425E-02  -9.3752825E+01   0.0000000E+00   4.0854275E-02  -2.1029111E-02  -1.9825164E-02   0.0000000E+00   0.0000000E+00
   1.2757948E-02  -9.3712775E+01   0.0000000E+00   4.1129996E-02  -2.1171028E-02  -1.9958968E-02   0.0000000E+00   0.0000000E+00
   1.2844043E-02  -9.3672499E+01   0.0000000E+00   4.1407559E-02  -2.1313892E-02  -2.0093666E-02   0.0000000E+00   0.0000000E+00
   1.2930713E-02  -9.3631996E+01   0.0000000E+00   4.1686975E-02  -2.1457711E-02  -2.0229264E-02   0.0000000E+00   0.0000000E+00
   1.3017962E-02  -9.3591265E+01   0.0000000E+00   4.1968257E-02  -2.1602490E-02  -2.0365768E-02   0.0000000E+00   0.0000000E+00
   1.3105793E-02  -9.3550306E+01   0.0000000E+00   4.2251418E-02  -2.1748236E-02  -2.0503183E-02   0.0000000E+00   0.0000000E+00
   1.3194211E-02  -9.3509117E+01   0.0000000E+00   4.2536471E-02  -2.1894955E-02  -2.0641516E-02   0.0000000E+00   0.0000000E+00
   1.3283220E-02  -9.3467697E+01   0.0000000E+00   4.2823427E-02  -2.2042654E-02  -2.0780773E-02   0.0000000E+00   0.0000000E+00
   1.3372823E-02  -9.3426046E+01   0.0000000E+00   4.3112300E-02  -2.2191339E-02  -2.0920961E-02   0.0000000E+00   0.0000000E+00
   1.3463024E-02  -9.3384162E+01   0.0000000E+00   4.3403102E-02  -2.2341017E-02  -2.1062085E-02   0.0000000E+00   0.0000000E+00
   1.3553828E-02  -9.3342045E+01   0.0000000E+00   4.3695846E-02  -2.2491694E-02  -2.1204151E-02   0.0000000E+00   0.0000000E+00
   1.3645239E-02  -9.3299692E+01   0.0000000E+00   4.3990545E-02  -2.2643378E-02  -2.1347167E-02   0.0000000E+00   0.0000000E+00
   1.3737259E-02  -9.3257104E+01   0.0000000E+00   4.4287213E-02  -2.2796075E-02  -2.1491138E-02   0.0000000E+00   0.0000000E+00
   1.3829895E-02  -9.3214280E+01   0.0000000E+00   4.4585862E-02  -2.2949792E-02  -2.1636071E-02   0.0000000E+00   0.0000000E+00
   1.3923149E-02  -9.3171217E+01   0.0000000E+00   4.4886506E-02  -2.3104535E-02  -2.1781972E-02   0.0000000E+00   0.0000000E+00
   1.4017026E-02  -9.3127916E+01   0.0000000E+00   4.5189158E-02  -2.3260311E-02  -2.1928847E-02   0.0000000E+00   0.0000000E+00
   1.4111529E-02  -9.3084376E+01   0.0000000E+00   4.5493831E-02  -2.3417127E-02  -2.2076704E-02   0.0000000E+00   0.0000000E+00
   1.4206664E-02  -9.3040594E+01   0.0000000E+00   4.5800540E-02  -2.3574991E-02  -2.2225548E-02   0.0000000E+00   0.0000000E+00
   1.4302435E-02  -9.2996571E+01   0.0000000E+00   4.6109296E-02  -2.3733909E-02  -2.2375387E-02   0.0000000E+00   0.0000000E+00
   1.4398845E-02  -9.2952305E+01   0.0000000E+00   4.6420115E-02  -2.3893888E-02  -2.2526227E-02   0.0000000E+00   0.0000000E+00
   1.4495899E-02  -9.2907795E+01   0.0000000E+00   4.6733010E-02  -2.4054936E-02  -2.2678074E-02   0.0000000E+00   0.0000000E+00
   1.4593601E-02  -9.2863040E+01   0.0000000E+00   4.7047994E-02  -2.4217059E-02  -2.2830936E-02   0.0000000E+00   0.0000000E+00
   1.4691955E-02  -9.2818039E+01   0.0000000E+00   4.7365083E-02  -2.4380264E-02  -2.2984819E-02   0.0000000E+00   0.0000000E+00
   1.4790967E-02  -9.2772792E+01   0.0000000E+00   4.7684289E-02  -2.4544560E-02  -2.3139729E-02   0.0000000E+00   0.0000000E+00
   1.4890639E-02  -9.2727296E+01   0.0000000E+00   4.8005627E-02  -2.4709952E-02  -2.3295675E-02   0.0000000E+00   0.0000000E+00
   1.4990978E-02  -9.2681551E+01   0.0000000E+00   4.8329112E-02  -2.4876449E-02  -2.3452662E-02   0.0000000E+00   0.0000000E+00
   1.5091986E-02  -9.2635556E+01   0.0000000E+00   4.8654756E-02  -2.5044058E-02  -2.3610698E-02   0.0000000E+00   0.0000000E+00
   1.5193669E-02  -9.2589311E+01   0.0000000E+00   4.8982576E-02  -2.5212786E-02  -2.3769790E-02   0.0000000E+00   0.0000000E+00
   1.5296032E-02  -9.2542812E+01   0.0000000E+00   4.9312586E-02  -2.5382641E-02  -2.3929945E-02   0.0000000E+00   0.0000000E+00
   1.5399077E-02  -9.2496061E+01   0.0000000E+00   4.9644799E-02  -2.5553630E-02  -2.4091169E-02   0.0000000E+00   0.0000000E+00
   1.5502811E-02  -9.2449055E+01   0.0000000E+00   4.9979232E-02  -2.5725761E-02  -2.4253471E-02   0.0000000E+00   0.0000000E+00
   1.5607238E-02  -9.2401794E+01   0.0000000E+00   5.0315898E-02  -2.5899041E-02  -2.4416857E-02   0.0000000E+00   0.0000000E+00
   1.5712363E-02  -9.2354277E+01   0.0000000E+00   5.0654812E-02  -2.6073478E-02  -2.4581334E-02   0.0000000E+00   0.0000000E+00
   1.5818189E-02  -9.2306502E+01   0.0000000E+00   5.0995991E-02  -2.6249081E-02  -2.4746910E-02   0.0000000E+00   0.0000000E+00
   1.5924722E-02  -9.2258468E+01   0.0000000E+00   5.1339448E-02  -2.6425855E-02  -2.4913592E-02   0.0000000E+00   0.0000000E+00
   1.6031967E-02  -9.2210175E+01   0.0000000E+00   5.1685199E-02  -2.6603811E-02  -2.5081388E-02   0.0000000E+00   0.0000000E+00
   1.6139928E-02  -9.2161621E+01   0.0000000E+00   5.2033259E-02  -2.6782954E-02  -2.5250305E-02   0.0000000E+00   0.0000000E+00
   1.6248610E-02  -9.2112805E+01   0.0000000E+00   5.2383644E-02  -2.6963294E-02  -2.5420350E-02   0.0000000E+00   0.0000000E+00
   1.6358017E-02  -9.2063726E+01   0.0000000E+00   5.2736369E-02  -2.7144838E-02  -2.5591531E-02   0.0000000E+00   0.0000000E+00
   1.6468156E-02  -9.2014383E+01   0.0000000E+00   5.3091450E-02  -2.7327594E-02  -2.5763856E-02   0.0000000E+00   0.0000000E+00
   1.6579030E-02  -9.1964775E+01   0.0000000E+00   5.3448903E-02  -2.7511571E-02  -2.5937332E-02   0.0000000E+00   0.0000000E+00
   1.6690644E-02  -9.1914900E+01   0.0000000E+00   5.3808743E-02  -2.7696776E-02  -2.6111967E-02   0.0000000E+00   0.0000000E+00
   1.6803004E-02  -9.1864758E+01   0.0000000E+00   5.4170987E-02  -2.7883218E-02  -2.6287769E-02   0.0000000E+00   0.0000000E+00
   1.6916115E-02  -9.1814348E+01   0.0000000E+00   5.4535650E-02  -2.8070905E-02  -2.6464745E-02   0.0000000E+00   0.0000000E+00
   1.7029980E-02  -9.1763668E+01   0.0000000E+00   5.4902749E-02  -2.8259845E-02  -2.6642903E-02   0.0000000E+00   0.0000000E+00
   1.7144607E-02  -9.1712718E+01   0.0000000E+00   5.5272299E-02  -2.8450047E-02  -2.6822252E-02   0.0000000E+00   0.0000000E+00
   1.7259999E-02  -9.1661495E+01   0.0000000E+00   5.5644318E-02  -2.8641519E-02  -2.7002799E-02   0.0000000E+00   0.0000000E+00
   1.7376161E-02  -9.1610000E+01   0.0000000E+00   5.6018821E-02  -2.8834269E-02  -2.7184552E-02   0.0000000E+00   0.0000000E+00
   1.7493099E-02  -9.1558231E+01   0.0000000E+00   5.6395826E-02  -2.9028307E-02  -2.7367520E-02   0.0000000E+00   0.0000000E+00
   1.7610819E-02  -9.1506186E+01   0.0000000E+00   5.6775349E-02  -2.9223640E-02  -2.7551709E-02   0.0000000E+00   0.0000000E+00
   1.7729324E-02  -9.1453865E+01   0.0000000E+00   5.7157407E-02  -2.9420277E-02  -2.7737130E-02   0.0000000E+00   0.0000000E+00
   1.7848621E-02  -9.1401266E+01   0.0000000E+00   5.7542017E-02  -2.9618228E-02  -2.7923789E-02   0.0000000E+00   0.0000000E+00
   1.7968715E-02  -9.1348389E+01   0.0000000E+00   5.7929195E-02  -2.9817500E-02  -2.8111695E-02   0.0000000E+00   0.0000000E+00
   1.8089610E-02  -9.1295232E+01   0.0000000E+00   5.8318960E-02  -3.0018103E-02  -2.8300857E-02   0.0000000E+00   0.0000000E+00
   1.8211314E-02  -9.1241794E+01   0.0000000E+00   5.8711327E-02  -3.0220045E-02  -2.8491282E-02   0.0000000E+00   0.0000000E+00
   1.8333830E-02  -9.1188074E+01   0.0000000E+00   5.9106316E-02  -3.0423336E-02  -2.8682980E-02   0.0000000E+00   0.0000000E+00
   1.8457164E-02  -9.1134071E+01   0.0000000E+00   5.9503943E-02  -3.0627984E-02  -2.8875958E-02   0.0000000E+00   0.0000000E+00
   1.8581322E-02  -9.1079783E+01   0.0000000E+00   5.9904225E-02  -3.0833999E-02  -2.9070226E-02   0.0000000E+00   0.0000000E+00
   1.8706309E-02  -9.1025209E+01   0.0000000E+00   6.0307181E-02  -3.1041389E-02  -2.9265792E-02   0.0000000E+00   0.0000000E+00
   1.8832131E-02  -9.0970349E+01   0.0000000E+00   6.0712829E-02  -3.1250165E-02  -2.9462664E-02   0.0000000E+00   0.0000000E+00
   1.8958793E-02  -9.0915201E+01   0.0000000E+00   6.1121186E-02  -3.1460334E-02  -2.9660852E-02   0.0000000E+00   0.0000000E+00
   1.9086301E-02  -9.0859764E+01   0.0000000E+00   6.1532270E-02  -3.1671906E-02  -2.9860364E-02   0.0000000E+00   0.0000000E+00
   1.9214661E-02  -9.0804036E+01   0.0000000E+00   6.1946100E-02  -3.1884891E-02  -3.0061209E-02   0.0000000E+00   0.0000000E+00
   1.9343878E-02  -9.0748017E+01   0.0000000E+00   6.2362694E-02  -3.2099299E-02  -3.0263395E-02   0.0000000E+00   0.0000000E+00
   1.9473958E-02  -9.0691705E+01   0.0000000E+00   6.2782071E-02  -3.2315138E-02  -3.0466933E-02   0.0000000E+00   0.0000000E+00
   1.9604906E-02  -9.0635099E+01   0.0000000E+00   6.3204249E-02  -3.2532418E-02  -3.0671831E-02   0.0000000E+00   0.0000000E+00
   1.9736730E-02  -9.0578198E+01   0.0000000E+00   6.3629246E-02  -3.2751149E-02  -3.0878097E-02   0.0000000E+00   0.0000000E+00
   1.9869433E-02  -9.0521000E+01   0.0000000E+00   6.4057082E-02  -3.2971340E-02  -3.1085742E-02   0.0000000E+00   0.0000000E+00
   2.0003023E-02  -9.0463505E+01   0.0000000E+00   6.4487776E-02  -3.3193002E-02  -3.1294774E-02   0.0000000E+00   0.0000000E+00
   2.0137505E-02  -9.0405712E+01   0.0000000E+00   6.4921347E-02  -3.3416144E-02  -3.1505203E-02   0.0000000E+00   0.0000000E+00
   2.0272886E-02  -9.0347618E+01   0.0000000E+00   6.5357814E-02  -3.3640776E-02  -3.1717038E-02   0.0000000E+00   0.0000000E+00
   2.0409170E-02  -9.0289223E+01   0.0000000E+00   6.5797195E-02  -3.3866907E-02  -3.1930288E-02   0.0000000E+00   0.0000000E+00
   2.0546365E-02  -9.0230526E+01   0.0000000E+00   6.6239512E-02  -3.4094548E-02  -3.2144964E-02   0.0000000E+00   0.0000000E+00
   2.0684476E-02  -9.0171525E+01   0.0000000E+00   6.6684783E-02  -3.4323710E-02  -3.2361073E-02   0.0000000E+00   0.0000000E+00
   2.0823509E-02  -9.0112220E+01   0.0000000E+00   6.7133028E-02  -3.4554401E-02  -3.2578627E-02   0.0000000E+00   0.0000000E+00
   2.0963471E-02  -9.0052608E+01   0.0000000E+00   6.7584267E-02  -3.4786633E-02  -3.2797634E-02   0.0000000E+00   0.0000000E+00
   2.1104368E-02  -8.9992689E+01   0.0000000E+00   6.8038520E-02  -3.5020415E-02  -3.3018105E-02   0.0000000E+00   0.0000000E+00
   2.1246205E-02  -8.9932461E+01   0.0000000E+00   6.8495807E-02  -3.5255759E-02  -3.3240048E-02   0.0000000E+00   0.0000000E+00
   2.1388990E-02  -8.9871924E+01   0.0000000E+00   6.8956149E-02  -3.5492673E-02  -3.3463475E-02   0.0000000E+00   0.0000000E+00
   2.1532729E-02  -8.9811075E+01   0.0000000E+00   6.9419565E-02  -3.5731170E-02  -3.3688395E-02   0.0000000E+00   0.0000000E+00
   2.1677427E-02  -8.9749914E+01   0.0000000E+00   6.9886076E-02  -3.5971259E-02  -3.3914818E-02   0.0000000E+00   0.0000000E+00
   2.1823092E-02  -8.9688440E+01   0.0000000E+00   7.0355704E-02  -3.6212950E-02  -3.4142754E-02   0.0000000E+00   0.0000000E+00
   2.1969730E-02  -8.9626651E+01   0.0000000E+00   7.0828468E-02  -3.6456256E-02  -3.4372212E-02   0.0000000E+00   0.0000000E+00
   2.2117347E-02  -8.9564545E+01   0.0000000E+00   7.1304391E-02  -3.6701186E-02  -3.4603205E-02   0.0000000E+00   0.0000000E+00
   2.2265950E-02  -8.9502123E+01   0.0000000E+00   7.1783492E-02  -3.6947751E-02  -3.4835740E-02   0.0000000E+00   0.0000000E+00
   2.2415546E-02  -8.9439382E+01   0.0000000E+00   7.2265793E-02  -3.7195963E-02  -3.5069830E-02   0.0000000E+00   0.0000000E+00
   2.2566140E-02  -8.9376321E+01   0.0000000E+00   7.2751315E-02  -3.7445832E-02  -3.5305484E-02   0.0000000E+00   0.0000000E+00
   2.2717740E-02  -8.9312939E+01   0.0000000E+00   7.3240081E-02  -3.7697369E-02  -3.5542712E-02   0.0000000E+00   0.0000000E+00
   2.2870353E-02  -8.9249234E+01   0.0000000E+00   7.3732111E-02  -3.7950585E-02  -3.5781526E-02   0.0000000E+00   0.0000000E+00
   2.3023985E-02  -8.9185206E+01   0.0000000E+00   7.4227428E-02  -3.8205492E-02  -3.6021936E-02   0.0000000E+00   0.0000000E+00
   2.3178643E-02  -8.9120854E+01   0.0000000E+00   7.4726054E-02  -3.8462101E-02  -3.6263952E-02   0.0000000E+00   0.0000000E+00
   2.3334334E-02  -8.9056174E+01   0.0000000E+00   7.5228009E-02  -3.8720424E-02  -3.6507586E-02   0.0000000E+00   0.0000000E+00
   2.3491065E-02  -8.8991168E+01   0.0000000E+00   7.5733318E-02  -3.8980471E-02  -3.6752847E-02   0.0000000E+00   0.0000000E+00
   2.3648843E-02  -8.8925833E+01   0.0000000E+00   7.6242002E-02  -3.9242254E-02  -3.6999748E-02   0.0000000E+00   0.0000000E+00
   2.3807674E-02  -8.8860168E+01   0.0000000E+00   7.6754083E-02  -3.9505785E-02  -3.7248299E-02   0.0000000E+00   0.0000000E+00
   2.3967566E-02  -8.8794171E+01   0.0000000E+00   7.7269586E-02  -3.9771075E-02  -3.7498511E-02   0.0000000E+00   0.0000000E+00
   2.4128526E-02  -8.8727842E+01   0.0000000E+00   7.7788531E-02  -4.0038136E-02  -3.7750394E-02   0.0000000E+00   0.0000000E+00
   2.4290561E-02  -8.8661179E+01   0.0000000E+00   7.8310943E-02  -4.0306981E-02  -3.8003962E-02   0.0000000E+00   0.0000000E+00
   2.4453678E-02  -8.8594182E+01   0.0000000E+00   7.8836844E-02  -4.0577620E-02  -3.8259223E-02   0.0000000E+00   0.0000000E+00
   2.4617884E-02  -8.8526848E+01   0.0000000E+00   7.9366258E-02  -4.0850066E-02  -3.8516191E-02   0.0000000E+00   0.0000000E+00
   2.4783188E-02  -8.8459176E+01   0.0000000E+00   7.9899208E-02  -4.1124332E-02  -3.8774876E-02   0.0000000E+00   0.0000000E+00
   2.4949595E-02  -8.8391165E+01   0.0000000E+00   8.0435718E-02  -4.1400428E-02  -3.9035290E-02   0.0000000E+00   0.0000000E+00
   2.5117113E-02  -8.8322814E+01   0.0000000E+00   8.0975812E-02  -4.1678367E-02  -3.9297445E-02   0.0000000E+00   0.0000000E+00
   2.5285751E-02  -8.8254122E+01   0.0000000E+00   8.1519513E-02  -4.1958162E-02  -3.9561351E-02   0.0000000E+00   0.0000000E+00
   2.5455514E-02  -8.8185087E+01   0.0000000E+00   8.2066846E-02  -4.2239825E-02  -3.9827021E-02   0.0000000E+00   0.0000000E+00
   2.5626412E-02  -8.8115708E+01   0.0000000E+00   8.2617835E-02  -4.2523368E-02  -4.0094467E-02   0.0000000E+00   0.0000000E+00
   2.5798450E-02  -8.8045984E+01   0.0000000E+00   8.3172505E-02  -4.2808805E-02  -4.0363700E-02   0.0000000E+00   0.0000000E+00
   2.5971638E-02  -8.7975914E+01   0.0000000E+00   8.3730879E-02  -4.3096146E-02  -4.0634733E-02   0.0000000E+00   0.0000000E+00
   2.6145983E-02  -8.7905495E+01   0.0000000E+00   8.4292984E-02  -4.3385407E-02  -4.0907577E-02   0.0000000E+00   0.0000000E+00
   2.6321491E-02  -8.7834728E+01   0.0000000E+00   8.4858843E-02  -4.3676598E-02  -4.1182245E-02   0.0000000E+00   0.0000000E+00
   2.6498172E-02  -8.7763610E+01   0.0000000E+00   8.5428482E-02  -4.3969733E-02  -4.1458749E-02   0.0000000E+00   0.0000000E+00
   2.6676033E-02  -8.7692141E+01   0.0000000E+00   8.6001925E-02  -4.4264825E-02  -4.1737100E-02   0.0000000E+00   0.0000000E+00
   2.6855082E-02  -8.7620319E+01   0.0000000E+00   8.6579200E-02  -4.4561887E-02  -4.2017313E-02   0.0000000E+00   0.0000000E+00
   2.7035327E-02  -8.7548144E+01   0.0000000E+00   8.7160330E-02  -4.4860932E-02  -4.2299398E-02   0.0000000E+00   0.0000000E+00
   2.7216775E-02  -8.7475613E+01   0.0000000E+00   8.7745342E-02  -4.5161973E-02  -4.2583368E-02   0.0000000E+00   0.0000000E+00
   2.7399435E-02  -8.7402725E+01   0.0000000E+00   8.8334262E-02  -4.5465025E-02  -4.2869237E-02   0.0000000E+00   0.0000000E+00
   2.7583315E-02  -8.7329480E+01   0.0000000E+00   8.8927116E-02  -4.5770099E-02  -4.3157017E-02   0.0000000E+00   0.0000000E+00
   2.7768424E-02  -8.7255876E+01   0.0000000E+00   8.9523929E-02  -4.6077210E-02  -4.3446720E-02   0.0000000E+00   0.0000000E+00
   2.7954768E-02  -8.7181911E+01   0.0000000E+00   9.0124730E-02  -4.6386370E-02  -4.3738360E-02   0.0000000E+00   0.0000000E+00
   2.8142357E-02  -8.7107586E+01   0.0000000E+00   9.0729544E-02  -4.6697595E-02  -4.4031949E-02   0.0000000E+00   0.0000000E+00
   2.8331199E-02  -8.7032898E+01   0.0000000E+00   9.1338398E-02  -4.7010897E-02  -4.4327500E-02   0.0000000E+00   0.0000000E+00
   2.8521302E-02  -8.6957846E+01   0.0000000E+00   9.1951318E-02  -4.7326291E-02  -4.4625027E-02   0.0000000E+00   0.0000000E+00
   2.8712675E-02  -8.6882429E+01   0.0000000E+00   9.2568334E-02  -4.7643790E-02  -4.4924543E-02   0.0000000E+00   0.0000000E+00
   2.8905326E-02  -8.6806646E+01   0.0000000E+00   9.3189470E-02  -4.7963409E-02  -4.5226062E-02   0.0000000E+00   0.0000000E+00
   2.9099263E-02  -8.6730496E+01   0.0000000E+00   9.3814756E-02  -4.8285161E-02  -4.5529596E-02   0.0000000E+00   0.0000000E+00
   2.9294496E-02  -8.6653978E+01   0.0000000E+00   9.4444219E-02  -4.8609060E-02  -4.5835159E-02   0.0000000E+00   0.0000000E+00
   2.9491032E-02  -8.6577090E+01   0.0000000E+00   9.5077887E-02  -4.8935122E-02  -4.6142764E-02   0.0000000E+00   0.0000000E+00
   2.9688882E-02  -8.6499832E+01   0.0000000E+00   9.5715787E-02  -4.9263361E-02  -4.6452426E-02   0.0000000E+00   0.0000000E+00
   2.9888052E-02  -8.6422202E+01   0.0000000E+00   9.6357949E-02  -4.9593790E-02  -4.6764158E-02   0.0000000E+00   0.0000000E+00
   3.0088553E-02  -8.6344199E+01   0.0000000E+00   9.7004400E-02  -4.9926425E-02  -4.7077975E-02   0.0000000E+00   0.0000000E+00
   3.0290393E-02  -8.6265822E+01   0.0000000E+00   9.7655170E-02  -5.0261281E-02  -4.7393889E-02   0.0000000E+00   0.0000000E+00
   3.0493580E-02  -8.6187071E+01   0.0000000E+00   9.8310286E-02  -5.0598371E-02  -4.7711915E-02   0.0000000E+00   0.0000000E+00
   3.0698125E-02  -8.6107943E+01   0.0000000E+00   9.8969779E-02  -5.0937712E-02  -4.8032067E-02   0.0000000E+00   0.0000000E+00
   3.0904036E-02  -8.6028439E+01   0.0000000E+00   9.9633678E-02  -5.1279318E-02  -4.8354360E-02   0.0000000E+00   0.0000000E+00
   3.1111322E-02  -8.5948557E+01   0.0000000E+00   1.0030201E-01  -5.1623203E-02  -4.8678808E-02   0.0000000E+00   0.0000000E+00
   3.1319993E-02  -8.5868296E+01   0.0000000E+00   1.0097481E-01  -5.1969385E-02  -4.9005424E-02   0.0000000E+00   0.0000000E+00
   3.1530057E-02  -8.5787655E+01   0.0000000E+00   1.0165210E-01  -5.2317876E-02  -4.9334225E-02   0.0000000E+00   0.0000000E+00
   3.1741524E-02  -8.5706634E+01   0.0000000E+00   1.0233392E-01  -5.2668694E-02  -4.9665224E-02   0.0000000E+00   0.0000000E+00
   3.1954404E-02  -8.5625231E+01   0.0000000E+00   1.0302029E-01  -5.3021854E-02  -4.9998436E-02   0.0000000E+00   0.0000000E+00
   3.2168705E-02  -8.5543446E+01   0.0000000E+00   1.0371125E-01  -5.3377371E-02  -5.0333876E-02   0.0000000E+00   0.0000000E+00
   3.2384437E-02  -8.5461278E+01   0.0000000E+00   1.0440682E-01  -5.3735260E-02  -5.0671558E-02   0.0000000E+00   0.0000000E+00
   3.2601610E-02  -8.5378726E+01   0.0000000E+00   1.0510704E-01  -5.4095539E-02  -5.1011499E-02   0.0000000E+00   0.0000000E+00
   3.2820234E-02  -8.5295790E+01   0.0000000E+00   1.0581193E-01  -5.4458221E-02  -5.1353712E-02   0.0000000E+00   0.0000000E+00
   3.3040318E-02  -8.5212468E+01   0.0000000E+00   1.0652154E-01  -5.4823325E-02  -5.1698214E-02   0.0000000E+00   0.0000000E+00
   3.3261871E-02  -8.5128760E+01   0.0000000E+00   1.0723589E-01  -5.5190866E-02  -5.2045020E-02   0.0000000E+00   0.0000000E+00
   3.3484904E-02  -8.5044666E+01   0.0000000E+00   1.0795500E-01  -5.5560859E-02  -5.2394144E-02   0.0000000E+00   0.0000000E+00
   3.3709427E-02  -8.4960185E+01   0.0000000E+00   1.0867893E-01  -5.5933322E-02  -5.2745603E-02   0.0000000E+00   0.0000000E+00
   3.3935450E-02  -8.4875316E+01   0.0000000E+00   1.0940768E-01  -5.6308271E-02  -5.3099413E-02   0.0000000E+00   0.0000000E+00
   3.4162981E-02  -8.4790060E+01   0.0000000E+00   1.1014131E-01  -5.6685722E-02  -5.3455588E-02   0.0000000E+00   0.0000000E+00
   3.4392033E-02  -8.4704415E+01   0.0000000E+00   1.1087984E-01  -5.7065692E-02  -5.3814145E-02   0.0000000E+00   0.0000000E+00
   3.4622614E-02  -8.4618381E+01   0.0000000E+00   1.1162330E-01  -5.7448198E-02  -5.4175100E-02   0.0000000E+00   0.0000000E+00
   3.4854735E-02  -8.4531959E+01   0.0000000E+00   1.1237173E-01  -5.7833257E-02  -5.4538469E-02   0.0000000E+00   0.0000000E+00
   3.5088407E-02  -8.4445147E+01   0.0000000E+00   1.1312515E-01  -5.8220886E-02  -5.4904268E-02   0.0000000E+00   0.0000000E+00
   3.5323639E-02  -8.4357946E+01   0.0000000E+00   1.1388361E-01  -5.8611101E-02  -5.5272513E-02   0.0000000E+00   0.0000000E+00
   3.5560442E-02  -8.4270356E+01   0.0000000E+00   1.1464714E-01  -5.9003921E-02  -5.5643221E-02   0.0000000E+00   0.0000000E+00
   3.5798827E-02  -8.4182376E+01   0.0000000E+00   1.1541577E-01  -5.9399362E-02  -5.6016408E-02   0.0000000E+00   0.0000000E+00
   3.6038803E-02  -8.4094007E+01   0.0000000E+00   1.1618953E-01  -5.9797443E-02  -5.6392091E-02   0.0000000E+00   0.0000000E+00
   3.6280383E-02  -8.4005249E+01   0.0000000E+00   1.1696847E-01  -6.0198180E-02  -5.6770287E-02   0.0000000E+00   0.0000000E+00
   3.6523575E-02  -8.3916102E+01   0.0000000E+00   1.1775260E-01  -6.0601591E-02  -5.7151013E-02   0.0000000E+00   0.0000000E+00
   3.6768392E-02  -8.3826565E+01   0.0000000E+00   1.1854198E-01  -6.1007694E-02  -5.7534285E-02   0.0000000E+00   0.0000000E+00
   3.7014845E-02  -8.3736641E+01   0.0000000E+00   1.1933663E-01  -6.1416507E-02  -5.7920120E-02   0.0000000E+00   0.0000000E+00
   3.7262943E-02  -8.3646328E+01   0.0000000E+00   1.2013659E-01  -6.1828049E-02  -5.8308536E-02   0.0000000E+00   0.0000000E+00
   3.7512698E-02  -8.3555627E+01   0.0000000E+00   1.2094189E-01  -6.2242336E-02  -5.8699551E-02   0.0000000E+00   0.0000000E+00
   3.7764121E-02  -8.3464539E+01   0.0000000E+00   1.2175257E-01  -6.2659388E-02  -5.9093181E-02   0.0000000E+00   0.0000000E+00
   3.8017223E-02  -8.3373064E+01   0.0000000E+00   1.2256867E-01  -6.3079223E-02  -5.9489444E-02   0.0000000E+00   0.0000000E+00
   3.8272015E-02  -8.3281203E+01   0.0000000E+00   1.2339022E-01  -6.3501860E-02  -5.9888357E-02   0.0000000E+00   0.0000000E+00
   3.8528510E-02  -8.3188956E+01   0.0000000E+00   1.2421726E-01  -6.3927317E-02  -6.0289940E-02   0.0000000E+00   0.0000000E+00
   3.8786717E-02  -8.3096325E+01   0.0000000E+00   1.2504982E-01  -6.4355613E-02  -6.0694208E-02   0.0000000E+00   0.0000000E+00
   3.9046649E-02  -8.3003310E+01   0.0000000E+00   1.2588795E-01  -6.4786766E-02  -6.1101181E-02   0.0000000E+00   0.0000000E+00
   3.9308316E-02  -8.2909911E+01   0.0000000E+00   1.2673167E-01  -6.5220797E-02  -6.1510877E-02   0.0000000E+00   0.0000000E+00
   3.9571732E-02  -8.2816131E+01   0.0000000E+00   1.2758104E-01  -6.5657723E-02  -6.1923314E-02   0.0000000E+00   0.0000000E+00
   3.9836906E-02  -8.2721968E+01   0.0000000E+00   1.2843607E-01  -6.6097565E-02  -6.2338509E-02   0.0000000E+00   0.0000000E+00
   4.0103852E-02  -8.2627426E+01   0.0000000E+00   1.2929682E-01  -6.6540342E-02  -6.2756483E-02   0.0000000E+00   0.0000000E+00
   4.0372580E-02  -8.2532503E+01   0.0000000E+00   1.3016333E-01  -6.6986073E-02  -6.3177253E-02   0.0000000E+00   0.0000000E+00
   4.0643103E-02  -8.2437202E+01   0.0000000E+00   1.3103562E-01  -6.7434777E-02  -6.3600839E-02   0.0000000E+00   0.0000000E+00
   4.0915433E-02  -8.2341523E+01   0.0000000E+00   1.3191373E-01  -6.7886476E-02  -6.4027258E-02   0.0000000E+00   0.0000000E+00
   4.1189582E-02  -8.2245467E+01   0.0000000E+00   1.3279772E-01  -6.8341189E-02  -6.4456531E-02   0.0000000E+00   0.0000000E+00
   4.1465561E-02  -8.2149035E+01   0.0000000E+00   1.3368761E-01  -6.8798935E-02  -6.4888676E-02   0.0000000E+00   0.0000000E+00
   4.1743384E-02  -8.2052229E+01   0.0000000E+00   1.3458345E-01  -6.9259735E-02  -6.5323713E-02   0.0000000E+00   0.0000000E+00
   4.2023062E-02  -8.1955048E+01   0.0000000E+00   1.3548527E-01  -6.9723609E-02  -6.5761661E-02   0.0000000E+00   0.0000000E+00
   4.2304609E-02  -8.1857495E+01   0.0000000E+00   1.3639312E-01  -7.0190579E-02  -6.6202539E-02   0.0000000E+00   0.0000000E+00
   4.2588035E-02  -8.1759569E+01   0.0000000E+00   1.3730703E-01  -7.0660663E-02  -6.6646368E-02   0.0000000E+00   0.0000000E+00
   4.2873354E-02  -8.1661271E+01   0.0000000E+00   1.3822705E-01  -7.1133884E-02  -6.7093167E-02   0.0000000E+00   0.0000000E+00
   4.3160579E-02  -8.1562603E+01   0.0000000E+00   1.3915322E-01  -7.1610262E-02  -6.7542956E-02   0.0000000E+00   0.0000000E+00
   4.3449723E-02  -8.1463565E+01   0.0000000E+00   1.4008557E-01  -7.2089817E-02  -6.7995755E-02   0.0000000E+00   0.0000000E+00
   4.3740797E-02  -8.1364158E+01   0.0000000E+00   1.4102416E-01  -7.2572572E-02  -6.8451584E-02   0.0000000E+00   0.0000000E+00
   4.4033815E-02  -8.1264381E+01   0.0000000E+00   1.4196901E-01  -7.3058548E-02  -6.8910465E-02   0.0000000E+00   0.0000000E+00
   4.4328790E-02  -8.1164237E+01   0.0000000E+00   1.4292018E-01  -7.3547765E-02  -6.9372416E-02   0.0000000E+00   0.0000000E+00
   4.4625736E-02  -8.1063724E+01   0.0000000E+00   1.4387771E-01  -7.4040246E-02  -6.9837460E-02   0.0000000E+00   0.0000000E+00
   4.4924664E-02  -8.0962843E+01   0.0000000E+00   1.4484163E-01  -7.4536011E-02  -7.0305616E-02   0.0000000E+00   0.0000000E+00
   4.5225589E-02  -8.0861595E+01   0.0000000E+00   1.4581199E-01  -7.5035084E-02  -7.0776906E-02   0.0000000E+00   0.0000000E+00
   4.5528524E-02  -8.0759980E+01   0.0000000E+00   1.4678884E-01  -7.5537486E-02  -7.1251350E-02   0.0000000E+00   0.0000000E+00
   4.5833481E-02  -8.0657997E+01   0.0000000E+00   1.4777221E-01  -7.6043240E-02  -7.1728970E-02   0.0000000E+00   0.0000000E+00
   4.6140476E-02  -8.0555646E+01   0.0000000E+00   1.4876215E-01  -7.6552366E-02  -7.2209788E-02   0.0000000E+00   0.0000000E+00
   4.6449521E-02  -8.0452927E+01   0.0000000E+00   1.4975871E-01  -7.7064889E-02  -7.2693824E-02   0.0000000E+00   0.0000000E+00
   4.6760630E-02  -8.0349839E+01   0.0000000E+00   1.5076193E-01  -7.7580830E-02  -7.3181101E-02   0.0000000E+00   0.0000000E+00
   4.7073816E-02  -8.0246383E+01   0.0000000E+00   1.5177185E-01  -7.8100213E-02  -7.3671640E-02   0.0000000E+00   0.0000000E+00
   4.7389095E-02  -8.0142556E+01   0.0000000E+00   1.5278852E-01  -7.8623059E-02  -7.4165464E-02   0.0000000E+00   0.0000000E+00
   4.7706479E-02  -8.0038359E+01   0.0000000E+00   1.5381199E-01  -7.9149393E-02  -7.4662593E-02   0.0000000E+00   0.0000000E+00
   4.8025982E-02  -7.9933790E+01   0.0000000E+00   1.5484229E-01  -7.9679237E-02  -7.5163051E-02   0.0000000E+00   0.0000000E+00
   4.8347620E-02  -7.9828849E+01   0.0000000E+00   1.5587948E-01  -8.0212615E-02  -7.5666860E-02   0.0000000E+00   0.0000000E+00
   4.8671405E-02  -7.9723534E+01   0.0000000E+00   1.5692359E-01  -8.0749551E-02  -7.6174042E-02   0.0000000E+00   0.0000000E+00
   4.8997353E-02  -7.9617843E+01   0.0000000E+00   1.5797469E-01  -8.1290067E-02  -7.6684621E-02   0.0000000E+00   0.0000000E+00
   4.9325478E-02  -7.9511775E+01   0.0000000E+00   1.5903281E-01  -8.1834188E-02  -7.7198618E-02   0.0000000E+00   0.0000000E+00
   4.9655795E-02  -7.9405329E+01   0.0000000E+00   1.6009800E-01  -8.2381937E-02  -7.7716058E-02   0.0000000E+00   0.0000000E+00
   4.9988317E-02  -7.9298502E+01   0.0000000E+00   1.6117030E-01  -8.2933340E-02  -7.8236963E-02   0.0000000E+00   0.0000000E+00
   5.0323060E-02  -7.9191292E+01   0.0000000E+00   1.6224978E-01  -8.3488419E-02  -7.8761356E-02   0.0000000E+00   0.0000000E+00
   5.0660039E-02  -7.9083699E+01   0.0000000E+00   1.6333646E-01  -8.4047200E-02  -7.9289261E-02   0.0000000E+00   0.0000000E+00
   5.0999269E-02  -7.8975718E+01   0.0000000E+00   1.6443041E-01  -8.4609708E-02  -7.9820702E-02   0.0000000E+00   0.0000000E+00
   5.1340764E-02  -7.8867349E+01   0.0000000E+00   1.6553167E-01  -8.5175966E-02  -8.0355703E-02   0.0000000E+00   0.0000000E+00
   5.1684539E-02  -7.8758588E+01   0.0000000E+00   1.6664029E-01  -8.5746000E-02  -8.0894287E-02   0.0000000E+00   0.0000000E+00
   5.2030611E-02  -7.8649433E+01   0.0000000E+00   1.6775631E-01  -8.6319835E-02  -8.1436479E-02   0.0000000E+00   0.0000000E+00
   5.2378994E-02  -7.8539882E+01   0.0000000E+00   1.6887980E-01  -8.6897496E-02  -8.1982302E-02   0.0000000E+00   0.0000000E+00
   5.2729704E-02  -7.8429932E+01   0.0000000E+00   1.7001079E-01  -8.7479009E-02  -8.2531782E-02   0.0000000E+00   0.0000000E+00
   5.3082756E-02  -7.8319579E+01   0.0000000E+00   1.7114934E-01  -8.8064399E-02  -8.3084943E-02   0.0000000E+00   0.0000000E+00
   5.3438165E-02  -7.8208822E+01   0.0000000E+00   1.7229550E-01  -8.8653693E-02  -8.3641810E-02   0.0000000E+00   0.0000000E+00
   5.3795949E-02  -7.8097657E+01   0.0000000E+00   1.7344932E-01  -8.9246915E-02  -8.4202408E-02   0.0000000E+00   0.0000000E+00
   5.4156122E-02  -7.7986082E+01   0.0000000E+00   1.7461085E-01  -8.9844092E-02  -8.4766762E-02   0.0000000E+00   0.0000000E+00
   5.4518700E-02  -7.7874093E+01   0.0000000E+00   1.7578015E-01  -9.0445251E-02  -8.5334897E-02   0.0000000E+00   0.0000000E+00
   5.4883701E-02  -7.7761687E+01   0.0000000E+00   1.7695726E-01  -9.1050417E-02  -8.5906839E-02   0.0000000E+00   0.0000000E+00
   5.5251138E-02  -7.7648862E+01   0.0000000E+00   1.7814223E-01  -9.1659618E-02  -8.6482613E-02   0.0000000E+00   0.0000000E+00
   5.5621030E-02  -7.7535615E+01   0.0000000E+00   1.7933513E-01  -9.2272880E-02  -8.7062246E-02   0.0000000E+00   0.0000000E+00
   5.5993392E-02  -7.7421942E+01   0.0000000E+00   1.8053599E-01  -9.2890230E-02  -8.7645763E-02   0.0000000E+00   0.0000000E+00
   5.6368241E-02  -7.7307842E+01   0.0000000E+00   1.8174489E-01  -9.3511695E-02  -8.8233191E-02   0.0000000E+00   0.0000000E+00
   5.6745593E-02  -7.7193310E+01   0.0000000E+00   1.8296186E-01  -9.4137303E-02  -8.8824556E-02   0.0000000E+00   0.0000000E+00
   5.7125466E-02  -7.7078344E+01   0.0000000E+00   1.8418697E-01  -9.4767082E-02  -8.9419884E-02   0.0000000E+00   0.0000000E+00
   5.7507876E-02  -7.6962942E+01   0.0000000E+00   1.8542026E-01  -9.5401058E-02  -9.0019203E-02   0.0000000E+00   0.0000000E+00
   5.7892839E-02  -7.6847101E+01   0.0000000E+00   1.8666180E-01  -9.6039260E-02  -9.0622539E-02   0.0000000E+00   0.0000000E+00
   5.8280374E-02  -7.6730818E+01   0.0000000E+00   1.8791163E-01  -9.6681715E-02  -9.1229919E-02   0.0000000E+00   0.0000000E+00
   5.8670497E-02  -7.6614091E+01   0.0000000E+00   1.8916982E-01  -9.7328453E-02  -9.1841371E-02   0.0000000E+00   0.0000000E+00
   5.9063225E-02  -7.6496917E+01   0.0000000E+00   1.9043642E-01  -9.7979501E-02  -9.2456922E-02   0.0000000E+00   0.0000000E+00
   5.9458577E-02  -7.6379294E+01   0.0000000E+00   1.9171149E-01  -9.8634888E-02  -9.3076600E-02   0.0000000E+00   0.0000000E+00
   5.9856568E-02  -7.6261220E+01   0.0000000E+00   1.9299508E-01  -9.9294643E-02  -9.3700432E-02   0.0000000E+00   0.0000000E+00
   6.0257218E-02  -7.6142693E+01   0.0000000E+00   1.9428724E-01  -9.9958795E-02  -9.4328448E-02   0.0000000E+00   0.0000000E+00
   6.0660544E-02  -7.6023711E+01   0.0000000E+00   1.9558805E-01  -1.0062737E-01  -9.4960674E-02   0.0000000E+00   0.0000000E+00
   6.1066563E-02  -7.5904273E+01   0.0000000E+00   1.9689755E-01  -1.0130041E-01  -9.5597141E-02   0.0000000E+00   0.0000000E+00
   6.1475294E-02  -7.5784375E+01   0.0000000E+00   1.9821580E-01  -1.0197792E-01  -9.6237875E-02   0.0000000E+00   0.0000000E+00
   6.1886754E-02  -7.5664018E+01   0.0000000E+00   1.9954286E-01  -1.0265996E-01  -9.6882906E-02   0.0000000E+00   0.0000000E+00
   6.2300963E-02  -7.5543199E+01   0.0000000E+00   2.0087880E-01  -1.0334653E-01  -9.7532264E-02   0.0000000E+00   0.0000000E+00
   6.2717938E-02  -7.5421917E+01   0.0000000E+00   2.0222366E-01  -1.0403769E-01  -9.8185977E-02   0.0000000E+00   0.0000000E+00
   6.3137698E-02  -7.5300171E+01   0.0000000E+00   2.0357752E-01  -1.0473344E-01  -9.8844075E-02   0.0000000E+00   0.0000000E+00
   6.3560261E-02  -7.5177960E+01   0.0000000E+00   2.0494042E-01  -1.0543384E-01  -9.9506587E-02   0.0000000E+00   0.0000000E+00
   6.3985646E-02  -7.5055282E+01   0.0000000E+00   2.0631244E-01  -1.0613889E-01  -1.0017354E-01   0.0000000E+00   0.0000000E+00
   6.4413873E-02  -7.4932137E+01   0.0000000E+00   2.0769363E-01  -1.0684865E-01  -1.0084497E-01   0.0000000E+00   0.0000000E+00
   6.4844959E-02  -7.4808524E+01   0.0000000E+00   2.0908405E-01  -1.0756314E-01  -1.0152091E-01   0.0000000E+00   0.0000000E+00
   6.5278925E-02  -7.4684443E+01   0.0000000E+00   2.1048376E-01  -1.0828238E-01  -1.0220138E-01   0.0000000E+00   0.0000000E+00
   6.5715788E-02  -7.4559892E+01   0.0000000E+00   2.1189284E-01  -1.0900642E-01  -1.0288642E-01   0.0000000E+00   0.0000000E+00
   6.6155570E-02  -7.4434871E+01   0.0000000E+00   2.1331133E-01  -1.0973528E-01  -1.0357605E-01   0.0000000E+00   0.0000000E+00
   6.6598288E-02  -7.4309380E+01   0.0000000E+00   2.1473931E-01  -1.1046899E-01  -1.0427032E-01   0.0000000E+00   0.0000000E+00
   6.7043964E-02  -7.4183419E+01   0.0000000E+00   2.1617683E-01  -1.1120759E-01  -1.0496924E-01   0.0000000E+00   0.0000000E+00
   6.7492615E-02  -7.4056986E+01   0.0000000E+00   2.1762396E-01  -1.1195111E-01  -1.0567285E-01   0.0000000E+00   0.0000000E+00
   6.7944263E-02  -7.3930083E+01   0.0000000E+00   2.1908077E-01  -1.1269959E-01  -1.0638118E-01   0.0000000E+00   0.0000000E+00
   6.8398928E-02  -7.3802708E+01   0.0000000E+00   2.2054732E-01  -1.1345304E-01  -1.0709427E-01   0.0000000E+00   0.0000000E+00
   6.8856629E-02  -7.3674863E+01   0.0000000E+00   2.2202367E-01  -1.1421152E-01  -1.0781215E-01   0.0000000E+00   0.0000000E+00
   6.9317387E-02  -7.3546546E+01   0.0000000E+00   2.2350989E-01  -1.1497505E-01  -1.0853485E-01   0.0000000E+00   0.0000000E+00
   6.9781222E-02  -7.3417759E+01   0.0000000E+00   2.2500605E-01  -1.1574366E-01  -1.0926240E-01   0.0000000E+00   0.0000000E+00
   7.0248155E-02  -7.3288501E+01   0.0000000E+00   2.2651222E-01  -1.1651739E-01  -1.0999483E-01   0.0000000E+00   0.0000000E+00
   7.0718207E-02  -7.3158773E+01   0.0000000E+00   2.2802845E-01  -1.1729627E-01  -1.1073218E-01   0.0000000E+00   0.0000000E+00
   7.1191397E-02  -7.3028574E+01   0.0000000E+00   2.2955482E-01  -1.1808034E-01  -1.1147449E-01   0.0000000E+00   0.0000000E+00
   7.1667748E-02  -7.2897906E+01   0.0000000E+00   2.3109140E-01  -1.1886963E-01  -1.1222177E-01   0.0000000E+00   0.0000000E+00
   7.2147281E-02  -7.2766769E+01   0.0000000E+00   2.3263826E-01  -1.1966417E-01  -1.1297408E-01   0.0000000E+00   0.0000000E+00
   7.2630016E-02  -7.2635163E+01   0.0000000E+00   2.3419545E-01  -1.2046401E-01  -1.1373144E-01   0.0000000E+00   0.0000000E+00
   7.3115975E-02  -7.2503089E+01   0.0000000E+00   2.3576306E-01  -1.2126917E-01  -1.1449389E-01   0.0000000E+00   0.0000000E+00
   7.3605179E-02  -7.2370548E+01   0.0000000E+00   2.3734115E-01  -1.2207969E-01  -1.1526146E-01   0.0000000E+00   0.0000000E+00
   7.4097651E-02  -7.2237540E+01   0.0000000E+00   2.3892979E-01  -1.2289560E-01  -1.1603419E-01   0.0000000E+00   0.0000000E+00
   7.4593412E-02  -7.2104066E+01   0.0000000E+00   2.4052906E-01  -1.2371695E-01  -1.1681211E-01   0.0000000E+00   0.0000000E+00
   7.5092484E-02  -7.1970127E+01   0.0000000E+00   2.4213902E-01  -1.2454376E-01  -1.1759526E-01   0.0000000E+00   0.0000000E+00
   7.5594889E-02  -7.1835724E+01   0.0000000E+00   2.4375974E-01  -1.2537608E-01  -1.1838366E-01   0.0000000E+00   0.0000000E+00
   7.6100649E-02  -7.1700857E+01   0.0000000E+00   2.4539131E-01  -1.2621394E-01  -1.1917737E-01   0.0000000E+00   0.0000000E+00
   7.6609787E-02  -7.1565528E+01   0.0000000E+00   2.4703378E-01  -1.2705737E-01  -1.1997642E-01   0.0000000E+00   0.0000000E+00
   7.7122326E-02  -7.1429737E+01   0.0000000E+00   2.4868724E-01  -1.2790641E-01  -1.2078083E-01   0.0000000E+00   0.0000000E+00
   7.7638287E-02  -7.1293486E+01   0.0000000E+00   2.5035176E-01  -1.2876111E-01  -1.2159065E-01   0.0000000E+00   0.0000000E+00
   7.8157695E-02  -7.1156775E+01   0.0000000E+00   2.5202741E-01  -1.2962150E-01  -1.2240592E-01   0.0000000E+00   0.0000000E+00
   7.8680571E-02  -7.1019606E+01   0.0000000E+00   2.5371427E-01  -1.3048760E-01  -1.2322666E-01   0.0000000E+00   0.0000000E+00
   7.9206940E-02  -7.0881979E+01   0.0000000E+00   2.5541240E-01  -1.3135948E-01  -1.2405293E-01   0.0000000E+00   0.0000000E+00
   7.9736824E-02  -7.0743896E+01   0.0000000E+00   2.5712190E-01  -1.3223715E-01  -1.2488475E-01   0.0000000E+00   0.0000000E+00
   8.0270247E-02  -7.0605358E+01   0.0000000E+00   2.5884283E-01  -1.3312066E-01  -1.2572217E-01   0.0000000E+00   0.0000000E+00
   8.0807232E-02  -7.0466367E+01   0.0000000E+00   2.6057527E-01  -1.3401005E-01  -1.2656522E-01   0.0000000E+00   0.0000000E+00
   8.1347804E-02  -7.0326922E+01   0.0000000E+00   2.6231930E-01  -1.3490536E-01  -1.2741393E-01   0.0000000E+00   0.0000000E+00
   8.1891986E-02  -7.0187026E+01   0.0000000E+00   2.6407499E-01  -1.3580662E-01  -1.2826836E-01   0.0000000E+00   0.0000000E+00
   8.2439802E-02  -7.0046680E+01   0.0000000E+00   2.6584242E-01  -1.3671388E-01  -1.2912854E-01   0.0000000E+00   0.0000000E+00
   8.2991277E-02  -6.9905885E+01   0.0000000E+00   2.6762168E-01  -1.3762717E-01  -1.2999451E-01   0.0000000E+00   0.0000000E+00
   8.3546436E-02  -6.9764643E+01   0.0000000E+00   2.6941284E-01  -1.3854654E-01  -1.3086630E-01   0.0000000E+00   0.0000000E+00
   8.4105301E-02  -6.9622953E+01   0.0000000E+00   2.7121598E-01  -1.3947202E-01  -1.3174396E-01   0.0000000E+00   0.0000000E+00
   8.4667900E-02  -6.9480819E+01   0.0000000E+00   2.7303118E-01  -1.4040366E-01  -1.3262752E-01   0.0000000E+00   0.0000000E+00
   8.5234256E-02  -6.9338241E+01   0.0000000E+00   2.7485853E-01  -1.4134149E-01  -1.3351704E-01   0.0000000E+00   0.0000000E+00
   8.5804394E-02  -6.9195220E+01   0.0000000E+00   2.7669810E-01  -1.4228556E-01  -1.3441254E-01   0.0000000E+00   0.0000000E+00
   8.6378340E-02  -6.9051758E+01   0.0000000E+00   2.7854997E-01  -1.4323590E-01  -1.3531407E-01   0.0000000E+00   0.0000000E+00
   8.6956119E-02  -6.8907855E+01   0.0000000E+00   2.8041424E-01  -1.4419257E-01  -1.3622167E-01   0.0000000E+00   0.0000000E+00
   8.7537757E-02  -6.8763514E+01   0.0000000E+00   2.8229097E-01  -1.4515559E-01  -1.3713538E-01   0.0000000E+00   0.0000000E+00
   8.8123279E-02  -6.8618736E+01   0.0000000E+00   2.8418027E-01  -1.4612502E-01  -1.3805525E-01   0.0000000E+00   0.0000000E+00
   8.8712712E-02  -6.8473521E+01   0.0000000E+00   2.8608220E-01  -1.4710089E-01  -1.3898131E-01   0.0000000E+00   0.0000000E+00
   8.9306082E-02  -6.8327871E+01   0.0000000E+00   2.8799686E-01  -1.4808324E-01  -1.3991361E-01   0.0000000E+00   0.0000000E+00
   8.9903414E-02  -6.8181788E+01   0.0000000E+00   2.8992432E-01  -1.4907213E-01  -1.4085220E-01   0.0000000E+00   0.0000000E+00
   9.0504736E-02  -6.8035271E+01   0.0000000E+00   2.9186469E-01  -1.5006759E-01  -1.4179710E-01   0.0000000E+00   0.0000000E+00
   9.1110074E-02  -6.7888324E+01   0.0000000E+00   2.9381804E-01  -1.5106966E-01  -1.4274837E-01   0.0000000E+00   0.0000000E+00
   9.1719455E-02  -6.7740946E+01   0.0000000E+00   2.9578445E-01  -1.5207840E-01  -1.4370606E-01   0.0000000E+00   0.0000000E+00
   9.2332906E-02  -6.7593140E+01   0.0000000E+00   2.9776403E-01  -1.5309383E-01  -1.4467020E-01   0.0000000E+00   0.0000000E+00
   9.2950453E-02  -6.7444906E+01   0.0000000E+00   2.9975685E-01  -1.5411602E-01  -1.4564083E-01   0.0000000E+00   0.0000000E+00
   9.3572125E-02  -6.7296245E+01   0.0000000E+00   3.0176301E-01  -1.5514499E-01  -1.4661802E-01   0.0000000E+00   0.0000000E+00
   9.4197949E-02  -6.7147158E+01   0.0000000E+00   3.0378259E-01  -1.5618080E-01  -1.4760179E-01   0.0000000E+00   0.0000000E+00
   9.4827953E-02  -6.6997647E+01   0.0000000E+00   3.0581569E-01  -1.5722349E-01  -1.4859219E-01   0.0000000E+00   0.0000000E+00
   9.5462164E-02  -6.6847713E+01   0.0000000E+00   3.0786239E-01  -1.5827311E-01  -1.4958928E-01   0.0000000E+00   0.0000000E+00
   9.6100610E-02  -6.6697357E+01   0.0000000E+00   3.0992279E-01  -1.5932970E-01  -1.5059309E-01   0.0000000E+00   0.0000000E+00
   9.6743321E-02  -6.6546580E+01   0.0000000E+00   3.1199698E-01  -1.6039331E-01  -1.5160367E-01   0.0000000E+00   0.0000000E+00
   9.7390324E-02  -6.6395382E+01   0.0000000E+00   3.1408505E-01  -1.6146398E-01  -1.5262107E-01   0.0000000E+00   0.0000000E+00
   9.8041649E-02  -6.6243765E+01   0.0000000E+00   3.1618710E-01  -1.6254176E-01  -1.5364533E-01   0.0000000E+00   0.0000000E+00
   9.8697323E-02  -6.6091730E+01   0.0000000E+00   3.1830321E-01  -1.6362670E-01  -1.5467651E-01   0.0000000E+00   0.0000000E+00
   9.9357376E-02  -6.5939278E+01   0.0000000E+00   3.2043349E-01  -1.6471884E-01  -1.5571465E-01   0.0000000E+00   0.0000000E+00
   1.0002184E-01  -6.5786410E+01   0.0000000E+00   3.2257803E-01  -1.6581823E-01  -1.5675980E-01   0.0000000E+00   0.0000000E+00
   1.0069074E-01  -6.5633126E+01   0.0000000E+00   3.2473693E-01  -1.6692493E-01  -1.5781200E-01   0.0000000E+00   0.0000000E+00
   1.0136410E-01  -6.5479428E+01   0.0000000E+00   3.2691027E-01  -1.6803896E-01  -1.5887131E-01   0.0000000E+00   0.0000000E+00
   1.0204197E-01  -6.5325317E+01   0.0000000E+00   3.2909816E-01  -1.6916039E-01  -1.5993777E-01   0.0000000E+00   0.0000000E+00
   1.0272436E-01  -6.5170793E+01   0.0000000E+00   3.3130070E-01  -1.7028927E-01  -1.6101144E-01   0.0000000E+00   0.0000000E+00
   1.0341131E-01  -6.5015857E+01   0.0000000E+00   3.3351799E-01  -1.7142563E-01  -1.6209236E-01   0.0000000E+00   0.0000000E+00
   1.0410284E-01  -6.4860510E+01   0.0000000E+00   3.3575012E-01  -1.7256954E-01  -1.6318058E-01   0.0000000E+00   0.0000000E+00
   1.0479900E-01  -6.4704753E+01   0.0000000E+00   3.3799719E-01  -1.7372103E-01  -1.6427615E-01   0.0000000E+00   0.0000000E+00
   1.0549980E-01  -6.4548587E+01   0.0000000E+00   3.4025931E-01  -1.7488017E-01  -1.6537914E-01   0.0000000E+00   0.0000000E+00
   1.0620529E-01  -6.4392013E+01   0.0000000E+00   3.4253657E-01  -1.7604700E-01  -1.6648957E-01   0.0000000E+00   0.0000000E+00
   1.0691548E-01  -6.4235031E+01   0.0000000E+00   3.4482908E-01  -1.7722156E-01  -1.6760752E-01   0.0000000E+00   0.0000000E+00
   1.0763042E-01  -6.4077642E+01   0.0000000E+00   3.4713694E-01  -1.7840392E-01  -1.6873302E-01   0.0000000E+00   0.0000000E+00
   1.0835014E-01  -6.3919848E+01   0.0000000E+00   3.4946025E-01  -1.7959412E-01  -1.6986614E-01   0.0000000E+00   0.0000000E+00
   1.0907466E-01  -6.3761648E+01   0.0000000E+00   3.5179912E-01  -1.8079221E-01  -1.7100692E-01   0.0000000E+00   0.0000000E+00
   1.0980402E-01  -6.3603044E+01   0.0000000E+00   3.5415366E-01  -1.8199824E-01  -1.7215541E-01   0.0000000E+00   0.0000000E+00
   1.1053825E-01  -6.3444036E+01   0.0000000E+00   3.5652396E-01  -1.8321227E-01  -1.7331168E-01   0.0000000E+00   0.0000000E+00
   1.1127738E-01  -6.3284626E+01   0.0000000E+00   3.5891013E-01  -1.8443435E-01  -1.7447578E-01   0.0000000E+00   0.0000000E+00
   1.1202145E-01  -6.3124814E+01   0.0000000E+00   3.6131229E-01  -1.8566454E-01  -1.7564775E-01   0.0000000E+00   0.0000000E+00
   1.1277049E-01  -6.2964602E+01   0.0000000E+00   3.6373053E-01  -1.8690287E-01  -1.7682766E-01   0.0000000E+00   0.0000000E+00
   1.1352454E-01  -6.2803989E+01   0.0000000E+00   3.6616497E-01  -1.8814941E-01  -1.7801556E-01   0.0000000E+00   0.0000000E+00
   1.1428362E-01  -6.2642977E+01   0.0000000E+00   3.6861571E-01  -1.8940422E-01  -1.7921150E-01   0.0000000E+00   0.0000000E+00
   1.1504776E-01  -6.2481568E+01   0.0000000E+00   3.7108287E-01  -1.9066733E-01  -1.8041554E-01   0.0000000E+00   0.0000000E+00
   1.1581702E-01  -6.2319761E+01   0.0000000E+00   3.7356656E-01  -1.9193882E-01  -1.8162774E-01   0.0000000E+00   0.0000000E+00
   1.1659141E-01  -6.2157558E+01   0.0000000E+00   3.7606688E-01  -1.9321873E-01  -1.8284815E-01   0.0000000E+00   0.0000000E+00
   1.1737097E-01  -6.1994961E+01   0.0000000E+00   3.7858396E-01  -1.9450712E-01  -1.8407684E-01   0.0000000E+00   0.0000000E+00
   1.1815573E-01  -6.1831969E+01   0.0000000E+00   3.8111789E-01  -1.9580404E-01  -1.8531385E-01   0.0000000E+00   0.0000000E+00
   1.1894574E-01  -6.1668585E+01   0.0000000E+00   3.8366880E-01  -1.9710955E-01  -1.8655925E-01   0.0000000E+00   0.0000000E+00
   1.1974103E-01  -6.1504810E+01   0.0000000E+00   3.8623681E-01  -1.9842371E-01  -1.8781310E-01   0.0000000E+00   0.0000000E+00
   1.2054163E-01  -6.1340645E+01   0.0000000E+00   3.8882201E-01  -1.9974656E-01  -1.8907545E-01   0.0000000E+00   0.0000000E+00
   1.2134757E-01  -6.1176091E+01   0.0000000E+00   3.9142454E-01  -2.0107818E-01  -1.9034637E-01   0.0000000E+00   0.0000000E+00
   1.2215890E-01  -6.1011150E+01   0.0000000E+00   3.9404451E-01  -2.0241860E-01  -1.9162591E-01   0.0000000E+00   0.0000000E+00
   1.2297564E-01  -6.0845823E+01   0.0000000E+00   3.9668203E-01  -2.0376791E-01  -1.9291413E-01   0.0000000E+00   0.0000000E+00
   1.2379784E-01  -6.0680113E+01   0.0000000E+00   3.9933723E-01  -2.0512614E-01  -1.9421109E-01   0.0000000E+00   0.0000000E+00
   1.2462553E-01  -6.0514020E+01   0.0000000E+00   4.0201022E-01  -2.0649335E-01  -1.9551687E-01   0.0000000E+00   0.0000000E+00
   1.2545875E-01  -6.0347548E+01   0.0000000E+00   4.0470112E-01  -2.0786962E-01  -1.9683151E-01   0.0000000E+00   0.0000000E+00
   1.2629753E-01  -6.0180697E+01   0.0000000E+00   4.0741006E-01  -2.0925498E-01  -1.9815508E-01   0.0000000E+00   0.0000000E+00
   1.2714192E-01  -6.0013469E+01   0.0000000E+00   4.1013716E-01  -2.1064952E-01  -1.9948764E-01   0.0000000E+00   0.0000000E+00
   1.2799194E-01  -5.9845868E+01   0.0000000E+00   4.1288253E-01  -2.1205327E-01  -2.0082926E-01   0.0000000E+00   0.0000000E+00
   1.2884764E-01  -5.9677895E+01   0.0000000E+00   4.1564631E-01  -2.1346631E-01  -2.0218000E-01   0.0000000E+00   0.0000000E+00
   1.2970906E-01  -5.9509554E+01   0.0000000E+00   4.1842861E-01  -2.1488869E-01  -2.0353992E-01   0.0000000E+00   0.0000000E+00
   1.3057623E-01  -5.9340846E+01   0.0000000E+00   4.2122956E-01  -2.1632047E-01  -2.0490909E-01   0.0000000E+00   0.0000000E+00
   1.3144919E-01  -5.9171774E+01   0.0000000E+00   4.2404929E-01  -2.1776172E-01  -2.0628757E-01   0.0000000E+00   0.0000000E+00
   1.3232798E-01  -5.9002343E+01   0.0000000E+00   4.2688792E-01  -2.1921249E-01  -2.0767543E-01   0.0000000E+00   0.0000000E+00
   1.3321264E-01  -5.8832554E+01   0.0000000E+00   4.2974559E-01  -2.2067285E-01  -2.0907274E-01   0.0000000E+00   0.0000000E+00
   1.3410321E-01  -5.8662412E+01   0.0000000E+00   4.3262241E-01  -2.2214286E-01  -2.1047956E-01   0.0000000E+00   0.0000000E+00
   1.3499973E-01  -5.8491920E+01   0.0000000E+00   4.3551853E-01  -2.2362258E-01  -2.1189595E-01   0.0000000E+00   0.0000000E+00
   1.3590223E-01  -5.8321083E+01   0.0000000E+00   4.3843406E-01  -2.2511207E-01  -2.1332199E-01   0.0000000E+00   0.0000000E+00
   1.3681076E-01  -5.8149903E+01   0.0000000E+00   4.4136915E-01  -2.2661140E-01  -2.1475775E-01   0.0000000E+00   0.0000000E+00
   1.3772536E-01  -5.7978387E+01   0.0000000E+00   4.4432392E-01  -2.2812063E-01  -2.1620329E-01   0.0000000E+00   0.0000000E+00
   1.3864607E-01  -5.7806538E+01   0.0000000E+00   4.4729850E-01  -2.2963983E-01  -2.1765868E-01   0.0000000E+00   0.0000000E+00
   1.3957293E-01  -5.7634362E+01   0.0000000E+00   4.5029304E-01  -2.3116905E-01  -2.1912399E-01   0.0000000E+00   0.0000000E+00
   1.4050597E-01  -5.7461865E+01   0.0000000E+00   4.5330766E-01  -2.3270837E-01  -2.2059929E-01   0.0000000E+00   0.0000000E+00
   1.4144525E-01  -5.7289051E+01   0.0000000E+00   4.5634250E-01  -2.3425785E-01  -2.2208466E-01   0.0000000E+00   0.0000000E+00
   1.4239080E-01  -5.7115927E+01   0.0000000E+00   4.5939770E-01  -2.3581755E-01  -2.2358016E-01   0.0000000E+00   0.0000000E+00
   1.4334267E-01  -5.6942499E+01   0.0000000E+00   4.6247340E-01  -2.3738753E-01  -2.2508586E-01   0.0000000E+00   0.0000000E+00
   1.4430089E-01  -5.6768775E+01   0.0000000E+00   4.6556973E-01  -2.3896788E-01  -2.2660185E-01   0.0000000E+00   0.0000000E+00
   1.4526552E-01  -5.6594761E+01   0.0000000E+00   4.6868683E-01  -2.4055864E-01  -2.2812819E-01   0.0000000E+00   0.0000000E+00
   1.4623658E-01  -5.6420465E+01   0.0000000E+00   4.7182485E-01  -2.4215990E-01  -2.2966495E-01   0.0000000E+00   0.0000000E+00
   1.4721413E-01  -5.6245894E+01   0.0000000E+00   4.7498392E-01  -2.4377171E-01  -2.3121221E-01   0.0000000E+00   0.0000000E+00
   1.4819821E-01  -5.6071057E+01   0.0000000E+00   4.7816419E-01  -2.4539414E-01  -2.3277005E-01   0.0000000E+00   0.0000000E+00
   1.4918886E-01  -5.5895964E+01   0.0000000E+00   4.8136580E-01  -2.4702727E-01  -2.3433854E-01   0.0000000E+00   0.0000000E+00
   1.5018613E-01  -5.5720622E+01   0.0000000E+00   4.8458890E-01  -2.4867115E-01  -2.3591775E-01   0.0000000E+00   0.0000000E+00
   1.5119006E-01  -5.5545041E+01   0.0000000E+00   4.8783364E-01  -2.5032587E-01  -2.3750777E-01   0.0000000E+00   0.0000000E+00
   1.5220069E-01  -5.5369231E+01   0.0000000E+00   4.9110015E-01  -2.5199149E-01  -2.3910866E-01   0.0000000E+00   0.0000000E+00
   1.5321808E-01  -5.5193203E+01   0.0000000E+00   4.9438858E-01  -2.5366807E-01  -2.4072051E-01   0.0000000E+00   0.0000000E+00
   1.5424226E-01  -5.5016966E+01   0.0000000E+00   4.9769909E-01  -2.5535569E-01  -2.4234340E-01   0.0000000E+00   0.0000000E+00
   1.5527327E-01  -5.4840531E+01   0.0000000E+00   5.0103183E-01  -2.5705442E-01  -2.4397741E-01   0.0000000E+00   0.0000000E+00
   1.5631118E-01  -5.4663910E+01   0.0000000E+00   5.0438694E-01  -2.5876433E-01  -2.4562261E-01   0.0000000E+00   0.0000000E+00
   1.5735601E-01  -5.4487113E+01   0.0000000E+00   5.0776458E-01  -2.6048549E-01  -2.4727908E-01   0.0000000E+00   0.0000000E+00
   1.5840783E-01  -5.4310152E+01   0.0000000E+00   5.1116489E-01  -2.6221798E-01  -2.4894692E-01   0.0000000E+00   0.0000000E+00
   1.5946667E-01  -5.4133039E+01   0.0000000E+00   5.1458804E-01  -2.6396185E-01  -2.5062619E-01   0.0000000E+00   0.0000000E+00
   1.6053257E-01  -5.3955784E+01   0.0000000E+00   5.1803418E-01  -2.6571720E-01  -2.5231698E-01   0.0000000E+00   0.0000000E+00
   1.6160560E-01  -5.3778399E+01   0.0000000E+00   5.2150346E-01  -2.6748409E-01  -2.5401937E-01   0.0000000E+00   0.0000000E+00
   1.6268580E-01  -5.3600895E+01   0.0000000E+00   5.2499604E-01  -2.6926259E-01  -2.5573345E-01   0.0000000E+00   0.0000000E+00
   1.6377321E-01  -5.3423284E+01   0.0000000E+00   5.2851209E-01  -2.7105278E-01  -2.5745931E-01   0.0000000E+00   0.0000000E+00
   1.6486788E-01  -5.3245575E+01   0.0000000E+00   5.3205175E-01  -2.7285473E-01  -2.5919702E-01   0.0000000E+00   0.0000000E+00
   1.6596986E-01  -5.3067780E+01   0.0000000E+00   5.3561519E-01  -2.7466852E-01  -2.6094667E-01   0.0000000E+00   0.0000000E+00
   1.6707921E-01  -5.2889908E+01   0.0000000E+00   5.3920257E-01  -2.7649421E-01  -2.6270835E-01   0.0000000E+00   0.0000000E+00
   1.6819596E-01  -5.2711968E+01   0.0000000E+00   5.4281405E-01  -2.7833190E-01  -2.6448215E-01   0.0000000E+00   0.0000000E+00
   1.6932017E-01  -5.2533969E+01   0.0000000E+00   5.4644980E-01  -2.8018165E-01  -2.6626815E-01   0.0000000E+00   0.0000000E+00
   1.7045188E-01  -5.2355917E+01   0.0000000E+00   5.5010998E-01  -2.8204354E-01  -2.6806644E-01   0.0000000E+00   0.0000000E+00
   1.7159116E-01  -5.2177820E+01   0.0000000E+00   5.5379476E-01  -2.8391764E-01  -2.6987712E-01   0.0000000E+00   0.0000000E+00
   1.7273805E-01  -5.1999683E+01   0.0000000E+00   5.5750430E-01  -2.8580404E-01  -2.7170027E-01   0.0000000E+00   0.0000000E+00
   1.7389259E-01  -5.1821511E+01   0.0000000E+00   5.6123878E-01  -2.8770280E-01  -2.7353598E-01   0.0000000E+00   0.0000000E+00
   1.7505485E-01  -5.1643305E+01   0.0000000E+00   5.6499836E-01  -2.8961402E-01  -2.7538434E-01   0.0000000E+00   0.0000000E+00
   1.7622486E-01  -5.1465070E+01   0.0000000E+00   5.6878322E-01  -2.9153776E-01  -2.7724546E-01   0.0000000E+00   0.0000000E+00
   1.7740270E-01  -5.1286803E+01   0.0000000E+00   5.7259352E-01  -2.9347411E-01  -2.7911941E-01   0.0000000E+00   0.0000000E+00
   1.7858839E-01  -5.1108506E+01   0.0000000E+00   5.7642944E-01  -2.9542314E-01  -2.8100629E-01   0.0000000E+00   0.0000000E+00
   1.7978201E-01  -5.0930174E+01   0.0000000E+00   5.8029115E-01  -2.9738494E-01  -2.8290621E-01   0.0000000E+00   0.0000000E+00
   1.8098360E-01  -5.0751806E+01   0.0000000E+00   5.8417883E-01  -2.9935958E-01  -2.8481925E-01   0.0000000E+00   0.0000000E+00
   1.8219321E-01  -5.0573396E+01   0.0000000E+00   5.8809266E-01  -3.0134715E-01  -2.8674551E-01   0.0000000E+00   0.0000000E+00
   1.8341091E-01  -5.0394938E+01   0.0000000E+00   5.9203281E-01  -3.0334773E-01  -2.8868508E-01   0.0000000E+00   0.0000000E+00
   1.8463673E-01  -5.0216425E+01   0.0000000E+00   5.9599946E-01  -3.0536139E-01  -2.9063807E-01   0.0000000E+00   0.0000000E+00
   1.8587074E-01  -5.0037849E+01   0.0000000E+00   5.9999280E-01  -3.0738822E-01  -2.9260458E-01   0.0000000E+00   0.0000000E+00
   1.8711300E-01  -4.9859201E+01   0.0000000E+00   6.0401300E-01  -3.0942831E-01  -2.9458470E-01   0.0000000E+00   0.0000000E+00
   1.8836355E-01  -4.9680474E+01   0.0000000E+00   6.0806025E-01  -3.1148173E-01  -2.9657853E-01   0.0000000E+00   0.0000000E+00
   1.8962245E-01  -4.9501658E+01   0.0000000E+00   6.1213474E-01  -3.1354856E-01  -2.9858618E-01   0.0000000E+00   0.0000000E+00
   1.9088976E-01  -4.9322743E+01   0.0000000E+00   6.1623664E-01  -3.1562890E-01  -3.0060774E-01   0.0000000E+00   0.0000000E+00
   1.9216553E-01  -4.9143720E+01   0.0000000E+00   6.2036615E-01  -3.1772283E-01  -3.0264333E-01   0.0000000E+00   0.0000000E+00
   1.9344983E-01  -4.8964582E+01   0.0000000E+00   6.2452346E-01  -3.1983042E-01  -3.0469304E-01   0.0000000E+00   0.0000000E+00
   1.9474270E-01  -4.8785320E+01   0.0000000E+00   6.2870875E-01  -3.2195177E-01  -3.0675698E-01   0.0000000E+00   0.0000000E+00
   1.9604420E-01  -4.8605927E+01   0.0000000E+00   6.3292221E-01  -3.2408696E-01  -3.0883525E-01   0.0000000E+00   0.0000000E+00
   1.9735440E-01  -4.8426398E+01   0.0000000E+00   6.3716404E-01  -3.2623608E-01  -3.1092796E-01   0.0000000E+00   0.0000000E+00
   1.9867335E-01  -4.8246728E+01   0.0000000E+00   6.4143444E-01  -3.2839921E-01  -3.1303523E-01   0.0000000E+00   0.0000000E+00
   2.0000111E-01  -4.8066912E+01   0.0000000E+00   6.4573359E-01  -3.3057644E-01  -3.1515715E-01   0.0000000E+00   0.0000000E+00
   2.0133773E-01  -4.7886950E+01   0.0000000E+00   6.5006169E-01  -3.3276785E-01  -3.1729384E-01   0.0000000E+00   0.0000000E+00
   2.0268328E-01  -4.7706839E+01   0.0000000E+00   6.5441894E-01  -3.3497354E-01  -3.1944541E-01   0.0000000E+00   0.0000000E+00
   2.0403782E-01  -4.7526579E+01   0.0000000E+00   6.5880555E-01  -3.3719359E-01  -3.2161196E-01   0.0000000E+00   0.0000000E+00
   2.0540141E-01  -4.7346173E+01   0.0000000E+00   6.6322170E-01  -3.3942809E-01  -3.2379362E-01   0.0000000E+00   0.0000000E+00
   2.0677410E-01  -4.7165624E+01   0.0000000E+00   6.6766761E-01  -3.4167713E-01  -3.2599049E-01   0.0000000E+00   0.0000000E+00
   2.0815596E-01  -4.6984934E+01   0.0000000E+00   6.7214348E-01  -3.4394079E-01  -3.2820268E-01   0.0000000E+00   0.0000000E+00
   2.0954705E-01  -4.6804108E+01   0.0000000E+00   6.7664950E-01  -3.4621918E-01  -3.3043033E-01   0.0000000E+00   0.0000000E+00
   2.1094743E-01  -4.6623153E+01   0.0000000E+00   6.8118590E-01  -3.4851237E-01  -3.3267353E-01   0.0000000E+00   0.0000000E+00
   2.1235716E-01  -4.6442075E+01   0.0000000E+00   6.8575287E-01  -3.5082046E-01  -3.3493241E-01   0.0000000E+00   0.0000000E+00
   2.1377630E-01  -4.6260881E+01   0.0000000E+00   6.9035063E-01  -3.5314354E-01  -3.3720709E-01   0.0000000E+00   0.0000000E+00
   2.1520493E-01  -4.6079579E+01   0.0000000E+00   6.9497938E-01  -3.5548170E-01  -3.3949768E-01   0.0000000E+00   0.0000000E+00
   2.1664310E-01  -4.5898176E+01   0.0000000E+00   6.9963935E-01  -3.5783504E-01  -3.4180431E-01   0.0000000E+00   0.0000000E+00
   2.1809087E-01  -4.5716682E+01   0.0000000E+00   7.0433073E-01  -3.6020364E-01  -3.4412709E-01   0.0000000E+00   0.0000000E+00
   2.1954831E-01  -4.5535104E+01   0.0000000E+00   7.0905376E-01  -3.6258760E-01  -3.4646616E-01   0.0000000E+00   0.0000000E+00
   2.2101548E-01  -4.5353452E+01   0.0000000E+00   7.1380864E-01  -3.6498701E-01  -3.4882163E-01   0.0000000E+00   0.0000000E+00
   2.2249245E-01  -4.5171735E+01   0.0000000E+00   7.1859559E-01  -3.6740196E-01  -3.5119363E-01   0.0000000E+00   0.0000000E+00
   2.2397929E-01  -4.4989960E+01   0.0000000E+00   7.2341484E-01  -3.6983256E-01  -3.5358229E-01   0.0000000E+00   0.0000000E+00
   2.2547606E-01  -4.4808138E+01   0.0000000E+00   7.2826661E-01  -3.7227888E-01  -3.5598772E-01   0.0000000E+00   0.0000000E+00
   2.2698282E-01  -4.4626277E+01   0.0000000E+00   7.3315111E-01  -3.7474104E-01  -3.5841007E-01   0.0000000E+00   0.0000000E+00
   2.2849964E-01  -4.4444386E+01   0.0000000E+00   7.3806858E-01  -3.7721912E-01  -3.6084946E-01   0.0000000E+00   0.0000000E+00
   2.3002660E-01  -4.4262472E+01   0.0000000E+00   7.4301924E-01  -3.7971322E-01  -3.6330602E-01   0.0000000E+00   0.0000000E+00
   2.3156376E-01  -4.4080545E+01   0.0000000E+00   7.4800332E-01  -3.8222343E-01  -3.6577988E-01   0.0000000E+00   0.0000000E+00
   2.3311118E-01  -4.3898612E+01   0.0000000E+00   7.5302104E-01  -3.8474986E-01  -3.6827118E-01   0.0000000E+00   0.0000000E+00
   2.3466893E-01  -4.3716682E+01   0.0000000E+00   7.5807265E-01  -3.8729260E-01  -3.7078005E-01   0.0000000E+00   0.0000000E+00
   2.3623709E-01  -4.3534762E+01   0.0000000E+00   7.6315837E-01  -3.8985174E-01  -3.7330663E-01   0.0000000E+00   0.0000000E+00
   2.3781572E-01  -4.3352861E+01   0.0000000E+00   7.6827844E-01  -3.9242739E-01  -3.7585105E-01   0.0000000E+00   0.0000000E+00
   2.3940490E-01  -4.3170986E+01   0.0000000E+00   7.7343309E-01  -3.9501964E-01  -3.7841345E-01   0.0000000E+00   0.0000000E+00
   2.4100469E-01  -4.2989144E+01   0.0000000E+00   7.7862256E-01  -3.9762859E-01  -3.8099397E-01   0.0000000E+00   0.0000000E+00
   2.4261516E-01  -4.2807343E+01   0.0000000E+00   7.8384710E-01  -4.0025435E-01  -3.8359275E-01   0.0000000E+00   0.0000000E+00
   2.4423639E-01  -4.2625590E+01   0.0000000E+00   7.8910694E-01  -4.0289700E-01  -3.8620994E-01   0.0000000E+00   0.0000000E+00
   2.4586845E-01  -4.2443893E+01   0.0000000E+00   7.9440232E-01  -4.0555665E-01  -3.8884567E-01   0.0000000E+00   0.0000000E+00
   2.4751140E-01  -4.2262260E+01   0.0000000E+00   7.9973350E-01  -4.0823341E-01  -3.9150009E-01   0.0000000E+00   0.0000000E+00
   2.4916533E-01  -4.2080696E+01   0.0000000E+00   8.0510072E-01  -4.1092736E-01  -3.9417336E-01   0.0000000E+00   0.0000000E+00
   2.5083031E-01  -4.1899211E+01   0.0000000E+00   8.1050422E-01  -4.1363862E-01  -3.9686560E-01   0.0000000E+00   0.0000000E+00
   2.5250640E-01  -4.1717811E+01   0.0000000E+00   8.1594426E-01  -4.1636728E-01  -3.9957698E-01   0.0000000E+00   0.0000000E+00
   2.5419369E-01  -4.1536503E+01   0.0000000E+00   8.2142109E-01  -4.1911345E-01  -4.0230765E-01   0.0000000E+00   0.0000000E+00
   2.5589225E-01  -4.1355294E+01   0.0000000E+00   8.2693497E-01  -4.2187722E-01  -4.0505775E-01   0.0000000E+00   0.0000000E+00
   2.5760215E-01  -4.1174193E+01   0.0000000E+00   8.3248614E-01  -4.2465870E-01  -4.0782744E-01   0.0000000E+00   0.0000000E+00
   2.5932347E-01  -4.0993207E+01   0.0000000E+00   8.3807487E-01  -4.2745800E-01  -4.1061687E-01   0.0000000E+00   0.0000000E+00
   2.6105629E-01  -4.0812343E+01   0.0000000E+00   8.4370142E-01  -4.3027522E-01  -4.1342621E-01   0.0000000E+00   0.0000000E+00
   2.6280068E-01  -4.0631608E+01   0.0000000E+00   8.4936605E-01  -4.3311045E-01  -4.1625560E-01   0.0000000E+00   0.0000000E+00
   2.6455672E-01  -4.0451010E+01   0.0000000E+00   8.5506902E-01  -4.3596381E-01  -4.1910521E-01   0.0000000E+00   0.0000000E+00
   2.6632449E-01  -4.0270556E+01   0.0000000E+00   8.6081059E-01  -4.3883540E-01  -4.2197519E-01   0.0000000E+00   0.0000000E+00
   2.6810407E-01  -4.0090255E+01   0.0000000E+00   8.6659104E-01  -4.4172533E-01  -4.2486572E-01   0.0000000E+00   0.0000000E+00
   2.6989553E-01  -3.9910112E+01   0.0000000E+00   8.7241063E-01  -4.4463369E-01  -4.2777694E-01   0.0000000E+00   0.0000000E+00
   2.7169895E-01  -3.9730137E+01   0.0000000E+00   8.7826964E-01  -4.4756060E-01  -4.3070904E-01   0.0000000E+00   0.0000000E+00
   2.7351442E-01  -3.9550335E+01   0.0000000E+00   8.8416833E-01  -4.5050616E-01  -4.3366217E-01   0.0000000E+00   0.0000000E+00
   2.7534202E-01  -3.9370714E+01   0.0000000E+00   8.9010698E-01  -4.5347047E-01  -4.3663651E-01   0.0000000E+00   0.0000000E+00
   2.7718182E-01  -3.9191282E+01   0.0000000E+00   8.9608588E-01  -4.5645365E-01  -4.3963222E-01   0.0000000E+00   0.0000000E+00
   2.7903390E-01  -3.9012044E+01   0.0000000E+00   9.0210529E-01  -4.5945580E-01  -4.4264948E-01   0.0000000E+00   0.0000000E+00
   2.8089836E-01  -3.8833009E+01   0.0000000E+00   9.0816549E-01  -4.6247703E-01  -4.4568846E-01   0.0000000E+00   0.0000000E+00
   2.8277527E-01  -3.8654183E+01   0.0000000E+00   9.1426678E-01  -4.6551744E-01  -4.4874934E-01   0.0000000E+00   0.0000000E+00
   2.8466471E-01  -3.8475573E+01   0.0000000E+00   9.2040944E-01  -4.6857715E-01  -4.5183229E-01   0.0000000E+00   0.0000000E+00
   2.8656678E-01  -3.8297184E+01   0.0000000E+00   9.2659374E-01  -4.7165626E-01  -4.5493749E-01   0.0000000E+00   0.0000000E+00
   2.8848154E-01  -3.8119023E+01   0.0000000E+00   9.3281999E-01  -4.7475487E-01  -4.5806512E-01   0.0000000E+00   0.0000000E+00
   2.9040910E-01  -3.7941097E+01   0.0000000E+00   9.3908848E-01  -4.7787311E-01  -4.6121537E-01   0.0000000E+00   0.0000000E+00
   2.9234952E-01  -3.7763410E+01   0.0000000E+00   9.4539949E-01  -4.8101107E-01  -4.6438842E-01   0.0000000E+00   0.0000000E+00
   2.9430291E-01  -3.7585968E+01   0.0000000E+00   9.5175332E-01  -4.8416887E-01  -4.6758445E-01   0.0000000E+00   0.0000000E+00
   2.9626934E-01  -3.7408777E+01   0.0000000E+00   9.5815028E-01  -4.8734662E-01  -4.7080366E-01   0.0000000E+00   0.0000000E+00
   2.9824891E-01  -3.7231841E+01   0.0000000E+00   9.6459065E-01  -4.9054442E-01  -4.7404623E-01   0.0000000E+00   0.0000000E+00
   3.0024170E-01  -3.7055165E+01   0.0000000E+00   9.7107475E-01  -4.9376239E-01  -4.7731236E-01   0.0000000E+00   0.0000000E+00
   3.0224779E-01  -3.6878753E+01   0.0000000E+00   9.7760287E-01  -4.9700063E-01  -4.8060223E-01   0.0000000E+00   0.0000000E+00
   3.0426729E-01  -3.6702610E+01   0.0000000E+00   9.8417532E-01  -5.0025927E-01  -4.8391606E-01   0.0000000E+00   0.0000000E+00
   3.0630027E-01  -3.6526739E+01   0.0000000E+00   9.9079242E-01  -5.0353840E-01  -4.8725402E-01   0.0000000E+00   0.0000000E+00
   3.0834683E-01  -3.6351143E+01   0.0000000E+00   9.9745446E-01  -5.0683813E-01  -4.9061633E-01   0.0000000E+00   0.0000000E+00
   3.1040706E-01  -3.6175825E+01   0.0000000E+00   1.0041618E+00  -5.1015859E-01  -4.9400318E-01   0.0000000E+00   0.0000000E+00
   3.1248104E-01  -3.6000788E+01   0.0000000E+00   1.0109147E+00  -5.1349988E-01  -4.9741479E-01   0.0000000E+00   0.0000000E+00
   3.1456888E-01  -3.5826035E+01   0.0000000E+00   1.0177135E+00  -5.1686211E-01  -5.0085134E-01   0.0000000E+00   0.0000000E+00
   3.1667066E-01  -3.5651568E+01   0.0000000E+00   1.0245585E+00  -5.2024540E-01  -5.0431306E-01   0.0000000E+00   0.0000000E+00
   3.1878648E-01  -3.5477387E+01   0.0000000E+00   1.0314500E+00  -5.2364985E-01  -5.0780016E-01   0.0000000E+00   0.0000000E+00
   3.2091643E-01  -3.5303494E+01   0.0000000E+00   1.0383884E+00  -5.2707558E-01  -5.1131284E-01   0.0000000E+00   0.0000000E+00
   3.2306061E-01  -3.5129891E+01   0.0000000E+00   1.0453740E+00  -5.3052271E-01  -5.1485132E-01   0.0000000E+00   0.0000000E+00
   3.2521910E-01  -3.4956578E+01   0.0000000E+00   1.0524071E+00  -5.3399133E-01  -5.1841582E-01   0.0000000E+00   0.0000000E+00
   3.2739201E-01  -3.4783555E+01   0.0000000E+00   1.0594881E+00  -5.3748157E-01  -5.2200655E-01   0.0000000E+00   0.0000000E+00
   3.2957944E-01  -3.4610821E+01   0.0000000E+00   1.0666173E+00  -5.4099354E-01  -5.2562374E-01   0.0000000E+00   0.0000000E+00
   3.3178147E-01  -3.4438377E+01   0.0000000E+00   1.0737950E+00  -5.4452735E-01  -5.2926762E-01   0.0000000E+00   0.0000000E+00
   3.3399821E-01  -3.4266222E+01   0.0000000E+00   1.0810215E+00  -5.4808311E-01  -5.3293840E-01   0.0000000E+00   0.0000000E+00
   3.3622975E-01  -3.4094354E+01   0.0000000E+00   1.0882973E+00  -5.5166094E-01  -5.3663632E-01   0.0000000E+00   0.0000000E+00
   3.3847620E-01  -3.3922773E+01   0.0000000E+00   1.0956226E+00  -5.5526095E-01  -5.4036161E-01   0.0000000E+00   0.0000000E+00
   3.4073765E-01  -3.3751476E+01   0.0000000E+00   1.1029977E+00  -5.5888324E-01  -5.4411450E-01   0.0000000E+00   0.0000000E+00
   3.4301420E-01  -3.3580462E+01   0.0000000E+00   1.1104232E+00  -5.6252795E-01  -5.4789523E-01   0.0000000E+00   0.0000000E+00
   3.4530596E-01  -3.3409728E+01   0.0000000E+00   1.1178992E+00  -5.6619517E-01  -5.5170403E-01   0.0000000E+00   0.0000000E+00
   3.4761303E-01  -3.3239273E+01   0.0000000E+00   1.1254262E+00  -5.6988502E-01  -5.5554115E-01   0.0000000E+00   0.0000000E+00
   3.4993550E-01  -3.3069092E+01   0.0000000E+00   1.1330044E+00  -5.7359762E-01  -5.5940683E-01   0.0000000E+00   0.0000000E+00
   3.5227348E-01  -3.2899184E+01   0.0000000E+00   1.1406344E+00  -5.7733307E-01  -5.6330132E-01   0.0000000E+00   0.0000000E+00
   3.5462708E-01  -3.2729544E+01   0.0000000E+00   1.1483163E+00  -5.8109149E-01  -5.6722486E-01   0.0000000E+00   0.0000000E+00
   3.5699640E-01  -3.2560171E+01   0.0000000E+00   1.1560507E+00  -5.8487299E-01  -5.7117770E-01   0.0000000E+00   0.0000000E+00
   3.5938154E-01  -3.2391060E+01   0.0000000E+00   1.1638378E+00  -5.8867768E-01  -5.7516011E-01   0.0000000E+00   0.0000000E+00
   3.6178261E-01  -3.2222207E+01   0.0000000E+00   1.1716780E+00  -5.9250568E-01  -5.7917234E-01   0.0000000E+00   0.0000000E+00
   3.6419971E-01  -3.2053610E+01   0.0000000E+00   1.1795717E+00  -5.9635710E-01  -5.8321464E-01   0.0000000E+00   0.0000000E+00
   3.6663296E-01  -3.1885264E+01   0.0000000E+00   1.1875193E+00  -6.0023206E-01  -5.8728728E-01   0.0000000E+00   0.0000000E+00
   3.6908246E-01  -3.1717166E+01   0.0000000E+00   1.1955212E+00  -6.0413065E-01  -5.9139053E-01   0.0000000E+00   0.0000000E+00
   3.7154832E-01  -3.1549311E+01   0.0000000E+00   1.2035776E+00  -6.0805300E-01  -5.9552465E-01   0.0000000E+00   0.0000000E+00
   3.7403065E-01  -3.1381695E+01   0.0000000E+00   1.2116891E+00  -6.1199922E-01  -5.9968991E-01   0.0000000E+00   0.0000000E+00
   3.7652955E-01  -3.1214316E+01   0.0000000E+00   1.2198560E+00  -6.1596941E-01  -6.0388659E-01   0.0000000E+00   0.0000000E+00
   3.7904515E-01  -3.1047168E+01   0.0000000E+00   1.2280787E+00  -6.1996370E-01  -6.0811497E-01   0.0000000E+00   0.0000000E+00
   3.8157755E-01  -3.0880248E+01   0.0000000E+00   1.2363575E+00  -6.2398218E-01  -6.1237532E-01   0.0000000E+00   0.0000000E+00
   3.8412685E-01  -3.0713553E+01   0.0000000E+00   1.2446929E+00  -6.2802497E-01  -6.1666793E-01   0.0000000E+00   0.0000000E+00
   3.8669319E-01  -3.0547078E+01   0.0000000E+00   1.2530853E+00  -6.3209219E-01  -6.2099309E-01   0.0000000E+00   0.0000000E+00
   3.8927666E-01  -3.0380821E+01   0.0000000E+00   1.2615350E+00  -6.3618393E-01  -6.2535108E-01   0.0000000E+00   0.0000000E+00
   3.9187739E-01  -3.0214777E+01   0.0000000E+00   1.2700425E+00  -6.4030032E-01  -6.2974220E-01   0.0000000E+00   0.0000000E+00
   3.9449549E-01  -3.0048944E+01   0.0000000E+00   1.2786082E+00  -6.4444145E-01  -6.3416674E-01   0.0000000E+00   0.0000000E+00
   3.9713107E-01  -2.9883319E+01   0.0000000E+00   1.2872324E+00  -6.4860744E-01  -6.3862500E-01   0.0000000E+00   0.0000000E+00
   3.9978426E-01  -2.9717898E+01   0.0000000E+00   1.2959157E+00  -6.5279840E-01  -6.4311728E-01   0.0000000E+00   0.0000000E+00
   4.0245517E-01  -2.9552679E+01   0.0000000E+00   1.3046583E+00  -6.5701443E-01  -6.4764389E-01   0.0000000E+00   0.0000000E+00
   4.0514391E-01  -2.9387660E+01   0.0000000E+00   1.3134608E+00  -6.6125564E-01  -6.5220515E-01   0.0000000E+00   0.0000000E+00
   4.0785061E-01  -2.9222839E+01   0.0000000E+00   1.3223235E+00  -6.6552214E-01  -6.5680135E-01   0.0000000E+00   0.0000000E+00
   4.1057539E-01  -2.9058213E+01   0.0000000E+00   1.3312469E+00  -6.6981403E-01  -6.6143282E-01   0.0000000E+00   0.0000000E+00
   4.1331836E-01  -2.8893780E+01   0.0000000E+00   1.3402313E+00  -6.7413142E-01  -6.6609988E-01   0.0000000E+00   0.0000000E+00
   4.1607966E-01  -2.8729540E+01   0.0000000E+00   1.3492773E+00  -6.7847441E-01  -6.7080285E-01   0.0000000E+00   0.0000000E+00
   4.1885939E-01  -2.8565491E+01   0.0000000E+00   1.3583852E+00  -6.8284312E-01  -6.7554206E-01   0.0000000E+00   0.0000000E+00
   4.2165769E-01  -2.8401631E+01   0.0000000E+00   1.3675555E+00  -6.8723763E-01  -6.8031783E-01   0.0000000E+00   0.0000000E+00
   4.2447468E-01  -2.8237961E+01   0.0000000E+00   1.3767886E+00  -6.9165805E-01  -6.8513050E-01   0.0000000E+00   0.0000000E+00
   4.2731049E-01  -2.8074480E+01   0.0000000E+00   1.3860849E+00  -6.9610450E-01  -6.8998041E-01   0.0000000E+00   0.0000000E+00
   4.3016523E-01  -2.7911187E+01   0.0000000E+00   1.3954450E+00  -7.0057706E-01  -6.9486791E-01   0.0000000E+00   0.0000000E+00
   4.3303904E-01  -2.7748083E+01   0.0000000E+00   1.4048692E+00  -7.0507583E-01  -6.9979333E-01   0.0000000E+00   0.0000000E+00
   4.3593204E-01  -2.7585170E+01   0.0000000E+00   1.4143579E+00  -7.0960092E-01  -7.0475702E-01   0.0000000E+00   0.0000000E+00
   4.3884437E-01  -2.7422447E+01   0.0000000E+00   1.4239118E+00  -7.1415243E-01  -7.0975935E-01   0.0000000E+00   0.0000000E+00
   4.4177614E-01  -2.7259917E+01   0.0000000E+00   1.4335311E+00  -7.1873045E-01  -7.1480066E-01   0.0000000E+00   0.0000000E+00
   4.4472749E-01  -2.7097582E+01   0.0000000E+00   1.4432164E+00  -7.2333508E-01  -7.1988131E-01   0.0000000E+00   0.0000000E+00
   4.4769856E-01  -2.6935446E+01   0.0000000E+00   1.4529681E+00  -7.2796641E-01  -7.2500168E-01   0.0000000E+00   0.0000000E+00
   4.5068947E-01  -2.6773514E+01   0.0000000E+00   1.4627867E+00  -7.3262454E-01  -7.3016214E-01   0.0000000E+00   0.0000000E+00
   4.5370035E-01  -2.6611790E+01   0.0000000E+00   1.4726726E+00  -7.3730956E-01  -7.3536304E-01   0.0000000E+00   0.0000000E+00
   4.5673134E-01  -2.6450282E+01   0.0000000E+00   1.4826263E+00  -7.4202156E-01  -7.4060479E-01   0.0000000E+00   0.0000000E+00
   4.5978258E-01  -2.6288998E+01   0.0000000E+00   1.4926484E+00  -7.4676064E-01  -7.4588774E-01   0.0000000E+00   0.0000000E+00
   4.6285419E-01  -2.6127950E+01   0.0000000E+00   1.5027392E+00  -7.5152688E-01  -7.5121230E-01   0.0000000E+00   0.0000000E+00
   4.6594631E-01  -2.5967150E+01   0.0000000E+00   1.5128992E+00  -7.5632038E-01  -7.5657885E-01   0.0000000E+00   0.0000000E+00
   4.6905909E-01  -2.5806614E+01   0.0000000E+00   1.5231290E+00  -7.6114121E-01  -7.6198780E-01   0.0000000E+00   0.0000000E+00
   4.7219266E-01  -2.5646360E+01   0.0000000E+00   1.5334290E+00  -7.6598946E-01  -7.6743952E-01   0.0000000E+00   0.0000000E+00
   4.7534715E-01  -2.5486410E+01   0.0000000E+00   1.5437997E+00  -7.7086523E-01  -7.7293445E-01   0.0000000E+00   0.0000000E+00
   4.7852272E-01  -2.5326791E+01   0.0000000E+00   1.5542415E+00  -7.7576858E-01  -7.7847297E-01   0.0000000E+00   0.0000000E+00
   4.8171949E-01  -2.5167530E+01   0.0000000E+00   1.5647551E+00  -7.8069960E-01  -7.8405550E-01   0.0000000E+00   0.0000000E+00
   4.8493761E-01  -2.5008662E+01   0.0000000E+00   1.5753409E+00  -7.8565838E-01  -7.8968247E-01   0.0000000E+00   0.0000000E+00
   4.8817722E-01  -2.4850226E+01   0.0000000E+00   1.5859993E+00  -7.9064498E-01  -7.9535430E-01   0.0000000E+00   0.0000000E+00
   4.9143847E-01  -2.4692262E+01   0.0000000E+00   1.5967309E+00  -7.9565948E-01  -8.0107141E-01   0.0000000E+00   0.0000000E+00
   4.9472151E-01  -2.4534818E+01   0.0000000E+00   1.6075362E+00  -8.0070196E-01  -8.0683424E-01   0.0000000E+00   0.0000000E+00
   4.9802646E-01  -2.4377945E+01   0.0000000E+00   1.6184157E+00  -8.0577249E-01  -8.1264322E-01   0.0000000E+00   0.0000000E+00
   5.0135349E-01  -2.4221697E+01   0.0000000E+00   1.6293699E+00  -8.1087113E-01  -8.1849879E-01   0.0000000E+00   0.0000000E+00
   5.0470274E-01  -2.4066132E+01   0.0000000E+00   1.6403994E+00  -8.1599796E-01  -8.2440141E-01   0.0000000E+00   0.0000000E+00
   5.0807436E-01  -2.3911309E+01   0.0000000E+00   1.6515046E+00  -8.2115305E-01  -8.3035153E-01   0.0000000E+00   0.0000000E+00
   5.1146850E-01  -2.3757288E+01   0.0000000E+00   1.6626860E+00  -8.2633644E-01  -8.3634959E-01   0.0000000E+00   0.0000000E+00
   5.1488530E-01  -2.3604131E+01   0.0000000E+00   1.6739443E+00  -8.3154822E-01  -8.4239608E-01   0.0000000E+00   0.0000000E+00
   5.1832493E-01  -2.3451896E+01   0.0000000E+00   1.6852799E+00  -8.3678843E-01  -8.4849145E-01   0.0000000E+00   0.0000000E+00
   5.2178752E-01  -2.3300636E+01   0.0000000E+00   1.6966933E+00  -8.4205714E-01  -8.5463618E-01   0.0000000E+00   0.0000000E+00
   5.2527324E-01  -2.3150401E+01   0.0000000E+00   1.7081851E+00  -8.4735439E-01  -8.6083075E-01   0.0000000E+00   0.0000000E+00
   5.2878224E-01  -2.3001231E+01   0.0000000E+00   1.7197559E+00  -8.5268024E-01  -8.6707563E-01   0.0000000E+00   0.0000000E+00
   5.3231468E-01  -2.2853156E+01   0.0000000E+00   1.7314061E+00  -8.5803474E-01  -8.7337133E-01   0.0000000E+00   0.0000000E+00
   5.3587071E-01  -2.2706193E+01   0.0000000E+00   1.7431363E+00  -8.6341793E-01  -8.7971833E-01   0.0000000E+00   0.0000000E+00
   5.3945049E-01  -2.2560345E+01   0.0000000E+00   1.7549470E+00  -8.6882987E-01  -8.8611714E-01   0.0000000E+00   0.0000000E+00
   5.4305417E-01  -2.2415598E+01   0.0000000E+00   1.7668388E+00  -8.7427058E-01  -8.9256826E-01   0.0000000E+00   0.0000000E+00
   5.4668193E-01  -2.2271923E+01   0.0000000E+00   1.7788123E+00  -8.7974011E-01  -8.9907221E-01   0.0000000E+00   0.0000000E+00
   5.5033391E-01  -2.2129272E+01   0.0000000E+00   1.7908680E+00  -8.8523849E-01  -9.0562950E-01   0.0000000E+00   0.0000000E+00
   5.5401028E-01  -2.1987579E+01   0.0000000E+00   1.8030064E+00  -8.9076576E-01  -9.1224065E-01   0.0000000E+00   0.0000000E+00
   5.5771121E-01  -2.1846765E+01   0.0000000E+00   1.8152281E+00  -8.9632194E-01  -9.1890620E-01   0.0000000E+00   0.0000000E+00
   5.6143685E-01  -2.1706735E+01   0.0000000E+00   1.8275337E+00  -9.0190706E-01  -9.2562668E-01   0.0000000E+00   0.0000000E+00
   5.6518738E-01  -2.1567386E+01   0.0000000E+00   1.8399238E+00  -9.0752114E-01  -9.3240264E-01   0.0000000E+00   0.0000000E+00
   5.6896295E-01  -2.1428607E+01   0.0000000E+00   1.8523988E+00  -9.1316419E-01  -9.3923461E-01   0.0000000E+00   0.0000000E+00
   5.7276374E-01  -2.1290285E+01   0.0000000E+00   1.8649594E+00  -9.1883625E-01  -9.4612315E-01   0.0000000E+00   0.0000000E+00
   5.7658991E-01  -2.1152309E+01   0.0000000E+00   1.8776061E+00  -9.2453730E-01  -9.5306883E-01   0.0000000E+00   0.0000000E+00
   5.8044164E-01  -2.1014576E+01   0.0000000E+00   1.8903396E+00  -9.3026738E-01  -9.6007221E-01   0.0000000E+00   0.0000000E+00
   5.8431909E-01  -2.0876990E+01   0.0000000E+00   1.9031603E+00  -9.3602646E-01  -9.6713385E-01   0.0000000E+00   0.0000000E+00
   5.8822244E-01  -2.0739469E+01   0.0000000E+00   1.9160689E+00  -9.4181456E-01  -9.7425435E-01   0.0000000E+00   0.0000000E+00
   5.9215185E-01  -2.0601945E+01   0.0000000E+00   1.9290660E+00  -9.4763168E-01  -9.8143427E-01   0.0000000E+00   0.0000000E+00
   5.9610751E-01  -2.0464365E+01   0.0000000E+00   1.9421520E+00  -9.5347779E-01  -9.8867422E-01   0.0000000E+00   0.0000000E+00
   6.0008959E-01  -2.0326695E+01   0.0000000E+00   1.9553277E+00  -9.5935290E-01  -9.9597479E-01   0.0000000E+00   0.0000000E+00
   6.0409827E-01  -2.0188913E+01   0.0000000E+00   1.9685936E+00  -9.6525697E-01  -1.0033366E+00   0.0000000E+00   0.0000000E+00
   6.0813371E-01  -2.0051010E+01   0.0000000E+00   1.9819502E+00  -9.7119000E-01  -1.0107602E+00   0.0000000E+00   0.0000000E+00
   6.1219611E-01  -1.9912993E+01   0.0000000E+00   1.9953983E+00  -9.7715195E-01  -1.0182463E+00   0.0000000E+00   0.0000000E+00
   6.1628564E-01  -1.9774875E+01   0.0000000E+00   2.0089383E+00  -9.8314278E-01  -1.0257955E+00   0.0000000E+00   0.0000000E+00
   6.2040248E-01  -1.9636678E+01   0.0000000E+00   2.0225708E+00  -9.8916247E-01  -1.0334083E+00   0.0000000E+00   0.0000000E+00
   6.2454681E-01  -1.9498431E+01   0.0000000E+00   2.0362965E+00  -9.9521097E-01  -1.0410856E+00   0.0000000E+00   0.0000000E+00
   6.2871883E-01  -1.9360166E+01   0.0000000E+00   2.0501160E+00  -1.0012882E+00  -1.0488278E+00   0.0000000E+00   0.0000000E+00
   6.3291870E-01  -1.9221917E+01   0.0000000E+00   2.0640298E+00  -1.0073942E+00  -1.0566356E+00   0.0000000E+00   0.0000000E+00
   6.3714663E-01  -1.9083718E+01   0.0000000E+00   2.0780386E+00  -1.0135288E+00  -1.0645097E+00   0.0000000E+00   0.0000000E+00
   6.4140279E-01  -1.8945605E+01   0.0000000E+00   2.0921429E+00  -1.0196921E+00  -1.0724509E+00   0.0000000E+00   0.0000000E+00
   6.4568738E-01  -1.8807612E+01   0.0000000E+00   2.1063434E+00  -1.0258838E+00  -1.0804596E+00   0.0000000E+00   0.0000000E+00
   6.5000059E-01  -1.8669770E+01   0.0000000E+00   2.1206406E+00  -1.0321040E+00  -1.0885366E+00   0.0000000E+00   0.0000000E+00
   6.5434260E-01  -1.8532109E+01   0.0000000E+00   2.1350352E+00  -1.0383525E+00  -1.0966827E+00   0.0000000E+00   0.0000000E+00
   6.5871361E-01  -1.8394657E+01   0.0000000E+00   2.1495278E+00  -1.0446293E+00  -1.1048984E+00   0.0000000E+00   0.0000000E+00
   6.6311381E-01  -1.8257440E+01   0.0000000E+00   2.1641189E+00  -1.0509343E+00  -1.1131846E+00   0.0000000E+00   0.0000000E+00
   6.6754340E-01  -1.8120481E+01   0.0000000E+00   2.1788092E+00  -1.0572674E+00  -1.1215418E+00   0.0000000E+00   0.0000000E+00
   6.7200257E-01  -1.7983799E+01   0.0000000E+00   2.1935993E+00  -1.0636284E+00  -1.1299709E+00   0.0000000E+00   0.0000000E+00
   6.7649152E-01  -1.7847414E+01   0.0000000E+00   2.2084897E+00  -1.0700173E+00  -1.1384725E+00   0.0000000E+00   0.0000000E+00
   6.8101046E-01  -1.7711342E+01   0.0000000E+00   2.2234812E+00  -1.0764339E+00  -1.1470473E+00   0.0000000E+00   0.0000000E+00
   6.8555957E-01  -1.7575598E+01   0.0000000E+00   2.2385743E+00  -1.0828781E+00  -1.1556962E+00   0.0000000E+00   0.0000000E+00
   6.9013907E-01  -1.7440195E+01   0.0000000E+00   2.2537696E+00  -1.0893498E+00  -1.1644198E+00   0.0000000E+00   0.0000000E+00
   6.9474915E-01  -1.7305145E+01   0.0000000E+00   2.2690677E+00  -1.0958488E+00  -1.1732189E+00   0.0000000E+00   0.0000000E+00
   6.9939002E-01  -1.7170457E+01   0.0000000E+00   2.2844692E+00  -1.1023750E+00  -1.1820942E+00   0.0000000E+00   0.0000000E+00
   7.0406189E-01  -1.7036141E+01   0.0000000E+00   2.2999747E+00  -1.1089281E+00  -1.1910466E+00   0.0000000E+00   0.0000000E+00
   7.0876495E-01  -1.6902206E+01   0.0000000E+00   2.3155849E+00  -1.1155081E+00  -1.2000768E+00   0.0000000E+00   0.0000000E+00
   7.1349943E-01  -1.6768658E+01   0.0000000E+00   2.3313003E+00  -1.1221148E+00  -1.2091855E+00   0.0000000E+00   0.0000000E+00
   7.1826553E-01  -1.6635506E+01   0.0000000E+00   2.3471215E+00  -1.1287479E+00  -1.2183736E+00   0.0000000E+00   0.0000000E+00
   7.2306345E-01  -1.6502755E+01   0.0000000E+00   2.3630492E+00  -1.1354074E+00  -1.2276419E+00   0.0000000E+00   0.0000000E+00
   7.2789343E-01  -1.6370412E+01   0.0000000E+00   2.3790839E+00  -1.1420928E+00  -1.2369911E+00   0.0000000E+00   0.0000000E+00
   7.3275565E-01  -1.6238483E+01   0.0000000E+00   2.3952263E+00  -1.1488042E+00  -1.2464221E+00   0.0000000E+00   0.0000000E+00
   7.3765036E-01  -1.6106974E+01   0.0000000E+00   2.4114768E+00  -1.1555411E+00  -1.2559357E+00   0.0000000E+00   0.0000000E+00
   7.4257775E-01  -1.5975891E+01   0.0000000E+00   2.4278362E+00  -1.1623035E+00  -1.2655327E+00   0.0000000E+00   0.0000000E+00
   7.4753805E-01  -1.5845241E+01   0.0000000E+00   2.4443050E+00  -1.1690910E+00  -1.2752140E+00   0.0000000E+00   0.0000000E+00
   7.5253148E-01  -1.5715030E+01   0.0000000E+00   2.4608838E+00  -1.1759035E+00  -1.2849803E+00   0.0000000E+00   0.0000000E+00
   7.5755826E-01  -1.5585264E+01   0.0000000E+00   2.4775732E+00  -1.1827406E+00  -1.2948326E+00   0.0000000E+00   0.0000000E+00
   7.6261861E-01  -1.5455951E+01   0.0000000E+00   2.4943737E+00  -1.1896020E+00  -1.3047717E+00   0.0000000E+00   0.0000000E+00
   7.6771275E-01  -1.5327098E+01   0.0000000E+00   2.5112860E+00  -1.1964875E+00  -1.3147984E+00   0.0000000E+00   0.0000000E+00
   7.7284092E-01  -1.5198711E+01   0.0000000E+00   2.5283105E+00  -1.2033968E+00  -1.3249137E+00   0.0000000E+00   0.0000000E+00
   7.7800334E-01  -1.5070800E+01   0.0000000E+00   2.5454480E+00  -1.2103296E+00  -1.3351184E+00   0.0000000E+00   0.0000000E+00
   7.8320023E-01  -1.4943371E+01   0.0000000E+00   2.5626989E+00  -1.2172855E+00  -1.3454134E+00   0.0000000E+00   0.0000000E+00
   7.8843184E-01  -1.4816435E+01   0.0000000E+00   2.5800638E+00  -1.2242643E+00  -1.3557995E+00   0.0000000E+00   0.0000000E+00
   7.9369838E-01  -1.4689999E+01   0.0000000E+00   2.5975432E+00  -1.2312655E+00  -1.3662777E+00   0.0000000E+00   0.0000000E+00
   7.9900010E-01  -1.4564073E+01   0.0000000E+00   2.6151378E+00  -1.2382888E+00  -1.3768489E+00   0.0000000E+00   0.0000000E+00
   8.0433722E-01  -1.4438666E+01   0.0000000E+00   2.6328480E+00  -1.2453339E+00  -1.3875140E+00   0.0000000E+00   0.0000000E+00
   8.0970999E-01  -1.4313787E+01   0.0000000E+00   2.6506743E+00  -1.2524004E+00  -1.3982740E+00   0.0000000E+00   0.0000000E+00
   8.1511864E-01  -1.4189447E+01   0.0000000E+00   2.6686175E+00  -1.2594878E+00  -1.4091296E+00   0.0000000E+00   0.0000000E+00
   8.2056342E-01  -1.4065655E+01   0.0000000E+00   2.6866778E+00  -1.2665958E+00  -1.4200820E+00   0.0000000E+00   0.0000000E+00
   8.2604456E-01  -1.3942422E+01   0.0000000E+00   2.7048559E+00  -1.2737239E+00  -1.4311320E+00   0.0000000E+00   0.0000000E+00
   8.3156230E-01  -1.3819757E+01   0.0000000E+00   2.7231523E+00  -1.2808718E+00  -1.4422805E+00   0.0000000E+00   0.0000000E+00
   8.3711690E-01  -1.3697671E+01   0.0000000E+00   2.7415674E+00  -1.2880388E+00  -1.4535286E+00   0.0000000E+00   0.0000000E+00
   8.4270859E-01  -1.3576174E+01   0.0000000E+00   2.7601018E+00  -1.2952247E+00  -1.4648772E+00   0.0000000E+00   0.0000000E+00
   8.4833763E-01  -1.3455276E+01   0.0000000E+00   2.7787560E+00  -1.3024288E+00  -1.4763272E+00   0.0000000E+00   0.0000000E+00
   8.5400427E-01  -1.3334987E+01   0.0000000E+00   2.7975304E+00  -1.3096507E+00  -1.4878796E+00   0.0000000E+00   0.0000000E+00
   8.5970874E-01  -1.3215318E+01   0.0000000E+00   2.8164254E+00  -1.3168900E+00  -1.4995355E+00   0.0000000E+00   0.0000000E+00
   8.6545132E-01  -1.3096277E+01   0.0000000E+00   2.8354417E+00  -1.3241459E+00  -1.5112957E+00   0.0000000E+00   0.0000000E+00
   8.7123225E-01  -1.2977875E+01   0.0000000E+00   2.8545795E+00  -1.3314181E+00  -1.5231613E+00   0.0000000E+00   0.0000000E+00
   8.7705179E-01  -1.2860122E+01   0.0000000E+00   2.8738393E+00  -1.3387059E+00  -1.5351334E+00   0.0000000E+00   0.0000000E+00
   8.8291019E-01  -1.2743026E+01   0.0000000E+00   2.8932215E+00  -1.3460088E+00  -1.5472127E+00   0.0000000E+00   0.0000000E+00
   8.8880772E-01  -1.2626598E+01   0.0000000E+00   2.9127267E+00  -1.3533261E+00  -1.5594005E+00   0.0000000E+00   0.0000000E+00
   8.9474464E-01  -1.2510844E+01   0.0000000E+00   2.9323550E+00  -1.3606573E+00  -1.5716977E+00   0.0000000E+00   0.0000000E+00
   9.0072121E-01  -1.2395775E+01   0.0000000E+00   2.9521071E+00  -1.3680017E+00  -1.5841053E+00   0.0000000E+00   0.0000000E+00
   9.0673769E-01  -1.2281399E+01   0.0000000E+00   2.9719831E+00  -1.3753587E+00  -1.5966244E+00   0.0000000E+00   0.0000000E+00
   9.1279436E-01  -1.2167723E+01   0.0000000E+00   2.9919835E+00  -1.3827275E+00  -1.6092559E+00   0.0000000E+00   0.0000000E+00
   9.1889148E-01  -1.2054755E+01   0.0000000E+00   3.0121086E+00  -1.3901076E+00  -1.6220010E+00   0.0000000E+00   0.0000000E+00
   9.2502931E-01  -1.1942502E+01   0.0000000E+00   3.0323587E+00  -1.3974981E+00  -1.6348606E+00   0.0000000E+00   0.0000000E+00
   9.3120814E-01  -1.1830972E+01   0.0000000E+00   3.0527342E+00  -1.4048984E+00  -1.6478358E+00   0.0000000E+00   0.0000000E+00
   9.3742824E-01  -1.1720171E+01   0.0000000E+00   3.0732353E+00  -1.4123077E+00  -1.6609276E+00   0.0000000E+00   0.0000000E+00
   9.4368987E-01  -1.1610104E+01   0.0000000E+00   3.0938623E+00  -1.4197253E+00  -1.6741371E+00   0.0000000E+00   0.0000000E+00
   9.4999333E-01  -1.1500779E+01   0.0000000E+00   3.1146155E+00  -1.4271502E+00  -1.6874653E+00   0.0000000E+00   0.0000000E+00
   9.5633889E-01  -1.1392201E+01   0.0000000E+00   3.1354951E+00  -1.4345819E+00  -1.7009133E+00   0.0000000E+00   0.0000000E+00
   9.6272682E-01  -1.1284374E+01   0.0000000E+00   3.1565014E+00  -1.4420193E+00  -1.7144821E+00   0.0000000E+00   0.0000000E+00
   9.6915742E-01  -1.1177304E+01   0.0000000E+00   3.1776345E+00  -1.4494617E+00  -1.7281728E+00   0.0000000E+00   0.0000000E+00
   9.7563096E-01  -1.1070994E+01   0.0000000E+00   3.1988947E+00  -1.4569081E+00  -1.7419865E+00   0.0000000E+00   0.0000000E+00
   9.8214774E-01  -1.0965449E+01   0.0000000E+00   3.2202820E+00  -1.4643577E+00  -1.7559242E+00   0.0000000E+00   0.0000000E+00
   9.8870804E-01  -1.0860673E+01   0.0000000E+00   3.2417966E+00  -1.4718096E+00  -1.7699870E+00   0.0000000E+00   0.0000000E+00
   9.9531216E-01  -1.0756669E+01   0.0000000E+00   3.2634387E+00  -1.4792627E+00  -1.7841760E+00   0.0000000E+00   0.0000000E+00
   1.0019604E+00  -1.0653440E+01   0.0000000E+00   3.2852084E+00  -1.4867162E+00  -1.7984921E+00   0.0000000E+00   0.0000000E+00
   1.0086530E+00  -1.0550988E+01   0.0000000E+00   3.3071056E+00  -1.4941690E+00  -1.8129366E+00   0.0000000E+00   0.0000000E+00
   1.0153903E+00  -1.0449315E+01   0.0000000E+00   3.3291305E+00  -1.5016201E+00  -1.8275103E+00   0.0000000E+00   0.0000000E+00
   1.0221726E+00  -1.0348424E+01   0.0000000E+00   3.3512830E+00  -1.5090685E+00  -1.8422145E+00   0.0000000E+00   0.0000000E+00
   1.0290003E+00  -1.0248316E+01   0.0000000E+00   3.3735633E+00  -1.5165131E+00  -1.8570502E+00   0.0000000E+00   0.0000000E+00
   1.0358735E+00  -1.0148993E+01   0.0000000E+00   3.3959711E+00  -1.5239527E+00  -1.8720184E+00   0.0000000E+00   0.0000000E+00
   1.0427926E+00  -1.0050454E+01   0.0000000E+00   3.4185065E+00  -1.5313864E+00  -1.8871201E+00   0.0000000E+00   0.0000000E+00
   1.0497579E+00  -9.9527010E+00   0.0000000E+00   3.4411694E+00  -1.5388128E+00  -1.9023566E+00   0.0000000E+00   0.0000000E+00
   1.0567698E+00  -9.8557341E+00   0.0000000E+00   3.4639596E+00  -1.5462310E+00  -1.9177287E+00   0.0000000E+00   0.0000000E+00
   1.0638284E+00  -9.7595531E+00   0.0000000E+00   3.4868771E+00  -1.5536395E+00  -1.9332376E+00   0.0000000E+00   0.0000000E+00
   1.0709343E+00  -9.6641578E+00   0.0000000E+00   3.5099215E+00  -1.5610373E+00  -1.9488842E+00   0.0000000E+00   0.0000000E+00
   1.0780875E+00  -9.5695476E+00   0.0000000E+00   3.5330928E+00  -1.5684230E+00  -1.9646698E+00   0.0000000E+00   0.0000000E+00
   1.0852886E+00  -9.4757217E+00   0.0000000E+00   3.5563906E+00  -1.5757954E+00  -1.9805952E+00   0.0000000E+00   0.0000000E+00
   1.0925377E+00  -9.3826791E+00   0.0000000E+00   3.5798147E+00  -1.5831532E+00  -1.9966616E+00   0.0000000E+00   0.0000000E+00
   1.0998353E+00  -9.2904183E+00   0.0000000E+00   3.6033648E+00  -1.5904949E+00  -2.0128699E+00   0.0000000E+00   0.0000000E+00
   1.1071816E+00  -9.1989379E+00   0.0000000E+00   3.6270404E+00  -1.5978193E+00  -2.0292211E+00   0.0000000E+00   0.0000000E+00
   1.1145769E+00  -9.1082361E+00   0.0000000E+00   3.6508413E+00  -1.6051249E+00  -2.0457164E+00   0.0000000E+00   0.0000000E+00
   1.1220217E+00  -9.0183110E+00   0.0000000E+00   3.6747669E+00  -1.6124102E+00  -2.0623567E+00   0.0000000E+00   0.0000000E+00
   1.1295162E+00  -8.9291604E+00   0.0000000E+00   3.6988169E+00  -1.6196739E+00  -2.0791430E+00   0.0000000E+00   0.0000000E+00
   1.1370607E+00  -8.8407819E+00   0.0000000E+00   3.7229907E+00  -1.6269143E+00  -2.0960764E+00   0.0000000E+00   0.0000000E+00
   1.1446556E+00  -8.7531730E+00   0.0000000E+00   3.7472877E+00  -1.6341300E+00  -2.1131577E+00   0.0000000E+00   0.0000000E+00
   1.1523012E+00  -8.6663312E+00   0.0000000E+00   3.7717075E+00  -1.6413194E+00  -2.1303880E+00   0.0000000E+00   0.0000000E+00
   1.1599979E+00  -8.5802536E+00   0.0000000E+00   3.7962492E+00  -1.6484809E+00  -2.1477683E+00   0.0000000E+00   0.0000000E+00
   1.1677460E+00  -8.4949372E+00   0.0000000E+00   3.8209124E+00  -1.6556128E+00  -2.1652996E+00   0.0000000E+00   0.0000000E+00
   1.1755459E+00  -8.4103790E+00   0.0000000E+00   3.8456962E+00  -1.6627134E+00  -2.1829828E+00   0.0000000E+00   0.0000000E+00
   1.1833978E+00  -8.3265758E+00   0.0000000E+00   3.8705999E+00  -1.6697811E+00  -2.2008188E+00   0.0000000E+00   0.0000000E+00
   1.1913022E+00  -8.2435243E+00   0.0000000E+00   3.8956226E+00  -1.6768140E+00  -2.2188087E+00   0.0000000E+00   0.0000000E+00
   1.1992594E+00  -8.1612212E+00   0.0000000E+00   3.9207636E+00  -1.6838103E+00  -2.2369533E+00   0.0000000E+00   0.0000000E+00
   1.2072697E+00  -8.0796630E+00   0.0000000E+00   3.9460219E+00  -1.6907683E+00  -2.2552537E+00   0.0000000E+00   0.0000000E+00
   1.2153335E+00  -7.9988462E+00   0.0000000E+00   3.9713966E+00  -1.6976859E+00  -2.2737107E+00   0.0000000E+00   0.0000000E+00
   1.2234512E+00  -7.9187673E+00   0.0000000E+00   3.9968866E+00  -1.7045614E+00  -2.2923252E+00   0.0000000E+00   0.0000000E+00
   1.2316231E+00  -7.8394225E+00   0.0000000E+00   4.0224909E+00  -1.7113926E+00  -2.3110983E+00   0.0000000E+00   0.0000000E+00
   1.2398495E+00  -7.7608082E+00   0.0000000E+00   4.0482084E+00  -1.7181775E+00  -2.3300309E+00   0.0000000E+00   0.0000000E+00
   1.2481309E+00  -7.6829207E+00   0.0000000E+00   4.0740379E+00  -1.7249141E+00  -2.3491238E+00   0.0000000E+00   0.0000000E+00
   1.2564676E+00  -7.6057564E+00   0.0000000E+00   4.0999782E+00  -1.7316001E+00  -2.3683781E+00   0.0000000E+00   0.0000000E+00
   1.2648600E+00  -7.5293114E+00   0.0000000E+00   4.1260280E+00  -1.7382334E+00  -2.3877946E+00   0.0000000E+00   0.0000000E+00
   1.2733084E+00  -7.4535819E+00   0.0000000E+00   4.1521860E+00  -1.7448116E+00  -2.4073744E+00   0.0000000E+00   0.0000000E+00
   1.2818133E+00  -7.3785644E+00   0.0000000E+00   4.1784508E+00  -1.7513325E+00  -2.4271183E+00   0.0000000E+00   0.0000000E+00
   1.2903750E+00  -7.3042549E+00   0.0000000E+00   4.2048210E+00  -1.7577935E+00  -2.4470275E+00   0.0000000E+00   0.0000000E+00
   1.2989938E+00  -7.2306497E+00   0.0000000E+00   4.2312951E+00  -1.7641922E+00  -2.4671029E+00   0.0000000E+00   0.0000000E+00
   1.3076702E+00  -7.1577452E+00   0.0000000E+00   4.2578715E+00  -1.7705259E+00  -2.4873455E+00   0.0000000E+00   0.0000000E+00
   1.3164046E+00  -7.0855377E+00   0.0000000E+00   4.2845485E+00  -1.7767920E+00  -2.5077565E+00   0.0000000E+00   0.0000000E+00
   1.3251972E+00  -7.0140234E+00   0.0000000E+00   4.3113245E+00  -1.7829876E+00  -2.5283369E+00   0.0000000E+00   0.0000000E+00
   1.3340487E+00  -6.9431987E+00   0.0000000E+00   4.3381978E+00  -1.7891098E+00  -2.5490880E+00   0.0000000E+00   0.0000000E+00
   1.3429592E+00  -6.8730601E+00   0.0000000E+00   4.3651665E+00  -1.7951555E+00  -2.5700110E+00   0.0000000E+00   0.0000000E+00
   1.3519292E+00  -6.8036039E+00   0.0000000E+00   4.3922287E+00  -1.8011216E+00  -2.5911071E+00   0.0000000E+00   0.0000000E+00
   1.3609592E+00  -6.7348267E+00   0.0000000E+00   4.4193826E+00  -1.8070048E+00  -2.6123778E+00   0.0000000E+00   0.0000000E+00
   1.3700494E+00  -6.6667249E+00   0.0000000E+00   4.4466261E+00  -1.8128015E+00  -2.6338246E+00   0.0000000E+00   0.0000000E+00
   1.3792004E+00  -6.5992952E+00   0.0000000E+00   4.4739572E+00  -1.8185080E+00  -2.6554491E+00   0.0000000E+00   0.0000000E+00
   1.3884124E+00  -6.5325342E+00   0.0000000E+00   4.5013736E+00  -1.8241206E+00  -2.6772530E+00   0.0000000E+00   0.0000000E+00
   1.3976860E+00  -6.4664386E+00   0.0000000E+00   4.5288733E+00  -1.8296350E+00  -2.6992383E+00   0.0000000E+00   0.0000000E+00
   1.4070216E+00  -6.4010050E+00   0.0000000E+00   4.5564539E+00  -1.8350470E+00  -2.7214069E+00   0.0000000E+00   0.0000000E+00
   1.4164195E+00  -6.3362303E+00   0.0000000E+00   4.5841131E+00  -1.8403519E+00  -2.7437612E+00   0.0000000E+00   0.0000000E+00
   1.4258801E+00  -6.2721114E+00   0.0000000E+00   4.6118485E+00  -1.8455449E+00  -2.7663036E+00   0.0000000E+00   0.0000000E+00
   1.4354039E+00  -6.2086451E+00   0.0000000E+00   4.6396576E+00  -1.8506207E+00  -2.7890369E+00   0.0000000E+00   0.0000000E+00
   1.4449914E+00  -6.1458283E+00   0.0000000E+00   4.6675380E+00  -1.8555739E+00  -2.8119641E+00   0.0000000E+00   0.0000000E+00
   1.4546428E+00  -6.0836582E+00   0.0000000E+00   4.6954868E+00  -1.8603984E+00  -2.8350885E+00   0.0000000E+00   0.0000000E+00
   1.4643588E+00  -6.0221318E+00   0.0000000E+00   4.7235016E+00  -1.8650878E+00  -2.8584138E+00   0.0000000E+00   0.0000000E+00
   1.4741396E+00  -5.9612462E+00   0.0000000E+00   4.7515795E+00  -1.8696354E+00  -2.8819441E+00   0.0000000E+00   0.0000000E+00
   1.4839857E+00  -5.9009987E+00   0.0000000E+00   4.7797177E+00  -1.8740337E+00  -2.9056841E+00   0.0000000E+00   0.0000000E+00
   1.4938976E+00  -5.8413863E+00   0.0000000E+00   4.8079134E+00  -1.8782747E+00  -2.9296387E+00   0.0000000E+00   0.0000000E+00
   1.5038757E+00  -5.7824065E+00   0.0000000E+00   4.8361635E+00  -1.8823500E+00  -2.9538135E+00   0.0000000E+00   0.0000000E+00
   1.5139205E+00  -5.7240566E+00   0.0000000E+00   4.8644651E+00  -1.8862502E+00  -2.9782149E+00   0.0000000E+00   0.0000000E+00
   1.5240323E+00  -5.6663339E+00   0.0000000E+00   4.8928150E+00  -1.8899652E+00  -3.0028497E+00   0.0000000E+00   0.0000000E+00
   1.5342116E+00  -5.6092359E+00   0.0000000E+00   4.9212101E+00  -1.8934844E+00  -3.0277257E+00   0.0000000E+00   0.0000000E+00
   1.5444590E+00  -5.5527600E+00   0.0000000E+00   4.9496471E+00  -1.8967959E+00  -3.0528512E+00   0.0000000E+00   0.0000000E+00
   1.5547748E+00  -5.4969037E+00   0.0000000E+00   4.9781228E+00  -1.8998869E+00  -3.0782359E+00   0.0000000E+00   0.0000000E+00
   1.5651594E+00  -5.4416646E+00   0.0000000E+00   5.0066338E+00  -1.9027437E+00  -3.1038901E+00   0.0000000E+00   0.0000000E+00
   1.5756135E+00  -5.3870402E+00   0.0000000E+00   5.0351766E+00  -1.9053513E+00  -3.1298253E+00   0.0000000E+00   0.0000000E+00
   1.5861373E+00  -5.3330279E+00   0.0000000E+00   5.0637478E+00  -1.9076935E+00  -3.1560542E+00   0.0000000E+00   0.0000000E+00
   1.5967314E+00  -5.2796255E+00   0.0000000E+00   5.0923438E+00  -1.9097528E+00  -3.1825910E+00   0.0000000E+00   0.0000000E+00
   1.6073963E+00  -5.2268303E+00   0.0000000E+00   5.1209609E+00  -1.9115100E+00  -3.2094509E+00   0.0000000E+00   0.0000000E+00
   1.6181324E+00  -5.1746399E+00   0.0000000E+00   5.1495956E+00  -1.9129447E+00  -3.2366509E+00   0.0000000E+00   0.0000000E+00
   1.6289403E+00  -5.1230518E+00   0.0000000E+00   5.1782439E+00  -1.9140345E+00  -3.2642094E+00   0.0000000E+00   0.0000000E+00
   1.6398203E+00  -5.0720635E+00   0.0000000E+00   5.2069023E+00  -1.9147556E+00  -3.2921467E+00   0.0000000E+00   0.0000000E+00
   1.6507729E+00  -5.0216722E+00   0.0000000E+00   5.2355667E+00  -1.9150820E+00  -3.3204847E+00   0.0000000E+00   0.0000000E+00
   1.6617987E+00  -4.9718754E+00   0.0000000E+00   5.2642333E+00  -1.9149860E+00  -3.3492473E+00   0.0000000E+00   0.0000000E+00
   1.6728982E+00  -4.9226702E+00   0.0000000E+00   5.2928981E+00  -1.9144377E+00  -3.3784604E+00   0.0000000E+00   0.0000000E+00
   1.6840718E+00  -4.8740537E+00   0.0000000E+00   5.3215570E+00  -1.9134050E+00  -3.4081520E+00   0.0000000E+00   0.0000000E+00
   1.6953200E+00  -4.8260229E+00   0.0000000E+00   5.3502061E+00  -1.9118539E+00  -3.4383522E+00   0.0000000E+00   0.0000000E+00
   1.7066433E+00  -4.7785747E+00   0.0000000E+00   5.3788412E+00  -1.9097479E+00  -3.4690932E+00   0.0000000E+00   0.0000000E+00
   1.7180422E+00  -4.7317058E+00   0.0000000E+00   5.4074581E+00  -1.9070482E+00  -3.5004098E+00   0.0000000E+00   0.0000000E+00
   1.7295173E+00  -4.6854127E+00   0.0000000E+00   5.4360526E+00  -1.9037137E+00  -3.5323389E+00   0.0000000E+00   0.0000000E+00
   1.7410690E+00  -4.6396917E+00   0.0000000E+00   5.4646205E+00  -1.8997008E+00  -3.5649197E+00   0.0000000E+00   0.0000000E+00
   1.7526979E+00  -4.5945389E+00   0.0000000E+00   5.4931576E+00  -1.8949635E+00  -3.5981941E+00   0.0000000E+00   0.0000000E+00
   1.7644044E+00  -4.5499503E+00   0.0000000E+00   5.5216594E+00  -1.8894531E+00  -3.6322064E+00   0.0000000E+00   0.0000000E+00
   1.7761892E+00  -4.5059215E+00   0.0000000E+00   5.5501218E+00  -1.8831182E+00  -3.6670035E+00   0.0000000E+00   0.0000000E+00
   1.7880526E+00  -4.4624479E+00   0.0000000E+00   5.5785402E+00  -1.8759047E+00  -3.7026354E+00   0.0000000E+00   0.0000000E+00
   1.7999952E+00  -4.4195248E+00   0.0000000E+00   5.6069103E+00  -1.8677552E+00  -3.7391551E+00   0.0000000E+00   0.0000000E+00
   1.8120176E+00  -4.3771471E+00   0.0000000E+00   5.6352277E+00  -1.8586085E+00  -3.7766192E+00   0.0000000E+00   0.0000000E+00
   1.8241203E+00  -4.3353094E+00   0.0000000E+00   5.6634880E+00  -1.8483998E+00  -3.8150882E+00   0.0000000E+00   0.0000000E+00
   1.8363039E+00  -4.2940060E+00   0.0000000E+00   5.6916868E+00  -1.8370591E+00  -3.8546276E+00   0.0000000E+00   0.0000000E+00
   1.8485688E+00  -4.2532312E+00   0.0000000E+00   5.7198195E+00  -1.8245112E+00  -3.8953083E+00   0.0000000E+00   0.0000000E+00
   1.8609156E+00  -4.2129787E+00   0.0000000E+00   5.7478818E+00  -1.8106745E+00  -3.9372073E+00   0.0000000E+00   0.0000000E+00
   1.8733449E+00  -4.1732422E+00   0.0000000E+00   5.7758692E+00  -1.7954835E+00  -3.9803858E+00   0.0000000E+00   0.0000000E+00
   1.8858572E+00  -4.1340150E+00   0.0000000E+00   5.8037774E+00  -1.7786044E+00  -4.0251729E+00   0.0000000E+00   0.0000000E+00
   1.8984530E+00  -4.0952902E+00   0.0000000E+00   5.8316017E+00  -1.7596550E+00  -4.0719467E+00   0.0000000E+00   0.0000000E+00
   1.9111330E+00  -4.0570607E+00   0.0000000E+00   5.8593380E+00  -1.7440648E+00  -4.1152731E+00   0.0000000E+00   0.0000000E+00
   1.9238977E+00  -4.0193191E+00   0.0000000E+00   5.8869816E+00  -1.7378989E+00  -4.1490827E+00   0.0000000E+00   0.0000000E+00
   1.9367476E+00  -3.9820579E+00   0.0000000E+00   5.9145284E+00  -1.7366913E+00  -4.1778372E+00   0.0000000E+00   0.0000000E+00
   1.9496833E+00  -3.9452695E+00   0.0000000E+00   5.9419740E+00  -1.7353108E+00  -4.2066633E+00   0.0000000E+00   0.0000000E+00
   1.9627055E+00  -3.9089460E+00   0.0000000E+00   5.9693141E+00  -1.7338991E+00  -4.2354150E+00   0.0000000E+00   0.0000000E+00
   1.9758145E+00  -3.8730795E+00   0.0000000E+00   5.9965445E+00  -1.7326811E+00  -4.2638634E+00   0.0000000E+00   0.0000000E+00
   1.9890112E+00  -3.8376619E+00   0.0000000E+00   6.0236609E+00  -1.7316238E+00  -4.2920370E+00   0.0000000E+00   0.0000000E+00
   2.0022960E+00  -3.8026852E+00   0.0000000E+00   6.0506592E+00  -1.7307148E+00  -4.3199444E+00   0.0000000E+00   0.0000000E+00
   2.0156695E+00  -3.7681411E+00   0.0000000E+00   6.0775353E+00  -1.7299412E+00  -4.3475941E+00   0.0000000E+00   0.0000000E+00
   2.0291323E+00  -3.7340214E+00   0.0000000E+00   6.1042853E+00  -1.7292899E+00  -4.3749954E+00   0.0000000E+00   0.0000000E+00
   2.0426851E+00  -3.7003181E+00   0.0000000E+00   6.1309052E+00  -1.7287474E+00  -4.4021578E+00   0.0000000E+00   0.0000000E+00
   2.0563283E+00  -3.6670230E+00   0.0000000E+00   6.1573911E+00  -1.7283000E+00  -4.4290911E+00   0.0000000E+00   0.0000000E+00
   2.0700627E+00  -3.6341281E+00   0.0000000E+00   6.1837393E+00  -1.7278244E+00  -4.4559150E+00   0.0000000E+00   0.0000000E+00
   2.0838888E+00  -3.6016252E+00   0.0000000E+00   6.2099461E+00  -1.7289435E+00  -4.4810026E+00   0.0000000E+00   0.0000000E+00
   2.0978072E+00  -3.5695066E+00   0.0000000E+00   6.2360080E+00  -1.7264879E+00  -4.5095201E+00   0.0000000E+00   0.0000000E+00
   2.1118186E+00  -3.5377645E+00   0.0000000E+00   6.2619213E+00  -1.7114122E+00  -4.5505091E+00   0.0000000E+00   0.0000000E+00
   2.1259236E+00  -3.5063912E+00   0.0000000E+00   6.2876829E+00  -1.6956085E+00  -4.5920744E+00   0.0000000E+00   0.0000000E+00
   2.1401227E+00  -3.4753792E+00   0.0000000E+00   6.3132893E+00  -1.6917775E+00  -4.6215119E+00   0.0000000E+00   0.0000000E+00
   2.1544168E+00  -3.4447213E+00   0.0000000E+00   6.3387375E+00  -1.6917312E+00  -4.6470063E+00   0.0000000E+00   0.0000000E+00
   2.1688062E+00  -3.4144102E+00   0.0000000E+00   6.3640240E+00  -1.6902958E+00  -4.6737282E+00   0.0000000E+00   0.0000000E+00
   2.1832918E+00  -3.3844391E+00   0.0000000E+00   6.3891459E+00  -1.6890506E+00  -4.7000953E+00   0.0000000E+00   0.0000000E+00
   2.1978741E+00  -3.3548011E+00   0.0000000E+00   6.4141000E+00  -1.6878816E+00  -4.7262184E+00   0.0000000E+00   0.0000000E+00
   2.2125538E+00  -3.3254898E+00   0.0000000E+00   6.4388832E+00  -1.6867797E+00  -4.7521034E+00   0.0000000E+00   0.0000000E+00
   2.2273316E+00  -3.2964986E+00   0.0000000E+00   6.4634925E+00  -1.6857362E+00  -4.7777562E+00   0.0000000E+00   0.0000000E+00
   2.2422080E+00  -3.2678215E+00   0.0000000E+00   6.4879249E+00  -1.6847422E+00  -4.8031827E+00   0.0000000E+00   0.0000000E+00
   2.2571838E+00  -3.2394525E+00   0.0000000E+00   6.5121776E+00  -1.6837890E+00  -4.8283886E+00   0.0000000E+00   0.0000000E+00
   2.2722596E+00  -3.2113857E+00   0.0000000E+00   6.5362477E+00  -1.6828679E+00  -4.8533798E+00   0.0000000E+00   0.0000000E+00
   2.2874361E+00  -3.1836158E+00   0.0000000E+00   6.5601324E+00  -1.6819704E+00  -4.8781621E+00   0.0000000E+00   0.0000000E+00
   2.3027140E+00  -3.1561372E+00   0.0000000E+00   6.5838291E+00  -1.6810880E+00  -4.9027410E+00   0.0000000E+00   0.0000000E+00
   2.3180939E+00  -3.1289447E+00   0.0000000E+00   6.6073350E+00  -1.6802127E+00  -4.9271222E+00   0.0000000E+00   0.0000000E+00
   2.3335765E+00  -3.1020335E+00   0.0000000E+00   6.6306475E+00  -1.6793364E+00  -4.9513111E+00   0.0000000E+00   0.0000000E+00
   2.3491625E+00  -3.0753985E+00   0.0000000E+00   6.6537642E+00  -1.6784512E+00  -4.9753130E+00   0.0000000E+00   0.0000000E+00
   2.3648526E+00  -3.0490352E+00   0.0000000E+00   6.6766827E+00  -1.6775497E+00  -4.9991330E+00   0.0000000E+00   0.0000000E+00
   2.3806475E+00  -3.0229391E+00   0.0000000E+00   6.6994004E+00  -1.6766244E+00  -5.0227760E+00   0.0000000E+00   0.0000000E+00
   2.3965479E+00  -2.9971059E+00   0.0000000E+00   6.7219153E+00  -1.6756683E+00  -5.0462469E+00   0.0000000E+00   0.0000000E+00
   2.4125544E+00  -2.9715312E+00   0.0000000E+00   6.7442249E+00  -1.6746747E+00  -5.0695503E+00   0.0000000E+00   0.0000000E+00
   2.4286679E+00  -2.9462111E+00   0.0000000E+00   6.7663273E+00  -1.6736369E+00  -5.0926904E+00   0.0000000E+00   0.0000000E+00
   2.4448890E+00  -2.9211416E+00   0.0000000E+00   6.7882203E+00  -1.6725488E+00  -5.1156715E+00   0.0000000E+00   0.0000000E+00
   2.4612184E+00  -2.8963189E+00   0.0000000E+00   6.8099020E+00  -1.6714046E+00  -5.1384974E+00   0.0000000E+00   0.0000000E+00
   2.4776569E+00  -2.8717394E+00   0.0000000E+00   6.8313705E+00  -1.6701988E+00  -5.1611717E+00   0.0000000E+00   0.0000000E+00
   2.4942052E+00  -2.8473994E+00   0.0000000E+00   6.8526240E+00  -1.6689263E+00  -5.1836977E+00   0.0000000E+00   0.0000000E+00
   2.5108640E+00  -2.8232954E+00   0.0000000E+00   6.8736607E+00  -1.6675824E+00  -5.2060783E+00   0.0000000E+00   0.0000000E+00
   2.5276340E+00  -2.7994241E+00   0.0000000E+00   6.8944791E+00  -1.6661630E+00  -5.2283162E+00   0.0000000E+00   0.0000000E+00
   2.5445161E+00  -2.7757822E+00   0.0000000E+00   6.9150777E+00  -1.6646643E+00  -5.2504134E+00   0.0000000E+00   0.0000000E+00
   2.5615109E+00  -2.7523663E+00   0.0000000E+00   6.9354548E+00  -1.6630833E+00  -5.2723715E+00   0.0000000E+00   0.0000000E+00
   2.5786192E+00  -2.7291734E+00   0.0000000E+00   6.9556093E+00  -1.6614175E+00  -5.2941918E+00   0.0000000E+00   0.0000000E+00
   2.5958418E+00  -2.7062004E+00   0.0000000E+00   6.9755397E+00  -1.6596650E+00  -5.3158748E+00   0.0000000E+00   0.0000000E+00
   2.6131793E+00  -2.6834443E+00   0.0000000E+00   6.9952451E+00  -1.6578248E+00  -5.3374202E+00   0.0000000E+00   0.0000000E+00
   2.6306327E+00  -2.6609020E+00   0.0000000E+00   7.0147241E+00  -1.6558968E+00  -5.3588273E+00   0.0000000E+00   0.0000000E+00
   2.6482027E+00  -2.6385707E+00   0.0000000E+00   7.0339759E+00  -1.6538815E+00  -5.3800944E+00   0.0000000E+00   0.0000000E+00
   2.6658900E+00  -2.6164474E+00   0.0000000E+00   7.0529995E+00  -1.6517808E+00  -5.4012187E+00   0.0000000E+00   0.0000000E+00
   2.6836954E+00  -2.5945294E+00   0.0000000E+00   7.0717940E+00  -1.6495974E+00  -5.4221966E+00   0.0000000E+00   0.0000000E+00
   2.7016197E+00  -2.5728139E+00   0.0000000E+00   7.0903589E+00  -1.6473363E+00  -5.4430226E+00   0.0000000E+00   0.0000000E+00
   2.7196637E+00  -2.5512980E+00   0.0000000E+00   7.1086933E+00  -1.6450015E+00  -5.4636918E+00   0.0000000E+00   0.0000000E+00
   2.7378283E+00  -2.5299791E+00   0.0000000E+00   7.1267968E+00  -1.6425929E+00  -5.4842039E+00   0.0000000E+00   0.0000000E+00
   2.7561142E+00  -2.5088544E+00   0.0000000E+00   7.1446689E+00  -1.6401083E+00  -5.5045606E+00   0.0000000E+00   0.0000000E+00
   2.7745222E+00  -2.4879213E+00   0.0000000E+00   7.1623092E+00  -1.6375461E+00  -5.5247630E+00   0.0000000E+00   0.0000000E+00
   2.7930531E+00  -2.4671770E+00   0.0000000E+00   7.1797173E+00  -1.6349051E+00  -5.5448122E+00   0.0000000E+00   0.0000000E+00
   2.8117078E+00  -2.4466189E+00   0.0000000E+00   7.1968932E+00  -1.6321838E+00  -5.5647093E+00   0.0000000E+00   0.0000000E+00
   2.8304871E+00  -2.4262444E+00   0.0000000E+00   7.2138365E+00  -1.6293810E+00  -5.5844556E+00   0.0000000E+00   0.0000000E+00
   2.8493918E+00  -2.4060507E+00   0.0000000E+00   7.2305474E+00  -1.6264953E+00  -5.6040521E+00   0.0000000E+00   0.0000000E+00
   2.8684227E+00  -2.3860353E+00   0.0000000E+00   7.2470259E+00  -1.6235255E+00  -5.6235004E+00   0.0000000E+00   0.0000000E+00
   2.8875808E+00  -2.3661955E+00   0.0000000E+00   7.2632720E+00  -1.6204704E+00  -5.6428016E+00   0.0000000E+00   0.0000000E+00
   2.9068668E+00  -2.3465287E+00   0.0000000E+00   7.2792860E+00  -1.6173287E+00  -5.6619572E+00   0.0000000E+00   0.0000000E+00
   2.9262816E+00  -2.3270322E+00   0.0000000E+00   7.2950681E+00  -1.6140994E+00  -5.6809687E+00   0.0000000E+00   0.0000000E+00
   2.9458261E+00  -2.3077033E+00   0.0000000E+00   7.3106188E+00  -1.6107814E+00  -5.6998374E+00   0.0000000E+00   0.0000000E+00
   2.9655011E+00  -2.2885394E+00   0.0000000E+00   7.3259383E+00  -1.6073734E+00  -5.7185649E+00   0.0000000E+00   0.0000000E+00
   2.9853075E+00  -2.2695379E+00   0.0000000E+00   7.3410274E+00  -1.6038745E+00  -5.7371529E+00   0.0000000E+00   0.0000000E+00
   3.0052462E+00  -2.2506960E+00   0.0000000E+00   7.3558865E+00  -1.6002836E+00  -5.7556029E+00   0.0000000E+00   0.0000000E+00
   3.0253180E+00  -2.2320110E+00   0.0000000E+00   7.3705163E+00  -1.5965996E+00  -5.7739168E+00   0.0000000E+00   0.0000000E+00
   3.0455239E+00  -2.2134802E+00   0.0000000E+00   7.3849176E+00  -1.5928215E+00  -5.7920961E+00   0.0000000E+00   0.0000000E+00
   3.0658648E+00  -2.1951009E+00   0.0000000E+00   7.3990912E+00  -1.5889484E+00  -5.8101428E+00   0.0000000E+00   0.0000000E+00
   3.0863415E+00  -2.1768703E+00   0.0000000E+00   7.4130379E+00  -1.5849792E+00  -5.8280587E+00   0.0000000E+00   0.0000000E+00
   3.1069550E+00  -2.1587857E+00   0.0000000E+00   7.4267587E+00  -1.5809129E+00  -5.8458458E+00   0.0000000E+00   0.0000000E+00
   3.1277061E+00  -2.1408442E+00   0.0000000E+00   7.4402546E+00  -1.5767486E+00  -5.8635060E+00   0.0000000E+00   0.0000000E+00
   3.1485958E+00  -2.1230429E+00   0.0000000E+00   7.4535267E+00  -1.5724853E+00  -5.8810414E+00   0.0000000E+00   0.0000000E+00
   3.1696251E+00  -2.1053792E+00   0.0000000E+00   7.4665761E+00  -1.5681221E+00  -5.8984540E+00   0.0000000E+00   0.0000000E+00
   3.1907947E+00  -2.0878500E+00   0.0000000E+00   7.4794041E+00  -1.5636580E+00  -5.9157461E+00   0.0000000E+00   0.0000000E+00
   3.2121058E+00  -2.0704525E+00   0.0000000E+00   7.4920118E+00  -1.5590921E+00  -5.9329197E+00   0.0000000E+00   0.0000000E+00
   3.2335592E+00  -2.0531838E+00   0.0000000E+00   7.5044008E+00  -1.5544235E+00  -5.9499773E+00   0.0000000E+00   0.0000000E+00
   3.2551559E+00  -2.0360408E+00   0.0000000E+00   7.5165722E+00  -1.5496511E+00  -5.9669211E+00   0.0000000E+00   0.0000000E+00
   3.2768968E+00  -2.0190208E+00   0.0000000E+00   7.5285276E+00  -1.5447742E+00  -5.9837534E+00   0.0000000E+00   0.0000000E+00
   3.2987829E+00  -2.0021205E+00   0.0000000E+00   7.5402684E+00  -1.5397917E+00  -6.0004767E+00   0.0000000E+00   0.0000000E+00
   3.3208152E+00  -1.9853371E+00   0.0000000E+00   7.5517963E+00  -1.5347028E+00  -6.0170935E+00   0.0000000E+00   0.0000000E+00
   3.3429946E+00  -1.9686675E+00   0.0000000E+00   7.5631128E+00  -1.5295066E+00  -6.0336062E+00   0.0000000E+00   0.0000000E+00
   3.3653222E+00  -1.9521086E+00   0.0000000E+00   7.5742196E+00  -1.5242021E+00  -6.0500174E+00   0.0000000E+00   0.0000000E+00
   3.3877988E+00  -1.9356573E+00   0.0000000E+00   7.5851183E+00  -1.5187886E+00  -6.0663297E+00   0.0000000E+00   0.0000000E+00
   3.4104256E+00  -1.9193107E+00   0.0000000E+00   7.5958107E+00  -1.5132650E+00  -6.0825457E+00   0.0000000E+00   0.0000000E+00
   3.4332035E+00  -1.9030656E+00   0.0000000E+00   7.6062986E+00  -1.5076306E+00  -6.0986680E+00   0.0000000E+00   0.0000000E+00
   3.4561335E+00  -1.8869189E+00   0.0000000E+00   7.6165839E+00  -1.5018846E+00  -6.1146993E+00   0.0000000E+00   0.0000000E+00
   3.4792167E+00  -1.8708675E+00   0.0000000E+00   7.6266684E+00  -1.4960260E+00  -6.1306423E+00   0.0000000E+00   0.0000000E+00
   3.5024540E+00  -1.8549083E+00   0.0000000E+00   7.6365540E+00  -1.4900542E+00  -6.1464998E+00   0.0000000E+00   0.0000000E+00
   3.5258466E+00  -1.8390384E+00   0.0000000E+00   7.6462427E+00  -1.4839684E+00  -6.1622743E+00   0.0000000E+00   0.0000000E+00
   3.5493953E+00  -1.8232545E+00   0.0000000E+00   7.6557365E+00  -1.4777679E+00  -6.1779686E+00   0.0000000E+00   0.0000000E+00
   3.5731014E+00  -1.8075538E+00   0.0000000E+00   7.6650373E+00  -1.4714519E+00  -6.1935854E+00   0.0000000E+00   0.0000000E+00
   3.5969657E+00  -1.7919332E+00   0.0000000E+00   7.6741474E+00  -1.4650200E+00  -6.2091274E+00   0.0000000E+00   0.0000000E+00
   3.6209895E+00  -1.7763897E+00   0.0000000E+00   7.6830686E+00  -1.4584715E+00  -6.2245971E+00   0.0000000E+00   0.0000000E+00
   3.6451736E+00  -1.7609206E+00   0.0000000E+00   7.6918032E+00  -1.4518059E+00  -6.2399973E+00   0.0000000E+00   0.0000000E+00
   3.6695193E+00  -1.7455229E+00   0.0000000E+00   7.7003533E+00  -1.4450229E+00  -6.2553304E+00   0.0000000E+00   0.0000000E+00
   3.6940276E+00  -1.7301940E+00   0.0000000E+00   7.7087211E+00  -1.4381222E+00  -6.2705990E+00   0.0000000E+00   0.0000000E+00
   3.7186996E+00  -1.7149311E+00   0.0000000E+00   7.7169088E+00  -1.4311034E+00  -6.2858054E+00   0.0000000E+00   0.0000000E+00
   3.7435364E+00  -1.6997317E+00   0.0000000E+00   7.7249185E+00  -1.4239665E+00  -6.3009520E+00   0.0000000E+00   0.0000000E+00
   3.7685390E+00  -1.6845934E+00   0.0000000E+00   7.7327526E+00  -1.4167115E+00  -6.3160411E+00   0.0000000E+00   0.0000000E+00
   3.7937086E+00  -1.6695138E+00   0.0000000E+00   7.7404133E+00  -1.4093386E+00  -6.3310746E+00   0.0000000E+00   0.0000000E+00
   3.8190463E+00  -1.6544908E+00   0.0000000E+00   7.7479028E+00  -1.4018480E+00  -6.3460548E+00   0.0000000E+00   0.0000000E+00
   3.8445533E+00  -1.6395222E+00   0.0000000E+00   7.7552235E+00  -1.3942402E+00  -6.3609833E+00   0.0000000E+00   0.0000000E+00
   3.8702305E+00  -1.6246062E+00   0.0000000E+00   7.7623776E+00  -1.3865157E+00  -6.3758619E+00   0.0000000E+00   0.0000000E+00
   3.8960793E+00  -1.6097412E+00   0.0000000E+00   7.7693676E+00  -1.3786754E+00  -6.3906922E+00   0.0000000E+00   0.0000000E+00
   3.9221007E+00  -1.5949256E+00   0.0000000E+00   7.7761956E+00  -1.3707202E+00  -6.4054754E+00   0.0000000E+00   0.0000000E+00
   3.9482959E+00  -1.5801581E+00   0.0000000E+00   7.7828641E+00  -1.3626514E+00  -6.4202127E+00   0.0000000E+00   0.0000000E+00
   3.9746661E+00  -1.5654377E+00   0.0000000E+00   7.7893755E+00  -1.3544704E+00  -6.4349051E+00   0.0000000E+00   0.0000000E+00
   4.0012123E+00  -1.5507635E+00   0.0000000E+00   7.7957320E+00  -1.3461788E+00  -6.4495532E+00   0.0000000E+00   0.0000000E+00
   4.0279359E+00  -1.5361349E+00   0.0000000E+00   7.8019360E+00  -1.3377785E+00  -6.4641576E+00   0.0000000E+00   0.0000000E+00
   4.0548379E+00  -1.5215515E+00   0.0000000E+00   7.8079900E+00  -1.3292716E+00  -6.4787183E+00   0.0000000E+00   0.0000000E+00
   4.0819196E+00  -1.5070134E+00   0.0000000E+00   7.8138962E+00  -1.3206607E+00  -6.4932355E+00   0.0000000E+00   0.0000000E+00
   4.1091822E+00  -1.4925208E+00   0.0000000E+00   7.8196571E+00  -1.3119484E+00  -6.5077088E+00   0.0000000E+00   0.0000000E+00
   4.1366269E+00  -1.4780740E+00   0.0000000E+00   7.8252751E+00  -1.3031375E+00  -6.5221375E+00   0.0000000E+00   0.0000000E+00
   4.1642548E+00  -1.4636740E+00   0.0000000E+00   7.8307524E+00  -1.2942315E+00  -6.5365208E+00   0.0000000E+00   0.0000000E+00
   4.1920673E+00  -1.4493218E+00   0.0000000E+00   7.8360915E+00  -1.2852339E+00  -6.5508576E+00   0.0000000E+00   0.0000000E+00
   4.2200655E+00  -1.4350188E+00   0.0000000E+00   7.8412947E+00  -1.2761485E+00  -6.5651462E+00   0.0000000E+00   0.0000000E+00
   4.2482507E+00  -1.4207667E+00   0.0000000E+00   7.8463644E+00  -1.2669794E+00  -6.5793850E+00   0.0000000E+00   0.0000000E+00
   4.2766241E+00  -1.4065676E+00   0.0000000E+00   7.8513030E+00  -1.2577311E+00  -6.5935719E+00   0.0000000E+00   0.0000000E+00
   4.3051870E+00  -1.3924237E+00   0.0000000E+00   7.8561128E+00  -1.2484083E+00  -6.6077044E+00   0.0000000E+00   0.0000000E+00
   4.3339407E+00  -1.3783377E+00   0.0000000E+00   7.8607961E+00  -1.2390161E+00  -6.6217800E+00   0.0000000E+00   0.0000000E+00
   4.3628864E+00  -1.3643124E+00   0.0000000E+00   7.8653553E+00  -1.2295597E+00  -6.6357955E+00   0.0000000E+00   0.0000000E+00
   4.3920255E+00  -1.3503511E+00   0.0000000E+00   7.8697926E+00  -1.2200447E+00  -6.6497479E+00   0.0000000E+00   0.0000000E+00
   4.4213592E+00  -1.3364572E+00   0.0000000E+00   7.8741105E+00  -1.2104770E+00  -6.6636335E+00   0.0000000E+00   0.0000000E+00
   4.4508887E+00  -1.3226345E+00   0.0000000E+00   7.8783111E+00  -1.2008625E+00  -6.6774486E+00   0.0000000E+00   0.0000000E+00
   4.4806155E+00  -1.3088869E+00   0.0000000E+00   7.8823968E+00  -1.1912076E+00  -6.6911892E+00   0.0000000E+00   0.0000000E+00
   4.5105408E+00  -1.2952186E+00   0.0000000E+00   7.8863698E+00  -1.1815188E+00  -6.7048510E+00   0.0000000E+00   0.0000000E+00
   4.5406660E+00  -1.2816341E+00   0.0000000E+00   7.8902324E+00  -1.1718028E+00  -6.7184296E+00   0.0000000E+00   0.0000000E+00
   4.5709924E+00  -1.2681378E+00   0.0000000E+00   7.8939869E+00  -1.1620665E+00  -6.7319204E+00   0.0000000E+00   0.0000000E+00
   4.6015213E+00  -1.2547347E+00   0.0000000E+00   7.8976353E+00  -1.1523168E+00  -6.7453185E+00   0.0000000E+00   0.0000000E+00
   4.6322541E+00  -1.2414296E+00   0.0000000E+00   7.9011800E+00  -1.1425610E+00  -6.7586190E+00   0.0000000E+00   0.0000000E+00
   4.6631922E+00  -1.2282275E+00   0.0000000E+00   7.9046230E+00  -1.1328062E+00  -6.7718168E+00   0.0000000E+00   0.0000000E+00
   4.6943368E+00  -1.2151335E+00   0.0000000E+00   7.9079666E+00  -1.1230597E+00  -6.7849069E+00   0.0000000E+00   0.0000000E+00
   4.7256895E+00  -1.2021527E+00   0.0000000E+00   7.9112129E+00  -1.1133289E+00  -6.7978841E+00   0.0000000E+00   0.0000000E+00
   4.7572516E+00  -1.1892905E+00   0.0000000E+00   7.9143640E+00  -1.1036210E+00  -6.8107430E+00   0.0000000E+00   0.0000000E+00
   4.7890245E+00  -1.1765520E+00   0.0000000E+00   7.9174221E+00  -1.0939435E+00  -6.8234786E+00   0.0000000E+00   0.0000000E+00
   4.8210095E+00  -1.1639423E+00   0.0000000E+00   7.9203891E+00  -1.0843036E+00  -6.8360855E+00   0.0000000E+00   0.0000000E+00
   4.8532082E+00  -1.1514667E+00   0.0000000E+00   7.9232671E+00  -1.0747085E+00  -6.8485586E+00   0.0000000E+00   0.0000000E+00
   4.8856220E+00  -1.1391300E+00   0.0000000E+00   7.9260581E+00  -1.0651652E+00  -6.8608929E+00   0.0000000E+00   0.0000000E+00
   4.9182522E+00  -1.1269374E+00   0.0000000E+00   7.9287642E+00  -1.0556808E+00  -6.8730835E+00   0.0000000E+00   0.0000000E+00
   4.9511003E+00  -1.1148935E+00   0.0000000E+00   7.9313873E+00  -1.0462619E+00  -6.8851254E+00   0.0000000E+00   0.0000000E+00
   4.9841678E+00  -1.1030030E+00   0.0000000E+00   7.9339294E+00  -1.0369153E+00  -6.8970141E+00   0.0000000E+00   0.0000000E+00
   5.0174562E+00  -1.0912704E+00   0.0000000E+00   7.9363924E+00  -1.0276472E+00  -6.9087452E+00   0.0000000E+00   0.0000000E+00
   5.0509669E+00  -1.0796998E+00   0.0000000E+00   7.9387782E+00  -1.0184639E+00  -6.9203143E+00   0.0000000E+00   0.0000000E+00
   5.0847014E+00  -1.0682952E+00   0.0000000E+00   7.9410886E+00  -1.0093711E+00  -6.9317176E+00   0.0000000E+00   0.0000000E+00
   5.1186612E+00  -1.0570604E+00   0.0000000E+00   7.9433256E+00  -1.0003744E+00  -6.9429512E+00   0.0000000E+00   0.0000000E+00
   5.1528478E+00  -1.0459987E+00   0.0000000E+00   7.9454909E+00  -9.9147916E-01  -6.9540117E+00   0.0000000E+00   0.0000000E+00
   5.1872627E+00  -1.0351134E+00   0.0000000E+00   7.9475863E+00  -9.8269023E-01  -6.9648961E+00   0.0000000E+00   0.0000000E+00
   5.2219074E+00  -1.0244071E+00   0.0000000E+00   7.9496136E+00  -9.7401222E-01  -6.9756014E+00   0.0000000E+00   0.0000000E+00
   5.2567836E+00  -1.0138825E+00   0.0000000E+00   7.9515745E+00  -9.6544934E-01  -6.9861252E+00   0.0000000E+00   0.0000000E+00
   5.2918926E+00  -1.0035416E+00   0.0000000E+00   7.9534708E+00  -9.5700544E-01  -6.9964654E+00   0.0000000E+00   0.0000000E+00
   5.3272362E+00  -9.9338614E-01   0.0000000E+00   7.9553041E+00  -9.4868396E-01  -7.0066201E+00   0.0000000E+00   0.0000000E+00
   5.3628158E+00  -9.8341755E-01   0.0000000E+00   7.9570760E+00  -9.4048795E-01  -7.0165881E+00   0.0000000E+00   0.0000000E+00
   5.3986330E+00  -9.7363683E-01   0.0000000E+00   7.9587883E+00  -9.3242004E-01  -7.0263682E+00   0.0000000E+00   0.0000000E+00
   5.4346894E+00  -9.6404460E-01   0.0000000E+00   7.9604424E+00  -9.2448246E-01  -7.0359600E+00   0.0000000E+00   0.0000000E+00
   5.4709867E+00  -9.5464107E-01   0.0000000E+00   7.9620400E+00  -9.1667700E-01  -7.0453630E+00   0.0000000E+00   0.0000000E+00
   5.5075263E+00  -9.4542606E-01   0.0000000E+00   7.9635826E+00  -9.0900502E-01  -7.0545776E+00   0.0000000E+00   0.0000000E+00
   5.5443100E+00  -9.3639900E-01   0.0000000E+00   7.9650718E+00  -9.0146747E-01  -7.0636043E+00   0.0000000E+00   0.0000000E+00
   5.5813394E+00  -9.2755889E-01   0.0000000E+00   7.9665089E+00  -8.9406484E-01  -7.0724441E+00   0.0000000E+00   0.0000000E+00
   5.6186160E+00  -9.1890437E-01   0.0000000E+00   7.9678955E+00  -8.8679721E-01  -7.0810983E+00   0.0000000E+00   0.0000000E+00
   5.6561416E+00  -9.1043363E-01   0.0000000E+00   7.9692330E+00  -8.7966424E-01  -7.0895688E+00   0.0000000E+00   0.0000000E+00
   5.6939179E+00  -9.0214452E-01   0.0000000E+00   7.9705228E+00  -8.7266515E-01  -7.0978576E+00   0.0000000E+00   0.0000000E+00
   5.7319464E+00  -8.9403445E-01   0.0000000E+00   7.9717662E+00  -8.6579875E-01  -7.1059675E+00   0.0000000E+00   0.0000000E+00
   5.7702289E+00  -8.8610048E-01   0.0000000E+00   7.9729647E+00  -8.5906343E-01  -7.1139012E+00   0.0000000E+00   0.0000000E+00
   5.8087671E+00  -8.7833929E-01   0.0000000E+00   7.9741194E+00  -8.5245719E-01  -7.1216622E+00   0.0000000E+00   0.0000000E+00
   5.8475627E+00  -8.7074717E-01   0.0000000E+00   7.9752318E+00  -8.4597764E-01  -7.1292542E+00   0.0000000E+00   0.0000000E+00
   5.8866174E+00  -8.6332009E-01   0.0000000E+00   7.9763031E+00  -8.3962198E-01  -7.1366811E+00   0.0000000E+00   0.0000000E+00
   5.9259329E+00  -8.5605365E-01   0.0000000E+00   7.9773345E+00  -8.3338708E-01  -7.1439474E+00   0.0000000E+00   0.0000000E+00
   5.9655109E+00  -8.4894314E-01   0.0000000E+00   7.9783272E+00  -8.2726941E-01  -7.1510578E+00   0.0000000E+00   0.0000000E+00
   6.0053533E+00  -8.4198350E-01   0.0000000E+00   7.9792825E+00  -8.2126513E-01  -7.1580174E+00   0.0000000E+00   0.0000000E+00
   6.0454618E+00  -8.3516941E-01   0.0000000E+00   7.9802014E+00  -8.1537005E-01  -7.1648314E+00   0.0000000E+00   0.0000000E+00
   6.0858382E+00  -8.2849524E-01   0.0000000E+00   7.9810851E+00  -8.0957968E-01  -7.1715054E+00   0.0000000E+00   0.0000000E+00
   6.1264842E+00  -8.2195510E-01   0.0000000E+00   7.9819348E+00  -8.0388924E-01  -7.1780455E+00   0.0000000E+00   0.0000000E+00
   6.1674017E+00  -8.1554284E-01   0.0000000E+00   7.9827514E+00  -7.9829367E-01  -7.1844577E+00   0.0000000E+00   0.0000000E+00
   6.2085925E+00  -8.0925209E-01   0.0000000E+00   7.9835360E+00  -7.9278764E-01  -7.1907484E+00   0.0000000E+00   0.0000000E+00
   6.2500583E+00  -8.0307628E-01   0.0000000E+00   7.9842898E+00  -7.8736562E-01  -7.1969241E+00   0.0000000E+00   0.0000000E+00
   6.2918011E+00  -7.9700862E-01   0.0000000E+00   7.9850136E+00  -7.8202182E-01  -7.2029918E+00   0.0000000E+00   0.0000000E+00
   6.3338227E+00  -7.9104219E-01   0.0000000E+00   7.9857084E+00  -7.7675030E-01  -7.2089581E+00   0.0000000E+00   0.0000000E+00
   6.3761249E+00  -7.8516991E-01   0.0000000E+00   7.9863753E+00  -7.7154494E-01  -7.2148304E+00   0.0000000E+00   0.0000000E+00
   6.4187097E+00  -7.7938456E-01   0.0000000E+00   7.9870152E+00  -7.6639947E-01  -7.2206157E+00   0.0000000E+00   0.0000000E+00
   6.4615788E+00  -7.7367886E-01   0.0000000E+00   7.9876289E+00  -7.6130750E-01  -7.2263214E+00   0.0000000E+00   0.0000000E+00
   6.5047343E+00  -7.6804545E-01   0.0000000E+00   7.9882173E+00  -7.5626256E-01  -7.2319548E+00   0.0000000E+00   0.0000000E+00
   6.5481780E+00  -7.6247690E-01   0.0000000E+00   7.9887814E+00  -7.5125809E-01  -7.2375233E+00   0.0000000E+00   0.0000000E+00
   6.5919118E+00  -7.5696580E-01   0.0000000E+00   7.9893219E+00  -7.4628751E-01  -7.2430344E+00   0.0000000E+00   0.0000000E+00
   6.6359377E+00  -7.5150470E-01   0.0000000E+00   7.9898397E+00  -7.4134422E-01  -7.2484954E+00   0.0000000E+00   0.0000000E+00
   6.6802577E+00  -7.4608623E-01   0.0000000E+00   7.9903355E+00  -7.3642161E-01  -7.2539139E+00   0.0000000E+00   0.0000000E+00
   6.7248736E+00  -7.4070306E-01   0.0000000E+00   7.9908102E+00  -7.3151314E-01  -7.2592971E+00   0.0000000E+00   0.0000000E+00
   6.7697875E+00  -7.3534792E-01   0.0000000E+00   7.9912645E+00  -7.2661231E-01  -7.2646522E+00   0.0000000E+00   0.0000000E+00
   6.8150014E+00  -7.3001370E-01   0.0000000E+00   7.9916991E+00  -7.2171272E-01  -7.2699864E+00   0.0000000E+00   0.0000000E+00
   6.8605173E+00  -7.2469340E-01   0.0000000E+00   7.9921148E+00  -7.1680810E-01  -7.2753067E+00   0.0000000E+00   0.0000000E+00
   6.9063371E+00  -7.1938018E-01   0.0000000E+00   7.9925122E+00  -7.1189230E-01  -7.2806199E+00   0.0000000E+00   0.0000000E+00
   6.9524629E+00  -7.1406739E-01   0.0000000E+00   7.9928920E+00  -7.0695936E-01  -7.2859327E+00   0.0000000E+00   0.0000000E+00
   6.9988968E+00  -7.0874861E-01   0.0000000E+00   7.9932549E+00  -7.0200348E-01  -7.2912514E+00   0.0000000E+00   0.0000000E+00
   7.0456409E+00  -7.0341764E-01   0.0000000E+00   7.9936015E+00  -6.9701912E-01  -7.2965824E+00   0.0000000E+00   0.0000000E+00
   7.0926971E+00  -6.9806852E-01   0.0000000E+00   7.9939325E+00  -6.9200095E-01  -7.3019315E+00   0.0000000E+00   0.0000000E+00
   7.1400675E+00  -6.9269561E-01   0.0000000E+00   7.9942483E+00  -6.8694390E-01  -7.3073044E+00   0.0000000E+00   0.0000000E+00
   7.1877544E+00  -6.8729351E-01   0.0000000E+00   7.9945497E+00  -6.8184317E-01  -7.3127065E+00   0.0000000E+00   0.0000000E+00
   7.2357597E+00  -6.8185719E-01   0.0000000E+00   7.9948371E+00  -6.7669428E-01  -7.3181428E+00   0.0000000E+00   0.0000000E+00
   7.2840857E+00  -6.7638192E-01   0.0000000E+00   7.9951112E+00  -6.7149305E-01  -7.3236181E+00   0.0000000E+00   0.0000000E+00
   7.3327343E+00  -6.7086330E-01   0.0000000E+00   7.9953724E+00  -6.6623563E-01  -7.3291367E+00   0.0000000E+00   0.0000000E+00
   7.3817079E+00  -6.6529731E-01   0.0000000E+00   7.9956212E+00  -6.6091849E-01  -7.3347027E+00   0.0000000E+00   0.0000000E+00
   7.4310086E+00  -6.5968030E-01   0.0000000E+00   7.9958582E+00  -6.5553848E-01  -7.3403197E+00   0.0000000E+00   0.0000000E+00
   7.4806386E+00  -6.5400898E-01   0.0000000E+00   7.9960838E+00  -6.5009279E-01  -7.3459910E+00   0.0000000E+00   0.0000000E+00
   7.5306000E+00  -6.4828043E-01   0.0000000E+00   7.9962986E+00  -6.4457898E-01  -7.3517196E+00   0.0000000E+00   0.0000000E+00
   7.5808950E+00  -6.4249215E-01   0.0000000E+00   7.9965028E+00  -6.3899498E-01  -7.3575079E+00   0.0000000E+00   0.0000000E+00
   7.6315260E+00  -6.3664200E-01   0.0000000E+00   7.9966971E+00  -6.3333910E-01  -7.3633580E+00   0.0000000E+00   0.0000000E+00
   7.6824951E+00  -6.3072824E-01   0.0000000E+00   7.9968818E+00  -6.2761001E-01  -7.3692718E+00   0.0000000E+00   0.0000000E+00
   7.7338047E+00  -6.2474951E-01   0.0000000E+00   7.9970573E+00  -6.2180677E-01  -7.3752505E+00   0.0000000E+00   0.0000000E+00
   7.7854569E+00  -6.1870483E-01   0.0000000E+00   7.9972240E+00  -6.1592878E-01  -7.3812952E+00   0.0000000E+00   0.0000000E+00
   7.8374540E+00  -6.1259361E-01   0.0000000E+00   7.9973822E+00  -6.0997583E-01  -7.3874064E+00   0.0000000E+00   0.0000000E+00
   7.8897985E+00  -6.0641561E-01   0.0000000E+00   7.9975325E+00  -6.0394805E-01  -7.3935844E+00   0.0000000E+00   0.0000000E+00
   7.9424925E+00  -6.0017096E-01   0.0000000E+00   7.9976750E+00  -5.9784593E-01  -7.3998290E+00   0.0000000E+00   0.0000000E+00
   7.9955385E+00  -5.9386015E-01   0.0000000E+00   7.9978101E+00  -5.9167028E-01  -7.4061399E+00   0.0000000E+00   0.0000000E+00
   8.0489387E+00  -5.8748398E-01   0.0000000E+00   7.9979383E+00  -5.8542226E-01  -7.4125160E+00   0.0000000E+00   0.0000000E+00
   8.1026956E+00  -5.8104359E-01   0.0000000E+00   7.9980597E+00  -5.7910330E-01  -7.4189564E+00   0.0000000E+00   0.0000000E+00
   8.1568115E+00  -5.7454043E-01   0.0000000E+00   7.9981747E+00  -5.7271516E-01  -7.4254596E+00   0.0000000E+00   0.0000000E+00
   8.2112888E+00  -5.6797624E-01   0.0000000E+00   7.9982836E+00  -5.6625987E-01  -7.4320238E+00   0.0000000E+00   0.0000000E+00
   8.2661299E+00  -5.6135303E-01   0.0000000E+00   7.9983867E+00  -5.5973973E-01  -7.4386470E+00   0.0000000E+00   0.0000000E+00
   8.3213374E+00  -5.5467306E-01   0.0000000E+00   7.9984842E+00  -5.5315728E-01  -7.4453269E+00   0.0000000E+00   0.0000000E+00
   8.3769135E+00  -5.4793884E-01   0.0000000E+00   7.9985764E+00  -5.4651528E-01  -7.4520612E+00   0.0000000E+00   0.0000000E+00
   8.4328608E+00  -5.4115312E-01   0.0000000E+00   7.9986636E+00  -5.3981672E-01  -7.4588469E+00   0.0000000E+00   0.0000000E+00
   8.4891817E+00  -5.3431881E-01   0.0000000E+00   7.9987460E+00  -5.3306478E-01  -7.4656812E+00   0.0000000E+00   0.0000000E+00
   8.5458788E+00  -5.2743904E-01   0.0000000E+00   7.9988238E+00  -5.2626279E-01  -7.4725610E+00   0.0000000E+00   0.0000000E+00
   8.6029546E+00  -5.2051708E-01   0.0000000E+00   7.9988972E+00  -5.1941427E-01  -7.4794829E+00   0.0000000E+00   0.0000000E+00
   8.6604115E+00  -5.1355636E-01   0.0000000E+00   7.9989665E+00  -5.1252285E-01  -7.4864436E+00   0.0000000E+00   0.0000000E+00
   8.7182522E+00  -5.0656044E-01   0.0000000E+00   7.9990319E+00  -5.0559229E-01  -7.4934396E+00   0.0000000E+00   0.0000000E+00
   8.7764792E+00  -4.9953296E-01   0.0000000E+00   7.9990935E+00  -4.9862644E-01  -7.5004670E+00   0.0000000E+00   0.0000000E+00
   8.8350951E+00  -4.9247769E-01   0.0000000E+00   7.9991516E+00  -4.9162924E-01  -7.5075223E+00   0.0000000E+00   0.0000000E+00
   8.8941024E+00  -4.8539844E-01   0.0000000E+00   7.9992063E+00  -4.8460470E-01  -7.5146016E+00   0.0000000E+00   0.0000000E+00
   8.9535038E+00  -4.7829909E-01   0.0000000E+00   7.9992578E+00  -4.7755686E-01  -7.5217009E+00   0.0000000E+00   0.0000000E+00
   9.0133020E+00  -4.7118357E-01   0.0000000E+00   7.9993062E+00  -4.7048981E-01  -7.5288164E+00   0.0000000E+00   0.0000000E+00
   9.0734995E+00  -4.6405581E-01   0.0000000E+00   7.9993519E+00  -4.6340766E-01  -7.5359442E+00   0.0000000E+00   0.0000000E+00
   9.1340990E+00  -4.5691977E-01   0.0000000E+00   7.9993947E+00  -4.5631450E-01  -7.5430802E+00   0.0000000E+00   0.0000000E+00
   9.1951033E+00  -4.4977940E-01   0.0000000E+00   7.9994350E+00  -4.4921443E-01  -7.5502206E+00   0.0000000E+00   0.0000000E+00
   9.2565150E+00  -4.4263863E-01   0.0000000E+00   7.9994729E+00  -4.4211152E-01  -7.5573614E+00   0.0000000E+00   0.0000000E+00
   9.3183368E+00  -4.3550137E-01   0.0000000E+00   7.9995084E+00  -4.3500980E-01  -7.5644986E+00   0.0000000E+00   0.0000000E+00
   9.3805716E+00  -4.2837147E-01   0.0000000E+00   7.9995418E+00  -4.2791327E-01  -7.5716285E+00   0.0000000E+00   0.0000000E+00
   9.4432219E+00  -4.2125275E-01   0.0000000E+00   7.9995731E+00  -4.2082585E-01  -7.5787473E+00   0.0000000E+00   0.0000000E+00
   9.5062907E+00  -4.1414896E-01   0.0000000E+00   7.9996024E+00  -4.1375140E-01  -7.5858510E+00   0.0000000E+00   0.0000000E+00
   9.5697807E+00  -4.0706379E-01   0.0000000E+00   7.9996300E+00  -4.0669373E-01  -7.5929362E+00   0.0000000E+00   0.0000000E+00
   9.6336948E+00  -4.0000083E-01   0.0000000E+00   7.9996557E+00  -3.9965654E-01  -7.5999992E+00   0.0000000E+00   0.0000000E+00
   9.6980356E+00  -3.9296361E-01   0.0000000E+00   7.9996798E+00  -3.9264345E-01  -7.6070364E+00   0.0000000E+00   0.0000000E+00
   9.7628063E+00  -3.8595556E-01   0.0000000E+00   7.9997024E+00  -3.8565798E-01  -7.6140444E+00   0.0000000E+00   0.0000000E+00
   9.8280094E+00  -3.7898002E-01   0.0000000E+00   7.9997235E+00  -3.7870355E-01  -7.6210200E+00   0.0000000E+00   0.0000000E+00
   9.8936481E+00  -3.7204021E-01   0.0000000E+00   7.9997433E+00  -3.7178348E-01  -7.6279598E+00   0.0000000E+00   0.0000000E+00
   9.9597251E+00  -3.6513926E-01   0.0000000E+00   7.9997617E+00  -3.6490098E-01  -7.6348607E+00   0.0000000E+00   0.0000000E+00
   1.0026243E+01  -3.5828019E-01   0.0000000E+00   7.9997790E+00  -3.5805914E-01  -7.6417198E+00   0.0000000E+00   0.0000000E+00
   1.0093206E+01  -3.5146591E-01   0.0000000E+00   7.9997950E+00  -3.5126095E-01  -7.6485341E+00   0.0000000E+00   0.0000000E+00
   1.0160616E+01  -3.4469921E-01   0.0000000E+00   7.9998101E+00  -3.4450927E-01  -7.6553008E+00   0.0000000E+00   0.0000000E+00
   1.0228476E+01  -3.3798277E-01   0.0000000E+00   7.9998241E+00  -3.3780683E-01  -7.6620172E+00   0.0000000E+00   0.0000000E+00
   1.0296789E+01  -3.3131915E-01   0.0000000E+00   7.9998371E+00  -3.3115626E-01  -7.6686809E+00   0.0000000E+00   0.0000000E+00
   1.0365559E+01  -3.2471080E-01   0.0000000E+00   7.9998493E+00  -3.2456006E-01  -7.6752892E+00   0.0000000E+00   0.0000000E+00
   1.0434787E+01  -3.1816003E-01   0.0000000E+00   7.9998606E+00  -3.1802062E-01  -7.6818400E+00   0.0000000E+00   0.0000000E+00
   1.0504478E+01  -3.1166906E-01   0.0000000E+00   7.9998711E+00  -3.1154018E-01  -7.6883309E+00   0.0000000E+00   0.0000000E+00
   1.0574635E+01  -3.0523998E-01   0.0000000E+00   7.9998809E+00  -3.0512090E-01  -7.6947600E+00   0.0000000E+00   0.0000000E+00
   1.0645260E+01  -2.9887475E-01   0.0000000E+00   7.9998900E+00  -2.9876479E-01  -7.7011253E+00   0.0000000E+00   0.0000000E+00
   1.0716357E+01  -2.9257525E-01   0.0000000E+00   7.9998985E+00  -2.9247375E-01  -7.7074248E+00   0.0000000E+00   0.0000000E+00
   1.0787928E+01  -2.8634320E-01   0.0000000E+00   7.9999064E+00  -2.8624958E-01  -7.7136568E+00   0.0000000E+00   0.0000000E+00
   1.0859978E+01  -2.8018026E-01   0.0000000E+00   7.9999137E+00  -2.8009393E-01  -7.7198197E+00   0.0000000E+00   0.0000000E+00
   1.0932509E+01  -2.7408792E-01   0.0000000E+00   7.9999205E+00  -2.7400837E-01  -7.7259121E+00   0.0000000E+00   0.0000000E+00
   1.1005524E+01  -2.6806762E-01   0.0000000E+00   7.9999267E+00  -2.6799435E-01  -7.7319324E+00   0.0000000E+00   0.0000000E+00
   1.1079027E+01  -2.6212065E-01   0.0000000E+00   7.9999326E+00  -2.6205321E-01  -7.7378793E+00   0.0000000E+00   0.0000000E+00
   1.1153021E+01  -2.5624823E-01   0.0000000E+00   7.9999379E+00  -2.5618617E-01  -7.7437518E+00   0.0000000E+00   0.0000000E+00
   1.1227509E+01  -2.5045144E-01   0.0000000E+00   7.9999429E+00  -2.5039437E-01  -7.7495486E+00   0.0000000E+00   0.0000000E+00
   1.1302494E+01  -2.4473129E-01   0.0000000E+00   7.9999476E+00  -2.4467884E-01  -7.7552687E+00   0.0000000E+00   0.0000000E+00
   1.1377980E+01  -2.3908869E-01   0.0000000E+00   7.9999518E+00  -2.3904052E-01  -7.7609113E+00   0.0000000E+00   0.0000000E+00
   1.1453970E+01  -2.3352445E-01   0.0000000E+00   7.9999558E+00  -2.3348023E-01  -7.7664756E+00   0.0000000E+00   0.0000000E+00
   1.1530468E+01  -2.2803929E-01   0.0000000E+00   7.9999594E+00  -2.2799871E-01  -7.7719607E+00   0.0000000E+00   0.0000000E+00
   1.1607477E+01  -2.2263385E-01   0.0000000E+00   7.9999628E+00  -2.2259664E-01  -7.7773662E+00   0.0000000E+00   0.0000000E+00
   1.1685000E+01  -2.1730867E-01   0.0000000E+00   7.9999659E+00  -2.1727457E-01  -7.7826913E+00   0.0000000E+00   0.0000000E+00
   1.1763041E+01  -2.1206422E-01   0.0000000E+00   7.9999688E+00  -2.1203298E-01  -7.7879358E+00   0.0000000E+00   0.0000000E+00
   1.1841603E+01  -2.0690089E-01   0.0000000E+00   7.9999714E+00  -2.0687229E-01  -7.7930991E+00   0.0000000E+00   0.0000000E+00
   1.1920690E+01  -2.0181899E-01   0.0000000E+00   7.9999738E+00  -2.0179282E-01  -7.7981810E+00   0.0000000E+00   0.0000000E+00
   1.2000305E+01  -1.9681874E-01   0.0000000E+00   7.9999761E+00  -1.9679481E-01  -7.8031813E+00   0.0000000E+00   0.0000000E+00
   1.2080451E+01  -1.9190033E-01   0.0000000E+00   7.9999781E+00  -1.9187846E-01  -7.8080997E+00   0.0000000E+00   0.0000000E+00
   1.2161133E+01  -1.8706384E-01   0.0000000E+00   7.9999800E+00  -1.8704386E-01  -7.8129362E+00   0.0000000E+00   0.0000000E+00
   1.2242354E+01  -1.8230930E-01   0.0000000E+00   7.9999818E+00  -1.8229107E-01  -7.8176907E+00   0.0000000E+00   0.0000000E+00
   1.2324117E+01  -1.7763669E-01   0.0000000E+00   7.9999834E+00  -1.7762006E-01  -7.8223633E+00   0.0000000E+00   0.0000000E+00
   1.2406426E+01  -1.7304592E-01   0.0000000E+00   7.9999848E+00  -1.7303075E-01  -7.8269541E+00   0.0000000E+00   0.0000000E+00
   1.2489285E+01  -1.6853682E-01   0.0000000E+00   7.9999862E+00  -1.6852300E-01  -7.8314632E+00   0.0000000E+00   0.0000000E+00
   1.2572698E+01  -1.6410921E-01   0.0000000E+00   7.9999874E+00  -1.6409662E-01  -7.8358908E+00   0.0000000E+00   0.0000000E+00
   1.2656667E+01  -1.5976282E-01   0.0000000E+00   7.9999885E+00  -1.5975136E-01  -7.8402372E+00   0.0000000E+00   0.0000000E+00
   1.2741197E+01  -1.5549734E-01   0.0000000E+00   7.9999896E+00  -1.5548692E-01  -7.8445027E+00   0.0000000E+00   0.0000000E+00
   1.2826292E+01  -1.5131242E-01   0.0000000E+00   7.9999905E+00  -1.5130295E-01  -7.8486876E+00   0.0000000E+00   0.0000000E+00
   1.2911955E+01  -1.4720766E-01   0.0000000E+00   7.9999914E+00  -1.4719906E-01  -7.8527923E+00   0.0000000E+00   0.0000000E+00
   1.2998191E+01  -1.4318262E-01   0.0000000E+00   7.9999922E+00  -1.4317480E-01  -7.8568174E+00   0.0000000E+00   0.0000000E+00
   1.3085002E+01  -1.3923680E-01   0.0000000E+00   7.9999929E+00  -1.3922971E-01  -7.8607632E+00   0.0000000E+00   0.0000000E+00
   1.3172393E+01  -1.3536969E-01   0.0000000E+00   7.9999936E+00  -1.3536326E-01  -7.8646303E+00   0.0000000E+00   0.0000000E+00
   1.3260367E+01  -1.3158072E-01   0.0000000E+00   7.9999942E+00  -1.3157489E-01  -7.8684193E+00   0.0000000E+00   0.0000000E+00
   1.3348929E+01  -1.2786930E-01   0.0000000E+00   7.9999947E+00  -1.2786402E-01  -7.8721307E+00   0.0000000E+00   0.0000000E+00
   1.3438083E+01  -1.2423479E-01   0.0000000E+00   7.9999952E+00  -1.2423002E-01  -7.8757652E+00   0.0000000E+00   0.0000000E+00
   1.3527832E+01  -1.2067655E-01   0.0000000E+00   7.9999957E+00  -1.2067223E-01  -7.8793235E+00   0.0000000E+00   0.0000000E+00
   1.3618181E+01  -1.1719387E-01   0.0000000E+00   7.9999961E+00  -1.1718997E-01  -7.8828061E+00   0.0000000E+00   0.0000000E+00
   1.3709132E+01  -1.1378605E-01   0.0000000E+00   7.9999965E+00  -1.1378252E-01  -7.8862140E+00   0.0000000E+00   0.0000000E+00
   1.3800692E+01  -1.1045233E-01   0.0000000E+00   7.9999968E+00  -1.1044914E-01  -7.8895477E+00   0.0000000E+00   0.0000000E+00
   1.3892862E+01  -1.0719195E-01   0.0000000E+00   7.9999971E+00  -1.0718907E-01  -7.8928081E+00   0.0000000E+00   0.0000000E+00
   1.3985649E+01  -1.0400412E-01   0.0000000E+00   7.9999974E+00  -1.0400153E-01  -7.8959959E+00   0.0000000E+00   0.0000000E+00
   1.4079055E+01  -1.0088803E-01   0.0000000E+00   7.9999977E+00  -1.0088569E-01  -7.8991120E+00   0.0000000E+00   0.0000000E+00
   1.4173085E+01  -9.7842848E-02   0.0000000E+00   7.9999979E+00  -9.7840745E-02  -7.9021572E+00   0.0000000E+00   0.0000000E+00
   1.4267743E+01  -9.4867725E-02   0.0000000E+00   7.9999981E+00  -9.4865833E-02  -7.9051323E+00   0.0000000E+00   0.0000000E+00
   1.4363033E+01  -9.1961796E-02   0.0000000E+00   7.9999983E+00  -9.1960094E-02  -7.9080382E+00   0.0000000E+00   0.0000000E+00
   1.4458959E+01  -8.9124179E-02   0.0000000E+00   7.9999985E+00  -8.9122649E-02  -7.9108758E+00   0.0000000E+00   0.0000000E+00
   1.4555526E+01  -8.6353978E-02   0.0000000E+00   7.9999986E+00  -8.6352604E-02  -7.9136460E+00   0.0000000E+00   0.0000000E+00
   1.4652738E+01  -8.3650285E-02   0.0000000E+00   7.9999988E+00  -8.3649053E-02  -7.9163497E+00   0.0000000E+00   0.0000000E+00
   1.4750599E+01  -8.1012181E-02   0.0000000E+00   7.9999989E+00  -8.1011075E-02  -7.9189878E+00   0.0000000E+00   0.0000000E+00
   1.4849114E+01  -7.8438733E-02   0.0000000E+00   7.9999990E+00  -7.8437743E-02  -7.9215613E+00   0.0000000E+00   0.0000000E+00
   1.4948287E+01  -7.5929003E-02   0.0000000E+00   7.9999991E+00  -7.5928116E-02  -7.9240710E+00   0.0000000E+00   0.0000000E+00
   1.5048122E+01  -7.3482042E-02   0.0000000E+00   7.9999992E+00  -7.3481247E-02  -7.9265180E+00   0.0000000E+00   0.0000000E+00
   1.5148624E+01  -7.1096893E-02   0.0000000E+00   7.9999993E+00  -7.1096182E-02  -7.9289031E+00   0.0000000E+00   0.0000000E+00
   1.5249797E+01  -6.8772594E-02   0.0000000E+00   7.9999994E+00  -6.8771959E-02  -7.9312274E+00   0.0000000E+00   0.0000000E+00
   1.5351646E+01  -6.6508178E-02   0.0000000E+00   7.9999994E+00  -6.6507611E-02  -7.9334918E+00   0.0000000E+00   0.0000000E+00
   1.5454175E+01  -6.4302673E-02   0.0000000E+00   7.9999995E+00  -6.4302167E-02  -7.9356973E+00   0.0000000E+00   0.0000000E+00
   1.5557389E+01  -6.2155102E-02   0.0000000E+00   7.9999996E+00  -6.2154651E-02  -7.9378449E+00   0.0000000E+00   0.0000000E+00
   1.5661292E+01  -6.0064488E-02   0.0000000E+00   7.9999996E+00  -6.0064085E-02  -7.9399355E+00   0.0000000E+00   0.0000000E+00
   1.5765889E+01  -5.8029850E-02   0.0000000E+00   7.9999996E+00  -5.8029491E-02  -7.9419702E+00   0.0000000E+00   0.0000000E+00
   1.5871185E+01  -5.6050206E-02   0.0000000E+00   7.9999997E+00  -5.6049887E-02  -7.9439498E+00   0.0000000E+00   0.0000000E+00
   1.5977184E+01  -5.4124575E-02   0.0000000E+00   7.9999997E+00  -5.4124291E-02  -7.9458754E+00   0.0000000E+00   0.0000000E+00
   1.6083891E+01  -5.2251976E-02   0.0000000E+00   7.9999998E+00  -5.2251723E-02  -7.9477480E+00   0.0000000E+00   0.0000000E+00
   1.6191310E+01  -5.0431427E-02   0.0000000E+00   7.9999998E+00  -5.0431203E-02  -7.9495686E+00   0.0000000E+00   0.0000000E+00
   1.6299447E+01  -4.8661952E-02   0.0000000E+00   7.9999998E+00  -4.8661752E-02  -7.9513381E+00   0.0000000E+00   0.0000000E+00
   1.6408306E+01  -4.6942573E-02   0.0000000E+00   7.9999998E+00  -4.6942396E-02  -7.9530574E+00   0.0000000E+00   0.0000000E+00
   1.6517892E+01  -4.5272317E-02   0.0000000E+00   7.9999998E+00  -4.5272160E-02  -7.9547277E+00   0.0000000E+00   0.0000000E+00
   1.6628210E+01  -4.3650216E-02   0.0000000E+00   7.9999999E+00  -4.3650077E-02  -7.9563498E+00   0.0000000E+00   0.0000000E+00
   1.6739265E+01  -4.2075304E-02   0.0000000E+00   7.9999999E+00  -4.2075181E-02  -7.9579247E+00   0.0000000E+00   0.0000000E+00
   1.6851061E+01  -4.0546621E-02   0.0000000E+00   7.9999999E+00  -4.0546512E-02  -7.9594534E+00   0.0000000E+00   0.0000000E+00
   1.6963604E+01  -3.9063212E-02   0.0000000E+00   7.9999999E+00  -3.9063115E-02  -7.9609368E+00   0.0000000E+00   0.0000000E+00
   1.7076899E+01  -3.7624127E-02   0.0000000E+00   7.9999999E+00  -3.7624042E-02  -7.9623759E+00   0.0000000E+00   0.0000000E+00
   1.7190950E+01  -3.6228425E-02   0.0000000E+00   7.9999999E+00  -3.6228350E-02  -7.9637716E+00   0.0000000E+00   0.0000000E+00
   1.7305764E+01  -3.4875168E-02   0.0000000E+00   7.9999999E+00  -3.4875102E-02  -7.9651248E+00   0.0000000E+00   0.0000000E+00
   1.7421343E+01  -3.3563429E-02   0.0000000E+00   7.9999999E+00  -3.3563370E-02  -7.9664366E+00   0.0000000E+00   0.0000000E+00
   1.7537695E+01  -3.2292285E-02   0.0000000E+00   8.0000000E+00  -3.2292233E-02  -7.9677077E+00   0.0000000E+00   0.0000000E+00
   1.7654824E+01  -3.1060823E-02   0.0000000E+00   8.0000000E+00  -3.1060777E-02  -7.9689392E+00   0.0000000E+00   0.0000000E+00
   1.7772735E+01  -2.9868139E-02   0.0000000E+00   8.0000000E+00  -2.9868098E-02  -7.9701319E+00   0.0000000E+00   0.0000000E+00
   1.7891434E+01  -2.8713336E-02   0.0000000E+00   8.0000000E+00  -2.8713300E-02  -7.9712867E+00   0.0000000E+00   0.0000000E+00
   1.8010925E+01  -2.7595528E-02   0.0000000E+00   8.0000000E+00  -2.7595496E-02  -7.9724045E+00   0.0000000E+00   0.0000000E+00
   1.8131215E+01  -2.6513836E-02   0.0000000E+00   8.0000000E+00  -2.6513808E-02  -7.9734862E+00   0.0000000E+00   0.0000000E+00
   1.8252307E+01  -2.5467393E-02   0.0000000E+00   8.0000000E+00  -2.5467368E-02  -7.9745326E+00   0.0000000E+00   0.0000000E+00
   1.8374209E+01  -2.4455341E-02   0.0000000E+00   8.0000000E+00  -2.4455320E-02  -7.9755447E+00   0.0000000E+00   0.0000000E+00
   1.8496925E+01  -2.3476833E-02   0.0000000E+00   8.0000000E+00  -2.3476814E-02  -7.9765232E+00   0.0000000E+00   0.0000000E+00
   1.8620460E+01  -2.2531031E-02   0.0000000E+00   8.0000000E+00  -2.2531014E-02  -7.9774690E+00   0.0000000E+00   0.0000000E+00
   1.8744820E+01  -2.1617109E-02   0.0000000E+00   8.0000000E+00  -2.1617094E-02  -7.9783829E+00   0.0000000E+00   0.0000000E+00
   1.8870011E+01  -2.0734251E-02   0.0000000E+00   8.0000000E+00  -2.0734238E-02  -7.9792658E+00   0.0000000E+00   0.0000000E+00
   1.8996038E+01  -1.9881655E-02   0.0000000E+00   8.0000000E+00  -1.9881643E-02  -7.9801183E+00   0.0000000E+00   0.0000000E+00
   1.9122907E+01  -1.9058526E-02   0.0000000E+00   8.0000000E+00  -1.9058515E-02  -7.9809415E+00   0.0000000E+00   0.0000000E+00
   1.9250623E+01  -1.8264084E-02   0.0000000E+00   8.0000000E+00  -1.8264074E-02  -7.9817359E+00   0.0000000E+00   0.0000000E+00
   1.9379191E+01  -1.7497559E-02   0.0000000E+00   8.0000000E+00  -1.7497550E-02  -7.9825024E+00   0.0000000E+00   0.0000000E+00
   1.9508619E+01  -1.6758193E-02   0.0000000E+00   8.0000000E+00  -1.6758185E-02  -7.9832418E+00   0.0000000E+00   0.0000000E+00
   1.9638911E+01  -1.6045241E-02   0.0000000E+00   8.0000000E+00  -1.6045235E-02  -7.9839548E+00   0.0000000E+00   0.0000000E+00
   1.9770073E+01  -1.5357970E-02   0.0000000E+00   8.0000000E+00  -1.5357964E-02  -7.9846420E+00   0.0000000E+00   0.0000000E+00
   1.9902111E+01  -1.4695658E-02   0.0000000E+00   8.0000000E+00  -1.4695652E-02  -7.9853043E+00   0.0000000E+00   0.0000000E+00
   2.0035031E+01  -1.4057595E-02   0.0000000E+00   8.0000000E+00  -1.4057590E-02  -7.9859424E+00   0.0000000E+00   0.0000000E+00
   2.0168839E+01  -1.3443086E-02   0.0000000E+00   8.0000000E+00  -1.3443082E-02  -7.9865569E+00   0.0000000E+00   0.0000000E+00
   2.0303540E+01  -1.2851447E-02   0.0000000E+00   8.0000000E+00  -1.2851442E-02  -7.9871486E+00   0.0000000E+00   0.0000000E+00
   2.0439141E+01  -1.2282004E-02   0.0000000E+00   8.0000000E+00  -1.2282000E-02  -7.9877180E+00   0.0000000E+00   0.0000000E+00
   2.0575648E+01  -1.1734100E-02   0.0000000E+00   8.0000000E+00  -1.1734096E-02  -7.9882659E+00   0.0000000E+00   0.0000000E+00
   2.0713066E+01  -1.1207087E-02   0.0000000E+00   8.0000000E+00  -1.1207084E-02  -7.9887929E+00   0.0000000E+00   0.0000000E+00
   2.0851402E+01  -1.0700332E-02   0.0000000E+00   8.0000000E+00  -1.0700329E-02  -7.9892997E+00   0.0000000E+00   0.0000000E+00
   2.0990662E+01  -1.0213213E-02   0.0000000E+00   8.0000000E+00  -1.0213210E-02  -7.9897868E+00   0.0000000E+00   0.0000000E+00
   2.1130852E+01  -9.7451215E-03   0.0000000E+00   8.0000000E+00  -9.7451188E-03  -7.9902549E+00   0.0000000E+00   0.0000000E+00
   2.1271979E+01  -9.2954608E-03   0.0000000E+00   8.0000000E+00  -9.2954583E-03  -7.9907045E+00   0.0000000E+00   0.0000000E+00
   2.1414047E+01  -8.8636474E-03   0.0000000E+00   8.0000000E+00  -8.8636450E-03  -7.9911364E+00   0.0000000E+00   0.0000000E+00
   2.1557065E+01  -8.4491101E-03   0.0000000E+00   8.0000000E+00  -8.4491078E-03  -7.9915509E+00   0.0000000E+00   0.0000000E+00
   2.1701038E+01  -8.0512902E-03   0.0000000E+00   8.0000000E+00  -8.0512880E-03  -7.9919487E+00   0.0000000E+00   0.0000000E+00
   2.1845972E+01  -7.6696413E-03   0.0000000E+00   8.0000000E+00  -7.6696392E-03  -7.9923304E+00   0.0000000E+00   0.0000000E+00
   2.1991875E+01  -7.3036296E-03   0.0000000E+00   8.0000000E+00  -7.3036275E-03  -7.9926964E+00   0.0000000E+00   0.0000000E+00
   2.2138751E+01  -6.9527334E-03   0.0000000E+00   8.0000000E+00  -6.9527314E-03  -7.9930473E+00   0.0000000E+00   0.0000000E+00
   2.2286609E+01  -6.6164433E-03   0.0000000E+00   8.0000000E+00  -6.6164413E-03  -7.9933836E+00   0.0000000E+00   0.0000000E+00
   2.2435454E+01  -6.2942621E-03   0.0000000E+00   8.0000000E+00  -6.2942602E-03  -7.9937057E+00   0.0000000E+00   0.0000000E+00
   2.2585293E+01  -5.9857046E-03   0.0000000E+00   8.0000000E+00  -5.9857027E-03  -7.9940143E+00   0.0000000E+00   0.0000000E+00
   2.2736133E+01  -5.6902974E-03   0.0000000E+00   8.0000000E+00  -5.6902956E-03  -7.9943097E+00   0.0000000E+00   0.0000000E+00
   2.2887981E+01  -5.4075793E-03   0.0000000E+00   8.0000000E+00  -5.4075775E-03  -7.9945924E+00   0.0000000E+00   0.0000000E+00
   2.3040842E+01  -5.1371005E-03   0.0000000E+00   8.0000000E+00  -5.1370986E-03  -7.9948629E+00   0.0000000E+00   0.0000000E+00
   2.3194725E+01  -4.8784229E-03   0.0000000E+00   8.0000000E+00  -4.8784211E-03  -7.9951216E+00   0.0000000E+00   0.0000000E+00
   2.3349635E+01  -4.6311199E-03   0.0000000E+00   8.0000000E+00  -4.6311181E-03  -7.9953689E+00   0.0000000E+00   0.0000000E+00
   2.3505580E+01  -4.3947764E-03   0.0000000E+00   8.0000000E+00  -4.3947747E-03  -7.9956052E+00   0.0000000E+00   0.0000000E+00
   2.3662566E+01  -4.1689884E-03   0.0000000E+00   8.0000000E+00  -4.1689867E-03  -7.9958310E+00   0.0000000E+00   0.0000000E+00
   2.3820601E+01  -3.9533629E-03   0.0000000E+00   8.0000000E+00  -3.9533612E-03  -7.9960466E+00   0.0000000E+00   0.0000000E+00
   2.3979691E+01  -3.7475180E-03   0.0000000E+00   8.0000000E+00  -3.7475163E-03  -7.9962525E+00   0.0000000E+00   0.0000000E+00
   2.4139844E+01  -3.5510826E-03   0.0000000E+00   8.0000000E+00  -3.5510809E-03  -7.9964489E+00   0.0000000E+00   0.0000000E+00
   2.4301066E+01  -3.3636960E-03   0.0000000E+00   8.0000000E+00  -3.3636943E-03  -7.9966363E+00   0.0000000E+00   0.0000000E+00
   2.4463365E+01  -3.1850082E-03   0.0000000E+00   8.0000000E+00  -3.1850065E-03  -7.9968150E+00   0.0000000E+00   0.0000000E+00
   2.4626748E+01  -3.0146795E-03   0.0000000E+00   8.0000000E+00  -3.0146778E-03  -7.9969853E+00   0.0000000E+00   0.0000000E+00
   2.4791222E+01  -2.8523803E-03   0.0000000E+00   8.0000000E+00  -2.8523786E-03  -7.9971476E+00   0.0000000E+00   0.0000000E+00
   2.4956794E+01  -2.6977909E-03   0.0000000E+00   8.0000000E+00  -2.6977893E-03  -7.9973022E+00   0.0000000E+00   0.0000000E+00
   2.5123473E+01  -2.5506017E-03   0.0000000E+00   8.0000000E+00  -2.5506000E-03  -7.9974494E+00   0.0000000E+00   0.0000000E+00
   2.5291264E+01  -2.4105124E-03   0.0000000E+00   8.0000000E+00  -2.4105108E-03  -7.9975895E+00   0.0000000E+00   0.0000000E+00
   2.5460177E+01  -2.2772324E-03   0.0000000E+00   8.0000000E+00  -2.2772308E-03  -7.9977228E+00   0.0000000E+00   0.0000000E+00
   2.5630217E+01  -2.1504803E-03   0.0000000E+00   8.0000000E+00  -2.1504787E-03  -7.9978495E+00   0.0000000E+00   0.0000000E+00
   2.5801393E+01  -2.0299838E-03   0.0000000E+00   8.0000000E+00  -2.0299822E-03  -7.9979700E+00   0.0000000E+00   0.0000000E+00
   2.5973712E+01  -1.9154796E-03   0.0000000E+00   8.0000000E+00  -1.9154780E-03  -7.9980845E+00   0.0000000E+00   0.0000000E+00
   2.6147182E+01  -1.8067131E-03   0.0000000E+00   8.0000000E+00  -1.8067115E-03  -7.9981933E+00   0.0000000E+00   0.0000000E+00
   2.6321811E+01  -1.7034383E-03   0.0000000E+00   8.0000000E+00  -1.7034366E-03  -7.9982966E+00   0.0000000E+00   0.0000000E+00
   2.6497606E+01  -1.6054174E-03   0.0000000E+00   8.0000000E+00  -1.6054158E-03  -7.9983946E+00   0.0000000E+00   0.0000000E+00
   2.6674574E+01  -1.5124212E-03   0.0000000E+00   8.0000000E+00  -1.5124195E-03  -7.9984876E+00   0.0000000E+00   0.0000000E+00
   2.6852725E+01  -1.4242280E-03   0.0000000E+00   8.0000000E+00  -1.4242264E-03  -7.9985758E+00   0.0000000E+00   0.0000000E+00
   2.7032066E+01  -1.3406245E-03   0.0000000E+00   8.0000000E+00  -1.3406229E-03  -7.9986594E+00   0.0000000E+00   0.0000000E+00
   2.7212604E+01  -1.2614045E-03   0.0000000E+00   8.0000000E+00  -1.2614029E-03  -7.9987386E+00   0.0000000E+00   0.0000000E+00
   2.7394348E+01  -1.1863697E-03   0.0000000E+00   8.0000000E+00  -1.1863681E-03  -7.9988136E+00   0.0000000E+00   0.0000000E+00
   2.7577306E+01  -1.1153287E-03   0.0000000E+00   8.0000000E+00  -1.1153271E-03  -7.9988847E+00   0.0000000E+00   0.0000000E+00
   2.7761486E+01  -1.0480975E-03   0.0000000E+00   8.0000000E+00  -1.0480960E-03  -7.9989519E+00   0.0000000E+00   0.0000000E+00
   2.7946896E+01  -9.8449896E-04   0.0000000E+00   8.0000000E+00  -9.8449738E-04  -7.9990155E+00   0.0000000E+00   0.0000000E+00
   2.8133544E+01  -9.2436250E-04   0.0000000E+00   8.0000000E+00  -9.2436092E-04  -7.9990756E+00   0.0000000E+00   0.0000000E+00
   2.8321439E+01  -8.6752424E-04   0.0000000E+00   8.0000000E+00  -8.6752267E-04  -7.9991325E+00   0.0000000E+00   0.0000000E+00
   2.8510589E+01  -8.1382665E-04   0.0000000E+00   8.0000000E+00  -8.1382508E-04  -7.9991862E+00   0.0000000E+00   0.0000000E+00
   2.8701002E+01  -7.6311836E-04   0.0000000E+00   8.0000000E+00  -7.6311680E-04  -7.9992369E+00   0.0000000E+00   0.0000000E+00
   2.8892686E+01  -7.1525405E-04   0.0000000E+00   8.0000000E+00  -7.1525249E-04  -7.9992847E+00   0.0000000E+00   0.0000000E+00
   2.9085651E+01  -6.7009639E-04   0.0000000E+00   8.0000000E+00  -6.7009483E-04  -7.9993299E+00   0.0000000E+00   0.0000000E+00
   2.9279905E+01  -6.2748939E-04   0.0000000E+00   8.0000000E+00  -6.2748784E-04  -7.9993725E+00   0.0000000E+00   0.0000000E+00
   2.9475456E+01  -5.8735740E-04   0.0000000E+00   8.0000000E+00  -5.8735585E-04  -7.9994126E+00   0.0000000E+00   0.0000000E+00
   2.9672313E+01  -2.8884219E-04   0.0000000E+00   8.0000000E+00  -2.8884065E-04  -7.9997112E+00   0.0000000E+00   0.0000000E+00
   2.9870484E+01  -3.0321991E-04   0.0000000E+00   8.0000000E+00  -3.0321838E-04  -7.9996968E+00   0.0000000E+00   0.0000000E+00
   3.0069979E+01  -3.2855120E-04   0.0000000E+00   8.0000000E+00  -3.2854967E-04  -7.9996715E+00   0.0000000E+00   0.0000000E+00
   3.0270807E+01  -3.5080942E-04   0.0000000E+00   8.0000000E+00  -3.5080789E-04  -7.9996492E+00   0.0000000E+00   0.0000000E+00
   3.0472976E+01  -3.6119677E-04   0.0000000E+00   8.0000000E+00  -3.6119525E-04  -7.9996388E+00   0.0000000E+00   0.0000000E+00
   3.0676495E+01  -3.5904369E-04   0.0000000E+00   8.0000000E+00  -3.5904217E-04  -7.9996410E+00   0.0000000E+00   0.0000000E+00
   3.0881373E+01  -3.4784749E-04   0.0000000E+00   8.0000000E+00  -3.4784597E-04  -7.9996522E+00   0.0000000E+00   0.0000000E+00
   3.1087620E+01  -3.3147505E-04   0.0000000E+00   8.0000000E+00  -3.3147354E-04  -7.9996685E+00   0.0000000E+00   0.0000000E+00
   3.1295244E+01  -3.1272921E-04   0.0000000E+00   8.0000000E+00  -3.1272771E-04  -7.9996873E+00   0.0000000E+00   0.0000000E+00
   3.1504254E+01  -2.9330355E-04   0.0000000E+00   8.0000000E+00  -2.9330206E-04  -7.9997067E+00   0.0000000E+00   0.0000000E+00
   3.1714661E+01  -2.7411967E-04   0.0000000E+00   8.0000000E+00  -2.7411818E-04  -7.9997259E+00   0.0000000E+00   0.0000000E+00
   3.1926472E+01  -2.5563960E-04   0.0000000E+00   8.0000000E+00  -2.5563811E-04  -7.9997444E+00   0.0000000E+00   0.0000000E+00
   3.2139699E+01  -2.3807243E-04   0.0000000E+00   8.0000000E+00  -2.3807095E-04  -7.9997619E+00   0.0000000E+00   0.0000000E+00
   3.2354349E+01  -2.2149430E-04   0.0000000E+00   8.0000000E+00  -2.2149282E-04  -7.9997785E+00   0.0000000E+00   0.0000000E+00
   3.2570433E+01  -2.0591380E-04   0.0000000E+00   8.0000000E+00  -2.0591233E-04  -7.9997941E+00   0.0000000E+00   0.0000000E+00
   3.2787960E+01  -1.9130644E-04   0.0000000E+00   8.0000000E+00  -1.9130498E-04  -7.9998087E+00   0.0000000E+00   0.0000000E+00
   3.3006940E+01  -1.7763239E-04   0.0000000E+00   8.0000000E+00  -1.7763093E-04  -7.9998224E+00   0.0000000E+00   0.0000000E+00
   3.3227383E+01  -1.6484545E-04   0.0000000E+00   8.0000000E+00  -1.6484400E-04  -7.9998352E+00   0.0000000E+00   0.0000000E+00
   3.3449298E+01  -1.5289763E-04   0.0000000E+00   8.0000000E+00  -1.5289618E-04  -7.9998471E+00   0.0000000E+00   0.0000000E+00
   3.3672694E+01  -1.4174128E-04   0.0000000E+00   8.0000000E+00  -1.4173984E-04  -7.9998583E+00   0.0000000E+00   0.0000000E+00
   3.3897583E+01  -1.3133019E-04   0.0000000E+00   8.0000000E+00  -1.3132875E-04  -7.9998687E+00   0.0000000E+00   0.0000000E+00
   3.4123974E+01  -1.2162002E-04   0.0000000E+00   8.0000000E+00  -1.2161859E-04  -7.9998784E+00   0.0000000E+00   0.0000000E+00
   3.4351877E+01  -1.1256853E-04   0.0000000E+00   8.0000000E+00  -1.1256711E-04  -7.9998874E+00   0.0000000E+00   0.0000000E+00
   3.4581301E+01  -1.0413558E-04   0.0000000E+00   8.0000000E+00  -1.0413416E-04  -7.9998959E+00   0.0000000E+00   0.0000000E+00
   3.4812258E+01  -9.6283122E-05   0.0000000E+00   8.0000000E+00  -9.6281707E-05  -7.9999037E+00   0.0000000E+00   0.0000000E+00
   3.5044758E+01  -8.8975118E-05   0.0000000E+00   8.0000000E+00  -8.8973710E-05  -7.9999110E+00   0.0000000E+00   0.0000000E+00
   3.5278810E+01  -8.2177490E-05   0.0000000E+00   8.0000000E+00  -8.2176088E-05  -7.9999178E+00   0.0000000E+00   0.0000000E+00
   3.5514426E+01  -7.5858022E-05   0.0000000E+00   8.0000000E+00  -7.5856626E-05  -7.9999241E+00   0.0000000E+00   0.0000000E+00
   3.5751615E+01  -6.9986285E-05   0.0000000E+00   8.0000000E+00  -6.9984895E-05  -7.9999300E+00   0.0000000E+00   0.0000000E+00
   3.5990388E+01  -6.4533551E-05   0.0000000E+00   8.0000000E+00  -6.4532168E-05  -7.9999355E+00   0.0000000E+00   0.0000000E+00
   3.6230756E+01  -5.9472719E-05   0.0000000E+00   8.0000000E+00  -5.9471342E-05  -7.9999405E+00   0.0000000E+00   0.0000000E+00
   3.6472729E+01  -5.4778233E-05   0.0000000E+00   8.0000000E+00  -5.4776863E-05  -7.9999452E+00   0.0000000E+00   0.0000000E+00
   3.6716318E+01  -5.0426013E-05   0.0000000E+00   8.0000000E+00  -5.0424649E-05  -7.9999496E+00   0.0000000E+00   0.0000000E+00
   3.6961534E+01  -4.6393378E-05   0.0000000E+00   8.0000000E+00  -4.6392021E-05  -7.9999536E+00   0.0000000E+00   0.0000000E+00
   3.7208388E+01  -4.2658981E-05   0.0000000E+00   8.0000000E+00  -4.2657631E-05  -7.9999573E+00   0.0000000E+00   0.0000000E+00
   3.7456890E+01  -3.9202740E-05   0.0000000E+00   8.0000000E+00  -3.9201397E-05  -7.9999608E+00   0.0000000E+00   0.0000000E+00
   3.7707052E+01  -3.6005777E-05   0.0000000E+00   8.0000000E+00  -3.6004440E-05  -7.9999640E+00   0.0000000E+00   0.0000000E+00
   3.7958885E+01  -3.3050351E-05   0.0000000E+00   8.0000000E+00  -3.3049021E-05  -7.9999670E+00   0.0000000E+00   0.0000000E+00
   3.8212400E+01  -3.0319808E-05   0.0000000E+00   8.0000000E+00  -3.0318485E-05  -7.9999697E+00   0.0000000E+00   0.0000000E+00
   3.8467608E+01  -2.7798513E-05   0.0000000E+00   8.0000000E+00  -2.7797197E-05  -7.9999722E+00   0.0000000E+00   0.0000000E+00
   3.8724520E+01  -2.5471808E-05   0.0000000E+00   8.0000000E+00  -2.5470499E-05  -7.9999745E+00   0.0000000E+00   0.0000000E+00
   3.8983148E+01  -2.3325950E-05   0.0000000E+00   8.0000000E+00  -2.3324648E-05  -7.9999767E+00   0.0000000E+00   0.0000000E+00
   3.9243504E+01  -2.1348067E-05   0.0000000E+00   8.0000000E+00  -2.1346772E-05  -7.9999787E+00   0.0000000E+00   0.0000000E+00
   3.9505598E+01  -1.9526108E-05   0.0000000E+00   8.0000000E+00  -1.9524821E-05  -7.9999805E+00   0.0000000E+00   0.0000000E+00
   3.9769442E+01  -1.7848798E-05   0.0000000E+00   8.0000000E+00  -1.7847518E-05  -7.9999822E+00   0.0000000E+00   0.0000000E+00
   4.0035049E+01  -1.6305597E-05   0.0000000E+00   8.0000000E+00  -1.6304325E-05  -7.9999837E+00   0.0000000E+00   0.0000000E+00
   4.0302430E+01  -1.4886655E-05   0.0000000E+00   8.0000000E+00  -1.4885390E-05  -7.9999851E+00   0.0000000E+00   0.0000000E+00
   4.0571596E+01  -1.3582772E-05   0.0000000E+00   8.0000000E+00  -1.3581515E-05  -7.9999864E+00   0.0000000E+00   0.0000000E+00
   4.0842560E+01  -1.2385366E-05   0.0000000E+00   8.0000000E+00  -1.2384116E-05  -7.9999876E+00   0.0000000E+00   0.0000000E+00
   4.1115334E+01  -1.1286431E-05   0.0000000E+00   8.0000000E+00  -1.1285188E-05  -7.9999887E+00   0.0000000E+00   0.0000000E+00
   4.1389930E+01  -1.0278504E-05   0.0000000E+00   8.0000000E+00  -1.0277270E-05  -7.9999897E+00   0.0000000E+00   0.0000000E+00
   4.1666359E+01  -9.3546380E-06   0.0000000E+00   8.0000000E+00  -9.3534111E-06  -7.9999906E+00   0.0000000E+00   0.0000000E+00
   4.1944635E+01  -8.5083624E-06   0.0000000E+00   8.0000000E+00  -8.5071434E-06  -7.9999915E+00   0.0000000E+00   0.0000000E+00
   4.2224769E+01  -7.7336603E-06   0.0000000E+00   8.0000000E+00  -7.7324492E-06  -7.9999923E+00   0.0000000E+00   0.0000000E+00
   4.2506774E+01  -7.0249381E-06   0.0000000E+00   8.0000000E+00  -7.0237350E-06  -7.9999930E+00   0.0000000E+00   0.0000000E+00
   4.2790662E+01  -6.3769993E-06   0.0000000E+00   8.0000000E+00  -6.3758043E-06  -7.9999936E+00   0.0000000E+00   0.0000000E+00
   4.3076447E+01  -5.7850200E-06   0.0000000E+00   8.0000000E+00  -5.7838332E-06  -7.9999942E+00   0.0000000E+00   0.0000000E+00
   4.3364140E+01  -5.2445249E-06   0.0000000E+00   8.0000000E+00  -5.2433462E-06  -7.9999948E+00   0.0000000E+00   0.0000000E+00
   4.3653754E+01  -4.7513647E-06   0.0000000E+00   8.0000000E+00  -4.7501945E-06  -7.9999953E+00   0.0000000E+00   0.0000000E+00
   4.3945303E+01  -4.3016957E-06   0.0000000E+00   8.0000000E+00  -4.3005338E-06  -7.9999957E+00   0.0000000E+00   0.0000000E+00
   4.4238799E+01  -3.8919589E-06   0.0000000E+00   8.0000000E+00  -3.8908055E-06  -7.9999961E+00   0.0000000E+00   0.0000000E+00
   4.4534255E+01  -3.5188616E-06   0.0000000E+00   8.0000000E+00  -3.5177168E-06  -7.9999965E+00   0.0000000E+00   0.0000000E+00
   4.4831684E+01  -3.1793598E-06   0.0000000E+00   8.0000000E+00  -3.1782237E-06  -7.9999968E+00   0.0000000E+00   0.0000000E+00
   4.5131100E+01  -2.8706408E-06   0.0000000E+00   8.0000000E+00  -2.8695134E-06  -7.9999971E+00   0.0000000E+00   0.0000000E+00
   4.5432515E+01  -2.5901080E-06   0.0000000E+00   8.0000000E+00  -2.5889894E-06  -7.9999974E+00   0.0000000E+00   0.0000000E+00
   4.5735943E+01  -2.3353658E-06   0.0000000E+00   8.0000000E+00  -2.3342561E-06  -7.9999977E+00   0.0000000E+00   0.0000000E+00
   4.6041398E+01  -2.1042053E-06   0.0000000E+00   8.0000000E+00  -2.1031046E-06  -7.9999979E+00   0.0000000E+00   0.0000000E+00
   4.6348893E+01  -1.8945919E-06   0.0000000E+00   8.0000000E+00  -1.8935002E-06  -7.9999981E+00   0.0000000E+00   0.0000000E+00
   4.6658442E+01  -1.7046523E-06   0.0000000E+00   8.0000000E+00  -1.7035697E-06  -7.9999983E+00   0.0000000E+00   0.0000000E+00
   4.6970058E+01  -1.5326630E-06   0.0000000E+00   8.0000000E+00  -1.5315896E-06  -7.9999985E+00   0.0000000E+00   0.0000000E+00
   4.7283755E+01  -1.3770400E-06   0.0000000E+00   8.0000000E+00  -1.3759759E-06  -7.9999986E+00   0.0000000E+00   0.0000000E+00
   4.7599547E+01  -1.2363279E-06   0.0000000E+00   8.0000000E+00  -1.2352731E-06  -7.9999988E+00   0.0000000E+00   0.0000000E+00
   4.7917448E+01  -1.1091909E-06   0.0000000E+00   8.0000000E+00  -1.1081456E-06  -7.9999989E+00   0.0000000E+00   0.0000000E+00
   4.8237473E+01  -9.9440386E-07   0.0000000E+00   8.0000000E+00  -9.9336804E-07  -7.9999990E+00   0.0000000E+00   0.0000000E+00
   4.8559634E+01  -8.9084372E-07   0.0000000E+00   8.0000000E+00  -8.8981748E-07  -7.9999991E+00   0.0000000E+00   0.0000000E+00
   4.8883948E+01  -7.9748190E-07   0.0000000E+00   8.0000000E+00  -7.9646537E-07  -7.9999992E+00   0.0000000E+00   0.0000000E+00
   4.9210427E+01  -7.1337728E-07   0.0000000E+00   8.0000000E+00  -7.1237048E-07  -7.9999993E+00   0.0000000E+00   0.0000000E+00
   4.9539087E+01  -6.3766893E-07   0.0000000E+00   8.0000000E+00  -6.3667205E-07  -7.9999994E+00   0.0000000E+00   0.0000000E+00
   4.9869942E+01  -5.6957055E-07   0.0000000E+00   8.0000000E+00  -5.6858357E-07  -7.9999994E+00   0.0000000E+00   0.0000000E+00
   5.0203006E+01  -5.0836387E-07   0.0000000E+00   8.0000000E+00  -5.0738692E-07  -7.9999995E+00   0.0000000E+00   0.0000000E+00
   5.0538295E+01  -4.5339365E-07   0.0000000E+00   8.0000000E+00  -4.5242691E-07  -7.9999995E+00   0.0000000E+00   0.0000000E+00
   5.0875823E+01  -4.0406285E-07   0.0000000E+00   8.0000000E+00  -4.0310626E-07  -7.9999996E+00   0.0000000E+00   0.0000000E+00
   5.1215605E+01  -3.5982723E-07   0.0000000E+00   8.0000000E+00  -3.5888089E-07  -7.9999996E+00   0.0000000E+00   0.0000000E+00
   5.1557657E+01  -3.2019150E-07   0.0000000E+00   8.0000000E+00  -3.1925562E-07  -7.9999997E+00   0.0000000E+00   0.0000000E+00
   5.1901993E+01  -2.8470549E-07   0.0000000E+00   8.0000000E+00  -2.8378006E-07  -7.9999997E+00   0.0000000E+00   0.0000000E+00
   5.2248629E+01  -9.1489483E-10   0.0000000E+00   8.0000000E+00   0.0000000E+00  -8.0000000E+00   0.0000000E+00   0.0000000E+00
   5.2597579E+01  -9.0419405E-10   0.0000000E+00   8.0000000E+00   0.0000000E+00  -8.0000000E+00   0.0000000E+00   0.0000000E+00
   5.2948861E+01  -8.9345065E-10   0.0000000E+00   8.0000000E+00   0.0000000E+00  -8.0000000E+00   0.0000000E+00   0.0000000E+00
   5.3302488E+01  -8.8263619E-10   0.0000000E+00   8.0000000E+00   0.0000000E+00  -8.0000000E+00   0.0000000E+00   0.0000000E+00
   5.3658477E+01  -8.7163698E-10   0.0000000E+00   8.0000000E+00   0.0000000E+00  -8.0000000E+00   0.0000000E+00   0.0000000E+00
   5.4016844E+01  -8.6060936E-10   0.0000000E+00   8.0000000E+00   0.0000000E+00  -8.0000000E+00   0.0000000E+00   0.0000000E+00
   5.4377604E+01  -8.4941121E-10   0.0000000E+00   8.0000000E+00   0.0000000E+00  -8.0000000E+00   0.0000000E+00   0.0000000E+00
   5.4740774E+01  -8.3818463E-10   0.0000000E+00   8.0000000E+00   0.0000000E+00  -8.0000000E+00   0.0000000E+00   0.0000000E+00
   5.5106368E+01  -8.2691543E-10   0.0000000E+00   8.0000000E+00   0.0000000E+00  -8.0000000E+00   0.0000000E+00   0.0000000E+00
   5.5474405E+01  -8.1543305E-10   0.0000000E+00   8.0000000E+00   0.0000000E+00  -8.0000000E+00   0.0000000E+00   0.0000000E+00
   5.5844900E+01  -8.0395068E-10   0.0000000E+00   8.0000000E+00   0.0000000E+00  -8.0000000E+00   0.0000000E+00   0.0000000E+00
   5.6217869E+01  -7.9236884E-10   0.0000000E+00   8.0000000E+00   0.0000000E+00  -8.0000000E+00   0.0000000E+00   0.0000000E+00
   5.6593329E+01  -7.8058804E-10   0.0000000E+00   8.0000000E+00   0.0000000E+00  -8.0000000E+00   0.0000000E+00   0.0000000E+00
   5.6971296E+01  -7.6880724E-10   0.0000000E+00   8.0000000E+00   0.0000000E+00  -8.0000000E+00   0.0000000E+00   0.0000000E+00
   5.7351788E+01  -7.5691275E-10   0.0000000E+00   8.0000000E+00   0.0000000E+00  -8.0000000E+00   0.0000000E+00   0.0000000E+00
   5.7734821E+01  -7.4481932E-10   0.0000000E+00   8.0000000E+00   0.0000000E+00  -8.0000000E+00   0.0000000E+00   0.0000000E+00
   5.8120412E+01  -7.3274009E-10   0.0000000E+00   8.0000000E+00   0.0000000E+00  -8.0000000E+00   0.0000000E+00   0.0000000E+00
   5.8508578E+01  -7.2041928E-10   0.0000000E+00   8.0000000E+00   0.0000000E+00  -8.0000000E+00   0.0000000E+00   0.0000000E+00
   5.8899337E+01  -7.0809847E-10   0.0000000E+00   8.0000000E+00   0.0000000E+00  -8.0000000E+00   0.0000000E+00   0.0000000E+00
   5.9292706E+01  -6.9566397E-10   0.0000000E+00   8.0000000E+00   0.0000000E+00  -8.0000000E+00   0.0000000E+00   0.0000000E+00
   5.9688701E+01  -6.8305894E-10   0.0000000E+00   8.0000000E+00   0.0000000E+00  -8.0000000E+00   0.0000000E+00   0.0000000E+00
   6.0087342E+01  -6.7043970E-10   0.0000000E+00   8.0000000E+00   0.0000000E+00  -8.0000000E+00   0.0000000E+00   0.0000000E+00
   6.0488644E+01  -6.5772099E-10   0.0000000E+00   8.0000000E+00   0.0000000E+00  -8.0000000E+00   0.0000000E+00   0.0000000E+00
   6.0892627E+01  -6.4481753E-10   0.0000000E+00   8.0000000E+00   0.0000000E+00  -8.0000000E+00   0.0000000E+00   0.0000000E+00
   6.1299308E+01  -6.3191408E-10   0.0000000E+00   8.0000000E+00   0.0000000E+00  -8.0000000E+00   0.0000000E+00   0.0000000E+00
   6.1708705E+01  -6.1888272E-10   0.0000000E+00   8.0000000E+00   0.0000000E+00  -8.0000000E+00   0.0000000E+00   0.0000000E+00
   6.2120837E+01  -6.0568084E-10   0.0000000E+00   8.0000000E+00   0.0000000E+00  -8.0000000E+00   0.0000000E+00   0.0000000E+00
   6.2535720E+01  -5.9245053E-10   0.0000000E+00   8.0000000E+00   0.0000000E+00  -8.0000000E+00   0.0000000E+00   0.0000000E+00
   6.2953375E+01  -5.7913496E-10   0.0000000E+00   8.0000000E+00   0.0000000E+00  -8.0000000E+00   0.0000000E+00   0.0000000E+00
   6.3373819E+01  -5.6557781E-10   0.0000000E+00   8.0000000E+00   0.0000000E+00  -8.0000000E+00   0.0000000E+00   0.0000000E+00
   6.3797071E+01  -5.5196381E-10   0.0000000E+00   8.0000000E+00   0.0000000E+00  -8.0000000E+00   0.0000000E+00   0.0000000E+00
   6.4223150E+01  -5.3819349E-10   0.0000000E+00   8.0000000E+00   0.0000000E+00  -8.0000000E+00   0.0000000E+00   0.0000000E+00
   6.4652074E+01  -5.2439475E-10   0.0000000E+00   8.0000000E+00   0.0000000E+00  -8.0000000E+00   0.0000000E+00   0.0000000E+00
   6.5083863E+01  -5.1043969E-10   0.0000000E+00   8.0000000E+00   0.0000000E+00  -8.0000000E+00   0.0000000E+00   0.0000000E+00
   6.5518536E+01  -4.9629989E-10   0.0000000E+00   8.0000000E+00   0.0000000E+00  -8.0000000E+00   0.0000000E+00   0.0000000E+00
   6.5956112E+01  -4.8213167E-10   0.0000000E+00   8.0000000E+00   0.0000000E+00  -8.0000000E+00   0.0000000E+00   0.0000000E+00
   6.6396610E+01  -4.6784976E-10   0.0000000E+00   8.0000000E+00   0.0000000E+00  -8.0000000E+00   0.0000000E+00   0.0000000E+00
   6.6840050E+01  -4.5335469E-10   0.0000000E+00   8.0000000E+00   0.0000000E+00  -8.0000000E+00   0.0000000E+00   0.0000000E+00
   6.7286452E+01  -4.3883119E-10   0.0000000E+00   8.0000000E+00   0.0000000E+00  -8.0000000E+00   0.0000000E+00   0.0000000E+00
   6.7735835E+01  -4.2419401E-10   0.0000000E+00   8.0000000E+00   0.0000000E+00  -8.0000000E+00   0.0000000E+00   0.0000000E+00
   6.8188219E+01  -4.0934367E-10   0.0000000E+00   8.0000000E+00   0.0000000E+00  -8.0000000E+00   0.0000000E+00   0.0000000E+00
   6.8643625E+01  -3.9449333E-10   0.0000000E+00   8.0000000E+00   0.0000000E+00  -8.0000000E+00   0.0000000E+00   0.0000000E+00
   6.9102072E+01  -3.7951509E-10   0.0000000E+00   8.0000000E+00   0.0000000E+00  -8.0000000E+00   0.0000000E+00   0.0000000E+00
   6.9563581E+01  -3.6432368E-10   0.0000000E+00   8.0000000E+00   0.0000000E+00  -8.0000000E+00   0.0000000E+00   0.0000000E+00
   7.0028172E+01  -3.4908965E-10   0.0000000E+00   8.0000000E+00   0.0000000E+00  -8.0000000E+00   0.0000000E+00   0.0000000E+00
   7.0495866E+01  -3.3364245E-10   0.0000000E+00   8.0000000E+00   0.0000000E+00  -8.0000000E+00   0.0000000E+00   0.0000000E+00
   7.0966683E+01  -3.1819525E-10   0.0000000E+00   8.0000000E+00   0.0000000E+00  -8.0000000E+00   0.0000000E+00   0.0000000E+00
   7.1440645E+01  -3.0262015E-10   0.0000000E+00   8.0000000E+00   0.0000000E+00  -8.0000000E+00   0.0000000E+00   0.0000000E+00
   7.1917773E+01  -2.8686031E-10   0.0000000E+00   8.0000000E+00   0.0000000E+00  -8.0000000E+00   0.0000000E+00   0.0000000E+00
   7.2398087E+01  -2.7105784E-10   0.0000000E+00   8.0000000E+00   0.0000000E+00  -8.0000000E+00   0.0000000E+00   0.0000000E+00
   7.2881609E+01  -2.5512747E-10   0.0000000E+00   8.0000000E+00   0.0000000E+00  -8.0000000E+00   0.0000000E+00   0.0000000E+00
   7.3368360E+01  -2.3898394E-10   0.0000000E+00   8.0000000E+00   0.0000000E+00  -8.0000000E+00   0.0000000E+00   0.0000000E+00
   7.3858362E+01  -2.2282620E-10   0.0000000E+00   8.0000000E+00   0.0000000E+00  -8.0000000E+00   0.0000000E+00   0.0000000E+00
   7.4351636E+01  -2.0651214E-10   0.0000000E+00   8.0000000E+00   0.0000000E+00  -8.0000000E+00   0.0000000E+00   0.0000000E+00
   7.4848205E+01  -1.8997071E-10   0.0000000E+00   8.0000000E+00   0.0000000E+00  -8.0000000E+00   0.0000000E+00   0.0000000E+00
   7.5348090E+01  -1.7338664E-10   0.0000000E+00   8.0000000E+00   0.0000000E+00  -8.0000000E+00   0.0000000E+00   0.0000000E+00
   7.5851314E+01  -1.5660362E-10   0.0000000E+00   8.0000000E+00   0.0000000E+00  -8.0000000E+00   0.0000000E+00   0.0000000E+00
   7.6357899E+01  -1.3976376E-10   0.0000000E+00   8.0000000E+00   0.0000000E+00  -8.0000000E+00   0.0000000E+00   0.0000000E+00
   7.6867867E+01  -1.2279600E-10   0.0000000E+00   8.0000000E+00   0.0000000E+00  -8.0000000E+00   0.0000000E+00   0.0000000E+00
   7.7381241E+01  -1.0564349E-10   0.0000000E+00   8.0000000E+00   0.0000000E+00  -8.0000000E+00   0.0000000E+00   0.0000000E+00
   7.7898043E+01  -8.8434149E-11   0.0000000E+00   8.0000000E+00   0.0000000E+00  -8.0000000E+00   0.0000000E+00   0.0000000E+00
   7.8418297E+01  -7.1082695E-11   0.0000000E+00   8.0000000E+00   0.0000000E+00  -8.0000000E+00   0.0000000E+00   0.0000000E+00
   7.8942026E+01  -5.3489657E-11   0.0000000E+00   8.0000000E+00   0.0000000E+00  -8.0000000E+00   0.0000000E+00   0.0000000E+00
   7.9469252E+01  -3.5868197E-11   0.0000000E+00   8.0000000E+00   0.0000000E+00  -8.0000000E+00   0.0000000E+00   0.0000000E+00
   8.0000000E+01  -1.8047785E-11   0.0000000E+00   8.0000000E+00   0.0000000E+00  -8.0000000E+00   0.0000000E+00   0.0000000E+00
