#                                         5                             9
  0.0000000E+00  0.0000000E+00  0.0000000E+00  0.0000000E+00  0.0000000E+00
  8.8911955E-07  2.6797841E-05  5.4586877E-07 -1.5281903E-09  1.9977836E-13
  1.7841772E-06  5.1251215E-05  1.0953832E-06 -4.9701003E-09  8.0445935E-13
  2.6852126E-06  7.4986744E-05  1.6485677E-06 -9.9314245E-09  1.8221557E-12
  3.5922658E-06  9.8319609E-05  2.2054466E-06 -1.6257369E-08  3.2611070E-12
  4.5053768E-06  1.2139085E-04  2.7660448E-06 -2.3859052E-08  5.1296810E-12
  5.4245861E-06  1.4429071E-04  3.3303870E-06 -3.2675821E-08  7.4363761E-12
  6.3499346E-06  1.6707203E-04  3.8984982E-06 -4.2666156E-08  1.0189823E-11
  7.2814630E-06  1.8977244E-04  4.4704037E-06 -5.3799852E-08  1.3398785E-11
  8.2192129E-06  2.1242041E-04  5.0461287E-06 -6.6054251E-08  1.7072164E-11
  9.1632256E-06  2.3503772E-04  5.6256987E-06 -7.9412468E-08  2.1218999E-11
  1.0113543E-05  2.5764181E-04  6.2091396E-06 -9.3861870E-08  2.5848466E-11
  1.1070207E-05  2.8024690E-04  6.7964770E-06 -1.0939318E-07  3.0969888E-11
  1.2033261E-05  3.0286482E-04  7.3877370E-06 -1.2599981E-07  3.6592728E-11
  1.3002746E-05  3.2550558E-04  7.9829458E-06 -1.4367740E-07  4.2726597E-11
  1.3978707E-05  3.4817781E-04  8.5821298E-06 -1.6242341E-07  4.9381252E-11
  1.4961185E-05  3.7088899E-04  9.1853156E-06 -1.8223690E-07  5.6566604E-11
  1.5950225E-05  3.9364572E-04  9.7925298E-06 -2.0311823E-07  6.4292711E-11
  1.6945870E-05  4.1645386E-04  1.0403799E-05 -2.2506898E-07  7.2569792E-11
  1.7948165E-05  4.3931866E-04  1.1019151E-05 -2.4809171E-07  8.1408216E-11
  1.8957154E-05  4.6224487E-04  1.1638613E-05 -2.7218993E-07  9.0818517E-11
  1.9972882E-05  4.8523679E-04  1.2262212E-05 -2.9736796E-07  1.0081139E-10
  2.0995393E-05  5.0829840E-04  1.2889976E-05 -3.2363086E-07  1.1139768E-10
  2.2024733E-05  5.3143333E-04  1.3521932E-05 -3.5098439E-07  1.2258842E-10
  2.3060948E-05  5.5464495E-04  1.4158109E-05 -3.7943489E-07  1.3439479E-10
  2.4104084E-05  5.7793641E-04  1.4798535E-05 -4.0898932E-07  1.4682817E-10
  2.5154186E-05  6.0131064E-04  1.5443238E-05 -4.3965515E-07  1.5990007E-10
  2.6211301E-05  6.2477040E-04  1.6092246E-05 -4.7144035E-07  1.7362221E-10
  2.7275476E-05  6.4831830E-04  1.6745589E-05 -5.0435337E-07  1.8800648E-10
  2.8346759E-05  6.7195680E-04  1.7403296E-05 -5.3840311E-07  2.0306494E-10
  2.9425197E-05  6.9568824E-04  1.8065395E-05 -5.7359887E-07  2.1880985E-10
  3.0510836E-05  7.1951484E-04  1.8731916E-05 -6.0995037E-07  2.3525364E-10
  3.1603727E-05  7.4343873E-04  1.9402889E-05 -6.4746771E-07  2.5240894E-10
  3.2703917E-05  7.6746196E-04  2.0078343E-05 -6.8616137E-07  2.7028856E-10
  3.3811454E-05  7.9158649E-04  2.0758307E-05 -7.2604218E-07  2.8890550E-10
  3.4926388E-05  8.1581420E-04  2.1442813E-05 -7.6712130E-07  3.0827299E-10
  3.6048768E-05  8.4014693E-04  2.2131891E-05 -8.0941025E-07  3.2840442E-10
  3.7178645E-05  8.6458643E-04  2.2825571E-05 -8.5292086E-07  3.4931339E-10
  3.8316067E-05  8.8913443E-04  2.3523883E-05 -8.9766530E-07  3.7101373E-10
  3.9461086E-05  9.1379257E-04  2.4226860E-05 -9.4365602E-07  3.9351944E-10
  4.0613752E-05  9.3856249E-04  2.4934531E-05 -9.9090580E-07  4.1684477E-10
  4.1774116E-05  9.6344575E-04  2.5646929E-05 -1.0394277E-06  4.4100414E-10
  4.2942230E-05  9.8844390E-04  2.6364084E-05 -1.0892351E-06  4.6601224E-10
  4.4118146E-05  1.0135585E-03  2.7086029E-05 -1.1403417E-06  4.9188392E-10
  4.5301915E-05  1.0387909E-03  2.7812796E-05 -1.1927614E-06  5.1863430E-10
  4.6493589E-05  1.0641426E-03  2.8544416E-05 -1.2465084E-06  5.4627871E-10
  4.7693223E-05  1.0896151E-03  2.9280923E-05 -1.3015972E-06  5.7483271E-10
  4.8900869E-05  1.1152097E-03  3.0022349E-05 -1.3580428E-06  6.0431207E-10
  5.0116580E-05  1.1409279E-03  3.0768726E-05 -1.4158600E-06  6.3473284E-10
  5.1340410E-05  1.1667709E-03  3.1520088E-05 -1.4750643E-06  6.6611128E-10
  5.2572414E-05  1.1927401E-03  3.2276468E-05 -1.5356713E-06  6.9846389E-10
  5.3812646E-05  1.2188368E-03  3.3037900E-05 -1.5976969E-06  7.3180743E-10
  5.5061161E-05  1.2450624E-03  3.3804417E-05 -1.6611573E-06  7.6615889E-10
  5.6318014E-05  1.2714181E-03  3.4576054E-05 -1.7260689E-06  8.0153554E-10
  5.7583261E-05  1.2979051E-03  3.5352843E-05 -1.7924485E-06  8.3795489E-10
  5.8856959E-05  1.3245249E-03  3.6134821E-05 -1.8603130E-06  8.7543471E-10
  6.0139163E-05  1.3512785E-03  3.6922022E-05 -1.9296798E-06  9.1399303E-10
  6.1429931E-05  1.3781673E-03  3.7714479E-05 -2.0005663E-06  9.5364816E-10
  6.2729319E-05  1.4051925E-03  3.8512230E-05 -2.0729905E-06  9.9441866E-10
  6.4037385E-05  1.4323553E-03  3.9315308E-05 -2.1469703E-06  1.0363234E-09
  6.5354187E-05  1.4596569E-03  4.0123749E-05 -2.2225243E-06  1.0793815E-09
  6.6679784E-05  1.4870985E-03  4.0937590E-05 -2.2996710E-06  1.1236123E-09
  6.8014234E-05  1.5146814E-03  4.1756867E-05 -2.3784294E-06  1.1690356E-09
  6.9357596E-05  1.5424067E-03  4.2581615E-05 -2.4588187E-06  1.2156714E-09
  7.0709930E-05  1.5702757E-03  4.3411871E-05 -2.5408585E-06  1.2635399E-09
  7.2071296E-05  1.5982894E-03  4.4247672E-05 -2.6245684E-06  1.3126616E-09
  7.3441754E-05  1.6264492E-03  4.5089055E-05 -2.7099687E-06  1.3630576E-09
  7.4821365E-05  1.6547561E-03  4.5936058E-05 -2.7970796E-06  1.4147489E-09
  7.6210190E-05  1.6832114E-03  4.6788717E-05 -2.8859218E-06  1.4677572E-09
  7.7608290E-05  1.7118162E-03  4.7647071E-05 -2.9765163E-06  1.5221041E-09
  7.9015728E-05  1.7405717E-03  4.8511157E-05 -3.0688843E-06  1.5778118E-09
  8.0432565E-05  1.7694791E-03  4.9381015E-05 -3.1630474E-06  1.6349029E-09
  8.1858865E-05  1.7985395E-03  5.0256682E-05 -3.2590273E-06  1.6934000E-09
  8.3294690E-05  1.8277541E-03  5.1138197E-05 -3.3568463E-06  1.7533264E-09
  8.4740105E-05  1.8571241E-03  5.2025599E-05 -3.4565267E-06  1.8147054E-09
  8.6195174E-05  1.8866505E-03  5.2918928E-05 -3.5580914E-06  1.8775609E-09
  8.7659960E-05  1.9163347E-03  5.3818224E-05 -3.6615634E-06  1.9419170E-09
  8.9134529E-05  1.9461777E-03  5.4723525E-05 -3.7669661E-06  2.0077983E-09
  9.0618946E-05  1.9761807E-03  5.5634873E-05 -3.8743231E-06  2.0752295E-09
  9.2113278E-05  2.0063449E-03  5.6552307E-05 -3.9836585E-06  2.1442361E-09
  9.3617589E-05  2.0366715E-03  5.7475869E-05 -4.0949967E-06  2.2148434E-09
  9.5131947E-05  2.0671615E-03  5.8405598E-05 -4.2083622E-06  2.2870776E-09
  9.6656419E-05  2.0978162E-03  5.9341537E-05 -4.3237800E-06  2.3609649E-09
  9.8191072E-05  2.1286368E-03  6.0283727E-05 -4.4412755E-06  2.4365320E-09
  9.9735974E-05  2.1596243E-03  6.1232209E-05 -4.5608744E-06  2.5138062E-09
  1.0129119E-04  2.1907800E-03  6.2187026E-05 -4.6826026E-06  2.5928149E-09
  1.0285680E-04  2.2221051E-03  6.3148219E-05 -4.8064863E-06  2.6735860E-09
  1.0443287E-04  2.2536007E-03  6.4115833E-05 -4.9325524E-06  2.7561479E-09
  1.0601945E-04  2.2852679E-03  6.5089908E-05 -5.0608279E-06  2.8405292E-09
  1.0761664E-04  2.3171081E-03  6.6070489E-05 -5.1913400E-06  2.9267591E-09
  1.0922449E-04  2.3491223E-03  6.7057619E-05 -5.3241166E-06  3.0148673E-09
  1.1084308E-04  2.3813117E-03  6.8051342E-05 -5.4591856E-06  3.1048836E-09
  1.1247248E-04  2.4136775E-03  6.9051701E-05 -5.5965757E-06  3.1968385E-09
  1.1411277E-04  2.4462209E-03  7.0058741E-05 -5.7363155E-06  3.2907630E-09
  1.1576401E-04  2.4789431E-03  7.1072507E-05 -5.8784343E-06  3.3866882E-09
  1.1742627E-04  2.5118454E-03  7.2093044E-05 -6.0229617E-06  3.4846460E-09
  1.1909964E-04  2.5449287E-03  7.3120397E-05 -6.1699275E-06  3.5846686E-09
  1.2078418E-04  2.5781945E-03  7.4154610E-05 -6.3193621E-06  3.6867888E-09
  1.2247998E-04  2.6116439E-03  7.5195731E-05 -6.4712963E-06  3.7910395E-09
  1.2418710E-04  2.6452780E-03  7.6243805E-05 -6.6257610E-06  3.8974546E-09
  1.2590562E-04  2.6790982E-03  7.7298879E-05 -6.7827879E-06  4.0060682E-09
  1.2763562E-04  2.7131056E-03  7.8361000E-05 -6.9424089E-06  4.1169148E-09
  1.2937717E-04  2.7473014E-03  7.9430213E-05 -7.1046562E-06  4.2300295E-09
  1.3113035E-04  2.7816868E-03  8.0506568E-05 -7.2695625E-06  4.3454481E-09
  1.3289524E-04  2.8162632E-03  8.1590112E-05 -7.4371610E-06  4.4632066E-09
  1.3467192E-04  2.8510317E-03  8.2680892E-05 -7.6074853E-06  4.5833418E-09
  1.3646047E-04  2.8859935E-03  8.3778956E-05 -7.7805693E-06  4.7058907E-09
  1.3826096E-04  2.9211499E-03  8.4884355E-05 -7.9564474E-06  4.8308911E-09
  1.4007347E-04  2.9565021E-03  8.5997136E-05 -8.1351545E-06  4.9583812E-09
  1.4189809E-04  2.9920514E-03  8.7117349E-05 -8.3167258E-06  5.0884000E-09
  1.4373490E-04  3.0277990E-03  8.8245043E-05 -8.5011971E-06  5.2209866E-09
  1.4558397E-04  3.0637462E-03  8.9380269E-05 -8.6886045E-06  5.3561811E-09
  1.4744540E-04  3.0998942E-03  9.0523077E-05 -8.8789847E-06  5.4940240E-09
  1.4931925E-04  3.1362444E-03  9.1673517E-05 -9.0723747E-06  5.6345563E-09
  1.5120562E-04  3.1727979E-03  9.2831640E-05 -9.2688122E-06  5.7778197E-09
  1.5310459E-04  3.2095561E-03  9.3997498E-05 -9.4683351E-06  5.9238565E-09
  1.5501624E-04  3.2465202E-03  9.5171143E-05 -9.6709818E-06  6.0727095E-09
  1.5694066E-04  3.2836916E-03  9.6352626E-05 -9.8767915E-06  6.2244223E-09
  1.5887793E-04  3.3210714E-03  9.7541999E-05 -1.0085804E-05  6.3790388E-09
  1.6082813E-04  3.3586610E-03  9.8739316E-05 -1.0298058E-05  6.5366039E-09
  1.6279137E-04  3.3964618E-03  9.9944629E-05 -1.0513595E-05  6.6971629E-09
  1.6476771E-04  3.4344749E-03  1.0115799E-04 -1.0732456E-05  6.8607619E-09
  1.6675726E-04  3.4727018E-03  1.0237946E-04 -1.0954682E-05  7.0274474E-09
  1.6876009E-04  3.5111437E-03  1.0360908E-04 -1.1180315E-05  7.1972669E-09
  1.7077630E-04  3.5498019E-03  1.0484692E-04 -1.1409399E-05  7.3702684E-09
  1.7280597E-04  3.5886779E-03  1.0609302E-04 -1.1641974E-05  7.5465005E-09
  1.7484920E-04  3.6277728E-03  1.0734745E-04 -1.1878087E-05  7.7260126E-09
  1.7690607E-04  3.6670881E-03  1.0861025E-04 -1.2117779E-05  7.9088549E-09
  1.7897668E-04  3.7066251E-03  1.0988149E-04 -1.2361097E-05  8.0950781E-09
  1.8106113E-04  3.7463851E-03  1.1116122E-04 -1.2608085E-05  8.2847337E-09
  1.8315949E-04  3.7863696E-03  1.1244950E-04 -1.2858790E-05  8.4778741E-09
  1.8527186E-04  3.8265797E-03  1.1374637E-04 -1.3113256E-05  8.6745522E-09
  1.8739835E-04  3.8670170E-03  1.1505191E-04 -1.3371533E-05  8.8748218E-09
  1.8953903E-04  3.9076828E-03  1.1636617E-04 -1.3633666E-05  9.0787373E-09
  1.9169402E-04  3.9485785E-03  1.1768921E-04 -1.3899704E-05  9.2863541E-09
  1.9386339E-04  3.9897054E-03  1.1902108E-04 -1.4169696E-05  9.4977283E-09
  1.9604726E-04  4.0310650E-03  1.2036185E-04 -1.4443691E-05  9.7129166E-09
  1.9824571E-04  4.0726586E-03  1.2171157E-04 -1.4721739E-05  9.9319769E-09
  2.0045884E-04  4.1144877E-03  1.2307031E-04 -1.5003890E-05  1.0154967E-08
  2.0268675E-04  4.1565536E-03  1.2443812E-04 -1.5290196E-05  1.0381948E-08
  2.0492954E-04  4.1988577E-03  1.2581507E-04 -1.5580709E-05  1.0612978E-08
  2.0718731E-04  4.2414016E-03  1.2720121E-04 -1.5875480E-05  1.0848119E-08
  2.0946016E-04  4.2841865E-03  1.2859661E-04 -1.6174563E-05  1.1087433E-08
  2.1174819E-04  4.3272140E-03  1.3000133E-04 -1.6478012E-05  1.1330982E-08
  2.1405150E-04  4.3704855E-03  1.3141543E-04 -1.6785881E-05  1.1578830E-08
  2.1637019E-04  4.4140023E-03  1.3283898E-04 -1.7098225E-05  1.1831042E-08
  2.1870437E-04  4.4577661E-03  1.3427203E-04 -1.7415100E-05  1.2087683E-08
  2.2105414E-04  4.5017782E-03  1.3571465E-04 -1.7736562E-05  1.2348819E-08
  2.2341960E-04  4.5460401E-03  1.3716691E-04 -1.8062668E-05  1.2614518E-08
  2.2580086E-04  4.5905533E-03  1.3862887E-04 -1.8393477E-05  1.2884848E-08
  2.2819802E-04  4.6353192E-03  1.4010059E-04 -1.8729046E-05  1.3159878E-08
  2.3061120E-04  4.6803393E-03  1.4158214E-04 -1.9069435E-05  1.3439679E-08
  2.3304049E-04  4.7256151E-03  1.4307359E-04 -1.9414705E-05  1.3724321E-08
  2.3548600E-04  4.7711482E-03  1.4457499E-04 -1.9764915E-05  1.4013877E-08
  2.3794785E-04  4.8169400E-03  1.4608643E-04 -2.0120127E-05  1.4308420E-08
  2.4042613E-04  4.8629920E-03  1.4760795E-04 -2.0480404E-05  1.4608024E-08
  2.4292097E-04  4.9093057E-03  1.4913964E-04 -2.0845809E-05  1.4912764E-08
  2.4543248E-04  4.9558827E-03  1.5068156E-04 -2.1216405E-05  1.5222717E-08
  2.4796075E-04  5.0027246E-03  1.5223378E-04 -2.1592256E-05  1.5537960E-08
  2.5050591E-04  5.0498327E-03  1.5379636E-04 -2.1973429E-05  1.5858572E-08
  2.5306807E-04  5.0972087E-03  1.5536938E-04 -2.2359989E-05  1.6184632E-08
  2.5564734E-04  5.1448542E-03  1.5695291E-04 -2.2752004E-05  1.6516221E-08
  2.5824384E-04  5.1927706E-03  1.5854701E-04 -2.3149540E-05  1.6853420E-08
  2.6085768E-04  5.2409596E-03  1.6015176E-04 -2.3552668E-05  1.7196314E-08
  2.6348897E-04  5.2894227E-03  1.6176722E-04 -2.3961456E-05  1.7544985E-08
  2.6613784E-04  5.3381615E-03  1.6339348E-04 -2.4375974E-05  1.7899519E-08
  2.6880440E-04  5.3871775E-03  1.6503059E-04 -2.4796295E-05  1.8260004E-08
  2.7148877E-04  5.4364725E-03  1.6667864E-04 -2.5222489E-05  1.8626525E-08
  2.7419106E-04  5.4860479E-03  1.6833770E-04 -2.5654630E-05  1.8999173E-08
  2.7691141E-04  5.5359054E-03  1.7000783E-04 -2.6092792E-05  1.9378038E-08
  2.7964992E-04  5.5860466E-03  1.7168912E-04 -2.6537049E-05  1.9763211E-08
  2.8240672E-04  5.6364731E-03  1.7338164E-04 -2.6987478E-05  2.0154785E-08
  2.8518193E-04  5.6871866E-03  1.7508547E-04 -2.7444155E-05  2.0552854E-08
  2.8797568E-04  5.7381886E-03  1.7680067E-04 -2.7907157E-05  2.0957513E-08
  2.9078809E-04  5.7894809E-03  1.7852732E-04 -2.8376562E-05  2.1368859E-08
  2.9361927E-04  5.8410650E-03  1.8026551E-04 -2.8852452E-05  2.1786990E-08
  2.9646937E-04  5.8929426E-03  1.8201531E-04 -2.9334905E-05  2.2212006E-08
  2.9933850E-04  5.9451154E-03  1.8377679E-04 -2.9824003E-05  2.2644007E-08
  3.0222680E-04  5.9975851E-03  1.8555004E-04 -3.0319829E-05  2.3083096E-08
  3.0513438E-04  6.0503533E-03  1.8733513E-04 -3.0822466E-05  2.3529376E-08
  3.0806139E-04  6.1034218E-03  1.8913215E-04 -3.1331999E-05  2.3982953E-08
  3.1100794E-04  6.1567921E-03  1.9094116E-04 -3.1848513E-05  2.4443932E-08
  3.1397417E-04  6.2104661E-03  1.9276226E-04 -3.2372094E-05  2.4912422E-08
  3.1696021E-04  6.2644454E-03  1.9459552E-04 -3.2902831E-05  2.5388533E-08
  3.1996619E-04  6.3187317E-03  1.9644102E-04 -3.3440812E-05  2.5872375E-08
  3.2299225E-04  6.3733268E-03  1.9829885E-04 -3.3986127E-05  2.6364062E-08
  3.2603852E-04  6.4282323E-03  2.0016908E-04 -3.4538867E-05  2.6863707E-08
  3.2910514E-04  6.4834501E-03  2.0205181E-04 -3.5099123E-05  2.7371427E-08
  3.3219223E-04  6.5389819E-03  2.0394711E-04 -3.5666989E-05  2.7887338E-08
  3.3529994E-04  6.5948293E-03  2.0585507E-04 -3.6242559E-05  2.8411560E-08
  3.3842841E-04  6.6509943E-03  2.0777577E-04 -3.6825928E-05  2.8944213E-08
  3.4157777E-04  6.7074785E-03  2.0970930E-04 -3.7417194E-05  2.9485420E-08
  3.4474817E-04  6.7642837E-03  2.1165574E-04 -3.8016454E-05  3.0035305E-08
  3.4793974E-04  6.8214118E-03  2.1361518E-04 -3.8623806E-05  3.0593994E-08
  3.5115262E-04  6.8788644E-03  2.1558771E-04 -3.9239352E-05  3.1161614E-08
  3.5438696E-04  6.9366434E-03  2.1757341E-04 -3.9863192E-05  3.1738295E-08
  3.5764291E-04  6.9947506E-03  2.1957238E-04 -4.0495429E-05  3.2324168E-08
  3.6092060E-04  7.0531879E-03  2.2158469E-04 -4.1136167E-05  3.2919365E-08
  3.6422018E-04  7.1119569E-03  2.2361045E-04 -4.1785512E-05  3.3524022E-08
  3.6754179E-04  7.1710596E-03  2.2564973E-04 -4.2443569E-05  3.4138275E-08
  3.7088559E-04  7.2304978E-03  2.2770263E-04 -4.3110447E-05  3.4762263E-08
  3.7425172E-04  7.2902734E-03  2.2976924E-04 -4.3786254E-05  3.5396126E-08
  3.7764034E-04  7.3503881E-03  2.3184966E-04 -4.4471101E-05  3.6040007E-08
  3.8105158E-04  7.4108439E-03  2.3394397E-04 -4.5165101E-05  3.6694050E-08
  3.8448561E-04  7.4716425E-03  2.3605227E-04 -4.5868365E-05  3.7358402E-08
  3.8794257E-04  7.5327860E-03  2.3817464E-04 -4.6581009E-05  3.8033211E-08
  3.9142262E-04  7.5942761E-03  2.4031120E-04 -4.7303149E-05  3.8718627E-08
  3.9492591E-04  7.6561148E-03  2.4246202E-04 -4.8034901E-05  3.9414804E-08
  3.9845260E-04  7.7183040E-03  2.4462720E-04 -4.8776385E-05  4.0121895E-08
  4.0200284E-04  7.7808454E-03  2.4680685E-04 -4.9527721E-05  4.0840059E-08
  4.0557679E-04  7.8437412E-03  2.4900105E-04 -5.0289031E-05  4.1569453E-08
  4.0917462E-04  7.9069931E-03  2.5120991E-04 -5.1060438E-05  4.2310239E-08
  4.1279647E-04  7.9706032E-03  2.5343352E-04 -5.1842067E-05  4.3062581E-08
  4.1644251E-04  8.0345733E-03  2.5567198E-04 -5.2634044E-05  4.3826644E-08
  4.2011290E-04  8.0989054E-03  2.5792539E-04 -5.3436496E-05  4.4602596E-08
  4.2380780E-04  8.1636015E-03  2.6019385E-04 -5.4249553E-05  4.5390608E-08
  4.2752738E-04  8.2286634E-03  2.6247746E-04 -5.5073347E-05  4.6190853E-08
  4.3127180E-04  8.2940932E-03  2.6477632E-04 -5.5908009E-05  4.7003504E-08
  4.3504123E-04  8.3598929E-03  2.6709054E-04 -5.6753675E-05  4.7828741E-08
  4.3883584E-04  8.4260644E-03  2.6942021E-04 -5.7610478E-05  4.8666743E-08
  4.4265578E-04  8.4926097E-03  2.7176544E-04 -5.8478558E-05  4.9517692E-08
  4.4650124E-04  8.5595308E-03  2.7412633E-04 -5.9358054E-05  5.0381774E-08
  4.5037238E-04  8.6268297E-03  2.7650299E-04 -6.0249105E-05  5.1259176E-08
  4.5426938E-04  8.6945085E-03  2.7889553E-04 -6.1151856E-05  5.2150087E-08
  4.5819240E-04  8.7625691E-03  2.8130404E-04 -6.2066449E-05  5.3054702E-08
  4.6214162E-04  8.8310136E-03  2.8372864E-04 -6.2993032E-05  5.3973215E-08
  4.6611722E-04  8.8998440E-03  2.8616943E-04 -6.3931752E-05  5.4905824E-08
  4.7011937E-04  8.9690624E-03  2.8862652E-04 -6.4882759E-05  5.5852730E-08
  4.7414825E-04  9.0386707E-03  2.9110002E-04 -6.5846204E-05  5.6814137E-08
  4.7820404E-04  9.1086712E-03  2.9359004E-04 -6.6822241E-05  5.7790252E-08
  4.8228691E-04  9.1790657E-03  2.9609669E-04 -6.7811025E-05  5.8781283E-08
  4.8639705E-04  9.2498565E-03  2.9862009E-04 -6.8812713E-05  5.9787443E-08
  4.9053464E-04  9.3210456E-03  3.0116033E-04 -6.9827464E-05  6.0808946E-08
  4.9469987E-04  9.3926350E-03  3.0371754E-04 -7.0855440E-05  6.1846012E-08
  4.9889291E-04  9.4646270E-03  3.0629183E-04 -7.1896803E-05  6.2898860E-08
  5.0311396E-04  9.5370235E-03  3.0888331E-04 -7.2951718E-05  6.3967716E-08
  5.0736320E-04  9.6098267E-03  3.1149210E-04 -7.4020352E-05  6.5052806E-08
  5.1164081E-04  9.6830387E-03  3.1411832E-04 -7.5102875E-05  6.6154360E-08
  5.1594700E-04  9.7566616E-03  3.1676207E-04 -7.6199457E-05  6.7272612E-08
  5.2028194E-04  9.8306977E-03  3.1942348E-04 -7.7310272E-05  6.8407799E-08
  5.2464584E-04  9.9051489E-03  3.2210266E-04 -7.8435495E-05  6.9560161E-08
  5.2903888E-04  9.9800175E-03  3.2479974E-04 -7.9575303E-05  7.0729940E-08
  5.3346126E-04  1.0055306E-02  3.2751483E-04 -8.0729877E-05  7.1917385E-08
  5.3791318E-04  1.0131016E-02  3.3024805E-04 -8.1899397E-05  7.3122744E-08
  5.4239483E-04  1.0207149E-02  3.3299953E-04 -8.3084048E-05  7.4346271E-08
  5.4690641E-04  1.0283709E-02  3.3576938E-04 -8.4284016E-05  7.5588223E-08
  5.5144812E-04  1.0360697E-02  3.3855774E-04 -8.5499490E-05  7.6848860E-08
  5.5602017E-04  1.0438115E-02  3.4136471E-04 -8.6730661E-05  7.8128447E-08
  5.6062275E-04  1.0515966E-02  3.4419043E-04 -8.7977722E-05  7.9427252E-08
  5.6525606E-04  1.0594252E-02  3.4703502E-04 -8.9240868E-05  8.0745544E-08
  5.6992033E-04  1.0672975E-02  3.4989862E-04 -9.0520297E-05  8.2083601E-08
  5.7461574E-04  1.0752137E-02  3.5278133E-04 -9.1816211E-05  8.3441700E-08
  5.7934251E-04  1.0831741E-02  3.5568330E-04 -9.3128811E-05  8.4820124E-08
  5.8410085E-04  1.0911789E-02  3.5860465E-04 -9.4458302E-05  8.6219160E-08
  5.8889098E-04  1.0992282E-02  3.6154551E-04 -9.5804894E-05  8.7639098E-08
  5.9371309E-04  1.1073224E-02  3.6450601E-04 -9.7168795E-05  8.9080234E-08
  5.9856740E-04  1.1154616E-02  3.6748629E-04 -9.8550220E-05  9.0542864E-08
  6.0345414E-04  1.1236461E-02  3.7048647E-04 -9.9949383E-05  9.2027293E-08
  6.0837352E-04  1.1318761E-02  3.7350668E-04 -1.0136650E-04  9.3533826E-08
  6.1332574E-04  1.1401519E-02  3.7654707E-04 -1.0280180E-04  9.5062776E-08
  6.1831105E-04  1.1484736E-02  3.7960776E-04 -1.0425550E-04  9.6614456E-08
  6.2332965E-04  1.1568414E-02  3.8268889E-04 -1.0572782E-04  9.8189187E-08
  6.2838176E-04  1.1652558E-02  3.8579060E-04 -1.0721900E-04  9.9787293E-08
  6.3346762E-04  1.1737167E-02  3.8891303E-04 -1.0872927E-04  1.0140910E-07
  6.3858744E-04  1.1822246E-02  3.9205631E-04 -1.1025886E-04  1.0305495E-07
  6.4374146E-04  1.1907795E-02  3.9522058E-04 -1.1180801E-04  1.0472517E-07
  6.4892990E-04  1.1993819E-02  3.9840599E-04 -1.1337697E-04  1.0642010E-07
  6.5415299E-04  1.2080318E-02  4.0161267E-04 -1.1496596E-04  1.0814010E-07
  6.5941096E-04  1.2167295E-02  4.0484076E-04 -1.1657525E-04  1.0988551E-07
  6.6470405E-04  1.2254752E-02  4.0809042E-04 -1.1820507E-04  1.1165669E-07
  6.7003249E-04  1.2342693E-02  4.1136178E-04 -1.1985568E-04  1.1345400E-07
  6.7539652E-04  1.2431119E-02  4.1465498E-04 -1.2152735E-04  1.1527781E-07
  6.8079637E-04  1.2520032E-02  4.1797018E-04 -1.2322031E-04  1.1712849E-07
  6.8623228E-04  1.2609436E-02  4.2130753E-04 -1.2493485E-04  1.1900642E-07
  6.9170450E-04  1.2699331E-02  4.2466716E-04 -1.2667121E-04  1.2091197E-07
  6.9721327E-04  1.2789722E-02  4.2804922E-04 -1.2842968E-04  1.2284554E-07
  7.0275883E-04  1.2880609E-02  4.3145388E-04 -1.3021052E-04  1.2480751E-07
  7.0834142E-04  1.2971997E-02  4.3488128E-04 -1.3201400E-04  1.2679828E-07
  7.1396130E-04  1.3063886E-02  4.3833156E-04 -1.3384041E-04  1.2881826E-07
  7.1961871E-04  1.3156279E-02  4.4180489E-04 -1.3569002E-04  1.3086786E-07
  7.2531391E-04  1.3249179E-02  4.4530141E-04 -1.3756312E-04  1.3294748E-07
  7.3104714E-04  1.3342589E-02  4.4882129E-04 -1.3946000E-04  1.3505755E-07
  7.3681866E-04  1.3436510E-02  4.5236468E-04 -1.4138095E-04  1.3719849E-07
  7.4262873E-04  1.3530945E-02  4.5593173E-04 -1.4332626E-04  1.3937073E-07
  7.4847760E-04  1.3625896E-02  4.5952260E-04 -1.4529624E-04  1.4157472E-07
  7.5436553E-04  1.3721367E-02  4.6313746E-04 -1.4729119E-04  1.4381089E-07
  7.6029279E-04  1.3817359E-02  4.6677645E-04 -1.4931141E-04  1.4607969E-07
  7.6625964E-04  1.3913875E-02  4.7043975E-04 -1.5135721E-04  1.4838158E-07
  7.7226633E-04  1.4010917E-02  4.7412752E-04 -1.5342890E-04  1.5071702E-07
  7.7831314E-04  1.4108487E-02  4.7783992E-04 -1.5552682E-04  1.5308647E-07
  7.8440033E-04  1.4206590E-02  4.8157711E-04 -1.5765126E-04  1.5549042E-07
  7.9052818E-04  1.4305225E-02  4.8533926E-04 -1.5980257E-04  1.5792933E-07
  7.9669696E-04  1.4404397E-02  4.8912653E-04 -1.6198107E-04  1.6040371E-07
  8.0290693E-04  1.4504108E-02  4.9293910E-04 -1.6418709E-04  1.6291403E-07
  8.0915838E-04  1.4604360E-02  4.9677714E-04 -1.6642097E-04  1.6546081E-07
  8.1545158E-04  1.4705155E-02  5.0064080E-04 -1.6868306E-04  1.6804455E-07
  8.2178681E-04  1.4806497E-02  5.0453027E-04 -1.7097369E-04  1.7066577E-07
  8.2816435E-04  1.4908387E-02  5.0844572E-04 -1.7329322E-04  1.7332497E-07
  8.3458448E-04  1.5010829E-02  5.1238731E-04 -1.7564200E-04  1.7602271E-07
  8.4104749E-04  1.5113824E-02  5.1635523E-04 -1.7802039E-04  1.7875950E-07
  8.4755367E-04  1.5217376E-02  5.2034965E-04 -1.8042875E-04  1.8153589E-07
  8.5410329E-04  1.5321486E-02  5.2437075E-04 -1.8286746E-04  1.8435243E-07
  8.6069666E-04  1.5426157E-02  5.2841870E-04 -1.8533687E-04  1.8720969E-07
  8.6733407E-04  1.5531393E-02  5.3249369E-04 -1.8783737E-04  1.9010822E-07
  8.7401580E-04  1.5637194E-02  5.3659589E-04 -1.9036934E-04  1.9304860E-07
  8.8074216E-04  1.5743565E-02  5.4072549E-04 -1.9293316E-04  1.9603140E-07
  8.8751344E-04  1.5850506E-02  5.4488267E-04 -1.9552923E-04  1.9905723E-07
  8.9432995E-04  1.5958022E-02  5.4906762E-04 -1.9815793E-04  2.0212667E-07
  9.0119198E-04  1.6066114E-02  5.5328051E-04 -2.0081967E-04  2.0524033E-07
  9.0809984E-04  1.6174786E-02  5.5752154E-04 -2.0351485E-04  2.0839883E-07
  9.1505383E-04  1.6284038E-02  5.6179090E-04 -2.0624388E-04  2.1160277E-07
  9.2205427E-04  1.6393875E-02  5.6608877E-04 -2.0900717E-04  2.1485281E-07
  9.2910146E-04  1.6504299E-02  5.7041534E-04 -2.1180515E-04  2.1814957E-07
  9.3619571E-04  1.6615312E-02  5.7477081E-04 -2.1463823E-04  2.2149369E-07
  9.4333735E-04  1.6726917E-02  5.7915536E-04 -2.1750686E-04  2.2488585E-07
  9.5052668E-04  1.6839116E-02  5.8356920E-04 -2.2041145E-04  2.2832670E-07
  9.5776403E-04  1.6951912E-02  5.8801252E-04 -2.2335246E-04  2.3181691E-07
  9.6504971E-04  1.7065307E-02  5.9248551E-04 -2.2633032E-04  2.3535717E-07
  9.7238405E-04  1.7179304E-02  5.9698838E-04 -2.2934549E-04  2.3894818E-07
  9.7976738E-04  1.7293907E-02  6.0152132E-04 -2.3239842E-04  2.4259063E-07
  9.8720001E-04  1.7409116E-02  6.0608453E-04 -2.3548958E-04  2.4628523E-07
  9.9468229E-04  1.7524935E-02  6.1067822E-04 -2.3861943E-04  2.5003271E-07
  1.0022145E-03  1.7641367E-02  6.1530259E-04 -2.4178844E-04  2.5383380E-07
  1.0097971E-03  1.7758413E-02  6.1995785E-04 -2.4499710E-04  2.5768924E-07
  1.0174303E-03  1.7876077E-02  6.2464419E-04 -2.4824588E-04  2.6159978E-07
  1.0251145E-03  1.7994361E-02  6.2936183E-04 -2.5153528E-04  2.6556618E-07
  1.0328499E-03  1.8113268E-02  6.3411098E-04 -2.5486580E-04  2.6958922E-07
  1.0406371E-03  1.8232799E-02  6.3889185E-04 -2.5823793E-04  2.7366967E-07
  1.0484763E-03  1.8352959E-02  6.4370465E-04 -2.6165218E-04  2.7780833E-07
  1.0563678E-03  1.8473749E-02  6.4854959E-04 -2.6510907E-04  2.8200600E-07
  1.0643120E-03  1.8595172E-02  6.5342689E-04 -2.6860911E-04  2.8626350E-07
  1.0723093E-03  1.8717231E-02  6.5833676E-04 -2.7215284E-04  2.9058165E-07
  1.0803600E-03  1.8839927E-02  6.6327943E-04 -2.7574079E-04  2.9496129E-07
  1.0884644E-03  1.8963265E-02  6.6825510E-04 -2.7937350E-04  2.9940327E-07
  1.0966230E-03  1.9087245E-02  6.7326400E-04 -2.8305150E-04  3.0390844E-07
  1.1048361E-03  1.9211872E-02  6.7830636E-04 -2.8677537E-04  3.0847768E-07
  1.1131040E-03  1.9337146E-02  6.8338239E-04 -2.9054564E-04  3.1311188E-07
  1.1214272E-03  1.9463072E-02  6.8849233E-04 -2.9436290E-04  3.1781192E-07
  1.1298059E-03  1.9589651E-02  6.9363639E-04 -2.9822771E-04  3.2257872E-07
  1.1382406E-03  1.9716887E-02  6.9881481E-04 -3.0214065E-04  3.2741319E-07
  1.1467316E-03  1.9844781E-02  7.0402781E-04 -3.0610231E-04  3.3231627E-07
  1.1552793E-03  1.9973336E-02  7.0927562E-04 -3.1011329E-04  3.3728890E-07
  1.1638841E-03  2.0102555E-02  7.1455849E-04 -3.1417418E-04  3.4233204E-07
  1.1725464E-03  2.0232440E-02  7.1987664E-04 -3.1828559E-04  3.4744666E-07
  1.1812666E-03  2.0362994E-02  7.2523030E-04 -3.2244813E-04  3.5263374E-07
  1.1900449E-03  2.0494219E-02  7.3061972E-04 -3.2666244E-04  3.5789429E-07
  1.1988819E-03  2.0626119E-02  7.3604514E-04 -3.3092913E-04  3.6322930E-07
  1.2077780E-03  2.0758695E-02  7.4150679E-04 -3.3524886E-04  3.6863982E-07
  1.2167334E-03  2.0891950E-02  7.4700492E-04 -3.3962225E-04  3.7412687E-07
  1.2257487E-03  2.1025886E-02  7.5253976E-04 -3.4404998E-04  3.7969151E-07
  1.2348241E-03  2.1160506E-02  7.5811157E-04 -3.4853269E-04  3.8533480E-07
  1.2439602E-03  2.1295813E-02  7.6372060E-04 -3.5307105E-04  3.9105783E-07
  1.2531573E-03  2.1431809E-02  7.6936708E-04 -3.5766575E-04  3.9686169E-07
  1.2624158E-03  2.1568497E-02  7.7505127E-04 -3.6231747E-04  4.0274750E-07
  1.2717361E-03  2.1705879E-02  7.8077343E-04 -3.6702690E-04  4.0871637E-07
  1.2811187E-03  2.1843957E-02  7.8653380E-04 -3.7179474E-04  4.1476946E-07
  1.2905640E-03  2.1982734E-02  7.9233265E-04 -3.7662170E-04  4.2090791E-07
  1.3000723E-03  2.2122213E-02  7.9817022E-04 -3.8150851E-04  4.2713290E-07
  1.3096441E-03  2.2262396E-02  8.0404678E-04 -3.8645589E-04  4.3344562E-07
  1.3192799E-03  2.2403286E-02  8.0996259E-04 -3.9146456E-04  4.3984728E-07
  1.3289800E-03  2.2544884E-02  8.1591791E-04 -3.9653529E-04  4.4633908E-07
  1.3387449E-03  2.2687194E-02  8.2191300E-04 -4.0166882E-04  4.5292228E-07
  1.3485750E-03  2.2830217E-02  8.2794813E-04 -4.0686592E-04  4.5959812E-07
  1.3584708E-03  2.2973957E-02  8.3402356E-04 -4.1212735E-04  4.6636788E-07
  1.3684327E-03  2.3118415E-02  8.4013957E-04 -4.1745390E-04  4.7323284E-07
  1.3784611E-03  2.3263595E-02  8.4629643E-04 -4.2284635E-04  4.8019431E-07
  1.3885564E-03  2.3409498E-02  8.5249441E-04 -4.2830551E-04  4.8725362E-07
  1.3987192E-03  2.3556126E-02  8.5873378E-04 -4.3383219E-04  4.9441210E-07
  1.4089499E-03  2.3703483E-02  8.6501482E-04 -4.3942720E-04  5.0167111E-07
  1.4192489E-03  2.3851571E-02  8.7133781E-04 -4.4509138E-04  5.0903204E-07
  1.4296167E-03  2.4000392E-02  8.7770303E-04 -4.5082556E-04  5.1649628E-07
  1.4400537E-03  2.4149948E-02  8.8411076E-04 -4.5663058E-04  5.2406524E-07
  1.4505604E-03  2.4300241E-02  8.9056129E-04 -4.6250732E-04  5.3174036E-07
  1.4611373E-03  2.4451275E-02  8.9705490E-04 -4.6845663E-04  5.3952310E-07
  1.4717848E-03  2.4603051E-02  9.0359187E-04 -4.7447939E-04  5.4741492E-07
  1.4825035E-03  2.4755571E-02  9.1017250E-04 -4.8057650E-04  5.5541733E-07
  1.4932937E-03  2.4908839E-02  9.1679709E-04 -4.8674885E-04  5.6353183E-07
  1.5041560E-03  2.5062855E-02  9.2346591E-04 -4.9299736E-04  5.7175996E-07
  1.5150908E-03  2.5217623E-02  9.3017928E-04 -4.9932295E-04  5.8010328E-07
  1.5260987E-03  2.5373145E-02  9.3693748E-04 -5.0572655E-04  5.8856336E-07
  1.5371801E-03  2.5529422E-02  9.4374081E-04 -5.1220909E-04  5.9714181E-07
  1.5483355E-03  2.5686458E-02  9.5058958E-04 -5.1877155E-04  6.0584023E-07
  1.5595654E-03  2.5844253E-02  9.5748410E-04 -5.2541487E-04  6.1466028E-07
  1.5708703E-03  2.6002812E-02  9.6442466E-04 -5.3214005E-04  6.2360361E-07
  1.5822507E-03  2.6162134E-02  9.7141157E-04 -5.3894806E-04  6.3267191E-07
  1.5937071E-03  2.6322224E-02  9.7844515E-04 -5.4583992E-04  6.4186689E-07
  1.6052400E-03  2.6483082E-02  9.8552570E-04 -5.5281662E-04  6.5119029E-07
  1.6168500E-03  2.6644712E-02  9.9265353E-04 -5.5987921E-04  6.6064385E-07
  1.6285374E-03  2.6807114E-02  9.9982898E-04 -5.6702870E-04  6.7022936E-07
  1.6403030E-03  2.6970292E-02  1.0070523E-03 -5.7426616E-04  6.7994863E-07
  1.6521471E-03  2.7134246E-02  1.0143239E-03 -5.8159263E-04  6.8980347E-07
  1.6640703E-03  2.7298980E-02  1.0216441E-03 -5.8900921E-04  6.9979574E-07
  1.6760732E-03  2.7464495E-02  1.0290132E-03 -5.9651696E-04  7.0992733E-07
  1.6881562E-03  2.7630794E-02  1.0364315E-03 -6.0411700E-04  7.2020012E-07
  1.7003199E-03  2.7797877E-02  1.0438993E-03 -6.1181043E-04  7.3061606E-07
  1.7125648E-03  2.7965748E-02  1.0514170E-03 -6.1959837E-04  7.4117709E-07
  1.7248916E-03  2.8134407E-02  1.0589849E-03 -6.2748197E-04  7.5188520E-07
  1.7373006E-03  2.8303858E-02  1.0666033E-03 -6.3546238E-04  7.6274239E-07
  1.7497925E-03  2.8474101E-02  1.0742726E-03 -6.4354076E-04  7.7375070E-07
  1.7623679E-03  2.8645139E-02  1.0819932E-03 -6.5171830E-04  7.8491220E-07
  1.7750272E-03  2.8816974E-02  1.0897653E-03 -6.5999617E-04  7.9622897E-07
  1.7877711E-03  2.8989606E-02  1.0975893E-03 -6.6837560E-04  8.0770314E-07
  1.8006001E-03  2.9163039E-02  1.1054656E-03 -6.7685780E-04  8.1933684E-07
  1.8135148E-03  2.9337274E-02  1.1133945E-03 -6.8544400E-04  8.3113226E-07
  1.8265158E-03  2.9512312E-02  1.1213763E-03 -6.9413546E-04  8.4309161E-07
  1.8396035E-03  2.9688155E-02  1.1294114E-03 -7.0293344E-04  8.5521711E-07
  1.8527787E-03  2.9864805E-02  1.1375002E-03 -7.1183922E-04  8.6751104E-07
  1.8660419E-03  3.0042263E-02  1.1456430E-03 -7.2085409E-04  8.7997569E-07
  1.8793936E-03  3.0220532E-02  1.1538402E-03 -7.2997936E-04  8.9261339E-07
  1.8928345E-03  3.0399612E-02  1.1620922E-03 -7.3921636E-04  9.0542650E-07
  1.9063652E-03  3.0579506E-02  1.1703992E-03 -7.4856642E-04  9.1841741E-07
  1.9199863E-03  3.0760214E-02  1.1787618E-03 -7.5803090E-04  9.3158855E-07
  1.9336983E-03  3.0941738E-02  1.1871802E-03 -7.6761117E-04  9.4494236E-07
  1.9475019E-03  3.1124080E-02  1.1956548E-03 -7.7730862E-04  9.5848134E-07
  1.9613977E-03  3.1307241E-02  1.2041860E-03 -7.8712465E-04  9.7220802E-07
  1.9753863E-03  3.1491223E-02  1.2127742E-03 -7.9706068E-04  9.8612494E-07
  1.9894683E-03  3.1676026E-02  1.2214197E-03 -8.0711815E-04  1.0002347E-06
  2.0036444E-03  3.1861653E-02  1.2301230E-03 -8.1729850E-04  1.0145399E-06
  2.0179151E-03  3.2048103E-02  1.2388844E-03 -8.2760321E-04  1.0290433E-06
  2.0322811E-03  3.2235380E-02  1.2477044E-03 -8.3803377E-04  1.0437475E-06
  2.0467431E-03  3.2423483E-02  1.2565832E-03 -8.4859167E-04  1.0586553E-06
  2.0613017E-03  3.2612414E-02  1.2655213E-03 -8.5927844E-04  1.0737693E-06
  2.0759576E-03  3.2802174E-02  1.2745192E-03 -8.7009562E-04  1.0890926E-06
  2.0907112E-03  3.2992764E-02  1.2835771E-03 -8.8104476E-04  1.1046278E-06
  2.1055635E-03  3.3184186E-02  1.2926955E-03 -8.9212744E-04  1.1203779E-06
  2.1205149E-03  3.3376439E-02  1.3018748E-03 -9.0334524E-04  1.1363458E-06
  2.1355662E-03  3.3569526E-02  1.3111154E-03 -9.1469979E-04  1.1525344E-06
  2.1507180E-03  3.3763447E-02  1.3204177E-03 -9.2619271E-04  1.1689469E-06
  2.1659710E-03  3.3958203E-02  1.3297822E-03 -9.3782564E-04  1.1855861E-06
  2.1813259E-03  3.4153795E-02  1.3392092E-03 -9.4960026E-04  1.2024553E-06
  2.1967833E-03  3.4350223E-02  1.3486992E-03 -9.6151825E-04  1.2195574E-06
  2.2123439E-03  3.4547488E-02  1.3582525E-03 -9.7358131E-04  1.2368958E-06
  2.2280085E-03  3.4745592E-02  1.3678696E-03 -9.8579117E-04  1.2544735E-06
  2.2437777E-03  3.4944534E-02  1.3775510E-03 -9.9814958E-04  1.2722939E-06
  2.2596522E-03  3.5144315E-02  1.3872970E-03 -1.0106583E-03  1.2903603E-06
  2.2756327E-03  3.5344936E-02  1.3971082E-03 -1.0233191E-03  1.3086760E-06
  2.2917200E-03  3.5546397E-02  1.4069848E-03 -1.0361338E-03  1.3272444E-06
  2.3079147E-03  3.5748699E-02  1.4169274E-03 -1.0491043E-03  1.3460689E-06
  2.3242175E-03  3.5951842E-02  1.4269364E-03 -1.0622323E-03  1.3651530E-06
  2.3406293E-03  3.6155827E-02  1.4370123E-03 -1.0755197E-03  1.3845003E-06
  2.3571506E-03  3.6360653E-02  1.4471554E-03 -1.0889685E-03  1.4041143E-06
  2.3737823E-03  3.6566321E-02  1.4573663E-03 -1.1025806E-03  1.4239986E-06
  2.3905251E-03  3.6772831E-02  1.4676454E-03 -1.1163578E-03  1.4441569E-06
  2.4073796E-03  3.6980184E-02  1.4779931E-03 -1.1303021E-03  1.4645929E-06
  2.4243468E-03  3.7188378E-02  1.4884100E-03 -1.1444155E-03  1.4853105E-06
  2.4414273E-03  3.7397415E-02  1.4988964E-03 -1.1587000E-03  1.5063134E-06
  2.4586218E-03  3.7607295E-02  1.5094528E-03 -1.1731577E-03  1.5276055E-06
  2.4759312E-03  3.7818016E-02  1.5200798E-03 -1.1877905E-03  1.5491907E-06
  2.4933562E-03  3.8029579E-02  1.5307777E-03 -1.2026006E-03  1.5710730E-06
  2.5108975E-03  3.8241984E-02  1.5415471E-03 -1.2175900E-03  1.5932565E-06
  2.5285560E-03  3.8455231E-02  1.5523884E-03 -1.2327608E-03  1.6157452E-06
  2.5463325E-03  3.8669318E-02  1.5633021E-03 -1.2481152E-03  1.6385433E-06
  2.5642276E-03  3.8884246E-02  1.5742887E-03 -1.2636553E-03  1.6616550E-06
  2.5822423E-03  3.9100015E-02  1.5853486E-03 -1.2793834E-03  1.6850845E-06
  2.6003773E-03  3.9316622E-02  1.5964825E-03 -1.2953016E-03  1.7088362E-06
  2.6186334E-03  3.9534069E-02  1.6076907E-03 -1.3114122E-03  1.7329144E-06
  2.6370114E-03  3.9752354E-02  1.6189737E-03 -1.3277174E-03  1.7573235E-06
  2.6555122E-03  3.9971476E-02  1.6303321E-03 -1.3442196E-03  1.7820681E-06
  2.6741365E-03  4.0191435E-02  1.6417664E-03 -1.3609210E-03  1.8071527E-06
  2.6928853E-03  4.0412229E-02  1.6532770E-03 -1.3778239E-03  1.8325818E-06
  2.7117592E-03  4.0633858E-02  1.6648645E-03 -1.3949308E-03  1.8583603E-06
  2.7307592E-03  4.0856321E-02  1.6765294E-03 -1.4122440E-03  1.8844928E-06
  2.7498861E-03  4.1079616E-02  1.6882722E-03 -1.4297660E-03  1.9109840E-06
  2.7691407E-03  4.1303742E-02  1.7000934E-03 -1.4474991E-03  1.9378390E-06
  2.7885239E-03  4.1528699E-02  1.7119935E-03 -1.4654459E-03  1.9650626E-06
  2.8080366E-03  4.1754483E-02  1.7239732E-03 -1.4836089E-03  1.9926598E-06
  2.8276796E-03  4.1981095E-02  1.7360328E-03 -1.5019905E-03  2.0206357E-06
  2.8474538E-03  4.2208533E-02  1.7481730E-03 -1.5205934E-03  2.0489954E-06
  2.8673600E-03  4.2436794E-02  1.7603943E-03 -1.5394201E-03  2.0777441E-06
  2.8873992E-03  4.2665877E-02  1.7726972E-03 -1.5584733E-03  2.1068872E-06
  2.9075722E-03  4.2895781E-02  1.7850822E-03 -1.5777554E-03  2.1364298E-06
  2.9278800E-03  4.3126503E-02  1.7975500E-03 -1.5972694E-03  2.1663775E-06
  2.9483234E-03  4.3358042E-02  1.8101010E-03 -1.6170178E-03  2.1967357E-06
  2.9689033E-03  4.3590395E-02  1.8227359E-03 -1.6370033E-03  2.2275101E-06
  2.9896207E-03  4.3823561E-02  1.8354552E-03 -1.6572287E-03  2.2587062E-06
  3.0104764E-03  4.4057536E-02  1.8482593E-03 -1.6776969E-03  2.2903297E-06
  3.0314714E-03  4.4292320E-02  1.8611491E-03 -1.6984106E-03  2.3223865E-06
  3.0526066E-03  4.4527908E-02  1.8741248E-03 -1.7193727E-03  2.3548825E-06
  3.0738830E-03  4.4764299E-02  1.8871873E-03 -1.7405860E-03  2.3878234E-06
  3.0953015E-03  4.5001491E-02  1.9003370E-03 -1.7620535E-03  2.4212155E-06
  3.1168630E-03  4.5239479E-02  1.9135745E-03 -1.7837781E-03  2.4550648E-06
  3.1385686E-03  4.5478262E-02  1.9269004E-03 -1.8057628E-03  2.4893775E-06
  3.1604191E-03  4.5717837E-02  1.9403153E-03 -1.8280106E-03  2.5241598E-06
  3.1824155E-03  4.5958201E-02  1.9538199E-03 -1.8505246E-03  2.5594182E-06
  3.2045588E-03  4.6199349E-02  1.9674146E-03 -1.8733077E-03  2.5951591E-06
  3.2268501E-03  4.6441280E-02  1.9811001E-03 -1.8963632E-03  2.6313890E-06
  3.2492901E-03  4.6683990E-02  1.9948770E-03 -1.9196941E-03  2.6681145E-06
  3.2718801E-03  4.6927475E-02  2.0087459E-03 -1.9433037E-03  2.7053423E-06
  3.2946210E-03  4.7171732E-02  2.0227074E-03 -1.9671951E-03  2.7430793E-06
  3.3175137E-03  4.7416757E-02  2.0367622E-03 -1.9913716E-03  2.7813323E-06
  3.3405593E-03  4.7662546E-02  2.0509108E-03 -2.0158365E-03  2.8201084E-06
  3.3637588E-03  4.7909096E-02  2.0651540E-03 -2.0405930E-03  2.8594145E-06
  3.3871133E-03  4.8156402E-02  2.0794922E-03 -2.0656446E-03  2.8992579E-06
  3.4106237E-03  4.8404460E-02  2.0939262E-03 -2.0909945E-03  2.9396459E-06
  3.4342912E-03  4.8653266E-02  2.1084566E-03 -2.1166463E-03  2.9805857E-06
  3.4581167E-03  4.8902815E-02  2.1230841E-03 -2.1426034E-03  3.0220850E-06
  3.4821013E-03  4.9153103E-02  2.1378093E-03 -2.1688692E-03  3.0641511E-06
  3.5062461E-03  4.9404126E-02  2.1526328E-03 -2.1954474E-03  3.1067919E-06
  3.5305522E-03  4.9655878E-02  2.1675552E-03 -2.2223415E-03  3.1500151E-06
  3.5550206E-03  4.9908355E-02  2.1825774E-03 -2.2495550E-03  3.1938285E-06
  3.5796525E-03  5.0161552E-02  2.1976999E-03 -2.2770916E-03  3.2382402E-06
  3.6044488E-03  5.0415463E-02  2.2129234E-03 -2.3049551E-03  3.2832583E-06
  3.6294108E-03  5.0670083E-02  2.2282485E-03 -2.3331491E-03  3.3288908E-06
  3.6545394E-03  5.0925407E-02  2.2436760E-03 -2.3616774E-03  3.3751463E-06
  3.6798359E-03  5.1181429E-02  2.2592066E-03 -2.3905438E-03  3.4220330E-06
  3.7053013E-03  5.1438144E-02  2.2748408E-03 -2.4197521E-03  3.4695595E-06
  3.7309368E-03  5.1695545E-02  2.2905795E-03 -2.4493062E-03  3.5177345E-06
  3.7567435E-03  5.1953627E-02  2.3064233E-03 -2.4792101E-03  3.5665667E-06
  3.7827226E-03  5.2212383E-02  2.3223729E-03 -2.5094676E-03  3.6160650E-06
  3.8088752E-03  5.2471808E-02  2.3384290E-03 -2.5400829E-03  3.6662385E-06
  3.8352024E-03  5.2731894E-02  2.3545923E-03 -2.5710599E-03  3.7170962E-06
  3.8617055E-03  5.2992636E-02  2.3708636E-03 -2.6024027E-03  3.7686473E-06
  3.8883856E-03  5.3254026E-02  2.3872436E-03 -2.6341155E-03  3.8209014E-06
  3.9152438E-03  5.3516058E-02  2.4037330E-03 -2.6662023E-03  3.8738678E-06
  3.9422814E-03  5.3778725E-02  2.4203324E-03 -2.6986676E-03  3.9275563E-06
  3.9694996E-03  5.4042019E-02  2.4370428E-03 -2.7315154E-03  3.9819764E-06
  3.9968996E-03  5.4305933E-02  2.4538647E-03 -2.7647501E-03  4.0371383E-06
  4.0244826E-03  5.4570459E-02  2.4707990E-03 -2.7983761E-03  4.0930517E-06
  4.0522498E-03  5.4835591E-02  2.4878464E-03 -2.8323977E-03  4.1497271E-06
  4.0802025E-03  5.5101319E-02  2.5050077E-03 -2.8668194E-03  4.2071745E-06
  4.1083418E-03  5.5367637E-02  2.5222835E-03 -2.9016456E-03  4.2654044E-06
  4.1366691E-03  5.5634536E-02  2.5396748E-03 -2.9368809E-03  4.3244275E-06
  4.1651855E-03  5.5902007E-02  2.5571822E-03 -2.9725298E-03  4.3842544E-06
  4.1938924E-03  5.6170042E-02  2.5748065E-03 -3.0085970E-03  4.4448961E-06
  4.2227911E-03  5.6438633E-02  2.5925485E-03 -3.0450871E-03  4.5063634E-06
  4.2518827E-03  5.6707770E-02  2.6104090E-03 -3.0820048E-03  4.5686675E-06
  4.2811686E-03  5.6977445E-02  2.6283888E-03 -3.1193550E-03  4.6318198E-06
  4.3106501E-03  5.7247648E-02  2.6464887E-03 -3.1571423E-03  4.6958317E-06
  4.3403285E-03  5.7518369E-02  2.6647094E-03 -3.1953716E-03  4.7607148E-06
  4.3702052E-03  5.7789600E-02  2.6830518E-03 -3.2340480E-03  4.8264809E-06
  4.4002813E-03  5.8061331E-02  2.7015168E-03 -3.2731762E-03  4.8931419E-06
  4.4305583E-03  5.8333551E-02  2.7201050E-03 -3.3127613E-03  4.9607099E-06
  4.4610376E-03  5.8606251E-02  2.7388174E-03 -3.3528084E-03  5.0291971E-06
  4.4917204E-03  5.8879419E-02  2.7576548E-03 -3.3933225E-03  5.0986159E-06
  4.5226081E-03  5.9153046E-02  2.7766180E-03 -3.4343088E-03  5.1689790E-06
  4.5537021E-03  5.9427121E-02  2.7957078E-03 -3.4757725E-03  5.2402990E-06
  4.5850038E-03  5.9701633E-02  2.8149251E-03 -3.5177189E-03  5.3125889E-06
  4.6165145E-03  5.9976570E-02  2.8342708E-03 -3.5601532E-03  5.3858618E-06
  4.6482356E-03  6.0251922E-02  2.8537457E-03 -3.6030809E-03  5.4601310E-06
  4.6801687E-03  6.0527677E-02  2.8733506E-03 -3.6465072E-03  5.5354098E-06
  4.7123150E-03  6.0803822E-02  2.8930864E-03 -3.6904378E-03  5.6117119E-06
  4.7446759E-03  6.1080347E-02  2.9129541E-03 -3.7348780E-03  5.6890512E-06
  4.7772531E-03  6.1357239E-02  2.9329545E-03 -3.7798334E-03  5.7674416E-06
  4.8100477E-03  6.1634485E-02  2.9530884E-03 -3.8253098E-03  5.8468973E-06
  4.8430615E-03  6.1912073E-02  2.9733568E-03 -3.8713127E-03  5.9274327E-06
  4.8762956E-03  6.2189990E-02  2.9937605E-03 -3.9178478E-03  6.0090624E-06
  4.9097518E-03  6.2468223E-02  3.0143006E-03 -3.9649210E-03  6.0918010E-06
  4.9434314E-03  6.2746759E-02  3.0349778E-03 -4.0125381E-03  6.1756637E-06
  4.9773359E-03  6.3025584E-02  3.0557930E-03 -4.0607050E-03  6.2606655E-06
  5.0114669E-03  6.3304684E-02  3.0767474E-03 -4.1094276E-03  6.3468218E-06
  5.0458258E-03  6.3584046E-02  3.0978416E-03 -4.1587119E-03  6.4341482E-06
  5.0804142E-03  6.3863656E-02  3.1190767E-03 -4.2085641E-03  6.5226604E-06
  5.1152336E-03  6.4143498E-02  3.1404537E-03 -4.2589901E-03  6.6123746E-06
  5.1502855E-03  6.4423559E-02  3.1619734E-03 -4.3099962E-03  6.7033068E-06
  5.1855716E-03  6.4703822E-02  3.1836368E-03 -4.3615887E-03  6.7954735E-06
  5.2210933E-03  6.4984274E-02  3.2054450E-03 -4.4137737E-03  6.8888914E-06
  5.2568522E-03  6.5264899E-02  3.2273987E-03 -4.4665577E-03  6.9835773E-06
  5.2928499E-03  6.5545680E-02  3.2494991E-03 -4.5199471E-03  7.0795484E-06
  5.3290881E-03  6.5826603E-02  3.2717471E-03 -4.5739483E-03  7.1768219E-06
  5.3655683E-03  6.6107651E-02  3.2941437E-03 -4.6285679E-03  7.2754155E-06
  5.4022921E-03  6.6388808E-02  3.3166898E-03 -4.6838124E-03  7.3753469E-06
  5.4392612E-03  6.6670056E-02  3.3393865E-03 -4.7396884E-03  7.4766342E-06
  5.4764772E-03  6.6951380E-02  3.3622348E-03 -4.7962028E-03  7.5792956E-06
  5.5139418E-03  6.7232761E-02  3.3852357E-03 -4.8533622E-03  7.6833497E-06
  5.5516566E-03  6.7514183E-02  3.4083902E-03 -4.9111735E-03  7.7888152E-06
  5.5896232E-03  6.7795627E-02  3.4316993E-03 -4.9696436E-03  7.8957113E-06
  5.6278434E-03  6.8077076E-02  3.4551641E-03 -5.0287794E-03  8.0040571E-06
  5.6663189E-03  6.8358511E-02  3.4787857E-03 -5.0885879E-03  8.1138722E-06
  5.7050513E-03  6.8639914E-02  3.5025649E-03 -5.1490762E-03  8.2251765E-06
  5.7440425E-03  6.8921266E-02  3.5265030E-03 -5.2102514E-03  8.3379899E-06
  5.7832940E-03  6.9202548E-02  3.5506010E-03 -5.2721208E-03  8.4523329E-06
  5.8228077E-03  6.9483740E-02  3.5748599E-03 -5.3346915E-03  8.5682260E-06
  5.8625852E-03  6.9764824E-02  3.5992808E-03 -5.3979710E-03  8.6856902E-06
  5.9026285E-03  7.0045778E-02  3.6238648E-03 -5.4619666E-03  8.8047466E-06
  5.9429391E-03  7.0326583E-02  3.6486130E-03 -5.5266857E-03  8.9254167E-06
  5.9835190E-03  7.0607218E-02  3.6735264E-03 -5.5921360E-03  9.0477222E-06
  6.0243699E-03  7.0887662E-02  3.6986063E-03 -5.6583248E-03  9.1716852E-06
  6.0654936E-03  7.1167894E-02  3.7238536E-03 -5.7252600E-03  9.2973280E-06
  6.1068920E-03  7.1447893E-02  3.7492696E-03 -5.7929492E-03  9.4246732E-06
  6.1485669E-03  7.1727637E-02  3.7748553E-03 -5.8614002E-03  9.5537438E-06
  6.1905201E-03  7.2007104E-02  3.8006118E-03 -5.9306208E-03  9.6845630E-06
  6.2327535E-03  7.2286271E-02  3.8265404E-03 -6.0006189E-03  9.8171544E-06
  6.2752689E-03  7.2565116E-02  3.8526422E-03 -6.0714026E-03  9.9515418E-06
  6.3180683E-03  7.2843616E-02  3.8789183E-03 -6.1429798E-03  1.0087750E-05
  6.3611536E-03  7.3121748E-02  3.9053698E-03 -6.2153587E-03  1.0225802E-05
  6.4045266E-03  7.3399487E-02  3.9319980E-03 -6.2885473E-03  1.0365724E-05
  6.4481892E-03  7.3676811E-02  3.9588041E-03 -6.3625541E-03  1.0507541E-05
  6.4921435E-03  7.3953694E-02  3.9857891E-03 -6.4373872E-03  1.0651278E-05
  6.5363913E-03  7.4230113E-02  4.0129544E-03 -6.5130551E-03  1.0796962E-05
  6.5809347E-03  7.4506042E-02  4.0403011E-03 -6.5895661E-03  1.0944618E-05
  6.6257755E-03  7.4781456E-02  4.0678305E-03 -6.6669289E-03  1.1094273E-05
  6.6709158E-03  7.5056329E-02  4.0955437E-03 -6.7451519E-03  1.1245954E-05
  6.7163576E-03  7.5330636E-02  4.1234420E-03 -6.8242438E-03  1.1399688E-05
  6.7621028E-03  7.5604351E-02  4.1515266E-03 -6.9042134E-03  1.1555503E-05
  6.8081536E-03  7.5877446E-02  4.1797987E-03 -6.9850693E-03  1.1713426E-05
  6.8545120E-03  7.6149894E-02  4.2082597E-03 -7.0668206E-03  1.1873487E-05
  6.9011799E-03  7.6421670E-02  4.2369107E-03 -7.1494759E-03  1.2035715E-05
  6.9481596E-03  7.6692744E-02  4.2657531E-03 -7.2330445E-03  1.2200137E-05
  6.9954530E-03  7.6963089E-02  4.2947882E-03 -7.3175352E-03  1.2366784E-05
  7.0430622E-03  7.7232677E-02  4.3240171E-03 -7.4029573E-03  1.2535686E-05
  7.0909894E-03  7.7501478E-02  4.3534412E-03 -7.4893199E-03  1.2706873E-05
  7.1392367E-03  7.7769464E-02  4.3830618E-03 -7.5766323E-03  1.2880376E-05
  7.1878063E-03  7.8036606E-02  4.4128803E-03 -7.6649037E-03  1.3056226E-05
  7.2367002E-03  7.8302873E-02  4.4428979E-03 -7.7541437E-03  1.3234454E-05
  7.2859206E-03  7.8568236E-02  4.4731159E-03 -7.8443617E-03  1.3415094E-05
  7.3354698E-03  7.8832663E-02  4.5035358E-03 -7.9355672E-03  1.3598176E-05
  7.3853499E-03  7.9096125E-02  4.5341588E-03 -8.0277698E-03  1.3783735E-05
  7.4355631E-03  7.9358590E-02  4.5649864E-03 -8.1209791E-03  1.3971802E-05
  7.4861117E-03  7.9620025E-02  4.5960198E-03 -8.2152050E-03  1.4162413E-05
  7.5369979E-03  7.9880400E-02  4.6272605E-03 -8.3104573E-03  1.4355602E-05
  7.5882239E-03  8.0139682E-02  4.6587098E-03 -8.4067457E-03  1.4551402E-05
  7.6397921E-03  8.0397838E-02  4.6903691E-03 -8.5040803E-03  1.4749850E-05
  7.6917046E-03  8.0654835E-02  4.7222399E-03 -8.6024711E-03  1.4950980E-05
  7.7439639E-03  8.0910639E-02  4.7543235E-03 -8.7019282E-03  1.5154829E-05
  7.7965722E-03  8.1165217E-02  4.7866214E-03 -8.8024616E-03  1.5361434E-05
  7.8495318E-03  8.1418534E-02  4.8191350E-03 -8.9040817E-03  1.5570832E-05
  7.9028452E-03  8.1670555E-02  4.8518657E-03 -9.0067987E-03  1.5783060E-05
  7.9565146E-03  8.1921246E-02  4.8848151E-03 -9.1106230E-03  1.5998156E-05
  8.0105424E-03  8.2170570E-02  4.9179844E-03 -9.2155650E-03  1.6216159E-05
  8.0649311E-03  8.2418493E-02  4.9513753E-03 -9.3216352E-03  1.6437108E-05
  8.1196830E-03  8.2664977E-02  4.9849892E-03 -9.4288442E-03  1.6661043E-05
  8.1748006E-03  8.2909986E-02  5.0188275E-03 -9.5372025E-03  1.6888004E-05
  8.2302863E-03  8.3153483E-02  5.0528919E-03 -9.6467209E-03  1.7118031E-05
  8.2861425E-03  8.3395431E-02  5.0871837E-03 -9.7574101E-03  1.7351166E-05
  8.3423718E-03  8.3635791E-02  5.1217046E-03 -9.8692809E-03  1.7587451E-05
  8.3989767E-03  8.3874525E-02  5.1564560E-03 -9.9823443E-03  1.7826928E-05
  8.4559595E-03  8.4111594E-02  5.1914395E-03 -1.0096611E-02  1.8069640E-05
  8.5133230E-03  8.4346960E-02  5.2266566E-03 -1.0212093E-02  1.8315630E-05
  8.5710695E-03  8.4580583E-02  5.2621089E-03 -1.0328800E-02  1.8564943E-05
  8.6292018E-03  8.4812422E-02  5.2977979E-03 -1.0446743E-02  1.8817623E-05
  8.6877222E-03  8.5042437E-02  5.3337253E-03 -1.0565935E-02  1.9073716E-05
  8.7466336E-03  8.5270589E-02  5.3698927E-03 -1.0686386E-02  1.9333267E-05
  8.8059383E-03  8.5496834E-02  5.4063016E-03 -1.0808107E-02  1.9596324E-05
  8.8656391E-03  8.5721132E-02  5.4429536E-03 -1.0931111E-02  1.9862932E-05
  8.9257387E-03  8.5943441E-02  5.4798504E-03 -1.1055407E-02  2.0133141E-05
  8.9862396E-03  8.6163717E-02  5.5169936E-03 -1.1181009E-02  2.0406998E-05
  9.0471446E-03  8.6381919E-02  5.5543849E-03 -1.1307927E-02  2.0684552E-05
  9.1084564E-03  8.6598003E-02  5.5920258E-03 -1.1436174E-02  2.0965854E-05
  9.1701776E-03  8.6811924E-02  5.6299182E-03 -1.1565760E-02  2.1250953E-05
  9.2323111E-03  8.7023639E-02  5.6680636E-03 -1.1696698E-02  2.1539901E-05
  9.2948595E-03  8.7233104E-02  5.7064637E-03 -1.1828999E-02  2.1832750E-05
  9.3578257E-03  8.7440272E-02  5.7451204E-03 -1.1962676E-02  2.2129551E-05
  9.4212124E-03  8.7645099E-02  5.7840351E-03 -1.2097739E-02  2.2430359E-05
  9.4850224E-03  8.7847539E-02  5.8232098E-03 -1.2234202E-02  2.2735226E-05
  9.5492586E-03  8.8047544E-02  5.8626460E-03 -1.2372076E-02  2.3044208E-05
  9.6139238E-03  8.8245070E-02  5.9023456E-03 -1.2511374E-02  2.3357360E-05
  9.6790209E-03  8.8440067E-02  5.9423104E-03 -1.2652107E-02  2.3674738E-05
  9.7445527E-03  8.8632489E-02  5.9825420E-03 -1.2794287E-02  2.3996399E-05
  9.8105222E-03  8.8822287E-02  6.0230424E-03 -1.2937928E-02  2.4322400E-05
  9.8769323E-03  8.9009413E-02  6.0638132E-03 -1.3083040E-02  2.4652799E-05
  9.9437859E-03  8.9193817E-02  6.1048562E-03 -1.3229637E-02  2.4987657E-05
  1.0011086E-02  8.9375451E-02  6.1461734E-03 -1.3377731E-02  2.5327033E-05
  1.0078836E-02  8.9554265E-02  6.1877665E-03 -1.3527335E-02  2.5670987E-05
  1.0147038E-02  8.9730208E-02  6.2296374E-03 -1.3678460E-02  2.6019581E-05
  1.0215695E-02  8.9903229E-02  6.2717878E-03 -1.3831119E-02  2.6372878E-05
  1.0284811E-02  9.0073278E-02  6.3142198E-03 -1.3985326E-02  2.6730940E-05
  1.0354389E-02  9.0240302E-02  6.3569351E-03 -1.4141092E-02  2.7093833E-05
  1.0424431E-02  9.0404250E-02  6.3999357E-03 -1.4298430E-02  2.7461620E-05
  1.0494942E-02  9.0565069E-02  6.4432235E-03 -1.4457352E-02  2.7834368E-05
  1.0565923E-02  9.0722707E-02  6.4868004E-03 -1.4617873E-02  2.8212143E-05
  1.0637378E-02  9.0877109E-02  6.5306682E-03 -1.4780003E-02  2.8595013E-05
  1.0709310E-02  9.1028223E-02  6.5748291E-03 -1.4943757E-02  2.8983046E-05
  1.0781723E-02  9.1175993E-02  6.6192848E-03 -1.5109147E-02  2.9376312E-05
  1.0854619E-02  9.1320366E-02  6.6640374E-03 -1.5276185E-02  2.9774881E-05
  1.0928003E-02  9.1461286E-02  6.7090889E-03 -1.5444885E-02  3.0178824E-05
  1.1001876E-02  9.1598698E-02  6.7544412E-03 -1.5615259E-02  3.0588214E-05
  1.1076243E-02  9.1732545E-02  6.8000964E-03 -1.5787321E-02  3.1003124E-05
  1.1151106E-02  9.1862772E-02  6.8460565E-03 -1.5961083E-02  3.1423628E-05
  1.1226469E-02  9.1989322E-02  6.8923236E-03 -1.6136559E-02  3.1849801E-05
  1.1302336E-02  9.2112136E-02  6.9388996E-03 -1.6313761E-02  3.2281719E-05
  1.1378709E-02  9.2231159E-02  6.9857866E-03 -1.6492703E-02  3.2719460E-05
  1.1455593E-02  9.2346332E-02  7.0329868E-03 -1.6673397E-02  3.3163102E-05
  1.1532990E-02  9.2457596E-02  7.0805022E-03 -1.6855856E-02  3.3612724E-05
  1.1610904E-02  9.2564892E-02  7.1283348E-03 -1.7040094E-02  3.4068407E-05
  1.1689338E-02  9.2668162E-02  7.1764870E-03 -1.7226124E-02  3.4530232E-05
  1.1768296E-02  9.2767345E-02  7.2249606E-03 -1.7413958E-02  3.4998281E-05
  1.1847781E-02  9.2862381E-02  7.2737580E-03 -1.7603610E-02  3.5472639E-05
  1.1927798E-02  9.2953210E-02  7.3228813E-03 -1.7795093E-02  3.5953389E-05
  1.2008348E-02  9.3039772E-02  7.3723326E-03 -1.7988419E-02  3.6440618E-05
  1.2089437E-02  9.3122004E-02  7.4221141E-03 -1.8183603E-02  3.6934414E-05
  1.2171067E-02  9.3199844E-02  7.4722281E-03 -1.8380657E-02  3.7434863E-05
  1.2253242E-02  9.3273232E-02  7.5226767E-03 -1.8579594E-02  3.7942056E-05
  1.2335966E-02  9.3342105E-02  7.5734623E-03 -1.8780427E-02  3.8456084E-05
  1.2419243E-02  9.3406398E-02  7.6245870E-03 -1.8983169E-02  3.8977037E-05
  1.2503076E-02  9.3466051E-02  7.6760531E-03 -1.9187834E-02  3.9505010E-05
  1.2587468E-02  9.3520998E-02  7.7278629E-03 -1.9394434E-02  4.0040096E-05
  1.2672425E-02  9.3571175E-02  7.7800186E-03 -1.9602983E-02  4.0582391E-05
  1.2757948E-02  9.3616520E-02  7.8325227E-03 -1.9813492E-02  4.1131992E-05
  1.2844043E-02  9.3656965E-02  7.8853774E-03 -2.0025976E-02  4.1688996E-05
  1.2930713E-02  9.3692448E-02  7.9385851E-03 -2.0240447E-02  4.2253505E-05
  1.3017962E-02  9.3722902E-02  7.9921480E-03 -2.0456918E-02  4.2825618E-05
  1.3105793E-02  9.3748261E-02  8.0460687E-03 -2.0675402E-02  4.3405437E-05
  1.3194211E-02  9.3768460E-02  8.1003494E-03 -2.0895911E-02  4.3993066E-05
  1.3283220E-02  9.3783432E-02  8.1549926E-03 -2.1118459E-02  4.4588610E-05
  1.3372823E-02  9.3793110E-02  8.2100008E-03 -2.1343058E-02  4.5192176E-05
  1.3463024E-02  9.3797427E-02  8.2653762E-03 -2.1569720E-02  4.5803870E-05
  1.3553828E-02  9.3796316E-02  8.3211215E-03 -2.1798460E-02  4.6423803E-05
  1.3645239E-02  9.3789709E-02  8.3772390E-03 -2.2029288E-02  4.7052084E-05
  1.3737259E-02  9.3777538E-02  8.4337312E-03 -2.2262217E-02  4.7688827E-05
  1.3829895E-02  9.3759735E-02  8.4906007E-03 -2.2497261E-02  4.8334144E-05
  1.3923149E-02  9.3736230E-02  8.5478500E-03 -2.2734430E-02  4.8988152E-05
  1.4017026E-02  9.3706957E-02  8.6054816E-03 -2.2973738E-02  4.9650965E-05
  1.4111529E-02  9.3671844E-02  8.6634980E-03 -2.3215197E-02  5.0322704E-05
  1.4206664E-02  9.3630823E-02  8.7219019E-03 -2.3458819E-02  5.1003488E-05
  1.4302435E-02  9.3583824E-02  8.7806957E-03 -2.3704615E-02  5.1693438E-05
  1.4398845E-02  9.3530777E-02  8.8398822E-03 -2.3952599E-02  5.2392677E-05
  1.4495899E-02  9.3471612E-02  8.8994639E-03 -2.4202781E-02  5.3101331E-05
  1.4593601E-02  9.3406259E-02  8.9594435E-03 -2.4455173E-02  5.3819525E-05
  1.4691955E-02  9.3334647E-02  9.0198236E-03 -2.4709788E-02  5.4547387E-05
  1.4790967E-02  9.3256705E-02  9.0806069E-03 -2.4966636E-02  5.5285049E-05
  1.4890639E-02  9.3172362E-02  9.1417961E-03 -2.5225730E-02  5.6032641E-05
  1.4990978E-02  9.3081547E-02  9.2033939E-03 -2.5487080E-02  5.6790296E-05
  1.5091986E-02  9.2984188E-02  9.2654030E-03 -2.5750697E-02  5.7558150E-05
  1.5193669E-02  9.2880215E-02  9.3278262E-03 -2.6016593E-02  5.8336340E-05
  1.5296032E-02  9.2769554E-02  9.3906663E-03 -2.6284779E-02  5.9125004E-05
  1.5399077E-02  9.2652135E-02  9.4539260E-03 -2.6555265E-02  5.9924283E-05
  1.5502811E-02  9.2527885E-02  9.5176081E-03 -2.6828062E-02  6.0734321E-05
  1.5607238E-02  9.2396733E-02  9.5817154E-03 -2.7103181E-02  6.1555260E-05
  1.5712363E-02  9.2258605E-02  9.6462509E-03 -2.7380632E-02  6.2387248E-05
  1.5818189E-02  9.2113429E-02  9.7112172E-03 -2.7660424E-02  6.3230433E-05
  1.5924722E-02  9.1961134E-02  9.7766174E-03 -2.7942569E-02  6.4084965E-05
  1.6031967E-02  9.1801646E-02  9.8424544E-03 -2.8227076E-02  6.4950997E-05
  1.6139928E-02  9.1634892E-02  9.9087309E-03 -2.8513955E-02  6.5828683E-05
  1.6248610E-02  9.1460801E-02  9.9754500E-03 -2.8803214E-02  6.6718180E-05
  1.6358017E-02  9.1279300E-02  1.0042615E-02 -2.9094864E-02  6.7619645E-05
  1.6468156E-02  9.1090315E-02  1.0110228E-02 -2.9388914E-02  6.8533241E-05
  1.6579030E-02  9.0893774E-02  1.0178292E-02 -2.9685372E-02  6.9459130E-05
  1.6690644E-02  9.0689604E-02  1.0246812E-02 -2.9984247E-02  7.0397476E-05
  1.6803004E-02  9.0477733E-02  1.0315788E-02 -3.0285548E-02  7.1348448E-05
  1.6916115E-02  9.0258087E-02  1.0385225E-02 -3.0589283E-02  7.2312214E-05
  1.7029980E-02  9.0030595E-02  1.0455126E-02 -3.0895460E-02  7.3288946E-05
  1.7144607E-02  8.9795184E-02  1.0525494E-02 -3.1204087E-02  7.4278819E-05
  1.7259999E-02  8.9551780E-02  1.0596331E-02 -3.1515170E-02  7.5282009E-05
  1.7376161E-02  8.9300312E-02  1.0667642E-02 -3.1828719E-02  7.6298694E-05
  1.7493099E-02  8.9040708E-02  1.0739429E-02 -3.2144739E-02  7.7329056E-05
  1.7610819E-02  8.8772896E-02  1.0811695E-02 -3.2463237E-02  7.8373279E-05
  1.7729324E-02  8.8496802E-02  1.0884443E-02 -3.2784221E-02  7.9431548E-05
  1.7848621E-02  8.8212356E-02  1.0957678E-02 -3.3107695E-02  8.0504053E-05
  1.7968715E-02  8.7919486E-02  1.1031401E-02 -3.3433667E-02  8.1590984E-05
  1.8089610E-02  8.7618121E-02  1.1105617E-02 -3.3762141E-02  8.2692534E-05
  1.8211314E-02  8.7308189E-02  1.1180328E-02 -3.4093124E-02  8.3808901E-05
  1.8333830E-02  8.6989619E-02  1.1255538E-02 -3.4426620E-02  8.4940283E-05
  1.8457164E-02  8.6662341E-02  1.1331250E-02 -3.4762633E-02  8.6086881E-05
  1.8581322E-02  8.6326284E-02  1.1407468E-02 -3.5101169E-02  8.7248900E-05
  1.8706309E-02  8.5981378E-02  1.1484195E-02 -3.5442231E-02  8.8426547E-05
  1.8832131E-02  8.5627554E-02  1.1561434E-02 -3.5785824E-02  8.9620032E-05
  1.8958793E-02  8.5264742E-02  1.1639189E-02 -3.6131949E-02  9.0829567E-05
  1.9086301E-02  8.4892872E-02  1.1717463E-02 -3.6480611E-02  9.2055368E-05
  1.9214661E-02  8.4511877E-02  1.1796259E-02 -3.6831812E-02  9.3297652E-05
  1.9343878E-02  8.4121688E-02  1.1875582E-02 -3.7185555E-02  9.4556642E-05
  1.9473958E-02  8.3722237E-02  1.1955435E-02 -3.7541841E-02  9.5832561E-05
  1.9604906E-02  8.3313458E-02  1.2035820E-02 -3.7900671E-02  9.7125637E-05
  1.9736730E-02  8.2895282E-02  1.2116743E-02 -3.8262047E-02  9.8436100E-05
  1.9869433E-02  8.2467643E-02  1.2198205E-02 -3.8625969E-02  9.9764184E-05
  2.0003023E-02  8.2030477E-02  1.2280212E-02 -3.8992438E-02  1.0111012E-04
  2.0137505E-02  8.1583717E-02  1.2362766E-02 -3.9361453E-02  1.0247416E-04
  2.0272886E-02  8.1127299E-02  1.2445871E-02 -3.9733014E-02  1.0385654E-04
  2.0409170E-02  8.0661159E-02  1.2529531E-02 -4.0107120E-02  1.0525750E-04
  2.0546365E-02  8.0185234E-02  1.2613750E-02 -4.0483768E-02  1.0667729E-04
  2.0684476E-02  7.9699460E-02  1.2698531E-02 -4.0862958E-02  1.0811618E-04
  2.0823509E-02  7.9203776E-02  1.2783879E-02 -4.1244686E-02  1.0957441E-04
  2.0963471E-02  7.8698120E-02  1.2869796E-02 -4.1628950E-02  1.1105224E-04
  2.1104368E-02  7.8182432E-02  1.2956286E-02 -4.2015745E-02  1.1254994E-04
  2.1246205E-02  7.7656652E-02  1.3043354E-02 -4.2405068E-02  1.1406777E-04
  2.1388990E-02  7.7120720E-02  1.3131004E-02 -4.2796914E-02  1.1560600E-04
  2.1532729E-02  7.6574579E-02  1.3219239E-02 -4.3191279E-02  1.1716491E-04
  2.1677427E-02  7.6018172E-02  1.3308063E-02 -4.3588156E-02  1.1874478E-04
  2.1823092E-02  7.5451441E-02  1.3397479E-02 -4.3987539E-02  1.2034588E-04
  2.1969730E-02  7.4874332E-02  1.3487493E-02 -4.4389422E-02  1.2196850E-04
  2.2117347E-02  7.4286789E-02  1.3578108E-02 -4.4793796E-02  1.2361293E-04
  2.2265950E-02  7.3688759E-02  1.3669328E-02 -4.5200655E-02  1.2527947E-04
  2.2415546E-02  7.3080191E-02  1.3761157E-02 -4.5609989E-02  1.2696840E-04
  2.2566140E-02  7.2461031E-02  1.3853599E-02 -4.6021789E-02  1.2868003E-04
  2.2717740E-02  7.1831230E-02  1.3946658E-02 -4.6436046E-02  1.3041467E-04
  2.2870353E-02  7.1190738E-02  1.4040339E-02 -4.6852749E-02  1.3217262E-04
  2.3023985E-02  7.0539508E-02  1.4134645E-02 -4.7271887E-02  1.3395419E-04
  2.3178643E-02  6.9877492E-02  1.4229581E-02 -4.7693448E-02  1.3575971E-04
  2.3334334E-02  6.9204644E-02  1.4325150E-02 -4.8117419E-02  1.3758949E-04
  2.3491065E-02  6.8520920E-02  1.4421357E-02 -4.8543788E-02  1.3944386E-04
  2.3648843E-02  6.7826277E-02  1.4518207E-02 -4.8972540E-02  1.4132314E-04
  2.3807674E-02  6.7120673E-02  1.4615704E-02 -4.9403661E-02  1.4322769E-04
  2.3967566E-02  6.6404066E-02  1.4713851E-02 -4.9837136E-02  1.4515782E-04
  2.4128526E-02  6.5676419E-02  1.4812654E-02 -5.0272949E-02  1.4711389E-04
  2.4290561E-02  6.4937694E-02  1.4912116E-02 -5.0711082E-02  1.4909624E-04
  2.4453678E-02  6.4187853E-02  1.5012242E-02 -5.1151519E-02  1.5110523E-04
  2.4617884E-02  6.3426862E-02  1.5113037E-02 -5.1594240E-02  1.5314121E-04
  2.4783188E-02  6.2654689E-02  1.5214504E-02 -5.2039227E-02  1.5520455E-04
  2.4949595E-02  6.1871301E-02  1.5316649E-02 -5.2486460E-02  1.5729561E-04
  2.5117113E-02  6.1076669E-02  1.5419476E-02 -5.2935919E-02  1.5941476E-04
  2.5285751E-02  6.0270764E-02  1.5522990E-02 -5.3387580E-02  1.6156238E-04
  2.5455514E-02  5.9453559E-02  1.5627194E-02 -5.3841423E-02  1.6373886E-04
  2.5626412E-02  5.8625030E-02  1.5732094E-02 -5.4297423E-02  1.6594458E-04
  2.5798450E-02  5.7785154E-02  1.5837695E-02 -5.4755557E-02  1.6817993E-04
  2.5971638E-02  5.6933908E-02  1.5944000E-02 -5.5215799E-02  1.7044531E-04
  2.6145983E-02  5.6071275E-02  1.6051015E-02 -5.5678124E-02  1.7274113E-04
  2.6321491E-02  5.5197235E-02  1.6158745E-02 -5.6142504E-02  1.7506778E-04
  2.6498172E-02  5.4311774E-02  1.6267194E-02 -5.6608912E-02  1.7742569E-04
  2.6676033E-02  5.3414878E-02  1.6376366E-02 -5.7077319E-02  1.7981527E-04
  2.6855082E-02  5.2506536E-02  1.6486268E-02 -5.7547696E-02  1.8223696E-04
  2.7035327E-02  5.1586737E-02  1.6596903E-02 -5.8020010E-02  1.8469117E-04
  2.7216775E-02  5.0655475E-02  1.6708277E-02 -5.8494232E-02  1.8717835E-04
  2.7399435E-02  4.9712745E-02  1.6820394E-02 -5.8970329E-02  1.8969893E-04
  2.7583315E-02  4.8758542E-02  1.6933259E-02 -5.9448265E-02  1.9225337E-04
  2.7768424E-02  4.7792868E-02  1.7046878E-02 -5.9928008E-02  1.9484212E-04
  2.7954768E-02  4.6815722E-02  1.7161256E-02 -6.0409520E-02  1.9746564E-04
  2.8142357E-02  4.5827109E-02  1.7276397E-02 -6.0892766E-02  2.0012440E-04
  2.8331199E-02  4.4827036E-02  1.7392307E-02 -6.1377708E-02  2.0281887E-04
  2.8521302E-02  4.3815511E-02  1.7508990E-02 -6.1864305E-02  2.0554952E-04
  2.8712675E-02  4.2792544E-02  1.7626452E-02 -6.2352519E-02  2.0831685E-04
  2.8905326E-02  4.1758150E-02  1.7744698E-02 -6.2842309E-02  2.1112134E-04
  2.9099263E-02  4.0712346E-02  1.7863734E-02 -6.3333630E-02  2.1396350E-04
  2.9294496E-02  3.9655149E-02  1.7983564E-02 -6.3826442E-02  2.1684383E-04
  2.9491032E-02  3.8586581E-02  1.8104194E-02 -6.4320698E-02  2.1976283E-04
  2.9688882E-02  3.7506667E-02  1.8225630E-02 -6.4816352E-02  2.2272104E-04
  2.9888052E-02  3.6415434E-02  1.8347876E-02 -6.5313359E-02  2.2571897E-04
  3.0088553E-02  3.5312911E-02  1.8470937E-02 -6.5811670E-02  2.2875716E-04
  3.0290393E-02  3.4199131E-02  1.8594821E-02 -6.6311234E-02  2.3183614E-04
  3.0493580E-02  3.3074129E-02  1.8719531E-02 -6.6812003E-02  2.3495647E-04
  3.0698125E-02  3.1937944E-02  1.8845074E-02 -6.7313923E-02  2.3811870E-04
  3.0904036E-02  3.0790618E-02  1.8971454E-02 -6.7816942E-02  2.4132339E-04
  3.1111322E-02  2.9632194E-02  1.9098678E-02 -6.8321004E-02  2.4457111E-04
  3.1319993E-02  2.8462721E-02  1.9226751E-02 -6.8826056E-02  2.4786244E-04
  3.1530057E-02  2.7282249E-02  1.9355680E-02 -6.9332039E-02  2.5119796E-04
  3.1741524E-02  2.6090832E-02  1.9485468E-02 -6.9838894E-02  2.5457826E-04
  3.1954404E-02  2.4888527E-02  1.9616123E-02 -7.0346564E-02  2.5800395E-04
  3.2168705E-02  2.3675394E-02  1.9747650E-02 -7.0854985E-02  2.6147563E-04
  3.2384437E-02  2.2451498E-02  1.9880055E-02 -7.1364097E-02  2.6499392E-04
  3.2601610E-02  2.1216905E-02  2.0013343E-02 -7.1873835E-02  2.6855945E-04
  3.2820234E-02  1.9971686E-02  2.0147522E-02 -7.2384134E-02  2.7217285E-04
  3.3040318E-02  1.8715915E-02  2.0282595E-02 -7.2894928E-02  2.7583475E-04
  3.3261871E-02  1.7449669E-02  2.0418570E-02 -7.3406148E-02  2.7954582E-04
  3.3484904E-02  1.6173029E-02  2.0555453E-02 -7.3917726E-02  2.8330671E-04
  3.3709427E-02  1.4886081E-02  2.0693249E-02 -7.4429590E-02  2.8711808E-04
  3.3935450E-02  1.3588912E-02  2.0831965E-02 -7.4941668E-02  2.9098062E-04
  3.4162981E-02  1.2281614E-02  2.0971607E-02 -7.5453887E-02  2.9489501E-04
  3.4392033E-02  1.0964284E-02  2.1112180E-02 -7.5966170E-02  2.9886194E-04
  3.4622614E-02  9.6370202E-03  2.1253692E-02 -7.6478443E-02  3.0288212E-04
  3.4854735E-02  8.2999271E-03  2.1396148E-02 -7.6990625E-02  3.0695627E-04
  3.5088407E-02  6.9531117E-03  2.1539555E-02 -7.7502638E-02  3.1108511E-04
  3.5323639E-02  5.5966853E-03  2.1683919E-02 -7.8014401E-02  3.1526936E-04
  3.5560442E-02  4.2307633E-03  2.1829246E-02 -7.8525829E-02  3.1950978E-04
  3.5798827E-02  2.8554648E-03  2.1975543E-02 -7.9036840E-02  3.2380711E-04
  3.6038803E-02  1.4709134E-03  2.2122816E-02 -7.9547347E-02  3.2816213E-04
  3.6280383E-02  7.7236493E-05  2.2271072E-02 -8.0057263E-02  3.3257559E-04
  3.6523575E-02 -1.3254341E-03  2.2420318E-02 -8.0566498E-02  3.3704829E-04
  3.6768392E-02 -2.7369626E-03  2.2570559E-02 -8.1074962E-02  3.4158102E-04
  3.7014845E-02 -4.1572088E-03  2.2721803E-02 -8.1582563E-02  3.4617459E-04
  3.7262943E-02 -5.5860282E-03  2.2874057E-02 -8.2089206E-02  3.5082980E-04
  3.7512698E-02 -7.0232720E-03  2.3027326E-02 -8.2594797E-02  3.5554749E-04
  3.7764121E-02 -8.4687869E-03  2.3181618E-02 -8.3099237E-02  3.6032849E-04
  3.8017223E-02 -9.9224155E-03  2.3336939E-02 -8.3602429E-02  3.6517366E-04
  3.8272015E-02 -1.1383996E-02  2.3493297E-02 -8.4104271E-02  3.7008384E-04
  3.8528510E-02 -1.2853361E-02  2.3650698E-02 -8.4604662E-02  3.7505992E-04
  3.8786717E-02 -1.4330339E-02  2.3809150E-02 -8.5103498E-02  3.8010278E-04
  3.9046649E-02 -1.5814756E-02  2.3968658E-02 -8.5600672E-02  3.8521331E-04
  3.9308316E-02 -1.7306431E-02  2.4129231E-02 -8.6096079E-02  3.9039241E-04
  3.9571732E-02 -1.8805178E-02  2.4290876E-02 -8.6589610E-02  3.9564102E-04
  3.9836906E-02 -2.0310808E-02  2.4453598E-02 -8.7081153E-02  4.0096005E-04
  4.0103852E-02 -2.1823126E-02  2.4617407E-02 -8.7570596E-02  4.0635045E-04
  4.0372580E-02 -2.3341934E-02  2.4782308E-02 -8.8057826E-02  4.1181319E-04
  4.0643103E-02 -2.4867027E-02  2.4948310E-02 -8.8542726E-02  4.1734922E-04
  4.0915433E-02 -2.6398197E-02  2.5115419E-02 -8.9025180E-02  4.2295953E-04
  4.1189582E-02 -2.7935229E-02  2.5283643E-02 -8.9505068E-02  4.2864512E-04
  4.1465561E-02 -2.9477905E-02  2.5452990E-02 -8.9982269E-02  4.3440699E-04
  4.1743384E-02 -3.1026002E-02  2.5623466E-02 -9.0456661E-02  4.4024616E-04
  4.2023062E-02 -3.2579290E-02  2.5795080E-02 -9.0928119E-02  4.4616369E-04
  4.2304609E-02 -3.4137538E-02  2.5967838E-02 -9.1396518E-02  4.5216060E-04
  4.2588035E-02 -3.5700505E-02  2.6141749E-02 -9.1861729E-02  4.5823797E-04
  4.2873354E-02 -3.7267948E-02  2.6316820E-02 -9.2323623E-02  4.6439687E-04
  4.3160579E-02 -3.8839619E-02  2.6493059E-02 -9.2782069E-02  4.7063840E-04
  4.3449723E-02 -4.0415265E-02  2.6670474E-02 -9.3236933E-02  4.7696366E-04
  4.3740797E-02 -4.1994626E-02  2.6849072E-02 -9.3688081E-02  4.8337377E-04
  4.4033815E-02 -4.3577438E-02  2.7028862E-02 -9.4135376E-02  4.8986988E-04
  4.4328790E-02 -4.5163432E-02  2.7209851E-02 -9.4578680E-02  4.9645314E-04
  4.4625736E-02 -4.6752335E-02  2.7392047E-02 -9.5017853E-02  5.0312470E-04
  4.4924664E-02 -4.8343866E-02  2.7575458E-02 -9.5452754E-02  5.0988576E-04
  4.5225589E-02 -4.9937741E-02  2.7760093E-02 -9.5883238E-02  5.1673751E-04
  4.5528524E-02 -5.1533670E-02  2.7945960E-02 -9.6309161E-02  5.2368117E-04
  4.5833481E-02 -5.3131359E-02  2.8133066E-02 -9.6730376E-02  5.3071797E-04
  4.6140476E-02 -5.4730506E-02  2.8321420E-02 -9.7146735E-02  5.3784916E-04
  4.6449521E-02 -5.6330807E-02  2.8511030E-02 -9.7558086E-02  5.4507600E-04
  4.6760630E-02 -5.7931951E-02  2.8701905E-02 -9.7964278E-02  5.5239977E-04
  4.7073816E-02 -5.9533621E-02  2.8894053E-02 -9.8365158E-02  5.5982177E-04
  4.7389095E-02 -6.1135498E-02  2.9087483E-02 -9.8760570E-02  5.6734332E-04
  4.7706479E-02 -6.2737253E-02  2.9282203E-02 -9.9150356E-02  5.7496575E-04
  4.8025982E-02 -6.4338556E-02  2.9478221E-02 -9.9534360E-02  5.8269042E-04
  4.8347620E-02 -6.5939070E-02  2.9675547E-02 -9.9912419E-02  5.9051868E-04
  4.8671405E-02 -6.7538452E-02  2.9874188E-02 -1.0028437E-01  5.9845193E-04
  4.8997353E-02 -6.9136355E-02  3.0074154E-02 -1.0065006E-01  6.0649157E-04
  4.9325478E-02 -7.0732427E-02  3.0275454E-02 -1.0100931E-01  6.1463904E-04
  4.9655795E-02 -7.2326310E-02  3.0478096E-02 -1.0136196E-01  6.2289577E-04
  4.9988317E-02 -7.3917641E-02  3.0682090E-02 -1.0170784E-01  6.3126322E-04
  5.0323060E-02 -7.5506051E-02  3.0887443E-02 -1.0204678E-01  6.3974289E-04
  5.0660039E-02 -7.7091169E-02  3.1094166E-02 -1.0237861E-01  6.4833626E-04
  5.0999269E-02 -7.8672615E-02  3.1302268E-02 -1.0270316E-01  6.5704487E-04
  5.1340764E-02 -8.0250006E-02  3.1511757E-02 -1.0302025E-01  6.6587026E-04
  5.1684539E-02 -8.1822954E-02  3.1722643E-02 -1.0332971E-01  6.7481399E-04
  5.2030611E-02 -8.3391065E-02  3.1934935E-02 -1.0363136E-01  6.8387765E-04
  5.2378994E-02 -8.4953941E-02  3.2148642E-02 -1.0392502E-01  6.9306284E-04
  5.2729704E-02 -8.6511178E-02  3.2363774E-02 -1.0421051E-01  7.0237119E-04
  5.3082756E-02 -8.8062368E-02  3.2580341E-02 -1.0448765E-01  7.1180434E-04
  5.3438165E-02 -8.9607098E-02  3.2798351E-02 -1.0475626E-01  7.2136398E-04
  5.3795949E-02 -9.1144950E-02  3.3017815E-02 -1.0501616E-01  7.3105178E-04
  5.4156122E-02 -9.2675501E-02  3.3238742E-02 -1.0526715E-01  7.4086948E-04
  5.4518700E-02 -9.4198324E-02  3.3461141E-02 -1.0550906E-01  7.5081880E-04
  5.4883701E-02 -9.5712986E-02  3.3685024E-02 -1.0574169E-01  7.6090152E-04
  5.5251138E-02 -9.7219051E-02  3.3910398E-02 -1.0596486E-01  7.7111941E-04
  5.5621030E-02 -9.8716077E-02  3.4137275E-02 -1.0617838E-01  7.8147428E-04
  5.5993392E-02 -1.0020362E-01  3.4365665E-02 -1.0638205E-01  7.9196797E-04
  5.6368241E-02 -1.0168123E-01  3.4595576E-02 -1.0657569E-01  8.0260234E-04
  5.6745593E-02 -1.0314844E-01  3.4827021E-02 -1.0675910E-01  8.1337927E-04
  5.7125466E-02 -1.0460481E-01  3.5060007E-02 -1.0693209E-01  8.2430066E-04
  5.7507876E-02 -1.0604987E-01  3.5294547E-02 -1.0709446E-01  8.3536846E-04
  5.7892839E-02 -1.0748316E-01  3.5530650E-02 -1.0724602E-01  8.4658462E-04
  5.8280374E-02 -1.0890419E-01  3.5768326E-02 -1.0738657E-01  8.5795112E-04
  5.8670497E-02 -1.1031250E-01  3.6007587E-02 -1.0751592E-01  8.6946999E-04
  5.9063225E-02 -1.1170760E-01  3.6248442E-02 -1.0763386E-01  8.8114325E-04
  5.9458577E-02 -1.1308902E-01  3.6490902E-02 -1.0774021E-01  8.9297298E-04
  5.9856568E-02 -1.1445627E-01  3.6734978E-02 -1.0783475E-01  9.0496126E-04
  6.0257218E-02 -1.1580886E-01  3.6980680E-02 -1.0791730E-01  9.1711023E-04
  6.0660544E-02 -1.1714629E-01  3.7228019E-02 -1.0798764E-01  9.2942202E-04
  6.1066563E-02 -1.1846807E-01  3.7477007E-02 -1.0804559E-01  9.4189882E-04
  6.1475294E-02 -1.1977370E-01  3.7727654E-02 -1.0809093E-01  9.5454284E-04
  6.1886754E-02 -1.2106268E-01  3.7979970E-02 -1.0812347E-01  9.6735632E-04
  6.2300963E-02 -1.2233449E-01  3.8233968E-02 -1.0814301E-01  9.8034151E-04
  6.2717938E-02 -1.2358864E-01  3.8489658E-02 -1.0814935E-01  9.9350073E-04
  6.3137698E-02 -1.2482461E-01  3.8747052E-02 -1.0814228E-01  1.0068363E-03
  6.3560261E-02 -1.2604189E-01  3.9006160E-02 -1.0812160E-01  1.0203506E-03
  6.3985646E-02 -1.2723996E-01  3.9266995E-02 -1.0808711E-01  1.0340459E-03
  6.4413873E-02 -1.2841830E-01  3.9529567E-02 -1.0803861E-01  1.0479248E-03
  6.4844959E-02 -1.2957639E-01  3.9793888E-02 -1.0797590E-01  1.0619897E-03
  6.5278925E-02 -1.3071371E-01  4.0059970E-02 -1.0789878E-01  1.0762430E-03
  6.5715788E-02 -1.3182974E-01  4.0327824E-02 -1.0780704E-01  1.0906873E-03
  6.6155570E-02 -1.3292394E-01  4.0597463E-02 -1.0770049E-01  1.1053251E-03
  6.6598288E-02 -1.3399580E-01  4.0868897E-02 -1.0757892E-01  1.1201591E-03
  6.7043964E-02 -1.3504477E-01  4.1142139E-02 -1.0744213E-01  1.1351918E-03
  6.7492615E-02 -1.3607034E-01  4.1417201E-02 -1.0728994E-01  1.1504260E-03
  6.7944263E-02 -1.3707197E-01  4.1694095E-02 -1.0712213E-01  1.1658642E-03
  6.8398928E-02 -1.3804913E-01  4.1972833E-02 -1.0693852E-01  1.1815093E-03
  6.8856629E-02 -1.3900129E-01  4.2253426E-02 -1.0673889E-01  1.1973639E-03
  6.9317387E-02 -1.3992791E-01  4.2535889E-02 -1.0652307E-01  1.2134310E-03
  6.9781222E-02 -1.4082846E-01  4.2820232E-02 -1.0629086E-01  1.2297133E-03
  7.0248155E-02 -1.4170241E-01  4.3106468E-02 -1.0604206E-01  1.2462137E-03
  7.0718207E-02 -1.4254922E-01  4.3394611E-02 -1.0577647E-01  1.2629351E-03
  7.1191397E-02 -1.4336836E-01  4.3684671E-02 -1.0549392E-01  1.2798806E-03
  7.1667748E-02 -1.4415931E-01  4.3976663E-02 -1.0519421E-01  1.2970530E-03
  7.2147281E-02 -1.4492152E-01  4.4270599E-02 -1.0487715E-01  1.3144554E-03
  7.2630016E-02 -1.4565447E-01  4.4566491E-02 -1.0454255E-01  1.3320909E-03
  7.3115975E-02 -1.4635764E-01  4.4864353E-02 -1.0419024E-01  1.3499627E-03
  7.3605179E-02 -1.4703048E-01  4.5164198E-02 -1.0382003E-01  1.3680738E-03
  7.4097651E-02 -1.4767248E-01  4.5466039E-02 -1.0343174E-01  1.3864275E-03
  7.4593412E-02 -1.4828311E-01  4.5769888E-02 -1.0302519E-01  1.4050269E-03
  7.5092484E-02 -1.4886186E-01  4.6075760E-02 -1.0260020E-01  1.4238755E-03
  7.5594889E-02 -1.4940819E-01  4.6383668E-02 -1.0215661E-01  1.4429765E-03
  7.6100649E-02 -1.4992161E-01  4.6693624E-02 -1.0169423E-01  1.4623333E-03
  7.6609787E-02 -1.5040158E-01  4.7005644E-02 -1.0121291E-01  1.4819493E-03
  7.7122326E-02 -1.5084760E-01  4.7319739E-02 -1.0071246E-01  1.5018280E-03
  7.7638287E-02 -1.5125917E-01  4.7635925E-02 -1.0019274E-01  1.5219728E-03
  7.8157695E-02 -1.5163578E-01  4.7954214E-02 -9.9653580E-02  1.5423874E-03
  7.8680571E-02 -1.5197694E-01  4.8274621E-02 -9.9094818E-02  1.5630754E-03
  7.9206940E-02 -1.5228214E-01  4.8597159E-02 -9.8516302E-02  1.5840404E-03
  7.9736824E-02 -1.5255090E-01  4.8921844E-02 -9.7917881E-02  1.6052860E-03
  8.0270247E-02 -1.5278272E-01  4.9248688E-02 -9.7299405E-02  1.6268161E-03
  8.0807232E-02 -1.5297714E-01  4.9577706E-02 -9.6660731E-02  1.6486345E-03
  8.1347804E-02 -1.5313368E-01  4.9908913E-02 -9.6001716E-02  1.6707450E-03
  8.1891986E-02 -1.5325186E-01  5.0242323E-02 -9.5322223E-02  1.6931514E-03
  8.2439802E-02 -1.5333122E-01  5.0577950E-02 -9.4622119E-02  1.7158578E-03
  8.2991277E-02 -1.5337131E-01  5.0915809E-02 -9.3901272E-02  1.7388682E-03
  8.3546436E-02 -1.5337167E-01  5.1255915E-02 -9.3159558E-02  1.7621866E-03
  8.4105301E-02 -1.5333186E-01  5.1598282E-02 -9.2396854E-02  1.7858172E-03
  8.4667900E-02 -1.5325144E-01  5.1942927E-02 -9.1613044E-02  1.8097640E-03
  8.5234256E-02 -1.5312999E-01  5.2289862E-02 -9.0808015E-02  1.8340314E-03
  8.5804394E-02 -1.5296709E-01  5.2639104E-02 -8.9981657E-02  1.8586235E-03
  8.6378340E-02 -1.5276231E-01  5.2990668E-02 -8.9133869E-02  1.8835448E-03
  8.6956119E-02 -1.5251526E-01  5.3344569E-02 -8.8264552E-02  1.9087997E-03
  8.7537757E-02 -1.5222553E-01  5.3700823E-02 -8.7373611E-02  1.9343925E-03
  8.8123279E-02 -1.5189275E-01  5.4059444E-02 -8.6460958E-02  1.9603278E-03
  8.8712712E-02 -1.5151653E-01  5.4420449E-02 -8.5526511E-02  1.9866102E-03
  8.9306082E-02 -1.5109651E-01  5.4783853E-02 -8.4570191E-02  2.0132443E-03
  8.9903414E-02 -1.5063233E-01  5.5149672E-02 -8.3591926E-02  2.0402348E-03
  9.0504736E-02 -1.5012363E-01  5.5517922E-02 -8.2591651E-02  2.0675865E-03
  9.1110074E-02 -1.4957009E-01  5.5888619E-02 -8.1569304E-02  2.0953041E-03
  9.1719455E-02 -1.4897138E-01  5.6261779E-02 -8.0524831E-02  2.1233926E-03
  9.2332906E-02 -1.4832718E-01  5.6637418E-02 -7.9458183E-02  2.1518569E-03
  9.2950453E-02 -1.4763719E-01  5.7015553E-02 -7.8369318E-02  2.1807020E-03
  9.3572125E-02 -1.4690112E-01  5.7396199E-02 -7.7258201E-02  2.2099329E-03
  9.4197949E-02 -1.4611870E-01  5.7779374E-02 -7.6124802E-02  2.2395550E-03
  9.4827953E-02 -1.4528965E-01  5.8165093E-02 -7.4969098E-02  2.2695733E-03
  9.5462164E-02 -1.4441372E-01  5.8553375E-02 -7.3791074E-02  2.2999931E-03
  9.6100610E-02 -1.4349068E-01  5.8944234E-02 -7.2590722E-02  2.3308199E-03
  9.6743321E-02 -1.4252030E-01  5.9337690E-02 -7.1368039E-02  2.3620589E-03
  9.7390324E-02 -1.4150237E-01  5.9733757E-02 -7.0123031E-02  2.3937158E-03
  9.8041649E-02 -1.4043669E-01  6.0132455E-02 -6.8855712E-02  2.4257961E-03
  9.8697323E-02 -1.3932308E-01  6.0533799E-02 -6.7566101E-02  2.4583054E-03
  9.9357376E-02 -1.3816137E-01  6.0937807E-02 -6.6254228E-02  2.4912495E-03
  1.0002184E-01 -1.3695142E-01  6.1344497E-02 -6.4920128E-02  2.5246342E-03
  1.0069074E-01 -1.3569308E-01  6.1753886E-02 -6.3563846E-02  2.5584653E-03
  1.0136410E-01 -1.3438625E-01  6.2165992E-02 -6.2185433E-02  2.5927487E-03
  1.0204197E-01 -1.3303080E-01  6.2580833E-02 -6.0784950E-02  2.6274906E-03
  1.0272436E-01 -1.3162667E-01  6.2998426E-02 -5.9362466E-02  2.6626970E-03
  1.0341131E-01 -1.3017377E-01  6.3418790E-02 -5.7918057E-02  2.6983741E-03
  1.0410284E-01 -1.2867207E-01  6.3841943E-02 -5.6451811E-02  2.7345281E-03
  1.0479900E-01 -1.2712152E-01  6.4267903E-02 -5.4963821E-02  2.7711656E-03
  1.0549980E-01 -1.2552211E-01  6.4696688E-02 -5.3454192E-02  2.8082927E-03
  1.0620529E-01 -1.2387384E-01  6.5128317E-02 -5.1923036E-02  2.8459162E-03
  1.0691548E-01 -1.2217674E-01  6.5562809E-02 -5.0370474E-02  2.8840426E-03
  1.0763042E-01 -1.2043085E-01  6.6000181E-02 -4.8796638E-02  2.9226786E-03
  1.0835014E-01 -1.1863622E-01  6.6440454E-02 -4.7201668E-02  2.9618310E-03
  1.0907466E-01 -1.1679294E-01  6.6883646E-02 -4.5585715E-02  3.0015066E-03
  1.0980402E-01 -1.1490110E-01  6.7329775E-02 -4.3948938E-02  3.0417125E-03
  1.1053825E-01 -1.1296084E-01  6.7778862E-02 -4.2291506E-02  3.0824557E-03
  1.1127738E-01 -1.1097228E-01  6.8230925E-02 -4.0613600E-02  3.1237433E-03
  1.1202145E-01 -1.0893559E-01  6.8685984E-02 -3.8915407E-02  3.1655826E-03
  1.1277049E-01 -1.0685096E-01  6.9144059E-02 -3.7197129E-02  3.2079810E-03
  1.1352454E-01 -1.0471859E-01  6.9605168E-02 -3.5458973E-02  3.2509458E-03
  1.1428362E-01 -1.0253870E-01  7.0069333E-02 -3.3701162E-02  3.2944846E-03
  1.1504776E-01 -1.0031155E-01  7.0536572E-02 -3.1923924E-02  3.3386051E-03
  1.1581702E-01 -9.8037406E-02  7.1006906E-02 -3.0127502E-02  3.3833150E-03
  1.1659141E-01 -9.5716559E-02  7.1480355E-02 -2.8312147E-02  3.4286221E-03
  1.1737097E-01 -9.3349328E-02  7.1956939E-02 -2.6478120E-02  3.4745344E-03
  1.1815573E-01 -9.0936051E-02  7.2436679E-02 -2.4625696E-02  3.5210600E-03
  1.1894574E-01 -8.8477092E-02  7.2919595E-02 -2.2755158E-02  3.5682068E-03
  1.1974103E-01 -8.5972836E-02  7.3405707E-02 -2.0866802E-02  3.6159834E-03
  1.2054163E-01 -8.3423694E-02  7.3895038E-02 -1.8960933E-02  3.6643979E-03
  1.2134757E-01 -8.0830099E-02  7.4387606E-02 -1.7037869E-02  3.7134590E-03
  1.2215890E-01 -7.8192510E-02  7.4883435E-02 -1.5097938E-02  3.7631751E-03
  1.2297564E-01 -7.5511408E-02  7.5382544E-02 -1.3141480E-02  3.8135550E-03
  1.2379784E-01 -7.2787300E-02  7.5884954E-02 -1.1168847E-02  3.8646076E-03
  1.2462553E-01 -7.0020718E-02  7.6390689E-02 -9.1803997E-03  3.9163417E-03
  1.2545875E-01 -6.7212217E-02  7.6899768E-02 -7.1765132E-03  3.9687664E-03
  1.2629753E-01 -6.4362380E-02  7.7412214E-02 -5.1575725E-03  4.0218908E-03
  1.2714192E-01 -6.1471812E-02  7.7928048E-02 -3.1239745E-03  4.0757244E-03
  1.2799194E-01 -5.8541145E-02  7.8447292E-02 -1.0761279E-03  4.1302764E-03
  1.2884764E-01 -5.5571036E-02  7.8969969E-02  9.8554741E-04  4.1855565E-03
  1.2970906E-01 -5.2562167E-02  7.9496101E-02  3.0606196E-03  4.2415743E-03
  1.3057623E-01 -4.9515246E-02  8.0025709E-02  5.1486452E-03  4.2983396E-03
  1.3144919E-01 -4.6431007E-02  8.0558817E-02  7.2491693E-03  4.3558623E-03
  1.3232798E-01 -4.3310210E-02  8.1095447E-02  9.3617251E-03  4.4141525E-03
  1.3321264E-01 -4.0153638E-02  8.1635622E-02  1.1485834E-02  4.4732203E-03
  1.3410321E-01 -3.6962103E-02  8.2179364E-02  1.3621006E-02  4.5330761E-03
  1.3499973E-01 -3.3736442E-02  8.2726698E-02  1.5766740E-02  4.5937304E-03
  1.3590223E-01 -3.0477516E-02  8.3277645E-02  1.7922521E-02  4.6551936E-03
  1.3681076E-01 -2.7186215E-02  8.3832229E-02  2.0087826E-02  4.7174766E-03
  1.3772536E-01 -2.3863453E-02  8.4390474E-02  2.2262116E-02  4.7805903E-03
  1.3864607E-01 -2.0510169E-02  8.4952403E-02  2.4444844E-02  4.8445455E-03
  1.3957293E-01 -1.7127329E-02  8.5518040E-02  2.6635450E-02  4.9093536E-03
  1.4050597E-01 -1.3715924E-02  8.6087409E-02  2.8833362E-02  4.9750257E-03
  1.4144525E-01 -1.0276972E-02  8.6660533E-02  3.1037998E-02  5.0415734E-03
  1.4239080E-01 -6.8115143E-03  8.7237438E-02  3.3248764E-02  5.1090082E-03
  1.4334267E-01 -3.3206196E-03  8.7818146E-02  3.5465053E-02  5.1773420E-03
  1.4430089E-01  1.9461926E-04  8.8402683E-02  3.7686249E-02  5.2465865E-03
  1.4526552E-01  3.7330839E-03  8.8991073E-02  3.9911724E-02  5.3167540E-03
  1.4623658E-01  7.2936311E-03  8.9583342E-02  4.2140839E-02  5.3878565E-03
  1.4721413E-01  1.0875093E-02  9.0179512E-02  4.4372944E-02  5.4599065E-03
  1.4819821E-01  1.4476276E-02  9.0779611E-02  4.6607378E-02  5.5329165E-03
  1.4918886E-01  1.8095963E-02  9.1383662E-02  4.8843468E-02  5.6068993E-03
  1.5018613E-01  2.1732913E-02  9.1991692E-02  5.1080533E-02  5.6818676E-03
  1.5119006E-01  2.5385861E-02  9.2603725E-02  5.3317879E-02  5.7578346E-03
  1.5220069E-01  2.9053518E-02  9.3219787E-02  5.5554804E-02  5.8348134E-03
  1.5321808E-01  3.2734570E-02  9.3839904E-02  5.7790592E-02  5.9128175E-03
  1.5424226E-01  3.6427683E-02  9.4464102E-02  6.0024521E-02  5.9918603E-03
  1.5527327E-01  4.0131498E-02  9.5092407E-02  6.2255856E-02  6.0719557E-03
  1.5631118E-01  4.3844633E-02  9.5724845E-02  6.4483853E-02  6.1531175E-03
  1.5735601E-01  4.7565686E-02  9.6361442E-02  6.6707760E-02  6.2353599E-03
  1.5840783E-01  5.1293232E-02  9.7002225E-02  6.8926813E-02  6.3186970E-03
  1.5946667E-01  5.5025824E-02  9.7647220E-02  7.1140240E-02  6.4031435E-03
  1.6053257E-01  5.8761995E-02  9.8296454E-02  7.3347260E-02  6.4887138E-03
  1.6160560E-01  6.2500256E-02  9.8949955E-02  7.5547082E-02  6.5754229E-03
  1.6268580E-01  6.6239100E-02  9.9607748E-02  7.7738908E-02  6.6632858E-03
  1.6377321E-01  6.9976999E-02  1.0026986E-01  7.9921930E-02  6.7523178E-03
  1.6486788E-01  7.3712405E-02  1.0093632E-01  8.2095332E-02  6.8425342E-03
  1.6596986E-01  7.7443752E-02  1.0160716E-01  8.4258290E-02  6.9339507E-03
  1.6707921E-01  8.1169456E-02  1.0228240E-01  8.6409973E-02  7.0265832E-03
  1.6819596E-01  8.4887916E-02  1.0296207E-01  8.8549541E-02  7.1204476E-03
  1.6932017E-01  8.8597511E-02  1.0364620E-01  9.0676149E-02  7.2155601E-03
  1.7045188E-01  9.2296607E-02  1.0433482E-01  9.2788942E-02  7.3119374E-03
  1.7159116E-01  9.5983551E-02  1.0502795E-01  9.4887060E-02  7.4095960E-03
  1.7273805E-01  9.9656676E-02  1.0572563E-01  9.6969636E-02  7.5085528E-03
  1.7389259E-01  1.0331430E-01  1.0642788E-01  9.9035797E-02  7.6088249E-03
  1.7505485E-01  1.0695473E-01  1.0713473E-01  1.0108466E-01  7.7104296E-03
  1.7622486E-01  1.1057625E-01  1.0784621E-01  1.0311535E-01  7.8133846E-03
  1.7740270E-01  1.1417714E-01  1.0856235E-01  1.0512697E-01  7.9177075E-03
  1.7858839E-01  1.1775566E-01  1.0928318E-01  1.0711863E-01  8.0234163E-03
  1.7978201E-01  1.2131008E-01  1.1000872E-01  1.0908943E-01  8.1305294E-03
  1.8098360E-01  1.2483863E-01  1.1073901E-01  1.1103845E-01  8.2390651E-03
  1.8219321E-01  1.2833954E-01  1.1147409E-01  1.1296481E-01  8.3490422E-03
  1.8341091E-01  1.3181104E-01  1.1221396E-01  1.1486758E-01  8.4604797E-03
  1.8463673E-01  1.3525135E-01  1.1295868E-01  1.1674585E-01  8.5733967E-03
  1.8587074E-01  1.3865868E-01  1.1370826E-01  1.1859870E-01  8.6878126E-03
  1.8711300E-01  1.4203121E-01  1.1446274E-01  1.2042522E-01  8.8037472E-03
  1.8836355E-01  1.4536717E-01  1.1522215E-01  1.2222448E-01  8.9212205E-03
  1.8962245E-01  1.4866472E-01  1.1598651E-01  1.2399556E-01  9.0402525E-03
  1.9088976E-01  1.5192207E-01  1.1675587E-01  1.2573754E-01  9.1608638E-03
  1.9216553E-01  1.5513738E-01  1.1753025E-01  1.2744948E-01  9.2830751E-03
  1.9344983E-01  1.5830886E-01  1.1830968E-01  1.2913047E-01  9.4069074E-03
  1.9474270E-01  1.6143467E-01  1.1909419E-01  1.3077959E-01  9.5323819E-03
  1.9604420E-01  1.6451300E-01  1.1988382E-01  1.3239590E-01  9.6595202E-03
  1.9735440E-01  1.6754203E-01  1.2067859E-01  1.3397848E-01  9.7883441E-03
  1.9867335E-01  1.7051994E-01  1.2147854E-01  1.3552642E-01  9.9188756E-03
  2.0000111E-01  1.7344492E-01  1.2228370E-01  1.3703879E-01  1.0051137E-02
  2.0133773E-01  1.7631516E-01  1.2309411E-01  1.3851468E-01  1.0185151E-02
  2.0268328E-01  1.7912886E-01  1.2390979E-01  1.3995318E-01  1.0320941E-02
  2.0403782E-01  1.8188421E-01  1.2473077E-01  1.4135336E-01  1.0458530E-02
  2.0540141E-01  1.8457942E-01  1.2555710E-01  1.4271434E-01  1.0597941E-02
  2.0677410E-01  1.8721271E-01  1.2638879E-01  1.4403520E-01  1.0739199E-02
  2.0815596E-01  1.8978231E-01  1.2722589E-01  1.4531506E-01  1.0882326E-02
  2.0954705E-01  1.9228645E-01  1.2806844E-01  1.4655301E-01  1.1027349E-02
  2.1094743E-01  1.9472338E-01  1.2891645E-01  1.4774819E-01  1.1174291E-02
  2.1235716E-01  1.9709136E-01  1.2976996E-01  1.4889970E-01  1.1323178E-02
  2.1377630E-01  1.9938866E-01  1.3062902E-01  1.5000668E-01  1.1474034E-02
  2.1520493E-01  2.0161357E-01  1.3149365E-01  1.5106828E-01  1.1626887E-02
  2.1664310E-01  2.0376440E-01  1.3236388E-01  1.5208362E-01  1.1781761E-02
  2.1809087E-01  2.0583948E-01  1.3323975E-01  1.5305187E-01  1.1938683E-02
  2.1954831E-01  2.0783713E-01  1.3412130E-01  1.5397220E-01  1.2097680E-02
  2.2101548E-01  2.0975572E-01  1.3500856E-01  1.5484377E-01  1.2258779E-02
  2.2249245E-01  2.1159363E-01  1.3590156E-01  1.5566577E-01  1.2422007E-02
  2.2397929E-01  2.1334926E-01  1.3680034E-01  1.5643740E-01  1.2587392E-02
  2.2547606E-01  2.1502105E-01  1.3770493E-01  1.5715786E-01  1.2754962E-02
  2.2698282E-01  2.1660743E-01  1.3861537E-01  1.5782638E-01  1.2924746E-02
  2.2849964E-01  2.1810689E-01  1.3953169E-01  1.5844218E-01  1.3096772E-02
  2.3002660E-01  2.1951792E-01  1.4045393E-01  1.5900451E-01  1.3271069E-02
  2.3156376E-01  2.2083905E-01  1.4138212E-01  1.5951263E-01  1.3447666E-02
  2.3311118E-01  2.2206885E-01  1.4231630E-01  1.5996582E-01  1.3626595E-02
  2.3466893E-01  2.2320590E-01  1.4325651E-01  1.6036336E-01  1.3807885E-02
  2.3623709E-01  2.2424882E-01  1.4420278E-01  1.6070455E-01  1.3991566E-02
  2.3781572E-01  2.2519626E-01  1.4515514E-01  1.6098872E-01  1.4177670E-02
  2.3940490E-01  2.2604691E-01  1.4611364E-01  1.6121520E-01  1.4366228E-02
  2.4100469E-01  2.2679948E-01  1.4707831E-01  1.6138335E-01  1.4557272E-02
  2.4261516E-01  2.2745275E-01  1.4804918E-01  1.6149254E-01  1.4750834E-02
  2.4423639E-01  2.2800549E-01  1.4902630E-01  1.6154216E-01  1.4946946E-02
  2.4586845E-01  2.2845654E-01  1.5000969E-01  1.6153161E-01  1.5145642E-02
  2.4751140E-01  2.2880477E-01  1.5099940E-01  1.6146032E-01  1.5346955E-02
  2.4916533E-01  2.2904909E-01  1.5199547E-01  1.6132775E-01  1.5550919E-02
  2.5083031E-01  2.2918845E-01  1.5299792E-01  1.6113336E-01  1.5757569E-02
  2.5250640E-01  2.2922186E-01  1.5400681E-01  1.6087663E-01  1.5966937E-02
  2.5419369E-01  2.2914835E-01  1.5502216E-01  1.6055709E-01  1.6179061E-02
  2.5589225E-01  2.2896700E-01  1.5604401E-01  1.6017426E-01  1.6393976E-02
  2.5760215E-01  2.2867694E-01  1.5707241E-01  1.5972770E-01  1.6611716E-02
  2.5932347E-01  2.2827735E-01  1.5810738E-01  1.5921699E-01  1.6832320E-02
  2.6105629E-01  2.2776747E-01  1.5914897E-01  1.5864173E-01  1.7055823E-02
  2.6280068E-01  2.2714655E-01  1.6019722E-01  1.5800155E-01  1.7282263E-02
  2.6455672E-01  2.2641393E-01  1.6125216E-01  1.5729609E-01  1.7511678E-02
  2.6632449E-01  2.2556898E-01  1.6231384E-01  1.5652503E-01  1.7744106E-02
  2.6810407E-01  2.2461112E-01  1.6338228E-01  1.5568808E-01  1.7979586E-02
  2.6989553E-01  2.2353985E-01  1.6445753E-01  1.5478497E-01  1.8218157E-02
  2.7169895E-01  2.2235469E-01  1.6553964E-01  1.5381544E-01  1.8459858E-02
  2.7351442E-01  2.2105523E-01  1.6662863E-01  1.5277928E-01  1.8704730E-02
  2.7534202E-01  2.1964112E-01  1.6772455E-01  1.5167630E-01  1.8952814E-02
  2.7718182E-01  2.1811206E-01  1.6882743E-01  1.5050633E-01  1.9204150E-02
  2.7903390E-01  2.1646780E-01  1.6993732E-01  1.4926924E-01  1.9458780E-02
  2.8089836E-01  2.1470817E-01  1.7105425E-01  1.4796493E-01  1.9716746E-02
  2.8277527E-01  2.1283304E-01  1.7217827E-01  1.4659332E-01  1.9978092E-02
  2.8466471E-01  2.1084235E-01  1.7330942E-01  1.4515435E-01  2.0242859E-02
  2.8656678E-01  2.0873608E-01  1.7444773E-01  1.4364801E-01  2.0511092E-02
  2.8848154E-01  2.0651431E-01  1.7559324E-01  1.4207433E-01  2.0782836E-02
  2.9040910E-01  2.0417714E-01  1.7674599E-01  1.4043333E-01  2.1058134E-02
  2.9234952E-01  2.0172477E-01  1.7790604E-01  1.3872509E-01  2.1337032E-02
  2.9430291E-01  1.9915742E-01  1.7907340E-01  1.3694972E-01  2.1619576E-02
  2.9626934E-01  1.9647542E-01  1.8024813E-01  1.3510737E-01  2.1905812E-02
  2.9824891E-01  1.9367914E-01  1.8143027E-01  1.3319819E-01  2.2195787E-02
  3.0024170E-01  1.9076900E-01  1.8261985E-01  1.3122239E-01  2.2489550E-02
  3.0224779E-01  1.8774552E-01  1.8381692E-01  1.2918021E-01  2.2787147E-02
  3.0426729E-01  1.8460926E-01  1.8502152E-01  1.2707191E-01  2.3088627E-02
  3.0630027E-01  1.8136086E-01  1.8623368E-01  1.2489780E-01  2.3394040E-02
  3.0834683E-01  1.7800101E-01  1.8745346E-01  1.2265820E-01  2.3703435E-02
  3.1040706E-01  1.7453049E-01  1.8868088E-01  1.2035350E-01  2.4016863E-02
  3.1248104E-01  1.7095012E-01  1.8991600E-01  1.1798409E-01  2.4334375E-02
  3.1456888E-01  1.6726082E-01  1.9115885E-01  1.1555040E-01  2.4656023E-02
  3.1667066E-01  1.6346354E-01  1.9240947E-01  1.1305291E-01  2.4981858E-02
  3.1878648E-01  1.5955932E-01  1.9366791E-01  1.1049213E-01  2.5311933E-02
  3.2091643E-01  1.5554928E-01  1.9493420E-01  1.0786859E-01  2.5646302E-02
  3.2306061E-01  1.5143457E-01  1.9620840E-01  1.0518287E-01  2.5985019E-02
  3.2521910E-01  1.4721645E-01  1.9749053E-01  1.0243557E-01  2.6328138E-02
  3.2739201E-01  1.4289622E-01  1.9878064E-01  9.9627344E-02  2.6675716E-02
  3.2957944E-01  1.3847525E-01  2.0007877E-01  9.6758868E-02  2.7027807E-02
  3.3178147E-01  1.3395499E-01  2.0138497E-01  9.3830857E-02  2.7384468E-02
  3.3399821E-01  1.2933696E-01  2.0269927E-01  9.0844059E-02  2.7745758E-02
  3.3622975E-01  1.2462273E-01  2.0402172E-01  8.7799259E-02  2.8111733E-02
  3.3847620E-01  1.1981395E-01  2.0535236E-01  8.4697276E-02  2.8482452E-02
  3.4073765E-01  1.1491234E-01  2.0669123E-01  8.1538966E-02  2.8857974E-02
  3.4301420E-01  1.0991967E-01  2.0803837E-01  7.8325217E-02  2.9238360E-02
  3.4530596E-01  1.0483779E-01  2.0939382E-01  7.5056954E-02  2.9623670E-02
  3.4761303E-01  9.9668624E-02  2.1075763E-01  7.1735136E-02  3.0013966E-02
  3.4993550E-01  9.4414140E-02  2.1212984E-01  6.8360758E-02  3.0409308E-02
  3.5227348E-01  8.9076387E-02  2.1351048E-01  6.4934848E-02  3.0809761E-02
  3.5462708E-01  8.3657473E-02  2.1489961E-01  6.1458469E-02  3.1215388E-02
  3.5699640E-01  7.8159573E-02  2.1629725E-01  5.7932718E-02  3.1626252E-02
  3.5938154E-01  7.2584921E-02  2.1770347E-01  5.4358728E-02  3.2042419E-02
  3.6178261E-01  6.6935817E-02  2.1911828E-01  5.0737663E-02  3.2463954E-02
  3.6419971E-01  6.1214622E-02  2.2054175E-01  4.7070722E-02  3.2890923E-02
  3.6663296E-01  5.5423758E-02  2.2197390E-01  4.3359137E-02  3.3323394E-02
  3.6908246E-01  4.9565708E-02  2.2341478E-01  3.9604173E-02  3.3761435E-02
  3.7154832E-01  4.3643013E-02  2.2486443E-01  3.5807128E-02  3.4205113E-02
  3.7403065E-01  3.7658272E-02  2.2632290E-01  3.1969331E-02  3.4654499E-02
  3.7652955E-01  3.1614144E-02  2.2779022E-01  2.8092145E-02  3.5109662E-02
  3.7904515E-01  2.5513341E-02  2.2926643E-01  2.4176964E-02  3.5570674E-02
  3.8157755E-01  1.9358633E-02  2.3075158E-01  2.0225211E-02  3.6037605E-02
  3.8412685E-01  1.3152842E-02  2.3224571E-01  1.6238342E-02  3.6510529E-02
  3.8669319E-01  6.8988439E-03  2.3374886E-01  1.2217841E-02  3.6989518E-02
  3.8927666E-01  5.9956577E-04  2.3526107E-01  8.1652248E-03  3.7474646E-02
  3.9187739E-01 -5.7420152E-03  2.3678237E-01  4.0820361E-03  3.7965990E-02
  3.9449549E-01 -1.2122873E-02  2.3831282E-01 -3.0152373E-05  3.8463622E-02
  3.9713107E-01 -1.8539933E-02  2.3985244E-01 -4.1697400E-03  3.8967622E-02
  3.9978426E-01 -2.4990078E-02  2.4140129E-01 -8.3350991E-03  3.9478065E-02
  4.0245517E-01 -3.1470142E-02  2.4295940E-01 -1.2524575E-02  3.9995029E-02
  4.0514391E-01 -3.7976919E-02  2.4452681E-01 -1.6736487E-02  4.0518594E-02
  4.0785061E-01 -4.4507160E-02  2.4610356E-01 -2.0969130E-02  4.1048839E-02
  4.1057539E-01 -5.1057579E-02  2.4768969E-01 -2.5220772E-02  4.1585845E-02
  4.1331836E-01 -5.7624850E-02  2.4928524E-01 -2.9489659E-02  4.2129693E-02
  4.1607966E-01 -6.4205610E-02  2.5089025E-01 -3.3774014E-02  4.2680465E-02
  4.1885939E-01 -7.0796465E-02  2.5250475E-01 -3.8072036E-02  4.3238245E-02
  4.2165769E-01 -7.7393985E-02  2.5412880E-01 -4.2381904E-02  4.3803116E-02
  4.2447468E-01 -8.3994712E-02  2.5576241E-01 -4.6701775E-02  4.4375163E-02
  4.2731049E-01 -9.0595157E-02  2.5740564E-01 -5.1029788E-02  4.4954472E-02
  4.3016523E-01 -9.7191807E-02  2.5905853E-01 -5.5364059E-02  4.5541130E-02
  4.3303904E-01 -1.0378112E-01  2.6072110E-01 -5.9702691E-02  4.6135223E-02
  4.3593204E-01 -1.1035954E-01  2.6239339E-01 -6.4043765E-02  4.6736840E-02
  4.3884437E-01 -1.1692347E-01  2.6407546E-01 -6.8385350E-02  4.7346070E-02
  4.4177614E-01 -1.2346933E-01  2.6576732E-01 -7.2725497E-02  4.7963004E-02
  4.4472749E-01 -1.2999348E-01  2.6746901E-01 -7.7062243E-02  4.8587732E-02
  4.4769856E-01 -1.3649231E-01  2.6918058E-01 -8.1393611E-02  4.9220345E-02
  4.5068947E-01 -1.4296215E-01  2.7090206E-01 -8.5717614E-02  4.9860938E-02
  4.5370035E-01 -1.4939937E-01  2.7263348E-01 -9.0032251E-02  5.0509603E-02
  4.5673134E-01 -1.5580030E-01  2.7437488E-01 -9.4335512E-02  5.1166435E-02
  4.5978258E-01 -1.6216126E-01  2.7612630E-01 -9.8625377E-02  5.1831530E-02
  4.6285419E-01 -1.6847860E-01  2.7788776E-01 -1.0289982E-01  5.2504983E-02
  4.6594631E-01 -1.7474863E-01  2.7965930E-01 -1.0715680E-01  5.3186893E-02
  4.6905909E-01 -1.8096770E-01  2.8144096E-01 -1.1139429E-01  5.3877357E-02
  4.7219266E-01 -1.8713213E-01  2.8323276E-01 -1.1561023E-01  5.4576474E-02
  4.7534715E-01 -1.9323825E-01  2.8503475E-01 -1.1980257E-01  5.5284345E-02
  4.7852272E-01 -1.9928243E-01  2.8684694E-01 -1.2396926E-01  5.6001070E-02
  4.8171949E-01 -2.0526101E-01  2.8866938E-01 -1.2810825E-01  5.6726752E-02
  4.8493761E-01 -2.1117037E-01  2.9050209E-01 -1.3221748E-01  5.7461493E-02
  4.8817722E-01 -2.1700690E-01  2.9234510E-01 -1.3629490E-01  5.8205396E-02
  4.9143847E-01 -2.2276698E-01  2.9419845E-01 -1.4033844E-01  5.8958567E-02
  4.9472151E-01 -2.2844705E-01  2.9606216E-01 -1.4434606E-01  5.9721112E-02
  4.9802646E-01 -2.3404355E-01  2.9793626E-01 -1.4831571E-01  6.0493136E-02
  5.0135349E-01 -2.3955294E-01  2.9982078E-01 -1.5224535E-01  6.1274747E-02
  5.0470274E-01 -2.4497170E-01  3.0171575E-01 -1.5613293E-01  6.2066053E-02
  5.0807436E-01 -2.5029637E-01  3.0362119E-01 -1.5997642E-01  6.2867165E-02
  5.1146850E-01 -2.5552347E-01  3.0553712E-01 -1.6377379E-01  6.3678191E-02
  5.1488530E-01 -2.6064960E-01  3.0746358E-01 -1.6752302E-01  6.4499243E-02
  5.1832493E-01 -2.6567135E-01  3.0940059E-01 -1.7122210E-01  6.5330434E-02
  5.2178752E-01 -2.7058536E-01  3.1134816E-01 -1.7486903E-01  6.6171876E-02
  5.2527324E-01 -2.7538833E-01  3.1330633E-01 -1.7846181E-01  6.7023683E-02
  5.2878224E-01 -2.8007695E-01  3.1527512E-01 -1.8199846E-01  6.7885970E-02
  5.3231468E-01 -2.8464798E-01  3.1725454E-01 -1.8547702E-01  6.8758853E-02
  5.3587071E-01 -2.8909822E-01  3.1924462E-01 -1.8889551E-01  6.9642448E-02
  5.3945049E-01 -2.9342450E-01  3.2124537E-01 -1.9225200E-01  7.0536873E-02
  5.4305417E-01 -2.9762371E-01  3.2325682E-01 -1.9554455E-01  7.1442247E-02
  5.4668193E-01 -3.0169277E-01  3.2527898E-01 -1.9877124E-01  7.2358688E-02
  5.5033391E-01 -3.0562865E-01  3.2731187E-01 -2.0193017E-01  7.3286316E-02
  5.5401028E-01 -3.0942839E-01  3.2935550E-01 -2.0501946E-01  7.4225254E-02
  5.5771121E-01 -3.1308905E-01  3.3140989E-01 -2.0803723E-01  7.5175623E-02
  5.6143685E-01 -3.1660779E-01  3.3347505E-01 -2.1098165E-01  7.6137546E-02
  5.6518738E-01 -3.1998178E-01  3.3555100E-01 -2.1385088E-01  7.7111146E-02
  5.6896295E-01 -3.2320827E-01  3.3763774E-01 -2.1664312E-01  7.8096549E-02
  5.7276374E-01 -3.2628460E-01  3.3973529E-01 -2.1935659E-01  7.9093879E-02
  5.7658991E-01 -3.2920813E-01  3.4184365E-01 -2.2198953E-01  8.0103262E-02
  5.8044164E-01 -3.3197632E-01  3.4396283E-01 -2.2454022E-01  8.1124827E-02
  5.8431909E-01 -3.3458669E-01  3.4609284E-01 -2.2700696E-01  8.2158700E-02
  5.8822244E-01 -3.3703685E-01  3.4823368E-01 -2.2938809E-01  8.3205010E-02
  5.9215185E-01 -3.3932446E-01  3.5038536E-01 -2.3168196E-01  8.4263888E-02
  5.9610751E-01 -3.4144729E-01  3.5254788E-01 -2.3388698E-01  8.5335462E-02
  6.0008959E-01 -3.4340317E-01  3.5472124E-01 -2.3600159E-01  8.6419864E-02
  6.0409827E-01 -3.4519003E-01  3.5690544E-01 -2.3802426E-01  8.7517226E-02
  6.0813371E-01 -3.4680588E-01  3.5910047E-01 -2.3995349E-01  8.8627680E-02
  6.1219611E-01 -3.4824882E-01  3.6130634E-01 -2.4178785E-01  8.9751360E-02
  6.1628564E-01 -3.4951704E-01  3.6352305E-01 -2.4352591E-01  9.0888398E-02
  6.2040248E-01 -3.5060882E-01  3.6575057E-01 -2.4516632E-01  9.2038931E-02
  6.2454681E-01 -3.5152253E-01  3.6798891E-01 -2.4670775E-01  9.3203092E-02
  6.2871883E-01 -3.5225666E-01  3.7023805E-01 -2.4814892E-01  9.4381019E-02
  6.3291870E-01 -3.5280976E-01  3.7249799E-01 -2.4948860E-01  9.5572846E-02
  6.3714663E-01 -3.5318050E-01  3.7476870E-01 -2.5072558E-01  9.6778712E-02
  6.4140279E-01 -3.5336764E-01  3.7705019E-01 -2.5185873E-01  9.7998755E-02
  6.4568738E-01 -3.5337004E-01  3.7934241E-01 -2.5288695E-01  9.9233111E-02
  6.5000059E-01 -3.5318666E-01  3.8164537E-01 -2.5380918E-01  1.0048192E-01
  6.5434260E-01 -3.5281656E-01  3.8395904E-01 -2.5462443E-01  1.0174532E-01
  6.5871361E-01 -3.5225890E-01  3.8628339E-01 -2.5533172E-01  1.0302346E-01
  6.6311381E-01 -3.5151294E-01  3.8861841E-01 -2.5593016E-01  1.0431646E-01
  6.6754340E-01 -3.5057804E-01  3.9096405E-01 -2.5641889E-01  1.0562448E-01
  6.7200257E-01 -3.4945367E-01  3.9332030E-01 -2.5679709E-01  1.0694765E-01
  6.7649152E-01 -3.4813941E-01  3.9568713E-01 -2.5706400E-01  1.0828612E-01
  6.8101046E-01 -3.4663491E-01  3.9806449E-01 -2.5721892E-01  1.0964002E-01
  6.8555957E-01 -3.4493995E-01  4.0045236E-01 -2.5726119E-01  1.1100951E-01
  6.9013907E-01 -3.4305442E-01  4.0285070E-01 -2.5719020E-01  1.1239471E-01
  6.9474915E-01 -3.4097830E-01  4.0525945E-01 -2.5700540E-01  1.1379578E-01
  6.9939002E-01 -3.3871166E-01  4.0767860E-01 -2.5670628E-01  1.1521285E-01
  7.0406189E-01 -3.3625470E-01  4.1010807E-01 -2.5629238E-01  1.1664607E-01
  7.0876495E-01 -3.3360772E-01  4.1254784E-01 -2.5576332E-01  1.1809558E-01
  7.1349943E-01 -3.3077110E-01  4.1499784E-01 -2.5511874E-01  1.1956153E-01
  7.1826553E-01 -3.2774535E-01  4.1745803E-01 -2.5435835E-01  1.2104406E-01
  7.2306345E-01 -3.2453106E-01  4.1992834E-01 -2.5348190E-01  1.2254330E-01
  7.2789343E-01 -3.2112896E-01  4.2240872E-01 -2.5248922E-01  1.2405941E-01
  7.3275565E-01 -3.1753983E-01  4.2489910E-01 -2.5138016E-01  1.2559252E-01
  7.3765036E-01 -3.1376459E-01  4.2739943E-01 -2.5015465E-01  1.2714278E-01
  7.4257775E-01 -3.0980424E-01  4.2990963E-01 -2.4881265E-01  1.2871034E-01
  7.4753805E-01 -3.0565991E-01  4.3242963E-01 -2.4735420E-01  1.3029532E-01
  7.5253148E-01 -3.0133279E-01  4.3495935E-01 -2.4577936E-01  1.3189788E-01
  7.5755826E-01 -2.9682420E-01  4.3749872E-01 -2.4408827E-01  1.3351815E-01
  7.6261861E-01 -2.9213553E-01  4.4004766E-01 -2.4228112E-01  1.3515628E-01
  7.6771275E-01 -2.8726830E-01  4.4260608E-01 -2.4035815E-01  1.3681241E-01
  7.7284092E-01 -2.8222410E-01  4.4517390E-01 -2.3831963E-01  1.3848667E-01
  7.7800334E-01 -2.7700461E-01  4.4775102E-01 -2.3616592E-01  1.4017921E-01
  7.8320023E-01 -2.7161164E-01  4.5033734E-01 -2.3389740E-01  1.4189017E-01
  7.8843184E-01 -2.6604705E-01  4.5293277E-01 -2.3151453E-01  1.4361967E-01
  7.9369838E-01 -2.6031282E-01  4.5553721E-01 -2.2901780E-01  1.4536786E-01
  7.9900010E-01 -2.5441099E-01  4.5815055E-01 -2.2640775E-01  1.4713487E-01
  8.0433722E-01 -2.4834372E-01  4.6077267E-01 -2.2368499E-01  1.4892085E-01
  8.0970999E-01 -2.4211324E-01  4.6340346E-01 -2.2085016E-01  1.5072591E-01
  8.1511864E-01 -2.3572187E-01  4.6604281E-01 -2.1790396E-01  1.5255020E-01
  8.2056342E-01 -2.2917199E-01  4.6869059E-01 -2.1484713E-01  1.5439384E-01
  8.2604456E-01 -2.2246609E-01  4.7134666E-01 -2.1168047E-01  1.5625697E-01
  8.3156230E-01 -2.1560674E-01  4.7401091E-01 -2.0840481E-01  1.5813972E-01
  8.3711690E-01 -2.0859656E-01  4.7668319E-01 -2.0502106E-01  1.6004220E-01
  8.4270859E-01 -2.0143826E-01  4.7936336E-01 -2.0153013E-01  1.6196455E-01
  8.4833763E-01 -1.9413464E-01  4.8205128E-01 -1.9793301E-01  1.6390689E-01
  8.5400427E-01 -1.8668855E-01  4.8474679E-01 -1.9423073E-01  1.6586935E-01
  8.5970874E-01 -1.7910290E-01  4.8744974E-01 -1.9042434E-01  1.6785203E-01
  8.6545132E-01 -1.7138071E-01  4.9015996E-01 -1.8651497E-01  1.6985506E-01
  8.7123225E-01 -1.6352502E-01  4.9287730E-01 -1.8250376E-01  1.7187856E-01
  8.7705179E-01 -1.5553896E-01  4.9560158E-01 -1.7839191E-01  1.7392264E-01
  8.8291019E-01 -1.4742570E-01  4.9833261E-01 -1.7418065E-01  1.7598740E-01
  8.8880772E-01 -1.3918850E-01  5.0107023E-01 -1.6987126E-01  1.7807296E-01
  8.9474464E-01 -1.3083064E-01  5.0381424E-01 -1.6546505E-01  1.8017943E-01
  9.0072121E-01 -1.2235549E-01  5.0656445E-01 -1.6096337E-01  1.8230691E-01
  9.0673769E-01 -1.1376643E-01  5.0932066E-01 -1.5636761E-01  1.8445549E-01
  9.1279436E-01 -1.0506693E-01  5.1208266E-01 -1.5167919E-01  1.8662528E-01
  9.1889148E-01 -9.6260486E-02  5.1485024E-01 -1.4689957E-01  1.8881637E-01
  9.2502931E-01 -8.7350645E-02  5.1762319E-01 -1.4203024E-01  1.9102885E-01
  9.3120814E-01 -7.8340993E-02  5.2040128E-01 -1.3707273E-01  1.9326281E-01
  9.3742824E-01 -6.9235161E-02  5.2318428E-01 -1.3202859E-01  1.9551833E-01
  9.4368987E-01 -6.0036814E-02  5.2597195E-01 -1.2689941E-01  1.9779550E-01
  9.4999333E-01 -5.0749655E-02  5.2876406E-01 -1.2168682E-01  2.0009438E-01
  9.5633889E-01 -4.1377420E-02  5.3156034E-01 -1.1639245E-01  2.0241506E-01
  9.6272682E-01 -3.1923875E-02  5.3436054E-01 -1.1101798E-01  2.0475760E-01
  9.6915742E-01 -2.2392816E-02  5.3716440E-01 -1.0556511E-01  2.0712207E-01
  9.7563096E-01 -1.2788065E-02  5.3997164E-01 -1.0003557E-01  2.0950852E-01
  9.8214774E-01 -3.1134661E-03  5.4278200E-01 -9.4431117E-02  2.1191702E-01
  9.8870804E-01  6.6271123E-03  5.4559517E-01 -8.8753518E-02  2.1434760E-01
  9.9531216E-01  1.6429784E-02  5.4841086E-01 -8.3004574E-02  2.1680032E-01
  1.0019604E+00  2.6290645E-02  5.5122878E-01 -7.7186106E-02  2.1927522E-01
  1.0086530E+00  3.6205778E-02  5.5404862E-01 -7.1299954E-02  2.2177233E-01
  1.0153903E+00  4.6171252E-02  5.5687004E-01 -6.5347978E-02  2.2429169E-01
  1.0221726E+00  5.6183126E-02  5.5969274E-01 -5.9332057E-02  2.2683330E-01
  1.0290003E+00  6.6237450E-02  5.6251638E-01 -5.3254088E-02  2.2939720E-01
  1.0358735E+00  7.6330272E-02  5.6534060E-01 -4.7115984E-02  2.3198340E-01
  1.0427926E+00  8.6457633E-02  5.6816507E-01 -4.0919672E-02  2.3459189E-01
  1.0497579E+00  9.6615573E-02  5.7098941E-01 -3.4667095E-02  2.3722268E-01
  1.0567698E+00  1.0680014E-01  5.7381326E-01 -2.8360211E-02  2.3987576E-01
  1.0638284E+00  1.1700736E-01  5.7663625E-01 -2.2000986E-02  2.4255111E-01
  1.0709343E+00  1.2723331E-01  5.7945798E-01 -1.5591402E-02  2.4524872E-01
  1.0780875E+00  1.3747403E-01  5.8227806E-01 -9.1334498E-03  2.4796855E-01
  1.0852886E+00  1.4772559E-01  5.8509608E-01 -2.6291284E-03  2.5071056E-01
  1.0925377E+00  1.5798407E-01  5.8791162E-01  3.9195533E-03  2.5347471E-01
  1.0998353E+00  1.6824556E-01  5.9072425E-01  1.0510579E-02  2.5626094E-01
  1.1071816E+00  1.7850617E-01  5.9353355E-01  1.7141927E-02  2.5906920E-01
  1.1145769E+00  1.8876202E-01  5.9633906E-01  2.3811568E-02  2.6189941E-01
  1.1220217E+00  1.9900926E-01  5.9914033E-01  3.0517469E-02  2.6475150E-01
  1.1295162E+00  2.0924405E-01  6.0193689E-01  3.7257595E-02  2.6762537E-01
  1.1370607E+00  2.1946258E-01  6.0472826E-01  4.4029905E-02  2.7052092E-01
  1.1446556E+00  2.2966107E-01  6.0751395E-01  5.0832359E-02  2.7343805E-01
  1.1523012E+00  2.3983575E-01  6.1029346E-01  5.7662913E-02  2.7637665E-01
  1.1599979E+00  2.4998290E-01  6.1306628E-01  6.4519527E-02  2.7933657E-01
  1.1677460E+00  2.6009881E-01  6.1583190E-01  7.1400159E-02  2.8231769E-01
  1.1755459E+00  2.7017982E-01  6.1858976E-01  7.8302769E-02  2.8531986E-01
  1.1833978E+00  2.8022229E-01  6.2133934E-01  8.5225319E-02  2.8834291E-01
  1.1913022E+00  2.9022263E-01  6.2408006E-01  9.2165776E-02  2.9138667E-01
  1.1992594E+00  3.0017727E-01  6.2681137E-01  9.9122111E-02  2.9445096E-01
  1.2072697E+00  3.1008269E-01  6.2953268E-01  1.0609230E-01  2.9753558E-01
  1.2153335E+00  3.1993541E-01  6.3224339E-01  1.1307432E-01  3.0064033E-01
  1.2234512E+00  3.2973198E-01  6.3494291E-01  1.2006617E-01  3.0376499E-01
  1.2316231E+00  3.3946901E-01  6.3763060E-01  1.2706583E-01  3.0690932E-01
  1.2398495E+00  3.4914315E-01  6.4030585E-01  1.3407131E-01  3.1007308E-01
  1.2481309E+00  3.5875109E-01  6.4296800E-01  1.4108063E-01  3.1325600E-01
  1.2564676E+00  3.6828957E-01  6.4561640E-01  1.4809181E-01  3.1645782E-01
  1.2648600E+00  3.7775538E-01  6.4825038E-01  1.5510288E-01  3.1967825E-01
  1.2733084E+00  3.8714535E-01  6.5086925E-01  1.6211189E-01  3.2291698E-01
  1.2818133E+00  3.9645638E-01  6.5347233E-01  1.6911688E-01  3.2617369E-01
  1.2903750E+00  4.0568542E-01  6.5605889E-01  1.7611594E-01  3.2944807E-01
  1.2989938E+00  4.1482945E-01  6.5862821E-01  1.8310713E-01  3.3273975E-01
  1.3076702E+00  4.2388553E-01  6.6117956E-01  1.9008857E-01  3.3604837E-01
  1.3164046E+00  4.3285076E-01  6.6371218E-01  1.9705836E-01  3.3937357E-01
  1.3251972E+00  4.4172231E-01  6.6622531E-01  2.0401462E-01  3.4271493E-01
  1.3340487E+00  4.5049740E-01  6.6871817E-01  2.1095549E-01  3.4607206E-01
  1.3429592E+00  4.5917331E-01  6.7118997E-01  2.1787914E-01  3.4944452E-01
  1.3519292E+00  4.6774738E-01  6.7363989E-01  2.2478374E-01  3.5283186E-01
  1.3609592E+00  4.7621700E-01  6.7606712E-01  2.3166748E-01  3.5623362E-01
  1.3700494E+00  4.8457963E-01  6.7847081E-01  2.3852857E-01  3.5964932E-01
  1.3792004E+00  4.9283281E-01  6.8085012E-01  2.4536525E-01  3.6307845E-01
  1.3884124E+00  5.0097411E-01  6.8320418E-01  2.5217575E-01  3.6652051E-01
  1.3976860E+00  5.0900118E-01  6.8553212E-01  2.5895835E-01  3.6997495E-01
  1.4070216E+00  5.1691173E-01  6.8783303E-01  2.6571133E-01  3.7344121E-01
  1.4164195E+00  5.2470353E-01  6.9010601E-01  2.7243300E-01  3.7691872E-01
  1.4258801E+00  5.3237444E-01  6.9235013E-01  2.7912169E-01  3.8040688E-01
  1.4354039E+00  5.3992235E-01  6.9456446E-01  2.8577575E-01  3.8390507E-01
  1.4449914E+00  5.4734523E-01  6.9674804E-01  2.9239356E-01  3.8741266E-01
  1.4546428E+00  5.5464113E-01  6.9889991E-01  2.9897350E-01  3.9092899E-01
  1.4643588E+00  5.6180814E-01  7.0101908E-01  3.0551399E-01  3.9445337E-01
  1.4741396E+00  5.6884444E-01  7.0310456E-01  3.1201347E-01  3.9798512E-01
  1.4839857E+00  5.7574826E-01  7.0515534E-01  3.1847040E-01  4.0152350E-01
  1.4938976E+00  5.8251791E-01  7.0717040E-01  3.2488327E-01  4.0506778E-01
  1.5038757E+00  5.8915176E-01  7.0914869E-01  3.3125058E-01  4.0861719E-01
  1.5139205E+00  5.9564825E-01  7.1108916E-01  3.3757087E-01  4.1217094E-01
  1.5240323E+00  6.0200589E-01  7.1299075E-01  3.4384269E-01  4.1572821E-01
  1.5342116E+00  6.0822325E-01  7.1485238E-01  3.5006463E-01  4.1928819E-01
  1.5444590E+00  6.1429897E-01  7.1667295E-01  3.5623527E-01  4.2285000E-01
  1.5547748E+00  6.2023175E-01  7.1845136E-01  3.6235327E-01  4.2641278E-01
  1.5651594E+00  6.2602038E-01  7.2018650E-01  3.6841726E-01  4.2997562E-01
  1.5756135E+00  6.3166370E-01  7.2187722E-01  3.7442593E-01  4.3353759E-01
  1.5861373E+00  6.3716061E-01  7.2352238E-01  3.8037797E-01  4.3709774E-01
  1.5967314E+00  6.4251010E-01  7.2512084E-01  3.8627213E-01  4.4065511E-01
  1.6073963E+00  6.4771120E-01  7.2667142E-01  3.9210714E-01  4.4420869E-01
  1.6181324E+00  6.5276302E-01  7.2817295E-01  3.9788179E-01  4.4775747E-01
  1.6289403E+00  6.5766473E-01  7.2962423E-01  4.0359488E-01  4.5130040E-01
  1.6398203E+00  6.6241558E-01  7.3102406E-01  4.0924524E-01  4.5483642E-01
  1.6507729E+00  6.6701486E-01  7.3237125E-01  4.1483171E-01  4.5836443E-01
  1.6617987E+00  6.7146195E-01  7.3366456E-01  4.2035319E-01  4.6188333E-01
  1.6728982E+00  6.7575627E-01  7.3490278E-01  4.2580856E-01  4.6539196E-01
  1.6840718E+00  6.7989733E-01  7.3608467E-01  4.3119676E-01  4.6888918E-01
  1.6953200E+00  6.8388466E-01  7.3720898E-01  4.3651673E-01  4.7237379E-01
  1.7066433E+00  6.8771791E-01  7.3827447E-01  4.4176746E-01  4.7584459E-01
  1.7180422E+00  6.9139673E-01  7.3927989E-01  4.4694795E-01  4.7930034E-01
  1.7295173E+00  6.9492089E-01  7.4022397E-01  4.5205721E-01  4.8273980E-01
  1.7410690E+00  6.9829017E-01  7.4110545E-01  4.5709431E-01  4.8616169E-01
  1.7526979E+00  7.0150445E-01  7.4192307E-01  4.6205831E-01  4.8956471E-01
  1.7644044E+00  7.0456363E-01  7.4267555E-01  4.6694831E-01  4.9294754E-01
  1.7761892E+00  7.0746770E-01  7.4336162E-01  4.7176343E-01  4.9630884E-01
  1.7880526E+00  7.1021670E-01  7.4398001E-01  4.7650283E-01  4.9964725E-01
  1.7999952E+00  7.1281072E-01  7.4452946E-01  4.8116566E-01  5.0296140E-01
  1.8120176E+00  7.1524991E-01  7.4500868E-01  4.8575112E-01  5.0624988E-01
  1.8241203E+00  7.1753446E-01  7.4541642E-01  4.9025843E-01  5.0951127E-01
  1.8363039E+00  7.1966465E-01  7.4575142E-01  4.9468683E-01  5.1274413E-01
  1.8485688E+00  7.2164079E-01  7.4601242E-01  4.9903557E-01  5.1594702E-01
  1.8609156E+00  7.2346324E-01  7.4619817E-01  5.0330395E-01  5.1911846E-01
  1.8733449E+00  7.2513242E-01  7.4630743E-01  5.0749127E-01  5.2225697E-01
  1.8858572E+00  7.2664881E-01  7.4633897E-01  5.1159686E-01  5.2536104E-01
  1.8984530E+00  7.2801292E-01  7.4629157E-01  5.1562008E-01  5.2842916E-01
  1.9111330E+00  7.2922534E-01  7.4616404E-01  5.1956030E-01  5.3145981E-01
  1.9238977E+00  7.3028668E-01  7.4595517E-01  5.2341692E-01  5.3445144E-01
  1.9367476E+00  7.3119763E-01  7.4566379E-01  5.2718937E-01  5.3740252E-01
  1.9496833E+00  7.3195889E-01  7.4528876E-01  5.3087708E-01  5.4031147E-01
  1.9627055E+00  7.3257125E-01  7.4482894E-01  5.3447952E-01  5.4317675E-01
  1.9758145E+00  7.3303552E-01  7.4428321E-01  5.3799618E-01  5.4599678E-01
  1.9890112E+00  7.3335257E-01  7.4365049E-01  5.4142657E-01  5.4876999E-01
  2.0022960E+00  7.3352330E-01  7.4292972E-01  5.4477023E-01  5.5149480E-01
  2.0156695E+00  7.3354867E-01  7.4211988E-01  5.4802670E-01  5.5416964E-01
  2.0291323E+00  7.3342969E-01  7.4121996E-01  5.5119558E-01  5.5679292E-01
  2.0426851E+00  7.3316740E-01  7.4022900E-01  5.5427645E-01  5.5936308E-01
  2.0563283E+00  7.3276289E-01  7.3914606E-01  5.5726893E-01  5.6187856E-01
  2.0700627E+00  7.3221728E-01  7.3797027E-01  5.6017269E-01  5.6433778E-01
  2.0838888E+00  7.3153177E-01  7.3670077E-01  5.6298737E-01  5.6673920E-01
  2.0978072E+00  7.3070756E-01  7.3533675E-01  5.6571268E-01  5.6908127E-01
  2.1118186E+00  7.2974591E-01  7.3387746E-01  5.6834831E-01  5.7136248E-01
  2.1259236E+00  7.2864812E-01  7.3232220E-01  5.7089402E-01  5.7358130E-01
  2.1401227E+00  7.2741552E-01  7.3067029E-01  5.7334956E-01  5.7573626E-01
  2.1544168E+00  7.2604950E-01  7.2892114E-01  5.7571470E-01  5.7782587E-01
  2.1688062E+00  7.2455148E-01  7.2707421E-01  5.7798925E-01  5.7984870E-01
  2.1832918E+00  7.2292289E-01  7.2512900E-01  5.8017304E-01  5.8180332E-01
  2.1978741E+00  7.2116525E-01  7.2308511E-01  5.8226592E-01  5.8368834E-01
  2.2125538E+00  7.1928006E-01  7.2094217E-01  5.8426776E-01  5.8550240E-01
  2.2273316E+00  7.1726890E-01  7.1869991E-01  5.8617844E-01  5.8724418E-01
  2.2422080E+00  7.1513336E-01  7.1635810E-01  5.8799790E-01  5.8891239E-01
  2.2571838E+00  7.1287507E-01  7.1391660E-01  5.8972607E-01  5.9050579E-01
  2.2722596E+00  7.1049570E-01  7.1137537E-01  5.9136292E-01  5.9202318E-01
  2.2874361E+00  7.0799695E-01  7.0873442E-01  5.9290842E-01  5.9346341E-01
  2.3027140E+00  7.0538054E-01  7.0599385E-01  5.9436260E-01  5.9482536E-01
  2.3180939E+00  7.0264822E-01  7.0315385E-01  5.9572549E-01  5.9610800E-01
  2.3335765E+00  6.9980180E-01  7.0021471E-01  5.9699714E-01  5.9731032E-01
  2.3491625E+00  6.9684309E-01  6.9717678E-01  5.9817762E-01  5.9843139E-01
  2.3648526E+00  6.9377394E-01  6.9404053E-01  5.9926705E-01  5.9947033E-01
  2.3806475E+00  6.9059621E-01  6.9080653E-01  6.0026554E-01  6.0042633E-01
  2.3965479E+00  6.8731181E-01  6.8747541E-01  6.0117324E-01  6.0129865E-01
  2.4125544E+00  6.8392266E-01  6.8404795E-01  6.0199033E-01  6.0208662E-01
  2.4286679E+00  6.8043071E-01  6.8052498E-01  6.0271699E-01  6.0278963E-01
  2.4448890E+00  6.7683794E-01  6.7690746E-01  6.0335345E-01  6.0340716E-01
  2.4612184E+00  6.7314633E-01  6.7319645E-01  6.0389993E-01  6.0393875E-01
  2.4776569E+00  6.6935791E-01  6.6939310E-01  6.0435669E-01  6.0438402E-01
  2.4942052E+00  6.6547471E-01  6.6549867E-01  6.0472403E-01  6.0474269E-01
  2.5108640E+00  6.6149878E-01  6.6151452E-01  6.0500224E-01  6.0501453E-01
  2.5276340E+00  6.5743221E-01  6.5744210E-01  6.0519165E-01  6.0519939E-01
  2.5445161E+00  6.5327708E-01  6.5328297E-01  6.0529261E-01  6.0529724E-01
  2.5615109E+00  6.4903550E-01  6.4903878E-01  6.0530548E-01  6.0530807E-01
  2.5786192E+00  6.4470960E-01  6.4471127E-01  6.0523067E-01  6.0523199E-01
  2.5958418E+00  6.4030150E-01  6.4030226E-01  6.0506857E-01  6.0506918E-01
  2.6131793E+00  6.3581337E-01  6.3581366E-01  6.0481963E-01  6.0481987E-01
  2.6306327E+00  6.3124736E-01  6.3124745E-01  6.0448430E-01  6.0448437E-01
  2.6482027E+00  6.2660565E-01  6.2660567E-01  6.0406306E-01  6.0406307E-01
  2.6658900E+00  6.2189043E-01  6.2189043E-01  6.0355639E-01  6.0355639E-01
  2.6836954E+00  6.1710388E-01  6.1710388E-01  6.0296483E-01  6.0296483E-01
  2.7016197E+00  6.1224821E-01  6.1224821E-01  6.0228890E-01  6.0228890E-01
  2.7196637E+00  6.0732562E-01  6.0732562E-01  6.0152916E-01  6.0152916E-01
  2.7378283E+00  6.0233834E-01  6.0233834E-01  6.0068619E-01  6.0068619E-01
  2.7561142E+00  5.9728857E-01  5.9728857E-01  5.9976058E-01  5.9976058E-01
  2.7745222E+00  5.9217854E-01  5.9217854E-01  5.9875296E-01  5.9875296E-01
  2.7930531E+00  5.8701047E-01  5.8701047E-01  5.9766395E-01  5.9766395E-01
  2.8117078E+00  5.8178660E-01  5.8178660E-01  5.9649422E-01  5.9649422E-01
  2.8304871E+00  5.7650914E-01  5.7650914E-01  5.9524442E-01  5.9524442E-01
  2.8493918E+00  5.7118034E-01  5.7118034E-01  5.9391527E-01  5.9391527E-01
  2.8684227E+00  5.6580240E-01  5.6580240E-01  5.9250745E-01  5.9250745E-01
  2.8875808E+00  5.6037756E-01  5.6037756E-01  5.9102171E-01  5.9102171E-01
  2.9068668E+00  5.5490804E-01  5.5490804E-01  5.8945879E-01  5.8945879E-01
  2.9262816E+00  5.4939604E-01  5.4939604E-01  5.8781945E-01  5.8781945E-01
  2.9458261E+00  5.4384379E-01  5.4384379E-01  5.8610447E-01  5.8610447E-01
  2.9655011E+00  5.3825348E-01  5.3825348E-01  5.8431465E-01  5.8431465E-01
  2.9853075E+00  5.3262731E-01  5.3262731E-01  5.8245080E-01  5.8245080E-01
  3.0052462E+00  5.2696748E-01  5.2696748E-01  5.8051375E-01  5.8051375E-01
  3.0253180E+00  5.2127615E-01  5.2127615E-01  5.7850436E-01  5.7850436E-01
  3.0455239E+00  5.1555550E-01  5.1555550E-01  5.7642348E-01  5.7642348E-01
  3.0658648E+00  5.0980769E-01  5.0980769E-01  5.7427199E-01  5.7427199E-01
  3.0863415E+00  5.0403486E-01  5.0403486E-01  5.7205079E-01  5.7205079E-01
  3.1069550E+00  4.9823915E-01  4.9823915E-01  5.6976079E-01  5.6976079E-01
  3.1277061E+00  4.9242268E-01  4.9242268E-01  5.6740291E-01  5.6740291E-01
  3.1485958E+00  4.8658755E-01  4.8658755E-01  5.6497809E-01  5.6497809E-01
  3.1696251E+00  4.8073584E-01  4.8073584E-01  5.6248728E-01  5.6248728E-01
  3.1907947E+00  4.7486965E-01  4.7486965E-01  5.5993146E-01  5.5993146E-01
  3.2121058E+00  4.6899101E-01  4.6899101E-01  5.5731160E-01  5.5731160E-01
  3.2335592E+00  4.6310198E-01  4.6310198E-01  5.5462871E-01  5.5462871E-01
  3.2551559E+00  4.5720457E-01  4.5720457E-01  5.5188379E-01  5.5188379E-01
  3.2768968E+00  4.5130078E-01  4.5130078E-01  5.4907786E-01  5.4907786E-01
  3.2987829E+00  4.4539259E-01  4.4539259E-01  5.4621196E-01  5.4621196E-01
  3.3208152E+00  4.3948197E-01  4.3948197E-01  5.4328714E-01  5.4328714E-01
  3.3429946E+00  4.3357085E-01  4.3357085E-01  5.4030445E-01  5.4030445E-01
  3.3653222E+00  4.2766115E-01  4.2766115E-01  5.3726498E-01  5.3726498E-01
  3.3877988E+00  4.2175476E-01  4.2175476E-01  5.3416980E-01  5.3416980E-01
  3.4104256E+00  4.1585355E-01  4.1585355E-01  5.3102001E-01  5.3102001E-01
  3.4332035E+00  4.0995937E-01  4.0995937E-01  5.2781672E-01  5.2781672E-01
  3.4561335E+00  4.0407404E-01  4.0407404E-01  5.2456104E-01  5.2456104E-01
  3.4792167E+00  3.9819936E-01  3.9819936E-01  5.2125412E-01  5.2125412E-01
  3.5024540E+00  3.9233708E-01  3.9233708E-01  5.1789708E-01  5.1789708E-01
  3.5258466E+00  3.8648897E-01  3.8648897E-01  5.1449107E-01  5.1449107E-01
  3.5493953E+00  3.8065672E-01  3.8065672E-01  5.1103726E-01  5.1103726E-01
  3.5731014E+00  3.7484204E-01  3.7484204E-01  5.0753682E-01  5.0753682E-01
  3.5969657E+00  3.6904657E-01  3.6904657E-01  5.0399093E-01  5.0399093E-01
  3.6209895E+00  3.6327196E-01  3.6327196E-01  5.0040076E-01  5.0040076E-01
  3.6451736E+00  3.5751980E-01  3.5751980E-01  4.9676753E-01  4.9676753E-01
  3.6695193E+00  3.5179166E-01  3.5179166E-01  4.9309244E-01  4.9309244E-01
  3.6940276E+00  3.4608910E-01  3.4608910E-01  4.8937669E-01  4.8937669E-01
  3.7186996E+00  3.4041361E-01  3.4041361E-01  4.8562152E-01  4.8562152E-01
  3.7435364E+00  3.3476668E-01  3.3476668E-01  4.8182814E-01  4.8182814E-01
  3.7685390E+00  3.2914976E-01  3.2914976E-01  4.7799781E-01  4.7799781E-01
  3.7937086E+00  3.2356427E-01  3.2356427E-01  4.7413175E-01  4.7413175E-01
  3.8190463E+00  3.1801159E-01  3.1801159E-01  4.7023122E-01  4.7023122E-01
  3.8445533E+00  3.1249307E-01  3.1249307E-01  4.6629747E-01  4.6629747E-01
  3.8702305E+00  3.0701003E-01  3.0701003E-01  4.6233177E-01  4.6233177E-01
  3.8960793E+00  3.0156377E-01  3.0156377E-01  4.5833537E-01  4.5833537E-01
  3.9221007E+00  2.9615553E-01  2.9615553E-01  4.5430956E-01  4.5430956E-01
  3.9482959E+00  2.9078653E-01  2.9078653E-01  4.5025561E-01  4.5025561E-01
  3.9746661E+00  2.8545796E-01  2.8545796E-01  4.4617479E-01  4.4617479E-01
  4.0012123E+00  2.8017097E-01  2.8017097E-01  4.4206839E-01  4.4206839E-01
  4.0279359E+00  2.7492667E-01  2.7492667E-01  4.3793769E-01  4.3793769E-01
  4.0548379E+00  2.6972615E-01  2.6972615E-01  4.3378398E-01  4.3378398E-01
  4.0819196E+00  2.6457045E-01  2.6457045E-01  4.2960856E-01  4.2960856E-01
  4.1091822E+00  2.5946057E-01  2.5946057E-01  4.2541270E-01  4.2541270E-01
  4.1366269E+00  2.5439751E-01  2.5439751E-01  4.2119771E-01  4.2119771E-01
  4.1642548E+00  2.4938219E-01  2.4938219E-01  4.1696487E-01  4.1696487E-01
  4.1920673E+00  2.4441552E-01  2.4441552E-01  4.1271547E-01  4.1271547E-01
  4.2200655E+00  2.3949837E-01  2.3949837E-01  4.0845081E-01  4.0845081E-01
  4.2482507E+00  2.3463156E-01  2.3463156E-01  4.0417217E-01  4.0417217E-01
  4.2766241E+00  2.2981589E-01  2.2981589E-01  3.9988084E-01  3.9988084E-01
  4.3051870E+00  2.2505212E-01  2.2505212E-01  3.9557809E-01  3.9557809E-01
  4.3339407E+00  2.2034097E-01  2.2034097E-01  3.9126521E-01  3.9126521E-01
  4.3628864E+00  2.1568312E-01  2.1568312E-01  3.8694347E-01  3.8694347E-01
  4.3920255E+00  2.1107922E-01  2.1107922E-01  3.8261413E-01  3.8261413E-01
  4.4213592E+00  2.0652989E-01  2.0652989E-01  3.7827846E-01  3.7827846E-01
  4.4508887E+00  2.0203570E-01  2.0203570E-01  3.7393771E-01  3.7393771E-01
  4.4806155E+00  1.9759718E-01  1.9759718E-01  3.6959312E-01  3.6959312E-01
  4.5105408E+00  1.9321484E-01  1.9321484E-01  3.6524594E-01  3.6524594E-01
  4.5406660E+00  1.8888914E-01  1.8888914E-01  3.6089739E-01  3.6089739E-01
  4.5709924E+00  1.8462052E-01  1.8462052E-01  3.5654869E-01  3.5654869E-01
  4.6015213E+00  1.8040935E-01  1.8040935E-01  3.5220105E-01  3.5220105E-01
  4.6322541E+00  1.7625600E-01  1.7625600E-01  3.4785566E-01  3.4785566E-01
  4.6631922E+00  1.7216079E-01  1.7216079E-01  3.4351370E-01  3.4351370E-01
  4.6943368E+00  1.6812401E-01  1.6812401E-01  3.3917634E-01  3.3917634E-01
  4.7256895E+00  1.6414590E-01  1.6414590E-01  3.3484473E-01  3.3484473E-01
  4.7572516E+00  1.6022667E-01  1.6022667E-01  3.3052002E-01  3.3052002E-01
  4.7890245E+00  1.5636650E-01  1.5636650E-01  3.2620333E-01  3.2620333E-01
  4.8210095E+00  1.5256555E-01  1.5256555E-01  3.2189577E-01  3.2189577E-01
  4.8532082E+00  1.4882391E-01  1.4882391E-01  3.1759842E-01  3.1759842E-01
  4.8856220E+00  1.4514167E-01  1.4514167E-01  3.1331236E-01  3.1331236E-01
  4.9182522E+00  1.4151886E-01  1.4151886E-01  3.0903865E-01  3.0903865E-01
  4.9511003E+00  1.3795551E-01  1.3795551E-01  3.0477831E-01  3.0477831E-01
  4.9841678E+00  1.3445158E-01  1.3445158E-01  3.0053237E-01  3.0053237E-01
  5.0174562E+00  1.3100702E-01  1.3100702E-01  2.9630181E-01  2.9630181E-01
  5.0509669E+00  1.2762175E-01  1.2762175E-01  2.9208761E-01  2.9208761E-01
  5.0847014E+00  1.2429566E-01  1.2429566E-01  2.8789073E-01  2.8789073E-01
  5.1186612E+00  1.2102859E-01  1.2102859E-01  2.8371210E-01  2.8371210E-01
  5.1528478E+00  1.1782037E-01  1.1782037E-01  2.7955262E-01  2.7955262E-01
  5.1872627E+00  1.1467080E-01  1.1467080E-01  2.7541318E-01  2.7541318E-01
  5.2219074E+00  1.1157965E-01  1.1157965E-01  2.7129465E-01  2.7129465E-01
  5.2567836E+00  1.0854665E-01  1.0854665E-01  2.6719787E-01  2.6719787E-01
  5.2918926E+00  1.0557152E-01  1.0557152E-01  2.6312365E-01  2.6312365E-01
  5.3272362E+00  1.0265396E-01  1.0265396E-01  2.5907279E-01  2.5907279E-01
  5.3628158E+00  9.9793615E-02  9.9793615E-02  2.5504606E-01  2.5504606E-01
  5.3986330E+00  9.6990135E-02  9.6990135E-02  2.5104421E-01  2.5104421E-01
  5.4346894E+00  9.4243135E-02  9.4243135E-02  2.4706796E-01  2.4706796E-01
  5.4709867E+00  9.1552205E-02  9.1552205E-02  2.4311800E-01  2.4311800E-01
  5.5075263E+00  8.8916919E-02  8.8916919E-02  2.3919502E-01  2.3919502E-01
  5.5443100E+00  8.6336827E-02  8.6336827E-02  2.3529966E-01  2.3529966E-01
  5.5813394E+00  8.3811457E-02  8.3811457E-02  2.3143255E-01  2.3143255E-01
  5.6186160E+00  8.1340323E-02  8.1340323E-02  2.2759429E-01  2.2759429E-01
  5.6561416E+00  7.8922915E-02  7.8922915E-02  2.2378547E-01  2.2378547E-01
  5.6939179E+00  7.6558709E-02  7.6558709E-02  2.2000664E-01  2.2000664E-01
  5.7319464E+00  7.4247163E-02  7.4247163E-02  2.1625832E-01  2.1625832E-01
  5.7702289E+00  7.1987718E-02  7.1987718E-02  2.1254104E-01  2.1254104E-01
  5.8087671E+00  6.9779803E-02  6.9779803E-02  2.0885528E-01  2.0885528E-01
  5.8475627E+00  6.7622830E-02  6.7622830E-02  2.0520150E-01  2.0520150E-01
  5.8866174E+00  6.5516198E-02  6.5516198E-02  2.0158014E-01  2.0158014E-01
  5.9259329E+00  6.3459295E-02  6.3459295E-02  1.9799163E-01  1.9799163E-01
  5.9655109E+00  6.1451495E-02  6.1451495E-02  1.9443637E-01  1.9443637E-01
  6.0053533E+00  5.9492163E-02  5.9492163E-02  1.9091472E-01  1.9091472E-01
  6.0454618E+00  5.7580655E-02  5.7580655E-02  1.8742705E-01  1.8742705E-01
  6.0858382E+00  5.5716313E-02  5.5716313E-02  1.8397370E-01  1.8397370E-01
  6.1264842E+00  5.3898475E-02  5.3898475E-02  1.8055498E-01  1.8055498E-01
  6.1674017E+00  5.2126470E-02  5.2126470E-02  1.7717118E-01  1.7717118E-01
  6.2085925E+00  5.0399620E-02  5.0399620E-02  1.7382259E-01  1.7382259E-01
  6.2500583E+00  4.8717239E-02  4.8717239E-02  1.7050947E-01  1.7050947E-01
  6.2918011E+00  4.7078638E-02  4.7078638E-02  1.6723205E-01  1.6723205E-01
  6.3338227E+00  4.5483121E-02  4.5483121E-02  1.6399055E-01  1.6399055E-01
  6.3761249E+00  4.3929991E-02  4.3929991E-02  1.6078518E-01  1.6078518E-01
  6.4187097E+00  4.2418543E-02  4.2418543E-02  1.5761614E-01  1.5761614E-01
  6.4615788E+00  4.0948073E-02  4.0948073E-02  1.5448358E-01  1.5448358E-01
  6.5047343E+00  3.9517873E-02  3.9517873E-02  1.5138767E-01  1.5138767E-01
  6.5481780E+00  3.8127233E-02  3.8127233E-02  1.4832855E-01  1.4832855E-01
  6.5919118E+00  3.6775445E-02  3.6775445E-02  1.4530634E-01  1.4530634E-01
  6.6359377E+00  3.5461796E-02  3.5461796E-02  1.4232115E-01  1.4232115E-01
  6.6802577E+00  3.4185577E-02  3.4185577E-02  1.3937307E-01  1.3937307E-01
  6.7248736E+00  3.2946077E-02  3.2946077E-02  1.3646218E-01  1.3646218E-01
  6.7697875E+00  3.1742588E-02  3.1742588E-02  1.3358856E-01  1.3358856E-01
  6.8150014E+00  3.0574403E-02  3.0574403E-02  1.3075226E-01  1.3075226E-01
  6.8605173E+00  2.9440817E-02  2.9440817E-02  1.2795331E-01  1.2795331E-01
  6.9063371E+00  2.8341128E-02  2.8341128E-02  1.2519175E-01  1.2519175E-01
  6.9524629E+00  2.7274637E-02  2.7274637E-02  1.2246759E-01  1.2246759E-01
  6.9988968E+00  2.6240648E-02  2.6240648E-02  1.1978083E-01  1.1978083E-01
  7.0456409E+00  2.5238469E-02  2.5238469E-02  1.1713147E-01  1.1713147E-01
  7.0926971E+00  2.4267413E-02  2.4267413E-02  1.1451949E-01  1.1451949E-01
  7.1400675E+00  2.3326797E-02  2.3326797E-02  1.1194485E-01  1.1194485E-01
  7.1877544E+00  2.2415943E-02  2.2415943E-02  1.0940752E-01  1.0940752E-01
  7.2357597E+00  2.1534178E-02  2.1534178E-02  1.0690745E-01  1.0690745E-01
  7.2840857E+00  2.0680836E-02  2.0680836E-02  1.0444456E-01  1.0444456E-01
  7.3327343E+00  1.9855255E-02  1.9855255E-02  1.0201880E-01  1.0201880E-01
  7.3817079E+00  1.9056781E-02  1.9056781E-02  9.9630067E-02  9.9630067E-02
  7.4310086E+00  1.8284765E-02  1.8284765E-02  9.7278280E-02  9.7278280E-02
  7.4806386E+00  1.7538566E-02  1.7538566E-02  9.4963333E-02  9.4963333E-02
  7.5306000E+00  1.6817550E-02  1.6817550E-02  9.2685116E-02  9.2685116E-02
  7.5808950E+00  1.6121088E-02  1.6121088E-02  9.0443506E-02  9.0443506E-02
  7.6315260E+00  1.5448561E-02  1.5448561E-02  8.8238373E-02  8.8238373E-02
  7.6824951E+00  1.4799356E-02  1.4799356E-02  8.6069578E-02  8.6069578E-02
  7.7338047E+00  1.4172869E-02  1.4172869E-02  8.3936972E-02  8.3936972E-02
  7.7854569E+00  1.3568504E-02  1.3568504E-02  8.1840397E-02  8.1840397E-02
  7.8374540E+00  1.2985671E-02  1.2985671E-02  7.9779688E-02  7.9779688E-02
  7.8897985E+00  1.2423791E-02  1.2423791E-02  7.7754669E-02  7.7754669E-02
  7.9424925E+00  1.1882293E-02  1.1882293E-02  7.5765156E-02  7.5765156E-02
  7.9955385E+00  1.1360611E-02  1.1360611E-02  7.3810959E-02  7.3810959E-02
  8.0489387E+00  1.0858194E-02  1.0858194E-02  7.1891876E-02  7.1891876E-02
  8.1026956E+00  1.0374493E-02  1.0374493E-02  7.0007699E-02  7.0007699E-02
  8.1568115E+00  9.9089734E-03  9.9089734E-03  6.8158210E-02  6.8158210E-02
  8.2112888E+00  9.4611064E-03  9.4611064E-03  6.6343186E-02  6.6343186E-02
  8.2661299E+00  9.0303733E-03  9.0303733E-03  6.4562393E-02  6.4562393E-02
  8.3213374E+00  8.6162643E-03  8.6162643E-03  6.2815590E-02  6.2815590E-02
  8.3769135E+00  8.2182789E-03  8.2182789E-03  6.1102528E-02  6.1102528E-02
  8.4328608E+00  7.8359256E-03  7.8359256E-03  5.9422952E-02  5.9422952E-02
  8.4891817E+00  7.4687224E-03  7.4687224E-03  5.7776598E-02  5.7776598E-02
  8.5458788E+00  7.1161965E-03  7.1161965E-03  5.6163193E-02  5.6163193E-02
  8.6029546E+00  6.7778843E-03  6.7778843E-03  5.4582460E-02  5.4582460E-02
  8.6604115E+00  6.4533318E-03  6.4533318E-03  5.3034113E-02  5.3034113E-02
  8.7182522E+00  6.1420941E-03  6.1420941E-03  5.1517859E-02  5.1517859E-02
  8.7764792E+00  5.8437359E-03  5.8437359E-03  5.0033399E-02  5.0033399E-02
  8.8350951E+00  5.5578310E-03  5.5578310E-03  4.8580426E-02  4.8580426E-02
  8.8941024E+00  5.2839626E-03  5.2839626E-03  4.7158627E-02  4.7158627E-02
  8.9535038E+00  5.0217234E-03  5.0217234E-03  4.5767683E-02  4.5767683E-02
  9.0133020E+00  4.7707152E-03  4.7707152E-03  4.4407269E-02  4.4407269E-02
  9.0734995E+00  4.5305491E-03  4.5305491E-03  4.3077054E-02  4.3077054E-02
  9.1340990E+00  4.3008455E-03  4.3008455E-03  4.1776700E-02  4.1776700E-02
  9.1951033E+00  4.0812339E-03  4.0812339E-03  4.0505864E-02  4.0505864E-02
  9.2565150E+00  3.8713529E-03  3.8713529E-03  3.9264199E-02  3.9264199E-02
  9.3183368E+00  3.6708502E-03  3.6708502E-03  3.8051352E-02  3.8051352E-02
  9.3805716E+00  3.4793825E-03  3.4793825E-03  3.6866963E-02  3.6866963E-02
  9.4432219E+00  3.2966155E-03  3.2966155E-03  3.5710671E-02  3.5710671E-02
  9.5062907E+00  3.1222235E-03  3.1222235E-03  3.4582109E-02  3.4582109E-02
  9.5697807E+00  2.9558898E-03  2.9558898E-03  3.3480905E-02  3.3480905E-02
  9.6336948E+00  2.7973063E-03  2.7973063E-03  3.2406683E-02  3.2406683E-02
  9.6980356E+00  2.6461735E-03  2.6461735E-03  3.1359066E-02  3.1359066E-02
  9.7628063E+00  2.5022004E-03  2.5022004E-03  3.0337670E-02  3.0337670E-02
  9.8280094E+00  2.3651044E-03  2.3651044E-03  2.9342110E-02  2.9342110E-02
  9.8936481E+00  2.2346110E-03  2.2346110E-03  2.8371999E-02  2.8371999E-02
  9.9597251E+00  2.1104542E-03  2.1104542E-03  2.7426944E-02  2.7426944E-02
  1.0026243E+01  1.9923757E-03  1.9923757E-03  2.6506553E-02  2.6506553E-02
  1.0093206E+01  1.8801254E-03  1.8801254E-03  2.5610431E-02  2.5610431E-02
  1.0160616E+01  1.7734608E-03  1.7734608E-03  2.4738180E-02  2.4738180E-02
  1.0228476E+01  1.6721473E-03  1.6721473E-03  2.3889402E-02  2.3889402E-02
  1.0296789E+01  1.5759577E-03  1.5759577E-03  2.3063698E-02  2.3063698E-02
  1.0365559E+01  1.4846723E-03  1.4846723E-03  2.2260666E-02  2.2260666E-02
  1.0434787E+01  1.3980786E-03  1.3980786E-03  2.1479905E-02  2.1479905E-02
  1.0504478E+01  1.3159713E-03  1.3159713E-03  2.0721014E-02  2.0721014E-02
  1.0574635E+01  1.2381522E-03  1.2381522E-03  1.9983590E-02  1.9983590E-02
  1.0645260E+01  1.1644299E-03  1.1644299E-03  1.9267232E-02  1.9267232E-02
  1.0716357E+01  1.0946196E-03  1.0946196E-03  1.8571537E-02  1.8571537E-02
  1.0787928E+01  1.0285432E-03  1.0285432E-03  1.7896106E-02  1.7896106E-02
  1.0859978E+01  9.6602920E-04  9.6602920E-04  1.7240538E-02  1.7240538E-02
  1.0932509E+01  9.0691212E-04  9.0691212E-04  1.6604435E-02  1.6604435E-02
  1.1005524E+01  8.5103275E-04  8.5103275E-04  1.5987398E-02  1.5987398E-02
  1.1079027E+01  7.9823787E-04  7.9823787E-04  1.5389033E-02  1.5389033E-02
  1.1153021E+01  7.4838009E-04  7.4838009E-04  1.4808945E-02  1.4808945E-02
  1.1227509E+01  7.0131773E-04  7.0131773E-04  1.4246743E-02  1.4246743E-02
  1.1302494E+01  6.5691467E-04  6.5691467E-04  1.3702036E-02  1.3702036E-02
  1.1377980E+01  6.1504017E-04  6.1504017E-04  1.3174437E-02  1.3174437E-02
  1.1453970E+01  5.7556876E-04  5.7556876E-04  1.2663563E-02  1.2663563E-02
  1.1530468E+01  5.3838008E-04  5.3838008E-04  1.2169032E-02  1.2169032E-02
  1.1607477E+01  5.0335872E-04  5.0335872E-04  1.1690464E-02  1.1690464E-02
  1.1685000E+01  4.7039409E-04  4.7039409E-04  1.1227486E-02  1.1227486E-02
  1.1763041E+01  4.3938029E-04  4.3938029E-04  1.0779725E-02  1.0779725E-02
  1.1841603E+01  4.1021593E-04  4.1021593E-04  1.0346813E-02  1.0346813E-02
  1.1920690E+01  3.8280401E-04  3.8280401E-04  9.9283866E-03  9.9283866E-03
  1.2000305E+01  3.5705181E-04  3.5705181E-04  9.5240849E-03  9.5240849E-03
  1.2080451E+01  3.3287067E-04  3.3287067E-04  9.1335518E-03  9.1335518E-03
  1.2161133E+01  3.1017596E-04  3.1017596E-04  8.7564353E-03  8.7564353E-03
  1.2242354E+01  2.8888685E-04  2.8888685E-04  8.3923879E-03  8.3923879E-03
  1.2324117E+01  2.6892625E-04  2.6892625E-04  8.0410664E-03  8.0410664E-03
  1.2406426E+01  2.5022063E-04  2.5022063E-04  7.7021324E-03  7.7021324E-03
  1.2489285E+01  2.3269993E-04  2.3269993E-04  7.3752521E-03  7.3752521E-03
  1.2572698E+01  2.1629741E-04  2.1629741E-04  7.0600965E-03  7.0600965E-03
  1.2656667E+01  2.0094952E-04  2.0094952E-04  6.7563416E-03  6.7563416E-03
  1.2741197E+01  1.8659584E-04  1.8659584E-04  6.4636682E-03  6.4636682E-03
  1.2826292E+01  1.7317887E-04  1.7317887E-04  6.1817626E-03  6.1817626E-03
  1.2911955E+01  1.6064399E-04  1.6064399E-04  5.9103158E-03  5.9103158E-03
  1.2998191E+01  1.4893932E-04  1.4893932E-04  5.6490242E-03  5.6490242E-03
  1.3085002E+01  1.3801559E-04  1.3801559E-04  5.3975895E-03  5.3975895E-03
  1.3172393E+01  1.2782610E-04  1.2782610E-04  5.1557187E-03  5.1557187E-03
  1.3260367E+01  1.1832652E-04  1.1832652E-04  4.9231241E-03  4.9231241E-03
  1.3348929E+01  1.0947488E-04  1.0947488E-04  4.6995235E-03  4.6995235E-03
  1.3438083E+01  1.0123140E-04  1.0123140E-04  4.4846401E-03  4.4846401E-03
  1.3527832E+01  9.3558446E-05  9.3558446E-05  4.2782024E-03  4.2782024E-03
  1.3618181E+01  8.6420411E-05  8.6420411E-05  4.0799446E-03  4.0799446E-03
  1.3709132E+01  7.9783630E-05  7.9783630E-05  3.8896063E-03  3.8896063E-03
  1.3800692E+01  7.3616293E-05  7.3616293E-05  3.7069326E-03  3.7069326E-03
  1.3892862E+01  6.7888363E-05  6.7888363E-05  3.5316740E-03  3.5316740E-03
  1.3985649E+01  6.2571490E-05  6.2571490E-05  3.3635866E-03  3.3635866E-03
  1.4079055E+01  5.7638935E-05  5.7638935E-05  3.2024318E-03  3.2024318E-03
  1.4173085E+01  5.3065492E-05  5.3065492E-05  3.0479768E-03  3.0479768E-03
  1.4267743E+01  4.8827416E-05  4.8827416E-05  2.8999939E-03  2.8999939E-03
  1.4363033E+01  4.4902349E-05  4.4902349E-05  2.7582609E-03  2.7582609E-03
  1.4458959E+01  4.1269257E-05  4.1269257E-05  2.6225611E-03  2.6225611E-03
  1.4555526E+01  3.7908356E-05  3.7908356E-05  2.4926829E-03  2.4926829E-03
  1.4652738E+01  3.4801056E-05  3.4801056E-05  2.3684204E-03  2.3684204E-03
  1.4750599E+01  3.1929895E-05  3.1929895E-05  2.2495725E-03  2.2495725E-03
  1.4849114E+01  2.9278485E-05  2.9278485E-05  2.1359436E-03  2.1359436E-03
  1.4948287E+01  2.6831451E-05  2.6831451E-05  2.0273434E-03  2.0273434E-03
  1.5048122E+01  2.4574379E-05  2.4574379E-05  1.9235863E-03  1.9235863E-03
  1.5148624E+01  2.2493766E-05  2.2493766E-05  1.8244921E-03  1.8244921E-03
  1.5249797E+01  2.0576970E-05  2.0576970E-05  1.7298854E-03  1.7298854E-03
  1.5351646E+01  1.8812158E-05  1.8812158E-05  1.6395960E-03  1.6395960E-03
  1.5454175E+01  1.7188269E-05  1.7188269E-05  1.5534582E-03  1.5534582E-03
  1.5557389E+01  1.5694964E-05  1.5694964E-05  1.4713114E-03  1.4713114E-03
  1.5661292E+01  1.4322588E-05  1.4322588E-05  1.3929997E-03  1.3929997E-03
  1.5765889E+01  1.3062128E-05  1.3062128E-05  1.3183716E-03  1.3183716E-03
  1.5871185E+01  1.1905181E-05  1.1905181E-05  1.2472805E-03  1.2472805E-03
  1.5977184E+01  1.0843910E-05  1.0843910E-05  1.1795842E-03  1.1795842E-03
  1.6083891E+01  9.8710189E-06  9.8710189E-06  1.1151449E-03  1.1151449E-03
  1.6191310E+01  8.9797130E-06  8.9797130E-06  1.0538292E-03  1.0538292E-03
  1.6299447E+01  8.1636725E-06  8.1636725E-06  9.9550797E-04  9.9550797E-04
  1.6408306E+01  7.4170221E-06  7.4170221E-06  9.4005622E-04  9.4005622E-04
  1.6517892E+01  6.7343033E-06  6.7343033E-06  8.8735315E-04  8.8735315E-04
  1.6628210E+01  6.1104483E-06  6.1104483E-06  8.3728195E-04  8.3728195E-04
  1.6739265E+01  5.5407552E-06  5.5407552E-06  7.8972975E-04  7.8972975E-04
  1.6851061E+01  5.0208648E-06  5.0208648E-06  7.4458756E-04  7.4458756E-04
  1.6963604E+01  4.5467378E-06  4.5467378E-06  7.0175016E-04  7.0175016E-04
  1.7076899E+01  4.1146347E-06  4.1146347E-06  6.6111601E-04  6.6111601E-04
  1.7190950E+01  3.7210951E-06  3.7210951E-06  6.2258720E-04  6.2258720E-04
  1.7305764E+01  3.3629197E-06  3.3629197E-06  5.8606930E-04  5.8606930E-04
  1.7421343E+01  3.0371522E-06  3.0371522E-06  5.5147137E-04  5.5147137E-04
  1.7537695E+01  2.7410632E-06  2.7410632E-06  5.1870576E-04  5.1870576E-04
  1.7654824E+01  2.4721343E-06  2.4721343E-06  4.8768814E-04  4.8768814E-04
  1.7772735E+01  2.2280434E-06  2.2280434E-06  4.5833731E-04  4.5833731E-04
  1.7891434E+01  2.0066510E-06  2.0066510E-06  4.3057521E-04  4.3057521E-04
  1.8010925E+01  1.8059874E-06  1.8059874E-06  4.0432677E-04  4.0432677E-04
  1.8131215E+01  1.6242402E-06  1.6242402E-06  3.7951985E-04  3.7951985E-04
  1.8252307E+01  1.4597432E-06  1.4597432E-06  3.5608515E-04  3.5608515E-04
  1.8374209E+01  1.3109658E-06  1.3109658E-06  3.3395616E-04  3.3395616E-04
  1.8496925E+01  1.1765027E-06  1.1765027E-06  3.1306903E-04  3.1306903E-04
  1.8620460E+01  1.0550646E-06  1.0550646E-06  2.9336252E-04  2.9336252E-04
  1.8744820E+01  9.4547006E-07  9.4547006E-07  2.7477792E-04  2.7477792E-04
  1.8870011E+01  8.4663647E-07  8.4663647E-07  2.5725898E-04  2.5725898E-04
  1.8996038E+01  7.5757314E-07  7.5757314E-07  2.4075180E-04  2.4075180E-04
  1.9122907E+01  6.7737390E-07  6.7737390E-07  2.2520479E-04  2.2520479E-04
  1.9250623E+01  6.0521061E-07  6.0521061E-07  2.1056857E-04  2.1056857E-04
  1.9379191E+01  5.4032699E-07  5.4032699E-07  1.9679591E-04  1.9679591E-04
  1.9508619E+01  4.8203292E-07  4.8203292E-07  1.8384168E-04  1.8384168E-04
  1.9638911E+01  4.2969914E-07  4.2969914E-07  1.7166272E-04  1.7166272E-04
  1.9770073E+01  3.8275232E-07  3.8275232E-07  1.6021783E-04  1.6021783E-04
  1.9902111E+01  3.4067052E-07  3.4067052E-07  1.4946768E-04  1.4946768E-04
  2.0035031E+01  3.0297893E-07  3.0297893E-07  1.3937472E-04  1.3937472E-04
  2.0168839E+01  2.6924600E-07  2.6924600E-07  1.2990316E-04  1.2990316E-04
  2.0303540E+01  2.3907974E-07  2.3907974E-07  1.2101887E-04  1.2101887E-04
  2.0439141E+01  2.1212446E-07  2.1212446E-07  1.1268934E-04  1.1268934E-04
  2.0575648E+01  1.8805759E-07  1.8805759E-07  1.0488361E-04  1.0488361E-04
  2.0713066E+01  1.6658691E-07  1.6658691E-07  9.7572201E-05  9.7572201E-05
  2.0851402E+01  1.4744786E-07  1.4744786E-07  9.0727081E-05  9.0727081E-05
  2.0990662E+01  1.3040111E-07  1.3040111E-07  8.4321587E-05  8.4321587E-05
  2.1130852E+01  1.1523039E-07  1.1523039E-07  7.8330379E-05  7.8330379E-05
  2.1271979E+01  1.0174037E-07  1.0174037E-07  7.2729387E-05  7.2729387E-05
  2.1414047E+01  8.9754826E-08  8.9754826E-08  6.7495759E-05  6.7495759E-05
  2.1557065E+01  7.9114863E-08  7.9114863E-08  6.2607808E-05  6.2607808E-05
  2.1701038E+01  6.9677369E-08  6.9677369E-08  5.8044966E-05  5.8044966E-05
  2.1845972E+01  6.1313537E-08  6.1313537E-08  5.3787733E-05  5.3787733E-05
  2.1991875E+01  5.3907541E-08  5.3907541E-08  4.9817635E-05  4.9817635E-05
  2.2138751E+01  4.7355316E-08  4.7355316E-08  4.6117179E-05  4.6117179E-05
  2.2286609E+01  4.1563446E-08  4.1563446E-08  4.2669804E-05  4.2669804E-05
  2.2435454E+01  3.6448148E-08  3.6448148E-08  3.9459846E-05  3.9459846E-05
  2.2585293E+01  3.1934343E-08  3.1934343E-08  3.6472496E-05  3.6472496E-05
  2.2736133E+01  2.7954811E-08  2.7954811E-08  3.3693757E-05  3.3693757E-05
  2.2887981E+01  2.4449426E-08  2.4449426E-08  3.1110413E-05  3.1110413E-05
  2.3040842E+01  2.1364450E-08  2.1364450E-08  2.8709986E-05  2.8709986E-05
  2.3194725E+01  1.8651904E-08  1.8651904E-08  2.6480703E-05  2.6480703E-05
  2.3349635E+01  1.6268983E-08  1.6268983E-08  2.4411466E-05  2.4411466E-05
  2.3505580E+01  1.4177537E-08  1.4177537E-08  2.2491814E-05  2.2491814E-05
  2.3662566E+01  1.2343597E-08  1.2343597E-08  2.0711894E-05  2.0711894E-05
  2.3820601E+01  1.0736940E-08  1.0736940E-08  1.9062432E-05  1.9062432E-05
  2.3979691E+01  9.3307075E-09  9.3307075E-09  1.7534701E-05  1.7534701E-05
  2.4139844E+01  8.1010466E-09  8.1010466E-09  1.6120497E-05  1.6120497E-05
  2.4301066E+01  7.0267985E-09  7.0267985E-09  1.4812109E-05  1.4812109E-05
  2.4463365E+01  6.0892101E-09  6.0892101E-09  1.3602293E-05  1.3602293E-05
  2.4626748E+01  5.2716767E-09  5.2716767E-09  1.2484252E-05  1.2484252E-05
  2.4791222E+01  4.5595099E-09  4.5595099E-09  1.1451608E-05  1.1451608E-05
  2.4956794E+01  3.9397291E-09  3.9397291E-09  1.0498380E-05  1.0498380E-05
  2.5123473E+01  3.4008741E-09  3.4008741E-09  9.6189647E-06  9.6189647E-06
  2.5291264E+01  2.9328370E-09  2.9328370E-09  8.8081144E-06  8.8081144E-06
  2.5460177E+01  2.5267114E-09  2.5267114E-09  8.0609169E-06  8.0609169E-06
  2.5630217E+01  2.1746573E-09  2.1746573E-09  7.3727777E-06  7.3727777E-06
  2.5801393E+01  1.8697805E-09  1.8697805E-09  6.7394014E-06  6.7394014E-06
  2.5973712E+01  1.6060243E-09  1.6060243E-09  6.1567750E-06  6.1567750E-06
  2.6147182E+01  1.3780735E-09  1.3780735E-09  5.6211516E-06  5.6211516E-06
  2.6321811E+01  1.1812682E-09  1.1812682E-09  5.1290345E-06  5.1290345E-06
  2.6497606E+01  1.0115271E-09  1.0115271E-09  4.6771629E-06  4.6771629E-06
  2.6674574E+01  8.6527956E-10  8.6527956E-10  4.2624979E-06  4.2624979E-06
  2.6852725E+01  7.3940482E-10  7.3940482E-10  3.8822087E-06  3.8822087E-06
  2.7032066E+01  6.3117821E-10  6.3117821E-10  3.5336604E-06  3.5336604E-06
  2.7212604E+01  5.3822340E-10  5.3822340E-10  3.2144019E-06  3.2144019E-06
  2.7394348E+01  4.5847002E-10  4.5847002E-10  2.9221544E-06  2.9221544E-06
  2.7577306E+01  3.9011623E-10  3.9011623E-10  2.6548008E-06  2.6548008E-06
  2.7761486E+01  3.3159555E-10  3.3159555E-10  2.4103754E-06  2.4103754E-06
  2.7946896E+01  2.8154763E-10  2.8154763E-10  2.1870541E-06  2.1870541E-06
  2.8133544E+01  2.3879233E-10  2.3879233E-10  1.9831456E-06  1.9831456E-06
  2.8321439E+01  2.0230707E-10  2.0230707E-10  1.7970827E-06  1.7970827E-06
  2.8510589E+01  1.7120669E-10  1.7120669E-10  1.6274137E-06  1.6274137E-06
  2.8701002E+01  1.4472587E-10  1.4472587E-10  1.4727955E-06  1.4727955E-06
  2.8892686E+01  1.2220364E-10  1.2220364E-10  1.3319857E-06  1.3319857E-06
  2.9085651E+01  1.0306980E-10  1.0306980E-10  1.2038364E-06  1.2038364E-06
  2.9279905E+01  8.6832959E-11  8.6832959E-11  1.0872865E-06  1.0872865E-06
  2.9475456E+01  7.3070247E-11  7.3070247E-11  9.8135803E-07  9.8135803E-07
  2.9672313E+01  6.1418025E-11  6.1418025E-11  8.8514766E-07  8.8514766E-07
  2.9870484E+01  5.1564078E-11  5.1564078E-11  7.9782376E-07  7.9782376E-07
  3.0069979E+01  4.3240574E-11  4.3240574E-11  7.1861983E-07  7.1861983E-07
  3.0270807E+01  3.6218047E-11  3.6218047E-11  6.4683037E-07  6.4683037E-07
  3.0472976E+01  3.0300135E-11  3.0300135E-11  5.8180646E-07  5.8180646E-07
  3.0676495E+01  2.5319004E-11  2.5319004E-11  5.2295167E-07  5.2295167E-07
  3.0881373E+01  2.1131373E-11  2.1131373E-11  4.6971820E-07  4.6971820E-07
  3.1087620E+01  1.7615070E-11  1.7615070E-11  4.2160328E-07  4.2160328E-07
  3.1295244E+01  1.4666049E-11  1.4666049E-11  3.7814577E-07  3.7814577E-07
  3.1504254E+01  1.2195803E-11  1.2195803E-11  3.3892304E-07  3.3892304E-07
  3.1714661E+01  1.0129142E-11  1.0129142E-11  3.0354803E-07  3.0354803E-07
  3.1926472E+01  8.4022649E-12  8.4022649E-12  2.7166652E-07  2.7166652E-07
  3.2139699E+01  6.9611003E-12  6.9611003E-12  2.4295455E-07  2.4295455E-07
  3.2354349E+01  5.7598824E-12  5.7598824E-12  2.1711611E-07  2.1711611E-07
  3.2570433E+01  4.7599228E-12  4.7599228E-12  1.9388088E-07  1.9388088E-07
  3.2787960E+01  3.9285573E-12  3.9285573E-12  1.7300221E-07  1.7300221E-07
  3.3006940E+01  3.2382434E-12  3.2382434E-12  1.5425523E-07  1.5425523E-07
  3.3227383E+01  2.6657865E-12  2.6657865E-12  1.3743504E-07  1.3743504E-07
  3.3449298E+01  2.1916792E-12  2.1916792E-12  1.2235514E-07  1.2235514E-07
  3.3672694E+01  1.7995362E-12  1.7995362E-12  1.0884584E-07  1.0884584E-07
  3.3897583E+01  1.4756126E-12  1.4756126E-12  9.6752932E-08  9.6752932E-08
  3.4123974E+01  1.2083939E-12  1.2083939E-12  8.5936332E-08  8.5936332E-08
  3.4351877E+01  9.8824627E-13  9.8824627E-13  7.6268920E-08  7.6268920E-08
  3.4581301E+01  8.0712075E-13  8.0712075E-13  6.7635422E-08  6.7635422E-08
  3.4812258E+01  6.5830112E-13  6.5830112E-13  5.9931385E-08  5.9931385E-08
  3.5044758E+01  5.3619100E-13  5.3619100E-13  5.3062244E-08  5.3062244E-08
  3.5278810E+01  4.3613340E-13  4.3613340E-13  4.6942450E-08  4.6942450E-08
  3.5514426E+01  3.5425833E-13  3.5425833E-13  4.1494676E-08  4.1494676E-08
  3.5751615E+01  2.8735409E-13  2.8735409E-13  3.6649083E-08  3.6649083E-08
  3.5990388E+01  2.3275958E-13  2.3275958E-13  3.2342648E-08  3.2342648E-08
  3.6230756E+01  1.8827236E-13  1.8827236E-13  2.8518545E-08  2.8518545E-08
  3.6472729E+01  1.5207237E-13  1.5207237E-13  2.5125578E-08  2.5125578E-08
  3.6716318E+01  1.2265767E-13  1.2265767E-13  2.2117662E-08  2.2117662E-08
  3.6961534E+01  9.8790586E-14  9.8790586E-14  1.9453350E-08  1.9453350E-08
  3.7208388E+01  7.9452717E-14  7.9452717E-14  1.7095394E-08  1.7095394E-08
  3.7456890E+01  6.3807259E-14  6.3807259E-14  1.5010353E-08  1.5010353E-08
  3.7707052E+01  5.1167634E-14  5.1167634E-14  1.3168225E-08  1.3168225E-08
  3.7958885E+01  4.0971348E-14  4.0971348E-14  1.1542121E-08  1.1542121E-08
  3.8212400E+01  3.2758240E-14  3.2758240E-14  1.0107960E-08  1.0107960E-08
  3.8467608E+01  2.6152424E-14  2.6152424E-14  8.8441964E-09  8.8441964E-09
  3.8724520E+01  2.0847313E-14  2.0847313E-14  7.7315687E-09  7.7315687E-09
  3.8983148E+01  1.6593218E-14  1.6593218E-14  6.7528742E-09  6.7528742E-09
  3.9243504E+01  1.3187095E-14  1.3187095E-14  5.8927619E-09  5.8927619E-09
  3.9505598E+01  1.0464085E-14  1.0464085E-14  5.1375458E-09  5.1375458E-09
  3.9769442E+01  8.2905333E-15  8.2905333E-15  4.4750352E-09  4.4750352E-09
  4.0035049E+01  6.5582555E-15  6.5582555E-15  3.8943815E-09  3.8943815E-09
  4.0302430E+01  5.1798160E-15  5.1798160E-15  3.3859391E-09  3.3859391E-09
  4.0571596E+01  4.0846600E-15  4.0846600E-15  2.9411401E-09  2.9411401E-09
  4.0842560E+01  3.2159443E-15  3.2159443E-15  2.5523809E-09  2.5523809E-09
  4.1115334E+01  2.5279445E-15  2.5279445E-15  2.2129201E-09  2.2129201E-09
  4.1389930E+01  1.9839391E-15  1.9839391E-15  1.9167865E-09  1.9167865E-09
  4.1666359E+01  1.5544840E-15  1.5544840E-15  1.6586957E-09  1.6586957E-09
  4.1944635E+01  1.2160085E-15  1.2160085E-15  1.4339760E-09  1.4339760E-09
  4.2224769E+01  9.4967418E-16  9.4967418E-16  1.2385012E-09  1.2385012E-09
  4.2506774E+01  7.4044978E-16  7.4044978E-16  1.0686305E-09  1.0686305E-09
  4.2790662E+01  5.7636120E-16  5.7636120E-16  9.2115436E-10  9.2115436E-10
  4.3076447E+01  4.4788569E-16  4.4788569E-16  7.9324647E-10  7.9324647E-10
  4.3364140E+01  3.4746264E-16  3.4746264E-16  6.8242022E-10  6.8242022E-10
  4.3653754E+01  2.6909933E-16  2.6909933E-16  5.8649017E-10  5.8649017E-10
  4.3945303E+01  2.0805387E-16  2.0805387E-16  5.0353745E-10  5.0353745E-10
  4.4238799E+01  1.6058046E-16  1.6058046E-16  4.3187898E-10  4.3187898E-10
  4.4534255E+01  1.2372524E-16  1.2372524E-16  3.7004000E-10  3.7004000E-10
  4.4831684E+01  9.5162892E-17  9.5162892E-17  3.1672957E-10  3.1672957E-10
  4.5131100E+01  7.3066048E-17  7.3066048E-17  2.7081884E-10  2.7081884E-10
  4.5432515E+01  5.6001180E-17  5.6001180E-17  2.3132176E-10  2.3132176E-10
  4.5735943E+01  4.2845694E-17  4.2845694E-17  1.9737783E-10  1.9737783E-10
  4.6041398E+01  3.2722048E-17  3.2722048E-17  1.6823700E-10  1.6823700E-10
  4.6348893E+01  2.4945482E-17  2.4945482E-17  1.4324610E-10  1.4324610E-10
  4.6658442E+01  1.8982621E-17  1.8982621E-17  1.2183700E-10  1.2183700E-10
  4.6970058E+01  1.4418766E-17  1.4418766E-17  1.0351601E-10  1.0351601E-10
  4.7283755E+01  1.0932069E-17  1.0932069E-17  8.7854637E-11  8.7854637E-11
  4.7599547E+01  8.2732015E-18  8.2732015E-18  7.4481347E-11  7.4481347E-11
  4.7917448E+01  6.2493736E-18  6.2493736E-18  6.3074358E-11  6.3074358E-11
  4.8237473E+01  4.7117866E-18  4.7117866E-18  5.3355286E-11  5.3355286E-11
  4.8559634E+01  3.5458106E-18  3.5458106E-18  4.5083554E-11  4.5083554E-11
  4.8883948E+01  2.6633042E-18  2.6633042E-18  3.8051490E-11  3.8051490E-11
  4.9210427E+01  1.9966219E-18  1.9966219E-18  3.2080029E-11  3.2080029E-11
  4.9539087E+01  1.4939469E-18  1.4939469E-18  2.7014948E-11  2.7014948E-11
  4.9869942E+01  1.1156634E-18  1.1156634E-18  2.2723566E-11  2.2723566E-11
  5.0203006E+01  8.3154215E-19  8.3154215E-19  1.9091871E-11  1.9091871E-11
  5.0538295E+01  6.1856131E-19  6.1856131E-19  1.6022003E-11  1.6022003E-11
  5.0875823E+01  4.5922227E-19  4.5922227E-19  1.3430062E-11  1.3430062E-11
  5.1215605E+01  3.4025076E-19  3.4025076E-19  1.1244206E-11  1.1244206E-11
  5.1557657E+01  2.5159700E-19  2.5159700E-19  9.4029838E-12  9.4029838E-12
  5.1901993E+01  1.8566764E-19  1.8566764E-19  7.8538978E-12  7.8538978E-12
  5.2248629E+01  1.3673682E-19  1.3673682E-19  6.5521528E-12  6.5521528E-12
  5.2597579E+01  1.0049557E-19  1.0049557E-19  5.4595709E-12  5.4595709E-12
  5.2948861E+01  7.3708070E-20  7.3708070E-20  4.5436536E-12  4.5436536E-12
  5.3302488E+01  5.3949060E-20  5.3949060E-20  3.7767706E-12  3.7767706E-12
  5.3658477E+01  3.9404646E-20  3.9404646E-20  3.1354590E-12  3.1354590E-12
  5.4016844E+01  2.8721006E-20  2.8721006E-20  2.5998194E-12  2.5998194E-12
  5.4377604E+01  2.0889806E-20  2.0889806E-20  2.1529958E-12  2.1529958E-12
  5.4740774E+01  1.5161621E-20  1.5161621E-20  1.7807276E-12  1.7807276E-12
  5.5106368E+01  1.0980626E-20  1.0980626E-20  1.4709654E-12  1.4709654E-12
  5.5474405E+01  7.9354691E-21  7.9354691E-21  1.2135409E-12  1.2135409E-12
  5.5844900E+01  5.7223696E-21  5.7223696E-21  9.9988408E-13  9.9988408E-13
  5.6217869E+01  4.1174723E-21  4.1174723E-21  8.2278135E-13  8.2278135E-13
  5.6593329E+01  2.9561783E-21  2.9561783E-21  6.7616866E-13  6.7616866E-13
  5.6971296E+01  2.1177238E-21  2.1177238E-21  5.5495486E-13  5.5495486E-13
  5.7351788E+01  1.5137019E-21  1.5137019E-21  4.5487127E-13  4.5487127E-13
  5.7734821E+01  1.0795363E-21  1.0795363E-21  3.7234348E-13  3.7234348E-13
  5.8120412E+01  7.6816323E-22  7.6816323E-22  3.0438241E-13  3.0438241E-13
  5.8508578E+01  5.4535911E-22  5.4535911E-22  2.4849178E-13  2.4849178E-13
  5.8899337E+01  3.8629387E-22  3.8629387E-22  2.0258966E-13  2.0258966E-13
  5.9292706E+01  2.7299369E-22  2.7299369E-22  1.6494204E-13  1.6494204E-13
  5.9688701E+01  1.9247763E-22  1.9247763E-22  1.3410665E-13  1.3410665E-13
  6.0087342E+01  1.3539233E-22  1.3539233E-22  1.0888545E-13  1.0888545E-13
  6.0488644E+01  9.5013906E-23  9.5013906E-23  8.8284864E-14  8.8284864E-14
  6.0892627E+01  6.6520087E-23  6.6520087E-23  7.1481804E-14  7.1481804E-14
  6.1299308E+01  4.6460523E-23  4.6460523E-23  5.7795435E-14  5.7795435E-14
  6.1708705E+01  3.2372341E-23  3.2372341E-23  4.6663387E-14  4.6663387E-14
  6.2120837E+01  2.2501728E-23  2.2501728E-23  3.7621798E-14  3.7621798E-14
  6.2535720E+01  1.5602795E-23  1.5602795E-23  3.0288605E-14  3.0288605E-14
  6.2953375E+01  1.0792613E-23  1.0792613E-23  2.4349567E-14  2.4349567E-14
  6.3373819E+01  7.4470009E-24  7.4470009E-24  1.9546602E-14  1.9546602E-14
  6.3797071E+01  5.1257761E-24  5.1257761E-24  1.5668056E-14  1.5668056E-14
  6.4223150E+01  3.5192821E-24  3.5192821E-24  1.2540607E-14  1.2540607E-14
  6.4652074E+01  2.4102245E-24  2.4102245E-24  1.0022528E-14  1.0022528E-14
  6.5083863E+01  1.6465033E-24  1.6465033E-24  7.9981021E-15  7.9981021E-15
  6.5518536E+01  1.1219203E-24  1.1219203E-24  6.3729902E-15  6.3729902E-15
  6.5956112E+01  7.6251495E-25  7.6251495E-25  5.0703953E-15  5.0703953E-15
  6.6396610E+01  5.1690911E-25  5.1690911E-25  4.0278960E-15  4.0278960E-15
  6.6840050E+01  3.4950386E-25  3.4950386E-25  3.1948326E-15  3.1948326E-15
  6.7286452E+01  2.3569708E-25  2.3569708E-25  2.5301538E-15  2.5301538E-15
  6.7735835E+01  1.5853065E-25  1.5853065E-25  2.0006459E-15  2.0006459E-15
  6.8188219E+01  1.0634608E-25  1.0634608E-25  1.5794777E-15  1.5794777E-15
  6.8643625E+01  7.1149385E-26  7.1149385E-26  1.2450081E-15  1.2450081E-15
  6.9102072E+01  4.7473860E-26  4.7473860E-26  9.7980957E-16  9.7980957E-16
  6.9563581E+01  3.1591034E-26  3.1591034E-26  7.6987002E-16  7.6987002E-16
  7.0028172E+01  2.0964822E-26  2.0964822E-26  6.0394130E-16  6.0394130E-16
  7.0495866E+01  1.3874861E-26  1.3874861E-26  4.7300852E-16  4.7300852E-16
  7.0966683E+01  9.1573168E-27  9.1573168E-27  3.6985834E-16  3.6985834E-16
  7.1440645E+01  6.0270016E-27  6.0270016E-27  2.8872831E-16  2.8872831E-16
  7.1917773E+01  3.9556731E-27  3.9556731E-27  2.2502256E-16  2.2502256E-16
  7.2398087E+01  2.5889125E-27  2.5889125E-27  1.7508169E-16  1.7508169E-16
  7.2881609E+01  1.6896005E-27  1.6896005E-27  1.3599676E-16  1.3599676E-16
  7.3368360E+01  1.0995428E-27  1.0995428E-27  1.0545928E-16  1.0545928E-16
  7.3858362E+01  7.1349908E-28  7.1349908E-28  8.1640314E-17  8.1640314E-17
  7.4351636E+01  4.6165705E-28  4.6165705E-28  6.3093326E-17  6.3093326E-17
  7.4848205E+01  2.9783923E-28  2.9783923E-28  4.8676179E-17  4.8676179E-17
  7.5348090E+01  1.9158974E-28  1.9158974E-28  3.7488618E-17  3.7488618E-17
  7.5851314E+01  1.2288021E-28  1.2288021E-28  2.8822280E-17  2.8822280E-17
  7.6357899E+01  7.8578272E-29  7.8578272E-29  2.2120746E-17  2.2120746E-17
  7.6867867E+01  5.0098548E-29  5.0098548E-29  1.6947778E-17  1.6947778E-17
  7.7381241E+01  3.1844963E-29  3.1844963E-29  1.2961737E-17  1.2961737E-17
  7.7898043E+01  2.0181024E-29  2.0181024E-29  9.8961579E-18  9.8961579E-18
  7.8418297E+01  1.2751354E-29  1.2751354E-29  7.5422423E-18  7.5422423E-18
  7.8942026E+01  8.0322600E-30  8.0322600E-30  5.7378142E-18  5.7378142E-18
  7.9469252E+01  5.0440421E-30  5.0440421E-30  4.3571185E-18  4.3571185E-18
  8.0000000E+01  3.1576949E-30  3.1576949E-30  3.3025839E-18  3.3025839E-18
