 r   rveffall       rveffpseudo         rveffKresse
  0.0000000E+00 -1.00000000000000000E+02  0.00000000000000000E+00  0.00000000000000000E+00
  8.8911955E-07 -9.99996944829170928E+01 -3.03229031118018240E-06  0.00000000000000000E+00
  1.7841772E-06 -9.99993742032638266E+01 -6.08483220529940963E-06  0.00000000000000000E+00
  2.6852126E-06 -9.99990494676507637E+01 -9.15776093543828203E-06  0.00000000000000000E+00
  3.5922658E-06 -9.99987222596485736E+01 -1.22512126579838095E-05  0.00000000000000000E+00
  4.5053768E-06 -9.99983957554792511E+01 -1.53653244386632446E-05  0.00000000000000000E+00
  5.4245861E-06 -9.99980709854847163E+01 -1.85002342586163460E-05  0.00000000000000000E+00
  6.3499346E-06 -9.99977490763117345E+01 -2.16560810205097701E-05  0.00000000000000000E+00
  7.2814630E-06 -9.99974316591034835E+01 -2.48330045546912774E-05  0.00000000000000000E+00
  8.2192129E-06 -9.99971198082530037E+01 -2.80311456253853092E-05  0.00000000000000000E+00
  9.1632256E-06 -9.99968146655303940E+01 -3.12506459369305242E-05  0.00000000000000000E+00
  1.0113543E-05 -9.99965173999609220E+01 -3.44916481400576007E-05  0.00000000000000000E+00
  1.1070207E-05 -9.99962290664597475E+01 -3.77542958382108941E-05  0.00000000000000000E+00
  1.2033261E-05 -9.99959507314374036E+01 -4.10387335939102165E-05  0.00000000000000000E+00
  1.3002746E-05 -9.99956834327557402E+01 -4.43451069351571368E-05  0.00000000000000000E+00
  1.3978707E-05 -9.99954281790166277E+01 -4.76735623618824395E-05  0.00000000000000000E+00
  1.4961185E-05 -9.99951859545840591E+01 -5.10242473524373248E-05  0.00000000000000000E+00
  1.5950225E-05 -9.99949577171311432E+01 -5.43973103701282673E-05  0.00000000000000000E+00
  1.6945870E-05 -9.99947443965174614E+01 -5.77929008697950132E-05  0.00000000000000000E+00
  1.7948165E-05 -9.99945468934201784E+01 -6.12111693044325550E-05  0.00000000000000000E+00
  1.8957154E-05 -9.99943660776401515E+01 -6.46522671318574502E-05  0.00000000000000000E+00
  1.9972882E-05 -9.99942027863140055E+01 -6.81163468214191821E-05  0.00000000000000000E+00
  2.0995393E-05 -9.99940578220388545E+01 -7.16035618607547251E-05  0.00000000000000000E+00
  2.2024733E-05 -9.99939319509450826E+01 -7.51140667625907623E-05  0.00000000000000000E+00
  2.3060948E-05 -9.99938259007482344E+01 -7.86480170715884563E-05  0.00000000000000000E+00
  2.4104084E-05 -9.99937403588037768E+01 -8.22055693712363191E-05  0.00000000000000000E+00
  2.5154186E-05 -9.99936759701858477E+01 -8.57868812907880082E-05  0.00000000000000000E+00
  2.6211301E-05 -9.99936333358082265E+01 -8.93921115122463776E-05  0.00000000000000000E+00
  2.7275476E-05 -9.99936130106036671E+01 -9.30214197773943254E-05  0.00000000000000000E+00
  2.8346759E-05 -9.99936155017762900E+01 -9.66749668948732518E-05  0.00000000000000000E+00
  2.9425197E-05 -9.99936412671405037E+01 -1.00352914747307500E-04  0.00000000000000000E+00
  3.0510836E-05 -9.99936907135579105E+01 -1.04055426298477766E-04  0.00000000000000000E+00
  3.1603727E-05 -9.99937641954836494E+01 -1.07782665600541093E-04  0.00000000000000000E+00
  3.2703917E-05 -9.99938620136323237E+01 -1.11534797801300466E-04  0.00000000000000000E+00
  3.3811454E-05 -9.99939844137715426E+01 -1.15311989151521536E-04  0.00000000000000000E+00
  3.4926388E-05 -9.99941315856526671E+01 -1.19114407012299378E-04  0.00000000000000000E+00
  3.6048768E-05 -9.99943036620854286E+01 -1.22942219862473838E-04  0.00000000000000000E+00
  3.7178645E-05 -9.99945007181622003E+01 -1.26795597306094500E-04  0.00000000000000000E+00
  3.8316067E-05 -9.99947227706384609E+01 -1.30674710079935663E-04  0.00000000000000000E+00
  3.9461086E-05 -9.99949697774740258E+01 -1.34579730061061260E-04  0.00000000000000000E+00
  4.0613752E-05 -9.99952416375386264E+01 -1.38510830274440698E-04  0.00000000000000000E+00
  4.1774116E-05 -9.99955381904843108E+01 -1.42468184900614790E-04  0.00000000000000000E+00
  4.2942230E-05 -9.99958592167877072E+01 -1.46451969283414082E-04  0.00000000000000000E+00
  4.4118146E-05 -9.99962044379635984E+01 -1.50462359937727380E-04  0.00000000000000000E+00
  4.5301915E-05 -9.99965735169489136E+01 -1.54499534557323454E-04  0.00000000000000000E+00
  4.6493589E-05 -9.99969660586566533E+01 -1.58563672022723920E-04  0.00000000000000000E+00
  4.7693223E-05 -9.99973816107003586E+01 -1.62654952409129052E-04  0.00000000000000000E+00
  4.8900869E-05 -9.99978196642860695E+01 -1.66773556994397108E-04  0.00000000000000000E+00
  5.0116580E-05 -9.99982796552661597E+01 -1.70919668267076070E-04  0.00000000000000000E+00
  5.1340410E-05 -9.99987609653543359E+01 -1.75093469934489325E-04  0.00000000000000000E+00
  5.2572414E-05 -9.99992629234989892E+01 -1.79295146930875666E-04  0.00000000000000000E+00
  5.3812646E-05 -9.99997848074037279E+01 -1.83524885425583533E-04  0.00000000000000000E+00
  5.5061161E-05 -1.00000325845193132E+02 -1.87782872831319345E-04  0.00000000000000000E+00
  5.6318014E-05 -1.00000885217219036E+02 -1.92069297812452034E-04  0.00000000000000000E+00
  5.7583261E-05 -1.00001462057994061E+02 -1.96384350293371995E-04  0.00000000000000000E+00
  5.8856959E-05 -1.00002055458249785E+02 -2.00728221466906479E-04  0.00000000000000000E+00
  6.0139163E-05 -1.00002664467111231E+02 -2.05101103802791111E-04  0.00000000000000000E+00
  6.1429931E-05 -1.00003288094375932E+02 -2.09503191056197952E-04  0.00000000000000000E+00
  6.2729319E-05 -1.00003925312887148E+02 -2.13934678276320054E-04  0.00000000000000000E+00
  6.4037385E-05 -1.00004575061000025E+02 -2.18395761815014065E-04  0.00000000000000000E+00
  6.5354187E-05 -1.00005236245123555E+02 -2.22886639335500604E-04  0.00000000000000000E+00
  6.6679784E-05 -1.00005907742325391E+02 -2.27407509821121490E-04  0.00000000000000000E+00
  6.8014234E-05 -1.00006588403002283E+02 -2.31958573584157049E-04  0.00000000000000000E+00
  6.9357596E-05 -1.00007277053593214E+02 -2.36540032274701692E-04  0.00000000000000000E+00
  7.0709930E-05 -1.00007972499327295E+02 -2.41152088889598167E-04  0.00000000000000000E+00
  7.2071296E-05 -1.00008673527006152E+02 -2.45794947781432084E-04  0.00000000000000000E+00
  7.3441754E-05 -1.00009378907793632E+02 -2.50468814667586864E-04  0.00000000000000000E+00
  7.4821365E-05 -1.00010087400017795E+02 -2.55173896639358658E-04  0.00000000000000000E+00
  7.6210190E-05 -1.00010797751970273E+02 -2.59910402171131599E-04  0.00000000000000000E+00
  7.7608290E-05 -1.00011508704681432E+02 -2.64678541129615688E-04  0.00000000000000000E+00
  7.9015728E-05 -1.00012218994691835E+02 -2.69478524783145078E-04  0.00000000000000000E+00
  8.0432565E-05 -1.00012927356775080E+02 -2.74310565811039509E-04  0.00000000000000000E+00
  8.1858865E-05 -1.00013632526617869E+02 -2.79174878313027215E-04  0.00000000000000000E+00
  8.3294690E-05 -1.00014333243472322E+02 -2.84071677818731859E-04  0.00000000000000000E+00
  8.4740105E-05 -1.00015028252727475E+02 -2.89001181297222020E-04  0.00000000000000000E+00
  8.6195174E-05 -1.00015716308421858E+02 -2.93963607166624437E-04  0.00000000000000000E+00
  8.7659960E-05 -1.00016396175695874E+02 -2.98959175303802679E-04  0.00000000000000000E+00
  8.9134529E-05 -1.00017066633146939E+02 -3.03988107054098107E-04  0.00000000000000000E+00
  9.0618946E-05 -1.00017726475112696E+02 -3.09050625241138598E-04  0.00000000000000000E+00
  9.2113278E-05 -1.00018374513860422E+02 -3.14146954176710961E-04  0.00000000000000000E+00
  9.3617589E-05 -1.00019009581673032E+02 -3.19277319670699497E-04  0.00000000000000000E+00
  9.5131947E-05 -1.00019630532849590E+02 -3.24441949041091935E-04  0.00000000000000000E+00
  9.6656419E-05 -1.00020236245587355E+02 -3.29641071124050806E-04  0.00000000000000000E+00
  9.8191072E-05 -1.00020825623761326E+02 -3.34874916284053222E-04  0.00000000000000000E+00
  9.9735974E-05 -1.00021397598597829E+02 -3.40143716424098159E-04  0.00000000000000000E+00
  1.0129119E-04 -1.00021951130225773E+02 -3.45447704995980622E-04  0.00000000000000000E+00
  1.0285680E-04 -1.00022485209122678E+02 -3.50787117010636885E-04  0.00000000000000000E+00
  1.0443287E-04 -1.00022998857433976E+02 -3.56162189048556523E-04  0.00000000000000000E+00
  1.0601945E-04 -1.00023491130183587E+02 -3.61573159270264961E-04  0.00000000000000000E+00
  1.0761664E-04 -1.00023961116370586E+02 -3.67020267426876399E-04  0.00000000000000000E+00
  1.0922449E-04 -1.00024407939928523E+02 -3.72503754870716168E-04  0.00000000000000000E+00
  1.1084308E-04 -1.00024830760597283E+02 -3.78023864566015306E-04  0.00000000000000000E+00
  1.1247248E-04 -1.00025228774660718E+02 -3.83580841099675162E-04  0.00000000000000000E+00
  1.1411277E-04 -1.00025601215560457E+02 -3.89174930692105466E-04  0.00000000000000000E+00
  1.1576401E-04 -1.00025947354430969E+02 -3.94806381208132810E-04  0.00000000000000000E+00
  1.1742627E-04 -1.00026266500498849E+02 -4.00475442167984590E-04  0.00000000000000000E+00
  1.1909964E-04 -1.00026558001375520E+02 -4.06182364758343316E-04  0.00000000000000000E+00
  1.2078418E-04 -1.00026821243253238E+02 -4.11927401843477196E-04  0.00000000000000000E+00
  1.2247998E-04 -1.00027055650995152E+02 -4.17710807976443628E-04  0.00000000000000000E+00
  1.2418710E-04 -1.00027260688137844E+02 -4.23532839410368698E-04  0.00000000000000000E+00
  1.2590562E-04 -1.00027435856787108E+02 -4.29393754109800511E-04  0.00000000000000000E+00
  1.2763562E-04 -1.00027580697421584E+02 -4.35293811762139558E-04  0.00000000000000000E+00
  1.2937717E-04 -1.00027694788618987E+02 -4.41233273789144861E-04  0.00000000000000000E+00
  1.3113035E-04 -1.00027777746697183E+02 -4.47212403358517540E-04  0.00000000000000000E+00
  1.3289524E-04 -1.00027829225285188E+02 -4.53231465395560588E-04  0.00000000000000000E+00
  1.3467192E-04 -1.00027848914797644E+02 -4.59290726594918024E-04  0.00000000000000000E+00
  1.3646047E-04 -1.00027836541849950E+02 -4.65390455432390681E-04  0.00000000000000000E+00
  1.3826096E-04 -1.00027791868639412E+02 -4.71530922176833167E-04  0.00000000000000000E+00
  1.4007347E-04 -1.00027714692217430E+02 -4.77712398902128217E-04  0.00000000000000000E+00
  1.4189809E-04 -1.00027604843723680E+02 -4.83935159499241838E-04  0.00000000000000000E+00
  1.4373490E-04 -1.00027462187593898E+02 -4.90199479688358886E-04  0.00000000000000000E+00
  1.4558397E-04 -1.00027286620690688E+02 -4.96505637031100454E-04  0.00000000000000000E+00
  1.4744540E-04 -1.00027078071394286E+02 -5.02853910942821221E-04  0.00000000000000000E+00
  1.4931925E-04 -1.00026836498672964E+02 -5.09244582704990222E-04  0.00000000000000000E+00
  1.5120562E-04 -1.00026561891109537E+02 -5.15677935477654192E-04  0.00000000000000000E+00
  1.5310459E-04 -1.00026254265893414E+02 -5.22154254311983407E-04  0.00000000000000000E+00
  1.5501624E-04 -1.00025913667801134E+02 -5.28673826162902208E-04  0.00000000000000000E+00
  1.5694066E-04 -1.00025540168140154E+02 -5.35236939901803546E-04  0.00000000000000000E+00
  1.5887793E-04 -1.00025133863686321E+02 -5.41843886329347992E-04  0.00000000000000000E+00
  1.6082813E-04 -1.00024694875605633E+02 -5.48494958188348500E-04  0.00000000000000000E+00
  1.6279137E-04 -1.00024223348361346E+02 -5.55190450176742023E-04  0.00000000000000000E+00
  1.6476771E-04 -1.00023719448621037E+02 -5.61930658960646556E-04  0.00000000000000000E+00
  1.6675726E-04 -1.00023183364155742E+02 -5.68715883187505462E-04  0.00000000000000000E+00
  1.6876009E-04 -1.00022615302734920E+02 -5.75546423499321462E-04  0.00000000000000000E+00
  1.7077630E-04 -1.00022015491037365E+02 -5.82422582545975734E-04  0.00000000000000000E+00
  1.7280597E-04 -1.00021384173561103E+02 -5.89344664998639163E-04  0.00000000000000000E+00
  1.7484920E-04 -1.00020721611528359E+02 -5.96312977563271209E-04  0.00000000000000000E+00
  1.7690607E-04 -1.00020028081823654E+02 -6.03327828994209290E-04  0.00000000000000000E+00
  1.7897668E-04 -1.00019303875928514E+02 -6.10389530107850655E-04  0.00000000000000000E+00
  1.8106113E-04 -1.00018549298881240E+02 -6.17498393796420781E-04  0.00000000000000000E+00
  1.8315949E-04 -1.00017764668248660E+02 -6.24654735041841290E-04  0.00000000000000000E+00
  1.8527186E-04 -1.00016950313103592E+02 -6.31858870929682763E-04  0.00000000000000000E+00
  1.8739835E-04 -1.00016106573058977E+02 -6.39111120663216547E-04  0.00000000000000000E+00
  1.8953903E-04 -1.00015233797292638E+02 -6.46411805577556649E-04  0.00000000000000000E+00
  1.9169402E-04 -1.00014332343589828E+02 -6.53761249153898133E-04  0.00000000000000000E+00
  1.9386339E-04 -1.00013402577445575E+02 -6.61159777033849946E-04  0.00000000000000000E+00
  1.9604726E-04 -1.00012444871161890E+02 -6.68607717033863698E-04  0.00000000000000000E+00
  1.9824571E-04 -1.00011459602971087E+02 -6.76105399159757851E-04  0.00000000000000000E+00
  2.0045884E-04 -1.00010447156214923E+02 -6.83653155621341112E-04  0.00000000000000000E+00
  2.0268675E-04 -1.00009407918525412E+02 -6.91251320847130046E-04  0.00000000000000000E+00
  2.0492954E-04 -1.00008342281031204E+02 -6.98900231499169572E-04  0.00000000000000000E+00
  2.0718731E-04 -1.00007250637614490E+02 -7.06600226487947040E-04  0.00000000000000000E+00
  2.0946016E-04 -1.00006133384178014E+02 -7.14351646987411350E-04  0.00000000000000000E+00
  2.1174819E-04 -1.00004990917952682E+02 -7.22154836450087496E-04  0.00000000000000000E+00
  2.1405150E-04 -1.00003823636836643E+02 -7.30010140622296480E-04  0.00000000000000000E+00
  2.1637019E-04 -1.00002631938735504E+02 -7.37917907559472604E-04  0.00000000000000000E+00
  2.1870437E-04 -1.00001416220972871E+02 -7.45878487641587107E-04  0.00000000000000000E+00
  2.2105414E-04 -1.00000176879708164E+02 -7.53892233588670797E-04  0.00000000000000000E+00
  2.2341960E-04 -9.99989143093762181E+01 -7.61959500476445213E-04  0.00000000000000000E+00
  2.2580086E-04 -9.99976289021756060E+01 -7.70080645752052552E-04  0.00000000000000000E+00
  2.2819802E-04 -9.99963210475654165E+01 -7.78256029249894997E-04  0.00000000000000000E+00
  2.3061120E-04 -9.99949911318059890E+01 -7.86486013207578563E-04  0.00000000000000000E+00
  2.3304049E-04 -9.99936395375113989E+01 -7.94770962281962211E-04  0.00000000000000000E+00
  2.3548600E-04 -9.99922666432433687E+01 -8.03111243565315719E-04  0.00000000000000000E+00
  2.3794785E-04 -9.99908728231272619E+01 -8.11507226601584984E-04  0.00000000000000000E+00
  2.4042613E-04 -9.99894584464789062E+01 -8.19959283402765435E-04  0.00000000000000000E+00
  2.4292097E-04 -9.99880238774809555E+01 -8.28467788465385153E-04  0.00000000000000000E+00
  2.4543248E-04 -9.99865694748666698E+01 -8.37033118787099562E-04  0.00000000000000000E+00
  2.4796075E-04 -9.99850955916285642E+01 -8.45655653883392914E-04  0.00000000000000000E+00
  2.5050591E-04 -9.99836025747591890E+01 -8.54335775804396539E-04  0.00000000000000000E+00
  2.5306807E-04 -9.99820907650027806E+01 -8.63073869151814548E-04  0.00000000000000000E+00
  2.5564734E-04 -9.99805604966369970E+01 -8.71870321095966397E-04  0.00000000000000000E+00
  2.5824384E-04 -9.99790120972674146E+01 -8.80725521392941579E-04  0.00000000000000000E+00
  2.6085768E-04 -9.99774458876510010E+01 -8.89639862401867812E-04  0.00000000000000000E+00
  2.6348897E-04 -9.99758621815327757E+01 -8.98613739102297414E-04  0.00000000000000000E+00
  2.6613784E-04 -9.99742612854983719E+01 -9.07647549111706225E-04  0.00000000000000000E+00
  2.6880440E-04 -9.99726434988549499E+01 -9.16741692703113399E-04  0.00000000000000000E+00
  2.7148877E-04 -9.99710091135130909E+01 -9.25896572822814952E-04  0.00000000000000000E+00
  2.7419106E-04 -9.99693584138987035E+01 -9.35112595108238500E-04  0.00000000000000000E+00
  2.7691141E-04 -9.99676916768790988E+01 -9.44390167905916631E-04  0.00000000000000000E+00
  2.7964992E-04 -9.99660091716931447E+01 -9.53729702289578870E-04  0.00000000000000000E+00
  2.8240672E-04 -9.99643111598996086E+01 -9.63131612078366281E-04  0.00000000000000000E+00
  2.8518193E-04 -9.99625978953486083E+01 -9.72596313855167058E-04  0.00000000000000000E+00
  2.8797568E-04 -9.99608696241617167E+01 -9.82124226985074417E-04  0.00000000000000000E+00
  2.9078809E-04 -9.99591265847037391E+01 -9.91715773633968086E-04  0.00000000000000000E+00
  2.9361927E-04 -9.99573690075929733E+01 -1.00137137878721907E-03  0.00000000000000000E+00
  2.9646937E-04 -9.99555971157159178E+01 -1.01109147026852073E-03  0.00000000000000000E+00
  2.9933850E-04 -9.99538111242356848E+01 -1.02087647875884441E-03  0.00000000000000000E+00
  3.0222680E-04 -9.99520112406284227E+01 -1.03072683781552142E-03  0.00000000000000000E+00
  3.0513438E-04 -9.99501976647178623E+01 -1.04064298389145511E-03  0.00000000000000000E+00
  3.0806139E-04 -9.99483705887207492E+01 -1.05062535635445779E-03  0.00000000000000000E+00
  3.1100794E-04 -9.99465301973048099E+01 -1.06067439750671781E-03  0.00000000000000000E+00
  3.1397417E-04 -9.99446766676428382E+01 -1.07079055260439894E-03  0.00000000000000000E+00
  3.1696021E-04 -9.99428101694802251E+01 -1.08097426987736737E-03  0.00000000000000000E+00
  3.1996619E-04 -9.99409308652127208E+01 -1.09122600054905173E-03  0.00000000000000000E+00
  3.2299225E-04 -9.99390389099590095E+01 -1.10154619885643773E-03  0.00000000000000000E+00
  3.2603852E-04 -9.99371344516451643E+01 -1.11193532207019179E-03  0.00000000000000000E+00
  3.2910514E-04 -9.99352176310937494E+01 -1.12239383051492545E-03  0.00000000000000000E+00
  3.3219223E-04 -9.99332885821143861E+01 -1.13292218758958749E-03  0.00000000000000000E+00
  3.3529994E-04 -9.99313474315994625E+01 -1.14352085978799956E-03  0.00000000000000000E+00
  3.3842841E-04 -9.99293942996221460E+01 -1.15419031671952369E-03  0.00000000000000000E+00
  3.4157777E-04 -9.99274292995396678E+01 -1.16493103112987008E-03  0.00000000000000000E+00
  3.4474817E-04 -9.99254525380967067E+01 -1.17574347892204474E-03  0.00000000000000000E+00
  3.4793974E-04 -9.99234641155323118E+01 -1.18662813917743359E-03  0.00000000000000000E+00
  3.5115262E-04 -9.99214641256883311E+01 -1.19758549417703190E-03  0.00000000000000000E+00
  3.5438696E-04 -9.99194526561198160E+01 -1.20861602942281231E-03  0.00000000000000000E+00
  3.5764291E-04 -9.99174297882069027E+01 -1.21972023365923593E-03  0.00000000000000000E+00
  3.6092060E-04 -9.99153955972671923E+01 -1.23089859889490808E-03  0.00000000000000000E+00
  3.6422018E-04 -9.99133501526695653E+01 -1.24215162042437956E-03  0.00000000000000000E+00
  3.6754179E-04 -9.99112935179483515E+01 -1.25347979685008944E-03  0.00000000000000000E+00
  3.7088559E-04 -9.99092257509181536E+01 -1.26488363010445956E-03  0.00000000000000000E+00
  3.7425172E-04 -9.99071469037879325E+01 -1.27636362547213305E-03  0.00000000000000000E+00
  3.7764034E-04 -9.99050570232756741E+01 -1.28792029161236285E-03  0.00000000000000000E+00
  3.8105158E-04 -9.99029561507256147E+01 -1.29955414058154843E-03  0.00000000000000000E+00
  3.8448561E-04 -9.99008443222187026E+01 -1.31126568785592634E-03  0.00000000000000000E+00
  3.8794257E-04 -9.98987215686859287E+01 -1.32305545235440790E-03  0.00000000000000000E+00
  3.9142262E-04 -9.98965879160268031E+01 -1.33492395646157076E-03  0.00000000000000000E+00
  3.9492591E-04 -9.98944433852160643E+01 -1.34687172605080859E-03  0.00000000000000000E+00
  3.9845260E-04 -9.98922879924142535E+01 -1.35889929050762577E-03  0.00000000000000000E+00
  4.0200284E-04 -9.98901217490827804E+01 -1.37100718275309894E-03  0.00000000000000000E+00
  4.0557679E-04 -9.98879446620889837E+01 -1.38319593926748588E-03  0.00000000000000000E+00
  4.0917462E-04 -9.98857567338140058E+01 -1.39546610011399884E-03  0.00000000000000000E+00
  4.1279647E-04 -9.98835579622603831E+01 -1.40781820896272963E-03  0.00000000000000000E+00
  4.1644251E-04 -9.98813483411557286E+01 -1.42025281311474231E-03  0.00000000000000000E+00
  4.2011290E-04 -9.98791278600564141E+01 -1.43277046352632245E-03  0.00000000000000000E+00
  4.2380780E-04 -9.98768965044470178E+01 -1.44537171483338691E-03  0.00000000000000000E+00
  4.2752738E-04 -9.98746542558445469E+01 -1.45805712537606003E-03  0.00000000000000000E+00
  4.3127180E-04 -9.98724010918946590E+01 -1.47082725722341191E-03  0.00000000000000000E+00
  4.3504123E-04 -9.98701369864651269E+01 -1.48368267619836429E-03  0.00000000000000000E+00
  4.3883584E-04 -9.98678619097465941E+01 -1.49662395190275832E-03  0.00000000000000000E+00
  4.4265578E-04 -9.98655758283395159E+01 -1.50965165774259399E-03  0.00000000000000000E+00
  4.4650124E-04 -9.98632787053465449E+01 -1.52276637095343751E-03  0.00000000000000000E+00
  4.5037238E-04 -9.98609705004676869E+01 -1.53596867262599502E-03  0.00000000000000000E+00
  4.5426938E-04 -9.98586511700775645E+01 -1.54925914773186048E-03  0.00000000000000000E+00
  4.5819240E-04 -9.98563206673167940E+01 -1.56263838514943652E-03  0.00000000000000000E+00
  4.6214162E-04 -9.98539789421788981E+01 -1.57610697769002342E-03  0.00000000000000000E+00
  4.6611722E-04 -9.98516259415816592E+01 -1.58966552212408711E-03  0.00000000000000000E+00
  4.7011937E-04 -9.98492616094519292E+01 -1.60331461920769987E-03  0.00000000000000000E+00
  4.7414825E-04 -9.98468858868061204E+01 -1.61705487370916029E-03  0.00000000000000000E+00
  4.7820404E-04 -9.98444987118231495E+01 -1.63088689443578586E-03  0.00000000000000000E+00
  4.8228691E-04 -9.98421000199169839E+01 -1.64481129426089227E-03  0.00000000000000000E+00
  4.8639705E-04 -9.98396897438087478E+01 -1.65882869015094572E-03  0.00000000000000000E+00
  4.9053464E-04 -9.98372678135957301E+01 -1.67293970319290107E-03  0.00000000000000000E+00
  4.9469987E-04 -9.98348341568238169E+01 -1.68714495862171653E-03  0.00000000000000000E+00
  4.9889291E-04 -9.98323886985512132E+01 -1.70144508584806325E-03  0.00000000000000000E+00
  5.0311396E-04 -9.98299313614062669E+01 -1.71584071848620927E-03  0.00000000000000000E+00
  5.0736320E-04 -9.98274620656613791E+01 -1.73033249438209148E-03  0.00000000000000000E+00
  5.1164081E-04 -9.98249807292870059E+01 -1.74492105564158354E-03  0.00000000000000000E+00
  5.1594700E-04 -9.98224872680064408E+01 -1.75960704865893891E-03  0.00000000000000000E+00
  5.2028194E-04 -9.98199815953617247E+01 -1.77439112414543758E-03  0.00000000000000000E+00
  5.2464584E-04 -9.98174636227633982E+01 -1.78927393715821331E-03  0.00000000000000000E+00
  5.2903888E-04 -9.98149332595422436E+01 -1.80425614712927986E-03  0.00000000000000000E+00
  5.3346126E-04 -9.98123904130084014E+01 -1.81933841789474657E-03  0.00000000000000000E+00
  5.3791318E-04 -9.98098349884981246E+01 -1.83452141772423669E-03  0.00000000000000000E+00
  5.4239483E-04 -9.98072668894128725E+01 -1.84980581935048930E-03  0.00000000000000000E+00
  5.4690641E-04 -9.98046860172816963E+01 -1.86519229999917405E-03  0.00000000000000000E+00
  5.5144812E-04 -9.98020922717965959E+01 -1.88068154141889489E-03  0.00000000000000000E+00
  5.5602017E-04 -9.97994855508566303E+01 -1.89627422991139275E-03  0.00000000000000000E+00
  5.6062275E-04 -9.97968657506222314E+01 -1.91197105636196018E-03  0.00000000000000000E+00
  5.6525606E-04 -9.97942327655323567E+01 -1.92777271627004947E-03  0.00000000000000000E+00
  5.6992033E-04 -9.97915864883609913E+01 -1.94367990978008896E-03  0.00000000000000000E+00
  5.7461574E-04 -9.97889268102624527E+01 -1.95969334171250658E-03  0.00000000000000000E+00
  5.7934251E-04 -9.97862536207849757E+01 -1.97581372159495641E-03  0.00000000000000000E+00
  5.8410085E-04 -9.97835668079165998E+01 -1.99204176369375792E-03  0.00000000000000000E+00
  5.8889098E-04 -9.97808662581276877E+01 -2.00837818704554302E-03  0.00000000000000000E+00
  5.9371309E-04 -9.97781518563933503E+01 -2.02482371548911438E-03  0.00000000000000000E+00
  5.9856740E-04 -9.97754234862223797E+01 -2.04137907769751884E-03  0.00000000000000000E+00
  6.0345414E-04 -9.97726810296923929E+01 -2.05804500721033009E-03  0.00000000000000000E+00
  6.0837352E-04 -9.97699243674840375E+01 -2.07482224246615266E-03  0.00000000000000000E+00
  6.1332574E-04 -9.97671533788914928E+01 -2.09171152683534055E-03  0.00000000000000000E+00
  6.1831105E-04 -9.97643679418667659E+01 -2.10871360865293265E-03  0.00000000000000000E+00
  6.2332965E-04 -9.97615679330393590E+01 -2.12582924125180898E-03  0.00000000000000000E+00
  6.2838176E-04 -9.97587532277262170E+01 -2.14305918299607413E-03  0.00000000000000000E+00
  6.3346762E-04 -9.97559236999816221E+01 -2.16040419731465148E-03  0.00000000000000000E+00
  6.3858744E-04 -9.97530792225935556E+01 -2.17786505273511377E-03  0.00000000000000000E+00
  6.4374146E-04 -9.97502196671205894E+01 -2.19544252291773269E-03  0.00000000000000000E+00
  6.4892990E-04 -9.97473449039091093E+01 -2.21313738668975921E-03  0.00000000000000000E+00
  6.5415299E-04 -9.97444548021023252E+01 -2.23095042807993195E-03  0.00000000000000000E+00
  6.5941096E-04 -9.97415492296744333E+01 -2.24888243635321073E-03  0.00000000000000000E+00
  6.6470405E-04 -9.97386280534320804E+01 -2.26693420604575551E-03  0.00000000000000000E+00
  6.7003249E-04 -9.97356911390469492E+01 -2.28510653700012304E-03  0.00000000000000000E+00
  6.7539652E-04 -9.97327383510544223E+01 -2.30340023440070733E-03  0.00000000000000000E+00
  6.8079637E-04 -9.97297695528744299E+01 -2.32181610880941892E-03  0.00000000000000000E+00
  6.8623228E-04 -9.97267846068424717E+01 -2.34035497620159504E-03  0.00000000000000000E+00
  6.9170450E-04 -9.97237833741914699E+01 -2.35901765800215464E-03  0.00000000000000000E+00
  6.9721327E-04 -9.97207657150792102E+01 -2.37780498112199557E-03  0.00000000000000000E+00
  7.0275883E-04 -9.97177314886144757E+01 -2.39671777799462882E-03  0.00000000000000000E+00
  7.0834142E-04 -9.97146805528437312E+01 -2.41575688661306576E-03  0.00000000000000000E+00
  7.1396130E-04 -9.97116127647703507E+01 -2.43492315056694549E-03  0.00000000000000000E+00
  7.1961871E-04 -9.97085279803694817E+01 -2.45421741907991082E-03  0.00000000000000000E+00
  7.2531391E-04 -9.97054260545908164E+01 -2.47364054704723871E-03  0.00000000000000000E+00
  7.3104714E-04 -9.97023068413715094E+01 -2.49319339507371451E-03  0.00000000000000000E+00
  7.3681866E-04 -9.96991701936336625E+01 -2.51287682951176769E-03  0.00000000000000000E+00
  7.4262873E-04 -9.96960159633039495E+01 -2.53269172249985085E-03  0.00000000000000000E+00
  7.4847760E-04 -9.96928440013180079E+01 -2.55263895200108981E-03  0.00000000000000000E+00
  7.5436553E-04 -9.96896541576130204E+01 -2.57271940184217911E-03  0.00000000000000000E+00
  7.6029279E-04 -9.96864462811458480E+01 -2.59293396175254258E-03  0.00000000000000000E+00
  7.6625964E-04 -9.96832202198994395E+01 -2.61328352740375532E-03  0.00000000000000000E+00
  7.7226633E-04 -9.96799758208759101E+01 -2.63376900044922898E-03  0.00000000000000000E+00
  7.7831314E-04 -9.96767129301155848E+01 -2.65439128856416028E-03  0.00000000000000000E+00
  7.8440033E-04 -9.96734313926823319E+01 -2.67515130548574929E-03  0.00000000000000000E+00
  7.9052818E-04 -9.96701310526713797E+01 -2.69604997105368435E-03  0.00000000000000000E+00
  7.9669696E-04 -9.96668117532384201E+01 -2.71708821125089556E-03  0.00000000000000000E+00
  8.0290693E-04 -9.96634733365562653E+01 -2.73826695824458443E-03  0.00000000000000000E+00
  8.0915838E-04 -9.96601156438368463E+01 -2.75958715042752762E-03  0.00000000000000000E+00
  8.1545158E-04 -9.96567385153587111E+01 -2.78104973245964964E-03  0.00000000000000000E+00
  8.2178681E-04 -9.96533417904271488E+01 -2.80265565530988213E-03  0.00000000000000000E+00
  8.2816435E-04 -9.96499253073858853E+01 -2.82440587629829596E-03  0.00000000000000000E+00
  8.3458448E-04 -9.96464889036349319E+01 -2.84630135913852044E-03  0.00000000000000000E+00
  8.4104749E-04 -9.96430324156108895E+01 -2.86834307398043786E-03  0.00000000000000000E+00
  8.4755367E-04 -9.96395556787967962E+01 -2.89053199745317388E-03  0.00000000000000000E+00
  8.5410329E-04 -9.96360585277150079E+01 -2.91286911270836803E-03  0.00000000000000000E+00
  8.6069666E-04 -9.96325407959240152E+01 -2.93535540946372698E-03  0.00000000000000000E+00
  8.6733407E-04 -9.96290023160301814E+01 -2.95799188404688744E-03  0.00000000000000000E+00
  8.7401580E-04 -9.96254429196720253E+01 -2.98077953943954926E-03  0.00000000000000000E+00
  8.8074216E-04 -9.96218624375221964E+01 -3.00371938532192559E-03  0.00000000000000000E+00
  8.8751344E-04 -9.96182606992825725E+01 -3.02681243811747311E-03  0.00000000000000000E+00
  8.9432995E-04 -9.96146375336909244E+01 -3.05005972103792027E-03  0.00000000000000000E+00
  9.0119198E-04 -9.96109927685090781E+01 -3.07346226412861948E-03  0.00000000000000000E+00
  9.0809984E-04 -9.96073262305172875E+01 -3.09702110431416596E-03  0.00000000000000000E+00
  9.1505383E-04 -9.96036377455230166E+01 -3.12073728544435755E-03  0.00000000000000000E+00
  9.2205427E-04 -9.95999271383441993E+01 -3.14461185834043200E-03  0.00000000000000000E+00
  9.2910146E-04 -9.95961942328140424E+01 -3.16864588084163215E-03  0.00000000000000000E+00
  9.3619571E-04 -9.95924388517680654E+01 -3.19284041785207733E-03  0.00000000000000000E+00
  9.4333735E-04 -9.95886608170448113E+01 -3.21719654138793651E-03  0.00000000000000000E+00
  9.5052668E-04 -9.95848599494950832E+01 -3.24171533062493850E-03  0.00000000000000000E+00
  9.5776403E-04 -9.95810360689496861E+01 -3.26639787194617530E-03  0.00000000000000000E+00
  9.6504971E-04 -9.95771889942256792E+01 -3.29124525899024542E-03  0.00000000000000000E+00
  9.7238405E-04 -9.95733185431381429E+01 -3.31625859269970256E-03  0.00000000000000000E+00
  9.7976738E-04 -9.95694245324686449E+01 -3.34143898136984039E-03  0.00000000000000000E+00
  9.8720001E-04 -9.95655067779768359E+01 -3.36678754069779209E-03  0.00000000000000000E+00
  9.9468229E-04 -9.95615650943885129E+01 -3.39230539383197005E-03  0.00000000000000000E+00
  1.0022145E-03 -9.95575992953850033E+01 -3.41799367142182420E-03  0.00000000000000000E+00
  1.0097971E-03 -9.95536091936110807E+01 -3.44385351166793217E-03  0.00000000000000000E+00
  1.0174303E-03 -9.95495946006586934E+01 -3.46988606037244591E-03  0.00000000000000000E+00
  1.0251145E-03 -9.95455553270627860E+01 -3.49609247098983623E-03  0.00000000000000000E+00
  1.0328499E-03 -9.95414911822877428E+01 -3.52247390467801992E-03  0.00000000000000000E+00
  1.0406371E-03 -9.95374019747354453E+01 -3.54903153034978906E-03  0.00000000000000000E+00
  1.0484763E-03 -9.95332875117245095E+01 -3.57576652472461594E-03  0.00000000000000000E+00
  1.0563678E-03 -9.95291475994976764E+01 -3.60268007238077458E-03  0.00000000000000000E+00
  1.0643120E-03 -9.95249820432038064E+01 -3.62977336580784082E-03  0.00000000000000000E+00
  1.0723093E-03 -9.95207906468829009E+01 -3.65704760545952027E-03  0.00000000000000000E+00
  1.0803600E-03 -9.95165732134889822E+01 -3.68450399980682543E-03  0.00000000000000000E+00
  1.0884644E-03 -9.95123295448470344E+01 -3.71214376539164351E-03  0.00000000000000000E+00
  1.0966230E-03 -9.95080594416704116E+01 -3.73996812688061299E-03  0.00000000000000000E+00
  1.1048361E-03 -9.95037627035475793E+01 -3.76797831711939884E-03  0.00000000000000000E+00
  1.1131040E-03 -9.94994391289228588E+01 -3.79617557718730549E-03  0.00000000000000000E+00
  1.1214272E-03 -9.94950885150993543E+01 -3.82456115645227624E-03  0.00000000000000000E+00
  1.1298059E-03 -9.94907106582379299E+01 -3.85313631262624006E-03  0.00000000000000000E+00
  1.1382406E-03 -9.94863053533384800E+01 -3.88190231182083045E-03  0.00000000000000000E+00
  1.1467316E-03 -9.94818723942213410E+01 -3.91086042860350203E-03  0.00000000000000000E+00
  1.1552793E-03 -9.94774115735495172E+01 -3.94001194605397669E-03  0.00000000000000000E+00
  1.1638841E-03 -9.94729226827932820E+01 -3.96935815582111478E-03  0.00000000000000000E+00
  1.1725464E-03 -9.94684055122359041E+01 -3.99890035818012499E-03  0.00000000000000000E+00
  1.1812666E-03 -9.94638598509611285E+01 -4.02863986209018622E-03  0.00000000000000000E+00
  1.1900449E-03 -9.94592854868346876E+01 -4.05857798525244198E-03  0.00000000000000000E+00
  1.1988819E-03 -9.94546822065228895E+01 -4.08871605416837210E-03  0.00000000000000000E+00
  1.2077780E-03 -9.94500497954576872E+01 -4.11905540419857906E-03  0.00000000000000000E+00
  1.2167334E-03 -9.94453880378347748E+01 -4.14959737962193684E-03  0.00000000000000000E+00
  1.2257487E-03 -9.94406967166130897E+01 -4.18034333369517175E-03  0.00000000000000000E+00
  1.2348241E-03 -9.94359756135013981E+01 -4.21129462871279361E-03  0.00000000000000000E+00
  1.2439602E-03 -9.94312245089457605E+01 -4.24245263606747892E-03  0.00000000000000000E+00
  1.2531573E-03 -9.94264431821165999E+01 -4.27381873631081047E-03  0.00000000000000000E+00
  1.2624158E-03 -9.94216314109212647E+01 -4.30539431921446187E-03  0.00000000000000000E+00
  1.2717361E-03 -9.94167889719752651E+01 -4.33718078383175769E-03  0.00000000000000000E+00
  1.2811187E-03 -9.94119156405872815E+01 -4.36917953855966729E-03  0.00000000000000000E+00
  1.2905640E-03 -9.94070111907727636E+01 -4.40139200120120803E-03  0.00000000000000000E+00
  1.3000723E-03 -9.94020753952359257E+01 -4.43381959902825005E-03  0.00000000000000000E+00
  1.3096441E-03 -9.93971080253513293E+01 -4.46646376884476688E-03  0.00000000000000000E+00
  1.3192799E-03 -9.93921088511530400E+01 -4.49932595705048247E-03  0.00000000000000000E+00
  1.3289800E-03 -9.93870776413472754E+01 -4.53240761970496661E-03  0.00000000000000000E+00
  1.3387449E-03 -9.93820141632926237E+01 -4.56571022259212849E-03  0.00000000000000000E+00
  1.3485750E-03 -9.93769181829668611E+01 -4.59923524128518120E-03  0.00000000000000000E+00
  1.3584708E-03 -9.93717894649909397E+01 -4.63298416121200353E-03  0.00000000000000000E+00
  1.3684327E-03 -9.93666277726078278E+01 -4.66695847772095017E-03  0.00000000000000000E+00
  1.3784611E-03 -9.93614328676676593E+01 -4.70115969614711814E-03  0.00000000000000000E+00
  1.3885564E-03 -9.93562045106228169E+01 -4.73558933187902438E-03  0.00000000000000000E+00
  1.3987192E-03 -9.93509424605124991E+01 -4.77024891042576379E-03  0.00000000000000000E+00
  1.4089499E-03 -9.93456464749684613E+01 -4.80513996748457243E-03  0.00000000000000000E+00
  1.4192489E-03 -9.93403163101860258E+01 -4.84026404900889627E-03  0.00000000000000000E+00
  1.4296167E-03 -9.93349517209240105E+01 -4.87562271127686686E-03  0.00000000000000000E+00
  1.4400537E-03 -9.93295524604962736E+01 -4.91121752096025047E-03  0.00000000000000000E+00
  1.4505604E-03 -9.93241182807576877E+01 -4.94705005519387522E-03  0.00000000000000000E+00
  1.4611373E-03 -9.93186489321032440E+01 -4.98312190164548491E-03  0.00000000000000000E+00
  1.4717848E-03 -9.93131441634439511E+01 -5.01943465858610549E-03  0.00000000000000000E+00
  1.4825035E-03 -9.93076037222013497E+01 -5.05598993496083129E-03  0.00000000000000000E+00
  1.4932937E-03 -9.93020273543069720E+01 -5.09278935046013088E-03  0.00000000000000000E+00
  1.5041560E-03 -9.92964148041872932E+01 -5.12983453559159603E-03  0.00000000000000000E+00
  1.5150908E-03 -9.92907658147455265E+01 -5.16712713175217740E-03  0.00000000000000000E+00
  1.5260987E-03 -9.92850801273613683E+01 -5.20466879130092146E-03  0.00000000000000000E+00
  1.5371801E-03 -9.92793574818785771E+01 -5.24246117763215759E-03  0.00000000000000000E+00
  1.5483355E-03 -9.92735976165953247E+01 -5.28050596524921520E-03  0.00000000000000000E+00
  1.5595654E-03 -9.92678002682505536E+01 -5.31880483983859353E-03  0.00000000000000000E+00
  1.5708703E-03 -9.92619651720160476E+01 -5.35735949834466579E-03  0.00000000000000000E+00
  1.5822507E-03 -9.92560920614901789E+01 -5.39617164904483519E-03  0.00000000000000000E+00
  1.5937071E-03 -9.92501806686762791E+01 -5.43524301162524436E-03  0.00000000000000000E+00
  1.6052400E-03 -9.92442307239906683E+01 -5.47457531725695484E-03  0.00000000000000000E+00
  1.6168500E-03 -9.92382419562356972E+01 -5.51417030867263833E-03  0.00000000000000000E+00
  1.6285374E-03 -9.92322140925943899E+01 -5.55402974024380401E-03  0.00000000000000000E+00
  1.6403030E-03 -9.92261468586297042E+01 -5.59415537805850547E-03  0.00000000000000000E+00
  1.6521471E-03 -9.92200399782533822E+01 -5.63454899999960620E-03  0.00000000000000000E+00
  1.6640703E-03 -9.92138931737349026E+01 -5.67521239582352913E-03  0.00000000000000000E+00
  1.6760732E-03 -9.92077061656908370E+01 -5.71614736723956296E-03  0.00000000000000000E+00
  1.6881562E-03 -9.92014786730633347E+01 -5.75735572798967768E-03  0.00000000000000000E+00
  1.7003199E-03 -9.91952104131110701E+01 -5.79883930392888474E-03  0.00000000000000000E+00
  1.7125648E-03 -9.91889011014021378E+01 -5.84059993310613416E-03  0.00000000000000000E+00
  1.7248916E-03 -9.91825504518093055E+01 -5.88263946584573032E-03  0.00000000000000000E+00
  1.7373006E-03 -9.91761581764984470E+01 -5.92495976482933055E-03  0.00000000000000000E+00
  1.7497925E-03 -9.91697239859032607E+01 -5.96756270517844953E-03  0.00000000000000000E+00
  1.7623679E-03 -9.91632475887236211E+01 -6.01045017453755506E-03  0.00000000000000000E+00
  1.7750272E-03 -9.91567286919360384E+01 -6.05362407315766880E-03  0.00000000000000000E+00
  1.7877711E-03 -9.91501670007513809E+01 -6.09708631398058875E-03  0.00000000000000000E+00
  1.8006001E-03 -9.91435622186065615E+01 -6.14083882272361496E-03  0.00000000000000000E+00
  1.8135148E-03 -9.91369140471858543E+01 -6.18488353796486402E-03  0.00000000000000000E+00
  1.8265158E-03 -9.91302221863810757E+01 -6.22922241122918045E-03  0.00000000000000000E+00
  1.8396035E-03 -9.91234863342797894E+01 -6.27385740707455970E-03  0.00000000000000000E+00
  1.8527787E-03 -9.91167061871812223E+01 -6.31879050317921912E-03  0.00000000000000000E+00
  1.8660419E-03 -9.91098814395620735E+01 -6.36402369042918942E-03  0.00000000000000000E+00
  1.8793936E-03 -9.91030117840624740E+01 -6.40955897300653221E-03  0.00000000000000000E+00
  1.8928345E-03 -9.90960969115014478E+01 -6.45539836847813103E-03  0.00000000000000000E+00
  1.9063652E-03 -9.90891365108440709E+01 -6.50154390788505992E-03  0.00000000000000000E+00
  1.9199863E-03 -9.90821302691948773E+01 -6.54799763583258781E-03  0.00000000000000000E+00
  1.9336983E-03 -9.90750778717993654E+01 -6.59476161058073981E-03  0.00000000000000000E+00
  1.9475019E-03 -9.90679790020119100E+01 -6.64183790413550024E-03  0.00000000000000000E+00
  1.9613977E-03 -9.90608333413061359E+01 -6.68922860234059252E-03  0.00000000000000000E+00
  1.9753863E-03 -9.90536405692578512E+01 -6.73693580496990702E-03  0.00000000000000000E+00
  1.9894683E-03 -9.90464003635220678E+01 -6.78496162582050127E-03  0.00000000000000000E+00
  2.0036444E-03 -9.90391123998397092E+01 -6.83330819280626982E-03  0.00000000000000000E+00
  2.0179151E-03 -9.90317763520246643E+01 -6.88197764805220658E-03  0.00000000000000000E+00
  2.0322811E-03 -9.90243918919403541E+01 -6.93097214798930102E-03  0.00000000000000000E+00
  2.0467431E-03 -9.90169586895011520E+01 -6.98029386345008166E-03  0.00000000000000000E+00
  2.0613017E-03 -9.90094764126613427E+01 -7.02994497976478123E-03  0.00000000000000000E+00
  2.0759576E-03 -9.90019447273938908E+01 -7.07992769685816120E-03  0.00000000000000000E+00
  2.0907112E-03 -9.89943632976970065E+01 -7.13024422934695548E-03  0.00000000000000000E+00
  2.1055635E-03 -9.89867317855709103E+01 -7.18089680663800550E-03  0.00000000000000000E+00
  2.1205149E-03 -9.89790498510084689E+01 -7.23188767302700673E-03  0.00000000000000000E+00
  2.1355662E-03 -9.89713171519884298E+01 -7.28321908779794389E-03  0.00000000000000000E+00
  2.1507180E-03 -9.89635333444627179E+01 -7.33489332532319058E-03  0.00000000000000000E+00
  2.1659710E-03 -9.89556980823515886E+01 -7.38691267516423684E-03  0.00000000000000000E+00
  2.1813259E-03 -9.89478110175223549E+01 -7.43927944217315923E-03  0.00000000000000000E+00
  2.1967833E-03 -9.89398717997871273E+01 -7.49199594659469802E-03  0.00000000000000000E+00
  2.2123439E-03 -9.89318800768941315E+01 -7.54506452416906469E-03  0.00000000000000000E+00
  2.2280085E-03 -9.89238354945128435E+01 -7.59848752623541041E-03  0.00000000000000000E+00
  2.2437777E-03 -9.89157376962138812E+01 -7.65226731983598921E-03  0.00000000000000000E+00
  2.2596522E-03 -9.89075863234766217E+01 -7.70640628782104549E-03  0.00000000000000000E+00
  2.2756327E-03 -9.88993810156810014E+01 -7.76090682895432937E-03  0.00000000000000000E+00
  2.2917200E-03 -9.88911214100730120E+01 -7.81577135801941013E-03  0.00000000000000000E+00
  2.3079147E-03 -9.88828071417724459E+01 -7.87100230592662625E-03  0.00000000000000000E+00
  2.3242175E-03 -9.88744378437616263E+01 -7.92660211982078831E-03  0.00000000000000000E+00
  2.3406293E-03 -9.88660131468738541E+01 -7.98257326318957752E-03  0.00000000000000000E+00
  2.3571506E-03 -9.88575326797759715E+01 -8.03891821597269365E-03  0.00000000000000000E+00
  2.3737823E-03 -9.88489960689682761E+01 -8.09563947467170815E-03  0.00000000000000000E+00
  2.3905251E-03 -9.88404029387736500E+01 -8.15273955246064753E-03  0.00000000000000000E+00
  2.4073796E-03 -9.88317529113143394E+01 -8.21022097929736266E-03  0.00000000000000000E+00
  2.4243468E-03 -9.88230456065184768E+01 -8.26808630203556237E-03  0.00000000000000000E+00
  2.4414273E-03 -9.88142806421026592E+01 -8.32633808453767284E-03  0.00000000000000000E+00
  2.4586218E-03 -9.88054576335612040E+01 -8.38497890778839260E-03  0.00000000000000000E+00
  2.4759312E-03 -9.87965761941538148E+01 -8.44401137000905071E-03  0.00000000000000000E+00
  2.4933562E-03 -9.87876359349032214E+01 -8.50343808677268137E-03  0.00000000000000000E+00
  2.5108975E-03 -9.87786364645791650E+01 -8.56326169111991387E-03  0.00000000000000000E+00
  2.5285560E-03 -9.87695773896900846E+01 -8.62348483367561362E-03  0.00000000000000000E+00
  2.5463325E-03 -9.87604583144749881E+01 -8.68411018276627443E-03  0.00000000000000000E+00
  2.5642276E-03 -9.87512788408888298E+01 -8.74514042453826586E-03  0.00000000000000000E+00
  2.5822423E-03 -9.87420385685986872E+01 -8.80657826307677631E-03  0.00000000000000000E+00
  2.6003773E-03 -9.87327370949680159E+01 -8.86842642052566334E-03  0.00000000000000000E+00
  2.6186334E-03 -9.87233740150562653E+01 -8.93068763720797007E-03  0.00000000000000000E+00
  2.6370114E-03 -9.87139489215971651E+01 -8.99336467174738016E-03  0.00000000000000000E+00
  2.6555122E-03 -9.87044614049955555E+01 -9.05646030119037181E-03  0.00000000000000000E+00
  2.6741365E-03 -9.86949110533213343E+01 -9.11997732112927034E-03  0.00000000000000000E+00
  2.6928853E-03 -9.86852974522915503E+01 -9.18391854582607456E-03  0.00000000000000000E+00
  2.7117592E-03 -9.86756201852678885E+01 -9.24828680833710871E-03  0.00000000000000000E+00
  2.7307592E-03 -9.86658788332456425E+01 -9.31308496063854886E-03  0.00000000000000000E+00
  2.7498861E-03 -9.86560729748416350E+01 -9.37831587375273154E-03  0.00000000000000000E+00
  2.7691407E-03 -9.86462021862839293E+01 -9.44398243787535584E-03  0.00000000000000000E+00
  2.7885239E-03 -9.86362660414102521E+01 -9.51008756250349557E-03  0.00000000000000000E+00
  2.8080366E-03 -9.86262641116552317E+01 -9.57663417656448059E-03  0.00000000000000000E+00
  2.8276796E-03 -9.86161959660372958E+01 -9.64362522854566098E-03  0.00000000000000000E+00
  2.8474538E-03 -9.86060611711485109E+01 -9.71106368662498498E-03  0.00000000000000000E+00
  2.8673600E-03 -9.85958592911560316E+01 -9.77895253880251003E-03  0.00000000000000000E+00
  2.8873992E-03 -9.85855898877849626E+01 -9.84729479303272752E-03  0.00000000000000000E+00
  2.9075722E-03 -9.85752525203058099E+01 -9.91609347735785025E-03  0.00000000000000000E+00
  2.9278800E-03 -9.85648467455429653E+01 -9.98535164004188749E-03  0.00000000000000000E+00
  2.9483234E-03 -9.85543721178457162E+01 -1.00550723497057123E-02  0.00000000000000000E+00
  2.9689033E-03 -9.85438281890842376E+01 -1.01252586954629908E-02  0.00000000000000000E+00
  2.9896207E-03 -9.85332145086561297E+01 -1.01959137870569795E-02  0.00000000000000000E+00
  3.0104764E-03 -9.85225306234602982E+01 -1.02670407549983085E-02  0.00000000000000000E+00
  3.0314714E-03 -9.85117760778907865E+01 -1.03386427507036333E-02  0.00000000000000000E+00
  3.0526066E-03 -9.85009504138443788E+01 -1.04107229466352379E-02  0.00000000000000000E+00
  3.0738830E-03 -9.84900531706922635E+01 -1.04832845364415360E-02  0.00000000000000000E+00
  3.0953015E-03 -9.84790838852774613E+01 -1.05563307350985784E-02  0.00000000000000000E+00
  3.1168630E-03 -9.84680420919228823E+01 -1.06298647790523913E-02  0.00000000000000000E+00
  3.1385686E-03 -9.84569273223973482E+01 -1.07038899263624063E-02  0.00000000000000000E+00
  3.1604191E-03 -9.84457391059219873E+01 -1.07784094568457323E-02  0.00000000000000000E+00
  3.1824155E-03 -9.84344769691712145E+01 -1.08534266722224229E-02  0.00000000000000000E+00
  3.2045588E-03 -9.84231404362450633E+01 -1.09289448962617639E-02  0.00000000000000000E+00
  3.2268501E-03 -9.84117290286717150E+01 -1.10049674749294543E-02  0.00000000000000000E+00
  3.2492901E-03 -9.84002422654058648E+01 -1.10814977765358400E-02  0.00000000000000000E+00
  3.2718801E-03 -9.83886796628102900E+01 -1.11585391918850776E-02  0.00000000000000000E+00
  3.2946210E-03 -9.83770407346532920E+01 -1.12360951344253751E-02  0.00000000000000000E+00
  3.3175137E-03 -9.83653249921075741E+01 -1.13141690404001110E-02  0.00000000000000000E+00
  3.3405593E-03 -9.83535319437311557E+01 -1.13927643690001044E-02  0.00000000000000000E+00
  3.3637588E-03 -9.83416610954683961E+01 -1.14718846025167933E-02  0.00000000000000000E+00
  3.3871133E-03 -9.83297119506411832E+01 -1.15515332464964718E-02  0.00000000000000000E+00
  3.4106237E-03 -9.83176840099414875E+01 -1.16317138298955864E-02  0.00000000000000000E+00
  3.4342912E-03 -9.83055767714308359E+01 -1.17124299052369998E-02  0.00000000000000000E+00
  3.4581167E-03 -9.82933897305215964E+01 -1.17936850487673842E-02  0.00000000000000000E+00
  3.4821013E-03 -9.82811223799812126E+01 -1.18754828606155681E-02  0.00000000000000000E+00
  3.5062461E-03 -9.82687742099237482E+01 -1.19578269649520431E-02  0.00000000000000000E+00
  3.5305522E-03 -9.82563447077983483E+01 -1.20407210101494428E-02  0.00000000000000000E+00
  3.5550206E-03 -9.82438333583873060E+01 -1.21241686689441356E-02  0.00000000000000000E+00
  3.5796525E-03 -9.82312396438034199E+01 -1.22081736385989230E-02  0.00000000000000000E+00
  3.6044488E-03 -9.82185630434826180E+01 -1.22927396410667487E-02  0.00000000000000000E+00
  3.6294108E-03 -9.82058030341674169E+01 -1.23778704231555861E-02  0.00000000000000000E+00
  3.6545394E-03 -9.81929590899189293E+01 -1.24635697566943433E-02  0.00000000000000000E+00
  3.6798359E-03 -9.81800306821024265E+01 -1.25498414386999504E-02  0.00000000000000000E+00
  3.7053013E-03 -9.81670172793745763E+01 -1.26366892915455147E-02  0.00000000000000000E+00
  3.7309368E-03 -9.81539183476985357E+01 -1.27241171631295880E-02  0.00000000000000000E+00
  3.7567435E-03 -9.81407333503202040E+01 -1.28121289270466295E-02  0.00000000000000000E+00
  3.7827226E-03 -9.81274617477680096E+01 -1.29007284827585139E-02  0.00000000000000000E+00
  3.8088752E-03 -9.81141029978567758E+01 -1.29899197557672742E-02  0.00000000000000000E+00
  3.8352024E-03 -9.81006565556717760E+01 -1.30797066977889152E-02  0.00000000000000000E+00
  3.8617055E-03 -9.80871218735706947E+01 -1.31700932869284661E-02  0.00000000000000000E+00
  3.8883856E-03 -9.80734984011808564E+01 -1.32610835278561164E-02  0.00000000000000000E+00
  3.9152438E-03 -9.80597855853892781E+01 -1.33526814519846129E-02  0.00000000000000000E+00
  3.9422814E-03 -9.80459828703413905E+01 -1.34448911176477774E-02  0.00000000000000000E+00
  3.9694996E-03 -9.80320896974403695E+01 -1.35377166102802222E-02  0.00000000000000000E+00
  3.9968996E-03 -9.80181055053405430E+01 -1.36311620425983212E-02  0.00000000000000000E+00
  4.0244826E-03 -9.80040297299423457E+01 -1.37252315547822940E-02  0.00000000000000000E+00
  4.0522498E-03 -9.79898618043926177E+01 -1.38199293146596021E-02  0.00000000000000000E+00
  4.0802025E-03 -9.79756011590793463E+01 -1.39152595178894823E-02  0.00000000000000000E+00
  4.1083418E-03 -9.79612472216278718E+01 -1.40112263881487960E-02  0.00000000000000000E+00
  4.1366691E-03 -9.79467994169035308E+01 -1.41078341773190202E-02  0.00000000000000000E+00
  4.1651855E-03 -9.79322571670016231E+01 -1.42050871656745972E-02  0.00000000000000000E+00
  4.1938924E-03 -9.79176198912470426E+01 -1.43029896620724458E-02  0.00000000000000000E+00
  4.2227911E-03 -9.79028870061954706E+01 -1.44015460041427637E-02  0.00000000000000000E+00
  4.2518827E-03 -9.78880579256316281E+01 -1.45007605584811551E-02  0.00000000000000000E+00
  4.2811686E-03 -9.78731320605578503E+01 -1.46006377208419569E-02  0.00000000000000000E+00
  4.3106501E-03 -9.78581088192032666E+01 -1.47011819163329303E-02  0.00000000000000000E+00
  4.3403285E-03 -9.78429876070220104E+01 -1.48023975996111595E-02  0.00000000000000000E+00
  4.3702052E-03 -9.78277678266784250E+01 -1.49042892550803902E-02  0.00000000000000000E+00
  4.4002813E-03 -9.78124488780639325E+01 -1.50068613970895503E-02  0.00000000000000000E+00
  4.4305583E-03 -9.77970301582842723E+01 -1.51101185701326569E-02  0.00000000000000000E+00
  4.4610376E-03 -9.77815110616580654E+01 -1.52140653490500776E-02  0.00000000000000000E+00
  4.4917204E-03 -9.77658909797279989E+01 -1.53187063392310682E-02  0.00000000000000000E+00
  4.5226081E-03 -9.77501693012458190E+01 -1.54240461768177552E-02  0.00000000000000000E+00
  4.5537021E-03 -9.77343454121787261E+01 -1.55300895289103569E-02  0.00000000000000000E+00
  4.5850038E-03 -9.77184186957127139E+01 -1.56368410937738934E-02  0.00000000000000000E+00
  4.6165145E-03 -9.77023885322453935E+01 -1.57443056010462164E-02  0.00000000000000000E+00
  4.6482356E-03 -9.76862542993899012E+01 -1.58524878119473897E-02  0.00000000000000000E+00
  4.6801687E-03 -9.76700153719766888E+01 -1.59613925194905457E-02  0.00000000000000000E+00
  4.7123150E-03 -9.76536711220542344E+01 -1.60710245486940968E-02  0.00000000000000000E+00
  4.7446759E-03 -9.76372209188840401E+01 -1.61813887567954021E-02  0.00000000000000000E+00
  4.7772531E-03 -9.76206641289470411E+01 -1.62924900334657681E-02  0.00000000000000000E+00
  4.8100477E-03 -9.76040001159467892E+01 -1.64043333010270367E-02  0.00000000000000000E+00
  4.8430615E-03 -9.75872282408068230E+01 -1.65169235146694175E-02  0.00000000000000000E+00
  4.8762956E-03 -9.75703478616703848E+01 -1.66302656626709823E-02  0.00000000000000000E+00
  4.9097518E-03 -9.75533583339064734E+01 -1.67443647666184990E-02  0.00000000000000000E+00
  4.9434314E-03 -9.75362590101142217E+01 -1.68592258816296879E-02  0.00000000000000000E+00
  4.9773359E-03 -9.75190492401158195E+01 -1.69748540965771397E-02  0.00000000000000000E+00
  5.0114669E-03 -9.75017283709683511E+01 -1.70912545343135623E-02  0.00000000000000000E+00
  5.0458258E-03 -9.74842957469631983E+01 -1.72084323518985928E-02  0.00000000000000000E+00
  5.0804142E-03 -9.74667507096246482E+01 -1.73263927408271144E-02  0.00000000000000000E+00
  5.1152336E-03 -9.74490925977192717E+01 -1.74451409272591250E-02  0.00000000000000000E+00
  5.1502855E-03 -9.74313207472570184E+01 -1.75646821722510622E-02  0.00000000000000000E+00
  5.1855716E-03 -9.74134344914915005E+01 -1.76850217719887737E-02  0.00000000000000000E+00
  5.2210933E-03 -9.73954331609284765E+01 -1.78061650580219576E-02  0.00000000000000000E+00
  5.2568522E-03 -9.73773160833273863E+01 -1.79281173975001616E-02  0.00000000000000000E+00
  5.2928499E-03 -9.73590825837029570E+01 -1.80508841934104540E-02  0.00000000000000000E+00
  5.3290881E-03 -9.73407319843353491E+01 -1.81744708848165584E-02  0.00000000000000000E+00
  5.3655683E-03 -9.73222636047662064E+01 -1.82988829470996719E-02  0.00000000000000000E+00
  5.4022921E-03 -9.73036767618128664E+01 -1.84241258922008128E-02  0.00000000000000000E+00
  5.4392612E-03 -9.72849707695685879E+01 -1.85502052688648680E-02  0.00000000000000000E+00
  5.4764772E-03 -9.72661449394017552E+01 -1.86771266628861995E-02  0.00000000000000000E+00
  5.5139418E-03 -9.72471985799724337E+01 -1.88048956973558799E-02  0.00000000000000000E+00
  5.5516566E-03 -9.72281309972289023E+01 -1.89335180329106914E-02  0.00000000000000000E+00
  5.5896232E-03 -9.72089414944157539E+01 -1.90629993679835852E-02  0.00000000000000000E+00
  5.6278434E-03 -9.71896293720844113E+01 -1.91933454390560421E-02  0.00000000000000000E+00
  5.6663189E-03 -9.71701939280926439E+01 -1.93245620209118729E-02  0.00000000000000000E+00
  5.7050513E-03 -9.71506344576090441E+01 -1.94566549268929447E-02  0.00000000000000000E+00
  5.7440425E-03 -9.71309502531265139E+01 -1.95896300091564605E-02  0.00000000000000000E+00
  5.7832940E-03 -9.71111406044693553E+01 -1.97234931589339406E-02  0.00000000000000000E+00
  5.8228077E-03 -9.70912047987919351E+01 -1.98582503067920649E-02  0.00000000000000000E+00
  5.8625852E-03 -9.70711421205866998E+01 -1.99939074228950922E-02  0.00000000000000000E+00
  5.9026285E-03 -9.70509518516999634E+01 -2.01304705172692007E-02  0.00000000000000000E+00
  5.9429391E-03 -9.70306332713332438E+01 -2.02679456400683723E-02  0.00000000000000000E+00
  5.9835190E-03 -9.70101856560454650E+01 -2.04063388818422932E-02  0.00000000000000000E+00
  6.0243699E-03 -9.69896082797714882E+01 -2.05456563738058082E-02  0.00000000000000000E+00
  6.0654936E-03 -9.69689004138224817E+01 -2.06859042881103704E-02  0.00000000000000000E+00
  6.1068920E-03 -9.69480613268939919E+01 -2.08270888381171491E-02  0.00000000000000000E+00
  6.1485669E-03 -9.69270902850774831E+01 -2.09692162786720114E-02  0.00000000000000000E+00
  6.1905201E-03 -9.69059865518661212E+01 -2.11122929063824009E-02  0.00000000000000000E+00
  6.2327535E-03 -9.68847493881649484E+01 -2.12563250598959107E-02  0.00000000000000000E+00
  6.2752689E-03 -9.68633780522941663E+01 -2.14013191201808776E-02  0.00000000000000000E+00
  6.3180683E-03 -9.68418718000057481E+01 -2.15472815108087162E-02  0.00000000000000000E+00
  6.3611536E-03 -9.68202298844879294E+01 -2.16942186982382150E-02  0.00000000000000000E+00
  6.4045266E-03 -9.67984515563722141E+01 -2.18421371921016690E-02  0.00000000000000000E+00
  6.4481892E-03 -9.67765360637467751E+01 -2.19910435454929616E-02  0.00000000000000000E+00
  6.4921435E-03 -9.67544826521621530E+01 -2.21409443552575726E-02  0.00000000000000000E+00
  6.5363913E-03 -9.67322905646429092E+01 -2.22918462622844031E-02  0.00000000000000000E+00
  6.5809347E-03 -9.67099590416947592E+01 -2.24437559517997563E-02  0.00000000000000000E+00
  6.6257755E-03 -9.66874873213162829E+01 -2.25966801536630346E-02  0.00000000000000000E+00
  6.6709158E-03 -9.66648746390102644E+01 -2.27506256426646264E-02  0.00000000000000000E+00
  6.7163576E-03 -9.66421202277886806E+01 -2.29055992388255691E-02  0.00000000000000000E+00
  6.7621028E-03 -9.66192233181815539E+01 -2.30616078076994156E-02  0.00000000000000000E+00
  6.8081536E-03 -9.65961831382559382E+01 -2.32186582606759319E-02  0.00000000000000000E+00
  6.8545120E-03 -9.65729989136180080E+01 -2.33767575552869013E-02  0.00000000000000000E+00
  6.9011799E-03 -9.65496698674225939E+01 -2.35359126955139962E-02  0.00000000000000000E+00
  6.9481596E-03 -9.65261952203930491E+01 -2.36961307320985859E-02  0.00000000000000000E+00
  6.9954530E-03 -9.65025741908168442E+01 -2.38574187628537542E-02  0.00000000000000000E+00
  7.0430622E-03 -9.64788059945661445E+01 -2.40197839329782427E-02  0.00000000000000000E+00
  7.0909894E-03 -9.64548898451106567E+01 -2.41832334353726253E-02  0.00000000000000000E+00
  7.1392367E-03 -9.64308249535151418E+01 -2.43477745109574768E-02  0.00000000000000000E+00
  7.1878063E-03 -9.64066105284618828E+01 -2.45134144489937041E-02  0.00000000000000000E+00
  7.2367002E-03 -9.63822457762572924E+01 -2.46801605874049819E-02  0.00000000000000000E+00
  7.2859206E-03 -9.63577299008407948E+01 -2.48480203131024764E-02  0.00000000000000000E+00
  7.3354698E-03 -9.63330621037967774E+01 -2.50170010623114412E-02  0.00000000000000000E+00
  7.3853499E-03 -9.63082415843640263E+01 -2.51871103209002738E-02  0.00000000000000000E+00
  7.4355631E-03 -9.62832675394510460E+01 -2.53583556247115698E-02  0.00000000000000000E+00
  7.4861117E-03 -9.62581391636364287E+01 -2.55307445598955927E-02  0.00000000000000000E+00
  7.5369979E-03 -9.62328556491887781E+01 -2.57042847632456238E-02  0.00000000000000000E+00
  7.5882239E-03 -9.62074161860773387E+01 -2.58789839225358476E-02  0.00000000000000000E+00
  7.6397921E-03 -9.61818199619722805E+01 -2.60548497768614759E-02  0.00000000000000000E+00
  7.6917046E-03 -9.61560661622624906E+01 -2.62318901169808355E-02  0.00000000000000000E+00
  7.7439639E-03 -9.61301539700696281E+01 -2.64101127856600677E-02  0.00000000000000000E+00
  7.7965722E-03 -9.61040825662524441E+01 -2.65895256780199242E-02  0.00000000000000000E+00
  7.8495318E-03 -9.60778511294130340E+01 -2.67701367418850568E-02  0.00000000000000000E+00
  7.9028452E-03 -9.60514588359175434E+01 -2.69519539781353235E-02  0.00000000000000000E+00
  7.9565146E-03 -9.60249048598991237E+01 -2.71349854410596961E-02  0.00000000000000000E+00
  8.0105424E-03 -9.59981883732654353E+01 -2.73192392387124998E-02  0.00000000000000000E+00
  8.0649311E-03 -9.59713085457170081E+01 -2.75047235332718659E-02  0.00000000000000000E+00
  8.1196830E-03 -9.59442645447508369E+01 -2.76914465414006689E-02  0.00000000000000000E+00
  8.1748006E-03 -9.59170555356691068E+01 -2.78794165346098917E-02  0.00000000000000000E+00
  8.2302863E-03 -9.58896806815884730E+01 -2.80686418396243961E-02  0.00000000000000000E+00
  8.2861425E-03 -9.58621391434541579E+01 -2.82591308387510204E-02  0.00000000000000000E+00
  8.3423718E-03 -9.58344300800473121E+01 -2.84508919702491994E-02  0.00000000000000000E+00
  8.3989767E-03 -9.58065526479854555E+01 -2.86439337287041872E-02  0.00000000000000000E+00
  8.4559595E-03 -9.57785060017395296E+01 -2.88382646654024508E-02  0.00000000000000000E+00
  8.5133230E-03 -9.57502892936454515E+01 -2.90338933887097916E-02  0.00000000000000000E+00
  8.5710695E-03 -9.57219016739015416E+01 -2.92308285644519647E-02  0.00000000000000000E+00
  8.6292018E-03 -9.56933422905796363E+01 -2.94290789162977642E-02  0.00000000000000000E+00
  8.6877222E-03 -9.56646102896403079E+01 -2.96286532261446078E-02  0.00000000000000000E+00
  8.7466336E-03 -9.56357048149313158E+01 -2.98295603345068057E-02  0.00000000000000000E+00
  8.8059383E-03 -9.56066250081974829E+01 -3.00318091409063140E-02  0.00000000000000000E+00
  8.8656391E-03 -9.55773700090892930E+01 -3.02354086042661875E-02  0.00000000000000000E+00
  8.9257387E-03 -9.55479389551655913E+01 -3.04403677433064887E-02  0.00000000000000000E+00
  8.9862396E-03 -9.55183309819018262E+01 -3.06466956369429375E-02  0.00000000000000000E+00
  9.0471446E-03 -9.54885452226980647E+01 -3.08544014246882603E-02  0.00000000000000000E+00
  9.1084564E-03 -9.54585808088800150E+01 -3.10634943070560339E-02  0.00000000000000000E+00
  9.1701776E-03 -9.54284368697057914E+01 -3.12739835459673182E-02  0.00000000000000000E+00
  9.2323111E-03 -9.53981125323739860E+01 -3.14858784651600374E-02  0.00000000000000000E+00
  9.2948595E-03 -9.53676069220188509E+01 -3.16991884506010110E-02  0.00000000000000000E+00
  9.3578257E-03 -9.53369191617240830E+01 -3.19139229509006611E-02  0.00000000000000000E+00
  9.4212124E-03 -9.53060483725248986E+01 -3.21300914777305699E-02  0.00000000000000000E+00
  9.4850224E-03 -9.52749936734024772E+01 -3.23477036062438730E-02  0.00000000000000000E+00
  9.5492586E-03 -9.52437541812935677E+01 -3.25667689754981782E-02  0.00000000000000000E+00
  9.6139238E-03 -9.52123290110963865E+01 -3.27872972888816200E-02  0.00000000000000000E+00
  9.6790209E-03 -9.51807172756642075E+01 -3.30092983145414270E-02  0.00000000000000000E+00
  9.7445527E-03 -9.51489180858065140E+01 -3.32327818858157084E-02  0.00000000000000000E+00
  9.8105222E-03 -9.51169305502990881E+01 -3.34577579016676480E-02  0.00000000000000000E+00
  9.8769323E-03 -9.50847537758736649E+01 -3.36842363271229531E-02  0.00000000000000000E+00
  9.9437859E-03 -9.50523868672209034E+01 -3.39122271937101066E-02  0.00000000000000000E+00
  1.0011086E-02 -9.50198289269942222E+01 -3.41417405999033252E-02  0.00000000000000000E+00
  1.0078836E-02 -9.49870790558027664E+01 -3.43727867115688340E-02  0.00000000000000000E+00
  1.0147038E-02 -9.49541363522103268E+01 -3.46053757624137301E-02  0.00000000000000000E+00
  1.0215695E-02 -9.49209999127327961E+01 -3.48395180544381969E-02  0.00000000000000000E+00
  1.0284811E-02 -9.48876688318366064E+01 -3.50752239583902378E-02  0.00000000000000000E+00
  1.0354389E-02 -9.48541422019338825E+01 -3.53125039142239555E-02  0.00000000000000000E+00
  1.0424431E-02 -9.48204191133790744E+01 -3.55513684315604331E-02  0.00000000000000000E+00
  1.0494942E-02 -9.47864986544606438E+01 -3.57918280901519809E-02  0.00000000000000000E+00
  1.0565923E-02 -9.47523799113984921E+01 -3.60338935403492211E-02  0.00000000000000000E+00
  1.0637378E-02 -9.47180619683372527E+01 -3.62775755035714131E-02  0.00000000000000000E+00
  1.0709310E-02 -9.46835439073367411E+01 -3.65228847727799705E-02  0.00000000000000000E+00
  1.0781723E-02 -9.46488248083682606E+01 -3.67698322129547603E-02  0.00000000000000000E+00
  1.0854619E-02 -9.46139037493048249E+01 -3.70184287615740251E-02  0.00000000000000000E+00
  1.0928003E-02 -9.45787798059087095E+01 -3.72686854290971148E-02  0.00000000000000000E+00
  1.1001876E-02 -9.45434520518247155E+01 -3.75206132994507155E-02  0.00000000000000000E+00
  1.1076243E-02 -9.45079195585730076E+01 -3.77742235305179794E-02  0.00000000000000000E+00
  1.1151106E-02 -9.44721813955317202E+01 -3.80295273546310958E-02  0.00000000000000000E+00
  1.1226469E-02 -9.44362366299265403E+01 -3.82865360790672418E-02  0.00000000000000000E+00
  1.1302336E-02 -9.44000843268205614E+01 -3.85452610865474193E-02  0.00000000000000000E+00
  1.1378709E-02 -9.43637235491013513E+01 -3.88057138357390183E-02  0.00000000000000000E+00
  1.1455593E-02 -9.43271533574635583E+01 -3.90679058617613914E-02  0.00000000000000000E+00
  1.1532990E-02 -9.42903728103935634E+01 -3.93318487766950997E-02  0.00000000000000000E+00
  1.1610904E-02 -9.42533809641590210E+01 -3.95975542700941138E-02  0.00000000000000000E+00
  1.1689338E-02 -9.42161768727887932E+01 -3.98650341095017138E-02  0.00000000000000000E+00
  1.1768296E-02 -9.41787595880551436E+01 -4.01343001409698308E-02  0.00000000000000000E+00
  1.1847781E-02 -9.41411281594573097E+01 -4.04053642895815177E-02  0.00000000000000000E+00
  1.1927798E-02 -9.41032816342033271E+01 -4.06782385599771673E-02  0.00000000000000000E+00
  1.2008348E-02 -9.40652190571922517E+01 -4.09529350368840681E-02  0.00000000000000000E+00
  1.2089437E-02 -9.40269394709868465E+01 -4.12294658856496576E-02  0.00000000000000000E+00
  1.2171067E-02 -9.39884419157999247E+01 -4.15078433527778512E-02  0.00000000000000000E+00
  1.2253242E-02 -9.39497254294738724E+01 -4.17880797664694145E-02  0.00000000000000000E+00
  1.2335966E-02 -9.39107890474481763E+01 -4.20701875371658138E-02  0.00000000000000000E+00
  1.2419243E-02 -9.38716318027462790E+01 -4.23541791580962293E-02  0.00000000000000000E+00
  1.2503076E-02 -9.38322527259506529E+01 -4.26400672058287536E-02  0.00000000000000000E+00
  1.2587468E-02 -9.37926508451722896E+01 -4.29278643408248575E-02  0.00000000000000000E+00
  1.2672425E-02 -9.37528251860285735E+01 -4.32175833079978255E-02  0.00000000000000000E+00
  1.2757948E-02 -9.37127747716203601E+01 -4.35092369372744522E-02  0.00000000000000000E+00
  1.2844043E-02 -9.36724986225021894E+01 -4.38028381441607911E-02  0.00000000000000000E+00
  1.2930713E-02 -9.36319957566528842E+01 -4.40983999303117130E-02  0.00000000000000000E+00
  1.3017962E-02 -9.35912651894506666E+01 -4.43959353841037602E-02  0.00000000000000000E+00
  1.3105793E-02 -9.35503059336447365E+01 -4.46954576812122542E-02  0.00000000000000000E+00
  1.3194211E-02 -9.35091169993249309E+01 -4.49969800851919982E-02  0.00000000000000000E+00
  1.3283220E-02 -9.34676973938905036E+01 -4.53005159480619271E-02  0.00000000000000000E+00
  1.3372823E-02 -9.34260461220203808E+01 -4.56060787108933247E-02  0.00000000000000000E+00
  1.3463024E-02 -9.33841621856445840E+01 -4.59136819044023425E-02  0.00000000000000000E+00
  1.3553828E-02 -9.33420445839100950E+01 -4.62233391495460513E-02  0.00000000000000000E+00
  1.3645239E-02 -9.32996923131447602E+01 -4.65350641581228214E-02  0.00000000000000000E+00
  1.3737259E-02 -9.32571043668341275E+01 -4.68488707333761176E-02  0.00000000000000000E+00
  1.3829895E-02 -9.32142797355843271E+01 -4.71647727706027628E-02  0.00000000000000000E+00
  1.3923149E-02 -9.31712174070813290E+01 -4.74827842577651080E-02  0.00000000000000000E+00
  1.4017026E-02 -9.31279163660665859E+01 -4.78029192761069768E-02  0.00000000000000000E+00
  1.4111529E-02 -9.30843755943019460E+01 -4.81251920007739128E-02  0.00000000000000000E+00
  1.4206664E-02 -9.30405940705299486E+01 -4.84496167014374715E-02  0.00000000000000000E+00
  1.4302435E-02 -9.29965707704394049E+01 -4.87762077429237176E-02  0.00000000000000000E+00
  1.4398845E-02 -9.29523046666373602E+01 -4.91049795858454693E-02  0.00000000000000000E+00
  1.4495899E-02 -9.29077947286083656E+01 -4.94359467872391989E-02  0.00000000000000000E+00
  1.4593601E-02 -9.28630399226755969E+01 -4.97691240012059360E-02  0.00000000000000000E+00
  1.4691955E-02 -9.28180392119740816E+01 -5.01045259795561485E-02  0.00000000000000000E+00
  1.4790967E-02 -9.27727915564114340E+01 -5.04421675724592705E-02  0.00000000000000000E+00
  1.4890639E-02 -9.27272959126296286E+01 -5.07820637290971877E-02  0.00000000000000000E+00
  1.4990978E-02 -9.26815512339710068E+01 -5.11242294983223280E-02  0.00000000000000000E+00
  1.5091986E-02 -9.26355564704477814E+01 -5.14686800293196745E-02  0.00000000000000000E+00
  1.5193669E-02 -9.25893105687012223E+01 -5.18154305722733841E-02  0.00000000000000000E+00
  1.5296032E-02 -9.25428124719675225E+01 -5.21644964790380153E-02  0.00000000000000000E+00
  1.5399077E-02 -9.24960611200475853E+01 -5.25158932038135504E-02  0.00000000000000000E+00
  1.5502811E-02 -9.24490554492682577E+01 -5.28696363038253930E-02  0.00000000000000000E+00
  1.5607238E-02 -9.24017943924529135E+01 -5.32257414400086337E-02  0.00000000000000000E+00
  1.5712363E-02 -9.23542768788833399E+01 -5.35842243776968666E-02  0.00000000000000000E+00
  1.5818189E-02 -9.23065018342709607E+01 -5.39451009873154128E-02  0.00000000000000000E+00
  1.5924722E-02 -9.22584681807270073E+01 -5.43083872450791164E-02  0.00000000000000000E+00
  1.6031967E-02 -9.22101748367264520E+01 -5.46740992336948381E-02  0.00000000000000000E+00
  1.6139928E-02 -9.21616207170802397E+01 -5.50422531430686326E-02  0.00000000000000000E+00
  1.6248610E-02 -9.21128047329071364E+01 -5.54128652710171588E-02  0.00000000000000000E+00
  1.6358017E-02 -9.20637257916055205E+01 -5.57859520239840853E-02  0.00000000000000000E+00
  1.6468156E-02 -9.20143827968231420E+01 -5.61615299177613270E-02  0.00000000000000000E+00
  1.6579030E-02 -9.19647746484345419E+01 -5.65396155782145610E-02  0.00000000000000000E+00
  1.6690644E-02 -9.19149002425178878E+01 -5.69202257420138094E-02  0.00000000000000000E+00
  1.6803004E-02 -9.18647584713270930E+01 -5.73033772573687608E-02  0.00000000000000000E+00
  1.6916115E-02 -9.18143482232703008E+01 -5.76890870847690182E-02  0.00000000000000000E+00
  1.7029980E-02 -9.17636683828956166E+01 -5.80773722977288159E-02  0.00000000000000000E+00
  1.7144607E-02 -9.17127178308688684E+01 -5.84682500835369129E-02  0.00000000000000000E+00
  1.7259999E-02 -9.16614954439531857E+01 -5.88617377440116274E-02  0.00000000000000000E+00
  1.7376161E-02 -9.16100000949999753E+01 -5.92578526962600771E-02  0.00000000000000000E+00
  1.7493099E-02 -9.15582306529351513E+01 -5.96566124734431089E-02  0.00000000000000000E+00
  1.7610819E-02 -9.15061859827434461E+01 -6.00580347255448635E-02  0.00000000000000000E+00
  1.7729324E-02 -9.14538649454636641E+01 -6.04621372201475799E-02  0.00000000000000000E+00
  1.7848621E-02 -9.14012663981852427E+01 -6.08689378432111447E-02  0.00000000000000000E+00
  1.7968715E-02 -9.13483891940365993E+01 -6.12784545998579441E-02  0.00000000000000000E+00
  1.8089610E-02 -9.12952321821873056E+01 -6.16907056151631272E-02  0.00000000000000000E+00
  1.8211314E-02 -9.12417942078513704E+01 -6.21057091349493037E-02  0.00000000000000000E+00
  1.8333830E-02 -9.11880741122878078E+01 -6.25234835265870842E-02  0.00000000000000000E+00
  1.8457164E-02 -9.11340707328075439E+01 -6.29440472798005329E-02  0.00000000000000000E+00
  1.8581322E-02 -9.10797829027808206E+01 -6.33674190074781651E-02  0.00000000000000000E+00
  1.8706309E-02 -9.10252094516546322E+01 -6.37936174464886624E-02  0.00000000000000000E+00
  1.8832131E-02 -9.09703492049633979E+01 -6.42226614585024447E-02  0.00000000000000000E+00
  1.8958793E-02 -9.09152009843477344E+01 -6.46545700308185228E-02  0.00000000000000000E+00
  1.9086301E-02 -9.08597636075784578E+01 -6.50893622771963887E-02  0.00000000000000000E+00
  1.9214661E-02 -9.08040358885786674E+01 -6.55270574386937754E-02  0.00000000000000000E+00
  1.9343878E-02 -9.07480166374554784E+01 -6.59676748845093586E-02  0.00000000000000000E+00
  1.9473958E-02 -9.06917046605293393E+01 -6.64112341128317435E-02  0.00000000000000000E+00
  1.9604906E-02 -9.06350987603701128E+01 -6.68577547516928800E-02  0.00000000000000000E+00
  1.9736730E-02 -9.05781977358368806E+01 -6.73072565598279576E-02  0.00000000000000000E+00
  1.9869433E-02 -9.05210003821210165E+01 -6.77597594275405474E-02  0.00000000000000000E+00
  2.0003023E-02 -9.04635054907925280E+01 -6.82152833775732104E-02  0.00000000000000000E+00
  2.0137505E-02 -9.04057118498522954E+01 -6.86738485659839915E-02  0.00000000000000000E+00
  2.0272886E-02 -9.03476182437847086E+01 -6.91354752830284774E-02  0.00000000000000000E+00
  2.0409170E-02 -9.02892234536161737E+01 -6.96001839540478090E-02  0.00000000000000000E+00
  2.0546365E-02 -9.02305262569828272E+01 -7.00679951403619800E-02  0.00000000000000000E+00
  2.0684476E-02 -9.01715254281930356E+01 -7.05389295401694233E-02  0.00000000000000000E+00
  2.0823509E-02 -9.01122197382996148E+01 -7.10130079894520927E-02  0.00000000000000000E+00
  2.0963471E-02 -9.00526079551764269E+01 -7.14902514628868030E-02  0.00000000000000000E+00
  2.1104368E-02 -8.99926888435999786E+01 -7.19706810747618581E-02  0.00000000000000000E+00
  2.1246205E-02 -8.99324611653324126E+01 -7.24543180799000625E-02  0.00000000000000000E+00
  2.1388990E-02 -8.98719236792079101E+01 -7.29411838745879088E-02  0.00000000000000000E+00
  2.1532729E-02 -8.98110751412326351E+01 -7.34312999975100245E-02  0.00000000000000000E+00
  2.1677427E-02 -8.97499143046801180E+01 -7.39246881306903914E-02  0.00000000000000000E+00
  2.1823092E-02 -8.96884399201912146E+01 -7.44213701004392131E-02  0.00000000000000000E+00
  2.1969730E-02 -8.96266507358853630E+01 -7.49213678783063469E-02  0.00000000000000000E+00
  2.2117347E-02 -8.95645454974745832E+01 -7.54247035820401479E-02  0.00000000000000000E+00
  2.2265950E-02 -8.95021229483769361E+01 -7.59313994765531963E-02  0.00000000000000000E+00
  2.2415546E-02 -8.94393818298394478E+01 -7.64414779748942286E-02  0.00000000000000000E+00
  2.2566140E-02 -8.93763208810703560E+01 -7.69549616392255498E-02  0.00000000000000000E+00
  2.2717740E-02 -8.93129388393672343E+01 -7.74718731818078155E-02  0.00000000000000000E+00
  2.2870353E-02 -8.92492344402560605E+01 -7.79922354659903366E-02  0.00000000000000000E+00
  2.3023985E-02 -8.91852064176352286E+01 -7.85160715072084070E-02  0.00000000000000000E+00
  2.3178643E-02 -8.91208535039247209E+01 -7.90434044739862923E-02  0.00000000000000000E+00
  2.3334334E-02 -8.90561744302222564E+01 -7.95742576889472697E-02  0.00000000000000000E+00
  2.3491065E-02 -8.89911679264617135E+01 -8.01086546298302449E-02  0.00000000000000000E+00
  2.3648843E-02 -8.89258327215819122E+01 -8.06466189305121151E-02  0.00000000000000000E+00
  2.3807674E-02 -8.88601675437020333E+01 -8.11881743820376534E-02  0.00000000000000000E+00
  2.3967566E-02 -8.87941711202994526E+01 -8.17333449336552220E-02  0.00000000000000000E+00
  2.4128526E-02 -8.87278421783977080E+01 -8.22821546938599102E-02  0.00000000000000000E+00
  2.4290561E-02 -8.86611794447656791E+01 -8.28346279314424588E-02  0.00000000000000000E+00
  2.4453678E-02 -8.85941816461191394E+01 -8.33907890765455406E-02  0.00000000000000000E+00
  2.4617884E-02 -8.85268475093312759E+01 -8.39506627217266460E-02  0.00000000000000000E+00
  2.4783188E-02 -8.84591757616555867E+01 -8.45142736230279218E-02  0.00000000000000000E+00
  2.4949595E-02 -8.83911651309610704E+01 -8.50816467010522964E-02  0.00000000000000000E+00
  2.5117113E-02 -8.83228143459692063E+01 -8.56528070420470161E-02  0.00000000000000000E+00
  2.5285751E-02 -8.82541221365083004E+01 -8.62277798989943001E-02  0.00000000000000000E+00
  2.5455514E-02 -8.81850872337839178E+01 -8.68065906927080189E-02  0.00000000000000000E+00
  2.5626412E-02 -8.81157083706533086E+01 -8.73892650129383664E-02  0.00000000000000000E+00
  2.5798450E-02 -8.80459842819226139E+01 -8.79758286194829292E-02  0.00000000000000000E+00
  2.5971638E-02 -8.79759137046545732E+01 -8.85663074433054726E-02  0.00000000000000000E+00
  2.6145983E-02 -8.79054953784952602E+01 -8.91607275876609012E-02  0.00000000000000000E+00
  2.6321491E-02 -8.78347280460235993E+01 -8.97591153292281591E-02  0.00000000000000000E+00
  2.6498172E-02 -8.77636104531114540E+01 -9.03614971192504002E-02  0.00000000000000000E+00
  2.6676033E-02 -8.76921413493111430E+01 -9.09678995846815858E-02  0.00000000000000000E+00
  2.6855082E-02 -8.76203194882721732E+01 -9.15783495293411576E-02  0.00000000000000000E+00
  2.7035327E-02 -8.75481436281729373E+01 -9.21928739350756365E-02  0.00000000000000000E+00
  2.7216775E-02 -8.74756125321833338E+01 -9.28114999629280485E-02  0.00000000000000000E+00
  2.7399435E-02 -8.74027249689651597E+01 -9.34342549543138445E-02  0.00000000000000000E+00
  2.7583315E-02 -8.73294797131946297E+01 -9.40611664322051622E-02  0.00000000000000000E+00
  2.7768424E-02 -8.72558755461223399E+01 -9.46922621023224692E-02  0.00000000000000000E+00
  2.7954768E-02 -8.71819112561753400E+01 -9.53275698543330080E-02  0.00000000000000000E+00
  2.8142357E-02 -8.71075856395965360E+01 -9.59671177630577049E-02  0.00000000000000000E+00
  2.8331199E-02 -8.70328975011233581E+01 -9.66109340896850605E-02  0.00000000000000000E+00
  2.8521302E-02 -8.69578456547143333E+01 -9.72590472829933661E-02  0.00000000000000000E+00
  2.8712675E-02 -8.68824289243307817E+01 -9.79114859805796378E-02  0.00000000000000000E+00
  2.8905326E-02 -8.68066461447617428E+01 -9.85682790100971817E-02  0.00000000000000000E+00
  2.9099263E-02 -8.67304961625028454E+01 -9.92294553905007787E-02  0.00000000000000000E+00
  2.9294496E-02 -8.66539778367013582E+01 -9.98950443332991128E-02  0.00000000000000000E+00
  2.9491032E-02 -8.65770900401558521E+01 -1.00565075243815749E-01  0.00000000000000000E+00
  2.9688882E-02 -8.64998316603763158E+01 -1.01239577722457549E-01  0.00000000000000000E+00
  2.9888052E-02 -8.64222016007143736E+01 -1.01918581565991803E-01  0.00000000000000000E+00
  3.0088553E-02 -8.63441987815624543E+01 -1.02602116768829993E-01  0.00000000000000000E+00
  3.0290393E-02 -8.62658221416185427E+01 -1.03290213524320884E-01  0.00000000000000000E+00
  3.0493580E-02 -8.61870706392245438E+01 -1.03982902226051332E-01  0.00000000000000000E+00
  3.0698125E-02 -8.61079432537794816E+01 -1.04680213469154682E-01  0.00000000000000000E+00
  3.0904036E-02 -8.60284389872228417E+01 -1.05382178051628042E-01  0.00000000000000000E+00
  3.1111322E-02 -8.59485568655964585E+01 -1.06088826975657219E-01  0.00000000000000000E+00
  3.1319993E-02 -8.58682959406757789E+01 -1.06800191448950671E-01  0.00000000000000000E+00
  3.1530057E-02 -8.57876552916726780E+01 -1.07516302886080606E-01  0.00000000000000000E+00
  3.1741524E-02 -8.57066340270153120E+01 -1.08237192909833385E-01  0.00000000000000000E+00
  3.1954404E-02 -8.56252312861880682E+01 -1.08962893352567897E-01  0.00000000000000000E+00
  3.2168705E-02 -8.55434462416318695E+01 -1.09693436257582697E-01  0.00000000000000000E+00
  3.2384437E-02 -8.54612781007128888E+01 -1.10428853880490868E-01  0.00000000000000000E+00
  3.2601610E-02 -8.53787261077343089E+01 -1.11169178690604137E-01  0.00000000000000000E+00
  3.2820234E-02 -8.52957895459880149E+01 -1.11914443372325506E-01  0.00000000000000000E+00
  3.3040318E-02 -8.52124677398472841E+01 -1.12664680826549859E-01  0.00000000000000000E+00
  3.3261871E-02 -8.51287600568802958E+01 -1.13419924172073791E-01  0.00000000000000000E+00
  3.3484904E-02 -8.50446659099691686E+01 -1.14180206747013818E-01  0.00000000000000000E+00
  3.3709427E-02 -8.49601847594270367E+01 -1.14945562110233934E-01  0.00000000000000000E+00
  3.3935450E-02 -8.48753161151026347E+01 -1.15716024042780752E-01  0.00000000000000000E+00
  3.4162981E-02 -8.47900595384344911E+01 -1.16491626549328348E-01  0.00000000000000000E+00
  3.4392033E-02 -8.47044146444565342E+01 -1.17272403859632265E-01  0.00000000000000000E+00
  3.4622614E-02 -8.46183811037289075E+01 -1.18058390429991222E-01  0.00000000000000000E+00
  3.4854735E-02 -8.45319586441614206E+01 -1.18849620944718806E-01  0.00000000000000000E+00
  3.5088407E-02 -8.44451470527201167E+01 -1.19646130317623708E-01  0.00000000000000000E+00
  3.5323639E-02 -8.43579461769800218E+01 -1.20447953693499352E-01  0.00000000000000000E+00
  3.5560442E-02 -8.42703559265091968E+01 -1.21255126449621831E-01  0.00000000000000000E+00
  3.5798827E-02 -8.41823762740462627E+01 -1.22067684197257775E-01  0.00000000000000000E+00
  3.6038803E-02 -8.40940072564456500E+01 -1.22885662783181235E-01  0.00000000000000000E+00
  3.6280383E-02 -8.40052489753733767E+01 -1.23709098291199110E-01  0.00000000000000000E+00
  3.6523575E-02 -8.39161015977112328E+01 -1.24538027043686619E-01  0.00000000000000000E+00
  3.6768392E-02 -8.38265653556412502E+01 -1.25372485603131578E-01  0.00000000000000000E+00
  3.7014845E-02 -8.37366405463970978E+01 -1.26212510773688613E-01  0.00000000000000000E+00
  3.7262943E-02 -8.36463275316469037E+01 -1.27058139602741593E-01  0.00000000000000000E+00
  3.7512698E-02 -8.35556267364784446E+01 -1.27909409382476635E-01  0.00000000000000000E+00
  3.7764121E-02 -8.34645386479732281E+01 -1.28766357651463936E-01  0.00000000000000000E+00
  3.8017223E-02 -8.33730638133447002E+01 -1.29629022196249694E-01  0.00000000000000000E+00
  3.8272015E-02 -8.32812028376290243E+01 -1.30497441052956464E-01  0.00000000000000000E+00
  3.8528510E-02 -8.31889563809073280E+01 -1.31371652508894154E-01  0.00000000000000000E+00
  3.8786717E-02 -8.30963251550540889E+01 -1.32251695104180694E-01  0.00000000000000000E+00
  3.9046649E-02 -8.30033099200103948E+01 -1.33137607633371013E-01  0.00000000000000000E+00
  3.9308316E-02 -8.29099114795761238E+01 -1.34029429147097395E-01  0.00000000000000000E+00
  3.9571732E-02 -8.28161306767272549E+01 -1.34927198953718575E-01  0.00000000000000000E+00
  3.9836906E-02 -8.27219683884693779E+01 -1.35830956620979215E-01  0.00000000000000000E+00
  4.0103852E-02 -8.26274255202471579E+01 -1.36740741977678382E-01  0.00000000000000000E+00
  4.0372580E-02 -8.25325029999198421E+01 -1.37656595115348557E-01  0.00000000000000000E+00
  4.0643103E-02 -8.24372017713366461E+01 -1.38578556389944818E-01  0.00000000000000000E+00
  4.0915433E-02 -8.23415227875489109E+01 -1.39506666423543146E-01  0.00000000000000000E+00
  4.1189582E-02 -8.22454670036848796E+01 -1.40440966106049059E-01  0.00000000000000000E+00
  4.1465561E-02 -8.21490353695304378E+01 -1.41381496596916512E-01  0.00000000000000000E+00
  4.1743384E-02 -8.20522288218659810E+01 -1.42328299326877156E-01  0.00000000000000000E+00
  4.2023062E-02 -8.19550482766130983E+01 -1.43281415999678197E-01  0.00000000000000000E+00
  4.2304609E-02 -8.18574946208271399E+01 -1.44240888593832217E-01  0.00000000000000000E+00
  4.2588035E-02 -8.17595687046026001E+01 -1.45206759364376575E-01  0.00000000000000000E+00
  4.2873354E-02 -8.16612713329503777E+01 -1.46179070844642045E-01  0.00000000000000000E+00
  4.3160579E-02 -8.15626032576923308E+01 -1.47157865848033281E-01  0.00000000000000000E+00
  4.3449723E-02 -8.14635651694388656E+01 -1.48143187469818305E-01  0.00000000000000000E+00
  4.3740797E-02 -8.13641576896981746E+01 -1.49135079088929423E-01  0.00000000000000000E+00
  4.4033815E-02 -8.12643813631844694E+01 -1.50133584369773393E-01  0.00000000000000000E+00
  4.4328790E-02 -8.11642366503661350E+01 -1.51138747264052548E-01  0.00000000000000000E+00
  4.4625736E-02 -8.10637239203016122E+01 -1.52150612012597025E-01  0.00000000000000000E+00
  4.4924664E-02 -8.09628434438264151E+01 -1.53169223147205935E-01  0.00000000000000000E+00
  4.5225589E-02 -8.08615953871180579E+01 -1.54194625492500320E-01  0.00000000000000000E+00
  4.5528524E-02 -8.07599798056842246E+01 -1.55226864167786138E-01  0.00000000000000000E+00
  4.5833481E-02 -8.06579966388140122E+01 -1.56265984588928292E-01  0.00000000000000000E+00
  4.6140476E-02 -8.05556457045252472E+01 -1.57312032470234231E-01  0.00000000000000000E+00
  4.6449521E-02 -8.04529266950302002E+01 -1.58365053826349078E-01  0.00000000000000000E+00
  4.6760630E-02 -8.03498391727547698E+01 -1.59425094974161852E-01  0.00000000000000000E+00
  4.7073816E-02 -8.02463825669399711E+01 -1.60492202534720768E-01  0.00000000000000000E+00
  4.7389095E-02 -8.01425561708387590E+01 -1.61566423435160894E-01  0.00000000000000000E+00
  4.7706479E-02 -8.00383591395371070E+01 -1.62647804910641514E-01  0.00000000000000000E+00
  4.8025982E-02 -7.99337904884211241E+01 -1.63736394506295541E-01  0.00000000000000000E+00
  4.8347620E-02 -7.98288490923173129E+01 -1.64832240079187869E-01  0.00000000000000000E+00
  4.8671405E-02 -7.97235336853205609E+01 -1.65935389800286243E-01  0.00000000000000000E+00
  4.8997353E-02 -7.96178428613315816E+01 -1.67045892156442111E-01  0.00000000000000000E+00
  4.9325478E-02 -7.95117750753349526E+01 -1.68163795952383455E-01  0.00000000000000000E+00
  4.9655795E-02 -7.94053286454410312E+01 -1.69289150312716519E-01  0.00000000000000000E+00
  4.9988317E-02 -7.92985017556985241E+01 -1.70422004683940587E-01  0.00000000000000000E+00
  5.0323060E-02 -7.91912924597085350E+01 -1.71562408836473029E-01  0.00000000000000000E+00
  5.0660039E-02 -7.90836986850634105E+01 -1.72710412866684676E-01  0.00000000000000000E+00
  5.0999269E-02 -7.89757182386029939E+01 -1.73866067198947039E-01  0.00000000000000000E+00
  5.1340764E-02 -7.88673488125048294E+01 -1.75029422587690331E-01  0.00000000000000000E+00
  5.1684539E-02 -7.87585879912034699E+01 -1.76200530119472842E-01  0.00000000000000000E+00
  5.2030611E-02 -7.86494332591296086E+01 -1.77379441215060607E-01  0.00000000000000000E+00
  5.2378994E-02 -7.85398820092336365E+01 -1.78566207631518731E-01  0.00000000000000000E+00
  5.2729704E-02 -7.84299315522583669E+01 -1.79760881464314737E-01  0.00000000000000000E+00
  5.3082756E-02 -7.83195791267265378E+01 -1.80963515149430654E-01  0.00000000000000000E+00
  5.3438165E-02 -7.82088219095513324E+01 -1.82174161465489010E-01  0.00000000000000000E+00
  5.3795949E-02 -7.80976570271998014E+01 -1.83392873535887957E-01  0.00000000000000000E+00
  5.4156122E-02 -7.79860815673228132E+01 -1.84619704830949138E-01  0.00000000000000000E+00
  5.4518700E-02 -7.78740925907331700E+01 -1.85854709170075155E-01  0.00000000000000000E+00
  5.4883701E-02 -7.77616871436110841E+01 -1.87097940723919498E-01  0.00000000000000000E+00
  5.5251138E-02 -7.76488622698143303E+01 -1.88349454016567802E-01  0.00000000000000000E+00
  5.5621030E-02 -7.75356150231624923E+01 -1.89609303927728845E-01  0.00000000000000000E+00
  5.5993392E-02 -7.74219424795469422E+01 -1.90877545694938616E-01  0.00000000000000000E+00
  5.6368241E-02 -7.73078417487353136E+01 -1.92154234915774130E-01  0.00000000000000000E+00
  5.6745593E-02 -7.71933099857428573E+01 -1.93439427550080201E-01  0.00000000000000000E+00
  5.7125466E-02 -7.70783444016382049E+01 -1.94733179922205318E-01  0.00000000000000000E+00
  5.7507876E-02 -7.69629422736738320E+01 -1.96035548723250658E-01  0.00000000000000000E+00
  5.7892839E-02 -7.68471009546412631E+01 -1.97346591013329076E-01  0.00000000000000000E+00
  5.8280374E-02 -7.67308178813620430E+01 -1.98666364223836989E-01  0.00000000000000000E+00
  5.8670497E-02 -7.66140905822637563E+01 -1.99994926159735076E-01  0.00000000000000000E+00
  5.9063225E-02 -7.64969166839805013E+01 -2.01332335001842305E-01  0.00000000000000000E+00
  5.9458577E-02 -7.63792939169563425E+01 -2.02678649309141007E-01  0.00000000000000000E+00
  5.9856568E-02 -7.62612201200599884E+01 -2.04033928021091715E-01  0.00000000000000000E+00
  6.0257218E-02 -7.61426932442058870E+01 -2.05398230459960918E-01  0.00000000000000000E+00
  6.0660544E-02 -7.60237113550210779E+01 -2.06771616333159020E-01  0.00000000000000000E+00
  6.1066563E-02 -7.59042726346120418E+01 -2.08154145735590629E-01  0.00000000000000000E+00
  6.1475294E-02 -7.57843753824876956E+01 -2.09545879152014197E-01  0.00000000000000000E+00
  6.1886754E-02 -7.56640180157024815E+01 -2.10946877459414511E-01  0.00000000000000000E+00
  6.2300963E-02 -7.55431990683098604E+01 -2.12357201929386230E-01  0.00000000000000000E+00
  6.2717938E-02 -7.54219171902125538E+01 -2.13776914230527360E-01  0.00000000000000000E+00
  6.3137698E-02 -7.53001711454869280E+01 -2.15206076430845022E-01  0.00000000000000000E+00
  6.3560261E-02 -7.51779598102740323E+01 -2.16644751000171804E-01  0.00000000000000000E+00
  6.3985646E-02 -7.50552821703228688E+01 -2.18093000812594084E-01  0.00000000000000000E+00
  6.4413873E-02 -7.49321373182714439E+01 -2.19550889148889428E-01  0.00000000000000000E+00
  6.4844959E-02 -7.48085244507253861E+01 -2.21018479698976950E-01  0.00000000000000000E+00
  6.5278925E-02 -7.46844428652120200E+01 -2.22495836564378519E-01  0.00000000000000000E+00
  6.5715788E-02 -7.45598919570727645E+01 -2.23983024260689140E-01  0.00000000000000000E+00
  6.6155570E-02 -7.44348712163315156E+01 -2.25480107720060524E-01  0.00000000000000000E+00
  6.6598288E-02 -7.43093802245896882E+01 -2.26987152293693789E-01  0.00000000000000000E+00
  6.7043964E-02 -7.41834186519729712E+01 -2.28504223754344704E-01  0.00000000000000000E+00
  6.7492615E-02 -7.40569862541663611E+01 -2.30031388298837736E-01  0.00000000000000000E+00
  6.7944263E-02 -7.39300828695413230E+01 -2.31568712550592137E-01  0.00000000000000000E+00
  6.8398928E-02 -7.38027084163845331E+01 -2.33116263562159254E-01  0.00000000000000000E+00
  6.8856629E-02 -7.36748628902475957E+01 -2.34674108817768401E-01  0.00000000000000000E+00
  6.9317387E-02 -7.35465463613958264E+01 -2.36242316235885680E-01  0.00000000000000000E+00
  6.9781222E-02 -7.34177589723606445E+01 -2.37820954171781507E-01  0.00000000000000000E+00
  7.0248155E-02 -7.32885009355845938E+01 -2.39410091420110355E-01  0.00000000000000000E+00
  7.0718207E-02 -7.31587725311494808E+01 -2.41009797217498906E-01  0.00000000000000000E+00
  7.1191397E-02 -7.30285741045697705E+01 -2.42620141245145804E-01  0.00000000000000000E+00
  7.1667748E-02 -7.28979060646361461E+01 -2.44241193631432235E-01  0.00000000000000000E+00
  7.2147281E-02 -7.27667688813047278E+01 -2.45873024954540831E-01  0.00000000000000000E+00
  7.2630016E-02 -7.26351630836074946E+01 -2.47515706245086453E-01  0.00000000000000000E+00
  7.3115975E-02 -7.25030892575732651E+01 -2.49169308988755861E-01  0.00000000000000000E+00
  7.3605179E-02 -7.23705480441517892E+01 -2.50833905128958534E-01  0.00000000000000000E+00
  7.4097651E-02 -7.22375401371294714E+01 -2.52509567069485963E-01  0.00000000000000000E+00
  7.4593412E-02 -7.21040662810228383E+01 -2.54196367677181401E-01  0.00000000000000000E+00
  7.5092484E-02 -7.19701272689472660E+01 -2.55894380284619694E-01  0.00000000000000000E+00
  7.5594889E-02 -7.18357239404567451E+01 -2.57603678692796156E-01  0.00000000000000000E+00
  7.6100649E-02 -7.17008571793507201E+01 -2.59324337173824970E-01  0.00000000000000000E+00
  7.6609787E-02 -7.15655279114424729E+01 -2.61056430473646517E-01  0.00000000000000000E+00
  7.7122326E-02 -7.14297371022905452E+01 -2.62800033814745704E-01  0.00000000000000000E+00
  7.7638287E-02 -7.12934857549014964E+01 -2.64555222898877229E-01  0.00000000000000000E+00
  7.8157695E-02 -7.11567749073966809E+01 -2.66322073909800894E-01  0.00000000000000000E+00
  7.8680571E-02 -7.10196056306486696E+01 -2.68100663516025961E-01  0.00000000000000000E+00
  7.9206940E-02 -7.08819790258963138E+01 -2.69891068873564788E-01  0.00000000000000000E+00
  7.9736824E-02 -7.07438962223450005E+01 -2.71693367628693228E-01  0.00000000000000000E+00
  8.0270247E-02 -7.06053583747482918E+01 -2.73507637920720970E-01  0.00000000000000000E+00
  8.0807232E-02 -7.04663666609837378E+01 -2.75333958384771260E-01  0.00000000000000000E+00
  8.1347804E-02 -7.03269222796357525E+01 -2.77172408154565675E-01  0.00000000000000000E+00
  8.1891986E-02 -7.01870264475827810E+01 -2.79023066865219771E-01  0.00000000000000000E+00
  8.2439802E-02 -7.00466803975967593E+01 -2.80886014656045679E-01  0.00000000000000000E+00
  8.2991277E-02 -6.99058853759662213E+01 -2.82761332173362911E-01  0.00000000000000000E+00
  8.3546436E-02 -6.97646426401560404E+01 -2.84649100573315161E-01  0.00000000000000000E+00
  8.4105301E-02 -6.96229534564954236E+01 -2.86549401524695879E-01  0.00000000000000000E+00
  8.4667900E-02 -6.94808190979081957E+01 -2.88462317211782115E-01  0.00000000000000000E+00
  8.5234256E-02 -6.93382408417036515E+01 -2.90387930337172029E-01  0.00000000000000000E+00
  8.5804394E-02 -6.91952199674178416E+01 -2.92326324124632386E-01  0.00000000000000000E+00
  8.6378340E-02 -6.90517577547144299E+01 -2.94277582321951447E-01  0.00000000000000000E+00
  8.6956119E-02 -6.89078554813632564E+01 -2.96241789203799122E-01  0.00000000000000000E+00
  8.7537757E-02 -6.87635144212920153E+01 -2.98219029574590622E-01  0.00000000000000000E+00
  8.8123279E-02 -6.86187358427165037E+01 -3.00209388771359997E-01  0.00000000000000000E+00
  8.8712712E-02 -6.84735210063602864E+01 -3.02212952666636614E-01  0.00000000000000000E+00
  8.9306082E-02 -6.83278711637641578E+01 -3.04229807671329289E-01  0.00000000000000000E+00
  8.9903414E-02 -6.81817875556981221E+01 -3.06260040737612760E-01  0.00000000000000000E+00
  9.0504736E-02 -6.80352714106712995E+01 -3.08303739361822426E-01  0.00000000000000000E+00
  9.1110074E-02 -6.78883239435466237E+01 -3.10360991587352641E-01  0.00000000000000000E+00
  9.1719455E-02 -6.77409463542744277E+01 -3.12431886007558501E-01  0.00000000000000000E+00
  9.2332906E-02 -6.75931398267387920E+01 -3.14516511768663687E-01  0.00000000000000000E+00
  9.2950453E-02 -6.74449055277202945E+01 -3.16614958572670802E-01  0.00000000000000000E+00
  9.3572125E-02 -6.72962446059881927E+01 -3.18727316680277706E-01  0.00000000000000000E+00
  9.4197949E-02 -6.71471581915242552E+01 -3.20853676913794017E-01  0.00000000000000000E+00
  9.4827953E-02 -6.69976473948709241E+01 -3.22994130660062939E-01  0.00000000000000000E+00
  9.5462164E-02 -6.68477133066213298E+01 -3.25148769873386978E-01  0.00000000000000000E+00
  9.6100610E-02 -6.66973569970505480E+01 -3.27317687078452491E-01  0.00000000000000000E+00
  9.6743321E-02 -6.65465795158863642E+01 -3.29500975373260341E-01  0.00000000000000000E+00
  9.7390324E-02 -6.63953818922313559E+01 -3.31698728432055723E-01  0.00000000000000000E+00
  9.8041649E-02 -6.62437651346310048E+01 -3.33911040508262091E-01  0.00000000000000000E+00
  9.8697323E-02 -6.60917302312996640E+01 -3.36138006437412595E-01  0.00000000000000000E+00
  9.9357376E-02 -6.59392781505001153E+01 -3.38379721640085951E-01  0.00000000000000000E+00
  1.0002184E-01 -6.57864098410807117E+01 -3.40636282124841372E-01  0.00000000000000000E+00
  1.0069074E-01 -6.56331262331785297E+01 -3.42907784491152445E-01  0.00000000000000000E+00
  1.0136410E-01 -6.54794282390832763E+01 -3.45194325932342672E-01  0.00000000000000000E+00
  1.0204197E-01 -6.53253167542669644E+01 -3.47496004238518508E-01  0.00000000000000000E+00
  1.0272436E-01 -6.51707926585814903E+01 -3.49812917799503520E-01  0.00000000000000000E+00
  1.0341131E-01 -6.50158568176288298E+01 -3.52145165607767874E-01  0.00000000000000000E+00
  1.0410284E-01 -6.48605100842997757E+01 -3.54492847261357991E-01  0.00000000000000000E+00
  1.0479900E-01 -6.47047533004832616E+01 -3.56856062966824816E-01  0.00000000000000000E+00
  1.0549980E-01 -6.45485872989529952E+01 -3.59234913542145429E-01  0.00000000000000000E+00
  1.0620529E-01 -6.43920129054290413E+01 -3.61629500419644812E-01  0.00000000000000000E+00
  1.0691548E-01 -6.42350309408102760E+01 -3.64039925648911855E-01  0.00000000000000000E+00
  1.0763042E-01 -6.40776422235841636E+01 -3.66466291899713303E-01  0.00000000000000000E+00
  1.0835014E-01 -6.39198475724193571E+01 -3.68908702464898763E-01  0.00000000000000000E+00
  1.0907466E-01 -6.37616478089285508E+01 -3.71367261263304216E-01  0.00000000000000000E+00
  1.0980402E-01 -6.36030437606101202E+01 -3.73842072842649087E-01  0.00000000000000000E+00
  1.1053825E-01 -6.34440362639745956E+01 -3.76333242382424216E-01  0.00000000000000000E+00
  1.1127738E-01 -6.32846261678476694E+01 -3.78840875696775492E-01  0.00000000000000000E+00
  1.1202145E-01 -6.31248143368540866E+01 -3.81365079237379223E-01  0.00000000000000000E+00
  1.1277049E-01 -6.29646016550874847E+01 -3.83905960096309895E-01  0.00000000000000000E+00
  1.1352454E-01 -6.28039890299688679E+01 -3.86463626008896832E-01  0.00000000000000000E+00
  1.1428362E-01 -6.26429773962931478E+01 -3.89038185356574251E-01  0.00000000000000000E+00
  1.1504776E-01 -6.24815677204705864E+01 -3.91629747169720099E-01  0.00000000000000000E+00
  1.1581702E-01 -6.23197610049684130E+01 -3.94238421130485128E-01  0.00000000000000000E+00
  1.1659141E-01 -6.21575582929631807E+01 -3.96864317575608139E-01  0.00000000000000000E+00
  1.1737097E-01 -6.19949606732055045E+01 -3.99507547499221960E-01  0.00000000000000000E+00
  1.1815573E-01 -6.18319692851077463E+01 -4.02168222555647215E-01  0.00000000000000000E+00
  1.1894574E-01 -6.16685853240753445E+01 -4.04846455062168487E-01  0.00000000000000000E+00
  1.1974103E-01 -6.15048100470859751E+01 -4.07542358001801164E-01  0.00000000000000000E+00
  1.2054163E-01 -6.13406447785302902E+01 -4.10256045026040406E-01  0.00000000000000000E+00
  1.2134757E-01 -6.11760909163402573E+01 -4.12987630457597010E-01  0.00000000000000000E+00
  1.2215890E-01 -6.10111499384236211E+01 -4.15737229293112964E-01  0.00000000000000000E+00
  1.2297564E-01 -6.08458234094153312E+01 -4.18504957205863393E-01  0.00000000000000000E+00
  1.2379784E-01 -6.06801129877800420E+01 -4.21290930548440301E-01  0.00000000000000000E+00
  1.2462553E-01 -6.05140204332888203E+01 -4.24095266355414224E-01  0.00000000000000000E+00
  1.2545875E-01 -6.03475476148906509E+01 -4.26918082345979333E-01  0.00000000000000000E+00
  1.2629753E-01 -6.01806965190103682E+01 -4.29759496926576612E-01  0.00000000000000000E+00
  1.2714192E-01 -6.00134692582951246E+01 -4.32619629193496613E-01  0.00000000000000000E+00
  1.2799194E-01 -5.98458680808414769E+01 -4.35498598935457448E-01  0.00000000000000000E+00
  1.2884764E-01 -5.96778953799187235E+01 -4.38396526636161299E-01  0.00000000000000000E+00
  1.2970906E-01 -5.95095537042106102E+01 -4.41313533476827280E-01  0.00000000000000000E+00
  1.3057623E-01 -5.93408457685987756E+01 -4.44249741338695936E-01  0.00000000000000000E+00
  1.3144919E-01 -5.91717744654862443E+01 -4.47205272805510423E-01  0.00000000000000000E+00
  1.3232798E-01 -5.90023428766642297E+01 -4.50180251165968326E-01  0.00000000000000000E+00
  1.3321264E-01 -5.88325542857190058E+01 -4.53174800416147661E-01  0.00000000000000000E+00
  1.3410321E-01 -5.86624121909506044E+01 -4.56189045261898962E-01  0.00000000000000000E+00
  1.3499973E-01 -5.84919203187653522E+01 -4.59223111121210781E-01  0.00000000000000000E+00
  1.3590223E-01 -5.83210826374880895E+01 -4.62277124126541039E-01  0.00000000000000000E+00
  1.3681076E-01 -5.81499033715178015E+01 -4.65351211127118525E-01  0.00000000000000000E+00
  1.3772536E-01 -5.79783870157313785E+01 -4.68445499691204914E-01  0.00000000000000000E+00
  1.3864607E-01 -5.78065383500000038E+01 -4.71560118108326265E-01  0.00000000000000000E+00
  1.3957293E-01 -5.76343624536724946E+01 -4.74695195391467539E-01  0.00000000000000000E+00
  1.4050597E-01 -5.74618647198469574E+01 -4.77850861279225436E-01  0.00000000000000000E+00
  1.4144525E-01 -5.72890508692023204E+01 -4.81027246237926309E-01  0.00000000000000000E+00
  1.4239080E-01 -5.71159269631466984E+01 -4.84224481463701506E-01  0.00000000000000000E+00
  1.4334267E-01 -5.69424994160030451E+01 -4.87442698884523185E-01  0.00000000000000000E+00
  1.4430089E-01 -5.67687750059135610E+01 -4.90682031162192334E-01  0.00000000000000000E+00
  1.4526552E-01 -5.65947608841061509E+01 -4.93942611694286327E-01  0.00000000000000000E+00
  1.4623658E-01 -5.64204645821483268E+01 -4.97224574616060622E-01  0.00000000000000000E+00
  1.4721413E-01 -5.62458940167787986E+01 -5.00528054802298783E-01  0.00000000000000000E+00
  1.4819821E-01 -5.60710574918755427E+01 -5.03853187869118146E-01  0.00000000000000000E+00
  1.4918886E-01 -5.58959636971068932E+01 -5.07200110175721197E-01  0.00000000000000000E+00
  1.5018613E-01 -5.57206217027931956E+01 -5.10568958826098984E-01  0.00000000000000000E+00
  1.5119006E-01 -5.55450409505018925E+01 -5.13959871670675028E-01  0.00000000000000000E+00
  1.5220069E-01 -5.53692312388894052E+01 -5.17372987307898380E-01  0.00000000000000000E+00
  1.5321808E-01 -5.51932027043022160E+01 -5.20808445085779392E-01  0.00000000000000000E+00
  1.5424226E-01 -5.50169657956847900E+01 -5.24266385103362875E-01  0.00000000000000000E+00
  1.5527327E-01 -5.48405312433736185E+01 -5.27746948212144740E-01  0.00000000000000000E+00
  1.5631118E-01 -5.46639100213390066E+01 -5.31250276017423140E-01  0.00000000000000000E+00
  1.5735601E-01 -5.44871133025213510E+01 -5.34776510879589217E-01  0.00000000000000000E+00
  1.5840783E-01 -5.43101524069889194E+01 -5.38325795915346794E-01  0.00000000000000000E+00
  1.5946667E-01 -5.41330387426720847E+01 -5.41898274998866336E-01  0.00000000000000000E+00
  1.6053257E-01 -5.39557837385579191E+01 -5.45494092762872307E-01  0.00000000000000000E+00
  1.6160560E-01 -5.37783987703376027E+01 -5.49113394599650584E-01  0.00000000000000000E+00
  1.6268580E-01 -5.36008950786330516E+01 -5.52756326661989372E-01  0.00000000000000000E+00
  1.6377321E-01 -5.34232836801180966E+01 -5.56423035864039739E-01  0.00000000000000000E+00
  1.6486788E-01 -5.32455752720547153E+01 -5.60113669882100651E-01  0.00000000000000000E+00
  1.6596986E-01 -5.30677801310101600E+01 -5.63828377155318639E-01  0.00000000000000000E+00
  1.6707921E-01 -5.28899080068061949E+01 -5.67567306886310519E-01  0.00000000000000000E+00
  1.6819596E-01 -5.27119680130931982E+01 -5.71330609041698967E-01  0.00000000000000000E+00
  1.6932017E-01 -5.25339685163007459E+01 -5.75118434352557606E-01  0.00000000000000000E+00
  1.7045188E-01 -5.23559170251045458E+01 -5.78930934314770718E-01  0.00000000000000000E+00
  1.7159116E-01 -5.21778200829696601E+01 -5.82768261189298475E-01  0.00000000000000000E+00
  1.7273805E-01 -5.19996831667000947E+01 -5.86630568002350139E-01  0.00000000000000000E+00
  1.7389259E-01 -5.18215105943090322E+01 -5.90518008545455220E-01  0.00000000000000000E+00
  1.7505485E-01 -5.16433054458171412E+01 -5.94430737375438722E-01  0.00000000000000000E+00
  1.7622486E-01 -5.14650695006950016E+01 -5.98368909814293026E-01  0.00000000000000000E+00
  1.7740270E-01 -5.12868031957398003E+01 -6.02332681948946957E-01  0.00000000000000000E+00
  1.7858839E-01 -5.11085056070004811E+01 -6.06322210630919955E-01  0.00000000000000000E+00
  1.7978201E-01 -5.09301744589112673E+01 -6.10337653475873432E-01  0.00000000000000000E+00
  1.8098360E-01 -5.07518061631870623E+01 -6.14379168863046110E-01  0.00000000000000000E+00
  1.8219321E-01 -5.05733958891330673E+01 -6.18446915934569019E-01  0.00000000000000000E+00
  1.8341091E-01 -5.03949376658803629E+01 -6.22541054594666687E-01  0.00000000000000000E+00
  1.8463673E-01 -5.02164245157795222E+01 -6.26661745508731660E-01  0.00000000000000000E+00
  1.8587074E-01 -5.00378486167721093E+01 -6.30809150102277116E-01  0.00000000000000000E+00
  1.8711300E-01 -4.98592014901192044E+01 -6.34983430559755813E-01  0.00000000000000000E+00
  1.8836355E-01 -4.96804742085116402E+01 -6.39184749823250020E-01  0.00000000000000000E+00
  1.8962245E-01 -4.95016576184314374E+01 -6.43413271591028457E-01  0.00000000000000000E+00
  1.9088976E-01 -4.93227425697468860E+01 -6.47669160315956449E-01  0.00000000000000000E+00
  1.9216553E-01 -4.91437201449977010E+01 -6.51952581203773085E-01  0.00000000000000000E+00
  1.9344983E-01 -4.89645818807400914E+01 -6.56263700211215384E-01  0.00000000000000000E+00
  1.9474270E-01 -4.87853199736472973E+01 -6.60602684043998800E-01  0.00000000000000000E+00
  1.9604420E-01 -4.86059274648168795E+01 -6.64969700154638299E-01  0.00000000000000000E+00
  1.9735440E-01 -4.84263983968302583E+01 -6.69364916740117666E-01  0.00000000000000000E+00
  1.9867335E-01 -4.82467279394920681E+01 -6.73788502739397721E-01  0.00000000000000000E+00
  2.0000111E-01 -4.80669124817248559E+01 -6.78240627830755893E-01  0.00000000000000000E+00
  2.0133773E-01 -4.78869496886750241E+01 -6.82721462428960590E-01  0.00000000000000000E+00
  2.0268328E-01 -4.77068385246272157E+01 -6.87231177682272487E-01  0.00000000000000000E+00
  2.0403782E-01 -4.75265792437018604E+01 -6.91769945469270064E-01  0.00000000000000000E+00
  2.0540141E-01 -4.73461733514589014E+01 -6.96337938395488854E-01  0.00000000000000000E+00
  2.0677410E-01 -4.71656235413976574E+01 -7.00935329789881711E-01  0.00000000000000000E+00
  2.0815596E-01 -4.69849336109143891E+01 -7.05562293701084253E-01  0.00000000000000000E+00
  2.0954705E-01 -4.68041083615563736E+01 -7.10219004893491324E-01  0.00000000000000000E+00
  2.1094743E-01 -4.66231534884260839E+01 -7.14905638843126634E-01  0.00000000000000000E+00
  2.1235716E-01 -4.64420754633563533E+01 -7.19622371733316002E-01  0.00000000000000000E+00
  2.1377630E-01 -4.62608814160910669E+01 -7.24369380450149758E-01  0.00000000000000000E+00
  2.1520493E-01 -4.60795790171893600E+01 -7.29146842577728216E-01  0.00000000000000000E+00
  2.1664310E-01 -4.58981763657616710E+01 -7.33954936393194757E-01  0.00000000000000000E+00
  2.1809087E-01 -4.57166818845299616E+01 -7.38793840861540207E-01  0.00000000000000000E+00
  2.1954831E-01 -4.55351042240838098E+01 -7.43663735630183953E-01  0.00000000000000000E+00
  2.2101548E-01 -4.53534521776246251E+01 -7.48564801023313908E-01  0.00000000000000000E+00
  2.2249245E-01 -4.51717346069514392E+01 -7.53497218035992788E-01  0.00000000000000000E+00
  2.2397929E-01 -4.49899603799879415E+01 -7.58461168328020019E-01  0.00000000000000000E+00
  2.2547606E-01 -4.48081383197600758E+01 -7.63456834217536962E-01  0.00000000000000000E+00
  2.2698282E-01 -4.46262771644044847E+01 -7.68484398674382341E-01  0.00000000000000000E+00
  2.2849964E-01 -4.44443855375428072E+01 -7.73544045313181439E-01  0.00000000000000000E+00
  2.3002660E-01 -4.42624719281654322E+01 -7.78635958386171501E-01  0.00000000000000000E+00
  2.3156376E-01 -4.40805446790359525E+01 -7.83760322775746698E-01  0.00000000000000000E+00
  2.3311118E-01 -4.38986119825334953E+01 -7.88917323986727204E-01  0.00000000000000000E+00
  2.3466893E-01 -4.37166818828157204E+01 -7.94107148138343266E-01  0.00000000000000000E+00
  2.3623709E-01 -4.35347622831756240E+01 -7.99329981955919089E-01  0.00000000000000000E+00
  2.3781572E-01 -4.33528609574763308E+01 -8.04586012762263381E-01  0.00000000000000000E+00
  2.3940490E-01 -4.31709855646030505E+01 -8.09875428468750602E-01  0.00000000000000000E+00
  2.4100469E-01 -4.29891436649326621E+01 -8.15198417566091349E-01  0.00000000000000000E+00
  2.4261516E-01 -4.28073427379029994E+01 -8.20555169114776328E-01  0.00000000000000000E+00
  2.4423639E-01 -4.26255901998459663E+01 -8.25945872735199371E-01  0.00000000000000000E+00
  2.4586845E-01 -4.24438934213577141E+01 -8.31370718597444713E-01  0.00000000000000000E+00
  2.4751140E-01 -4.22622597435845151E+01 -8.36829897410726664E-01  0.00000000000000000E+00
  2.4916533E-01 -4.20806964928960170E+01 -8.42323600412486551E-01  0.00000000000000000E+00
  2.5083031E-01 -4.18992109935328045E+01 -8.47852019357127284E-01  0.00000000000000000E+00
  2.5250640E-01 -4.17178105779112869E+01 -8.53415346504386441E-01  0.00000000000000000E+00
  2.5419369E-01 -4.15365025943716688E+01 -8.59013774607331526E-01  0.00000000000000000E+00
  2.5589225E-01 -4.13552944122333841E+01 -8.64647496899976997E-01  0.00000000000000000E+00
  2.5760215E-01 -4.11741934241057947E+01 -8.70316707084513252E-01  0.00000000000000000E+00
  2.5932347E-01 -4.09932070454834729E+01 -8.76021599318130395E-01  0.00000000000000000E+00
  2.6105629E-01 -4.08123427117012270E+01 -8.81762368199442315E-01  0.00000000000000000E+00
  2.6280068E-01 -4.06316078723814726E+01 -8.87539208754490216E-01  0.00000000000000000E+00
  2.6455672E-01 -4.04510099835527939E+01 -8.93352316422327264E-01  0.00000000000000000E+00
  2.6632449E-01 -4.02705564976431702E+01 -8.99201887040159020E-01  0.00000000000000000E+00
  2.6810407E-01 -4.00902548515751533E+01 -9.05088116828051348E-01  0.00000000000000000E+00
  2.6989553E-01 -3.99101124532074962E+01 -9.11011202373178008E-01  0.00000000000000000E+00
  2.7169895E-01 -3.97301366663715214E+01 -9.16971340613613184E-01  0.00000000000000000E+00
  2.7351442E-01 -3.95503347947583279E+01 -9.22968728821640605E-01  0.00000000000000000E+00
  2.7534202E-01 -3.93707140648961555E+01 -9.29003564586590613E-01  0.00000000000000000E+00
  2.7718182E-01 -3.91912816084607272E+01 -9.35076045797181732E-01  0.00000000000000000E+00
  2.7903390E-01 -3.90120444441480743E+01 -9.41186370623352753E-01  0.00000000000000000E+00
  2.8089836E-01 -3.88330094593165214E+01 -9.47334737497589452E-01  0.00000000000000000E+00
  2.8277527E-01 -3.86541833915966464E+01 -9.53521345095720063E-01  0.00000000000000000E+00
  2.8466471E-01 -3.84755728106489556E+01 -9.59746392317183061E-01  0.00000000000000000E+00
  2.8656678E-01 -3.82971841002380344E+01 -9.66010078264734062E-01  0.00000000000000000E+00
  2.8848154E-01 -3.81190234407595341E+01 -9.72312602223606604E-01  0.00000000000000000E+00
  2.9040910E-01 -3.79410967923533704E+01 -9.78654163640100272E-01  0.00000000000000000E+00
  2.9234952E-01 -3.77634098787221788E+01 -9.85034962099578193E-01  0.00000000000000000E+00
  2.9430291E-01 -3.75859681717507996E+01 -9.91455197303880764E-01  0.00000000000000000E+00
  2.9626934E-01 -3.74087768770111282E+01 -9.97915069048122771E-01  0.00000000000000000E+00
  2.9824891E-01 -3.72318409202288478E+01 -1.00441477719688299E+00  0.00000000000000000E+00
  3.0024170E-01 -3.70551649347823613E+01 -1.01095452165974486E+00  0.00000000000000000E+00
  3.0224779E-01 -3.68787532502770148E+01 -1.01753450236620613E+00  0.00000000000000000E+00
  3.0426729E-01 -3.67026098822462359E+01 -1.02415491923992352E+00  0.00000000000000000E+00
  3.0630027E-01 -3.65267385230238304E+01 -1.03081597217228227E+00  0.00000000000000000E+00
  3.0834683E-01 -3.63511425338133378E+01 -1.03751786099528487E+00  0.00000000000000000E+00
  3.1040706E-01 -3.61758249379846717E+01 -1.04426078545373358E+00  0.00000000000000000E+00
  3.1248104E-01 -3.60007884156239726E+01 -1.05104494517670566E+00  0.00000000000000000E+00
  3.1456888E-01 -3.58260352993577982E+01 -1.05787053964828770E+00  0.00000000000000000E+00
  3.1667066E-01 -3.56515675714659324E+01 -1.06473776817757626E+00  0.00000000000000000E+00
  3.1878648E-01 -3.54773868622998378E+01 -1.07164682986791160E+00  0.00000000000000000E+00
  3.2091643E-01 -3.53034944500194712E+01 -1.07859792358534312E+00  0.00000000000000000E+00
  3.2306061E-01 -3.51298912616626637E+01 -1.08559124792629325E+00  0.00000000000000000E+00
  3.2521910E-01 -3.49565778755501242E+01 -1.09262700118442435E+00  0.00000000000000000E+00
  3.2739201E-01 -3.47835545250343898E+01 -1.09970538131668039E+00  0.00000000000000000E+00
  3.2957944E-01 -3.46108211036051330E+01 -1.10682658590848182E+00  0.00000000000000000E+00
  3.3178147E-01 -3.44383771713451097E+01 -1.11399081213807194E+00  0.00000000000000000E+00
  3.3399821E-01 -3.42662219627373474E+01 -1.12119825673998275E+00  0.00000000000000000E+00
  3.3622975E-01 -3.40943543958240696E+01 -1.12844911596761710E+00  0.00000000000000000E+00
  3.3847620E-01 -3.39227730827101510E+01 -1.13574358555490940E+00  0.00000000000000000E+00
  3.4073765E-01 -3.37514763413939107E+01 -1.14308186067706807E+00  0.00000000000000000E+00
  3.4301420E-01 -3.35804622089112428E+01 -1.15046413591037111E+00  0.00000000000000000E+00
  3.4530596E-01 -3.34097284557720400E+01 -1.15789060519098896E+00  0.00000000000000000E+00
  3.4761303E-01 -3.32392726016524023E+01 -1.16536146177283140E+00  0.00000000000000000E+00
  3.4993550E-01 -3.30690919323051560E+01 -1.17287689818438490E+00  0.00000000000000000E+00
  3.5227348E-01 -3.28991835176396279E+01 -1.18043710618453357E+00  0.00000000000000000E+00
  3.5462708E-01 -3.27295442309134899E+01 -1.18804227671732332E+00  0.00000000000000000E+00
  3.5699640E-01 -3.25601707689575193E+01 -1.19569259986567289E+00  0.00000000000000000E+00
  3.5938154E-01 -3.23910596733508243E+01 -1.20338826480399819E+00  0.00000000000000000E+00
  3.6178261E-01 -3.22222073524514911E+01 -1.21112945974972197E+00  0.00000000000000000E+00
  3.6419971E-01 -3.20536101041596027E+01 -1.21891637191366131E+00  0.00000000000000000E+00
  3.6663296E-01 -3.18852641392839331E+01 -1.22674918744926442E+00  0.00000000000000000E+00
  3.6908246E-01 -3.17171656053646132E+01 -1.23462809140067398E+00  0.00000000000000000E+00
  3.7154832E-01 -3.15493106107884387E+01 -1.24255326764958873E+00  0.00000000000000000E+00
  3.7403065E-01 -3.13816952490099368E+01 -1.25052489886091567E+00  0.00000000000000000E+00
  3.7652955E-01 -3.12143156226852483E+01 -1.25854316642717290E+00  0.00000000000000000E+00
  3.7904515E-01 -3.10471678675117886E+01 -1.26660825041162495E+00  0.00000000000000000E+00
  3.8157755E-01 -3.08802481755484592E+01 -1.27472032949013125E+00  0.00000000000000000E+00
  3.8412685E-01 -3.07135528177934560E+01 -1.28287958089167464E+00  0.00000000000000000E+00
  3.8669319E-01 -3.05470781657946446E+01 -1.29108618033755373E+00  0.00000000000000000E+00
  3.8927666E-01 -3.03808207120780196E+01 -1.29934030197919692E+00  0.00000000000000000E+00
  3.9187739E-01 -3.02147770891879048E+01 -1.30764211833459498E+00  0.00000000000000000E+00
  3.9449549E-01 -3.00489440871707671E+01 -1.31599180022331086E+00  0.00000000000000000E+00
  3.9713107E-01 -2.98833186693799604E+01 -1.32438951670003457E+00  0.00000000000000000E+00
  3.9978426E-01 -2.97178979865236812E+01 -1.33283543498667201E+00  0.00000000000000000E+00
  4.0245517E-01 -2.95526793889746955E+01 -1.34132972040293352E+00  0.00000000000000000E+00
  4.0514391E-01 -2.93876604374564891E+01 -1.34987253629537474E+00  0.00000000000000000E+00
  4.0785061E-01 -2.92228389123322216E+01 -1.35846404396490361E+00  0.00000000000000000E+00
  4.1057539E-01 -2.90582128219014351E+01 -1.36710440259267707E+00  0.00000000000000000E+00
  4.1331836E-01 -2.88937804102714324E+01 -1.37579376916438045E+00  0.00000000000000000E+00
  4.1607966E-01 -2.87295401655693183E+01 -1.38453229839287495E+00  0.00000000000000000E+00
  4.1885939E-01 -2.85654908295324077E+01 -1.39332014263914705E+00  0.00000000000000000E+00
  4.2165769E-01 -2.84016314097380302E+01 -1.40215745183154561E+00  0.00000000000000000E+00
  4.2447468E-01 -2.82379611960634804E+01 -1.41104437338329780E+00  0.00000000000000000E+00
  4.2731049E-01 -2.80744797831495276E+01 -1.41998105210821524E+00  0.00000000000000000E+00
  4.3016523E-01 -2.79111871011373012E+01 -1.42896763013462902E+00  0.00000000000000000E+00
  4.3303904E-01 -2.77480834571618828E+01 -1.43800424681745298E+00  0.00000000000000000E+00
  4.3593204E-01 -2.75851695900652345E+01 -1.44709103864838085E+00  0.00000000000000000E+00
  4.3884437E-01 -2.74224467414775859E+01 -1.45622813916418448E+00  0.00000000000000000E+00
  4.4177614E-01 -2.72599167463010446E+01 -1.46541567885305324E+00  0.00000000000000000E+00
  4.4472749E-01 -2.70975821455065926E+01 -1.47465378505894851E+00  0.00000000000000000E+00
  4.4769856E-01 -2.69354463242348174E+01 -1.48394258188396444E+00  0.00000000000000000E+00
  4.5068947E-01 -2.67735136777411498E+01 -1.49328219008861596E+00  0.00000000000000000E+00
  4.5370035E-01 -2.66117898071808696E+01 -1.50267272699003041E+00  0.00000000000000000E+00
  4.5673134E-01 -2.64502817461151238E+01 -1.51211430635804400E+00  0.00000000000000000E+00
  4.5978258E-01 -2.62889982182650073E+01 -1.52160703830908561E+00  0.00000000000000000E+00
  4.6285419E-01 -2.61279499241603332E+01 -1.53115102919790069E+00  0.00000000000000000E+00
  4.6594631E-01 -2.59671498528970517E+01 -1.54074638150700038E+00  0.00000000000000000E+00
  4.6905909E-01 -2.58066136145782679E+01 -1.55039319373382867E+00  0.00000000000000000E+00
  4.7219266E-01 -2.56463597835877266E+01 -1.56009156027562490E+00  0.00000000000000000E+00
  4.7534715E-01 -2.54864102413209679E+01 -1.56984157131189850E+00  0.00000000000000000E+00
  4.7852272E-01 -2.53267905044964294E+01 -1.57964331268449465E+00  0.00000000000000000E+00
  4.8171949E-01 -2.51675300206558887E+01 -1.58949686577523375E+00  0.00000000000000000E+00
  4.8493761E-01 -2.50086624100632804E+01 -1.59940230738103084E+00  0.00000000000000000E+00
  4.8817722E-01 -2.48502256300680529E+01 -1.60935970958648222E+00  0.00000000000000000E+00
  4.9143847E-01 -2.46922620355985742E+01 -1.61936913963389006E+00  0.00000000000000000E+00
  4.9472151E-01 -2.45348183077585134E+01 -1.62943065979064006E+00  0.00000000000000000E+00
  4.9802646E-01 -2.43779452216998607E+01 -1.63954432721390497E+00  0.00000000000000000E+00
  5.0135349E-01 -2.42216972254565519E+01 -1.64971019381266082E+00  0.00000000000000000E+00
  5.0470274E-01 -2.40661318034804026E+01 -1.65992830610689279E+00  0.00000000000000000E+00
  5.0807436E-01 -2.39113086025340209E+01 -1.67019870508403612E+00  0.00000000000000000E+00
  5.1146850E-01 -2.37572883038819072E+01 -1.68052142605252519E+00  0.00000000000000000E+00
  5.1488530E-01 -2.36041312346899730E+01 -1.69089649849243884E+00  0.00000000000000000E+00
  5.1832493E-01 -2.34518957237317949E+01 -1.70132394590320857E+00  0.00000000000000000E+00
  5.2178752E-01 -2.33006362223423906E+01 -1.71180378564829971E+00  0.00000000000000000E+00
  5.2527324E-01 -2.31504012311358878E+01 -1.72233602879683056E+00  0.00000000000000000E+00
  5.2878224E-01 -2.30012310962091533E+01 -1.73292067996211174E+00  0.00000000000000000E+00
  5.3231468E-01 -2.28531557644768810E+01 -1.74355773713699747E+00  0.00000000000000000E+00
  5.3587071E-01 -2.27061926144630206E+01 -1.75424719152602560E+00  0.00000000000000000E+00
  5.3945049E-01 -2.25603445033861334E+01 -1.76498902737431851E+00  0.00000000000000000E+00
  5.4305417E-01 -2.24155981895468415E+01 -1.77578322179313552E+00  0.00000000000000000E+00
  5.4668193E-01 -2.22719232957749398E+01 -1.78662974458205914E+00  0.00000000000000000E+00
  5.5033391E-01 -2.21292719701250320E+01 -1.79752855804777334E+00  0.00000000000000000E+00
  5.5401028E-01 -2.19875793701629334E+01 -1.80847961681932246E+00  0.00000000000000000E+00
  5.5771121E-01 -2.18467650455608151E+01 -1.81948286765986844E+00  0.00000000000000000E+00
  5.6143685E-01 -2.17067352226789723E+01 -1.83053824927482833E+00  0.00000000000000000E+00
  5.6518738E-01 -2.15673859108232762E+01 -1.84164569211635398E+00  0.00000000000000000E+00
  5.6896295E-01 -2.14286066635504113E+01 -1.85280511818412741E+00  0.00000000000000000E+00
  5.7276374E-01 -2.12902847527714556E+01 -1.86401644082236184E+00  0.00000000000000000E+00
  5.7658991E-01 -2.11523094613036875E+01 -1.87527956451297428E+00  0.00000000000000000E+00
  5.8044164E-01 -2.10145761809160234E+01 -1.88659438466489138E+00  0.00000000000000000E+00
  5.8431909E-01 -2.08769900221600722E+01 -1.89796078739938601E+00  0.00000000000000000E+00
  5.8822244E-01 -2.07394686968564343E+01 -1.90937864933140333E+00  0.00000000000000000E+00
  5.9215185E-01 -2.06019445152510485E+01 -1.92084783734683984E+00  0.00000000000000000E+00
  5.9610751E-01 -2.04643654342962122E+01 -1.93236820837565282E+00  0.00000000000000000E+00
  6.0008959E-01 -2.03266951865608263E+01 -1.94393960916081743E+00  0.00000000000000000E+00
  6.0409827E-01 -2.01889125980828368E+01 -1.95556187602299136E+00  0.00000000000000000E+00
  6.0813371E-01 -2.00510102590712478E+01 -1.96723483462086501E+00  0.00000000000000000E+00
  6.1219611E-01 -1.99129927400608722E+01 -1.97895829970714643E+00  0.00000000000000000E+00
  6.1628564E-01 -1.97748745491356743E+01 -1.99073207488007742E+00  0.00000000000000000E+00
  6.2040248E-01 -1.96366780079912502E+01 -2.00255595233042527E+00  0.00000000000000000E+00
  6.2454681E-01 -1.94984311928427445E+01 -2.01442971258393255E+00  0.00000000000000000E+00
  6.2871883E-01 -1.93601660477009005E+01 -2.02635312423908331E+00  0.00000000000000000E+00
  6.3291870E-01 -1.92219167385112399E+01 -2.03832594370016507E+00  0.00000000000000000E+00
  6.3714663E-01 -1.90837182816920148E+01 -2.05034791490557833E+00  0.00000000000000000E+00
  6.4140279E-01 -1.89456054523912201E+01 -2.06241876905126897E+00  0.00000000000000000E+00
  6.4568738E-01 -1.88076119572511260E+01 -2.07453822430925472E+00  0.00000000000000000E+00
  6.5000059E-01 -1.86697698434124391E+01 -2.08670598554119646E+00  0.00000000000000000E+00
  6.5434260E-01 -1.85321091088105021E+01 -2.09892174400687903E+00  0.00000000000000000E+00
  6.5871361E-01 -1.83946574770357216E+01 -2.11118517706762088E+00  0.00000000000000000E+00
  6.6311381E-01 -1.82574403017108295E+01 -2.12349594788446883E+00  0.00000000000000000E+00
  6.6754340E-01 -1.81204805690712192E+01 -2.13585370511113792E+00  0.00000000000000000E+00
  6.7200257E-01 -1.79837989721756912E+01 -2.14825808258166218E+00  0.00000000000000000E+00
  6.7649152E-01 -1.78474140351479491E+01 -2.16070869899262119E+00  0.00000000000000000E+00
  6.8101046E-01 -1.77113422704877195E+01 -2.17320515757991162E+00  0.00000000000000000E+00
  6.8555957E-01 -1.75755983565450151E+01 -2.18574704579001766E+00  0.00000000000000000E+00
  6.9013907E-01 -1.74401953256077888E+01 -2.19833393494565232E+00  0.00000000000000000E+00
  6.9474915E-01 -1.73051447556583611E+01 -2.21096537990573871E+00  0.00000000000000000E+00
  6.9939002E-01 -1.71704569608297390E+01 -2.22364091871967862E+00  0.00000000000000000E+00
  7.0406189E-01 -1.70361411770295774E+01 -2.23636007227578260E+00  0.00000000000000000E+00
  7.0876495E-01 -1.69022057401840300E+01 -2.24912234394386079E+00  0.00000000000000000E+00
  7.1349943E-01 -1.67686582552567813E+01 -2.26192721921185003E+00  0.00000000000000000E+00
  7.1826553E-01 -1.66355057546572027E+01 -2.27477416531642884E+00  0.00000000000000000E+00
  7.2306345E-01 -1.65027548449793073E+01 -2.28766263086758492E+00  0.00000000000000000E+00
  7.2789343E-01 -1.63704118412777149E+01 -2.30059204546700613E+00  0.00000000000000000E+00
  7.3275565E-01 -1.62384828882841532E+01 -2.31356181932026761E+00  0.00000000000000000E+00
  7.3765036E-01 -1.61069740681625007E+01 -2.32657134284276079E+00  0.00000000000000000E+00
  7.4257775E-01 -1.59758914946083479E+01 -2.33961998625925682E+00  0.00000000000000000E+00
  7.4753805E-01 -1.58452413932792382E+01 -2.35270709919705823E+00  0.00000000000000000E+00
  7.5253148E-01 -1.57150301687336480E+01 -2.36583201027270507E+00  0.00000000000000000E+00
  7.5755826E-01 -1.55852644582626283E+01 -2.37899402667211923E+00  0.00000000000000000E+00
  7.6261861E-01 -1.54559511731537498E+01 -2.39219243372414203E+00  0.00000000000000000E+00
  7.6771275E-01 -1.53270975280876485E+01 -2.40542649446745305E+00  0.00000000000000000E+00
  7.7284092E-01 -1.51987110595130446E+01 -2.41869544921070423E+00  0.00000000000000000E+00
  7.7800334E-01 -1.50707996339265833E+01 -2.43199851508593401E+00  0.00000000000000000E+00
  7.8320023E-01 -1.49433714470807075E+01 -2.44533488559510070E+00  0.00000000000000000E+00
  7.8843184E-01 -1.48164350151774187E+01 -2.45870373014971833E+00  0.00000000000000000E+00
  7.9369838E-01 -1.46899991591129009E+01 -2.47210419360357658E+00  0.00000000000000000E+00
  7.9900010E-01 -1.45640729828510018E+01 -2.48553539577841009E+00  0.00000000000000000E+00
  8.0433722E-01 -1.44386658469541374E+01 -2.49899643098252522E+00  0.00000000000000000E+00
  8.0970999E-01 -1.43137873382458736E+01 -2.51248636752233212E+00  0.00000000000000000E+00
  8.1511864E-01 -1.41894472365377737E+01 -2.52600424720669814E+00  0.00000000000000000E+00
  8.2056342E-01 -1.40656554792548150E+01 -2.53954908484408870E+00  0.00000000000000000E+00
  8.2604456E-01 -1.39424221247143976E+01 -2.55311986773249622E+00  0.00000000000000000E+00
  8.3156230E-01 -1.38197573147486281E+01 -2.56671555514202510E+00  0.00000000000000000E+00
  8.3711690E-01 -1.36976712372432559E+01 -2.58033507779019189E+00  0.00000000000000000E+00
  8.4270859E-01 -1.35761740891085196E+01 -2.59397733730982960E+00  0.00000000000000000E+00
  8.4833763E-01 -1.34552760401070373E+01 -2.60764120570958102E+00  0.00000000000000000E+00
  8.5400427E-01 -1.33349871978770267E+01 -2.62132552482698911E+00  0.00000000000000000E+00
  8.5970874E-01 -1.32153175744480649E+01 -2.63502910577409422E+00  0.00000000000000000E+00
  8.6545132E-01 -1.30962770544598754E+01 -2.64875072837553960E+00  0.00000000000000000E+00
  8.7123225E-01 -1.29778753652402514E+01 -2.66248914059919706E+00  0.00000000000000000E+00
  8.7705179E-01 -1.28601220488729098E+01 -2.67624305797923112E+00  0.00000000000000000E+00
  8.8291019E-01 -1.27430264363188286E+01 -2.69001116303161725E+00  0.00000000000000000E+00
  8.8880772E-01 -1.26265976236227289E+01 -2.70379210466213671E+00  0.00000000000000000E+00
  8.9474464E-01 -1.25108444502263012E+01 -2.71758449756677800E+00  0.00000000000000000E+00
  9.0072121E-01 -1.23957754793628965E+01 -2.73138692162457097E+00  0.00000000000000000E+00
  9.0673769E-01 -1.22813989804944725E+01 -2.74519792128289541E+00  0.00000000000000000E+00
  9.1279436E-01 -1.21677229137491878E+01 -2.75901600493518240E+00  0.00000000000000000E+00
  9.1889148E-01 -1.20547549162828176E+01 -2.77283964429112295E+00  0.00000000000000000E+00
  9.2502931E-01 -1.19425022905034695E+01 -2.78666727373931433E+00  0.00000000000000000E+00
  9.3120814E-01 -1.18309719940776432E+01 -2.80049728970240697E+00  0.00000000000000000E+00
  9.3742824E-01 -1.17201706316234464E+01 -2.81432804998480401E+00  0.00000000000000000E+00
  9.4368987E-01 -1.16101044480258082E+01 -2.82815787311289402E+00  0.00000000000000000E+00
  9.4999333E-01 -1.15007793232785360E+01 -2.84198503766787614E+00  0.00000000000000000E+00
  9.5633889E-01 -1.13922007687581299E+01 -2.85580778161127435E+00  0.00000000000000000E+00
  9.6272682E-01 -1.12843739248665713E+01 -2.86962430160311843E+00  0.00000000000000000E+00
  9.6915742E-01 -1.11773035599499053E+01 -2.88343275231288443E+00  0.00000000000000000E+00
  9.7563096E-01 -1.10709940704048790E+01 -2.89723124572331114E+00  0.00000000000000000E+00
  9.8214774E-01 -1.09654494819173465E+01 -2.91101785042708139E+00  0.00000000000000000E+00
  9.8870804E-01 -1.08606734517448160E+01 -2.92479059091650750E+00  0.00000000000000000E+00
  9.9531216E-01 -1.07566692719711909E+01 -2.93854744686633662E+00  0.00000000000000000E+00
  1.0019604E+00 -1.06534398736801705E+01 -2.95228635240969339E+00  0.00000000000000000E+00
  1.0086530E+00 -1.05509878319640649E+01 -2.96600519540737517E+00  0.00000000000000000E+00
  1.0153903E+00 -1.04493153717224345E+01 -2.97970181671054091E+00  0.00000000000000000E+00
  1.0221726E+00 -1.03484243741879283E+01 -2.99337400941694165E+00  0.00000000000000000E+00
  1.0290003E+00 -1.02483163841087617E+01 -3.00701951812089607E+00  0.00000000000000000E+00
  1.0358735E+00 -1.01489926175574112E+01 -3.02063603815705717E+00  0.00000000000000000E+00
  1.0427926E+00 -1.00504539703013194E+01 -3.03422121483821083E+00  0.00000000000000000E+00
  1.0497579E+00 -9.95270102667495848E+00 -3.04777264268727466E+00  0.00000000000000000E+00
  1.0567698E+00 -9.85573406894167192E+00 -3.06128786466364655E+00  0.00000000000000000E+00
  1.0638284E+00 -9.75955308699488455E+00 -3.07476437138411685E+00  0.00000000000000000E+00
  1.0709343E+00 -9.66415778861805563E+00 -3.08819960033860408E+00  0.00000000000000000E+00
  1.0780875E+00 -9.56954760994850062E+00 -3.10159093510084505E+00  0.00000000000000000E+00
  1.0852886E+00 -9.47572172601739737E+00 -3.11493570453438151E+00  0.00000000000000000E+00
  1.0925377E+00 -9.38267906197191337E+00 -3.12823118199402472E+00  0.00000000000000000E+00
  1.0998353E+00 -9.29041830431680182E+00 -3.14147458452308204E+00  0.00000000000000000E+00
  1.1071816E+00 -9.19893791217658929E+00 -3.15466307204667684E+00  0.00000000000000000E+00
  1.1145769E+00 -9.10823612888179923E+00 -3.16779374656139723E+00  0.00000000000000000E+00
  1.1220217E+00 -9.01831099357819710E+00 -3.18086365132161530E+00  0.00000000000000000E+00
  1.1295162E+00 -8.92916035289616161E+00 -3.19386977002285510E+00  0.00000000000000000E+00
  1.1370607E+00 -8.84078187265281201E+00 -3.20680902598248707E+00  0.00000000000000000E+00
  1.1446556E+00 -8.75317304953296116E+00 -3.21967828131816480E+00  0.00000000000000000E+00
  1.1523012E+00 -8.66633122273296408E+00 -3.23247433612441259E+00  0.00000000000000000E+00
  1.1599979E+00 -8.58025358553095430E+00 -3.24519392764772352E+00  0.00000000000000000E+00
  1.1677460E+00 -8.49493719671262681E+00 -3.25783372946062721E+00  0.00000000000000000E+00
  1.1755459E+00 -8.41037899187210769E+00 -3.27039035063520345E+00  0.00000000000000000E+00
  1.1833978E+00 -8.32657579455225516E+00 -3.28286033491645268E+00  0.00000000000000000E+00
  1.1913022E+00 -8.24352432715913608E+00 -3.29524015989609831E+00  0.00000000000000000E+00
  1.1992594E+00 -8.16122122164900077E+00 -3.30752623618727171E+00  0.00000000000000000E+00
  1.2072697E+00 -8.07966302995569663E+00 -3.31971490660065260E+00  0.00000000000000000E+00
  1.2153335E+00 -7.99884623412425810E+00 -3.33180244532266823E+00  0.00000000000000000E+00
  1.2234512E+00 -7.91876725614119437E+00 -3.34378505709627882E+00  0.00000000000000000E+00
  1.2316231E+00 -7.83942246743063720E+00 -3.35565887640501215E+00  0.00000000000000000E+00
  1.2398495E+00 -7.76080819798627886E+00 -3.36741996666091481E+00  0.00000000000000000E+00
  1.2481309E+00 -7.68292074514027945E+00 -3.37906431939704266E+00  0.00000000000000000E+00
  1.2564676E+00 -7.60575638194217163E+00 -3.39058785346523672E+00  0.00000000000000000E+00
  1.2648600E+00 -7.52931136512415833E+00 -3.40198641423992765E+00  0.00000000000000000E+00
  1.2733084E+00 -7.45358194266246699E+00 -3.41325577282870096E+00  0.00000000000000000E+00
  1.2818133E+00 -7.37856436091055912E+00 -3.42439162529044161E+00  0.00000000000000000E+00
  1.2903750E+00 -7.30425487129633666E+00 -3.43538959186191528E+00  0.00000000000000000E+00
  1.2989938E+00 -7.23064973659458587E+00 -3.44624521619358770E+00  0.00000000000000000E+00
  1.3076702E+00 -7.15774523675305829E+00 -3.45695396459566995E+00  0.00000000000000000E+00
  1.3164046E+00 -7.08553767429116022E+00 -3.46751122529524070E+00  0.00000000000000000E+00
  1.3251972E+00 -7.01402337926981545E+00 -3.47791230770546811E+00  0.00000000000000000E+00
  1.3340487E+00 -6.94319871382668907E+00 -3.48815244170795413E+00  0.00000000000000000E+00
  1.3429592E+00 -6.87306007630459703E+00 -3.49822677694920037E+00  0.00000000000000000E+00
  1.3519292E+00 -6.80360390499177470E+00 -3.50813038215232398E+00  0.00000000000000000E+00
  1.3609592E+00 -6.73482668133530638E+00 -3.51785824444516537E+00  0.00000000000000000E+00
  1.3700494E+00 -6.66672493309032177E+00 -3.52740526870592319E+00  0.00000000000000000E+00
  1.3792004E+00 -6.59929523687310393E+00 -3.53676627692754852E+00  0.00000000000000000E+00
  1.3884124E+00 -6.53253422001840534E+00 -3.54593600760219729E+00  0.00000000000000000E+00
  1.3976860E+00 -6.46643856279393958E+00 -3.55490911512697760E+00  0.00000000000000000E+00
  1.4070216E+00 -6.40100499996258065E+00 -3.56368016923241804E+00  0.00000000000000000E+00
  1.4164195E+00 -6.33623032179150414E+00 -3.57224365443501179E+00  0.00000000000000000E+00
  1.4258801E+00 -6.27211137503266514E+00 -3.58059396951529552E+00  0.00000000000000000E+00
  1.4354039E+00 -6.20864506345697009E+00 -3.58872542702300512E+00  0.00000000000000000E+00
  1.4449914E+00 -6.14582834808729217E+00 -3.59663225281080434E+00  0.00000000000000000E+00
  1.4546428E+00 -6.08365824709247249E+00 -3.60430858559822553E+00  0.00000000000000000E+00
  1.4643588E+00 -6.02213183531898721E+00 -3.61174847656750275E+00  0.00000000000000000E+00
  1.4741396E+00 -5.96124624346049359E+00 -3.61894588899297043E+00  0.00000000000000000E+00
  1.4839857E+00 -5.90099865682306302E+00 -3.62589469790582930E+00  0.00000000000000000E+00
  1.4938976E+00 -5.84138631364372429E+00 -3.63258868979612837E+00  0.00000000000000000E+00
  1.5038757E+00 -5.78240650294276293E+00 -3.63902156235381335E+00  0.00000000000000000E+00
  1.5139205E+00 -5.72405656184565714E+00 -3.64518692425082413E+00  0.00000000000000000E+00
  1.5240323E+00 -5.66633387232052144E+00 -3.65107829496626568E+00  0.00000000000000000E+00
  1.5342116E+00 -5.60923585728795615E+00 -3.65668910465669761E+00  0.00000000000000000E+00
  1.5444590E+00 -5.55275997602508653E+00 -3.66201269407372099E+00  0.00000000000000000E+00
  1.5547748E+00 -5.49690371881507645E+00 -3.66704231453105400E+00  0.00000000000000000E+00
  1.5651594E+00 -5.44166460077958902E+00 -3.67177112792337113E+00  0.00000000000000000E+00
  1.5756135E+00 -5.38704015482339571E+00 -3.67619220679928160E+00  0.00000000000000000E+00
  1.5861373E+00 -5.33302792365894618E+00 -3.68029853449082278E+00  0.00000000000000000E+00
  1.5967314E+00 -5.27962545085863155E+00 -3.68408300530198485E+00  0.00000000000000000E+00
  1.6073963E+00 -5.22683027089455265E+00 -3.68753842475883031E+00  0.00000000000000000E+00
  1.6181324E+00 -5.17463989817069603E+00 -3.69065750992382302E+00  0.00000000000000000E+00
  1.6289403E+00 -5.12305181503781171E+00 -3.69343288977709383E+00  0.00000000000000000E+00
  1.6398203E+00 -5.07206345881294851E+00 -3.69585710566742653E+00  0.00000000000000000E+00
  1.6507729E+00 -5.02167220786604673E+00 -3.69792261183582882E+00  0.00000000000000000E+00
  1.6617987E+00 -4.97187536683522069E+00 -3.69962177601462905E+00  0.00000000000000000E+00
  1.6728982E+00 -4.92267015108714645E+00 -3.70094688010512707E+00  0.00000000000000000E+00
  1.6840718E+00 -4.87405367055301042E+00 -3.70189012093690328E+00  0.00000000000000000E+00
  1.6953200E+00 -4.82602291309518705E+00 -3.70244361111197096E+00  0.00000000000000000E+00
  1.7066433E+00 -4.77857472761499480E+00 -3.70259937993704780E+00  0.00000000000000000E+00
  1.7180422E+00 -4.73170580711402522E+00 -3.70234937444729484E+00  0.00000000000000000E+00
  1.7295173E+00 -4.68541267194552802E+00 -3.70168546052496827E+00  0.00000000000000000E+00
  1.7410690E+00 -4.63969165353995550E+00 -3.70059942411651166E+00  0.00000000000000000E+00
  1.7526979E+00 -4.59453887887978851E+00 -3.69908297255169538E+00  0.00000000000000000E+00
  1.7644044E+00 -4.54995025600248937E+00 -3.69712773596851063E+00  0.00000000000000000E+00
  1.7761892E+00 -4.50592146085017475E+00 -3.69472526884760288E+00  0.00000000000000000E+00
  1.7880526E+00 -4.46244792574053406E+00 -3.69186705166012974E+00  0.00000000000000000E+00
  1.7999952E+00 -4.41952482973334781E+00 -3.68854449263299644E+00  0.00000000000000000E+00
  1.8120176E+00 -4.37714709116902156E+00 -3.68474892963554801E+00  0.00000000000000000E+00
  1.8241203E+00 -4.33530936258416943E+00 -3.68047163219184226E+00  0.00000000000000000E+00
  1.8363039E+00 -4.29400602821391431E+00 -3.67570380362275717E+00  0.00000000000000000E+00
  1.8485688E+00 -4.25323120422962120E+00 -3.67043658332225986E+00  0.00000000000000000E+00
  1.8609156E+00 -4.21297874179738585E+00 -3.66466104917223978E+00  0.00000000000000000E+00
  1.8733449E+00 -4.17324223302810537E+00 -3.65836822010043461E+00  0.00000000000000000E+00
  1.8858572E+00 -4.13401501980180797E+00 -3.65154905878604419E+00  0.00000000000000000E+00
  1.8984530E+00 -4.09529020539112310E+00 -3.64419447451769063E+00  0.00000000000000000E+00
  1.9111330E+00 -4.05706066878470040E+00 -3.63629532620854690E+00  0.00000000000000000E+00
  1.9238977E+00 -4.01931908152226924E+00 -3.62784242557347003E+00  0.00000000000000000E+00
  1.9367476E+00 -3.98205792681085313E+00 -3.61882654047307373E+00  0.00000000000000000E+00
  1.9496833E+00 -3.94526952066981096E+00 -3.60923839842982819E+00  0.00000000000000000E+00
  1.9627055E+00 -3.90894603477566704E+00 -3.59906869032123788E+00  0.00000000000000000E+00
  1.9758145E+00 -3.87307952068572092E+00 -3.58830807425536591E+00  0.00000000000000000E+00
  1.9890112E+00 -3.83766193507661058E+00 -3.57694717963394959E+00  0.00000000000000000E+00
  2.0022960E+00 -3.80268516561346814E+00 -3.56497661140846178E+00  0.00000000000000000E+00
  2.0156695E+00 -3.76814105709834735E+00 -3.55238695453458764E+00  0.00000000000000000E+00
  2.0291323E+00 -3.73402143751845017E+00 -3.53916877863061830E+00  0.00000000000000000E+00
  2.0426851E+00 -3.70031814363221656E+00 -3.52531264284529922E+00  0.00000000000000000E+00
  2.0563283E+00 -3.66702304578438998E+00 -3.51080910094085308E+00  0.00000000000000000E+00
  2.0700627E+00 -3.63412807163797424E+00 -3.49564870659684912E+00  0.00000000000000000E+00
  2.0838888E+00 -3.60162522854776057E+00 -3.47982201894066456E+00  0.00000000000000000E+00
  2.0978072E+00 -3.56950662436935318E+00 -3.46331960831042851E+00  0.00000000000000000E+00
  2.1118186E+00 -3.53776448650384623E+00 -3.44613206225629209E+00  0.00000000000000000E+00
  2.1259236E+00 -3.50639117903214981E+00 -3.42824999178591261E+00  0.00000000000000000E+00
  2.1401227E+00 -3.47537921785581716E+00 -3.40966403786021255E+00  0.00000000000000000E+00
  2.1544168E+00 -3.44472128376450826E+00 -3.39036487814528975E+00  0.00000000000000000E+00
  2.1688062E+00 -3.41441023342866856E+00 -3.37034323402660485E+00  0.00000000000000000E+00
  2.1832918E+00 -3.38443910833267125E+00 -3.34958987789147056E+00  0.00000000000000000E+00
  2.1978741E+00 -3.35480114168294108E+00 -3.32809564068583486E+00  0.00000000000000000E+00
  2.2125538E+00 -3.32548976339339220E+00 -3.30585141975153007E+00  0.00000000000000000E+00
  2.2273316E+00 -3.29649860324171584E+00 -3.28284818695001324E+00  0.00000000000000000E+00
  2.2422080E+00 -3.26782149230545826E+00 -3.25907699707858622E+00  0.00000000000000000E+00
  2.2571838E+00 -3.23945246283905419E+00 -3.23452899658524373E+00  0.00000000000000000E+00
  2.2722596E+00 -3.21138574672819743E+00 -3.20919543258810824E+00  0.00000000000000000E+00
  2.2874361E+00 -3.18361577266159657E+00 -3.18306766220533577E+00  0.00000000000000000E+00
  2.3027140E+00 -3.15613716220153151E+00 -3.15613716220153151E+00  0.00000000000000000E+00
  2.3180939E+00 -3.12894472489170994E+00 -3.12894472489170994E+00  0.00000000000000000E+00
  2.3335765E+00 -3.10203345254871010E+00 -3.10203345254871010E+00  0.00000000000000000E+00
  2.3491625E+00 -3.07539851289877220E+00 -3.07539851289877220E+00  0.00000000000000000E+00
  2.3648526E+00 -3.04903524267486148E+00 -3.04903524267486148E+00  0.00000000000000000E+00
  2.3806475E+00 -3.02293914031589850E+00 -3.02293914031589850E+00  0.00000000000000000E+00
  2.3965479E+00 -2.99710585837983956E+00 -2.99710585837983956E+00  0.00000000000000000E+00
  2.4125544E+00 -2.97153119575918367E+00 -2.97153119575918367E+00  0.00000000000000000E+00
  2.4286679E+00 -2.94621108981456814E+00 -2.94621108981456814E+00  0.00000000000000000E+00
  2.4448890E+00 -2.92114160849344273E+00 -2.92114160849344273E+00  0.00000000000000000E+00
  2.4612184E+00 -2.89631894249323807E+00 -2.89631894249323807E+00  0.00000000000000000E+00
  2.4776569E+00 -2.87173939754883634E+00 -2.87173939754883634E+00  0.00000000000000000E+00
  2.4942052E+00 -2.84739938687584981E+00 -2.84739938687584981E+00  0.00000000000000000E+00
  2.5108640E+00 -2.82329542380777809E+00 -2.82329542380777809E+00  0.00000000000000000E+00
  2.5276340E+00 -2.79942411466791441E+00 -2.79942411466791441E+00  0.00000000000000000E+00
  2.5445161E+00 -2.77578215188148647E+00 -2.77578215188148647E+00  0.00000000000000000E+00
  2.5615109E+00 -2.75236630735734877E+00 -2.75236630735734877E+00  0.00000000000000000E+00
  2.5786192E+00 -2.72917342614370284E+00 -2.72917342614370284E+00  0.00000000000000000E+00
  2.5958418E+00 -2.70620042034971675E+00 -2.70620042034971675E+00  0.00000000000000000E+00
  2.6131793E+00 -2.68344426335151809E+00 -2.68344426335151809E+00  0.00000000000000000E+00
  2.6306327E+00 -2.66090198426994107E+00 -2.66090198426994107E+00  0.00000000000000000E+00
  2.6482027E+00 -2.63857066270334428E+00 -2.63857066270334428E+00  0.00000000000000000E+00
  2.6658900E+00 -2.61644742372422456E+00 -2.61644742372422456E+00  0.00000000000000000E+00
  2.6836954E+00 -2.59452943312149387E+00 -2.59452943312149387E+00  0.00000000000000000E+00
  2.7016197E+00 -2.57281389286536921E+00 -2.57281389286536921E+00  0.00000000000000000E+00
  2.7196637E+00 -2.55129803680340217E+00 -2.55129803680340217E+00  0.00000000000000000E+00
  2.7378283E+00 -2.52997912656333312E+00 -2.52997912656333312E+00  0.00000000000000000E+00
  2.7561142E+00 -2.50885444764602994E+00 -2.50885444764602994E+00  0.00000000000000000E+00
  2.7745222E+00 -2.48792130571013104E+00 -2.48792130571013104E+00  0.00000000000000000E+00
  2.7930531E+00 -2.46717702302102282E+00 -2.46717702302102282E+00  0.00000000000000000E+00
  2.8117078E+00 -2.44661893506915362E+00 -2.44661893506915362E+00  0.00000000000000000E+00
  2.8304871E+00 -2.42624438734222281E+00 -2.42624438734222281E+00  0.00000000000000000E+00
  2.8493918E+00 -2.40605073223048294E+00 -2.40605073223048294E+00  0.00000000000000000E+00
  2.8684227E+00 -2.38603532608149749E+00 -2.38603532608149749E+00  0.00000000000000000E+00
  2.8875808E+00 -2.36619552638374842E+00 -2.36619552638374842E+00  0.00000000000000000E+00
  2.9068668E+00 -2.34652868907026857E+00 -2.34652868907026857E+00  0.00000000000000000E+00
  2.9262816E+00 -2.32703216595233187E+00 -2.32703216595233187E+00  0.00000000000000000E+00
  2.9458261E+00 -2.30770330228568810E+00 -2.30770330228568810E+00  0.00000000000000000E+00
  2.9655011E+00 -2.28853943443117203E+00 -2.28853943443117203E+00  0.00000000000000000E+00
  2.9853075E+00 -2.26953788766769549E+00 -2.26953788766769549E+00  0.00000000000000000E+00
  3.0052462E+00 -2.25069597415965461E+00 -2.25069597415965461E+00  0.00000000000000000E+00
  3.0253180E+00 -2.23201099002075409E+00 -2.23201099002075409E+00  0.00000000000000000E+00
  3.0455239E+00 -2.21348022022512225E+00 -2.21348022022512225E+00  0.00000000000000000E+00
  3.0658648E+00 -2.19510092329940676E+00 -2.19510092329940676E+00  0.00000000000000000E+00
  3.0863415E+00 -2.17687033223651838E+00 -2.17687033223651838E+00  0.00000000000000000E+00
  3.1069550E+00 -2.15878567607961713E+00 -2.15878567607961713E+00  0.00000000000000000E+00
  3.1277061E+00 -2.14084415536511585E+00 -2.14084415536511585E+00  0.00000000000000000E+00
  3.1485958E+00 -2.12304293988802328E+00 -2.12304293988802328E+00  0.00000000000000000E+00
  3.1696251E+00 -2.10537918082064834E+00 -2.10537918082064834E+00  0.00000000000000000E+00
  3.1907947E+00 -2.08785000359212347E+00 -2.08785000359212347E+00  0.00000000000000000E+00
  3.2121058E+00 -2.07045250903621536E+00 -2.07045250903621536E+00  0.00000000000000000E+00
  3.2335592E+00 -2.05318377309072275E+00 -2.05318377309072275E+00  0.00000000000000000E+00
  3.2551559E+00 -2.03604084719047762E+00 -2.03604084719047762E+00  0.00000000000000000E+00
  3.2768968E+00 -2.01902075902746958E+00 -2.01902075902746958E+00  0.00000000000000000E+00
  3.2987829E+00 -2.00212051350544584E+00 -2.00212051350544584E+00  0.00000000000000000E+00
  3.3208152E+00 -1.98533709417539228E+00 -1.98533709417539228E+00  0.00000000000000000E+00
  3.3429946E+00 -1.96866746505074275E+00 -1.96866746505074275E+00  0.00000000000000000E+00
  3.3653222E+00 -1.95210857285738371E+00 -1.95210857285738371E+00  0.00000000000000000E+00
  3.3877988E+00 -1.93565734976330361E+00 -1.93565734976330361E+00  0.00000000000000000E+00
  3.4104256E+00 -1.91931071660698649E+00 -1.91931071660698649E+00  0.00000000000000000E+00
  3.4332035E+00 -1.90306558664329373E+00 -1.90306558664329373E+00  0.00000000000000000E+00
  3.4561335E+00 -1.88691886985678536E+00 -1.88691886985678536E+00  0.00000000000000000E+00
  3.4792167E+00 -1.87086747786162277E+00 -1.87086747786162277E+00  0.00000000000000000E+00
  3.5024540E+00 -1.85490832939773043E+00 -1.85490832939773043E+00  0.00000000000000000E+00
  3.5258466E+00 -1.83903835647227254E+00 -1.83903835647227254E+00  0.00000000000000000E+00
  3.5493953E+00 -1.82325451115002579E+00 -1.82325451115002579E+00  0.00000000000000000E+00
  3.5731014E+00 -1.80755377300427256E+00 -1.80755377300427256E+00  0.00000000000000000E+00
  3.5969657E+00 -1.79193315725299840E+00 -1.79193315725299840E+00  0.00000000000000000E+00
  3.6209895E+00 -1.77638972356814406E+00 -1.77638972356814406E+00  0.00000000000000000E+00
  3.6451736E+00 -1.76092058556848485E+00 -1.76092058556848485E+00  0.00000000000000000E+00
  3.6695193E+00 -1.74552292098223916E+00 -1.74552292098223916E+00  0.00000000000000000E+00
  3.6940276E+00 -1.73019398244971967E+00 -1.73019398244971967E+00  0.00000000000000000E+00
  3.7186996E+00 -1.71493110895782763E+00 -1.71493110895782763E+00  0.00000000000000000E+00
  3.7435364E+00 -1.69973173785658105E+00 -1.69973173785658105E+00  0.00000000000000000E+00
  3.7685390E+00 -1.68459341739860236E+00 -1.68459341739860236E+00  0.00000000000000000E+00
  3.7937086E+00 -1.66951381976652158E+00 -1.66951381976652158E+00  0.00000000000000000E+00
  3.8190463E+00 -1.65449075449441807E+00 -1.65449075449441807E+00  0.00000000000000000E+00
  3.8445533E+00 -1.63952218220029522E+00 -1.63952218220029522E+00  0.00000000000000000E+00
  3.8702305E+00 -1.62460622854968051E+00 -1.62460622854968051E+00  0.00000000000000000E+00
  3.8960793E+00 -1.60974119831185192E+00 -1.60974119831185192E+00  0.00000000000000000E+00
  3.9221007E+00 -1.59492558942517348E+00 -1.59492558942517348E+00  0.00000000000000000E+00
  3.9482959E+00 -1.58015810689573755E+00 -1.58015810689573755E+00  0.00000000000000000E+00
  3.9746661E+00 -1.56543767641177567E+00 -1.56543767641177567E+00  0.00000000000000000E+00
  4.0012123E+00 -1.55076345756172884E+00 -1.55076345756172884E+00  0.00000000000000000E+00
  4.0279359E+00 -1.53613485640232739E+00 -1.53613485640232739E+00  0.00000000000000000E+00
  4.0548379E+00 -1.52155153728148207E+00 -1.52155153728148207E+00  0.00000000000000000E+00
  4.0819196E+00 -1.50701343369415497E+00 -1.50701343369415497E+00  0.00000000000000000E+00
  4.1091822E+00 -1.49252075809269513E+00 -1.49252075809269513E+00  0.00000000000000000E+00
  4.1366269E+00 -1.47807401056448384E+00 -1.47807401056448384E+00  0.00000000000000000E+00
  4.1642548E+00 -1.46367398585158526E+00 -1.46367398585158526E+00  0.00000000000000000E+00
  4.1920673E+00 -1.44932177877522861E+00 -1.44932177877522861E+00  0.00000000000000000E+00
  4.2200655E+00 -1.43501878815482087E+00 -1.43501878815482087E+00  0.00000000000000000E+00
  4.2482507E+00 -1.42076671877367744E+00 -1.42076671877367744E+00  0.00000000000000000E+00
  4.2766241E+00 -1.40656758132089976E+00 -1.40656758132089976E+00  0.00000000000000000E+00
  4.3051870E+00 -1.39242369032314173E+00 -1.39242369032314173E+00  0.00000000000000000E+00
  4.3339407E+00 -1.37833765992201052E+00 -1.37833765992201052E+00  0.00000000000000000E+00
  4.3628864E+00 -1.36431239745374455E+00 -1.36431239745374455E+00  0.00000000000000000E+00
  4.3920255E+00 -1.35035109481529503E+00 -1.35035109481529503E+00  0.00000000000000000E+00
  4.4213592E+00 -1.33645721760782976E+00 -1.33645721760782976E+00  0.00000000000000000E+00
  4.4508887E+00 -1.32263449208011252E+00 -1.32263449208011252E+00  0.00000000000000000E+00
  4.4806155E+00 -1.30888688993412927E+00 -1.30888688993412927E+00  0.00000000000000000E+00
  4.5105408E+00 -1.29521861106380243E+00 -1.29521861106380243E+00  0.00000000000000000E+00
  4.5406660E+00 -1.28163406433189664E+00 -1.28163406433189664E+00  0.00000000000000000E+00
  4.5709924E+00 -1.26813784651832862E+00 -1.26813784651832862E+00  0.00000000000000000E+00
  4.6015213E+00 -1.25473471958353855E+00 -1.25473471958353855E+00  0.00000000000000000E+00
  4.6322541E+00 -1.24142958642480039E+00 -1.24142958642480039E+00  0.00000000000000000E+00
  4.6631922E+00 -1.22822746530981419E+00 -1.22822746530981419E+00  0.00000000000000000E+00
  4.6943368E+00 -1.21513346318562299E+00 -1.21513346318562299E+00  0.00000000000000000E+00
  4.7256895E+00 -1.20215274808441563E+00 -1.20215274808441563E+00  0.00000000000000000E+00
  4.7572516E+00 -1.18929052084185116E+00 -1.18929052084185116E+00  0.00000000000000000E+00
  4.7890245E+00 -1.17655198634884073E+00 -1.17655198634884073E+00  0.00000000000000000E+00
  4.8210095E+00 -1.16394232457102476E+00 -1.16394232457102476E+00  0.00000000000000000E+00
  4.8532082E+00 -1.15146666155266075E+00 -1.15146666155266075E+00  0.00000000000000000E+00
  4.8856220E+00 -1.13913004062266054E+00 -1.13913004062266054E+00  0.00000000000000000E+00
  4.9182522E+00 -1.12693739401666448E+00 -1.12693739401666448E+00  0.00000000000000000E+00
  4.9511003E+00 -1.11489351510662971E+00 -1.11489351510662971E+00  0.00000000000000000E+00
  4.9841678E+00 -1.10300303142776102E+00 -1.10300303142776102E+00  0.00000000000000000E+00
  5.0174562E+00 -1.09127037867429522E+00 -1.09127037867429522E+00  0.00000000000000000E+00
  5.0509669E+00 -1.07969977581296916E+00 -1.07969977581296916E+00  0.00000000000000000E+00
  5.0847014E+00 -1.06829520145616641E+00 -1.06829520145616641E+00  0.00000000000000000E+00
  5.1186612E+00 -1.05706037161162669E+00 -1.05706037161162669E+00  0.00000000000000000E+00
  5.1528478E+00 -1.04599871891122120E+00 -1.04599871891122120E+00  0.00000000000000000E+00
  5.1872627E+00 -1.03511337340169973E+00 -1.03511337340169973E+00  0.00000000000000000E+00
  5.2219074E+00 -1.02440714496422913E+00 -1.02440714496422913E+00  0.00000000000000000E+00
  5.2567836E+00 -1.01388250741197794E+00 -1.01388250741197794E+00  0.00000000000000000E+00
  5.2918926E+00 -1.00354158429993845E+00 -1.00354158429993845E+00  0.00000000000000000E+00
  5.3272362E+00 -9.93386136467151459E-01 -9.93386136467151459E-01  0.00000000000000000E+00
  5.3628158E+00 -9.83417551318254368E-01 -9.83417551318254368E-01  0.00000000000000000E+00
  5.3986330E+00 -9.73636833838753546E-01 -9.73636833838753546E-01  0.00000000000000000E+00
  5.4346894E+00 -9.64044599330534879E-01 -9.64044599330534879E-01  0.00000000000000000E+00
  5.4709867E+00 -9.54641067843908786E-01 -9.54641067843908786E-01  0.00000000000000000E+00
  5.5075263E+00 -9.45426060275778468E-01 -9.45426060275778468E-01  0.00000000000000000E+00
  5.5443100E+00 -9.36398996099740089E-01 -9.36398996099740089E-01  0.00000000000000000E+00
  5.5813394E+00 -9.27558892687528669E-01 -9.27558892687528669E-01  0.00000000000000000E+00
  5.6186160E+00 -9.18904366178992404E-01 -9.18904366178992404E-01  0.00000000000000000E+00
  5.6561416E+00 -9.10433633860080249E-01 -9.10433633860080249E-01  0.00000000000000000E+00
  5.6939179E+00 -9.02144518001165352E-01 -9.02144518001165352E-01  0.00000000000000000E+00
  5.7319464E+00 -8.94034451111750172E-01 -8.94034451111750172E-01  0.00000000000000000E+00
  5.7702289E+00 -8.86100482573340287E-01 -8.86100482573340287E-01  0.00000000000000000E+00
  5.8087671E+00 -8.78339286603250002E-01 -8.78339286603250002E-01  0.00000000000000000E+00
  5.8475627E+00 -8.70747171512419982E-01 -8.70747171512419982E-01  0.00000000000000000E+00
  5.8866174E+00 -8.63320090221534997E-01 -8.63320090221534997E-01  0.00000000000000000E+00
  5.9259329E+00 -8.56053651996063536E-01 -8.56053651996063536E-01  0.00000000000000000E+00
  5.9655109E+00 -8.48943135369495394E-01 -8.48943135369495394E-01  0.00000000000000000E+00
  6.0053533E+00 -8.41983502220983837E-01 -8.41983502220983837E-01  0.00000000000000000E+00
  6.0454618E+00 -8.35169412974437364E-01 -8.35169412974437364E-01  0.00000000000000000E+00
  6.0858382E+00 -8.28495242892302031E-01 -8.28495242892302031E-01  0.00000000000000000E+00
  6.1264842E+00 -8.21955099426673996E-01 -8.21955099426673996E-01  0.00000000000000000E+00
  6.1674017E+00 -8.15542840595966823E-01 -8.15542840595966823E-01  0.00000000000000000E+00
  6.2085925E+00 -8.09252094355841223E-01 -8.09252094355841223E-01  0.00000000000000000E+00
  6.2500583E+00 -8.03076278918936737E-01 -8.03076278918936737E-01  0.00000000000000000E+00
  6.2918011E+00 -7.97008623984012843E-01 -7.97008623984012843E-01  0.00000000000000000E+00
  6.3338227E+00 -7.91042192826665769E-01 -7.91042192826665769E-01  0.00000000000000000E+00
  6.3761249E+00 -7.85169905194393891E-01 -7.85169905194393891E-01  0.00000000000000000E+00
  6.4187097E+00 -7.79384560947121940E-01 -7.79384560947121940E-01  0.00000000000000000E+00
  6.4615788E+00 -7.73678864371575514E-01 -7.73678864371575514E-01  0.00000000000000000E+00
  6.5047343E+00 -7.68045449092426225E-01 -7.68045449092426225E-01  0.00000000000000000E+00
  6.5481780E+00 -7.62476903495823422E-01 -7.62476903495823422E-01  0.00000000000000000E+00
  6.5919118E+00 -7.56965796564500693E-01 -7.56965796564500693E-01  0.00000000000000000E+00
  6.6359377E+00 -7.51504704021968450E-01 -7.51504704021968450E-01  0.00000000000000000E+00
  6.6802577E+00 -7.46086234673612125E-01 -7.46086234673612125E-01  0.00000000000000000E+00
  6.7248736E+00 -7.40703056815789296E-01 -7.40703056815789296E-01  0.00000000000000000E+00
  6.7697875E+00 -7.35347924584729640E-01 -7.35347924584729640E-01  0.00000000000000000E+00
  6.8150014E+00 -7.30013704107946637E-01 -7.30013704107946637E-01  0.00000000000000000E+00
  6.8605173E+00 -7.24693399308279140E-01 -7.24693399308279140E-01  0.00000000000000000E+00
  6.9063371E+00 -7.19380177214006267E-01 -7.19380177214006267E-01  0.00000000000000000E+00
  6.9524629E+00 -7.14067392621814179E-01 -7.14067392621814179E-01  0.00000000000000000E+00
  6.9988968E+00 -7.08748611954007401E-01 -7.08748611954007401E-01  0.00000000000000000E+00
  7.0456409E+00 -7.03417636159457516E-01 -7.03417636159457516E-01  0.00000000000000000E+00
  7.0926971E+00 -6.98068522504144084E-01 -6.98068522504144084E-01  0.00000000000000000E+00
  7.1400675E+00 -6.92695605102343848E-01 -6.92695605102343848E-01  0.00000000000000000E+00
  7.1877544E+00 -6.87293514049116538E-01 -6.87293514049116538E-01  0.00000000000000000E+00
  7.2357597E+00 -6.81857193019965280E-01 -6.81857193019965280E-01  0.00000000000000000E+00
  7.2840857E+00 -6.76381915216950347E-01 -6.76381915216950347E-01  0.00000000000000000E+00
  7.3327343E+00 -6.70863297551633764E-01 -6.70863297551633764E-01  0.00000000000000000E+00
  7.3817079E+00 -6.65297312969471477E-01 -6.65297312969471477E-01  0.00000000000000000E+00
  7.4310086E+00 -6.59680300838303424E-01 -6.59680300838303424E-01  0.00000000000000000E+00
  7.4806386E+00 -6.54008975338811638E-01 -6.54008975338811638E-01  0.00000000000000000E+00
  7.5306000E+00 -6.48280431813361702E-01 -6.48280431813361702E-01  0.00000000000000000E+00
  7.5808950E+00 -6.42492151049978588E-01 -6.42492151049978588E-01  0.00000000000000000E+00
  7.6315260E+00 -6.36642001496483090E-01 -6.36642001496483090E-01  0.00000000000000000E+00
  7.6824951E+00 -6.30728239419227066E-01 -6.30728239419227066E-01  0.00000000000000000E+00
  7.7338047E+00 -6.24749507040078811E-01 -6.24749507040078811E-01  0.00000000000000000E+00
  7.7854569E+00 -6.18704828704494503E-01 -6.18704828704494503E-01  0.00000000000000000E+00
  7.8374540E+00 -6.12593605150323128E-01 -6.12593605150323128E-01  0.00000000000000000E+00
  7.8897985E+00 -6.06415605963533721E-01 -6.06415605963533721E-01  0.00000000000000000E+00
  7.9424925E+00 -6.00170960321861457E-01 -6.00170960321861457E-01  0.00000000000000000E+00
  7.9955385E+00 -5.93860146141224732E-01 -5.93860146141224732E-01  0.00000000000000000E+00
  8.0489387E+00 -5.87483977750594022E-01 -5.87483977750594022E-01  0.00000000000000000E+00
  8.1026956E+00 -5.81043592230884087E-01 -5.81043592230884087E-01  0.00000000000000000E+00
  8.1568115E+00 -5.74540434560361746E-01 -5.74540434560361746E-01  0.00000000000000000E+00
  8.2112888E+00 -5.67976241715456354E-01 -5.67976241715456354E-01  0.00000000000000000E+00
  8.2661299E+00 -5.61353025878062795E-01 -5.61353025878062795E-01  0.00000000000000000E+00
  8.3213374E+00 -5.54673056902785788E-01 -5.54673056902785788E-01  0.00000000000000000E+00
  8.3769135E+00 -5.47938844196536934E-01 -5.47938844196536934E-01  0.00000000000000000E+00
  8.4328608E+00 -5.41153118160664803E-01 -5.41153118160664803E-01  0.00000000000000000E+00
  8.4891817E+00 -5.34318811341393030E-01 -5.34318811341393030E-01  0.00000000000000000E+00
  8.5458788E+00 -5.27439039430191769E-01 -5.27439039430191769E-01  0.00000000000000000E+00
  8.6029546E+00 -5.20517082247138774E-01 -5.20517082247138774E-01  0.00000000000000000E+00
  8.6604115E+00 -5.13556364833860357E-01 -5.13556364833860357E-01  0.00000000000000000E+00
  8.7182522E+00 -5.06560438773135502E-01 -5.06560438773135502E-01  0.00000000000000000E+00
  8.7764792E+00 -4.99532963843350331E-01 -4.99532963843350331E-01  0.00000000000000000E+00
  8.8350951E+00 -4.92477690104905719E-01 -4.92477690104905719E-01  0.00000000000000000E+00
  8.8941024E+00 -4.85398440506543238E-01 -4.85398440506543238E-01  0.00000000000000000E+00
  8.9535038E+00 -4.78299094088868060E-01 -4.78299094088868060E-01  0.00000000000000000E+00
  9.0133020E+00 -4.71183569849998207E-01 -4.71183569849998207E-01  0.00000000000000000E+00
  9.0734995E+00 -4.64055811331490986E-01 -4.64055811331490986E-01  0.00000000000000000E+00
  9.1340990E+00 -4.56919771968600230E-01 -4.56919771968600230E-01  0.00000000000000000E+00
  9.1951033E+00 -4.49779401242125232E-01 -4.49779401242125232E-01  0.00000000000000000E+00
  9.2565150E+00 -4.42638631658923032E-01 -4.42638631658923032E-01  0.00000000000000000E+00
  9.3183368E+00 -4.35501366578122884E-01 -4.35501366578122884E-01  0.00000000000000000E+00
  9.3805716E+00 -4.28371468894923169E-01 -4.28371468894923169E-01  0.00000000000000000E+00
  9.4432219E+00 -4.21252750583647639E-01 -4.21252750583647639E-01  0.00000000000000000E+00
  9.5062907E+00 -4.14148963095897216E-01 -4.14148963095897216E-01  0.00000000000000000E+00
  9.5697807E+00 -4.07063788604418164E-01 -4.07063788604418164E-01  0.00000000000000000E+00
  9.6336948E+00 -4.00000832076585766E-01 -4.00000832076585766E-01  0.00000000000000000E+00
  9.6980356E+00 -3.92963614157139318E-01 -3.92963614157139318E-01  0.00000000000000000E+00
  9.7628063E+00 -3.85955564836436338E-01 -3.85955564836436338E-01  0.00000000000000000E+00
  9.8280094E+00 -3.78980017876216380E-01 -3.78980017876216380E-01  0.00000000000000000E+00
  9.8936481E+00 -3.72040205961269521E-01 -3.72040205961269521E-01  0.00000000000000000E+00
  9.9597251E+00 -3.65139256546569868E-01 -3.65139256546569868E-01  0.00000000000000000E+00
  1.0026243E+01 -3.58280188362442686E-01 -3.58280188362442686E-01  0.00000000000000000E+00
  1.0093206E+01 -3.51465908543858063E-01 -3.51465908543858063E-01  0.00000000000000000E+00
  1.0160616E+01 -3.44699210347314988E-01 -3.44699210347314988E-01  0.00000000000000000E+00
  1.0228476E+01 -3.37982771416406536E-01 -3.37982771416406536E-01  0.00000000000000000E+00
  1.0296789E+01 -3.31319152561164287E-01 -3.31319152561164287E-01  0.00000000000000000E+00
  1.0365559E+01 -3.24710797013608499E-01 -3.24710797013608499E-01  0.00000000000000000E+00
  1.0434787E+01 -3.18160030122271564E-01 -3.18160030122271564E-01  0.00000000000000000E+00
  1.0504478E+01 -3.11669059451702424E-01 -3.11669059451702424E-01  0.00000000000000000E+00
  1.0574635E+01 -3.05239975252206364E-01 -3.05239975252206364E-01  0.00000000000000000E+00
  1.0645260E+01 -2.98874751264676775E-01 -2.98874751264676775E-01  0.00000000000000000E+00
  1.0716357E+01 -2.92575245831812936E-01 -2.92575245831812936E-01  0.00000000000000000E+00
  1.0787928E+01 -2.86343203281134606E-01 -2.86343203281134606E-01  0.00000000000000000E+00
  1.0859978E+01 -2.80180255553716506E-01 -2.80180255553716506E-01  0.00000000000000000E+00
  1.0932509E+01 -2.74087924049780440E-01 -2.74087924049780440E-01  0.00000000000000000E+00
  1.1005524E+01 -2.68067621663902855E-01 -2.68067621663902855E-01  0.00000000000000000E+00
  1.1079027E+01 -2.62120654987171520E-01 -2.62120654987171520E-01  0.00000000000000000E+00
  1.1153021E+01 -2.56248226652417088E-01 -2.56248226652417088E-01  0.00000000000000000E+00
  1.1227509E+01 -2.50451437800236931E-01 -2.50451437800236931E-01  0.00000000000000000E+00
  1.1302494E+01 -2.44731290647209221E-01 -2.44731290647209221E-01  0.00000000000000000E+00
  1.1377980E+01 -2.39088691137652631E-01 -2.39088691137652631E-01  0.00000000000000000E+00
  1.1453970E+01 -2.33524451660514387E-01 -2.33524451660514387E-01  0.00000000000000000E+00
  1.1530468E+01 -2.28039293817914768E-01 -2.28039293817914768E-01  0.00000000000000000E+00
  1.1607477E+01 -2.22633851229758761E-01 -2.22633851229758761E-01  0.00000000000000000E+00
  1.1685000E+01 -2.17308672361198774E-01 -2.17308672361198774E-01  0.00000000000000000E+00
  1.1763041E+01 -2.12064223362872895E-01 -2.12064223362872895E-01  0.00000000000000000E+00
  1.1841603E+01 -2.06900890911128954E-01 -2.06900890911128954E-01  0.00000000000000000E+00
  1.1920690E+01 -2.01818985040418397E-01 -2.01818985040418397E-01  0.00000000000000000E+00
  1.2000305E+01 -1.96818741959006616E-01 -1.96818741959006616E-01  0.00000000000000000E+00
  1.2080451E+01 -1.91900326839743229E-01 -1.91900326839743229E-01  0.00000000000000000E+00
  1.2161133E+01 -1.87063836580051657E-01 -1.87063836580051657E-01  0.00000000000000000E+00
  1.2242354E+01 -1.82309302525723638E-01 -1.82309302525723638E-01  0.00000000000000000E+00
  1.2324117E+01 -1.77636693151853819E-01 -1.77636693151853819E-01  0.00000000000000000E+00
  1.2406426E+01 -1.73045916698512769E-01 -1.73045916698512769E-01  0.00000000000000000E+00
  1.2489285E+01 -1.68536823756653575E-01 -1.68536823756653575E-01  0.00000000000000000E+00
  1.2572698E+01 -1.64109209800471945E-01 -1.64109209800471945E-01  0.00000000000000000E+00
  1.2656667E+01 -1.59762817665296097E-01 -1.59762817665296097E-01  0.00000000000000000E+00
  1.2741197E+01 -1.55497339968178494E-01 -1.55497339968178494E-01  0.00000000000000000E+00
  1.2826292E+01 -1.51312421468603020E-01 -1.51312421468603020E-01  0.00000000000000000E+00
  1.2911955E+01 -1.47207661370600817E-01 -1.47207661370600817E-01  0.00000000000000000E+00
  1.2998191E+01 -1.43182615562835736E-01 -1.43182615562835736E-01  0.00000000000000000E+00
  1.3085002E+01 -1.39236798798066275E-01 -1.39236798798066275E-01  0.00000000000000000E+00
  1.3172393E+01 -1.35369686811301904E-01 -1.35369686811301904E-01  0.00000000000000000E+00
  1.3260367E+01 -1.31580718375872152E-01 -1.31580718375872152E-01  0.00000000000000000E+00
  1.3348929E+01 -1.27869297299042728E-01 -1.27869297299042728E-01  0.00000000000000000E+00
  1.3438083E+01 -1.24234794357292344E-01 -1.24234794357292344E-01  0.00000000000000000E+00
  1.3527832E+01 -1.20676549170624980E-01 -1.20676549170624980E-01  0.00000000000000000E+00
  1.3618181E+01 -1.17193872018972911E-01 -1.17193872018972911E-01  0.00000000000000000E+00
  1.3709132E+01 -1.13786045600306807E-01 -1.13786045600306807E-01  0.00000000000000000E+00
  1.3800692E+01 -1.10452326730751338E-01 -1.10452326730751338E-01  0.00000000000000000E+00
  1.3892862E+01 -1.07191947990145309E-01 -1.07191947990145309E-01  0.00000000000000000E+00
  1.3985649E+01 -1.04004119311539966E-01 -1.04004119311539966E-01  0.00000000000000000E+00
  1.4079055E+01 -1.00888029518173994E-01 -1.00888029518173994E-01  0.00000000000000000E+00
  1.4173085E+01 -9.78428478082662423E-02 -9.78428478082662423E-02  0.00000000000000000E+00
  1.4267743E+01 -9.48677251880525318E-02 -9.48677251880525318E-02  0.00000000000000000E+00
  1.4363033E+01 -9.19617958561502746E-02 -9.19617958561502746E-02  0.00000000000000000E+00
  1.4458959E+01 -8.91241785399046194E-02 -8.91241785399046194E-02  0.00000000000000000E+00
  1.4555526E+01 -8.63539777840856004E-02 -8.63539777840856004E-02  0.00000000000000000E+00
  1.4652738E+01 -8.36502851946647752E-02 -8.36502851946647752E-02  0.00000000000000000E+00
  1.4750599E+01 -8.10121806390924348E-02 -8.10121806390924348E-02  0.00000000000000000E+00
  1.4849114E+01 -7.84387334021801053E-02 -7.84387334021801053E-02  0.00000000000000000E+00
  1.4948287E+01 -7.59290033020931787E-02 -7.59290033020931787E-02  0.00000000000000000E+00
  1.5048122E+01 -7.34820417654589164E-02 -7.34820417654589164E-02  0.00000000000000000E+00
  1.5148624E+01 -7.10968928629256425E-02 -7.10968928629256425E-02  0.00000000000000000E+00
  1.5249797E+01 -6.87725943081147761E-02 -6.87725943081147761E-02  0.00000000000000000E+00
  1.5351646E+01 -6.65081784187435687E-02 -6.65081784187435687E-02  0.00000000000000000E+00
  1.5454175E+01 -6.43026730429596682E-02 -6.43026730429596682E-02  0.00000000000000000E+00
  1.5557389E+01 -6.21551024515127892E-02 -6.21551024515127892E-02  0.00000000000000000E+00
  1.5661292E+01 -6.00644881954650600E-02 -6.00644881954650600E-02  0.00000000000000000E+00
  1.5765889E+01 -5.80298499326943329E-02 -5.80298499326943329E-02  0.00000000000000000E+00
  1.5871185E+01 -5.60502062228493969E-02 -5.60502062228493969E-02  0.00000000000000000E+00
  1.5977184E+01 -5.41245752911834188E-02 -5.41245752911834188E-02  0.00000000000000000E+00
  1.6083891E+01 -5.22519757636814575E-02 -5.22519757636814575E-02  0.00000000000000000E+00
  1.6191310E+01 -5.04314273735246843E-02 -5.04314273735246843E-02  0.00000000000000000E+00
  1.6299447E+01 -4.86619516390049967E-02 -4.86619516390049967E-02  0.00000000000000000E+00
  1.6408306E+01 -4.69425725152348150E-02 -4.69425725152348150E-02  0.00000000000000000E+00
  1.6517892E+01 -4.52723170196236424E-02 -4.52723170196236424E-02  0.00000000000000000E+00
  1.6628210E+01 -4.36502158309224342E-02 -4.36502158309224342E-02  0.00000000000000000E+00
  1.6739265E+01 -4.20753038647774247E-02 -4.20753038647774247E-02  0.00000000000000000E+00
  1.6851061E+01 -4.05466208239886328E-02 -4.05466208239886328E-02  0.00000000000000000E+00
  1.6963604E+01 -3.90632117257467826E-02 -3.90632117257467826E-02  0.00000000000000000E+00
  1.7076899E+01 -3.76241274066870801E-02 -3.76241274066870801E-02  0.00000000000000000E+00
  1.7190950E+01 -3.62284250038413802E-02 -3.62284250038413802E-02  0.00000000000000000E+00
  1.7305764E+01 -3.48751684157093678E-02 -3.48751684157093678E-02  0.00000000000000000E+00
  1.7421343E+01 -3.35634287413171251E-02 -3.35634287413171251E-02  0.00000000000000000E+00
  1.7537695E+01 -3.22922846982294232E-02 -3.22922846982294232E-02  0.00000000000000000E+00
  1.7654824E+01 -3.10608230209510339E-02 -3.10608230209510339E-02  0.00000000000000000E+00
  1.7772735E+01 -2.98681388396460079E-02 -2.98681388396460079E-02  0.00000000000000000E+00
  1.7891434E+01 -2.87133360388907022E-02 -2.87133360388907022E-02  0.00000000000000000E+00
  1.8010925E+01 -2.75955275986063953E-02 -2.75955275986063953E-02  0.00000000000000000E+00
  1.8131215E+01 -2.65138359157077730E-02 -2.65138359157077730E-02  0.00000000000000000E+00
  1.8252307E+01 -2.54673931080731109E-02 -2.54673931080731109E-02  0.00000000000000000E+00
  1.8374209E+01 -2.44553413016319610E-02 -2.44553413016319610E-02  0.00000000000000000E+00
  1.8496925E+01 -2.34768328989076736E-02 -2.34768328989076736E-02  0.00000000000000000E+00
  1.8620460E+01 -2.25310308318285024E-02 -2.25310308318285024E-02  0.00000000000000000E+00
  1.8744820E+01 -2.16171087980114862E-02 -2.16171087980114862E-02  0.00000000000000000E+00
  1.8870011E+01 -2.07342514802775213E-02 -2.07342514802775213E-02  0.00000000000000000E+00
  1.8996038E+01 -1.98816547510460850E-02 -1.98816547510460850E-02  0.00000000000000000E+00
  1.9122907E+01 -1.90585258616238207E-02 -1.90585258616238207E-02  0.00000000000000000E+00
  1.9250623E+01 -1.82640836154064345E-02 -1.82640836154064345E-02  0.00000000000000000E+00
  1.9379191E+01 -1.74975585272676426E-02 -1.74975585272676426E-02  0.00000000000000000E+00
  1.9508619E+01 -1.67581929687514730E-02 -1.67581929687514730E-02  0.00000000000000000E+00
  1.9638911E+01 -1.60452412980447434E-02 -1.60452412980447434E-02  0.00000000000000000E+00
  1.9770073E+01 -1.53579699778276790E-02 -1.53579699778276790E-02  0.00000000000000000E+00
  1.9902111E+01 -1.46956576781605008E-02 -1.46956576781605008E-02  0.00000000000000000E+00
  2.0035031E+01 -1.40575953674613174E-02 -1.40575953674613174E-02  0.00000000000000000E+00
  2.0168839E+01 -1.34430863903816089E-02 -1.34430863903816089E-02  0.00000000000000000E+00
  2.0303540E+01 -1.28514465328208871E-02 -1.28514465328208871E-02  0.00000000000000000E+00
  2.0439141E+01 -1.22820040752174009E-02 -1.22820040752174009E-02  0.00000000000000000E+00
  2.0575648E+01 -1.17340998345127900E-02 -1.17340998345127900E-02  0.00000000000000000E+00
  2.0713066E+01 -1.12070871931280180E-02 -1.12070871931280180E-02  0.00000000000000000E+00
  2.0851402E+01 -1.07003321182332911E-02 -1.07003321182332911E-02  0.00000000000000000E+00
  2.0990662E+01 -1.02132131697487694E-02 -1.02132131697487694E-02  0.00000000000000000E+00
  2.1130852E+01 -9.74512149691975083E-03 -9.74512149691975083E-03  0.00000000000000000E+00
  2.1271979E+01 -9.29546082608112556E-03 -9.29546082608112556E-03  0.00000000000000000E+00
  2.1414047E+01 -8.86364743703893510E-03 -8.86364743703893510E-03  0.00000000000000000E+00
  2.1557065E+01 -8.44911013069804540E-03 -8.44911013069804540E-03  0.00000000000000000E+00
  2.1701038E+01 -8.05129018741013169E-03 -8.05129018741013169E-03  0.00000000000000000E+00
  2.1845972E+01 -7.66964131560143869E-03 -7.66964131560143869E-03  0.00000000000000000E+00
  2.1991875E+01 -7.30362959207297990E-03 -7.30362959207297990E-03  0.00000000000000000E+00
  2.2138751E+01 -6.95273339452739947E-03 -6.95273339452739947E-03  0.00000000000000000E+00
  2.2286609E+01 -6.61644332457456130E-03 -6.61644332457456130E-03  0.00000000000000000E+00
  2.2435454E+01 -6.29426212422856679E-03 -6.29426212422856679E-03  0.00000000000000000E+00
  2.2585293E+01 -5.98570458471670008E-03 -5.98570458471670008E-03  0.00000000000000000E+00
  2.2736133E+01 -5.69029744725924047E-03 -5.69029744725924047E-03  0.00000000000000000E+00
  2.2887981E+01 -5.40757929799440262E-03 -5.40757929799440262E-03  0.00000000000000000E+00
  2.3040842E+01 -5.13710045609627741E-03 -5.13710045609627741E-03  0.00000000000000000E+00
  2.3194725E+01 -4.87842285500050821E-03 -4.87842285500050821E-03  0.00000000000000000E+00
  2.3349635E+01 -4.63111991881248741E-03 -4.63111991881248741E-03  0.00000000000000000E+00
  2.3505580E+01 -4.39477643189434275E-03 -4.39477643189434275E-03  0.00000000000000000E+00
  2.3662566E+01 -4.16898840374813062E-03 -4.16898840374813062E-03  0.00000000000000000E+00
  2.3820601E+01 -3.95336292926629085E-03 -3.95336292926629085E-03  0.00000000000000000E+00
  2.3979691E+01 -3.74751804294248814E-03 -3.74751804294248814E-03  0.00000000000000000E+00
  2.4139844E+01 -3.55108256967184843E-03 -3.55108256967184843E-03  0.00000000000000000E+00
  2.4301066E+01 -3.36369597143004739E-03 -3.36369597143004739E-03  0.00000000000000000E+00
  2.4463365E+01 -3.18500818914912998E-03 -3.18500818914912998E-03  0.00000000000000000E+00
  2.4626748E+01 -3.01467948168010480E-03 -3.01467948168010480E-03  0.00000000000000000E+00
  2.4791222E+01 -2.85238026171441561E-03 -2.85238026171441561E-03  0.00000000000000000E+00
  2.4956794E+01 -2.69779092741373461E-03 -2.69779092741373461E-03  0.00000000000000000E+00
  2.5123473E+01 -2.55060169295973083E-03 -2.55060169295973083E-03  0.00000000000000000E+00
  2.5291264E+01 -2.41051241495426893E-03 -2.41051241495426893E-03  0.00000000000000000E+00
  2.5460177E+01 -2.27723241755484196E-03 -2.27723241755484196E-03  0.00000000000000000E+00
  2.5630217E+01 -2.15048031556364094E-03 -2.15048031556364094E-03  0.00000000000000000E+00
  2.5801393E+01 -2.02998383518604442E-03 -2.02998383518604442E-03  0.00000000000000000E+00
  2.5973712E+01 -1.91547963383698061E-03 -1.91547963383698061E-03  0.00000000000000000E+00
  2.6147182E+01 -1.80671311873936702E-03 -1.80671311873936702E-03  0.00000000000000000E+00
  2.6321811E+01 -1.70343826380303653E-03 -1.70343826380303653E-03  0.00000000000000000E+00
  2.6497606E+01 -1.60541742648945274E-03 -1.60541742648945274E-03  0.00000000000000000E+00
  2.6674574E+01 -1.51242116405114757E-03 -1.51242116405114757E-03  0.00000000000000000E+00
  2.6852725E+01 -1.42422804867692321E-03 -1.42422804867692321E-03  0.00000000000000000E+00
  2.7032066E+01 -1.34062448330496409E-03 -1.34062448330496409E-03  0.00000000000000000E+00
  2.7212604E+01 -1.26140451750700322E-03 -1.26140451750700322E-03  0.00000000000000000E+00
  2.7394348E+01 -1.18636966270457833E-03 -1.18636966270457833E-03  0.00000000000000000E+00
  2.7577306E+01 -1.11532870936059680E-03 -1.11532870936059680E-03  0.00000000000000000E+00
  2.7761486E+01 -1.04809754330403848E-03 -1.04809754330403848E-03  0.00000000000000000E+00
  2.7946896E+01 -9.84498963816804462E-04 -9.84498963816804462E-04  0.00000000000000000E+00
  2.8133544E+01 -9.24362502942699393E-04 -9.24362502942699393E-04  0.00000000000000000E+00
  2.8321439E+01 -8.67524244696937785E-04 -8.67524244696937785E-04  0.00000000000000000E+00
  2.8510589E+01 -8.13826647387827506E-04 -8.13826647387827506E-04  0.00000000000000000E+00
  2.8701002E+01 -7.63118364375259262E-04 -7.63118364375259262E-04  0.00000000000000000E+00
  2.8892686E+01 -7.15254052380487337E-04 -7.15254052380487337E-04  0.00000000000000000E+00
  2.9085651E+01 -6.70096390351204718E-04 -6.70096390351204718E-04  0.00000000000000000E+00
  2.9279905E+01 -6.27489390566893235E-04 -6.27489390566893235E-04  0.00000000000000000E+00
  2.9475456E+01 -5.87357397193954966E-04 -5.87357397193954966E-04  0.00000000000000000E+00
  2.9672313E+01 -2.88842188240323594E-04 -2.88842188240323594E-04  0.00000000000000000E+00
  2.9870484E+01 -3.03219914712826721E-04 -3.03219914712826721E-04  0.00000000000000000E+00
  3.0069979E+01 -3.28551199956450546E-04 -3.28551199956450546E-04  0.00000000000000000E+00
  3.0270807E+01 -3.50809422528186587E-04 -3.50809422528186587E-04  0.00000000000000000E+00
  3.0472976E+01 -3.61196768821514524E-04 -3.61196768821514524E-04  0.00000000000000000E+00
  3.0676495E+01 -3.59043685364213161E-04 -3.59043685364213161E-04  0.00000000000000000E+00
  3.0881373E+01 -3.47847488512798009E-04 -3.47847488512798009E-04  0.00000000000000000E+00
  3.1087620E+01 -3.31475050373342128E-04 -3.31475050373342128E-04  0.00000000000000000E+00
  3.1295244E+01 -3.12729212950557667E-04 -3.12729212950557667E-04  0.00000000000000000E+00
  3.1504254E+01 -2.93303553689838736E-04 -2.93303553689838736E-04  0.00000000000000000E+00
  3.1714661E+01 -2.74119671260564246E-04 -2.74119671260564246E-04  0.00000000000000000E+00
  3.1926472E+01 -2.55639602485757678E-04 -2.55639602485757678E-04  0.00000000000000000E+00
  3.2139699E+01 -2.38072434015634826E-04 -2.38072434015634826E-04  0.00000000000000000E+00
  3.2354349E+01 -2.21494300888025464E-04 -2.21494300888025464E-04  0.00000000000000000E+00
  3.2570433E+01 -2.05913802673762802E-04 -2.05913802673762802E-04  0.00000000000000000E+00
  3.2787960E+01 -1.91306444392580488E-04 -1.91306444392580488E-04  0.00000000000000000E+00
  3.3006940E+01 -1.77632387064363684E-04 -1.77632387064363684E-04  0.00000000000000000E+00
  3.3227383E+01 -1.64845454079909359E-04 -1.64845454079909359E-04  0.00000000000000000E+00
  3.3449298E+01 -1.52897632730741861E-04 -1.52897632730741861E-04  0.00000000000000000E+00
  3.3672694E+01 -1.41741282803309332E-04 -1.41741282803309332E-04  0.00000000000000000E+00
  3.3897583E+01 -1.31330186960099127E-04 -1.31330186960099127E-04  0.00000000000000000E+00
  3.4123974E+01 -1.21620020138379914E-04 -1.21620020138379914E-04  0.00000000000000000E+00
  3.4351877E+01 -1.12568531207557498E-04 -1.12568531207557498E-04  0.00000000000000000E+00
  3.4581301E+01 -1.04135582716935460E-04 -1.04135582716935460E-04  0.00000000000000000E+00
  3.4812258E+01 -9.62831215076676017E-05 -9.62831215076676017E-05  0.00000000000000000E+00
  3.5044758E+01 -8.89751177481912237E-05 -8.89751177481912237E-05  0.00000000000000000E+00
  3.5278810E+01 -8.21774896593296944E-05 -8.21774896593296944E-05  0.00000000000000000E+00
  3.5514426E+01 -7.58580220292515151E-05 -7.58580220292515151E-05  0.00000000000000000E+00
  3.5751615E+01 -6.99862847284293821E-05 -6.99862847284293821E-05  0.00000000000000000E+00
  3.5990388E+01 -6.45335510540689938E-05 -6.45335510540689938E-05  0.00000000000000000E+00
  3.6230756E+01 -5.94727187035459792E-05 -5.94727187035459792E-05  0.00000000000000000E+00
  3.6472729E+01 -5.47782331636881281E-05 -5.47782331636881281E-05  0.00000000000000000E+00
  3.6716318E+01 -5.04260129048361705E-05 -5.04260129048361705E-05  0.00000000000000000E+00
  3.6961534E+01 -4.63933778718228496E-05 -4.63933778718228496E-05  0.00000000000000000E+00
  3.7208388E+01 -4.26589808455446473E-05 -4.26589808455446473E-05  0.00000000000000000E+00
  3.7456890E+01 -3.92027402114081269E-05 -3.92027402114081269E-05  0.00000000000000000E+00
  3.7707052E+01 -3.60057765362853388E-05 -3.60057765362853388E-05  0.00000000000000000E+00
  3.7958885E+01 -3.30503513765734169E-05 -3.30503513765734169E-05  0.00000000000000000E+00
  3.8212400E+01 -3.03198076636590486E-05 -3.03198076636590486E-05  0.00000000000000000E+00
  3.8467608E+01 -2.77985134715663662E-05 -2.77985134715663662E-05  0.00000000000000000E+00
  3.8724520E+01 -2.54718083283478336E-05 -2.54718083283478336E-05  0.00000000000000000E+00
  3.8983148E+01 -2.33259502522287221E-05 -2.33259502522287221E-05  0.00000000000000000E+00
  3.9243504E+01 -2.13480670083754376E-05 -2.13480670083754376E-05  0.00000000000000000E+00
  3.9505598E+01 -1.95261078914654718E-05 -1.95261078914654718E-05  0.00000000000000000E+00
  3.9769442E+01 -1.78487984499042796E-05 -1.78487984499042796E-05  0.00000000000000000E+00
  4.0035049E+01 -1.63055974695680561E-05 -1.63055974695680561E-05  0.00000000000000000E+00
  4.0302430E+01 -1.48866547959869422E-05 -1.48866547959869422E-05  0.00000000000000000E+00
  4.0571596E+01 -1.35827722260728478E-05 -1.35827722260728478E-05  0.00000000000000000E+00
  4.0842560E+01 -1.23853660198847138E-05 -1.23853660198847138E-05  0.00000000000000000E+00
  4.1115334E+01 -1.12864305918947139E-05 -1.12864305918947139E-05  0.00000000000000000E+00
  4.1389930E+01 -1.02785044333586484E-05 -1.02785044333586484E-05  0.00000000000000000E+00
  4.1666359E+01 -9.35463803841685149E-06 -9.35463803841685149E-06  0.00000000000000000E+00
  4.1944635E+01 -8.50836239862928778E-06 -8.50836239862928778E-06  0.00000000000000000E+00
  4.2224769E+01 -7.73366029704902758E-06 -7.73366029704902758E-06  0.00000000000000000E+00
  4.2506774E+01 -7.02493807125392777E-06 -7.02493807125392777E-06  0.00000000000000000E+00
  4.2790662E+01 -6.37699925221113517E-06 -6.37699925221113517E-06  0.00000000000000000E+00
  4.3076447E+01 -5.78502000792013860E-06 -5.78502000792013860E-06  0.00000000000000000E+00
  4.3364140E+01 -5.24452487127291533E-06 -5.24452487127291533E-06  0.00000000000000000E+00
  4.3653754E+01 -4.75136472743997729E-06 -4.75136472743997729E-06  0.00000000000000000E+00
  4.3945303E+01 -4.30169571075111890E-06 -4.30169571075111890E-06  0.00000000000000000E+00
  4.4238799E+01 -3.89195891159488383E-06 -3.89195891159488383E-06  0.00000000000000000E+00
  4.4534255E+01 -3.51886161809034093E-06 -3.51886161809034093E-06  0.00000000000000000E+00
  4.4831684E+01 -3.17935976568151091E-06 -3.17935976568151091E-06  0.00000000000000000E+00
  4.5131100E+01 -2.87064082726828929E-06 -2.87064082726828929E-06  0.00000000000000000E+00
  4.5432515E+01 -2.59010799652514834E-06 -2.59010799652514834E-06  0.00000000000000000E+00
  4.5735943E+01 -2.33536576388360118E-06 -2.33536576388360118E-06  0.00000000000000000E+00
  4.6041398E+01 -2.10420527935184509E-06 -2.10420527935184509E-06  0.00000000000000000E+00
  4.6348893E+01 -1.89459191801688576E-06 -1.89459191801688576E-06  0.00000000000000000E+00
  4.6658442E+01 -1.70465226290161809E-06 -1.70465226290161809E-06  0.00000000000000000E+00
  4.6970058E+01 -1.53266296365472954E-06 -1.53266296365472954E-06  0.00000000000000000E+00
  4.7283755E+01 -1.37703996472282597E-06 -1.37703996472282597E-06  0.00000000000000000E+00
  4.7599547E+01 -1.23632788984195940E-06 -1.23632788984195940E-06  0.00000000000000000E+00
  4.7917448E+01 -1.10919090445804613E-06 -1.10919090445804613E-06  0.00000000000000000E+00
  4.8237473E+01 -9.94403862364379165E-07 -9.94403862364379165E-07  0.00000000000000000E+00
  4.8559634E+01 -8.90843722345380229E-07 -8.90843722345380229E-07  0.00000000000000000E+00
  4.8883948E+01 -7.97481902736763004E-07 -7.97481902736763004E-07  0.00000000000000000E+00
  4.9210427E+01 -7.13377275474158523E-07 -7.13377275474158523E-07  0.00000000000000000E+00
  4.9539087E+01 -6.37668932768065133E-07 -6.37668932768065133E-07  0.00000000000000000E+00
  4.9869942E+01 -5.69570545394526562E-07 -5.69570545394526562E-07  0.00000000000000000E+00
  5.0203006E+01 -5.08363868334527069E-07 -5.08363868334527069E-07  0.00000000000000000E+00
  5.0538295E+01 -4.53393653288003406E-07 -4.53393653288003406E-07  0.00000000000000000E+00
  5.0875823E+01 -4.04062845404951076E-07 -4.04062845404951076E-07  0.00000000000000000E+00
  5.1215605E+01 -3.59827225793196703E-07 -3.59827225793196703E-07  0.00000000000000000E+00
  5.1557657E+01 -3.20191503533351352E-07 -3.20191503533351352E-07  0.00000000000000000E+00
  5.1901993E+01 -2.84705492958892137E-07 -2.84705492958892137E-07  0.00000000000000000E+00
  5.2248629E+01 -9.14894826564704999E-10 -9.14894826564704999E-10  0.00000000000000000E+00
  5.2597579E+01 -9.04194052964157891E-10 -9.04194052964157891E-10  0.00000000000000000E+00
  5.2948861E+01 -8.93450646799465176E-10 -8.93450646799465176E-10  0.00000000000000000E+00
  5.3302488E+01 -8.82636186361196451E-10 -8.82636186361196451E-10  0.00000000000000000E+00
  5.3658477E+01 -8.71636984811630100E-10 -8.71636984811630100E-10  0.00000000000000000E+00
  5.4016844E+01 -8.60609361552633345E-10 -8.60609361552633345E-10  0.00000000000000000E+00
  5.4377604E+01 -8.49411208037054166E-10 -8.49411208037054166E-10  0.00000000000000000E+00
  5.4740774E+01 -8.38184632812044583E-10 -8.38184632812044583E-10  0.00000000000000000E+00
  5.5106368E+01 -8.26915425022889394E-10 -8.26915425022889394E-10  0.00000000000000000E+00
  5.5474405E+01 -8.15433054413006175E-10 -8.15433054413006175E-10  0.00000000000000000E+00
  5.5844900E+01 -8.03950683803122956E-10 -8.03950683803122956E-10  0.00000000000000000E+00
  5.6217869E+01 -7.92368837210233323E-10 -7.92368837210233323E-10  0.00000000000000000E+00
  5.6593329E+01 -7.80588038651330862E-10 -7.80588038651330862E-10  0.00000000000000000E+00
  5.6971296E+01 -7.68807240092428401E-10 -7.68807240092428401E-10  0.00000000000000000E+00
  5.7351788E+01 -7.56912754695804324E-10 -7.56912754695804324E-10  0.00000000000000000E+00
  5.7734821E+01 -7.44819317333167419E-10 -7.44819317333167419E-10  0.00000000000000000E+00
  5.8120412E+01 -7.32740090825245716E-10 -7.32740090825245716E-10  0.00000000000000000E+00
  5.8508578E+01 -7.20419279787165578E-10 -7.20419279787165578E-10  0.00000000000000000E+00
  5.8899337E+01 -7.08098468749085441E-10 -7.08098468749085441E-10  0.00000000000000000E+00
  5.9292706E+01 -6.95663970873283688E-10 -6.95663970873283688E-10  0.00000000000000000E+00
  5.9688701E+01 -6.83058942740899511E-10 -6.83058942740899511E-10  0.00000000000000000E+00
  6.0087342E+01 -6.70439703753800131E-10 -6.70439703753800131E-10  0.00000000000000000E+00
  6.0488644E+01 -6.57720988783694338E-10 -6.57720988783694338E-10  0.00000000000000000E+00
  6.0892627E+01 -6.44817532702290919E-10 -6.44817532702290919E-10  0.00000000000000000E+00
  6.1299308E+01 -6.31914076620887499E-10 -6.31914076620887499E-10  0.00000000000000000E+00
  6.1708705E+01 -6.18882722847047262E-10 -6.18882722847047262E-10  0.00000000000000000E+00
  6.2120837E+01 -6.05680838816624600E-10 -6.05680838816624600E-10  0.00000000000000000E+00
  6.2535720E+01 -5.92450533076771535E-10 -5.92450533076771535E-10  0.00000000000000000E+00
  6.2953375E+01 -5.79134962208627257E-10 -5.79134962208627257E-10  0.00000000000000000E+00
  6.3373819E+01 -5.65577806810324546E-10 -5.65577806810324546E-10  0.00000000000000000E+00
  6.3797071E+01 -5.51963807993161026E-10 -5.51963807993161026E-10  0.00000000000000000E+00
  6.4223150E+01 -5.38193489774130285E-10 -5.38193489774130285E-10  0.00000000000000000E+00
  6.4652074E+01 -5.24394749845669139E-10 -5.24394749845669139E-10  0.00000000000000000E+00
  6.5083863E+01 -5.10439690515340772E-10 -5.10439690515340772E-10  0.00000000000000000E+00
  6.5518536E+01 -4.96299890073714778E-10 -4.96299890073714778E-10  0.00000000000000000E+00
  6.5956112E+01 -4.82131667922658380E-10 -4.82131667922658380E-10  0.00000000000000000E+00
  6.6396610E+01 -4.67849758933880366E-10 -4.67849758933880366E-10  0.00000000000000000E+00
  6.6840050E+01 -4.53354687124374323E-10 -4.53354687124374323E-10  0.00000000000000000E+00
  6.7286452E+01 -4.38831193605437875E-10 -4.38831193605437875E-10  0.00000000000000000E+00
  6.7735835E+01 -4.24194013248779811E-10 -4.24194013248779811E-10  0.00000000000000000E+00
  6.8188219E+01 -4.09343670071393717E-10 -4.09343670071393717E-10  0.00000000000000000E+00
  6.8643625E+01 -3.94493326894007623E-10 -3.94493326894007623E-10  0.00000000000000000E+00
  6.9102072E+01 -3.79515086024184711E-10 -3.79515086024184711E-10  0.00000000000000000E+00
  6.9563581E+01 -3.64323682333633769E-10 -3.64323682333633769E-10  0.00000000000000000E+00
  7.0028172E+01 -3.49089646078937221E-10 -3.49089646078937221E-10  0.00000000000000000E+00
  7.0495866E+01 -3.33642447003512643E-10 -3.33642447003512643E-10  0.00000000000000000E+00
  7.0966683E+01 -3.18195247928088065E-10 -3.18195247928088065E-10  0.00000000000000000E+00
  7.1440645E+01 -3.02620151160226669E-10 -3.02620151160226669E-10  0.00000000000000000E+00
  7.1917773E+01 -2.86860313281067647E-10 -2.86860313281067647E-10  0.00000000000000000E+00
  7.2398087E+01 -2.71057842837763019E-10 -2.71057842837763019E-10  0.00000000000000000E+00
  7.2881609E+01 -2.55127474702021573E-10 -2.55127474702021573E-10  0.00000000000000000E+00
  7.3368360E+01 -2.38983943745552097E-10 -2.38983943745552097E-10  0.00000000000000000E+00
  7.3858362E+01 -2.22826201934367418E-10 -2.22826201934367418E-10  0.00000000000000000E+00
  7.4351636E+01 -2.06512140721315518E-10 -2.06512140721315518E-10  0.00000000000000000E+00
  7.4848205E+01 -1.89970705832820386E-10 -1.89970705832820386E-10  0.00000000000000000E+00
  7.5348090E+01 -1.73386638380179647E-10 -1.73386638380179647E-10  0.00000000000000000E+00
  7.5851314E+01 -1.56603618961526081E-10 -1.56603618961526081E-10  0.00000000000000000E+00
  7.6357899E+01 -1.39763756124011707E-10 -1.39763756124011707E-10  0.00000000000000000E+00
  7.6867867E+01 -1.22795995594060514E-10 -1.22795995594060514E-10  0.00000000000000000E+00
  7.7381241E+01 -1.05643493952811696E-10 -1.05643493952811696E-10  0.00000000000000000E+00
  7.7898043E+01 -8.84341488927020691E-11 -8.84341488927020691E-11  0.00000000000000000E+00
  7.8418297E+01 -7.10826952854404226E-11 -7.10826952854404226E-11  0.00000000000000000E+00
  7.8942026E+01 -5.34896571480203420E-11 -5.34896571480203420E-11  0.00000000000000000E+00
  7.9469252E+01 -3.58681973011698574E-11 -3.58681973011698574E-11  0.00000000000000000E+00
  8.0000000E+01 -1.80477854883065447E-11 -1.80477854883065447E-11  0.00000000000000000E+00
