#    r         rv               rvh           rvx       den                  tau          vtau          deltatau 
  0.0000000E+00 -1.0000000E+02  0.0000000E+00 -0.0000000E+00  0.0000000E+00 -8.5730117E+03  0.0000000E+00 -1.5104041E+14
  8.8911955E-07 -9.9999694E+01  5.3112618E-04 -2.2560910E-04  3.6097899E-06  1.8210863E+04  0.0000000E+00  3.0863204E+13
  1.7841772E-06 -9.9999374E+01  1.0657996E-03 -4.4000282E-04  1.3203601E-05  2.0789100E+04  0.0000000E+00 -3.4559960E+12
  2.6852126E-06 -9.9999049E+01  1.6040438E-03 -6.5351146E-04  2.8265377E-05  1.8013572E+04  0.0000000E+00  1.2048559E+12
  3.5922658E-06 -9.9998722E+01  2.1458828E-03 -8.6814244E-04  4.8592344E-05  1.7866272E+04  0.0000000E+00  1.5866043E+11
  4.5053768E-06 -9.9998396E+01  2.6913405E-03 -1.0870960E-03  7.4073223E-05  1.7459300E+04  0.0000000E+00  3.3599945E+10
  5.4245861E-06 -9.9998071E+01  3.2404411E-03 -1.3114266E-03  1.0465690E-04  1.7016926E+04  0.0000000E+00  1.1788821E+10
  6.3499346E-06 -9.9997749E+01  3.7932089E-03 -1.5422852E-03  1.4031380E-04  1.6680763E+04  0.0000000E+00  4.7734768E+09
  7.2814630E-06 -9.9997432E+01  4.3496684E-03 -1.7813275E-03  1.8103436E-04  1.6395125E+04  0.0000000E+00  2.3723338E+09
  8.2192129E-06 -9.9997120E+01  4.9098443E-03 -2.0296525E-03  2.2682401E-04  1.6145954E+04  0.0000000E+00  1.4444800E+09
  9.1632256E-06 -9.9996815E+01  5.4737613E-03 -2.2884268E-03  2.7769849E-04  1.5928037E+04  0.0000000E+00  1.0095760E+09
  1.0113543E-05 -9.9996517E+01  6.0414445E-03 -2.5588444E-03  3.3368211E-04  1.5734074E+04  0.0000000E+00  7.8809267E+08
  1.1070207E-05 -9.9996229E+01  6.6129189E-03 -2.8419854E-03  3.9480598E-04  1.5559978E+04  0.0000000E+00  6.6251479E+08
  1.2033261E-05 -9.9995951E+01  7.1882100E-03 -3.1389414E-03  4.6110689E-04  1.5402534E+04  0.0000000E+00  5.8425861E+08
  1.3002746E-05 -9.9995683E+01  7.7673432E-03 -3.4507759E-03  5.3262645E-04  1.5259163E+04  0.0000000E+00  5.3140029E+08
  1.3978707E-05 -9.9995428E+01  8.3503441E-03 -3.7785231E-03  6.0941049E-04  1.5127837E+04  0.0000000E+00  4.9307964E+08
  1.4961185E-05 -9.9995186E+01  8.9372386E-03 -4.1231931E-03  6.9150854E-04  1.5006927E+04  0.0000000E+00  4.6361967E+08
  1.5950225E-05 -9.9994958E+01  9.5280526E-03 -4.4857697E-03  7.7897346E-04  1.4895107E+04  0.0000000E+00  4.3988371E+08
  1.6945870E-05 -9.9994744E+01  1.0122812E-02 -4.8672089E-03  8.7186114E-04  1.4791287E+04  0.0000000E+00  4.2004751E+08
  1.7948165E-05 -9.9994547E+01  1.0721544E-02 -5.2684377E-03  9.7023021E-04  1.4694557E+04  0.0000000E+00  4.0299923E+08
  1.8957154E-05 -9.9994366E+01  1.1324275E-02 -5.6903524E-03  1.0741419E-03  1.4604153E+04  0.0000000E+00  3.8803070E+08
  1.9972882E-05 -9.9994203E+01  1.1931031E-02 -6.1338168E-03  1.1836598E-03  1.4519429E+04  0.0000000E+00  3.7467187E+08
  2.0995393E-05 -9.9994058E+01  1.2541838E-02 -6.5996605E-03  1.2988498E-03  1.4439830E+04  0.0000000E+00  3.6259851E+08
  2.2024733E-05 -9.9993932E+01  1.3156726E-02 -7.0886766E-03  1.4197799E-03  1.4364881E+04  0.0000000E+00  3.5157894E+08
  2.3060948E-05 -9.9993826E+01  1.3775719E-02 -7.6016201E-03  1.5465202E-03  1.4294168E+04  0.0000000E+00  3.4144214E+08
  2.4104084E-05 -9.9993740E+01  1.4398847E-02 -8.1392057E-03  1.6791428E-03  1.4227330E+04  0.0000000E+00  3.3205819E+08
  2.5154186E-05 -9.9993676E+01  1.5026136E-02 -8.7021062E-03  1.8177215E-03  1.4164052E+04  0.0000000E+00  3.2332582E+08
  2.6211301E-05 -9.9993633E+01  1.5657614E-02 -9.2909501E-03  1.9623323E-03  1.4104054E+04  0.0000000E+00  3.1516426E+08
  2.7275476E-05 -9.9993613E+01  1.6293310E-02 -9.9063205E-03  2.1130526E-03  1.4047091E+04  0.0000000E+00  3.0750783E+08
  2.8346759E-05 -9.9993616E+01  1.6933251E-02 -1.0548753E-02  2.2699618E-03  1.3992942E+04  0.0000000E+00  3.0030222E+08
  2.9425197E-05 -9.9993641E+01  1.7577466E-02 -1.1218733E-02  2.4331409E-03  1.3941411E+04  0.0000000E+00  2.9350184E+08
  3.0510836E-05 -9.9993691E+01  1.8225983E-02 -1.1916696E-02  2.6026729E-03  1.3892322E+04  0.0000000E+00  2.8706793E+08
  3.1603727E-05 -9.9993764E+01  1.8878831E-02 -1.2643026E-02  2.7786419E-03  1.3845517E+04  0.0000000E+00  2.8096721E+08
  3.2703917E-05 -9.9993862E+01  1.9536039E-02 -1.3398052E-02  2.9611343E-03  1.3800853E+04  0.0000000E+00  2.7517080E+08
  3.3811454E-05 -9.9993984E+01  2.0197636E-02 -1.4182049E-02  3.1502375E-03  1.3758200E+04  0.0000000E+00  2.6965346E+08
  3.4926388E-05 -9.9994132E+01  2.0863651E-02 -1.4995237E-02  3.3460411E-03  1.3717440E+04  0.0000000E+00  2.6439295E+08
  3.6048768E-05 -9.9994304E+01  2.1534114E-02 -1.5837776E-02  3.5486359E-03  1.3678466E+04  0.0000000E+00  2.5936958E+08
  3.7178645E-05 -9.9994501E+01  2.2209055E-02 -1.6709773E-02  3.7581145E-03  1.3641180E+04  0.0000000E+00  2.5456580E+08
  3.8316067E-05 -9.9994723E+01  2.2888503E-02 -1.7611274E-02  3.9745711E-03  1.3605492E+04  0.0000000E+00  2.4996589E+08
  3.9461086E-05 -9.9994970E+01  2.3572489E-02 -1.8542266E-02  4.1981013E-03  1.3571320E+04  0.0000000E+00  2.4555573E+08
  4.0613752E-05 -9.9995242E+01  2.4261042E-02 -1.9502680E-02  4.4288026E-03  1.3538587E+04  0.0000000E+00  2.4132256E+08
  4.1774116E-05 -9.9995538E+01  2.4954194E-02 -2.0492384E-02  4.6667739E-03  1.3507225E+04  0.0000000E+00  2.3725482E+08
  4.2942230E-05 -9.9995859E+01  2.5651975E-02 -2.1511192E-02  4.9121157E-03  1.3477167E+04  0.0000000E+00  2.3334200E+08
  4.4118146E-05 -9.9996204E+01  2.6354416E-02 -2.2558853E-02  5.1649301E-03  1.3448355E+04  0.0000000E+00  2.2957452E+08
  4.5301915E-05 -9.9996574E+01  2.7061547E-02 -2.3635064E-02  5.4253210E-03  1.3420734E+04  0.0000000E+00  2.2594363E+08
  4.6493589E-05 -9.9996966E+01  2.7773401E-02 -2.4739460E-02  5.6933936E-03  1.3394250E+04  0.0000000E+00  2.2244130E+08
  4.7693223E-05 -9.9997382E+01  2.8490009E-02 -2.5871620E-02  5.9692551E-03  1.3368858E+04  0.0000000E+00  2.1906015E+08
  4.8900869E-05 -9.9997820E+01  2.9211403E-02 -2.7031067E-02  6.2530138E-03  1.3344511E+04  0.0000000E+00  2.1579339E+08
  5.0116580E-05 -9.9998280E+01  2.9937614E-02 -2.8217269E-02  6.5447802E-03  1.3321169E+04  0.0000000E+00  2.1263476E+08
  5.1340410E-05 -9.9998761E+01  3.0668675E-02 -2.9429640E-02  6.8446662E-03  1.3298792E+04  0.0000000E+00  2.0957845E+08
  5.2572414E-05 -9.9999263E+01  3.1404618E-02 -3.0667541E-02  7.1527852E-03  1.3277344E+04  0.0000000E+00  2.0661911E+08
  5.3812646E-05 -9.9999785E+01  3.2145475E-02 -3.1930283E-02  7.4692525E-03  1.3256791E+04  0.0000000E+00  2.0375176E+08
  5.5061161E-05 -1.0000033E+02  3.2891280E-02 -3.3217125E-02  7.7941849E-03  1.3237101E+04  0.0000000E+00  2.0097176E+08
  5.6318014E-05 -1.0000089E+02  3.3642066E-02 -3.4527283E-02  8.1277012E-03  1.3218243E+04  0.0000000E+00  1.9827482E+08
  5.7583261E-05 -1.0000146E+02  3.4397865E-02 -3.5859923E-02  8.4699216E-03  1.3200190E+04  0.0000000E+00  1.9565691E+08
  5.8856959E-05 -1.0000206E+02  3.5158712E-02 -3.7214170E-02  8.8209680E-03  1.3182915E+04  0.0000000E+00  1.9311428E+08
  6.0139163E-05 -1.0000266E+02  3.5924639E-02 -3.8589106E-02  9.1809643E-03  1.3166392E+04  0.0000000E+00  1.9064343E+08
  6.1429931E-05 -1.0000329E+02  3.6695682E-02 -3.9983776E-02  9.5500360E-03  1.3150598E+04  0.0000000E+00  1.8824109E+08
  6.2729319E-05 -1.0000393E+02  3.7471873E-02 -4.1397186E-02  9.9283103E-03  1.3135510E+04  0.0000000E+00  1.8590416E+08
  6.4037385E-05 -1.0000458E+02  3.8253248E-02 -4.2828309E-02  1.0315916E-02  1.3121108E+04  0.0000000E+00  1.8362978E+08
  6.5354187E-05 -1.0000524E+02  3.9039841E-02 -4.4276086E-02  1.0712985E-02  1.3107371E+04  0.0000000E+00  1.8141523E+08
  6.6679784E-05 -1.0000591E+02  3.9831686E-02 -4.5739428E-02  1.1119648E-02  1.3094280E+04  0.0000000E+00  1.7925796E+08
  6.8014234E-05 -1.0000659E+02  4.0628819E-02 -4.7217222E-02  1.1536042E-02  1.3081818E+04  0.0000000E+00  1.7715557E+08
  6.9357596E-05 -1.0000728E+02  4.1431276E-02 -4.8708330E-02  1.1962301E-02  1.3069967E+04  0.0000000E+00  1.7510579E+08
  7.0709930E-05 -1.0000797E+02  4.2239091E-02 -5.0211590E-02  1.2398564E-02  1.3058711E+04  0.0000000E+00  1.7310651E+08
  7.2071296E-05 -1.0000867E+02  4.3052301E-02 -5.1725828E-02  1.2844972E-02  1.3048035E+04  0.0000000E+00  1.7115569E+08
  7.3441754E-05 -1.0000938E+02  4.3870941E-02 -5.3249849E-02  1.3301666E-02  1.3037925E+04  0.0000000E+00  1.6925144E+08
  7.4821365E-05 -1.0001009E+02  4.4695048E-02 -5.4782448E-02  1.3768791E-02  1.3028365E+04  0.0000000E+00  1.6739195E+08
  7.6210190E-05 -1.0001080E+02  4.5524658E-02 -5.6322410E-02  1.4246491E-02  1.3019344E+04  0.0000000E+00  1.6557553E+08
  7.7608290E-05 -1.0001151E+02  4.6359808E-02 -5.7868513E-02  1.4734915E-02  1.3010849E+04  0.0000000E+00  1.6380054E+08
  7.9015728E-05 -1.0001222E+02  4.7200535E-02 -5.9419530E-02  1.5234213E-02  1.3002867E+04  0.0000000E+00  1.6206547E+08
  8.0432565E-05 -1.0001293E+02  4.8046876E-02 -6.0974233E-02  1.5744537E-02  1.2995387E+04  0.0000000E+00  1.6036885E+08
  8.1858865E-05 -1.0001363E+02  4.8898869E-02 -6.2531395E-02  1.6266040E-02  1.2988398E+04  0.0000000E+00  1.5870931E+08
  8.3294690E-05 -1.0001433E+02  4.9756551E-02 -6.4089794E-02  1.6798878E-02  1.2981890E+04  0.0000000E+00  1.5708553E+08
  8.4740105E-05 -1.0001503E+02  5.0619960E-02 -6.5648213E-02  1.7343209E-02  1.2975853E+04  0.0000000E+00  1.5549626E+08
  8.6195174E-05 -1.0001572E+02  5.1489135E-02 -6.7205443E-02  1.7899194E-02  1.2970278E+04  0.0000000E+00  1.5394032E+08
  8.7659960E-05 -1.0001640E+02  5.2364114E-02 -6.8760289E-02  1.8466994E-02  1.2965155E+04  0.0000000E+00  1.5241656E+08
  8.9134529E-05 -1.0001707E+02  5.3244935E-02 -7.0311569E-02  1.9046774E-02  1.2960476E+04  0.0000000E+00  1.5092391E+08
  9.0618946E-05 -1.0001773E+02  5.4131639E-02 -7.1858114E-02  1.9638701E-02  1.2956233E+04  0.0000000E+00  1.4946135E+08
  9.2113278E-05 -1.0001837E+02  5.5024263E-02 -7.3398777E-02  2.0242942E-02  1.2952417E+04  0.0000000E+00  1.4802788E+08
  9.3617589E-05 -1.0001901E+02  5.5922848E-02 -7.4932430E-02  2.0859669E-02  1.2949022E+04  0.0000000E+00  1.4662258E+08
  9.5131947E-05 -1.0001963E+02  5.6827433E-02 -7.6457966E-02  2.1489055E-02  1.2946039E+04  0.0000000E+00  1.4524453E+08
  9.6656419E-05 -1.0002024E+02  5.7738059E-02 -7.7974305E-02  2.2131276E-02  1.2943463E+04  0.0000000E+00  1.4389290E+08
  9.8191072E-05 -1.0002083E+02  5.8654765E-02 -7.9480389E-02  2.2786508E-02  1.2941286E+04  0.0000000E+00  1.4256685E+08
  9.9735974E-05 -1.0002140E+02  5.9577593E-02 -8.0975191E-02  2.3454933E-02  1.2939502E+04  0.0000000E+00  1.4126560E+08
  1.0129119E-04 -1.0002195E+02  6.0506582E-02 -8.2457713E-02  2.4136731E-02  1.2938105E+04  0.0000000E+00  1.3998840E+08
  1.0285680E-04 -1.0002249E+02  6.1441775E-02 -8.3926984E-02  2.4832089E-02  1.2937090E+04  0.0000000E+00  1.3873453E+08
  1.0443287E-04 -1.0002300E+02  6.2383213E-02 -8.5382070E-02  2.5541193E-02  1.2936451E+04  0.0000000E+00  1.3750330E+08
  1.0601945E-04 -1.0002349E+02  6.3330937E-02 -8.6822067E-02  2.6264232E-02  1.2936182E+04  0.0000000E+00  1.3629405E+08
  1.0761664E-04 -1.0002396E+02  6.4284989E-02 -8.8246105E-02  2.7001398E-02  1.2936279E+04  0.0000000E+00  1.3510615E+08
  1.0922449E-04 -1.0002441E+02  6.5245411E-02 -8.9653351E-02  2.7752887E-02  1.2936736E+04  0.0000000E+00  1.3393898E+08
  1.1084308E-04 -1.0002483E+02  6.6212247E-02 -9.1043007E-02  2.8518894E-02  1.2937550E+04  0.0000000E+00  1.3279195E+08
  1.1247248E-04 -1.0002523E+02  6.7185538E-02 -9.2414313E-02  2.9299620E-02  1.2938715E+04  0.0000000E+00  1.3166451E+08
  1.1411277E-04 -1.0002560E+02  6.8165328E-02 -9.3766544E-02  3.0095265E-02  1.2940228E+04  0.0000000E+00  1.3055611E+08
  1.1576401E-04 -1.0002595E+02  6.9151660E-02 -9.5099015E-02  3.0906036E-02  1.2942084E+04  0.0000000E+00  1.2946624E+08
  1.1742627E-04 -1.0002627E+02  7.0144579E-02 -9.6411079E-02  3.1732138E-02  1.2944280E+04  0.0000000E+00  1.2839440E+08
  1.1909964E-04 -1.0002656E+02  7.1144127E-02 -9.7702128E-02  3.2573782E-02  1.2946811E+04  0.0000000E+00  1.2734009E+08
  1.2078418E-04 -1.0002682E+02  7.2150349E-02 -9.8971592E-02  3.3431181E-02  1.2949675E+04  0.0000000E+00  1.2630286E+08
  1.2247998E-04 -1.0002706E+02  7.3163290E-02 -1.0021894E-01  3.4304549E-02  1.2952869E+04  0.0000000E+00  1.2528227E+08
  1.2418710E-04 -1.0002726E+02  7.4182994E-02 -1.0144368E-01  3.5194105E-02  1.2956388E+04  0.0000000E+00  1.2427787E+08
  1.2590562E-04 -1.0002744E+02  7.5209507E-02 -1.0264536E-01  3.6100069E-02  1.2960230E+04  0.0000000E+00  1.2328927E+08
  1.2763562E-04 -1.0002758E+02  7.6242874E-02 -1.0382357E-01  3.7022665E-02  1.2964392E+04  0.0000000E+00  1.2231604E+08
  1.2937717E-04 -1.0002769E+02  7.7283140E-02 -1.0497793E-01  3.7962119E-02  1.2968871E+04  0.0000000E+00  1.2135782E+08
  1.3113035E-04 -1.0002778E+02  7.8330353E-02 -1.0610810E-01  3.8918660E-02  1.2973665E+04  0.0000000E+00  1.2041423E+08
  1.3289524E-04 -1.0002783E+02  7.9384557E-02 -1.0721378E-01  3.9892521E-02  1.2978771E+04  0.0000000E+00  1.1948490E+08
  1.3467192E-04 -1.0002785E+02  8.0445800E-02 -1.0829471E-01  4.0883937E-02  1.2984187E+04  0.0000000E+00  1.1856949E+08
  1.3646047E-04 -1.0002784E+02  8.1514129E-02 -1.0935067E-01  4.1893145E-02  1.2989910E+04  0.0000000E+00  1.1766767E+08
  1.3826096E-04 -1.0002779E+02  8.2589591E-02 -1.1038146E-01  4.2920388E-02  1.2995938E+04  0.0000000E+00  1.1677910E+08
  1.4007347E-04 -1.0002771E+02  8.3672234E-02 -1.1138693E-01  4.3965908E-02  1.3002270E+04  0.0000000E+00  1.1590349E+08
  1.4189809E-04 -1.0002760E+02  8.4762105E-02 -1.1236695E-01  4.5029953E-02  1.3008904E+04  0.0000000E+00  1.1504051E+08
  1.4373490E-04 -1.0002746E+02  8.5859252E-02 -1.1332144E-01  4.6112773E-02  1.3015837E+04  0.0000000E+00  1.1418989E+08
  1.4558397E-04 -1.0002729E+02  8.6963725E-02 -1.1425035E-01  4.7214622E-02  1.3023068E+04  0.0000000E+00  1.1335133E+08
  1.4744540E-04 -1.0002708E+02  8.8075573E-02 -1.1515364E-01  4.8335756E-02  1.3030596E+04  0.0000000E+00  1.1252457E+08
  1.4931925E-04 -1.0002684E+02  8.9194843E-02 -1.1603134E-01  4.9476436E-02  1.3038418E+04  0.0000000E+00  1.1170933E+08
  1.5120562E-04 -1.0002656E+02  9.0321586E-02 -1.1688348E-01  5.0636923E-02  1.3046534E+04  0.0000000E+00  1.1090536E+08
  1.5310459E-04 -1.0002625E+02  9.1455852E-02 -1.1771012E-01  5.1817484E-02  1.3054942E+04  0.0000000E+00  1.1011240E+08
  1.5501624E-04 -1.0002591E+02  9.2597691E-02 -1.1851136E-01  5.3018390E-02  1.3063642E+04  0.0000000E+00  1.0933023E+08
  1.5694066E-04 -1.0002554E+02  9.3747154E-02 -1.1928732E-01  5.4239912E-02  1.3072631E+04  0.0000000E+00  1.0855859E+08
  1.5887793E-04 -1.0002513E+02  9.4904290E-02 -1.2003815E-01  5.5482328E-02  1.3081909E+04  0.0000000E+00  1.0779727E+08
  1.6082813E-04 -1.0002469E+02  9.6069152E-02 -1.2076403E-01  5.6745917E-02  1.3091475E+04  0.0000000E+00  1.0704605E+08
  1.6279137E-04 -1.0002422E+02  9.7241792E-02 -1.2146514E-01  5.8030963E-02  1.3101328E+04  0.0000000E+00  1.0630470E+08
  1.6476771E-04 -1.0002372E+02  9.8422259E-02 -1.2214171E-01  5.9337752E-02  1.3111467E+04  0.0000000E+00  1.0557303E+08
  1.6675726E-04 -1.0002318E+02  9.9610608E-02 -1.2279397E-01  6.0666575E-02  1.3121891E+04  0.0000000E+00  1.0485083E+08
  1.6876009E-04 -1.0002262E+02  1.0080689E-01 -1.2342219E-01  6.2017726E-02  1.3132601E+04  0.0000000E+00  1.0413791E+08
  1.7077630E-04 -1.0002202E+02  1.0201116E-01 -1.2402665E-01  6.3391502E-02  1.3143594E+04  0.0000000E+00  1.0343408E+08
  1.7280597E-04 -1.0002138E+02  1.0322347E-01 -1.2460764E-01  6.4788206E-02  1.3154871E+04  0.0000000E+00  1.0273915E+08
  1.7484920E-04 -1.0002072E+02  1.0444387E-01 -1.2516548E-01  6.6208141E-02  1.3166432E+04  0.0000000E+00  1.0205294E+08
  1.7690607E-04 -1.0002003E+02  1.0567242E-01 -1.2570050E-01  6.7651616E-02  1.3178275E+04  0.0000000E+00  1.0137528E+08
  1.7897668E-04 -1.0001930E+02  1.0690917E-01 -1.2621305E-01  6.9118945E-02  1.3190401E+04  0.0000000E+00  1.0070600E+08
  1.8106113E-04 -1.0001855E+02  1.0815418E-01 -1.2670348E-01  7.0610444E-02  1.3202809E+04  0.0000000E+00  1.0004493E+08
  1.8315949E-04 -1.0001776E+02  1.0940750E-01 -1.2717217E-01  7.2126433E-02  1.3215499E+04  0.0000000E+00  9.9391924E+07
  1.8527186E-04 -1.0001695E+02  1.1066919E-01 -1.2761950E-01  7.3667236E-02  1.3228471E+04  0.0000000E+00  9.8746815E+07
  1.8739835E-04 -1.0001611E+02  1.1193930E-01 -1.2804587E-01  7.5233182E-02  1.3241725E+04  0.0000000E+00  9.8109455E+07
  1.8953903E-04 -1.0001523E+02  1.1321789E-01 -1.2845168E-01  7.6824604E-02  1.3255260E+04  0.0000000E+00  9.7479697E+07
  1.9169402E-04 -1.0001433E+02  1.1450501E-01 -1.2883735E-01  7.8441837E-02  1.3269078E+04  0.0000000E+00  9.6857396E+07
  1.9386339E-04 -1.0001340E+02  1.1580073E-01 -1.2920330E-01  8.0085222E-02  1.3283177E+04  0.0000000E+00  9.6242414E+07
  1.9604726E-04 -1.0001244E+02  1.1710509E-01 -1.2954996E-01  8.1755104E-02  1.3297558E+04  0.0000000E+00  9.5634614E+07
  1.9824571E-04 -1.0001146E+02  1.1841817E-01 -1.2987777E-01  8.3451831E-02  1.3312222E+04  0.0000000E+00  9.5033864E+07
  2.0045884E-04 -1.0001045E+02  1.1974000E-01 -1.3018716E-01  8.5175758E-02  1.3327168E+04  0.0000000E+00  9.4440036E+07
  2.0268675E-04 -1.0000941E+02  1.2107067E-01 -1.3047859E-01  8.6927241E-02  1.3342396E+04  0.0000000E+00  9.3853003E+07
  2.0492954E-04 -1.0000834E+02  1.2241021E-01 -1.3075249E-01  8.8706642E-02  1.3357908E+04  0.0000000E+00  9.3272644E+07
  2.0718731E-04 -1.0000725E+02  1.2375870E-01 -1.3100934E-01  9.0514328E-02  1.3373703E+04  0.0000000E+00  9.2698838E+07
  2.0946016E-04 -1.0000613E+02  1.2511619E-01 -1.3124957E-01  9.2350669E-02  1.3389782E+04  0.0000000E+00  9.2131471E+07
  2.1174819E-04 -1.0000499E+02  1.2648274E-01 -1.3147366E-01  9.4216040E-02  1.3406145E+04  0.0000000E+00  9.1570427E+07
  2.1405150E-04 -1.0000382E+02  1.2785841E-01 -1.3168205E-01  9.6110822E-02  1.3422793E+04  0.0000000E+00  9.1015598E+07
  2.1637019E-04 -1.0000263E+02  1.2924327E-01 -1.3187521E-01  9.8035399E-02  1.3439726E+04  0.0000000E+00  9.0466874E+07
  2.1870437E-04 -1.0000142E+02  1.3063737E-01 -1.3205359E-01  9.9990160E-02  1.3456945E+04  0.0000000E+00  8.9924151E+07
  2.2105414E-04 -1.0000018E+02  1.3204077E-01 -1.3221765E-01  1.0197550E-01  1.3474450E+04  0.0000000E+00  8.9387326E+07
  2.2341960E-04 -9.9998914E+01  1.3345354E-01 -1.3236785E-01  1.0399181E-01  1.3492243E+04  0.0000000E+00  8.8856299E+07
  2.2580086E-04 -9.9997629E+01  1.3487575E-01 -1.3250465E-01  1.0603951E-01  1.3510323E+04  0.0000000E+00  8.8330972E+07
  2.2819802E-04 -9.9996321E+01  1.3630744E-01 -1.3262849E-01  1.0811899E-01  1.3528693E+04  0.0000000E+00  8.7811250E+07
  2.3061120E-04 -9.9994991E+01  1.3774870E-01 -1.3273983E-01  1.1023067E-01  1.3547351E+04  0.0000000E+00  8.7297039E+07
  2.3304049E-04 -9.9993640E+01  1.3919957E-01 -1.3283911E-01  1.1237498E-01  1.3566300E+04  0.0000000E+00  8.6788248E+07
  2.3548600E-04 -9.9992267E+01  1.4066012E-01 -1.3292677E-01  1.1455232E-01  1.3585540E+04  0.0000000E+00  8.6284788E+07
  2.3794785E-04 -9.9990873E+01  1.4213043E-01 -1.3300325E-01  1.1676314E-01  1.3605072E+04  0.0000000E+00  8.5786574E+07
  2.4042613E-04 -9.9989458E+01  1.4361055E-01 -1.3306899E-01  1.1900786E-01  1.3624897E+04  0.0000000E+00  8.5293518E+07
  2.4292097E-04 -9.9988024E+01  1.4510055E-01 -1.3312442E-01  1.2128692E-01  1.3645016E+04  0.0000000E+00  8.4805540E+07
  2.4543248E-04 -9.9986569E+01  1.4660049E-01 -1.3316996E-01  1.2360077E-01  1.3665429E+04  0.0000000E+00  8.4322558E+07
  2.4796075E-04 -9.9985096E+01  1.4811044E-01 -1.3320603E-01  1.2594986E-01  1.3686139E+04  0.0000000E+00  8.3844491E+07
  2.5050591E-04 -9.9983603E+01  1.4963047E-01 -1.3323305E-01  1.2833464E-01  1.3707146E+04  0.0000000E+00  8.3371264E+07
  2.5306807E-04 -9.9982091E+01  1.5116065E-01 -1.3325141E-01  1.3075556E-01  1.3728451E+04  0.0000000E+00  8.2902801E+07
  2.5564734E-04 -9.9980560E+01  1.5270104E-01 -1.3326154E-01  1.3321311E-01  1.3750055E+04  0.0000000E+00  8.2439026E+07
  2.5824384E-04 -9.9979012E+01  1.5425171E-01 -1.3326381E-01  1.3570774E-01  1.3771959E+04  0.0000000E+00  8.1979868E+07
  2.6085768E-04 -9.9977446E+01  1.5581273E-01 -1.3325862E-01  1.3823994E-01  1.3794165E+04  0.0000000E+00  8.1525257E+07
  2.6348897E-04 -9.9975862E+01  1.5738416E-01 -1.3324635E-01  1.4081019E-01  1.3816674E+04  0.0000000E+00  8.1075121E+07
  2.6613784E-04 -9.9974261E+01  1.5896609E-01 -1.3322738E-01  1.4341897E-01  1.3839487E+04  0.0000000E+00  8.0629395E+07
  2.6880440E-04 -9.9972643E+01  1.6055857E-01 -1.3320207E-01  1.4606678E-01  1.3862606E+04  0.0000000E+00  8.0188011E+07
  2.7148877E-04 -9.9971009E+01  1.6216168E-01 -1.3317080E-01  1.4875413E-01  1.3886031E+04  0.0000000E+00  7.9750905E+07
  2.7419106E-04 -9.9969358E+01  1.6377549E-01 -1.3313391E-01  1.5148150E-01  1.3909764E+04  0.0000000E+00  7.9318012E+07
  2.7691141E-04 -9.9967692E+01  1.6540007E-01 -1.3309175E-01  1.5424943E-01  1.3933807E+04  0.0000000E+00  7.8889271E+07
  2.7964992E-04 -9.9966009E+01  1.6703549E-01 -1.3304466E-01  1.5705842E-01  1.3958161E+04  0.0000000E+00  7.8464620E+07
  2.8240672E-04 -9.9964311E+01  1.6868182E-01 -1.3299298E-01  1.5990900E-01  1.3982827E+04  0.0000000E+00  7.8044000E+07
  2.8518193E-04 -9.9962598E+01  1.7033915E-01 -1.3293704E-01  1.6280170E-01  1.4007807E+04  0.0000000E+00  7.7627353E+07
  2.8797568E-04 -9.9960870E+01  1.7200753E-01 -1.3287715E-01  1.6573706E-01  1.4033103E+04  0.0000000E+00  7.7214620E+07
  2.9078809E-04 -9.9959127E+01  1.7368704E-01 -1.3281362E-01  1.6871562E-01  1.4058715E+04  0.0000000E+00  7.6805747E+07
  2.9361927E-04 -9.9957369E+01  1.7537776E-01 -1.3274677E-01  1.7173793E-01  1.4084646E+04  0.0000000E+00  7.6400677E+07
  2.9646937E-04 -9.9955597E+01  1.7707977E-01 -1.3267688E-01  1.7480454E-01  1.4110897E+04  0.0000000E+00  7.5999358E+07
  2.9933850E-04 -9.9953811E+01  1.7879313E-01 -1.3260425E-01  1.7791602E-01  1.4137469E+04  0.0000000E+00  7.5601736E+07
  3.0222680E-04 -9.9952011E+01  1.8051792E-01 -1.3252916E-01  1.8107294E-01  1.4164365E+04  0.0000000E+00  7.5207759E+07
  3.0513438E-04 -9.9950198E+01  1.8225422E-01 -1.3245189E-01  1.8427587E-01  1.4191586E+04  0.0000000E+00  7.4817377E+07
  3.0806139E-04 -9.9948371E+01  1.8400211E-01 -1.3237270E-01  1.8752540E-01  1.4219134E+04  0.0000000E+00  7.4430541E+07
  3.1100794E-04 -9.9946530E+01  1.8576167E-01 -1.3229186E-01  1.9082211E-01  1.4247010E+04  0.0000000E+00  7.4047200E+07
  3.1397417E-04 -9.9944677E+01  1.8753296E-01 -1.3220963E-01  1.9416661E-01  1.4275217E+04  0.0000000E+00  7.3667308E+07
  3.1696021E-04 -9.9942810E+01  1.8931607E-01 -1.3212624E-01  1.9755949E-01  1.4303756E+04  0.0000000E+00  7.3290818E+07
  3.1996619E-04 -9.9940931E+01  1.9111108E-01 -1.3204195E-01  2.0100136E-01  1.4332628E+04  0.0000000E+00  7.2917683E+07
  3.2299225E-04 -9.9939039E+01  1.9291807E-01 -1.3195698E-01  2.0449284E-01  1.4361836E+04  0.0000000E+00  7.2547858E+07
  3.2603852E-04 -9.9937134E+01  1.9473711E-01 -1.3187156E-01  2.0803457E-01  1.4391382E+04  0.0000000E+00  7.2181300E+07
  3.2910514E-04 -9.9935218E+01  1.9656829E-01 -1.3178592E-01  2.1162716E-01  1.4421268E+04  0.0000000E+00  7.1817964E+07
  3.3219223E-04 -9.9933289E+01  1.9841169E-01 -1.3170027E-01  2.1527126E-01  1.4451495E+04  0.0000000E+00  7.1457808E+07
  3.3529994E-04 -9.9931347E+01  2.0026738E-01 -1.3161481E-01  2.1896752E-01  1.4482066E+04  0.0000000E+00  7.1100791E+07
  3.3842841E-04 -9.9929394E+01  2.0213546E-01 -1.3152976E-01  2.2271659E-01  1.4512982E+04  0.0000000E+00  7.0746871E+07
  3.4157777E-04 -9.9927429E+01  2.0401600E-01 -1.3144530E-01  2.2651913E-01  1.4544245E+04  0.0000000E+00  7.0396007E+07
  3.4474817E-04 -9.9925453E+01  2.0590908E-01 -1.3136162E-01  2.3037581E-01  1.4575859E+04  0.0000000E+00  7.0048162E+07
  3.4793974E-04 -9.9923464E+01  2.0781480E-01 -1.3127892E-01  2.3428731E-01  1.4607824E+04  0.0000000E+00  6.9703294E+07
  3.5115262E-04 -9.9921464E+01  2.0973323E-01 -1.3119736E-01  2.3825432E-01  1.4640142E+04  0.0000000E+00  6.9361367E+07
  3.5438696E-04 -9.9919453E+01  2.1166446E-01 -1.3111711E-01  2.4227753E-01  1.4672817E+04  0.0000000E+00  6.9022343E+07
  3.5764291E-04 -9.9917430E+01  2.1360857E-01 -1.3103836E-01  2.4635764E-01  1.4705850E+04  0.0000000E+00  6.8686185E+07
  3.6092060E-04 -9.9915396E+01  2.1556565E-01 -1.3096125E-01  2.5049535E-01  1.4739243E+04  0.0000000E+00  6.8352857E+07
  3.6422018E-04 -9.9913350E+01  2.1753579E-01 -1.3088594E-01  2.5469140E-01  1.4772998E+04  0.0000000E+00  6.8022323E+07
  3.6754179E-04 -9.9911294E+01  2.1951906E-01 -1.3081258E-01  2.5894649E-01  1.4807119E+04  0.0000000E+00  6.7694550E+07
  3.7088559E-04 -9.9909226E+01  2.2151557E-01 -1.3074132E-01  2.6326138E-01  1.4841606E+04  0.0000000E+00  6.7369501E+07
  3.7425172E-04 -9.9907147E+01  2.2352540E-01 -1.3067230E-01  2.6763679E-01  1.4876463E+04  0.0000000E+00  6.7047145E+07
  3.7764034E-04 -9.9905057E+01  2.2554863E-01 -1.3060566E-01  2.7207349E-01  1.4911692E+04  0.0000000E+00  6.6727447E+07
  3.8105158E-04 -9.9902956E+01  2.2758536E-01 -1.3054151E-01  2.7657223E-01  1.4947295E+04  0.0000000E+00  6.6410376E+07
  3.8448561E-04 -9.9900844E+01  2.2963568E-01 -1.3048000E-01  2.8113378E-01  1.4983274E+04  0.0000000E+00  6.6095898E+07
  3.8794257E-04 -9.9898722E+01  2.3169967E-01 -1.3042124E-01  2.8575892E-01  1.5019632E+04  0.0000000E+00  6.5783984E+07
  3.9142262E-04 -9.9896588E+01  2.3377742E-01 -1.3036534E-01  2.9044844E-01  1.5056372E+04  0.0000000E+00  6.5474602E+07
  3.9492591E-04 -9.9894443E+01  2.3586904E-01 -1.3031242E-01  2.9520312E-01  1.5093496E+04  0.0000000E+00  6.5167721E+07
  3.9845260E-04 -9.9892288E+01  2.3797461E-01 -1.3026260E-01  3.0002378E-01  1.5131006E+04  0.0000000E+00  6.4863313E+07
  4.0200284E-04 -9.9890122E+01  2.4009421E-01 -1.3021596E-01  3.0491123E-01  1.5168905E+04  0.0000000E+00  6.4561347E+07
  4.0557679E-04 -9.9887945E+01  2.4222796E-01 -1.3017262E-01  3.0986629E-01  1.5207196E+04  0.0000000E+00  6.4261795E+07
  4.0917462E-04 -9.9885757E+01  2.4437594E-01 -1.3013267E-01  3.1488980E-01  1.5245881E+04  0.0000000E+00  6.3964628E+07
  4.1279647E-04 -9.9883558E+01  2.4653824E-01 -1.3009620E-01  3.1998259E-01  1.5284963E+04  0.0000000E+00  6.3669819E+07
  4.1644251E-04 -9.9881348E+01  2.4871496E-01 -1.3006331E-01  3.2514552E-01  1.5324444E+04  0.0000000E+00  6.3377340E+07
  4.2011290E-04 -9.9879128E+01  2.5090620E-01 -1.3003406E-01  3.3037945E-01  1.5364328E+04  0.0000000E+00  6.3087164E+07
  4.2380780E-04 -9.9876897E+01  2.5311206E-01 -1.3000856E-01  3.3568525E-01  1.5404616E+04  0.0000000E+00  6.2799264E+07
  4.2752738E-04 -9.9874654E+01  2.5533262E-01 -1.2998688E-01  3.4106380E-01  1.5445313E+04  0.0000000E+00  6.2513615E+07
  4.3127180E-04 -9.9872401E+01  2.5756799E-01 -1.2996908E-01  3.4651599E-01  1.5486420E+04  0.0000000E+00  6.2230191E+07
  4.3504123E-04 -9.9870137E+01  2.5981827E-01 -1.2995526E-01  3.5204273E-01  1.5527940E+04  0.0000000E+00  6.1948966E+07
  4.3883584E-04 -9.9867862E+01  2.6208355E-01 -1.2994546E-01  3.5764492E-01  1.5569876E+04  0.0000000E+00  6.1669916E+07
  4.4265578E-04 -9.9865576E+01  2.6436394E-01 -1.2993977E-01  3.6332348E-01  1.5612232E+04  0.0000000E+00  6.1393016E+07
  4.4650124E-04 -9.9863279E+01  2.6665954E-01 -1.2993824E-01  3.6907935E-01  1.5655010E+04  0.0000000E+00  6.1118242E+07
  4.5037238E-04 -9.9860971E+01  2.6897044E-01 -1.2994094E-01  3.7491348E-01  1.5698213E+04  0.0000000E+00  6.0845570E+07
  4.5426938E-04 -9.9858651E+01  2.7129675E-01 -1.2994792E-01  3.8082680E-01  1.5741843E+04  0.0000000E+00  6.0574976E+07
  4.5819240E-04 -9.9856321E+01  2.7363857E-01 -1.2995924E-01  3.8682029E-01  1.5785905E+04  0.0000000E+00  6.0306439E+07
  4.6214162E-04 -9.9853979E+01  2.7599600E-01 -1.2997494E-01  3.9289492E-01  1.5830401E+04  0.0000000E+00  6.0039935E+07
  4.6611722E-04 -9.9851626E+01  2.7836915E-01 -1.2999510E-01  3.9905168E-01  1.5875334E+04  0.0000000E+00  5.9775442E+07
  4.7011937E-04 -9.9849262E+01  2.8075813E-01 -1.3001974E-01  4.0529156E-01  1.5920708E+04  0.0000000E+00  5.9512938E+07
  4.7414825E-04 -9.9846886E+01  2.8316303E-01 -1.3004892E-01  4.1161557E-01  1.5966524E+04  0.0000000E+00  5.9252401E+07
  4.7820404E-04 -9.9844499E+01  2.8558396E-01 -1.3008268E-01  4.1802473E-01  1.6012788E+04  0.0000000E+00  5.8993810E+07
  4.8228691E-04 -9.9842100E+01  2.8802104E-01 -1.3012106E-01  4.2452006E-01  1.6059501E+04  0.0000000E+00  5.8737145E+07
  4.8639705E-04 -9.9839690E+01  2.9047436E-01 -1.3016410E-01  4.3110262E-01  1.6106667E+04  0.0000000E+00  5.8482384E+07
  4.9053464E-04 -9.9837268E+01  2.9294403E-01 -1.3021185E-01  4.3777345E-01  1.6154290E+04  0.0000000E+00  5.8229507E+07
  4.9469987E-04 -9.9834834E+01  2.9543017E-01 -1.3026433E-01  4.4453362E-01  1.6202373E+04  0.0000000E+00  5.7978493E+07
  4.9889291E-04 -9.9832389E+01  2.9793288E-01 -1.3032158E-01  4.5138420E-01  1.6250918E+04  0.0000000E+00  5.7729325E+07
  5.0311396E-04 -9.9829931E+01  3.0045228E-01 -1.3038364E-01  4.5832629E-01  1.6299930E+04  0.0000000E+00  5.7481981E+07
  5.0736320E-04 -9.9827462E+01  3.0298847E-01 -1.3045053E-01  4.6536098E-01  1.6349412E+04  0.0000000E+00  5.7236442E+07
  5.1164081E-04 -9.9824981E+01  3.0554156E-01 -1.3052229E-01  4.7248939E-01  1.6399367E+04  0.0000000E+00  5.6992691E+07
  5.1594700E-04 -9.9822487E+01  3.0811167E-01 -1.3059893E-01  4.7971264E-01  1.6449799E+04  0.0000000E+00  5.6750708E+07
  5.2028194E-04 -9.9819982E+01  3.1069890E-01 -1.3068050E-01  4.8703188E-01  1.6500712E+04  0.0000000E+00  5.6510474E+07
  5.2464584E-04 -9.9817464E+01  3.1330339E-01 -1.3076701E-01  4.9444824E-01  1.6552108E+04  0.0000000E+00  5.6271972E+07
  5.2903888E-04 -9.9814933E+01  3.1592523E-01 -1.3085849E-01  5.0196289E-01  1.6603992E+04  0.0000000E+00  5.6035184E+07
  5.3346126E-04 -9.9812390E+01  3.1856454E-01 -1.3095496E-01  5.0957702E-01  1.6656367E+04  0.0000000E+00  5.5800092E+07
  5.3791318E-04 -9.9809835E+01  3.2122145E-01 -1.3105643E-01  5.1729180E-01  1.6709237E+04  0.0000000E+00  5.5566679E+07
  5.4239483E-04 -9.9807267E+01  3.2389605E-01 -1.3116294E-01  5.2510844E-01  1.6762606E+04  0.0000000E+00  5.5334928E+07
  5.4690641E-04 -9.9804686E+01  3.2658849E-01 -1.3127451E-01  5.3302815E-01  1.6816477E+04  0.0000000E+00  5.5104822E+07
  5.5144812E-04 -9.9802092E+01  3.2929886E-01 -1.3139113E-01  5.4105217E-01  1.6870854E+04  0.0000000E+00  5.4876344E+07
  5.5602017E-04 -9.9799486E+01  3.3202730E-01 -1.3151285E-01  5.4918172E-01  1.6925741E+04  0.0000000E+00  5.4649479E+07
  5.6062275E-04 -9.9796866E+01  3.3477391E-01 -1.3163966E-01  5.5741808E-01  1.6981141E+04  0.0000000E+00  5.4424209E+07
  5.6525606E-04 -9.9794233E+01  3.3753883E-01 -1.3177160E-01  5.6576250E-01  1.7037060E+04  0.0000000E+00  5.4200519E+07
  5.6992033E-04 -9.9791586E+01  3.4032217E-01 -1.3190866E-01  5.7421627E-01  1.7093500E+04  0.0000000E+00  5.3978393E+07
  5.7461574E-04 -9.9788927E+01  3.4312405E-01 -1.3205086E-01  5.8278068E-01  1.7150465E+04  0.0000000E+00  5.3757816E+07
  5.7934251E-04 -9.9786254E+01  3.4594461E-01 -1.3219823E-01  5.9145705E-01  1.7207960E+04  0.0000000E+00  5.3538773E+07
  5.8410085E-04 -9.9783567E+01  3.4878395E-01 -1.3235076E-01  6.0024669E-01  1.7265989E+04  0.0000000E+00  5.3321248E+07
  5.8889098E-04 -9.9780866E+01  3.5164221E-01 -1.3250847E-01  6.0915096E-01  1.7324556E+04  0.0000000E+00  5.3105226E+07
  5.9371309E-04 -9.9778152E+01  3.5451951E-01 -1.3267136E-01  6.1817119E-01  1.7383665E+04  0.0000000E+00  5.2890693E+07
  5.9856740E-04 -9.9775423E+01  3.5741598E-01 -1.3283946E-01  6.2730877E-01  1.7443319E+04  0.0000000E+00  5.2677634E+07
  6.0345414E-04 -9.9772681E+01  3.6033174E-01 -1.3301277E-01  6.3656506E-01  1.7503524E+04  0.0000000E+00  5.2466036E+07
  6.0837352E-04 -9.9769924E+01  3.6326692E-01 -1.3319129E-01  6.4594148E-01  1.7564284E+04  0.0000000E+00  5.2255883E+07
  6.1332574E-04 -9.9767153E+01  3.6622166E-01 -1.3337504E-01  6.5543942E-01  1.7625602E+04  0.0000000E+00  5.2047162E+07
  6.1831105E-04 -9.9764368E+01  3.6919608E-01 -1.3356402E-01  6.6506033E-01  1.7687483E+04  0.0000000E+00  5.1839860E+07
  6.2332965E-04 -9.9761568E+01  3.7219030E-01 -1.3375824E-01  6.7480563E-01  1.7749932E+04  0.0000000E+00  5.1633962E+07
  6.2838176E-04 -9.9758753E+01  3.7520447E-01 -1.3395770E-01  6.8467680E-01  1.7812953E+04  0.0000000E+00  5.1429455E+07
  6.3346762E-04 -9.9755924E+01  3.7823872E-01 -1.3416242E-01  6.9467529E-01  1.7876551E+04  0.0000000E+00  5.1226326E+07
  6.3858744E-04 -9.9753079E+01  3.8129317E-01 -1.3437239E-01  7.0480261E-01  1.7940729E+04  0.0000000E+00  5.1024563E+07
  6.4374146E-04 -9.9750220E+01  3.8436796E-01 -1.3458763E-01  7.1506026E-01  1.8005493E+04  0.0000000E+00  5.0824152E+07
  6.4892990E-04 -9.9747345E+01  3.8746323E-01 -1.3480814E-01  7.2544976E-01  1.8070847E+04  0.0000000E+00  5.0625080E+07
  6.5415299E-04 -9.9744455E+01  3.9057911E-01 -1.3503392E-01  7.3597264E-01  1.8136795E+04  0.0000000E+00  5.0427335E+07
  6.5941096E-04 -9.9741549E+01  3.9371574E-01 -1.3526497E-01  7.4663046E-01  1.8203343E+04  0.0000000E+00  5.0230904E+07
  6.6470405E-04 -9.9738628E+01  3.9687326E-01 -1.3550131E-01  7.5742479E-01  1.8270495E+04  0.0000000E+00  5.0035776E+07
  6.7003249E-04 -9.9735691E+01  4.0005179E-01 -1.3574293E-01  7.6835722E-01  1.8338255E+04  0.0000000E+00  4.9841938E+07
  6.7539652E-04 -9.9732738E+01  4.0325149E-01 -1.3598984E-01  7.7942935E-01  1.8406630E+04  0.0000000E+00  4.9649378E+07
  6.8079637E-04 -9.9729770E+01  4.0647249E-01 -1.3624205E-01  7.9064279E-01  1.8475623E+04  0.0000000E+00  4.9458085E+07
  6.8623228E-04 -9.9726785E+01  4.0971494E-01 -1.3649955E-01  8.0199920E-01  1.8545239E+04  0.0000000E+00  4.9268047E+07
  6.9170450E-04 -9.9723783E+01  4.1297897E-01 -1.3676234E-01  8.1350021E-01  1.8615483E+04  0.0000000E+00  4.9079251E+07
  6.9721327E-04 -9.9720766E+01  4.1626473E-01 -1.3703044E-01  8.2514750E-01  1.8686361E+04  0.0000000E+00  4.8891688E+07
  7.0275883E-04 -9.9717731E+01  4.1957236E-01 -1.3730385E-01  8.3694277E-01  1.8757877E+04  0.0000000E+00  4.8705346E+07
  7.0834142E-04 -9.9714681E+01  4.2290201E-01 -1.3758256E-01  8.4888772E-01  1.8830036E+04  0.0000000E+00  4.8520213E+07
  7.1396130E-04 -9.9711613E+01  4.2625382E-01 -1.3786658E-01  8.6098406E-01  1.8902844E+04  0.0000000E+00  4.8336279E+07
  7.1961871E-04 -9.9708528E+01  4.2962793E-01 -1.3815591E-01  8.7323355E-01  1.8976306E+04  0.0000000E+00  4.8153533E+07
  7.2531391E-04 -9.9705426E+01  4.3302451E-01 -1.3845056E-01  8.8563795E-01  1.9050427E+04  0.0000000E+00  4.7971964E+07
  7.3104714E-04 -9.9702307E+01  4.3644369E-01 -1.3875053E-01  8.9819903E-01  1.9125211E+04  0.0000000E+00  4.7791562E+07
  7.3681866E-04 -9.9699170E+01  4.3988562E-01 -1.3905581E-01  9.1091858E-01  1.9200665E+04  0.0000000E+00  4.7612316E+07
  7.4262873E-04 -9.9696016E+01  4.4335045E-01 -1.3936642E-01  9.2379844E-01  1.9276794E+04  0.0000000E+00  4.7434216E+07
  7.4847760E-04 -9.9692844E+01  4.4683835E-01 -1.3968235E-01  9.3684042E-01  1.9353604E+04  0.0000000E+00  4.7257252E+07
  7.5436553E-04 -9.9689654E+01  4.5034945E-01 -1.4000360E-01  9.5004638E-01  1.9431098E+04  0.0000000E+00  4.7081413E+07
  7.6029279E-04 -9.9686446E+01  4.5388391E-01 -1.4033019E-01  9.6341820E-01  1.9509284E+04  0.0000000E+00  4.6906690E+07
  7.6625964E-04 -9.9683220E+01  4.5744188E-01 -1.4066210E-01  9.7695776E-01  1.9588167E+04  0.0000000E+00  4.6733073E+07
  7.7226633E-04 -9.9679976E+01  4.6102353E-01 -1.4099935E-01  9.9066698E-01  1.9667752E+04  0.0000000E+00  4.6560552E+07
  7.7831314E-04 -9.9676713E+01  4.6462901E-01 -1.4134194E-01  1.0045478E+00  1.9748045E+04  0.0000000E+00  4.6389117E+07
  7.8440033E-04 -9.9673431E+01  4.6825847E-01 -1.4168986E-01  1.0186021E+00  1.9829052E+04  0.0000000E+00  4.6218760E+07
  7.9052818E-04 -9.9670131E+01  4.7191207E-01 -1.4204312E-01  1.0328320E+00  1.9910778E+04  0.0000000E+00  4.6049470E+07
  7.9669696E-04 -9.9666812E+01  4.7558997E-01 -1.4240172E-01  1.0472393E+00  1.9993230E+04  0.0000000E+00  4.5881238E+07
  8.0290693E-04 -9.9663473E+01  4.7929234E-01 -1.4276567E-01  1.0618261E+00  2.0076412E+04  0.0000000E+00  4.5714056E+07
  8.0915838E-04 -9.9660116E+01  4.8301933E-01 -1.4313497E-01  1.0765945E+00  2.0160332E+04  0.0000000E+00  4.5547913E+07
  8.1545158E-04 -9.9656739E+01  4.8677110E-01 -1.4350962E-01  1.0915464E+00  2.0244994E+04  0.0000000E+00  4.5382802E+07
  8.2178681E-04 -9.9653342E+01  4.9054783E-01 -1.4388962E-01  1.1066840E+00  2.0330406E+04  0.0000000E+00  4.5218713E+07
  8.2816435E-04 -9.9649925E+01  4.9434967E-01 -1.4427497E-01  1.1220094E+00  2.0416572E+04  0.0000000E+00  4.5055637E+07
  8.3458448E-04 -9.9646489E+01  4.9817679E-01 -1.4466569E-01  1.1375246E+00  2.0503500E+04  0.0000000E+00  4.4893566E+07
  8.4104749E-04 -9.9643032E+01  5.0202935E-01 -1.4506177E-01  1.1532317E+00  2.0591195E+04  0.0000000E+00  4.4732490E+07
  8.4755367E-04 -9.9639556E+01  5.0590753E-01 -1.4546321E-01  1.1691331E+00  2.0679663E+04  0.0000000E+00  4.4572403E+07
  8.5410329E-04 -9.9636059E+01  5.0981150E-01 -1.4587002E-01  1.1852307E+00  2.0768911E+04  0.0000000E+00  4.4413295E+07
  8.6069666E-04 -9.9632541E+01  5.1374141E-01 -1.4628221E-01  1.2015269E+00  2.0858945E+04  0.0000000E+00  4.4255157E+07
  8.6733407E-04 -9.9629002E+01  5.1769745E-01 -1.4669977E-01  1.2180238E+00  2.0949772E+04  0.0000000E+00  4.4097982E+07
  8.7401580E-04 -9.9625443E+01  5.2167979E-01 -1.4712271E-01  1.2347236E+00  2.1041398E+04  0.0000000E+00  4.3941762E+07
  8.8074216E-04 -9.9621862E+01  5.2568859E-01 -1.4755103E-01  1.2516287E+00  2.1133829E+04  0.0000000E+00  4.3786488E+07
  8.8751344E-04 -9.9618261E+01  5.2972404E-01 -1.4798474E-01  1.2687414E+00  2.1227072E+04  0.0000000E+00  4.3632153E+07
  8.9432995E-04 -9.9614638E+01  5.3378631E-01 -1.4842384E-01  1.2860638E+00  2.1321134E+04  0.0000000E+00  4.3478748E+07
  9.0119198E-04 -9.9610993E+01  5.3787557E-01 -1.4886834E-01  1.3035985E+00  2.1416021E+04  0.0000000E+00  4.3326267E+07
  9.0809984E-04 -9.9607326E+01  5.4199201E-01 -1.4931824E-01  1.3213476E+00  2.1511740E+04  0.0000000E+00  4.3174700E+07
  9.1505383E-04 -9.9603638E+01  5.4613580E-01 -1.4977354E-01  1.3393137E+00  2.1608297E+04  0.0000000E+00  4.3024041E+07
  9.2205427E-04 -9.9599927E+01  5.5030712E-01 -1.5023426E-01  1.3574990E+00  2.1705700E+04  0.0000000E+00  4.2874281E+07
  9.2910146E-04 -9.9596194E+01  5.5450615E-01 -1.5070038E-01  1.3759061E+00  2.1803956E+04  0.0000000E+00  4.2725414E+07
  9.3619571E-04 -9.9592439E+01  5.5873308E-01 -1.5117193E-01  1.3945373E+00  2.1903071E+04  0.0000000E+00  4.2577432E+07
  9.4333735E-04 -9.9588661E+01  5.6298809E-01 -1.5164890E-01  1.4133951E+00  2.2003052E+04  0.0000000E+00  4.2430328E+07
  9.5052668E-04 -9.9584860E+01  5.6727136E-01 -1.5213131E-01  1.4324821E+00  2.2103907E+04  0.0000000E+00  4.2284095E+07
  9.5776403E-04 -9.9581036E+01  5.7158308E-01 -1.5261914E-01  1.4518007E+00  2.2205642E+04  0.0000000E+00  4.2138724E+07
  9.6504971E-04 -9.9577189E+01  5.7592343E-01 -1.5311242E-01  1.4713535E+00  2.2308265E+04  0.0000000E+00  4.1994210E+07
  9.7238405E-04 -9.9573319E+01  5.8029261E-01 -1.5361115E-01  1.4911430E+00  2.2411783E+04  0.0000000E+00  4.1850545E+07
  9.7976738E-04 -9.9569425E+01  5.8469080E-01 -1.5411534E-01  1.5111719E+00  2.2516203E+04  0.0000000E+00  4.1707722E+07
  9.8720001E-04 -9.9565507E+01  5.8911820E-01 -1.5462498E-01  1.5314427E+00  2.2621533E+04  0.0000000E+00  4.1565735E+07
  9.9468229E-04 -9.9561565E+01  5.9357499E-01 -1.5514009E-01  1.5519581E+00  2.2727780E+04  0.0000000E+00  4.1424576E+07
  1.0022145E-03 -9.9557599E+01  5.9806138E-01 -1.5566067E-01  1.5727208E+00  2.2834952E+04  0.0000000E+00  4.1284238E+07
  1.0097971E-03 -9.9553609E+01  6.0257754E-01 -1.5618673E-01  1.5937334E+00  2.2943055E+04  0.0000000E+00  4.1144716E+07
  1.0174303E-03 -9.9549595E+01  6.0712368E-01 -1.5671829E-01  1.6149986E+00  2.3052098E+04  0.0000000E+00  4.1006002E+07
  1.0251145E-03 -9.9545555E+01  6.1170000E-01 -1.5725533E-01  1.6365193E+00  2.3162089E+04  0.0000000E+00  4.0868090E+07
  1.0328499E-03 -9.9541491E+01  6.1630670E-01 -1.5779788E-01  1.6582981E+00  2.3273034E+04  0.0000000E+00  4.0730974E+07
  1.0406371E-03 -9.9537402E+01  6.2094396E-01 -1.5834593E-01  1.6803379E+00  2.3384943E+04  0.0000000E+00  4.0594646E+07
  1.0484763E-03 -9.9533288E+01  6.2561200E-01 -1.5889951E-01  1.7026414E+00  2.3497822E+04  0.0000000E+00  4.0459101E+07
  1.0563678E-03 -9.9529148E+01  6.3031101E-01 -1.5945861E-01  1.7252116E+00  2.3611679E+04  0.0000000E+00  4.0324332E+07
  1.0643120E-03 -9.9524982E+01  6.3504120E-01 -1.6002324E-01  1.7480512E+00  2.3726523E+04  0.0000000E+00  4.0190334E+07
  1.0723093E-03 -9.9520791E+01  6.3980277E-01 -1.6059342E-01  1.7711633E+00  2.3842362E+04  0.0000000E+00  4.0057099E+07
  1.0803600E-03 -9.9516573E+01  6.4459593E-01 -1.6116914E-01  1.7945506E+00  2.3959203E+04  0.0000000E+00  3.9924622E+07
  1.0884644E-03 -9.9512330E+01  6.4942088E-01 -1.6175043E-01  1.8182162E+00  2.4077056E+04  0.0000000E+00  3.9792896E+07
  1.0966230E-03 -9.9508059E+01  6.5427784E-01 -1.6233728E-01  1.8421630E+00  2.4195927E+04  0.0000000E+00  3.9661916E+07
  1.1048361E-03 -9.9503763E+01  6.5916700E-01 -1.6292971E-01  1.8663940E+00  2.4315826E+04  0.0000000E+00  3.9531676E+07
  1.1131040E-03 -9.9499439E+01  6.6408860E-01 -1.6352772E-01  1.8909123E+00  2.4436760E+04  0.0000000E+00  3.9402169E+07
  1.1214272E-03 -9.9495089E+01  6.6904282E-01 -1.6413134E-01  1.9157209E+00  2.4558739E+04  0.0000000E+00  3.9273391E+07
  1.1298059E-03 -9.9490711E+01  6.7402989E-01 -1.6474055E-01  1.9408229E+00  2.4681770E+04  0.0000000E+00  3.9145335E+07
  1.1382406E-03 -9.9486305E+01  6.7905003E-01 -1.6535538E-01  1.9662214E+00  2.4805862E+04  0.0000000E+00  3.9017995E+07
  1.1467316E-03 -9.9481872E+01  6.8410345E-01 -1.6597584E-01  1.9919196E+00  2.4931024E+04  0.0000000E+00  3.8891365E+07
  1.1552793E-03 -9.9477412E+01  6.8919036E-01 -1.6660193E-01  2.0179205E+00  2.5057265E+04  0.0000000E+00  3.8765441E+07
  1.1638841E-03 -9.9472923E+01  6.9431099E-01 -1.6723367E-01  2.0442276E+00  2.5184593E+04  0.0000000E+00  3.8640216E+07
  1.1725464E-03 -9.9468406E+01  6.9946556E-01 -1.6787107E-01  2.0708438E+00  2.5313017E+04  0.0000000E+00  3.8515686E+07
  1.1812666E-03 -9.9463860E+01  7.0465428E-01 -1.6851413E-01  2.0977725E+00  2.5442546E+04  0.0000000E+00  3.8391843E+07
  1.1900449E-03 -9.9459285E+01  7.0987738E-01 -1.6916287E-01  2.1250171E+00  2.5573189E+04  0.0000000E+00  3.8268684E+07
  1.1988819E-03 -9.9454682E+01  7.1513509E-01 -1.6981730E-01  2.1525807E+00  2.5704955E+04  0.0000000E+00  3.8146203E+07
  1.2077780E-03 -9.9450050E+01  7.2042763E-01 -1.7047743E-01  2.1804667E+00  2.5837853E+04  0.0000000E+00  3.8024393E+07
  1.2167334E-03 -9.9445388E+01  7.2575523E-01 -1.7114327E-01  2.2086785E+00  2.5971892E+04  0.0000000E+00  3.7903251E+07
  1.2257487E-03 -9.9440697E+01  7.3111812E-01 -1.7181483E-01  2.2372195E+00  2.6107081E+04  0.0000000E+00  3.7782771E+07
  1.2348241E-03 -9.9435976E+01  7.3651652E-01 -1.7249213E-01  2.2660932E+00  2.6243431E+04  0.0000000E+00  3.7662947E+07
  1.2439602E-03 -9.9431225E+01  7.4195067E-01 -1.7317518E-01  2.2953029E+00  2.6380949E+04  0.0000000E+00  3.7543775E+07
  1.2531573E-03 -9.9426443E+01  7.4742080E-01 -1.7386399E-01  2.3248521E+00  2.6519645E+04  0.0000000E+00  3.7425249E+07
  1.2624158E-03 -9.9421631E+01  7.5292715E-01 -1.7455856E-01  2.3547445E+00  2.6659530E+04  0.0000000E+00  3.7307365E+07
  1.2717361E-03 -9.9416789E+01  7.5846996E-01 -1.7525893E-01  2.3849834E+00  2.6800612E+04  0.0000000E+00  3.7190116E+07
  1.2811187E-03 -9.9411916E+01  7.6404945E-01 -1.7596509E-01  2.4155725E+00  2.6942902E+04  0.0000000E+00  3.7073499E+07
  1.2905640E-03 -9.9407011E+01  7.6966586E-01 -1.7667706E-01  2.4465155E+00  2.7086408E+04  0.0000000E+00  3.6957508E+07
  1.3000723E-03 -9.9402075E+01  7.7531945E-01 -1.7739485E-01  2.4778159E+00  2.7231141E+04  0.0000000E+00  3.6842139E+07
  1.3096441E-03 -9.9397108E+01  7.8101045E-01 -1.7811847E-01  2.5094773E+00  2.7377111E+04  0.0000000E+00  3.6727387E+07
  1.3192799E-03 -9.9392109E+01  7.8673910E-01 -1.7884795E-01  2.5415036E+00  2.7524327E+04  0.0000000E+00  3.6613246E+07
  1.3289800E-03 -9.9387078E+01  7.9250565E-01 -1.7958329E-01  2.5738984E+00  2.7672799E+04  0.0000000E+00  3.6499712E+07
  1.3387449E-03 -9.9382014E+01  7.9831034E-01 -1.8032451E-01  2.6066654E+00  2.7822538E+04  0.0000000E+00  3.6386781E+07
  1.3485750E-03 -9.9376918E+01  8.0415343E-01 -1.8107161E-01  2.6398085E+00  2.7973553E+04  0.0000000E+00  3.6274447E+07
  1.3584708E-03 -9.9371789E+01  8.1003516E-01 -1.8182462E-01  2.6733315E+00  2.8125856E+04  0.0000000E+00  3.6162707E+07
  1.3684327E-03 -9.9366628E+01  8.1595578E-01 -1.8258355E-01  2.7072383E+00  2.8279455E+04  0.0000000E+00  3.6051555E+07
  1.3784611E-03 -9.9361433E+01  8.2191554E-01 -1.8334841E-01  2.7415326E+00  2.8434362E+04  0.0000000E+00  3.5940986E+07
  1.3885564E-03 -9.9356205E+01  8.2791471E-01 -1.8411922E-01  2.7762185E+00  2.8590587E+04  0.0000000E+00  3.5830997E+07
  1.3987192E-03 -9.9350942E+01  8.3395353E-01 -1.8489599E-01  2.8112998E+00  2.8748140E+04  0.0000000E+00  3.5721583E+07
  1.4089499E-03 -9.9345646E+01  8.4003226E-01 -1.8567873E-01  2.8467805E+00  2.8907032E+04  0.0000000E+00  3.5612739E+07
  1.4192489E-03 -9.9340316E+01  8.4615116E-01 -1.8646747E-01  2.8826648E+00  2.9067273E+04  0.0000000E+00  3.5504461E+07
  1.4296167E-03 -9.9334952E+01  8.5231049E-01 -1.8726221E-01  2.9189564E+00  2.9228875E+04  0.0000000E+00  3.5396744E+07
  1.4400537E-03 -9.9329552E+01  8.5851052E-01 -1.8806298E-01  2.9556597E+00  2.9391847E+04  0.0000000E+00  3.5289585E+07
  1.4505604E-03 -9.9324118E+01  8.6475150E-01 -1.8886978E-01  2.9927786E+00  2.9556202E+04  0.0000000E+00  3.5182978E+07
  1.4611373E-03 -9.9318649E+01  8.7103370E-01 -1.8968263E-01  3.0303173E+00  2.9721949E+04  0.0000000E+00  3.5076921E+07
  1.4717848E-03 -9.9313144E+01  8.7735739E-01 -1.9050155E-01  3.0682799E+00  2.9889100E+04  0.0000000E+00  3.4971407E+07
  1.4825035E-03 -9.9307604E+01  8.8372284E-01 -1.9132656E-01  3.1066706E+00  3.0057665E+04  0.0000000E+00  3.4866434E+07
  1.4932937E-03 -9.9302027E+01  8.9013031E-01 -1.9215766E-01  3.1454938E+00  3.0227657E+04  0.0000000E+00  3.4761996E+07
  1.5041560E-03 -9.9296415E+01  8.9658008E-01 -1.9299488E-01  3.1847536E+00  3.0399085E+04  0.0000000E+00  3.4658091E+07
  1.5150908E-03 -9.9290766E+01  9.0307242E-01 -1.9383823E-01  3.2244542E+00  3.0571962E+04  0.0000000E+00  3.4554713E+07
  1.5260987E-03 -9.9285080E+01  9.0960761E-01 -1.9468773E-01  3.2646002E+00  3.0746299E+04  0.0000000E+00  3.4451858E+07
  1.5371801E-03 -9.9279357E+01  9.1618592E-01 -1.9554340E-01  3.3051957E+00  3.0922107E+04  0.0000000E+00  3.4349523E+07
  1.5483355E-03 -9.9273598E+01  9.2280763E-01 -1.9640524E-01  3.3462453E+00  3.1099397E+04  0.0000000E+00  3.4247704E+07
  1.5595654E-03 -9.9267800E+01  9.2947302E-01 -1.9727329E-01  3.3877532E+00  3.1278182E+04  0.0000000E+00  3.4146396E+07
  1.5708703E-03 -9.9261965E+01  9.3618237E-01 -1.9814755E-01  3.4297240E+00  3.1458472E+04  0.0000000E+00  3.4045596E+07
  1.5822507E-03 -9.9256092E+01  9.4293597E-01 -1.9902803E-01  3.4721622E+00  3.1640280E+04  0.0000000E+00  3.3945300E+07
  1.5937071E-03 -9.9250181E+01  9.4973410E-01 -1.9991477E-01  3.5150722E+00  3.1823617E+04  0.0000000E+00  3.3845503E+07
  1.6052400E-03 -9.9244231E+01  9.5657705E-01 -2.0080777E-01  3.5584587E+00  3.2008495E+04  0.0000000E+00  3.3746202E+07
  1.6168500E-03 -9.9238242E+01  9.6346510E-01 -2.0170706E-01  3.6023261E+00  3.2194926E+04  0.0000000E+00  3.3647393E+07
  1.6285374E-03 -9.9232214E+01  9.7039855E-01 -2.0261265E-01  3.6466792E+00  3.2382923E+04  0.0000000E+00  3.3549073E+07
  1.6403030E-03 -9.9226147E+01  9.7737769E-01 -2.0352455E-01  3.6915225E+00  3.2572496E+04  0.0000000E+00  3.3451237E+07
  1.6521471E-03 -9.9220040E+01  9.8440281E-01 -2.0444279E-01  3.7368608E+00  3.2763658E+04  0.0000000E+00  3.3353881E+07
  1.6640703E-03 -9.9213893E+01  9.9147421E-01 -2.0536738E-01  3.7826987E+00  3.2956422E+04  0.0000000E+00  3.3257003E+07
  1.6760732E-03 -9.9207706E+01  9.9859218E-01 -2.0629835E-01  3.8290410E+00  3.3150799E+04  0.0000000E+00  3.3160598E+07
  1.6881562E-03 -9.9201479E+01  1.0057570E+00 -2.0723570E-01  3.8758925E+00  3.3346803E+04  0.0000000E+00  3.3064662E+07
  1.7003199E-03 -9.9195210E+01  1.0129690E+00 -2.0817946E-01  3.9232580E+00  3.3544444E+04  0.0000000E+00  3.2969193E+07
  1.7125648E-03 -9.9188901E+01  1.0202285E+00 -2.0912964E-01  3.9711423E+00  3.3743737E+04  0.0000000E+00  3.2874186E+07
  1.7248916E-03 -9.9182550E+01  1.0275358E+00 -2.1008627E-01  4.0195503E+00  3.3944693E+04  0.0000000E+00  3.2779637E+07
  1.7373006E-03 -9.9176158E+01  1.0348912E+00 -2.1104936E-01  4.0684869E+00  3.4147325E+04  0.0000000E+00  3.2685544E+07
  1.7497925E-03 -9.9169724E+01  1.0422949E+00 -2.1201893E-01  4.1179570E+00  3.4351645E+04  0.0000000E+00  3.2591903E+07
  1.7623679E-03 -9.9163248E+01  1.0497474E+00 -2.1299500E-01  4.1679656E+00  3.4557667E+04  0.0000000E+00  3.2498709E+07
  1.7750272E-03 -9.9156729E+01  1.0572489E+00 -2.1397758E-01  4.2185178E+00  3.4765403E+04  0.0000000E+00  3.2405961E+07
  1.7877711E-03 -9.9150167E+01  1.0647997E+00 -2.1496671E-01  4.2696184E+00  3.4974867E+04  0.0000000E+00  3.2313653E+07
  1.8006001E-03 -9.9143562E+01  1.0724002E+00 -2.1596238E-01  4.3212727E+00  3.5186070E+04  0.0000000E+00  3.2221784E+07
  1.8135148E-03 -9.9136914E+01  1.0800506E+00 -2.1696463E-01  4.3734857E+00  3.5399026E+04  0.0000000E+00  3.2130348E+07
  1.8265158E-03 -9.9130222E+01  1.0877513E+00 -2.1797347E-01  4.4262625E+00  3.5613749E+04  0.0000000E+00  3.2039344E+07
  1.8396035E-03 -9.9123486E+01  1.0955026E+00 -2.1898893E-01  4.4796083E+00  3.5830250E+04  0.0000000E+00  3.1948768E+07
  1.8527787E-03 -9.9116706E+01  1.1033048E+00 -2.2001101E-01  4.5335282E+00  3.6048545E+04  0.0000000E+00  3.1858615E+07
  1.8660419E-03 -9.9109881E+01  1.1111583E+00 -2.2103975E-01  4.5880276E+00  3.6268645E+04  0.0000000E+00  3.1768884E+07
  1.8793936E-03 -9.9103012E+01  1.1190634E+00 -2.2207515E-01  4.6431116E+00  3.6490564E+04  0.0000000E+00  3.1679570E+07
  1.8928345E-03 -9.9096097E+01  1.1270203E+00 -2.2311724E-01  4.6987855E+00  3.6714315E+04  0.0000000E+00  3.1590671E+07
  1.9063652E-03 -9.9089137E+01  1.1350295E+00 -2.2416604E-01  4.7550547E+00  3.6939913E+04  0.0000000E+00  3.1502183E+07
  1.9199863E-03 -9.9082130E+01  1.1430913E+00 -2.2522157E-01  4.8119244E+00  3.7167370E+04  0.0000000E+00  3.1414103E+07
  1.9336983E-03 -9.9075078E+01  1.1512060E+00 -2.2628384E-01  4.8694001E+00  3.7396700E+04  0.0000000E+00  3.1326427E+07
  1.9475019E-03 -9.9067979E+01  1.1593739E+00 -2.2735288E-01  4.9274872E+00  3.7627916E+04  0.0000000E+00  3.1239153E+07
  1.9613977E-03 -9.9060833E+01  1.1675954E+00 -2.2842870E-01  4.9861910E+00  3.7861033E+04  0.0000000E+00  3.1152278E+07
  1.9753863E-03 -9.9053641E+01  1.1758708E+00 -2.2951133E-01  5.0455172E+00  3.8096065E+04  0.0000000E+00  3.1065798E+07
  1.9894683E-03 -9.9046400E+01  1.1842004E+00 -2.3060079E-01  5.1054710E+00  3.8333024E+04  0.0000000E+00  3.0979709E+07
  2.0036444E-03 -9.9039112E+01  1.1925847E+00 -2.3169709E-01  5.1660582E+00  3.8571925E+04  0.0000000E+00  3.0894010E+07
  2.0179151E-03 -9.9031776E+01  1.2010239E+00 -2.3280025E-01  5.2272842E+00  3.8812782E+04  0.0000000E+00  3.0808697E+07
  2.0322811E-03 -9.9024392E+01  1.2095184E+00 -2.3391030E-01  5.2891546E+00  3.9055609E+04  0.0000000E+00  3.0723767E+07
  2.0467431E-03 -9.9016959E+01  1.2180686E+00 -2.3502726E-01  5.3516750E+00  3.9300419E+04  0.0000000E+00  3.0639217E+07
  2.0613017E-03 -9.9009476E+01  1.2266747E+00 -2.3615114E-01  5.4148510E+00  3.9547228E+04  0.0000000E+00  3.0555044E+07
  2.0759576E-03 -9.9001945E+01  1.2353372E+00 -2.3728196E-01  5.4786884E+00  3.9796049E+04  0.0000000E+00  3.0471245E+07
  2.0907112E-03 -9.8994363E+01  1.2440564E+00 -2.3841974E-01  5.5431928E+00  4.0046895E+04  0.0000000E+00  3.0387816E+07
  2.1055635E-03 -9.8986732E+01  1.2528327E+00 -2.3956452E-01  5.6083699E+00  4.0299783E+04  0.0000000E+00  3.0304756E+07
  2.1205149E-03 -9.8979050E+01  1.2616664E+00 -2.4071629E-01  5.6742255E+00  4.0554725E+04  0.0000000E+00  3.0222060E+07
  2.1355662E-03 -9.8971317E+01  1.2705579E+00 -2.4187509E-01  5.7407653E+00  4.0811737E+04  0.0000000E+00  3.0139727E+07
  2.1507180E-03 -9.8963533E+01  1.2795076E+00 -2.4304093E-01  5.8079952E+00  4.1070832E+04  0.0000000E+00  3.0057753E+07
  2.1659710E-03 -9.8955698E+01  1.2885158E+00 -2.4421384E-01  5.8759209E+00  4.1332026E+04  0.0000000E+00  2.9976135E+07
  2.1813259E-03 -9.8947811E+01  1.2975828E+00 -2.4539383E-01  5.9445484E+00  4.1595332E+04  0.0000000E+00  2.9894871E+07
  2.1967833E-03 -9.8939872E+01  1.3067091E+00 -2.4658093E-01  6.0138835E+00  4.1860765E+04  0.0000000E+00  2.9813958E+07
  2.2123439E-03 -9.8931880E+01  1.3158951E+00 -2.4777516E-01  6.0839320E+00  4.2128340E+04  0.0000000E+00  2.9733392E+07
  2.2280085E-03 -9.8923835E+01  1.3251410E+00 -2.4897652E-01  6.1547000E+00  4.2398071E+04  0.0000000E+00  2.9653172E+07
  2.2437777E-03 -9.8915738E+01  1.3344474E+00 -2.5018506E-01  6.2261934E+00  4.2669973E+04  0.0000000E+00  2.9573293E+07
  2.2596522E-03 -9.8907586E+01  1.3438145E+00 -2.5140077E-01  6.2984181E+00  4.2944061E+04  0.0000000E+00  2.9493755E+07
  2.2756327E-03 -9.8899381E+01  1.3532427E+00 -2.5262370E-01  6.3713801E+00  4.3220350E+04  0.0000000E+00  2.9414553E+07
  2.2917200E-03 -9.8891121E+01  1.3627324E+00 -2.5385385E-01  6.4450855E+00  4.3498854E+04  0.0000000E+00  2.9335685E+07
  2.3079147E-03 -9.8882807E+01  1.3722841E+00 -2.5509124E-01  6.5195402E+00  4.3779588E+04  0.0000000E+00  2.9257148E+07
  2.3242175E-03 -9.8874438E+01  1.3818981E+00 -2.5633590E-01  6.5947505E+00  4.4062566E+04  0.0000000E+00  2.9178941E+07
  2.3406293E-03 -9.8866013E+01  1.3915747E+00 -2.5758785E-01  6.6707222E+00  4.4347805E+04  0.0000000E+00  2.9101059E+07
  2.3571506E-03 -9.8857533E+01  1.4013144E+00 -2.5884710E-01  6.7474616E+00  4.4635318E+04  0.0000000E+00  2.9023500E+07
  2.3737823E-03 -9.8848996E+01  1.4111176E+00 -2.6011368E-01  6.8249748E+00  4.4925122E+04  0.0000000E+00  2.8946262E+07
  2.3905251E-03 -9.8840403E+01  1.4209847E+00 -2.6138761E-01  6.9032678E+00  4.5217229E+04  0.0000000E+00  2.8869343E+07
  2.4073796E-03 -9.8831753E+01  1.4309160E+00 -2.6266890E-01  6.9823470E+00  4.5511657E+04  0.0000000E+00  2.8792738E+07
  2.4243468E-03 -9.8823046E+01  1.4409120E+00 -2.6395757E-01  7.0622183E+00  4.5808419E+04  0.0000000E+00  2.8716447E+07
  2.4414273E-03 -9.8814281E+01  1.4509730E+00 -2.6525366E-01  7.1428881E+00  4.6107531E+04  0.0000000E+00  2.8640466E+07
  2.4586218E-03 -9.8805458E+01  1.4610995E+00 -2.6655716E-01  7.2243625E+00  4.6409008E+04  0.0000000E+00  2.8564792E+07
  2.4759312E-03 -9.8796576E+01  1.4712919E+00 -2.6786812E-01  7.3066478E+00  4.6712864E+04  0.0000000E+00  2.8489424E+07
  2.4933562E-03 -9.8787636E+01  1.4815506E+00 -2.6918654E-01  7.3897502E+00  4.7019116E+04  0.0000000E+00  2.8414358E+07
  2.5108975E-03 -9.8778636E+01  1.4918760E+00 -2.7051244E-01  7.4736760E+00  4.7327778E+04  0.0000000E+00  2.8339593E+07
  2.5285560E-03 -9.8769577E+01  1.5022685E+00 -2.7184585E-01  7.5584314E+00  4.7638865E+04  0.0000000E+00  2.8265125E+07
  2.5463325E-03 -9.8760458E+01  1.5127285E+00 -2.7318678E-01  7.6440227E+00  4.7952392E+04  0.0000000E+00  2.8190952E+07
  2.5642276E-03 -9.8751279E+01  1.5232564E+00 -2.7453526E-01  7.7304563E+00  4.8268375E+04  0.0000000E+00  2.8117072E+07
  2.5822423E-03 -9.8742039E+01  1.5338527E+00 -2.7589130E-01  7.8177384E+00  4.8586828E+04  0.0000000E+00  2.8043482E+07
  2.6003773E-03 -9.8732737E+01  1.5445178E+00 -2.7725493E-01  7.9058754E+00  4.8907768E+04  0.0000000E+00  2.7970181E+07
  2.6186334E-03 -9.8723374E+01  1.5552521E+00 -2.7862615E-01  7.9948735E+00  4.9231208E+04  0.0000000E+00  2.7897164E+07
  2.6370114E-03 -9.8713949E+01  1.5660561E+00 -2.8000500E-01  8.0847392E+00  4.9557165E+04  0.0000000E+00  2.7824431E+07
  2.6555122E-03 -9.8704461E+01  1.5769301E+00 -2.8139149E-01  8.1754787E+00  4.9885652E+04  0.0000000E+00  2.7751978E+07
  2.6741365E-03 -9.8694911E+01  1.5878746E+00 -2.8278564E-01  8.2670985E+00  5.0216687E+04  0.0000000E+00  2.7679803E+07
  2.6928853E-03 -9.8685297E+01  1.5988900E+00 -2.8418746E-01  8.3596048E+00  5.0550282E+04  0.0000000E+00  2.7607904E+07
  2.7117592E-03 -9.8675620E+01  1.6099768E+00 -2.8559699E-01  8.4530042E+00  5.0886455E+04  0.0000000E+00  2.7536279E+07
  2.7307592E-03 -9.8665879E+01  1.6211354E+00 -2.8701423E-01  8.5473028E+00  5.1225219E+04  0.0000000E+00  2.7464925E+07
  2.7498861E-03 -9.8656073E+01  1.6323662E+00 -2.8843920E-01  8.6425072E+00  5.1566590E+04  0.0000000E+00  2.7393840E+07
  2.7691407E-03 -9.8646202E+01  1.6436697E+00 -2.8987194E-01  8.7386236E+00  5.1910583E+04  0.0000000E+00  2.7323021E+07
  2.7885239E-03 -9.8636266E+01  1.6550464E+00 -2.9131244E-01  8.8356585E+00  5.2257214E+04  0.0000000E+00  2.7252467E+07
  2.8080366E-03 -9.8626264E+01  1.6664966E+00 -2.9276073E-01  8.9336183E+00  5.2606496E+04  0.0000000E+00  2.7182174E+07
  2.8276796E-03 -9.8616196E+01  1.6780209E+00 -2.9421683E-01  9.0325093E+00  5.2958446E+04  0.0000000E+00  2.7112142E+07
  2.8474538E-03 -9.8606061E+01  1.6896196E+00 -2.9568076E-01  9.1323378E+00  5.3313077E+04  0.0000000E+00  2.7042367E+07
  2.8673600E-03 -9.8595859E+01  1.7012932E+00 -2.9715254E-01  9.2331104E+00  5.3670406E+04  0.0000000E+00  2.6972847E+07
  2.8873992E-03 -9.8585590E+01  1.7130423E+00 -2.9863218E-01  9.3348334E+00  5.4030446E+04  0.0000000E+00  2.6903580E+07
  2.9075722E-03 -9.8575253E+01  1.7248672E+00 -3.0011970E-01  9.4375131E+00  5.4393213E+04  0.0000000E+00  2.6834564E+07
  2.9278800E-03 -9.8564847E+01  1.7367684E+00 -3.0161512E-01  9.5411558E+00  5.4758722E+04  0.0000000E+00  2.6765796E+07
  2.9483234E-03 -9.8554372E+01  1.7487463E+00 -3.0311845E-01  9.6457680E+00  5.5126988E+04  0.0000000E+00  2.6697275E+07
  2.9689033E-03 -9.8543828E+01  1.7608015E+00 -3.0462972E-01  9.7513561E+00  5.5498024E+04  0.0000000E+00  2.6628999E+07
  2.9896207E-03 -9.8533215E+01  1.7729344E+00 -3.0614894E-01  9.8579262E+00  5.5871846E+04  0.0000000E+00  2.6560964E+07
  3.0104764E-03 -9.8522531E+01  1.7851455E+00 -3.0767612E-01  9.9654848E+00  5.6248469E+04  0.0000000E+00  2.6493169E+07
  3.0314714E-03 -9.8511776E+01  1.7974352E+00 -3.0921129E-01  1.0074038E+01  5.6627907E+04  0.0000000E+00  2.6425613E+07
  3.0526066E-03 -9.8500950E+01  1.8098040E+00 -3.1075446E-01  1.0183593E+01  5.7010174E+04  0.0000000E+00  2.6358292E+07
  3.0738830E-03 -9.8490053E+01  1.8222525E+00 -3.1230565E-01  1.0294155E+01  5.7395285E+04  0.0000000E+00  2.6291204E+07
  3.0953015E-03 -9.8479084E+01  1.8347810E+00 -3.1386487E-01  1.0405730E+01  5.7783254E+04  0.0000000E+00  2.6224348E+07
  3.1168630E-03 -9.8468042E+01  1.8473901E+00 -3.1543215E-01  1.0518325E+01  5.8174096E+04  0.0000000E+00  2.6157722E+07
  3.1385686E-03 -9.8456927E+01  1.8600802E+00 -3.1700748E-01  1.0631947E+01  5.8567825E+04  0.0000000E+00  2.6091323E+07
  3.1604191E-03 -9.8445739E+01  1.8728518E+00 -3.1859090E-01  1.0746601E+01  5.8964454E+04  0.0000000E+00  2.6025149E+07
  3.1824155E-03 -9.8434477E+01  1.8857055E+00 -3.2018242E-01  1.0862293E+01  5.9363999E+04  0.0000000E+00  2.5959198E+07
  3.2045588E-03 -9.8423140E+01  1.8986416E+00 -3.2178205E-01  1.0979030E+01  5.9766472E+04  0.0000000E+00  2.5893469E+07
  3.2268501E-03 -9.8411729E+01  1.9116608E+00 -3.2338981E-01  1.1096818E+01  6.0171889E+04  0.0000000E+00  2.5827959E+07
  3.2492901E-03 -9.8400242E+01  1.9247634E+00 -3.2500571E-01  1.1215662E+01  6.0580261E+04  0.0000000E+00  2.5762666E+07
  3.2718801E-03 -9.8388680E+01  1.9379501E+00 -3.2662977E-01  1.1335570E+01  6.0991604E+04  0.0000000E+00  2.5697589E+07
  3.2946210E-03 -9.8377041E+01  1.9512213E+00 -3.2826200E-01  1.1456547E+01  6.1405931E+04  0.0000000E+00  2.5632724E+07
  3.3175137E-03 -9.8365325E+01  1.9645774E+00 -3.2990242E-01  1.1578599E+01  6.1823254E+04  0.0000000E+00  2.5568071E+07
  3.3405593E-03 -9.8353532E+01  1.9780191E+00 -3.3155103E-01  1.1701732E+01  6.2243588E+04  0.0000000E+00  2.5503627E+07
  3.3637588E-03 -9.8341661E+01  1.9915468E+00 -3.3320786E-01  1.1825952E+01  6.2666946E+04  0.0000000E+00  2.5439390E+07
  3.3871133E-03 -9.8329712E+01  2.0051610E+00 -3.3487292E-01  1.1951265E+01  6.3093340E+04  0.0000000E+00  2.5375359E+07
  3.4106237E-03 -9.8317684E+01  2.0188622E+00 -3.3654622E-01  1.2077677E+01  6.3522784E+04  0.0000000E+00  2.5311532E+07
  3.4342912E-03 -9.8305577E+01  2.0326510E+00 -3.3822777E-01  1.2205194E+01  6.3955291E+04  0.0000000E+00  2.5247905E+07
  3.4581167E-03 -9.8293390E+01  2.0465279E+00 -3.3991759E-01  1.2333821E+01  6.4390872E+04  0.0000000E+00  2.5184479E+07
  3.4821013E-03 -9.8281122E+01  2.0604933E+00 -3.4161569E-01  1.2463564E+01  6.4829541E+04  0.0000000E+00  2.5121250E+07
  3.5062461E-03 -9.8268774E+01  2.0745479E+00 -3.4332208E-01  1.2594430E+01  6.5271310E+04  0.0000000E+00  2.5058217E+07
  3.5305522E-03 -9.8256345E+01  2.0886921E+00 -3.4503678E-01  1.2726423E+01  6.5716191E+04  0.0000000E+00  2.4995378E+07
  3.5550206E-03 -9.8243833E+01  2.1029264E+00 -3.4675978E-01  1.2859549E+01  6.6164197E+04  0.0000000E+00  2.4932731E+07
  3.5796525E-03 -9.8231240E+01  2.1172515E+00 -3.4849112E-01  1.2993813E+01  6.6615338E+04  0.0000000E+00  2.4870275E+07
  3.6044488E-03 -9.8218563E+01  2.1316677E+00 -3.5023079E-01  1.3129222E+01  6.7069628E+04  0.0000000E+00  2.4808006E+07
  3.6294108E-03 -9.8205803E+01  2.1461758E+00 -3.5197881E-01  1.3265781E+01  6.7527076E+04  0.0000000E+00  2.4745925E+07
  3.6545394E-03 -9.8192959E+01  2.1607761E+00 -3.5373518E-01  1.3403495E+01  6.7987696E+04  0.0000000E+00  2.4684028E+07
  3.6798359E-03 -9.8180031E+01  2.1754692E+00 -3.5549993E-01  1.3542369E+01  6.8451497E+04  0.0000000E+00  2.4622314E+07
  3.7053013E-03 -9.8167017E+01  2.1902558E+00 -3.5727305E-01  1.3682409E+01  6.8918491E+04  0.0000000E+00  2.4560782E+07
  3.7309368E-03 -9.8153918E+01  2.2051362E+00 -3.5905456E-01  1.3823620E+01  6.9388688E+04  0.0000000E+00  2.4499428E+07
  3.7567435E-03 -9.8140733E+01  2.2201111E+00 -3.6084447E-01  1.3966007E+01  6.9862100E+04  0.0000000E+00  2.4438253E+07
  3.7827226E-03 -9.8127462E+01  2.2351810E+00 -3.6264279E-01  1.4109575E+01  7.0338736E+04  0.0000000E+00  2.4377253E+07
  3.8088752E-03 -9.8114103E+01  2.2503465E+00 -3.6444951E-01  1.4254328E+01  7.0818607E+04  0.0000000E+00  2.4316427E+07
  3.8352024E-03 -9.8100657E+01  2.2656081E+00 -3.6626466E-01  1.4400273E+01  7.1301722E+04  0.0000000E+00  2.4255774E+07
  3.8617055E-03 -9.8087122E+01  2.2809664E+00 -3.6808824E-01  1.4547414E+01  7.1788091E+04  0.0000000E+00  2.4195291E+07
  3.8883856E-03 -9.8073498E+01  2.2964219E+00 -3.6992026E-01  1.4695755E+01  7.2277723E+04  0.0000000E+00  2.4134977E+07
  3.9152438E-03 -9.8059786E+01  2.3119751E+00 -3.7176071E-01  1.4845301E+01  7.2770629E+04  0.0000000E+00  2.4074830E+07
  3.9422814E-03 -9.8045983E+01  2.3276268E+00 -3.7360962E-01  1.4996057E+01  7.3266816E+04  0.0000000E+00  2.4014848E+07
  3.9694996E-03 -9.8032090E+01  2.3433773E+00 -3.7546699E-01  1.5148028E+01  7.3766294E+04  0.0000000E+00  2.3955031E+07
  3.9968996E-03 -9.8018106E+01  2.3592273E+00 -3.7733282E-01  1.5301217E+01  7.4269070E+04  0.0000000E+00  2.3895375E+07
  4.0244826E-03 -9.8004030E+01  2.3751774E+00 -3.7920711E-01  1.5455629E+01  7.4775153E+04  0.0000000E+00  2.3835880E+07
  4.0522498E-03 -9.7989862E+01  2.3912281E+00 -3.8108988E-01  1.5611268E+01  7.5284551E+04  0.0000000E+00  2.3776543E+07
  4.0802025E-03 -9.7975601E+01  2.4073800E+00 -3.8298112E-01  1.5768139E+01  7.5797271E+04  0.0000000E+00  2.3717364E+07
  4.1083418E-03 -9.7961247E+01  2.4236336E+00 -3.8488085E-01  1.5926245E+01  7.6313321E+04  0.0000000E+00  2.3658340E+07
  4.1366691E-03 -9.7946799E+01  2.4399896E+00 -3.8678906E-01  1.6085591E+01  7.6832707E+04  0.0000000E+00  2.3599469E+07
  4.1651855E-03 -9.7932257E+01  2.4564486E+00 -3.8870575E-01  1.6246180E+01  7.7355436E+04  0.0000000E+00  2.3540751E+07
  4.1938924E-03 -9.7917620E+01  2.4730110E+00 -3.9063094E-01  1.6408016E+01  7.7881516E+04  0.0000000E+00  2.3482183E+07
  4.2227911E-03 -9.7902887E+01  2.4896776E+00 -3.9256462E-01  1.6571102E+01  7.8410951E+04  0.0000000E+00  2.3423765E+07
  4.2518827E-03 -9.7888058E+01  2.5064489E+00 -3.9450679E-01  1.6735442E+01  7.8943747E+04  0.0000000E+00  2.3365493E+07
  4.2811686E-03 -9.7873132E+01  2.5233254E+00 -3.9645746E-01  1.6901039E+01  7.9479910E+04  0.0000000E+00  2.3307367E+07
  4.3106501E-03 -9.7858109E+01  2.5403078E+00 -3.9841663E-01  1.7067898E+01  8.0019444E+04  0.0000000E+00  2.3249385E+07
  4.3403285E-03 -9.7842988E+01  2.5573967E+00 -4.0038429E-01  1.7236020E+01  8.0562356E+04  0.0000000E+00  2.3191546E+07
  4.3702052E-03 -9.7827768E+01  2.5745926E+00 -4.0236045E-01  1.7405408E+01  8.1108647E+04  0.0000000E+00  2.3133848E+07
  4.4002813E-03 -9.7812449E+01  2.5918962E+00 -4.0434510E-01  1.7576066E+01  8.1658324E+04  0.0000000E+00  2.3076289E+07
  4.4305583E-03 -9.7797030E+01  2.6093081E+00 -4.0633825E-01  1.7747997E+01  8.2211389E+04  0.0000000E+00  2.3018868E+07
  4.4610376E-03 -9.7781511E+01  2.6268288E+00 -4.0833989E-01  1.7921203E+01  8.2767845E+04  0.0000000E+00  2.2961583E+07
  4.4917204E-03 -9.7765891E+01  2.6444590E+00 -4.1035002E-01  1.8095686E+01  8.3327696E+04  0.0000000E+00  2.2904434E+07
  4.5226081E-03 -9.7750169E+01  2.6621993E+00 -4.1236864E-01  1.8271449E+01  8.3890943E+04  0.0000000E+00  2.2847417E+07
  4.5537021E-03 -9.7734345E+01  2.6800503E+00 -4.1439574E-01  1.8448493E+01  8.4457588E+04  0.0000000E+00  2.2790532E+07
  4.5850038E-03 -9.7718419E+01  2.6980126E+00 -4.1643133E-01  1.8626822E+01  8.5027634E+04  0.0000000E+00  2.2733778E+07
  4.6165145E-03 -9.7702389E+01  2.7160869E+00 -4.1847539E-01  1.8806437E+01  8.5601081E+04  0.0000000E+00  2.2677152E+07
  4.6482356E-03 -9.7686254E+01  2.7342736E+00 -4.2052792E-01  1.8987339E+01  8.6177930E+04  0.0000000E+00  2.2620654E+07
  4.6801687E-03 -9.7670015E+01  2.7525735E+00 -4.2258892E-01  1.9169531E+01  8.6758182E+04  0.0000000E+00  2.2564281E+07
  4.7123150E-03 -9.7653671E+01  2.7709872E+00 -4.2465837E-01  1.9353013E+01  8.7341835E+04  0.0000000E+00  2.2508033E+07
  4.7446759E-03 -9.7637221E+01  2.7895154E+00 -4.2673628E-01  1.9537787E+01  8.7928889E+04  0.0000000E+00  2.2451907E+07
  4.7772531E-03 -9.7620664E+01  2.8081585E+00 -4.2882263E-01  1.9723854E+01  8.8519344E+04  0.0000000E+00  2.2395903E+07
  4.8100477E-03 -9.7604000E+01  2.8269173E+00 -4.3091742E-01  1.9911214E+01  8.9113197E+04  0.0000000E+00  2.2340019E+07
  4.8430615E-03 -9.7587228E+01  2.8457924E+00 -4.3302063E-01  2.0099870E+01  8.9710447E+04  0.0000000E+00  2.2284254E+07
  4.8762956E-03 -9.7570348E+01  2.8647844E+00 -4.3513227E-01  2.0289820E+01  9.0311091E+04  0.0000000E+00  2.2228605E+07
  4.9097518E-03 -9.7553358E+01  2.8838940E+00 -4.3725231E-01  2.0481066E+01  9.0915125E+04  0.0000000E+00  2.2173073E+07
  4.9434314E-03 -9.7536259E+01  2.9031217E+00 -4.3938075E-01  2.0673608E+01  9.1522546E+04  0.0000000E+00  2.2117654E+07
  4.9773359E-03 -9.7519049E+01  2.9224683E+00 -4.4151758E-01  2.0867445E+01  9.2133350E+04  0.0000000E+00  2.2062349E+07
  5.0114669E-03 -9.7501728E+01  2.9419344E+00 -4.4366278E-01  2.1062578E+01  9.2747532E+04  0.0000000E+00  2.2007155E+07
  5.0458258E-03 -9.7484296E+01  2.9615206E+00 -4.4581634E-01  2.1259005E+01  9.3365087E+04  0.0000000E+00  2.1952071E+07
  5.0804142E-03 -9.7466751E+01  2.9812275E+00 -4.4797825E-01  2.1456728E+01  9.3986009E+04  0.0000000E+00  2.1897096E+07
  5.1152336E-03 -9.7449093E+01  3.0010559E+00 -4.5014850E-01  2.1655744E+01  9.4610292E+04  0.0000000E+00  2.1842228E+07
  5.1502855E-03 -9.7431321E+01  3.0210063E+00 -4.5232706E-01  2.1856052E+01  9.5237928E+04  0.0000000E+00  2.1787467E+07
  5.1855716E-03 -9.7413434E+01  3.0410794E+00 -4.5451393E-01  2.2057653E+01  9.5868911E+04  0.0000000E+00  2.1732810E+07
  5.2210933E-03 -9.7395433E+01  3.0612759E+00 -4.5670909E-01  2.2260543E+01  9.6503231E+04  0.0000000E+00  2.1678256E+07
  5.2568522E-03 -9.7377316E+01  3.0815964E+00 -4.5891251E-01  2.2464722E+01  9.7140881E+04  0.0000000E+00  2.1623804E+07
  5.2928499E-03 -9.7359083E+01  3.1020416E+00 -4.6112419E-01  2.2670187E+01  9.7781850E+04  0.0000000E+00  2.1569453E+07
  5.3290881E-03 -9.7340732E+01  3.1226121E+00 -4.6334411E-01  2.2876936E+01  9.8426129E+04  0.0000000E+00  2.1515201E+07
  5.3655683E-03 -9.7322264E+01  3.1433086E+00 -4.6557223E-01  2.3084968E+01  9.9073707E+04  0.0000000E+00  2.1461047E+07
  5.4022921E-03 -9.7303677E+01  3.1641318E+00 -4.6780856E-01  2.3294279E+01  9.9724574E+04  0.0000000E+00  2.1406990E+07
  5.4392612E-03 -9.7284971E+01  3.1850823E+00 -4.7005306E-01  2.3504867E+01  1.0037872E+05  0.0000000E+00  2.1353029E+07
  5.4764772E-03 -9.7266145E+01  3.2061608E+00 -4.7230570E-01  2.3716729E+01  1.0103612E+05  0.0000000E+00  2.1299161E+07
  5.5139418E-03 -9.7247199E+01  3.2273679E+00 -4.7456648E-01  2.3929861E+01  1.0169678E+05  0.0000000E+00  2.1245387E+07
  5.5516566E-03 -9.7228131E+01  3.2487044E+00 -4.7683537E-01  2.4144260E+01  1.0236067E+05  0.0000000E+00  2.1191704E+07
  5.5896232E-03 -9.7208941E+01  3.2701708E+00 -4.7911234E-01  2.4359922E+01  1.0302778E+05  0.0000000E+00  2.1138111E+07
  5.6278434E-03 -9.7189629E+01  3.2917680E+00 -4.8139736E-01  2.4576843E+01  1.0369810E+05  0.0000000E+00  2.1084607E+07
  5.6663189E-03 -9.7170194E+01  3.3134965E+00 -4.8369042E-01  2.4795019E+01  1.0437160E+05  0.0000000E+00  2.1031191E+07
  5.7050513E-03 -9.7150634E+01  3.3353570E+00 -4.8599148E-01  2.5014444E+01  1.0504828E+05  0.0000000E+00  2.0977862E+07
  5.7440425E-03 -9.7130950E+01  3.3573503E+00 -4.8830052E-01  2.5235115E+01  1.0572812E+05  0.0000000E+00  2.0924618E+07
  5.7832940E-03 -9.7111141E+01  3.3794769E+00 -4.9061750E-01  2.5457026E+01  1.0641109E+05  0.0000000E+00  2.0871458E+07
  5.8228077E-03 -9.7091205E+01  3.4017376E+00 -4.9294241E-01  2.5680172E+01  1.0709718E+05  0.0000000E+00  2.0818381E+07
  5.8625852E-03 -9.7071142E+01  3.4241331E+00 -4.9527520E-01  2.5904547E+01  1.0778636E+05  0.0000000E+00  2.0765385E+07
  5.9026285E-03 -9.7050952E+01  3.4466640E+00 -4.9761585E-01  2.6130145E+01  1.0847863E+05  0.0000000E+00  2.0712470E+07
  5.9429391E-03 -9.7030633E+01  3.4693311E+00 -4.9996433E-01  2.6356959E+01  1.0917395E+05  0.0000000E+00  2.0659634E+07
  5.9835190E-03 -9.7010186E+01  3.4921349E+00 -5.0232060E-01  2.6584984E+01  1.0987230E+05  0.0000000E+00  2.0606876E+07
  6.0243699E-03 -9.6989608E+01  3.5150763E+00 -5.0468463E-01  2.6814212E+01  1.1057366E+05  0.0000000E+00  2.0554195E+07
  6.0654936E-03 -9.6968900E+01  3.5381560E+00 -5.0705638E-01  2.7044636E+01  1.1127800E+05  0.0000000E+00  2.0501590E+07
  6.1068920E-03 -9.6948061E+01  3.5613745E+00 -5.0943581E-01  2.7276249E+01  1.1198531E+05  0.0000000E+00  2.0449059E+07
  6.1485669E-03 -9.6927090E+01  3.5847326E+00 -5.1182290E-01  2.7509043E+01  1.1269555E+05  0.0000000E+00  2.0396602E+07
  6.1905201E-03 -9.6905987E+01  3.6082310E+00 -5.1421760E-01  2.7743010E+01  1.1340870E+05  0.0000000E+00  2.0344216E+07
  6.2327535E-03 -9.6884749E+01  3.6318705E+00 -5.1661987E-01  2.7978141E+01  1.1412473E+05  0.0000000E+00  2.0291902E+07
  6.2752689E-03 -9.6863378E+01  3.6556516E+00 -5.1902968E-01  2.8214428E+01  1.1484362E+05  0.0000000E+00  2.0239658E+07
  6.3180683E-03 -9.6841872E+01  3.6795752E+00 -5.2144698E-01  2.8451861E+01  1.1556532E+05  0.0000000E+00  2.0187482E+07
  6.3611536E-03 -9.6820230E+01  3.7036418E+00 -5.2387172E-01  2.8690432E+01  1.1628982E+05  0.0000000E+00  2.0135374E+07
  6.4045266E-03 -9.6798452E+01  3.7278523E+00 -5.2630388E-01  2.8930130E+01  1.1701709E+05  0.0000000E+00  2.0083332E+07
  6.4481892E-03 -9.6776536E+01  3.7522073E+00 -5.2874340E-01  2.9170946E+01  1.1774708E+05  0.0000000E+00  2.0031356E+07
  6.4921435E-03 -9.6754483E+01  3.7767076E+00 -5.3119023E-01  2.9412869E+01  1.1847977E+05  0.0000000E+00  1.9979444E+07
  6.5363913E-03 -9.6732291E+01  3.8013538E+00 -5.3364434E-01  2.9655888E+01  1.1921512E+05  0.0000000E+00  1.9927595E+07
  6.5809347E-03 -9.6709959E+01  3.8261466E+00 -5.3610566E-01  2.9899992E+01  1.1995310E+05  0.0000000E+00  1.9875808E+07
  6.6257755E-03 -9.6687487E+01  3.8510868E+00 -5.3857417E-01  3.0145169E+01  1.2069367E+05  0.0000000E+00  1.9824082E+07
  6.6709158E-03 -9.6664875E+01  3.8761752E+00 -5.4104980E-01  3.0391409E+01  1.2143680E+05  0.0000000E+00  1.9772416E+07
  6.7163576E-03 -9.6642120E+01  3.9014123E+00 -5.4353250E-01  3.0638699E+01  1.2218244E+05  0.0000000E+00  1.9720808E+07
  6.7621028E-03 -9.6619223E+01  3.9267989E+00 -5.4602223E-01  3.0887025E+01  1.2293056E+05  0.0000000E+00  1.9669259E+07
  6.8081536E-03 -9.6596183E+01  3.9523358E+00 -5.4851892E-01  3.1136376E+01  1.2368112E+05  0.0000000E+00  1.9617766E+07
  6.8545120E-03 -9.6572999E+01  3.9780236E+00 -5.5102253E-01  3.1386738E+01  1.2443408E+05  0.0000000E+00  1.9566328E+07
  6.9011799E-03 -9.6549670E+01  4.0038631E+00 -5.5353300E-01  3.1638097E+01  1.2518940E+05  0.0000000E+00  1.9514945E+07
  6.9481596E-03 -9.6526195E+01  4.0298550E+00 -5.5605027E-01  3.1890439E+01  1.2594702E+05  0.0000000E+00  1.9463616E+07
  6.9954530E-03 -9.6502574E+01  4.0560001E+00 -5.5857428E-01  3.2143751E+01  1.2670692E+05  0.0000000E+00  1.9412339E+07
  7.0430622E-03 -9.6478806E+01  4.0822990E+00 -5.6110499E-01  3.2398016E+01  1.2746903E+05  0.0000000E+00  1.9361113E+07
  7.0909894E-03 -9.6454890E+01  4.1087525E+00 -5.6364231E-01  3.2653220E+01  1.2823333E+05  0.0000000E+00  1.9309938E+07
  7.1392367E-03 -9.6430825E+01  4.1353613E+00 -5.6618620E-01  3.2909348E+01  1.2899975E+05  0.0000000E+00  1.9258812E+07
  7.1878063E-03 -9.6406611E+01  4.1621261E+00 -5.6873660E-01  3.3166382E+01  1.2976826E+05  0.0000000E+00  1.9207734E+07
  7.2367002E-03 -9.6382246E+01  4.1890476E+00 -5.7129342E-01  3.3424308E+01  1.3053879E+05  0.0000000E+00  1.9156704E+07
  7.2859206E-03 -9.6357730E+01  4.2161267E+00 -5.7385662E-01  3.3683108E+01  1.3131131E+05  0.0000000E+00  1.9105719E+07
  7.3354698E-03 -9.6333062E+01  4.2433640E+00 -5.7642613E-01  3.3942764E+01  1.3208575E+05  0.0000000E+00  1.9054780E+07
  7.3853499E-03 -9.6308242E+01  4.2707603E+00 -5.7900187E-01  3.4203260E+01  1.3286207E+05  0.0000000E+00  1.9003886E+07
  7.4355631E-03 -9.6283268E+01  4.2983162E+00 -5.8158378E-01  3.4464577E+01  1.3364021E+05  0.0000000E+00  1.8953034E+07
  7.4861117E-03 -9.6258139E+01  4.3260326E+00 -5.8417179E-01  3.4726697E+01  1.3442011E+05  0.0000000E+00  1.8902225E+07
  7.5369979E-03 -9.6232856E+01  4.3539102E+00 -5.8676582E-01  3.4989601E+01  1.3520173E+05  0.0000000E+00  1.8851457E+07
  7.5882239E-03 -9.6207416E+01  4.3819496E+00 -5.8936580E-01  3.5253269E+01  1.3598499E+05  0.0000000E+00  1.8800729E+07
  7.6397921E-03 -9.6181820E+01  4.4101517E+00 -5.9197167E-01  3.5517683E+01  1.3676985E+05  0.0000000E+00  1.8750041E+07
  7.6917046E-03 -9.6156066E+01  4.4385172E+00 -5.9458333E-01  3.5782821E+01  1.3755624E+05  0.0000000E+00  1.8699391E+07
  7.7439639E-03 -9.6130154E+01  4.4670467E+00 -5.9720072E-01  3.6048664E+01  1.3834411E+05  0.0000000E+00  1.8648779E+07
  7.7965722E-03 -9.6104083E+01  4.4957412E+00 -5.9982375E-01  3.6315191E+01  1.3913338E+05  0.0000000E+00  1.8598203E+07
  7.8495318E-03 -9.6077851E+01  4.5246012E+00 -6.0245235E-01  3.6582379E+01  1.3992399E+05  0.0000000E+00  1.8547662E+07
  7.9028452E-03 -9.6051459E+01  4.5536276E+00 -6.0508644E-01  3.6850207E+01  1.4071589E+05  0.0000000E+00  1.8497156E+07
  7.9565146E-03 -9.6024905E+01  4.5828211E+00 -6.0772592E-01  3.7118653E+01  1.4150900E+05  0.0000000E+00  1.8446684E+07
  8.0105424E-03 -9.5998188E+01  4.6121824E+00 -6.1037072E-01  3.7387695E+01  1.4230325E+05  0.0000000E+00  1.8396244E+07
  8.0649311E-03 -9.5971309E+01  4.6417122E+00 -6.1302076E-01  3.7657308E+01  1.4309858E+05  0.0000000E+00  1.8345836E+07
  8.1196830E-03 -9.5944265E+01  4.6714114E+00 -6.1567594E-01  3.7927470E+01  1.4389492E+05  0.0000000E+00  1.8295459E+07
  8.1748006E-03 -9.5917056E+01  4.7012806E+00 -6.1833617E-01  3.8198156E+01  1.4469219E+05  0.0000000E+00  1.8245111E+07
  8.2302863E-03 -9.5889681E+01  4.7313207E+00 -6.2100137E-01  3.8469342E+01  1.4549033E+05  0.0000000E+00  1.8194792E+07
  8.2861425E-03 -9.5862139E+01  4.7615323E+00 -6.2367144E-01  3.8741003E+01  1.4628925E+05  0.0000000E+00  1.8144502E+07
  8.3423718E-03 -9.5834430E+01  4.7919162E+00 -6.2634629E-01  3.9013113E+01  1.4708889E+05  0.0000000E+00  1.8094238E+07
  8.3989767E-03 -9.5806553E+01  4.8224732E+00 -6.2902583E-01  3.9285647E+01  1.4788917E+05  0.0000000E+00  1.8044001E+07
  8.4559595E-03 -9.5778506E+01  4.8532040E+00 -6.3170996E-01  3.9558579E+01  1.4869001E+05  0.0000000E+00  1.7993789E+07
  8.5133230E-03 -9.5750289E+01  4.8841093E+00 -6.3439858E-01  3.9831882E+01  1.4949133E+05  0.0000000E+00  1.7943601E+07
  8.5710695E-03 -9.5721902E+01  4.9151899E+00 -6.3709160E-01  4.0105528E+01  1.5029304E+05  0.0000000E+00  1.7893437E+07
  8.6292018E-03 -9.5693342E+01  4.9464466E+00 -6.3978890E-01  4.0379490E+01  1.5109508E+05  0.0000000E+00  1.7843296E+07
  8.6877222E-03 -9.5664610E+01  4.9778801E+00 -6.4249040E-01  4.0653740E+01  1.5189735E+05  0.0000000E+00  1.7793175E+07
  8.7466336E-03 -9.5635705E+01  5.0094912E+00 -6.4519599E-01  4.0928250E+01  1.5269978E+05  0.0000000E+00  1.7743076E+07
  8.8059383E-03 -9.5606625E+01  5.0412805E+00 -6.4790555E-01  4.1202989E+01  1.5350227E+05  0.0000000E+00  1.7692997E+07
  8.8656391E-03 -9.5577370E+01  5.0732490E+00 -6.5061899E-01  4.1477931E+01  1.5430473E+05  0.0000000E+00  1.7642936E+07
  8.9257387E-03 -9.5547939E+01  5.1053972E+00 -6.5333620E-01  4.1753043E+01  1.5510709E+05  0.0000000E+00  1.7592894E+07
  8.9862396E-03 -9.5518331E+01  5.1377261E+00 -6.5605706E-01  4.2028296E+01  1.5590925E+05  0.0000000E+00  1.7542869E+07
  9.0471446E-03 -9.5488545E+01  5.1702362E+00 -6.5878147E-01  4.2303659E+01  1.5671112E+05  0.0000000E+00  1.7492860E+07
  9.1084564E-03 -9.5458581E+01  5.2029285E+00 -6.6150931E-01  4.2579101E+01  1.5751261E+05  0.0000000E+00  1.7442867E+07
  9.1701776E-03 -9.5428437E+01  5.2358036E+00 -6.6424046E-01  4.2854591E+01  1.5831362E+05  0.0000000E+00  1.7392888E+07
  9.2323111E-03 -9.5398113E+01  5.2688623E+00 -6.6697482E-01  4.3130095E+01  1.5911405E+05  0.0000000E+00  1.7342923E+07
  9.2948595E-03 -9.5367607E+01  5.3021053E+00 -6.6971226E-01  4.3405583E+01  1.5991383E+05  0.0000000E+00  1.7292971E+07
  9.3578257E-03 -9.5336919E+01  5.3355335E+00 -6.7245265E-01  4.3681020E+01  1.6071283E+05  0.0000000E+00  1.7243031E+07
  9.4212124E-03 -9.5306048E+01  5.3691475E+00 -6.7519589E-01  4.3956374E+01  1.6151097E+05  0.0000000E+00  1.7193101E+07
  9.4850224E-03 -9.5274994E+01  5.4029482E+00 -6.7794185E-01  4.4231610E+01  1.6230815E+05  0.0000000E+00  1.7143183E+07
  9.5492586E-03 -9.5243754E+01  5.4369362E+00 -6.8069040E-01  4.4506694E+01  1.6310426E+05  0.0000000E+00  1.7093273E+07
  9.6139238E-03 -9.5212329E+01  5.4711124E+00 -6.8344142E-01  4.4781592E+01  1.6389920E+05  0.0000000E+00  1.7043372E+07
  9.6790209E-03 -9.5180717E+01  5.5054775E+00 -6.8619477E-01  4.5056268E+01  1.6469287E+05  0.0000000E+00  1.6993479E+07
  9.7445527E-03 -9.5148918E+01  5.5400322E+00 -6.8895034E-01  4.5330687E+01  1.6548515E+05  0.0000000E+00  1.6943592E+07
  9.8105222E-03 -9.5116931E+01  5.5747774E+00 -6.9170798E-01  4.5604813E+01  1.6627595E+05  0.0000000E+00  1.6893711E+07
  9.8769323E-03 -9.5084754E+01  5.6097138E+00 -6.9446756E-01  4.5878610E+01  1.6706516E+05  0.0000000E+00  1.6843835E+07
  9.9437859E-03 -9.5052387E+01  5.6448421E+00 -6.9722896E-01  4.6152040E+01  1.6785266E+05  0.0000000E+00  1.6793964E+07
  1.0011086E-02 -9.5019829E+01  5.6801631E+00 -6.9999203E-01  4.6425068E+01  1.6863835E+05  0.0000000E+00  1.6744096E+07
  1.0078836E-02 -9.4987079E+01  5.7156776E+00 -7.0275664E-01  4.6697654E+01  1.6942211E+05  0.0000000E+00  1.6694230E+07
  1.0147038E-02 -9.4954136E+01  5.7513863E+00 -7.0552264E-01  4.6969761E+01  1.7020383E+05  0.0000000E+00  1.6644366E+07
  1.0215695E-02 -9.4921000E+01  5.7872900E+00 -7.0828990E-01  4.7241351E+01  1.7098339E+05  0.0000000E+00  1.6594503E+07
  1.0284811E-02 -9.4887669E+01  5.8233894E+00 -7.1105827E-01  4.7512385E+01  1.7176068E+05  0.0000000E+00  1.6544639E+07
  1.0354389E-02 -9.4854142E+01  5.8596854E+00 -7.1382760E-01  4.7782823E+01  1.7253558E+05  0.0000000E+00  1.6494775E+07
  1.0424431E-02 -9.4820419E+01  5.8961786E+00 -7.1659776E-01  4.8052627E+01  1.7330797E+05  0.0000000E+00  1.6444908E+07
  1.0494942E-02 -9.4786499E+01  5.9328699E+00 -7.1936859E-01  4.8321757E+01  1.7407774E+05  0.0000000E+00  1.6395039E+07
  1.0565923E-02 -9.4752380E+01  5.9697600E+00 -7.2213994E-01  4.8590171E+01  1.7484476E+05  0.0000000E+00  1.6345167E+07
  1.0637378E-02 -9.4718062E+01  6.0068497E+00 -7.2491166E-01  4.8857830E+01  1.7560890E+05  0.0000000E+00  1.6295289E+07
  1.0709310E-02 -9.4683544E+01  6.0441397E+00 -7.2768360E-01  4.9124693E+01  1.7637005E+05  0.0000000E+00  1.6245407E+07
  1.0781723E-02 -9.4648825E+01  6.0816308E+00 -7.3045560E-01  4.9390718E+01  1.7712809E+05  0.0000000E+00  1.6195518E+07
  1.0854619E-02 -9.4613904E+01  6.1193238E+00 -7.3322751E-01  4.9655864E+01  1.7788287E+05  0.0000000E+00  1.6145623E+07
  1.0928003E-02 -9.4578780E+01  6.1572194E+00 -7.3599916E-01  4.9920089E+01  1.7863428E+05  0.0000000E+00  1.6095719E+07
  1.1001876E-02 -9.4543452E+01  6.1953184E+00 -7.3877040E-01  5.0183351E+01  1.7938220E+05  0.0000000E+00  1.6045806E+07
  1.1076243E-02 -9.4507920E+01  6.2336215E+00 -7.4154107E-01  5.0445606E+01  1.8012648E+05  0.0000000E+00  1.5995884E+07
  1.1151106E-02 -9.4472181E+01  6.2721296E+00 -7.4431100E-01  5.0706813E+01  1.8086700E+05  0.0000000E+00  1.5945951E+07
  1.1226469E-02 -9.4436237E+01  6.3108434E+00 -7.4708003E-01  5.0966928E+01  1.8160363E+05  0.0000000E+00  1.5896007E+07
  1.1302336E-02 -9.4400084E+01  6.3497637E+00 -7.4984799E-01  5.1225908E+01  1.8233623E+05  0.0000000E+00  1.5846050E+07
  1.1378709E-02 -9.4363724E+01  6.3888912E+00 -7.5261471E-01  5.1483709E+01  1.8306468E+05  0.0000000E+00  1.5796080E+07
  1.1455593E-02 -9.4327153E+01  6.4282267E+00 -7.5538002E-01  5.1740287E+01  1.8378882E+05  0.0000000E+00  1.5746095E+07
  1.1532990E-02 -9.4290373E+01  6.4677709E+00 -7.5814376E-01  5.1995598E+01  1.8450854E+05  0.0000000E+00  1.5696096E+07
  1.1610904E-02 -9.4253381E+01  6.5075248E+00 -7.6090574E-01  5.2249597E+01  1.8522370E+05  0.0000000E+00  1.5646080E+07
  1.1689338E-02 -9.4216177E+01  6.5474889E+00 -7.6366580E-01  5.2502241E+01  1.8593414E+05  0.0000000E+00  1.5596048E+07
  1.1768296E-02 -9.4178760E+01  6.5876642E+00 -7.6642375E-01  5.2753484E+01  1.8663974E+05  0.0000000E+00  1.5545998E+07
  1.1847781E-02 -9.4141128E+01  6.6280513E+00 -7.6917942E-01  5.3003281E+01  1.8734036E+05  0.0000000E+00  1.5495928E+07
  1.1927798E-02 -9.4103282E+01  6.6686510E+00 -7.7193262E-01  5.3251587E+01  1.8803585E+05  0.0000000E+00  1.5445839E+07
  1.2008348E-02 -9.4065219E+01  6.7094641E+00 -7.7468319E-01  5.3498357E+01  1.8872608E+05  0.0000000E+00  1.5395730E+07
  1.2089437E-02 -9.4026939E+01  6.7504915E+00 -7.7743093E-01  5.3743545E+01  1.8941089E+05  0.0000000E+00  1.5345598E+07
  1.2171067E-02 -9.3988442E+01  6.7917337E+00 -7.8017566E-01  5.3987105E+01  1.9009016E+05  0.0000000E+00  1.5295444E+07
  1.2253242E-02 -9.3949725E+01  6.8331918E+00 -7.8291719E-01  5.4228992E+01  1.9076372E+05  0.0000000E+00  1.5245267E+07
  1.2335966E-02 -9.3910789E+01  6.8748663E+00 -7.8565534E-01  5.4469160E+01  1.9143145E+05  0.0000000E+00  1.5195064E+07
  1.2419243E-02 -9.3871632E+01  6.9167581E+00 -7.8838991E-01  5.4707562E+01  1.9209318E+05  0.0000000E+00  1.5144837E+07
  1.2503076E-02 -9.3832253E+01  6.9588680E+00 -7.9112073E-01  5.4944153E+01  1.9274878E+05  0.0000000E+00  1.5094582E+07
  1.2587468E-02 -9.3792651E+01  7.0011967E+00 -7.9384759E-01  5.5178887E+01  1.9339809E+05  0.0000000E+00  1.5044300E+07
  1.2672425E-02 -9.3752825E+01  7.0437451E+00 -7.9657030E-01  5.5411717E+01  1.9404098E+05  0.0000000E+00  1.4993990E+07
  1.2757948E-02 -9.3712775E+01  7.0865139E+00 -7.9928867E-01  5.5642598E+01  1.9467729E+05  0.0000000E+00  1.4943650E+07
  1.2844043E-02 -9.3672499E+01  7.1295039E+00 -8.0200250E-01  5.5871482E+01  1.9530686E+05  0.0000000E+00  1.4893279E+07
  1.2930713E-02 -9.3631996E+01  7.1727158E+00 -8.0471159E-01  5.6098324E+01  1.9592956E+05  0.0000000E+00  1.4842877E+07
  1.3017962E-02 -9.3591265E+01  7.2161506E+00 -8.0741575E-01  5.6323077E+01  1.9654523E+05  0.0000000E+00  1.4792441E+07
  1.3105793E-02 -9.3550306E+01  7.2598088E+00 -8.1011477E-01  5.6545695E+01  1.9715372E+05  0.0000000E+00  1.4741972E+07
  1.3194211E-02 -9.3509117E+01  7.3036915E+00 -8.1280846E-01  5.6766133E+01  1.9775488E+05  0.0000000E+00  1.4691469E+07
  1.3283220E-02 -9.3467697E+01  7.3477992E+00 -8.1549661E-01  5.6984343E+01  1.9834855E+05  0.0000000E+00  1.4640929E+07
  1.3372823E-02 -9.3426046E+01  7.3921329E+00 -8.1817902E-01  5.7200281E+01  1.9893459E+05  0.0000000E+00  1.4590352E+07
  1.3463024E-02 -9.3384162E+01  7.4366933E+00 -8.2085548E-01  5.7413900E+01  1.9951284E+05  0.0000000E+00  1.4539737E+07
  1.3553828E-02 -9.3342045E+01  7.4814812E+00 -8.2352578E-01  5.7625154E+01  2.0008315E+05  0.0000000E+00  1.4489082E+07
  1.3645239E-02 -9.3299692E+01  7.5264974E+00 -8.2618972E-01  5.7833998E+01  2.0064537E+05  0.0000000E+00  1.4438387E+07
  1.3737259E-02 -9.3257104E+01  7.5717427E+00 -8.2884710E-01  5.8040387E+01  2.0119934E+05  0.0000000E+00  1.4387651E+07
  1.3829895E-02 -9.3214280E+01  7.6172180E+00 -8.3149769E-01  5.8244275E+01  2.0174490E+05  0.0000000E+00  1.4336871E+07
  1.3923149E-02 -9.3171217E+01  7.6629239E+00 -8.3414129E-01  5.8445618E+01  2.0228191E+05  0.0000000E+00  1.4286048E+07
  1.4017026E-02 -9.3127916E+01  7.7088613E+00 -8.3677770E-01  5.8644370E+01  2.0281021E+05  0.0000000E+00  1.4235179E+07
  1.4111529E-02 -9.3084376E+01  7.7550311E+00 -8.3940669E-01  5.8840488E+01  2.0332965E+05  0.0000000E+00  1.4184264E+07
  1.4206664E-02 -9.3040594E+01  7.8014340E+00 -8.4202805E-01  5.9033926E+01  2.0384007E+05  0.0000000E+00  1.4133301E+07
  1.4302435E-02 -9.2996571E+01  7.8480708E+00 -8.4464158E-01  5.9224642E+01  2.0434132E+05  0.0000000E+00  1.4082289E+07
  1.4398845E-02 -9.2952305E+01  7.8949424E+00 -8.4724705E-01  5.9412592E+01  2.0483325E+05  0.0000000E+00  1.4031227E+07
  1.4495899E-02 -9.2907795E+01  7.9420495E+00 -8.4984424E-01  5.9597731E+01  2.0531570E+05  0.0000000E+00  1.3980113E+07
  1.4593601E-02 -9.2863040E+01  7.9893930E+00 -8.5243296E-01  5.9780019E+01  2.0578852E+05  0.0000000E+00  1.3928947E+07
  1.4691955E-02 -9.2818039E+01  8.0369738E+00 -8.5501297E-01  5.9959412E+01  2.0625155E+05  0.0000000E+00  1.3877726E+07
  1.4790967E-02 -9.2772792E+01  8.0847925E+00 -8.5758405E-01  6.0135868E+01  2.0670464E+05  0.0000000E+00  1.3826450E+07
  1.4890639E-02 -9.2727296E+01  8.1328501E+00 -8.6014601E-01  6.0309346E+01  2.0714764E+05  0.0000000E+00  1.3775117E+07
  1.4990978E-02 -9.2681551E+01  8.1811474E+00 -8.6269860E-01  6.0479805E+01  2.0758040E+05  0.0000000E+00  1.3723725E+07
  1.5091986E-02 -9.2635556E+01  8.2296851E+00 -8.6524162E-01  6.0647204E+01  2.0800277E+05  0.0000000E+00  1.3672274E+07
  1.5193669E-02 -9.2589311E+01  8.2784643E+00 -8.6777485E-01  6.0811503E+01  2.0841459E+05  0.0000000E+00  1.3620761E+07
  1.5296032E-02 -9.2542812E+01  8.3274856E+00 -8.7029806E-01  6.0972663E+01  2.0881571E+05  0.0000000E+00  1.3569186E+07
  1.5399077E-02 -9.2496061E+01  8.3767499E+00 -8.7281104E-01  6.1130645E+01  2.0920599E+05  0.0000000E+00  1.3517547E+07
  1.5502811E-02 -9.2449055E+01  8.4262581E+00 -8.7531357E-01  6.1285412E+01  2.0958528E+05  0.0000000E+00  1.3465841E+07
  1.5607238E-02 -9.2401794E+01  8.4760110E+00 -8.7780544E-01  6.1436924E+01  2.0995341E+05  0.0000000E+00  1.3414069E+07
  1.5712363E-02 -9.2354277E+01  8.5260095E+00 -8.8028641E-01  6.1585146E+01  2.1031026E+05  0.0000000E+00  1.3362228E+07
  1.5818189E-02 -9.2306502E+01  8.5762544E+00 -8.8275627E-01  6.1730041E+01  2.1065567E+05  0.0000000E+00  1.3310316E+07
  1.5924722E-02 -9.2258468E+01  8.6267466E+00 -8.8521481E-01  6.1871573E+01  2.1098949E+05  0.0000000E+00  1.3258332E+07
  1.6031967E-02 -9.2210175E+01  8.6774870E+00 -8.8766180E-01  6.2009709E+01  2.1131158E+05  0.0000000E+00  1.3206275E+07
  1.6139928E-02 -9.2161621E+01  8.7284763E+00 -8.9009703E-01  6.2144414E+01  2.1162180E+05  0.0000000E+00  1.3154142E+07
  1.6248610E-02 -9.2112805E+01  8.7797155E+00 -8.9252027E-01  6.2275654E+01  2.1192001E+05  0.0000000E+00  1.3101932E+07
  1.6358017E-02 -9.2063726E+01  8.8312055E+00 -8.9493132E-01  6.2403398E+01  2.1220605E+05  0.0000000E+00  1.3049643E+07
  1.6468156E-02 -9.2014383E+01  8.8829472E+00 -8.9732995E-01  6.2527614E+01  2.1247980E+05  0.0000000E+00  1.2997274E+07
  1.6579030E-02 -9.1964775E+01  8.9349413E+00 -8.9971596E-01  6.2648272E+01  2.1274111E+05  0.0000000E+00  1.2944822E+07
  1.6690644E-02 -9.1914900E+01  8.9871889E+00 -9.0208912E-01  6.2765342E+01  2.1298984E+05  0.0000000E+00  1.2892286E+07
  1.6803004E-02 -9.1864758E+01  9.0396908E+00 -9.0444922E-01  6.2878796E+01  2.1322586E+05  0.0000000E+00  1.2839664E+07
  1.6916115E-02 -9.1814348E+01  9.0924478E+00 -9.0679606E-01  6.2988605E+01  2.1344903E+05  0.0000000E+00  1.2786954E+07
  1.7029980E-02 -9.1763668E+01  9.1454610E+00 -9.0912941E-01  6.3094744E+01  2.1365923E+05  0.0000000E+00  1.2734154E+07
  1.7144607E-02 -9.1712718E+01  9.1987312E+00 -9.1144907E-01  6.3197186E+01  2.1385631E+05  0.0000000E+00  1.2681263E+07
  1.7259999E-02 -9.1661495E+01  9.2522594E+00 -9.1375483E-01  6.3295907E+01  2.1404015E+05  0.0000000E+00  1.2628277E+07
  1.7376161E-02 -9.1610000E+01  9.3060464E+00 -9.1604649E-01  6.3390884E+01  2.1421063E+05  0.0000000E+00  1.2575195E+07
  1.7493099E-02 -9.1558231E+01  9.3600932E+00 -9.1832383E-01  6.3482094E+01  2.1436760E+05  0.0000000E+00  1.2522016E+07
  1.7610819E-02 -9.1506186E+01  9.4144007E+00 -9.2058667E-01  6.3569517E+01  2.1451096E+05  0.0000000E+00  1.2468736E+07
  1.7729324E-02 -9.1453865E+01  9.4689698E+00 -9.2283478E-01  6.3653132E+01  2.1464058E+05  0.0000000E+00  1.2415354E+07
  1.7848621E-02 -9.1401266E+01  9.5238016E+00 -9.2506799E-01  6.3732921E+01  2.1475633E+05  0.0000000E+00  1.2361868E+07
  1.7968715E-02 -9.1348389E+01  9.5788969E+00 -9.2728608E-01  6.3808867E+01  2.1485810E+05  0.0000000E+00  1.2308275E+07
  1.8089610E-02 -9.1295232E+01  9.6342567E+00 -9.2948887E-01  6.3880953E+01  2.1494578E+05  0.0000000E+00  1.2254573E+07
  1.8211314E-02 -9.1241794E+01  9.6898820E+00 -9.3167616E-01  6.3949165E+01  2.1501924E+05  0.0000000E+00  1.2200760E+07
  1.8333830E-02 -9.1188074E+01  9.7457737E+00 -9.3384777E-01  6.4013489E+01  2.1507839E+05  0.0000000E+00  1.2146834E+07
  1.8457164E-02 -9.1134071E+01  9.8019328E+00 -9.3600350E-01  6.4073914E+01  2.1512310E+05  0.0000000E+00  1.2092792E+07
  1.8581322E-02 -9.1079783E+01  9.8583603E+00 -9.3814318E-01  6.4130428E+01  2.1515328E+05  0.0000000E+00  1.2038631E+07
  1.8706309E-02 -9.1025209E+01  9.9150572E+00 -9.4026663E-01  6.4183022E+01  2.1516882E+05  0.0000000E+00  1.1984350E+07
  1.8832131E-02 -9.0970349E+01  9.9720245E+00 -9.4237366E-01  6.4231690E+01  2.1516961E+05  0.0000000E+00  1.1929946E+07
  1.8958793E-02 -9.0915201E+01  1.0029263E+01 -9.4446411E-01  6.4276423E+01  2.1515557E+05  0.0000000E+00  1.1875416E+07
  1.9086301E-02 -9.0859764E+01  1.0086774E+01 -9.4653780E-01  6.4317219E+01  2.1512659E+05  0.0000000E+00  1.1820757E+07
  1.9214661E-02 -9.0804036E+01  1.0144559E+01 -9.4859457E-01  6.4354074E+01  2.1508258E+05  0.0000000E+00  1.1765968E+07
  1.9343878E-02 -9.0748017E+01  1.0202618E+01 -9.5063426E-01  6.4386985E+01  2.1502346E+05  0.0000000E+00  1.1711045E+07
  1.9473958E-02 -9.0691705E+01  1.0260952E+01 -9.5265672E-01  6.4415954E+01  2.1494913E+05  0.0000000E+00  1.1655986E+07
  1.9604906E-02 -9.0635099E+01  1.0319563E+01 -9.5466178E-01  6.4440982E+01  2.1485951E+05  0.0000000E+00  1.1600788E+07
  1.9736730E-02 -9.0578198E+01  1.0378452E+01 -9.5664930E-01  6.4462073E+01  2.1475452E+05  0.0000000E+00  1.1545448E+07
  1.9869433E-02 -9.0521000E+01  1.0437619E+01 -9.5861913E-01  6.4479231E+01  2.1463408E+05  0.0000000E+00  1.1489964E+07
  2.0003023E-02 -9.0463505E+01  1.0497066E+01 -9.6057114E-01  6.4492463E+01  2.1449813E+05  0.0000000E+00  1.1434332E+07
  2.0137505E-02 -9.0405712E+01  1.0556793E+01 -9.6250520E-01  6.4501778E+01  2.1434658E+05  0.0000000E+00  1.1378550E+07
  2.0272886E-02 -9.0347618E+01  1.0616803E+01 -9.6442117E-01  6.4507187E+01  2.1417937E+05  0.0000000E+00  1.1322615E+07
  2.0409170E-02 -9.0289223E+01  1.0677095E+01 -9.6631893E-01  6.4508701E+01  2.1399644E+05  0.0000000E+00  1.1266523E+07
  2.0546365E-02 -9.0230526E+01  1.0737672E+01 -9.6819837E-01  6.4506334E+01  2.1379772E+05  0.0000000E+00  1.1210272E+07
  2.0684476E-02 -9.0171525E+01  1.0798534E+01 -9.7005938E-01  6.4500102E+01  2.1358317E+05  0.0000000E+00  1.1153859E+07
  2.0823509E-02 -9.0112220E+01  1.0859682E+01 -9.7190184E-01  6.4490024E+01  2.1335272E+05  0.0000000E+00  1.1097280E+07
  2.0963471E-02 -9.0052608E+01  1.0921118E+01 -9.7372566E-01  6.4476118E+01  2.1310633E+05  0.0000000E+00  1.1040533E+07
  2.1104368E-02 -8.9992689E+01  1.0982842E+01 -9.7553076E-01  6.4458406E+01  2.1284395E+05  0.0000000E+00  1.0983614E+07
  2.1246205E-02 -8.9932461E+01  1.1044856E+01 -9.7731704E-01  6.4436911E+01  2.1256554E+05  0.0000000E+00  1.0926520E+07
  2.1388990E-02 -8.9871924E+01  1.1107161E+01 -9.7908443E-01  6.4411660E+01  2.1227107E+05  0.0000000E+00  1.0869249E+07
  2.1532729E-02 -8.9811075E+01  1.1169758E+01 -9.8083286E-01  6.4382678E+01  2.1196049E+05  0.0000000E+00  1.0811795E+07
  2.1677427E-02 -8.9749914E+01  1.1232648E+01 -9.8256226E-01  6.4349997E+01  2.1163379E+05  0.0000000E+00  1.0754157E+07
  2.1823092E-02 -8.9688440E+01  1.1295833E+01 -9.8427258E-01  6.4313646E+01  2.1129093E+05  0.0000000E+00  1.0696331E+07
  2.1969730E-02 -8.9626651E+01  1.1359313E+01 -9.8596377E-01  6.4273660E+01  2.1093190E+05  0.0000000E+00  1.0638313E+07
  2.2117347E-02 -8.9564545E+01  1.1423090E+01 -9.8763579E-01  6.4230074E+01  2.1055667E+05  0.0000000E+00  1.0580100E+07
  2.2265950E-02 -8.9502123E+01  1.1487166E+01 -9.8928862E-01  6.4182925E+01  2.1016524E+05  0.0000000E+00  1.0521690E+07
  2.2415546E-02 -8.9439382E+01  1.1551540E+01 -9.9092222E-01  6.4132254E+01  2.0975760E+05  0.0000000E+00  1.0463077E+07
  2.2566140E-02 -8.9376321E+01  1.1616216E+01 -9.9253659E-01  6.4078102E+01  2.0933374E+05  0.0000000E+00  1.0404259E+07
  2.2717740E-02 -8.9312939E+01  1.1681193E+01 -9.9413173E-01  6.4020512E+01  2.0889367E+05  0.0000000E+00  1.0345233E+07
  2.2870353E-02 -8.9249234E+01  1.1746473E+01 -9.9570764E-01  6.3959532E+01  2.0843738E+05  0.0000000E+00  1.0285994E+07
  2.3023985E-02 -8.9185206E+01  1.1812058E+01 -9.9726433E-01  6.3895208E+01  2.0796490E+05  0.0000000E+00  1.0226540E+07
  2.3178643E-02 -8.9120854E+01  1.1877948E+01 -9.9880182E-01  6.3827591E+01  2.0747623E+05  0.0000000E+00  1.0166867E+07
  2.3334334E-02 -8.9056174E+01  1.1944146E+01 -1.0003202E+00  6.3756734E+01  2.0697140E+05  0.0000000E+00  1.0106971E+07
  2.3491065E-02 -8.8991168E+01  1.2010651E+01 -1.0018194E+00  6.3682691E+01  2.0645042E+05  0.0000000E+00  1.0046849E+07
  2.3648843E-02 -8.8925833E+01  1.2077467E+01 -1.0032996E+00  6.3605519E+01  2.0591334E+05  0.0000000E+00  9.9864968E+06
  2.3807674E-02 -8.8860168E+01  1.2144593E+01 -1.0047608E+00  6.3525276E+01  2.0536018E+05  0.0000000E+00  9.9259115E+06
  2.3967566E-02 -8.8794171E+01  1.2212032E+01 -1.0062030E+00  6.3442024E+01  2.0479097E+05  0.0000000E+00  9.8650895E+06
  2.4128526E-02 -8.8727842E+01  1.2279784E+01 -1.0076265E+00  6.3355826E+01  2.0420578E+05  0.0000000E+00  9.8040272E+06
  2.4290561E-02 -8.8661179E+01  1.2347852E+01 -1.0090313E+00  6.3266747E+01  2.0360463E+05  0.0000000E+00  9.7427211E+06
  2.4453678E-02 -8.8594182E+01  1.2416236E+01 -1.0104174E+00  6.3174855E+01  2.0298760E+05  0.0000000E+00  9.6811679E+06
  2.4617884E-02 -8.8526848E+01  1.2484938E+01 -1.0117850E+00  6.3080219E+01  2.0235473E+05  0.0000000E+00  9.6193640E+06
  2.4783188E-02 -8.8459176E+01  1.2553959E+01 -1.0131344E+00  6.2982912E+01  2.0170609E+05  0.0000000E+00  9.5573060E+06
  2.4949595E-02 -8.8391165E+01  1.2623300E+01 -1.0144655E+00  6.2883007E+01  2.0104175E+05  0.0000000E+00  9.4949908E+06
  2.5117113E-02 -8.8322814E+01  1.2692964E+01 -1.0157785E+00  6.2780581E+01  2.0036178E+05  0.0000000E+00  9.4324148E+06
  2.5285751E-02 -8.8254122E+01  1.2762952E+01 -1.0170738E+00  6.2675711E+01  1.9966626E+05  0.0000000E+00  9.3695750E+06
  2.5455514E-02 -8.8185087E+01  1.2833264E+01 -1.0183513E+00  6.2568479E+01  1.9895528E+05  0.0000000E+00  9.3064681E+06
  2.5626412E-02 -8.8115708E+01  1.2903903E+01 -1.0196114E+00  6.2458966E+01  1.9822893E+05  0.0000000E+00  9.2430910E+06
  2.5798450E-02 -8.8045984E+01  1.2974870E+01 -1.0208543E+00  6.2347258E+01  1.9748730E+05  0.0000000E+00  9.1794407E+06
  2.5971638E-02 -8.7975914E+01  1.3046166E+01 -1.0220801E+00  6.2233441E+01  1.9673049E+05  0.0000000E+00  9.1155143E+06
  2.6145983E-02 -8.7905495E+01  1.3117794E+01 -1.0232892E+00  6.2117605E+01  1.9595860E+05  0.0000000E+00  9.0513088E+06
  2.6321491E-02 -8.7834728E+01  1.3189754E+01 -1.0244817E+00  6.1999839E+01  1.9517175E+05  0.0000000E+00  8.9868216E+06
  2.6498172E-02 -8.7763610E+01  1.3262048E+01 -1.0256580E+00  6.1880237E+01  1.9437006E+05  0.0000000E+00  8.9220500E+06
  2.6676033E-02 -8.7692141E+01  1.3334677E+01 -1.0268184E+00  6.1758893E+01  1.9355364E+05  0.0000000E+00  8.8569914E+06
  2.6855082E-02 -8.7620319E+01  1.3407644E+01 -1.0279631E+00  6.1635906E+01  1.9272261E+05  0.0000000E+00  8.7916436E+06
  2.7035327E-02 -8.7548144E+01  1.3480949E+01 -1.0290926E+00  6.1511372E+01  1.9187712E+05  0.0000000E+00  8.7260043E+06
  2.7216775E-02 -8.7475613E+01  1.3554594E+01 -1.0302070E+00  6.1385394E+01  1.9101730E+05  0.0000000E+00  8.6600714E+06
  2.7399435E-02 -8.7402725E+01  1.3628582E+01 -1.0313068E+00  6.1258074E+01  1.9014329E+05  0.0000000E+00  8.5938430E+06
  2.7583315E-02 -8.7329480E+01  1.3702913E+01 -1.0323924E+00  6.1129516E+01  1.8925523E+05  0.0000000E+00  8.5273173E+06
  2.7768424E-02 -8.7255876E+01  1.3777589E+01 -1.0334641E+00  6.0999827E+01  1.8835329E+05  0.0000000E+00  8.4604928E+06
  2.7954768E-02 -8.7181911E+01  1.3852611E+01 -1.0345224E+00  6.0869114E+01  1.8743761E+05  0.0000000E+00  8.3933681E+06
  2.8142357E-02 -8.7107586E+01  1.3927982E+01 -1.0355677E+00  6.0737489E+01  1.8650836E+05  0.0000000E+00  8.3259422E+06
  2.8331199E-02 -8.7032898E+01  1.4003703E+01 -1.0366004E+00  6.0605062E+01  1.8556572E+05  0.0000000E+00  8.2582141E+06
  2.8521302E-02 -8.6957846E+01  1.4079775E+01 -1.0376210E+00  6.0471946E+01  1.8460984E+05  0.0000000E+00  8.1901831E+06
  2.8712675E-02 -8.6882429E+01  1.4156201E+01 -1.0386300E+00  6.0338258E+01  1.8364092E+05  0.0000000E+00  8.1218488E+06
  2.8905326E-02 -8.6806646E+01  1.4232982E+01 -1.0396280E+00  6.0204112E+01  1.8265913E+05  0.0000000E+00  8.0532111E+06
  2.9099263E-02 -8.6730496E+01  1.4310119E+01 -1.0406153E+00  6.0069628E+01  1.8166466E+05  0.0000000E+00  7.9842701E+06
  2.9294496E-02 -8.6653978E+01  1.4387615E+01 -1.0415926E+00  5.9934925E+01  1.8065771E+05  0.0000000E+00  7.9150263E+06
  2.9491032E-02 -8.6577090E+01  1.4465470E+01 -1.0425605E+00  5.9800124E+01  1.7963847E+05  0.0000000E+00  7.8454803E+06
  2.9688882E-02 -8.6499832E+01  1.4543688E+01 -1.0435196E+00  5.9665346E+01  1.7860715E+05  0.0000000E+00  7.7756333E+06
  2.9888052E-02 -8.6422202E+01  1.4622269E+01 -1.0444705E+00  5.9530717E+01  1.7756396E+05  0.0000000E+00  7.7054868E+06
  3.0088553E-02 -8.6344199E+01  1.4701215E+01 -1.0454138E+00  5.9396360E+01  1.7650910E+05  0.0000000E+00  7.6350423E+06
  3.0290393E-02 -8.6265822E+01  1.4780528E+01 -1.0463502E+00  5.9262402E+01  1.7544281E+05  0.0000000E+00  7.5643022E+06
  3.0493580E-02 -8.6187071E+01  1.4860210E+01 -1.0472804E+00  5.9128970E+01  1.7436529E+05  0.0000000E+00  7.4932689E+06
  3.0698125E-02 -8.6107943E+01  1.4940262E+01 -1.0482053E+00  5.8996193E+01  1.7327678E+05  0.0000000E+00  7.4219454E+06
  3.0904036E-02 -8.6028439E+01  1.5020686E+01 -1.0491254E+00  5.8864200E+01  1.7217751E+05  0.0000000E+00  7.3503351E+06
  3.1111322E-02 -8.5948557E+01  1.5101485E+01 -1.0500417E+00  5.8733121E+01  1.7106772E+05  0.0000000E+00  7.2784416E+06
  3.1319993E-02 -8.5868296E+01  1.5182659E+01 -1.0509549E+00  5.8603087E+01  1.6994764E+05  0.0000000E+00  7.2062694E+06
  3.1530057E-02 -8.5787655E+01  1.5264211E+01 -1.0518660E+00  5.8474230E+01  1.6881752E+05  0.0000000E+00  7.1338230E+06
  3.1741524E-02 -8.5706634E+01  1.5346142E+01 -1.0527758E+00  5.8346683E+01  1.6767762E+05  0.0000000E+00  7.0611076E+06
  3.1954404E-02 -8.5625231E+01  1.5428454E+01 -1.0536853E+00  5.8220580E+01  1.6652817E+05  0.0000000E+00  6.9881290E+06
  3.2168705E-02 -8.5543446E+01  1.5511149E+01 -1.0545954E+00  5.8096053E+01  1.6536946E+05  0.0000000E+00  6.9148933E+06
  3.2384437E-02 -8.5461278E+01  1.5594229E+01 -1.0555071E+00  5.7973238E+01  1.6420172E+05  0.0000000E+00  6.8414072E+06
  3.2601610E-02 -8.5378726E+01  1.5677695E+01 -1.0564216E+00  5.7852269E+01  1.6302524E+05  0.0000000E+00  6.7676779E+06
  3.2820234E-02 -8.5295790E+01  1.5761550E+01 -1.0573398E+00  5.7733280E+01  1.6184027E+05  0.0000000E+00  6.6937133E+06
  3.3040318E-02 -8.5212468E+01  1.5845795E+01 -1.0582631E+00  5.7616409E+01  1.6064710E+05  0.0000000E+00  6.6195216E+06
  3.3261871E-02 -8.5128760E+01  1.5930432E+01 -1.0591924E+00  5.7501788E+01  1.5944600E+05  0.0000000E+00  6.5451118E+06
  3.3484904E-02 -8.5044666E+01  1.6015463E+01 -1.0601291E+00  5.7389555E+01  1.5823726E+05  0.0000000E+00  6.4704933E+06
  3.3709427E-02 -8.4960185E+01  1.6100890E+01 -1.0610745E+00  5.7279844E+01  1.5702114E+05  0.0000000E+00  6.3956762E+06
  3.3935450E-02 -8.4875316E+01  1.6186714E+01 -1.0620299E+00  5.7172791E+01  1.5579795E+05  0.0000000E+00  6.3206711E+06
  3.4162981E-02 -8.4790060E+01  1.6272937E+01 -1.0629967E+00  5.7068530E+01  1.5456797E+05  0.0000000E+00  6.2454894E+06
  3.4392033E-02 -8.4704415E+01  1.6359562E+01 -1.0639764E+00  5.6967196E+01  1.5333150E+05  0.0000000E+00  6.1701428E+06
  3.4622614E-02 -8.4618381E+01  1.6446589E+01 -1.0649703E+00  5.6868923E+01  1.5208883E+05  0.0000000E+00  6.0946438E+06
  3.4854735E-02 -8.4531959E+01  1.6534022E+01 -1.0659802E+00  5.6773845E+01  1.5084027E+05  0.0000000E+00  6.0190055E+06
  3.5088407E-02 -8.4445147E+01  1.6621860E+01 -1.0670076E+00  5.6682094E+01  1.4958611E+05  0.0000000E+00  5.9432416E+06
  3.5323639E-02 -8.4357946E+01  1.6710108E+01 -1.0680541E+00  5.6593804E+01  1.4832666E+05  0.0000000E+00  5.8673663E+06
  3.5560442E-02 -8.4270356E+01  1.6798766E+01 -1.0691216E+00  5.6509104E+01  1.4706223E+05  0.0000000E+00  5.7913946E+06
  3.5798827E-02 -8.4182376E+01  1.6887835E+01 -1.0702117E+00  5.6428126E+01  1.4579313E+05  0.0000000E+00  5.7153419E+06
  3.6038803E-02 -8.4094007E+01  1.6977319E+01 -1.0713264E+00  5.6350998E+01  1.4451966E+05  0.0000000E+00  5.6392244E+06
  3.6280383E-02 -8.4005249E+01  1.7067219E+01 -1.0724676E+00  5.6277849E+01  1.4324215E+05  0.0000000E+00  5.5630587E+06
  3.6523575E-02 -8.3916102E+01  1.7157536E+01 -1.0736372E+00  5.6208805E+01  1.4196091E+05  0.0000000E+00  5.4868621E+06
  3.6768392E-02 -8.3826565E+01  1.7248272E+01 -1.0748373E+00  5.6143992E+01  1.4067625E+05  0.0000000E+00  5.4106524E+06
  3.7014845E-02 -8.3736641E+01  1.7339429E+01 -1.0760699E+00  5.6083533E+01  1.3938849E+05  0.0000000E+00  5.3344480E+06
  3.7262943E-02 -8.3646328E+01  1.7431010E+01 -1.0773373E+00  5.6027551E+01  1.3809797E+05  0.0000000E+00  5.2582678E+06
  3.7512698E-02 -8.3555627E+01  1.7523015E+01 -1.0786415E+00  5.5976165E+01  1.3680499E+05  0.0000000E+00  5.1821312E+06
  3.7764121E-02 -8.3464539E+01  1.7615446E+01 -1.0799849E+00  5.5929495E+01  1.3550988E+05  0.0000000E+00  5.1060583E+06
  3.8017223E-02 -8.3373064E+01  1.7708306E+01 -1.0813697E+00  5.5887656E+01  1.3421296E+05  0.0000000E+00  5.0300693E+06
  3.8272015E-02 -8.3281203E+01  1.7801595E+01 -1.0827983E+00  5.5850764E+01  1.3291456E+05  0.0000000E+00  4.9541851E+06
  3.8528510E-02 -8.3188956E+01  1.7895317E+01 -1.0842731E+00  5.5818929E+01  1.3161501E+05  0.0000000E+00  4.8784271E+06
  3.8786717E-02 -8.3096325E+01  1.7989471E+01 -1.0857966E+00  5.5792262E+01  1.3031463E+05  0.0000000E+00  4.8028170E+06
  3.9046649E-02 -8.3003310E+01  1.8084061E+01 -1.0873711E+00  5.5770871E+01  1.2901374E+05  0.0000000E+00  4.7273766E+06
  3.9308316E-02 -8.2909911E+01  1.8179088E+01 -1.0889992E+00  5.5754859E+01  1.2771268E+05  0.0000000E+00  4.6521285E+06
  3.9571732E-02 -8.2816131E+01  1.8274553E+01 -1.0906834E+00  5.5744329E+01  1.2641176E+05  0.0000000E+00  4.5770954E+06
  3.9836906E-02 -8.2721968E+01  1.8370458E+01 -1.0924262E+00  5.5739379E+01  1.2511132E+05  0.0000000E+00  4.5023000E+06
  4.0103852E-02 -8.2627426E+01  1.8466805E+01 -1.0942302E+00  5.5740106E+01  1.2381168E+05  0.0000000E+00  4.4277657E+06
  4.0372580E-02 -8.2532503E+01  1.8563595E+01 -1.0960980E+00  5.5746604E+01  1.2251317E+05  0.0000000E+00  4.3535158E+06
  4.0643103E-02 -8.2437202E+01  1.8660830E+01 -1.0980320E+00  5.5758961E+01  1.2121611E+05  0.0000000E+00  4.2795737E+06
  4.0915433E-02 -8.2341523E+01  1.8758512E+01 -1.1000349E+00  5.5777264E+01  1.1992083E+05  0.0000000E+00  4.2059630E+06
  4.1189582E-02 -8.2245467E+01  1.8856642E+01 -1.1021091E+00  5.5801597E+01  1.1862764E+05  0.0000000E+00  4.1327075E+06
  4.1465561E-02 -8.2149035E+01  1.8955222E+01 -1.1042572E+00  5.5832038E+01  1.1733687E+05  0.0000000E+00  4.0598307E+06
  4.1743384E-02 -8.2052229E+01  1.9054253E+01 -1.1064816E+00  5.5868664E+01  1.1604884E+05  0.0000000E+00  3.9873563E+06
  4.2023062E-02 -8.1955048E+01  1.9153736E+01 -1.1087846E+00  5.5911547E+01  1.1476387E+05  0.0000000E+00  3.9153078E+06
  4.2304609E-02 -8.1857495E+01  1.9253674E+01 -1.1111688E+00  5.5960756E+01  1.1348228E+05  0.0000000E+00  3.8437087E+06
  4.2588035E-02 -8.1759569E+01  1.9354068E+01 -1.1136363E+00  5.6016353E+01  1.1220437E+05  0.0000000E+00  3.7725821E+06
  4.2873354E-02 -8.1661271E+01  1.9454918E+01 -1.1161894E+00  5.6078399E+01  1.1093046E+05  0.0000000E+00  3.7019513E+06
  4.3160579E-02 -8.1562603E+01  1.9556227E+01 -1.1188302E+00  5.6146950E+01  1.0966087E+05  0.0000000E+00  3.6318388E+06
  4.3449723E-02 -8.1463565E+01  1.9657996E+01 -1.1215609E+00  5.6222058E+01  1.0839590E+05  0.0000000E+00  3.5622671E+06
  4.3740797E-02 -8.1364158E+01  1.9760226E+01 -1.1243833E+00  5.6303768E+01  1.0713585E+05  0.0000000E+00  3.4932584E+06
  4.4033815E-02 -8.1264381E+01  1.9862918E+01 -1.1272993E+00  5.6392124E+01  1.0588104E+05  0.0000000E+00  3.4248342E+06
  4.4328790E-02 -8.1164237E+01  1.9966074E+01 -1.1303106E+00  5.6487164E+01  1.0463175E+05  0.0000000E+00  3.3570159E+06
  4.4625736E-02 -8.1063724E+01  2.0069695E+01 -1.1334189E+00  5.6588919E+01  1.0338828E+05  0.0000000E+00  3.2898241E+06
  4.4924664E-02 -8.0962843E+01  2.0173782E+01 -1.1366256E+00  5.6697419E+01  1.0215094E+05  0.0000000E+00  3.2232791E+06
  4.5225589E-02 -8.0861595E+01  2.0278337E+01 -1.1399321E+00  5.6812686E+01  1.0092000E+05  0.0000000E+00  3.1574004E+06
  4.5528524E-02 -8.0759980E+01  2.0383360E+01 -1.1433395E+00  5.6934738E+01  9.9695753E+04  0.0000000E+00  3.0922071E+06
  4.5833481E-02 -8.0657997E+01  2.0488852E+01 -1.1468490E+00  5.7063588E+01  9.8478483E+04  0.0000000E+00  3.0277174E+06
  4.6140476E-02 -8.0555646E+01  2.0594816E+01 -1.1504613E+00  5.7199244E+01  9.7268466E+04  0.0000000E+00  2.9639491E+06
  4.6449521E-02 -8.0452927E+01  2.0701250E+01 -1.1541772E+00  5.7341708E+01  9.6065978E+04  0.0000000E+00  2.9009189E+06
  4.6760630E-02 -8.0349839E+01  2.0808158E+01 -1.1579973E+00  5.7490975E+01  9.4871287E+04  0.0000000E+00  2.8386432E+06
  4.7073816E-02 -8.0246383E+01  2.0915539E+01 -1.1619219E+00  5.7647039E+01  9.3684658E+04  0.0000000E+00  2.7771371E+06
  4.7389095E-02 -8.0142556E+01  2.1023395E+01 -1.1659512E+00  5.7809884E+01  9.2506353E+04  0.0000000E+00  2.7164154E+06
  4.7706479E-02 -8.0038359E+01  2.1131726E+01 -1.1700852E+00  5.7979491E+01  9.1336627E+04  0.0000000E+00  2.6564916E+06
  4.8025982E-02 -7.9933790E+01  2.1240533E+01 -1.1743239E+00  5.8155833E+01  9.0175732E+04  0.0000000E+00  2.5973788E+06
  4.8347620E-02 -7.9828849E+01  2.1349818E+01 -1.1786667E+00  5.8338880E+01  8.9023912E+04  0.0000000E+00  2.5390887E+06
  4.8671405E-02 -7.9723534E+01  2.1459580E+01 -1.1831133E+00  5.8528593E+01  8.7881408E+04  0.0000000E+00  2.4816326E+06
  4.8997353E-02 -7.9617843E+01  2.1569820E+01 -1.1876628E+00  5.8724930E+01  8.6748456E+04  0.0000000E+00  2.4250206E+06
  4.9325478E-02 -7.9511775E+01  2.1680539E+01 -1.1923144E+00  5.8927842E+01  8.5625286E+04  0.0000000E+00  2.3692620E+06
  4.9655795E-02 -7.9405329E+01  2.1791738E+01 -1.1970670E+00  5.9137272E+01  8.4512122E+04  0.0000000E+00  2.3143651E+06
  4.9988317E-02 -7.9298502E+01  2.1903417E+01 -1.2019192E+00  5.9353161E+01  8.3409181E+04  0.0000000E+00  2.2603373E+06
  5.0323060E-02 -7.9191292E+01  2.2015577E+01 -1.2068698E+00  5.9575439E+01  8.2316676E+04  0.0000000E+00  2.2071852E+06
  5.0660039E-02 -7.9083699E+01  2.2128218E+01 -1.2119169E+00  5.9804034E+01  8.1234815E+04  0.0000000E+00  2.1549142E+06
  5.0999269E-02 -7.8975718E+01  2.2241341E+01 -1.2170589E+00  6.0038866E+01  8.0163796E+04  0.0000000E+00  2.1035291E+06
  5.1340764E-02 -7.8867349E+01  2.2354945E+01 -1.2222937E+00  6.0279850E+01  7.9103815E+04  0.0000000E+00  2.0530336E+06
  5.1684539E-02 -7.8758588E+01  2.2469031E+01 -1.2276193E+00  6.0526892E+01  7.8055058E+04  0.0000000E+00  2.0034304E+06
  5.2030611E-02 -7.8649433E+01  2.2583600E+01 -1.2330333E+00  6.0779895E+01  7.7017707E+04  0.0000000E+00  1.9547215E+06
  5.2378994E-02 -7.8539882E+01  2.2698651E+01 -1.2385333E+00  6.1038753E+01  7.5991937E+04  0.0000000E+00  1.9069080E+06
  5.2729704E-02 -7.8429932E+01  2.2814185E+01 -1.2441168E+00  6.1303357E+01  7.4977914E+04  0.0000000E+00  1.8599900E+06
  5.3082756E-02 -7.8319579E+01  2.2930202E+01 -1.2497811E+00  6.1573589E+01  7.3975802E+04  0.0000000E+00  1.8139669E+06
  5.3438165E-02 -7.8208822E+01  2.3046701E+01 -1.2555233E+00  6.1849325E+01  7.2985752E+04  0.0000000E+00  1.7688372E+06
  5.3795949E-02 -7.8097657E+01  2.3163684E+01 -1.2613406E+00  6.2130437E+01  7.2007914E+04  0.0000000E+00  1.7245985E+06
  5.4156122E-02 -7.7986082E+01  2.3281148E+01 -1.2672300E+00  6.2416788E+01  7.1042427E+04  0.0000000E+00  1.6812478E+06
  5.4518700E-02 -7.7874093E+01  2.3399096E+01 -1.2731883E+00  6.2708237E+01  7.0089424E+04  0.0000000E+00  1.6387814E+06
  5.4883701E-02 -7.7761687E+01  2.3517525E+01 -1.2792124E+00  6.3004636E+01  6.9149031E+04  0.0000000E+00  1.5971945E+06
  5.5251138E-02 -7.7648862E+01  2.3636437E+01 -1.2852991E+00  6.3305831E+01  6.8221367E+04  0.0000000E+00  1.5564820E+06
  5.5621030E-02 -7.7535615E+01  2.3755830E+01 -1.2914451E+00  6.3611661E+01  6.7306542E+04  0.0000000E+00  1.5166380E+06
  5.5993392E-02 -7.7421942E+01  2.3875705E+01 -1.2976471E+00  6.3921961E+01  6.6404662E+04  0.0000000E+00  1.4776558E+06
  5.6368241E-02 -7.7307842E+01  2.3996060E+01 -1.3039017E+00  6.4236558E+01  6.5515822E+04  0.0000000E+00  1.4395284E+06
  5.6745593E-02 -7.7193310E+01  2.4116896E+01 -1.3102057E+00  6.4555275E+01  6.4640112E+04  0.0000000E+00  1.4022479E+06
  5.7125466E-02 -7.7078344E+01  2.4238211E+01 -1.3165556E+00  6.4877928E+01  6.3777612E+04  0.0000000E+00  1.3658060E+06
  5.7507876E-02 -7.6962942E+01  2.4360006E+01 -1.3229481E+00  6.5204328E+01  6.2928397E+04  0.0000000E+00  1.3301939E+06
  5.7892839E-02 -7.6847101E+01  2.4482279E+01 -1.3293799E+00  6.5534279E+01  6.2092534E+04  0.0000000E+00  1.2954023E+06
  5.8280374E-02 -7.6730818E+01  2.4605030E+01 -1.3358477E+00  6.5867582E+01  6.1270080E+04  0.0000000E+00  1.2614214E+06
  5.8670497E-02 -7.6614091E+01  2.4728258E+01 -1.3423482E+00  6.6204030E+01  6.0461088E+04  0.0000000E+00  1.2282411E+06
  5.9063225E-02 -7.6496917E+01  2.4851962E+01 -1.3488782E+00  6.6543413E+01  5.9665599E+04  0.0000000E+00  1.1958508E+06
  5.9458577E-02 -7.6379294E+01  2.4976141E+01 -1.3554345E+00  6.6885514E+01  5.8883651E+04  0.0000000E+00  1.1642396E+06
  5.9856568E-02 -7.6261220E+01  2.5100794E+01 -1.3620139E+00  6.7230111E+01  5.8115272E+04  0.0000000E+00  1.1333961E+06
  6.0257218E-02 -7.6142693E+01  2.5225920E+01 -1.3686133E+00  6.7576978E+01  5.7360480E+04  0.0000000E+00  1.1033090E+06
  6.0660544E-02 -7.6023711E+01  2.5351518E+01 -1.3752297E+00  6.7925884E+01  5.6619291E+04  0.0000000E+00  1.0739663E+06
  6.1066563E-02 -7.5904273E+01  2.5477588E+01 -1.3818602E+00  6.8276593E+01  5.5891708E+04  0.0000000E+00  1.0453559E+06
  6.1475294E-02 -7.5784375E+01  2.5604126E+01 -1.3885018E+00  6.8628865E+01  5.5177729E+04  0.0000000E+00  1.0174658E+06
  6.1886754E-02 -7.5664018E+01  2.5731134E+01 -1.3951516E+00  6.8982455E+01  5.4477344E+04  0.0000000E+00  9.9028331E+05
  6.2300963E-02 -7.5543199E+01  2.5858608E+01 -1.4018069E+00  6.9337114E+01  5.3790535E+04  0.0000000E+00  9.6379598E+05
  6.2717938E-02 -7.5421917E+01  2.5986548E+01 -1.4084648E+00  6.9692589E+01  5.3117278E+04  0.0000000E+00  9.3799107E+05
  6.3137698E-02 -7.5300171E+01  2.6114952E+01 -1.4151228E+00  7.0048624E+01  5.2457540E+04  0.0000000E+00  9.1285575E+05
  6.3560261E-02 -7.5177960E+01  2.6243818E+01 -1.4217782E+00  7.0404959E+01  5.1811279E+04  0.0000000E+00  8.8837715E+05
  6.3985646E-02 -7.5055282E+01  2.6373146E+01 -1.4284283E+00  7.0761329E+01  5.1178450E+04  0.0000000E+00  8.6454230E+05
  6.4413873E-02 -7.4932137E+01  2.6502933E+01 -1.4350708E+00  7.1117468E+01  5.0558997E+04  0.0000000E+00  8.4133825E+05
  6.4844959E-02 -7.4808524E+01  2.6633179E+01 -1.4417030E+00  7.1473105E+01  4.9952858E+04  0.0000000E+00  8.1875199E+05
  6.5278925E-02 -7.4684443E+01  2.6763880E+01 -1.4483226E+00  7.1827968E+01  4.9359964E+04  0.0000000E+00  7.9677055E+05
  6.5715788E-02 -7.4559892E+01  2.6895035E+01 -1.4549272E+00  7.2181781E+01  4.8780238E+04  0.0000000E+00  7.7538098E+05
  6.6155570E-02 -7.4434871E+01  2.7026643E+01 -1.4615145E+00  7.2534266E+01  4.8213597E+04  0.0000000E+00  7.5457037E+05
  6.6598288E-02 -7.4309380E+01  2.7158702E+01 -1.4680821E+00  7.2885144E+01  4.7659951E+04  0.0000000E+00  7.3432589E+05
  6.7043964E-02 -7.4183419E+01  2.7291209E+01 -1.4746277E+00  7.3234132E+01  4.7119202E+04  0.0000000E+00  7.1463476E+05
  6.7492615E-02 -7.4056986E+01  2.7424163E+01 -1.4811493E+00  7.3580948E+01  4.6591247E+04  0.0000000E+00  6.9548431E+05
  6.7944263E-02 -7.3930083E+01  2.7557562E+01 -1.4876445E+00  7.3925305E+01  4.6075975E+04  0.0000000E+00  6.7686199E+05
  6.8398928E-02 -7.3802708E+01  2.7691403E+01 -1.4941112E+00  7.4266919E+01  4.5573268E+04  0.0000000E+00  6.5875534E+05
  6.8856629E-02 -7.3674863E+01  2.7825684E+01 -1.5005473E+00  7.4605501E+01  4.5083004E+04  0.0000000E+00  6.4115206E+05
  6.9317387E-02 -7.3546546E+01  2.7960404E+01 -1.5069507E+00  7.4940765E+01  4.4605052E+04  0.0000000E+00  6.2403996E+05
  6.9781222E-02 -7.3417759E+01  2.8095560E+01 -1.5133193E+00  7.5272422E+01  4.4139276E+04  0.0000000E+00  6.0740703E+05
  7.0248155E-02 -7.3288501E+01  2.8231150E+01 -1.5196512E+00  7.5600184E+01  4.3685534E+04  0.0000000E+00  5.9124141E+05
  7.0718207E-02 -7.3158773E+01  2.8367172E+01 -1.5259442E+00  7.5923765E+01  4.3243678E+04  0.0000000E+00  5.7553140E+05
  7.1191397E-02 -7.3028574E+01  2.8503622E+01 -1.5321965E+00  7.6242875E+01  4.2813555E+04  0.0000000E+00  5.6026549E+05
  7.1667748E-02 -7.2897906E+01  2.8640500E+01 -1.5384061E+00  7.6557230E+01  4.2395004E+04  0.0000000E+00  5.4543234E+05
  7.2147281E-02 -7.2766769E+01  2.8777802E+01 -1.5445711E+00  7.6866543E+01  4.1987861E+04  0.0000000E+00  5.3102080E+05
  7.2630016E-02 -7.2635163E+01  2.8915526E+01 -1.5506895E+00  7.7170530E+01  4.1591956E+04  0.0000000E+00  5.1701992E+05
  7.3115975E-02 -7.2503089E+01  2.9053670E+01 -1.5567595E+00  7.7468910E+01  4.1207113E+04  0.0000000E+00  5.0341894E+05
  7.3605179E-02 -7.2370548E+01  2.9192231E+01 -1.5627794E+00  7.7761402E+01  4.0833151E+04  0.0000000E+00  4.9020730E+05
  7.4097651E-02 -7.2237540E+01  2.9331207E+01 -1.5687471E+00  7.8047727E+01  4.0469886E+04  0.0000000E+00  4.7737465E+05
  7.4593412E-02 -7.2104066E+01  2.9470595E+01 -1.5746611E+00  7.8327610E+01  4.0117127E+04  0.0000000E+00  4.6491082E+05
  7.5092484E-02 -7.1970127E+01  2.9610392E+01 -1.5805195E+00  7.8600779E+01  3.9774681E+04  0.0000000E+00  4.5280589E+05
  7.5594889E-02 -7.1835724E+01  2.9750597E+01 -1.5863206E+00  7.8866965E+01  3.9442347E+04  0.0000000E+00  4.4105011E+05
  7.6100649E-02 -7.1700857E+01  2.9891205E+01 -1.5920627E+00  7.9125902E+01  3.9119923E+04  0.0000000E+00  4.2963395E+05
  7.6609787E-02 -7.1565528E+01  3.0032216E+01 -1.5977440E+00  7.9377327E+01  3.8807202E+04  0.0000000E+00  4.1854810E+05
  7.7122326E-02 -7.1429737E+01  3.0173626E+01 -1.6033631E+00  7.9620984E+01  3.8503974E+04  0.0000000E+00  4.0778344E+05
  7.7638287E-02 -7.1293486E+01  3.0315432E+01 -1.6089182E+00  7.9856619E+01  3.8210024E+04  0.0000000E+00  3.9733107E+05
  7.8157695E-02 -7.1156775E+01  3.0457633E+01 -1.6144077E+00  8.0083984E+01  3.7925134E+04  0.0000000E+00  3.8718230E+05
  7.8680571E-02 -7.1019606E+01  3.0600224E+01 -1.6198301E+00  8.0302835E+01  3.7649083E+04  0.0000000E+00  3.7732863E+05
  7.9206940E-02 -7.0881979E+01  3.0743205E+01 -1.6251838E+00  8.0512935E+01  3.7381647E+04  0.0000000E+00  3.6776178E+05
  7.9736824E-02 -7.0743896E+01  3.0886571E+01 -1.6304673E+00  8.0714053E+01  3.7122601E+04  0.0000000E+00  3.5847366E+05
  8.0270247E-02 -7.0605358E+01  3.1030321E+01 -1.6356791E+00  8.0905961E+01  3.6871713E+04  0.0000000E+00  3.4945640E+05
  8.0807232E-02 -7.0466367E+01  3.1174451E+01 -1.6408178E+00  8.1088441E+01  3.6628752E+04  0.0000000E+00  3.4070229E+05
  8.1347804E-02 -7.0326922E+01  3.1318960E+01 -1.6458819E+00  8.1261281E+01  3.6393485E+04  0.0000000E+00  3.3220386E+05
  8.1891986E-02 -7.0187026E+01  3.1463844E+01 -1.6508700E+00  8.1424273E+01  3.6165676E+04  0.0000000E+00  3.2395378E+05
  8.2439802E-02 -7.0046680E+01  3.1609100E+01 -1.6557807E+00  8.1577221E+01  3.5945086E+04  0.0000000E+00  3.1594497E+05
  8.2991277E-02 -6.9905885E+01  3.1754727E+01 -1.6606127E+00  8.1719932E+01  3.5731476E+04  0.0000000E+00  3.0817048E+05
  8.3546436E-02 -6.9764643E+01  3.1900722E+01 -1.6653646E+00  8.1852225E+01  3.5524606E+04  0.0000000E+00  3.0062356E+05
  8.4105301E-02 -6.9622953E+01  3.2047082E+01 -1.6700352E+00  8.1973925E+01  3.5324234E+04  0.0000000E+00  2.9329766E+05
  8.4667900E-02 -6.9480819E+01  3.2193804E+01 -1.6746231E+00  8.2084866E+01  3.5130116E+04  0.0000000E+00  2.8618638E+05
  8.5234256E-02 -6.9338241E+01  3.2340886E+01 -1.6791272E+00  8.2184891E+01  3.4942010E+04  0.0000000E+00  2.7928350E+05
  8.5804394E-02 -6.9195220E+01  3.2488326E+01 -1.6835462E+00  8.2273850E+01  3.4759671E+04  0.0000000E+00  2.7258297E+05
  8.6378340E-02 -6.9051758E+01  3.2636121E+01 -1.6878790E+00  8.2351607E+01  3.4582855E+04  0.0000000E+00  2.6607889E+05
  8.6956119E-02 -6.8907855E+01  3.2784269E+01 -1.6921243E+00  8.2418031E+01  3.4411318E+04  0.0000000E+00  2.5976554E+05
  8.7537757E-02 -6.8763514E+01  3.2932767E+01 -1.6962811E+00  8.2473002E+01  3.4244814E+04  0.0000000E+00  2.5363735E+05
  8.8123279E-02 -6.8618736E+01  3.3081613E+01 -1.7003484E+00  8.2516413E+01  3.4083101E+04  0.0000000E+00  2.4768889E+05
  8.8712712E-02 -6.8473521E+01  3.3230804E+01 -1.7043250E+00  8.2548164E+01  3.3925934E+04  0.0000000E+00  2.4191490E+05
  8.9306082E-02 -6.8327871E+01  3.3380339E+01 -1.7082099E+00  8.2568166E+01  3.3773071E+04  0.0000000E+00  2.3631024E+05
  8.9903414E-02 -6.8181788E+01  3.3530215E+01 -1.7120021E+00  8.2576342E+01  3.3624271E+04  0.0000000E+00  2.3086994E+05
  9.0504736E-02 -6.8035271E+01  3.3680429E+01 -1.7157008E+00  8.2572627E+01  3.3479291E+04  0.0000000E+00  2.2558913E+05
  9.1110074E-02 -6.7888324E+01  3.3830981E+01 -1.7193050E+00  8.2556964E+01  3.3337894E+04  0.0000000E+00  2.2046312E+05
  9.1719455E-02 -6.7740946E+01  3.3981867E+01 -1.7228138E+00  8.2529310E+01  3.3199842E+04  0.0000000E+00  2.1548730E+05
  9.2332906E-02 -6.7593140E+01  3.4133087E+01 -1.7262264E+00  8.2489633E+01  3.3064898E+04  0.0000000E+00  2.1065722E+05
  9.2950453E-02 -6.7444906E+01  3.4284637E+01 -1.7295421E+00  8.2437912E+01  3.2932828E+04  0.0000000E+00  2.0596855E+05
  9.3572125E-02 -6.7296245E+01  3.4436515E+01 -1.7327600E+00  8.2374140E+01  3.2803402E+04  0.0000000E+00  2.0141706E+05
  9.4197949E-02 -6.7147158E+01  3.4588721E+01 -1.7358795E+00  8.2298320E+01  3.2676390E+04  0.0000000E+00  1.9699866E+05
  9.4827953E-02 -6.6997647E+01  3.4741253E+01 -1.7389000E+00  8.2210467E+01  3.2551564E+04  0.0000000E+00  1.9270934E+05
  9.5462164E-02 -6.6847713E+01  3.4894107E+01 -1.7418207E+00  8.2110611E+01  3.2428701E+04  0.0000000E+00  1.8854522E+05
  9.6100610E-02 -6.6697357E+01  3.5047284E+01 -1.7446413E+00  8.1998792E+01  3.2307579E+04  0.0000000E+00  1.8450253E+05
  9.6743321E-02 -6.6546580E+01  3.5200782E+01 -1.7473611E+00  8.1875064E+01  3.2187981E+04  0.0000000E+00  1.8057759E+05
  9.7390324E-02 -6.6395382E+01  3.5354598E+01 -1.7499797E+00  8.1739492E+01  3.2069692E+04  0.0000000E+00  1.7676681E+05
  9.8041649E-02 -6.6243765E+01  3.5508732E+01 -1.7524968E+00  8.1592156E+01  3.1952500E+04  0.0000000E+00  1.7306671E+05
  9.8697323E-02 -6.6091730E+01  3.5663182E+01 -1.7549119E+00  8.1433147E+01  3.1836198E+04  0.0000000E+00  1.6947391E+05
  9.9357376E-02 -6.5939278E+01  3.5817947E+01 -1.7572249E+00  8.1262570E+01  3.1720583E+04  0.0000000E+00  1.6598510E+05
  1.0002184E-01 -6.5786410E+01  3.5973026E+01 -1.7594355E+00  8.1080542E+01  3.1605453E+04  0.0000000E+00  1.6259705E+05
  1.0069074E-01 -6.5633126E+01  3.6128417E+01 -1.7615435E+00  8.0887192E+01  3.1490614E+04  0.0000000E+00  1.5930665E+05
  1.0136410E-01 -6.5479428E+01  3.6284121E+01 -1.7635488E+00  8.0682665E+01  3.1375874E+04  0.0000000E+00  1.5611082E+05
  1.0204197E-01 -6.5325317E+01  3.6440135E+01 -1.7654516E+00  8.0467115E+01  3.1261046E+04  0.0000000E+00  1.5300662E+05
  1.0272436E-01 -6.5170793E+01  3.6596459E+01 -1.7672517E+00  8.0240712E+01  3.1145948E+04  0.0000000E+00  1.4999112E+05
  1.0341131E-01 -6.5015857E+01  3.6753092E+01 -1.7689493E+00  8.0003637E+01  3.1030401E+04  0.0000000E+00  1.4706150E+05
  1.0410284E-01 -6.4860510E+01  3.6910035E+01 -1.7705447E+00  7.9756084E+01  3.0914234E+04  0.0000000E+00  1.4421502E+05
  1.0479900E-01 -6.4704753E+01  3.7067285E+01 -1.7720380E+00  7.9498259E+01  3.0797277E+04  0.0000000E+00  1.4144898E+05
  1.0549980E-01 -6.4548587E+01  3.7224842E+01 -1.7734298E+00  7.9230382E+01  3.0679370E+04  0.0000000E+00  1.3876076E+05
  1.0620529E-01 -6.4392013E+01  3.7382707E+01 -1.7747203E+00  7.8952683E+01  3.0560353E+04  0.0000000E+00  1.3614781E+05
  1.0691548E-01 -6.4235031E+01  3.7540879E+01 -1.7759102E+00  7.8665407E+01  3.0440075E+04  0.0000000E+00  1.3360763E+05
  1.0763042E-01 -6.4077642E+01  3.7699358E+01 -1.7770001E+00  7.8368809E+01  3.0318388E+04  0.0000000E+00  1.3113777E+05
  1.0835014E-01 -6.3919848E+01  3.7858143E+01 -1.7779907E+00  7.8063157E+01  3.0195153E+04  0.0000000E+00  1.2873588E+05
  1.0907466E-01 -6.3761648E+01  3.8017235E+01 -1.7788827E+00  7.7748729E+01  3.0070232E+04  0.0000000E+00  1.2639961E+05
  1.0980402E-01 -6.3603044E+01  3.8176633E+01 -1.7796771E+00  7.7425817E+01  2.9943497E+04  0.0000000E+00  1.2412672E+05
  1.1053825E-01 -6.3444036E+01  3.8336339E+01 -1.7803749E+00  7.7094721E+01  2.9814824E+04  0.0000000E+00  1.2191497E+05
  1.1127738E-01 -6.3284626E+01  3.8496351E+01 -1.7809772E+00  7.6755756E+01  2.9684093E+04  0.0000000E+00  1.1976222E+05
  1.1202145E-01 -6.3124814E+01  3.8656671E+01 -1.7814853E+00  7.6409243E+01  2.9551193E+04  0.0000000E+00  1.1766634E+05
  1.1277049E-01 -6.2964602E+01  3.8817299E+01 -1.7819003E+00  7.6055518E+01  2.9416018E+04  0.0000000E+00  1.1562527E+05
  1.1352454E-01 -6.2803989E+01  3.8978235E+01 -1.7822238E+00  7.5694923E+01  2.9278468E+04  0.0000000E+00  1.1363700E+05
  1.1428362E-01 -6.2642977E+01  3.9139480E+01 -1.7824573E+00  7.5327814E+01  2.9138448E+04  0.0000000E+00  1.1169954E+05
  1.1504776E-01 -6.2481568E+01  3.9301035E+01 -1.7826025E+00  7.4954552E+01  2.8995872E+04  0.0000000E+00  1.0981099E+05
  1.1581702E-01 -6.2319761E+01  3.9462900E+01 -1.7826611E+00  7.4575510E+01  2.8850656E+04  0.0000000E+00  1.0796944E+05
  1.1659141E-01 -6.2157558E+01  3.9625077E+01 -1.7826350E+00  7.4191069E+01  2.8702727E+04  0.0000000E+00  1.0617306E+05
  1.1737097E-01 -6.1994961E+01  3.9787566E+01 -1.7825263E+00  7.3801618E+01  2.8552014E+04  0.0000000E+00  1.0442006E+05
  1.1815573E-01 -6.1831969E+01  3.9950368E+01 -1.7823372E+00  7.3407555E+01  2.8398455E+04  0.0000000E+00  1.0270867E+05
  1.1894574E-01 -6.1668585E+01  4.0113485E+01 -1.7820698E+00  7.3009283E+01  2.8241993E+04  0.0000000E+00  1.0103718E+05
  1.1974103E-01 -6.1504810E+01  4.0276917E+01 -1.7817267E+00  7.2607216E+01  2.8082579E+04  0.0000000E+00  9.9403906E+04
  1.2054163E-01 -6.1340645E+01  4.0440666E+01 -1.7813104E+00  7.2201771E+01  2.7920167E+04  0.0000000E+00  9.7807219E+04
  1.2134757E-01 -6.1176091E+01  4.0604733E+01 -1.7808236E+00  7.1793372E+01  2.7754720E+04  0.0000000E+00  9.6245516E+04
  1.2215890E-01 -6.1011150E+01  4.0769119E+01 -1.7802691E+00  7.1382450E+01  2.7586207E+04  0.0000000E+00  9.4717237E+04
  1.2297564E-01 -6.0845823E+01  4.0933827E+01 -1.7796499E+00  7.0969440E+01  2.7414602E+04  0.0000000E+00  9.3220861E+04
  1.2379784E-01 -6.0680113E+01  4.1098856E+01 -1.7789692E+00  7.0554781E+01  2.7239886E+04  0.0000000E+00  9.1754904E+04
  1.2462553E-01 -6.0514020E+01  4.1264210E+01 -1.7782303E+00  7.0138919E+01  2.7062046E+04  0.0000000E+00  9.0317919E+04
  1.2545875E-01 -6.0347548E+01  4.1429889E+01 -1.7774366E+00  6.9722299E+01  2.6881074E+04  0.0000000E+00  8.8908501E+04
  1.2629753E-01 -6.0180697E+01  4.1595895E+01 -1.7765918E+00  6.9305373E+01  2.6696971E+04  0.0000000E+00  8.7525278E+04
  1.2714192E-01 -6.0013469E+01  4.1762230E+01 -1.7756996E+00  6.8888594E+01  2.6509740E+04  0.0000000E+00  8.6166920E+04
  1.2799194E-01 -5.9845868E+01  4.1928896E+01 -1.7747640E+00  6.8472416E+01  2.6319393E+04  0.0000000E+00  8.4832134E+04
  1.2884764E-01 -5.9677895E+01  4.2095894E+01 -1.7737891E+00  6.8057296E+01  2.6125946E+04  0.0000000E+00  8.3519665E+04
  1.2970906E-01 -5.9509554E+01  4.2263226E+01 -1.7727793E+00  6.7643691E+01  2.5929422E+04  0.0000000E+00  8.2228300E+04
  1.3057623E-01 -5.9340846E+01  4.2430893E+01 -1.7717391E+00  6.7232057E+01  2.5729849E+04  0.0000000E+00  8.0956861E+04
  1.3144919E-01 -5.9171774E+01  4.2598899E+01 -1.7706731E+00  6.6822850E+01  2.5527260E+04  0.0000000E+00  7.9704215E+04
  1.3232798E-01 -5.9002343E+01  4.2767243E+01 -1.7695863E+00  6.6416527E+01  2.5321694E+04  0.0000000E+00  7.8469266E+04
  1.3321264E-01 -5.8832554E+01  4.2935930E+01 -1.7684839E+00  6.6013541E+01  2.5113195E+04  0.0000000E+00  7.7250960E+04
  1.3410321E-01 -5.8662412E+01  4.3104959E+01 -1.7673711E+00  6.5614343E+01  2.4901814E+04  0.0000000E+00  7.6048285E+04
  1.3499973E-01 -5.8491920E+01  4.3274333E+01 -1.7662535E+00  6.5219381E+01  2.4687604E+04  0.0000000E+00  7.4860273E+04
  1.3590223E-01 -5.8321083E+01  4.3444054E+01 -1.7651369E+00  6.4829100E+01  2.4470625E+04  0.0000000E+00  7.3685996E+04
  1.3681076E-01 -5.8149903E+01  4.3614124E+01 -1.7640274E+00  6.4443939E+01  2.4250942E+04  0.0000000E+00  7.2524572E+04
  1.3772536E-01 -5.7978387E+01  4.3784544E+01 -1.7629311E+00  6.4064334E+01  2.4028624E+04  0.0000000E+00  7.1375164E+04
  1.3864607E-01 -5.7806538E+01  4.3955316E+01 -1.7618548E+00  6.3690716E+01  2.3803743E+04  0.0000000E+00  7.0236977E+04
  1.3957293E-01 -5.7634362E+01  4.4126443E+01 -1.7608050E+00  6.3323506E+01  2.3576378E+04  0.0000000E+00  6.9109267E+04
  1.4050597E-01 -5.7461865E+01  4.4297924E+01 -1.7597890E+00  6.2963123E+01  2.3346612E+04  0.0000000E+00  6.7991332E+04
  1.4144525E-01 -5.7289051E+01  4.4469763E+01 -1.7588141E+00  6.2609975E+01  2.3114531E+04  0.0000000E+00  6.6882520E+04
  1.4239080E-01 -5.7115927E+01  4.4641961E+01 -1.7578878E+00  6.2264462E+01  2.2880224E+04  0.0000000E+00  6.5782226E+04
  1.4334267E-01 -5.6942499E+01  4.4814519E+01 -1.7570182E+00  6.1926978E+01  2.2643786E+04  0.0000000E+00  6.4689893E+04
  1.4430089E-01 -5.6768775E+01  4.4987438E+01 -1.7562135E+00  6.1597906E+01  2.2405314E+04  0.0000000E+00  6.3605012E+04
  1.4526552E-01 -5.6594761E+01  4.5160721E+01 -1.7554822E+00  6.1277616E+01  2.2164909E+04  0.0000000E+00  6.2527127E+04
  1.4623658E-01 -5.6420465E+01  4.5334368E+01 -1.7548330E+00  6.0966473E+01  2.1922676E+04  0.0000000E+00  6.1455826E+04
  1.4721413E-01 -5.6245894E+01  4.5508381E+01 -1.7542752E+00  6.0664827E+01  2.1678720E+04  0.0000000E+00  6.0390750E+04
  1.4819821E-01 -5.6071057E+01  4.5682761E+01 -1.7538181E+00  6.0373016E+01  2.1433153E+04  0.0000000E+00  5.9331588E+04
  1.4918886E-01 -5.5895964E+01  4.5857508E+01 -1.7534714E+00  6.0091368E+01  2.1186087E+04  0.0000000E+00  5.8278079E+04
  1.5018613E-01 -5.5720622E+01  4.6032623E+01 -1.7532450E+00  5.9820196E+01  2.0937637E+04  0.0000000E+00  5.7230011E+04
  1.5119006E-01 -5.5545041E+01  4.6208108E+01 -1.7531492E+00  5.9559800E+01  2.0687921E+04  0.0000000E+00  5.6187219E+04
  1.5220069E-01 -5.5369231E+01  4.6383963E+01 -1.7531944E+00  5.9310466E+01  2.0437057E+04  0.0000000E+00  5.5149588E+04
  1.5321808E-01 -5.5193203E+01  4.6560188E+01 -1.7533912E+00  5.9072465E+01  2.0185167E+04  0.0000000E+00  5.4117048E+04
  1.5424226E-01 -5.5016966E+01  4.6736785E+01 -1.7537504E+00  5.8846053E+01  1.9932374E+04  0.0000000E+00  5.3089575E+04
  1.5527327E-01 -5.4840531E+01  4.6913752E+01 -1.7542830E+00  5.8631470E+01  1.9678802E+04  0.0000000E+00  5.2067191E+04
  1.5631118E-01 -5.4663910E+01  4.7091090E+01 -1.7549999E+00  5.8428940E+01  1.9424577E+04  0.0000000E+00  5.1049960E+04
  1.5735601E-01 -5.4487113E+01  4.7268799E+01 -1.7559123E+00  5.8238671E+01  1.9169826E+04  0.0000000E+00  5.0037988E+04
  1.5840783E-01 -5.4310152E+01  4.7446879E+01 -1.7570312E+00  5.8060854E+01  1.8914677E+04  0.0000000E+00  4.9031420E+04
  1.5946667E-01 -5.4133039E+01  4.7625329E+01 -1.7583675E+00  5.7895660E+01  1.8659256E+04  0.0000000E+00  4.8030438E+04
  1.6053257E-01 -5.3955784E+01  4.7804148E+01 -1.7599320E+00  5.7743246E+01  1.8403694E+04  0.0000000E+00  4.7035261E+04
  1.6160560E-01 -5.3778399E+01  4.7983336E+01 -1.7617353E+00  5.7603746E+01  1.8148119E+04  0.0000000E+00  4.6046141E+04
  1.6268580E-01 -5.3600895E+01  4.8162892E+01 -1.7637875E+00  5.7477280E+01  1.7892660E+04  0.0000000E+00  4.5063358E+04
  1.6377321E-01 -5.3423284E+01  4.8342815E+01 -1.7660984E+00  5.7363946E+01  1.7637445E+04  0.0000000E+00  4.4087222E+04
  1.6486788E-01 -5.3245575E+01  4.8523102E+01 -1.7686772E+00  5.7263824E+01  1.7382603E+04  0.0000000E+00  4.3118067E+04
  1.6596986E-01 -5.3067780E+01  4.8703753E+01 -1.7715326E+00  5.7176973E+01  1.7128263E+04  0.0000000E+00  4.2156249E+04
  1.6707921E-01 -5.2889908E+01  4.8884764E+01 -1.7746725E+00  5.7103433E+01  1.6874551E+04  0.0000000E+00  4.1202143E+04
  1.6819596E-01 -5.2711968E+01  4.9066136E+01 -1.7781037E+00  5.7043225E+01  1.6621592E+04  0.0000000E+00  4.0256138E+04
  1.6932017E-01 -5.2533969E+01  4.9247864E+01 -1.7818322E+00  5.6996347E+01  1.6369514E+04  0.0000000E+00  3.9318638E+04
  1.7045188E-01 -5.2355917E+01  4.9429946E+01 -1.7858631E+00  5.6962780E+01  1.6118438E+04  0.0000000E+00  3.8390054E+04
  1.7159116E-01 -5.2177820E+01  4.9612380E+01 -1.7901999E+00  5.6942480E+01  1.5868487E+04  0.0000000E+00  3.7470805E+04
  1.7273805E-01 -5.1999683E+01  4.9795162E+01 -1.7948451E+00  5.6935386E+01  1.5619783E+04  0.0000000E+00  3.6561312E+04
  1.7389259E-01 -5.1821511E+01  4.9978289E+01 -1.7997995E+00  5.6941415E+01  1.5372443E+04  0.0000000E+00  3.5661996E+04
  1.7505485E-01 -5.1643305E+01  5.0161757E+01 -1.8050627E+00  5.6960462E+01  1.5126584E+04  0.0000000E+00  3.4773274E+04
  1.7622486E-01 -5.1465070E+01  5.0345563E+01 -1.8106324E+00  5.6992404E+01  1.4882321E+04  0.0000000E+00  3.3895558E+04
  1.7740270E-01 -5.1286803E+01  5.0529702E+01 -1.8165050E+00  5.7037093E+01  1.4639767E+04  0.0000000E+00  3.3029251E+04
  1.7858839E-01 -5.1108506E+01  5.0714170E+01 -1.8226751E+00  5.7094363E+01  1.4399030E+04  0.0000000E+00  3.2174743E+04
  1.7978201E-01 -5.0930174E+01  5.0898961E+01 -1.8291357E+00  5.7164027E+01  1.4160219E+04  0.0000000E+00  3.1332412E+04
  1.8098360E-01 -5.0751806E+01  5.1084072E+01 -1.8358782E+00  5.7245877E+01  1.3923436E+04  0.0000000E+00  3.0502617E+04
  1.8219321E-01 -5.0573396E+01  5.1269497E+01 -1.8428924E+00  5.7339684E+01  1.3688785E+04  0.0000000E+00  2.9685702E+04
  1.8341091E-01 -5.0394938E+01  5.1455229E+01 -1.8501668E+00  5.7445199E+01  1.3456363E+04  0.0000000E+00  2.8881985E+04
  1.8463673E-01 -5.0216425E+01  5.1641264E+01 -1.8576886E+00  5.7562154E+01  1.3226265E+04  0.0000000E+00  2.8091769E+04
  1.8587074E-01 -5.0037849E+01  5.1827595E+01 -1.8654438E+00  5.7690260E+01  1.2998585E+04  0.0000000E+00  2.7315326E+04
  1.8711300E-01 -4.9859201E+01  5.2014216E+01 -1.8734174E+00  5.7829208E+01  1.2773409E+04  0.0000000E+00  2.6552909E+04
  1.8836355E-01 -4.9680474E+01  5.2201120E+01 -1.8815937E+00  5.7978672E+01  1.2550825E+04  0.0000000E+00  2.5804742E+04
  1.8962245E-01 -4.9501658E+01  5.2388299E+01 -1.8899566E+00  5.8138305E+01  1.2330912E+04  0.0000000E+00  2.5071023E+04
  1.9088976E-01 -4.9322743E+01  5.2575747E+01 -1.8984896E+00  5.8307743E+01  1.2113750E+04  0.0000000E+00  2.4351923E+04
  1.9216553E-01 -4.9143720E+01  5.2763456E+01 -1.9071760E+00  5.8486602E+01  1.1899413E+04  0.0000000E+00  2.3647585E+04
  1.9344983E-01 -4.8964582E+01  5.2951418E+01 -1.9159996E+00  5.8674483E+01  1.1687970E+04  0.0000000E+00  2.2958123E+04
  1.9474270E-01 -4.8785320E+01  5.3139624E+01 -1.9249442E+00  5.8870968E+01  1.1479490E+04  0.0000000E+00  2.2283627E+04
  1.9604420E-01 -4.8605927E+01  5.3328067E+01 -1.9339945E+00  5.9075623E+01  1.1274034E+04  0.0000000E+00  2.1624155E+04
  1.9735440E-01 -4.8426398E+01  5.3516737E+01 -1.9431356E+00  5.9287999E+01  1.1071662E+04  0.0000000E+00  2.0979742E+04
  1.9867335E-01 -4.8246728E+01  5.3705626E+01 -1.9523536E+00  5.9507631E+01  1.0872427E+04  0.0000000E+00  2.0350394E+04
  2.0000111E-01 -4.8066912E+01  5.3894723E+01 -1.9616355E+00  5.9734038E+01  1.0676382E+04  0.0000000E+00  1.9736092E+04
  2.0133773E-01 -4.7886950E+01  5.4084020E+01 -1.9709694E+00  5.9966726E+01  1.0483572E+04  0.0000000E+00  1.9136792E+04
  2.0268328E-01 -4.7706839E+01  5.4273506E+01 -1.9803442E+00  6.0205188E+01  1.0294040E+04  0.0000000E+00  1.8552427E+04
  2.0403782E-01 -4.7526579E+01  5.4463171E+01 -1.9897501E+00  6.0448903E+01  1.0107824E+04  0.0000000E+00  1.7982906E+04
  2.0540141E-01 -4.7346173E+01  5.4653005E+01 -1.9991779E+00  6.0697339E+01  9.9249592E+03  0.0000000E+00  1.7428118E+04
  2.0677410E-01 -4.7165624E+01  5.4842996E+01 -2.0086198E+00  6.0949951E+01  9.7454749E+03  0.0000000E+00  1.6887929E+04
  2.0815596E-01 -4.6984934E+01  5.5033135E+01 -2.0180684E+00  6.1206187E+01  9.5693972E+03  0.0000000E+00  1.6362189E+04
  2.0954705E-01 -4.6804108E+01  5.5223409E+01 -2.0275173E+00  6.1465481E+01  9.3967480E+03  0.0000000E+00  1.5850729E+04
  2.1094743E-01 -4.6623153E+01  5.5413807E+01 -2.0369607E+00  6.1727261E+01  9.2275449E+03  0.0000000E+00  1.5353363E+04
  2.1235716E-01 -4.6442075E+01  5.5604318E+01 -2.0463934E+00  6.1990945E+01  9.0618015E+03  0.0000000E+00  1.4869890E+04
  2.1377630E-01 -4.6260881E+01  5.5794929E+01 -2.0558105E+00  6.2255945E+01  8.8995274E+03  0.0000000E+00  1.4400097E+04
  2.1520493E-01 -4.6079579E+01  5.5985628E+01 -2.0652074E+00  6.2521667E+01  8.7407279E+03  0.0000000E+00  1.3943758E+04
  2.1664310E-01 -4.5898176E+01  5.6176404E+01 -2.0745799E+00  6.2787509E+01  8.5854045E+03  0.0000000E+00  1.3500634E+04
  2.1809087E-01 -4.5716682E+01  5.6367242E+01 -2.0839238E+00  6.3052868E+01  8.4335548E+03  0.0000000E+00  1.3070479E+04
  2.1954831E-01 -4.5535104E+01  5.6558131E+01 -2.0932349E+00  6.3317134E+01  8.2851723E+03  0.0000000E+00  1.2653038E+04
  2.2101548E-01 -4.5353452E+01  5.6749057E+01 -2.1025091E+00  6.3579696E+01  8.1402468E+03  0.0000000E+00  1.2248049E+04
  2.2249245E-01 -4.5171735E+01  5.6940007E+01 -2.1117419E+00  6.3839942E+01  7.9987643E+03  0.0000000E+00  1.1855243E+04
  2.2397929E-01 -4.4989960E+01  5.7130969E+01 -2.1209289E+00  6.4097256E+01  7.8607069E+03  0.0000000E+00  1.1474348E+04
  2.2547606E-01 -4.4808138E+01  5.7321927E+01 -2.1300655E+00  6.4351025E+01  7.7260534E+03  0.0000000E+00  1.1105087E+04
  2.2698282E-01 -4.4626277E+01  5.7512870E+01 -2.1391468E+00  6.4600636E+01  7.5947789E+03  0.0000000E+00  1.0747182E+04
  2.2849964E-01 -4.4444386E+01  5.7703782E+01 -2.1481675E+00  6.4845479E+01  7.4668549E+03  0.0000000E+00  1.0400350E+04
  2.3002660E-01 -4.4262472E+01  5.7894650E+01 -2.1571224E+00  6.5084945E+01  7.3422497E+03  0.0000000E+00  1.0064311E+04
  2.3156376E-01 -4.4080545E+01  5.8085461E+01 -2.1660057E+00  6.5318429E+01  7.2209284E+03  0.0000000E+00  9.7387834E+03
  2.3311118E-01 -4.3898612E+01  5.8276200E+01 -2.1748115E+00  6.5545335E+01  7.1028526E+03  0.0000000E+00  9.4234862E+03
  2.3466893E-01 -4.3716682E+01  5.8466852E+01 -2.1835338E+00  6.5765067E+01  6.9879811E+03  0.0000000E+00  9.1181403E+03
  2.3623709E-01 -4.3534762E+01  5.8657404E+01 -2.1921661E+00  6.5977039E+01  6.8762698E+03  0.0000000E+00  8.8224691E+03
  2.3781572E-01 -4.3352861E+01  5.8847841E+01 -2.2007020E+00  6.6180674E+01  6.7676716E+03  0.0000000E+00  8.5361984E+03
  2.3940490E-01 -4.3170986E+01  5.9038149E+01 -2.2091348E+00  6.6375401E+01  6.6621367E+03  0.0000000E+00  8.2590576E+03
  2.4100469E-01 -4.2989144E+01  5.9228314E+01 -2.2174576E+00  6.6560660E+01  6.5596127E+03  0.0000000E+00  7.9907797E+03
  2.4261516E-01 -4.2807343E+01  5.9418321E+01 -2.2256636E+00  6.6735902E+01  6.4600449E+03  0.0000000E+00  7.7311022E+03
  2.4423639E-01 -4.2625590E+01  5.9608156E+01 -2.2337458E+00  6.6900589E+01  6.3633760E+03  0.0000000E+00  7.4797669E+03
  2.4586845E-01 -4.2443893E+01  5.9797804E+01 -2.2416973E+00  6.7054195E+01  6.2695466E+03  0.0000000E+00  7.2365209E+03
  2.4751140E-01 -4.2262260E+01  5.9987251E+01 -2.2495111E+00  6.7196209E+01  6.1784953E+03  0.0000000E+00  7.0011162E+03
  2.4916533E-01 -4.2080696E+01  6.0176484E+01 -2.2571802E+00  6.7326132E+01  6.0901586E+03  0.0000000E+00  6.7733104E+03
  2.5083031E-01 -4.1899211E+01  6.0365487E+01 -2.2646977E+00  6.7443483E+01  6.0044713E+03  0.0000000E+00  6.5528666E+03
  2.5250640E-01 -4.1717811E+01  6.0554246E+01 -2.2720570E+00  6.7547793E+01  5.9213664E+03  0.0000000E+00  6.3395537E+03
  2.5419369E-01 -4.1536503E+01  6.0742749E+01 -2.2792512E+00  6.7638613E+01  5.8407756E+03  0.0000000E+00  6.1331466E+03
  2.5589225E-01 -4.1355294E+01  6.0930980E+01 -2.2862740E+00  6.7715511E+01  5.7626290E+03  0.0000000E+00  5.9334261E+03
  2.5760215E-01 -4.1174193E+01  6.1118925E+01 -2.2931188E+00  6.7778072E+01  5.6868554E+03  0.0000000E+00  5.7401789E+03
  2.5932347E-01 -4.0993207E+01  6.1306572E+01 -2.2997795E+00  6.7825900E+01  5.6133827E+03  0.0000000E+00  5.5531980E+03
  2.6105629E-01 -4.0812343E+01  6.1493907E+01 -2.3062500E+00  6.7858621E+01  5.5421377E+03  0.0000000E+00  5.3722822E+03
  2.6280068E-01 -4.0631608E+01  6.1680917E+01 -2.3125245E+00  6.7875879E+01  5.4730463E+03  0.0000000E+00  5.1972364E+03
  2.6455672E-01 -4.0451010E+01  6.1867587E+01 -2.3185974E+00  6.7877339E+01  5.4060339E+03  0.0000000E+00  5.0278715E+03
  2.6632449E-01 -4.0270556E+01  6.2053907E+01 -2.3244632E+00  6.7862689E+01  5.3410252E+03  0.0000000E+00  4.8640043E+03
  2.6810407E-01 -4.0090255E+01  6.2239862E+01 -2.3301166E+00  6.7831638E+01  5.2779445E+03  0.0000000E+00  4.7054575E+03
  2.6989553E-01 -3.9910112E+01  6.2425440E+01 -2.3355527E+00  6.7783920E+01  5.2167159E+03  0.0000000E+00  4.5520594E+03
  2.7169895E-01 -3.9730137E+01  6.2610630E+01 -2.3407667E+00  6.7719289E+01  5.1572632E+03  0.0000000E+00  4.4036440E+03
  2.7351442E-01 -3.9550335E+01  6.2795419E+01 -2.3457538E+00  6.7637526E+01  5.0995103E+03  0.0000000E+00  4.2600509E+03
  2.7534202E-01 -3.9370714E+01  6.2979796E+01 -2.3505099E+00  6.7538432E+01  5.0433812E+03  0.0000000E+00  4.1211250E+03
  2.7718182E-01 -3.9191282E+01  6.3163749E+01 -2.3550306E+00  6.7421837E+01  4.9888002E+03  0.0000000E+00  3.9867164E+03
  2.7903390E-01 -3.9012044E+01  6.3347268E+01 -2.3593121E+00  6.7287592E+01  4.9356919E+03  0.0000000E+00  3.8566806E+03
  2.8089836E-01 -3.8833009E+01  6.3530341E+01 -2.3633504E+00  6.7135577E+01  4.8839813E+03  0.0000000E+00  3.7308778E+03
  2.8277527E-01 -3.8654183E+01  6.3712959E+01 -2.3671421E+00  6.6965694E+01  4.8335943E+03  0.0000000E+00  3.6091731E+03
  2.8466471E-01 -3.8475573E+01  6.3895111E+01 -2.3706837E+00  6.6777873E+01  4.7844572E+03  0.0000000E+00  3.4914364E+03
  2.8656678E-01 -3.8297184E+01  6.4076788E+01 -2.3739720E+00  6.6572068E+01  4.7364973E+03  0.0000000E+00  3.3775420E+03
  2.8848154E-01 -3.8119023E+01  6.4257980E+01 -2.3770039E+00  6.6348261E+01  4.6896429E+03  0.0000000E+00  3.2673687E+03
  2.9040910E-01 -3.7941097E+01  6.4438680E+01 -2.3797767E+00  6.6106458E+01  4.6438233E+03  0.0000000E+00  3.1607995E+03
  2.9234952E-01 -3.7763410E+01  6.4618878E+01 -2.3822876E+00  6.5846693E+01  4.5989688E+03  0.0000000E+00  3.0577214E+03
  2.9430291E-01 -3.7585968E+01  6.4798566E+01 -2.3845340E+00  6.5569024E+01  4.5550113E+03  0.0000000E+00  2.9580254E+03
  2.9626934E-01 -3.7408777E+01  6.4977737E+01 -2.3865137E+00  6.5273537E+01  4.5118838E+03  0.0000000E+00  2.8616063E+03
  2.9824891E-01 -3.7231841E+01  6.5156384E+01 -2.3882244E+00  6.4960344E+01  4.4695207E+03  0.0000000E+00  2.7683626E+03
  3.0024170E-01 -3.7055165E+01  6.5334499E+01 -2.3896641E+00  6.4629580E+01  4.4278580E+03  0.0000000E+00  2.6781960E+03
  3.0224779E-01 -3.6878753E+01  6.5512078E+01 -2.3908309E+00  6.4281410E+01  4.3868334E+03  0.0000000E+00  2.5910118E+03
  3.0426729E-01 -3.6702610E+01  6.5689113E+01 -2.3917231E+00  6.3916022E+01  4.3463861E+03  0.0000000E+00  2.5067186E+03
  3.0630027E-01 -3.6526739E+01  6.5865601E+01 -2.3923390E+00  6.3533628E+01  4.3064572E+03  0.0000000E+00  2.4252278E+03
  3.0834683E-01 -3.6351143E+01  6.6041535E+01 -2.3926773E+00  6.3134468E+01  4.2669894E+03  0.0000000E+00  2.3464538E+03
  3.1040706E-01 -3.6175825E+01  6.6216912E+01 -2.3927367E+00  6.2718804E+01  4.2279275E+03  0.0000000E+00  2.2703142E+03
  3.1248104E-01 -3.6000788E+01  6.6391728E+01 -2.3925159E+00  6.2286924E+01  4.1892181E+03  0.0000000E+00  2.1967287E+03
  3.1456888E-01 -3.5826035E+01  6.6565979E+01 -2.3920142E+00  6.1839138E+01  4.1508097E+03  0.0000000E+00  2.1256200E+03
  3.1667066E-01 -3.5651568E+01  6.6739663E+01 -2.3912306E+00  6.1375780E+01  4.1126530E+03  0.0000000E+00  2.0569131E+03
  3.1878648E-01 -3.5477387E+01  6.6912778E+01 -2.3901645E+00  6.0897207E+01  4.0747008E+03  0.0000000E+00  1.9905355E+03
  3.2091643E-01 -3.5303494E+01  6.7085321E+01 -2.3888154E+00  6.0403799E+01  4.0369077E+03  0.0000000E+00  1.9264167E+03
  3.2306061E-01 -3.5129891E+01  6.7257292E+01 -2.3871830E+00  5.9895955E+01  3.9992306E+03  0.0000000E+00  1.8644885E+03
  3.2521910E-01 -3.4956578E+01  6.7428689E+01 -2.3852671E+00  5.9374098E+01  3.9616287E+03  0.0000000E+00  1.8046848E+03
  3.2739201E-01 -3.4783555E+01  6.7599513E+01 -2.3830677E+00  5.8838669E+01  3.9240633E+03  0.0000000E+00  1.7469413E+03
  3.2957944E-01 -3.4610821E+01  6.7769764E+01 -2.3805851E+00  5.8290129E+01  3.8864976E+03  0.0000000E+00  1.6911957E+03
  3.3178147E-01 -3.4438377E+01  6.7939442E+01 -2.3778195E+00  5.7728960E+01  3.8488975E+03  0.0000000E+00  1.6373874E+03
  3.3399821E-01 -3.4266222E+01  6.8108550E+01 -2.3747715E+00  5.7155659E+01  3.8112308E+03  0.0000000E+00  1.5854576E+03
  3.3622975E-01 -3.4094354E+01  6.8277088E+01 -2.3714420E+00  5.6570742E+01  3.7734676E+03  0.0000000E+00  1.5353489E+03
  3.3847620E-01 -3.3922773E+01  6.8445059E+01 -2.3678319E+00  5.5974742E+01  3.7355802E+03  0.0000000E+00  1.4870056E+03
  3.4073765E-01 -3.3751476E+01  6.8612466E+01 -2.3639423E+00  5.5368206E+01  3.6975431E+03  0.0000000E+00  1.4403734E+03
  3.4301420E-01 -3.3580462E+01  6.8779312E+01 -2.3597747E+00  5.4751697E+01  3.6593332E+03  0.0000000E+00  1.3953996E+03
  3.4530596E-01 -3.3409728E+01  6.8945602E+01 -2.3553307E+00  5.4125791E+01  3.6209292E+03  0.0000000E+00  1.3520326E+03
  3.4761303E-01 -3.3239273E+01  6.9111340E+01 -2.3506122E+00  5.3491077E+01  3.5823125E+03  0.0000000E+00  1.3102222E+03
  3.4993550E-01 -3.3069092E+01  6.9276529E+01 -2.3456212E+00  5.2848156E+01  3.5434662E+03  0.0000000E+00  1.2699193E+03
  3.5227348E-01 -3.2899184E+01  6.9441177E+01 -2.3403603E+00  5.2197640E+01  3.5043757E+03  0.0000000E+00  1.2310761E+03
  3.5462708E-01 -3.2729544E+01  6.9605288E+01 -2.3348320E+00  5.1540152E+01  3.4650285E+03  0.0000000E+00  1.1936459E+03
  3.5699640E-01 -3.2560171E+01  6.9768869E+01 -2.3290393E+00  5.0876322E+01  3.4254143E+03  0.0000000E+00  1.1575829E+03
  3.5938154E-01 -3.2391060E+01  6.9931926E+01 -2.3229854E+00  5.0206790E+01  3.3855245E+03  0.0000000E+00  1.1228426E+03
  3.6178261E-01 -3.2222207E+01  7.0094467E+01 -2.3166739E+00  4.9532199E+01  3.3453529E+03  0.0000000E+00  1.0893813E+03
  3.6419971E-01 -3.2053610E+01  7.0256498E+01 -2.3101085E+00  4.8853203E+01  3.3048949E+03  0.0000000E+00  1.0571562E+03
  3.6663296E-01 -3.1885264E+01  7.0418029E+01 -2.3032935E+00  4.8170457E+01  3.2641481E+03  0.0000000E+00  1.0261255E+03
  3.6908246E-01 -3.1717166E+01  7.0579068E+01 -2.2962333E+00  4.7484621E+01  3.2231116E+03  0.0000000E+00  9.9624812E+02
  3.7154832E-01 -3.1549311E+01  7.0739622E+01 -2.2889329E+00  4.6796358E+01  3.1817867E+03  0.0000000E+00  9.6748398E+02
  3.7403065E-01 -3.1381695E+01  7.0899702E+01 -2.2813973E+00  4.6106331E+01  3.1401763E+03  0.0000000E+00  9.3979368E+02
  3.7652955E-01 -3.1214316E+01  7.1059317E+01 -2.2736322E+00  4.5415205E+01  3.0982849E+03  0.0000000E+00  9.1313860E+02
  3.7904515E-01 -3.1047168E+01  7.1218476E+01 -2.2656435E+00  4.4723643E+01  3.0561187E+03  0.0000000E+00  8.8748087E+02
  3.8157755E-01 -3.0880248E+01  7.1377189E+01 -2.2574376E+00  4.4032308E+01  3.0136855E+03  0.0000000E+00  8.6278332E+02
  3.8412685E-01 -3.0713553E+01  7.1535468E+01 -2.2490211E+00  4.3341858E+01  2.9709948E+03  0.0000000E+00  8.3900946E+02
  3.8669319E-01 -3.0547078E+01  7.1693323E+01 -2.2404010E+00  4.2652949E+01  2.9280572E+03  0.0000000E+00  8.1612349E+02
  3.8927666E-01 -3.0380821E+01  7.1850764E+01 -2.2315850E+00  4.1966231E+01  2.8848849E+03  0.0000000E+00  7.9409023E+02
  3.9187739E-01 -3.0214777E+01  7.2007804E+01 -2.2225807E+00  4.1282349E+01  2.8414915E+03  0.0000000E+00  7.7287515E+02
  3.9449549E-01 -3.0048944E+01  7.2164453E+01 -2.2133966E+00  4.0601940E+01  2.7978916E+03  0.0000000E+00  7.5244433E+02
  3.9713107E-01 -2.9883319E+01  7.2320722E+01 -2.2040411E+00  3.9925634E+01  2.7541014E+03  0.0000000E+00  7.3276446E+02
  3.9978426E-01 -2.9717898E+01  7.2476625E+01 -2.1945234E+00  3.9254050E+01  2.7101377E+03  0.0000000E+00  7.1380282E+02
  4.0245517E-01 -2.9552679E+01  7.2632173E+01 -2.1848527E+00  3.8587799E+01  2.6660188E+03  0.0000000E+00  6.9552727E+02
  4.0514391E-01 -2.9387660E+01  7.2787378E+01 -2.1750388E+00  3.7927481E+01  2.6217637E+03  0.0000000E+00  6.7790628E+02
  4.0785061E-01 -2.9222839E+01  7.2942253E+01 -2.1650917E+00  3.7273682E+01  2.5773924E+03  0.0000000E+00  6.6090888E+02
  4.1057539E-01 -2.9058213E+01  7.3096809E+01 -2.1550219E+00  3.6626978E+01  2.5329257E+03  0.0000000E+00  6.4450472E+02
  4.1331836E-01 -2.8893780E+01  7.3251060E+01 -2.1448400E+00  3.5987930E+01  2.4883853E+03  0.0000000E+00  6.2866399E+02
  4.1607966E-01 -2.8729540E+01  7.3405017E+01 -2.1345571E+00  3.5357083E+01  2.4437933E+03  0.0000000E+00  6.1335752E+02
  4.1885939E-01 -2.8565491E+01  7.3558694E+01 -2.1241845E+00  3.4734968E+01  2.3991728E+03  0.0000000E+00  5.9855674E+02
  4.2165769E-01 -2.8401631E+01  7.3712102E+01 -2.1137337E+00  3.4122101E+01  2.3545470E+03  0.0000000E+00  5.8423369E+02
  4.2447468E-01 -2.8237961E+01  7.3865255E+01 -2.1032167E+00  3.3518979E+01  2.3099398E+03  0.0000000E+00  5.7036106E+02
  4.2731049E-01 -2.8074480E+01  7.4018166E+01 -2.0926454E+00  3.2926082E+01  2.2653756E+03  0.0000000E+00  5.5691222E+02
  4.3016523E-01 -2.7911187E+01  7.4170845E+01 -2.0820323E+00  3.2343871E+01  2.2208789E+03  0.0000000E+00  5.4386119E+02
  4.3303904E-01 -2.7748083E+01  7.4323307E+01 -2.0713901E+00  3.1772790E+01  2.1764746E+03  0.0000000E+00  5.3118274E+02
  4.3593204E-01 -2.7585170E+01  7.4475562E+01 -2.0607318E+00  3.1213260E+01  2.1321878E+03  0.0000000E+00  5.1885238E+02
  4.3884437E-01 -2.7422447E+01  7.4627624E+01 -2.0500709E+00  3.0665686E+01  2.0880435E+03  0.0000000E+00  5.0684637E+02
  4.4177614E-01 -2.7259917E+01  7.4779504E+01 -2.0394210E+00  3.0130447E+01  2.0440670E+03  0.0000000E+00  4.9514183E+02
  4.4472749E-01 -2.7097582E+01  7.4931215E+01 -2.0287967E+00  2.9607905E+01  2.0002835E+03  0.0000000E+00  4.8371673E+02
  4.4769856E-01 -2.6935446E+01  7.5082767E+01 -2.0182129E+00  2.9098399E+01  1.9567181E+03  0.0000000E+00  4.7254992E+02
  4.5068947E-01 -2.6773514E+01  7.5234172E+01 -2.0076854E+00  2.8602244E+01  1.9133957E+03  0.0000000E+00  4.6162122E+02
  4.5370035E-01 -2.6611790E+01  7.5385441E+01 -1.9972310E+00  2.8119734E+01  1.8703411E+03  0.0000000E+00  4.5091145E+02
  4.5673134E-01 -2.6450282E+01  7.5536586E+01 -1.9868677E+00  2.7651141E+01  1.8275788E+03  0.0000000E+00  4.4040244E+02
  4.5978258E-01 -2.6288998E+01  7.5687617E+01 -1.9766148E+00  2.7196712E+01  1.7851331E+03  0.0000000E+00  4.3007715E+02
  4.6285419E-01 -2.6127950E+01  7.5838543E+01 -1.9664933E+00  2.6756672E+01  1.7430276E+03  0.0000000E+00  4.1991963E+02
  4.6594631E-01 -2.5967150E+01  7.5989376E+01 -1.9565262E+00  2.6331220E+01  1.7012859E+03  0.0000000E+00  4.0991515E+02
  4.6905909E-01 -2.5806614E+01  7.6140125E+01 -1.9467387E+00  2.5920535E+01  1.6599308E+03  0.0000000E+00  4.0005018E+02
  4.7219266E-01 -2.5646360E+01  7.6290799E+01 -1.9371589E+00  2.5524767E+01  1.6189847E+03  0.0000000E+00  3.9031244E+02
  4.7534715E-01 -2.5486410E+01  7.6441407E+01 -1.9278173E+00  2.5144048E+01  1.5784696E+03  0.0000000E+00  3.8069098E+02
  4.7852272E-01 -2.5326791E+01  7.6591958E+01 -1.9187480E+00  2.4778480E+01  1.5384066E+03  0.0000000E+00  3.7117613E+02
  4.8171949E-01 -2.5167530E+01  7.6742459E+01 -1.9099887E+00  2.4428146E+01  1.4988162E+03  0.0000000E+00  3.6175958E+02
  4.8493761E-01 -2.5008662E+01  7.6892918E+01 -1.9015804E+00  2.4093102E+01  1.4597185E+03  0.0000000E+00  3.5243436E+02
  4.8817722E-01 -2.4850226E+01  7.7043343E+01 -1.8935684E+00  2.3773381E+01  1.4211326E+03  0.0000000E+00  3.4319486E+02
  4.9143847E-01 -2.4692262E+01  7.7193740E+01 -1.8860017E+00  2.3468992E+01  1.3830769E+03  0.0000000E+00  3.3403681E+02
  4.9472151E-01 -2.4534818E+01  7.7344115E+01 -1.8789333E+00  2.3179921E+01  1.3455691E+03  0.0000000E+00  3.2495726E+02
  4.9802646E-01 -2.4377945E+01  7.7494474E+01 -1.8724196E+00  2.2906131E+01  1.3086259E+03  0.0000000E+00  3.1595456E+02
  5.0135349E-01 -2.4221697E+01  7.7644823E+01 -1.8665203E+00  2.2647561E+01  1.2722634E+03  0.0000000E+00  3.0702830E+02
  5.0470274E-01 -2.4066132E+01  7.7795166E+01 -1.8612976E+00  2.2404127E+01  1.2364966E+03  0.0000000E+00  2.9817927E+02
  5.0807436E-01 -2.3911309E+01  7.7945507E+01 -1.8568152E+00  2.2175723E+01  1.2013397E+03  0.0000000E+00  2.8940937E+02
  5.1146850E-01 -2.3757288E+01  7.8095849E+01 -1.8531375E+00  2.1962223E+01  1.1668060E+03  0.0000000E+00  2.8072157E+02
  5.1488530E-01 -2.3604131E+01  7.8246197E+01 -1.8503278E+00  2.1763475E+01  1.1329078E+03  0.0000000E+00  2.7211975E+02
  5.1832493E-01 -2.3451896E+01  7.8396551E+01 -1.8484468E+00  2.1579309E+01  1.0996566E+03  0.0000000E+00  2.6360869E+02
  5.2178752E-01 -2.3300636E+01  7.8546915E+01 -1.8475510E+00  2.1409533E+01  1.0670626E+03  0.0000000E+00  2.5519388E+02
  5.2527324E-01 -2.3150401E+01  7.8697289E+01 -1.8476901E+00  2.1253934E+01  1.0351352E+03  0.0000000E+00  2.4688146E+02
  5.2878224E-01 -2.3001231E+01  7.8847674E+01 -1.8489052E+00  2.1112282E+01  1.0038830E+03  0.0000000E+00  2.3867805E+02
  5.3231468E-01 -2.2853156E+01  7.8998071E+01 -1.8512263E+00  2.0984325E+01  9.7331328E+02  0.0000000E+00  2.3059069E+02
  5.3587071E-01 -2.2706193E+01  7.9148478E+01 -1.8546703E+00  2.0869793E+01  9.4343240E+02  0.0000000E+00  2.2262663E+02
  5.3945049E-01 -2.2560345E+01  7.9298894E+01 -1.8592390E+00  2.0768399E+01  9.1424575E+02  0.0000000E+00  2.1479329E+02
  5.4305417E-01 -2.2415598E+01  7.9449319E+01 -1.8649174E+00  2.0679838E+01  8.8575768E+02  0.0000000E+00  2.0709808E+02
  5.4668193E-01 -2.2271923E+01  7.9599749E+01 -1.8716728E+00  2.0603788E+01  8.5797153E+02  0.0000000E+00  1.9954830E+02
  5.5033391E-01 -2.2129272E+01  7.9750182E+01 -1.8794544E+00  2.0539912E+01  8.3088964E+02  0.0000000E+00  1.9215102E+02
  5.5401028E-01 -2.1987579E+01  7.9900614E+01 -1.8881938E+00  2.0487857E+01  8.0451337E+02  0.0000000E+00  1.8491302E+02
  5.5771121E-01 -2.1846765E+01  8.0051041E+01 -1.8978065E+00  2.0447258E+01  7.7884311E+02  0.0000000E+00  1.7784062E+02
  5.6143685E-01 -2.1706735E+01  8.0201459E+01 -1.9081939E+00  2.0417734E+01  7.5387831E+02  0.0000000E+00  1.7093969E+02
  5.6518738E-01 -2.1567386E+01  8.0351861E+01 -1.9192466E+00  2.0398893E+01  7.2961749E+02  0.0000000E+00  1.6421549E+02
  5.6896295E-01 -2.1428607E+01  8.0502242E+01 -1.9308483E+00  2.0390330E+01  7.0605830E+02  0.0000000E+00  1.5767268E+02
  5.7276374E-01 -2.1290285E+01  8.0652595E+01 -1.9428796E+00  2.0391632E+01  6.8319749E+02  0.0000000E+00  1.5131525E+02
  5.7658991E-01 -2.1152309E+01  8.0802913E+01 -1.9552228E+00  2.0402375E+01  6.6103101E+02  0.0000000E+00  1.4514647E+02
  5.8044164E-01 -2.1014576E+01  8.0953189E+01 -1.9677653E+00  2.0422124E+01  6.3955400E+02  0.0000000E+00  1.3916890E+02
  5.8431909E-01 -2.0876990E+01  8.1103414E+01 -1.9804042E+00  2.0450439E+01  6.1876085E+02  0.0000000E+00  1.3338437E+02
  5.8822244E-01 -2.0739469E+01  8.1253580E+01 -1.9930483E+00  2.0486872E+01  5.9864521E+02  0.0000000E+00  1.2779397E+02
  5.9215185E-01 -2.0601945E+01  8.1403676E+01 -2.0056203E+00  2.0530971E+01  5.7920004E+02  0.0000000E+00  1.2239807E+02
  5.9610751E-01 -2.0464365E+01  8.1553693E+01 -2.0180585E+00  2.0582275E+01  5.6041766E+02  0.0000000E+00  1.1719637E+02
  6.0008959E-01 -2.0326695E+01  8.1703621E+01 -2.0303160E+00  2.0640323E+01  5.4228972E+02  0.0000000E+00  1.1218788E+02
  6.0409827E-01 -2.0188913E+01  8.1853448E+01 -2.0423607E+00  2.0704649E+01  5.2480732E+02  0.0000000E+00  1.0737098E+02
  6.0813371E-01 -2.0051010E+01  8.2003163E+01 -2.0541737E+00  2.0774785E+01  5.0796095E+02  0.0000000E+00  1.0274346E+02
  6.1219611E-01 -1.9912993E+01  8.2152755E+01 -2.0657476E+00  2.0850262E+01  4.9174061E+02  0.0000000E+00  9.8302587E+01
  6.1628564E-01 -1.9774875E+01  8.2302210E+01 -2.0770845E+00  2.0930610E+01  4.7613576E+02  0.0000000E+00  9.4045105E+01
  6.2040248E-01 -1.9636678E+01  8.2451516E+01 -2.0881937E+00  2.1015359E+01  4.6113540E+02  0.0000000E+00  8.9967322E+01
  6.2454681E-01 -1.9498431E+01  8.2600659E+01 -2.0990901E+00  2.1104043E+01  4.4672805E+02  0.0000000E+00  8.6065153E+01
  6.2871883E-01 -1.9360166E+01  8.2749626E+01 -2.1097918E+00  2.1196193E+01  4.3290186E+02  0.0000000E+00  8.2334167E+01
  6.3291870E-01 -1.9221917E+01  8.2898402E+01 -2.1203189E+00  2.1291348E+01  4.1964455E+02  0.0000000E+00  7.8769639E+01
  6.3714663E-01 -1.9083718E+01  8.3046973E+01 -2.1306917E+00  2.1389047E+01  4.0694348E+02  0.0000000E+00  7.5366604E+01
  6.4140279E-01 -1.8945605E+01  8.3195325E+01 -2.1409303E+00  2.1488836E+01  3.9478569E+02  0.0000000E+00  7.2119896E+01
  6.4568738E-01 -1.8807612E+01  8.3343441E+01 -2.1510529E+00  2.1590263E+01  3.8315789E+02  0.0000000E+00  6.9024202E+01
  6.5000059E-01 -1.8669770E+01  8.3491306E+01 -2.1610761E+00  2.1692885E+01  3.7204655E+02  0.0000000E+00  6.6074098E+01
  6.5434260E-01 -1.8532109E+01  8.3638905E+01 -2.1710141E+00  2.1796263E+01  3.6143786E+02  0.0000000E+00  6.3264089E+01
  6.5871361E-01 -1.8394657E+01  8.3786221E+01 -2.1808783E+00  2.1899966E+01  3.5131781E+02  0.0000000E+00  6.0588648E+01
  6.6311381E-01 -1.8257440E+01  8.3933237E+01 -2.1906777E+00  2.2003570E+01  3.4167220E+02  0.0000000E+00  5.8042250E+01
  6.6754340E-01 -1.8120481E+01  8.4079938E+01 -2.2004186E+00  2.2106662E+01  3.3248665E+02  0.0000000E+00  5.5619396E+01
  6.7200257E-01 -1.7983799E+01  8.4226306E+01 -2.2101047E+00  2.2208835E+01  3.2374669E+02  0.0000000E+00  5.3314646E+01
  6.7649152E-01 -1.7847414E+01  8.4372324E+01 -2.2197376E+00  2.2309693E+01  3.1543772E+02  0.0000000E+00  5.1122636E+01
  6.8101046E-01 -1.7711342E+01  8.4517974E+01 -2.2293165E+00  2.2408850E+01  3.0754507E+02  0.0000000E+00  4.9038107E+01
  6.8555957E-01 -1.7575598E+01  8.4663240E+01 -2.2388385E+00  2.2505930E+01  3.0005404E+02  0.0000000E+00  4.7055913E+01
  6.9013907E-01 -1.7440195E+01  8.4808104E+01 -2.2482993E+00  2.2600569E+01  2.9294991E+02  0.0000000E+00  4.5171045E+01
  6.9474915E-01 -1.7305145E+01  8.4952548E+01 -2.2576927E+00  2.2692414E+01  2.8621796E+02  0.0000000E+00  4.3378635E+01
  6.9939002E-01 -1.7170457E+01  8.5096554E+01 -2.2670113E+00  2.2781124E+01  2.7984350E+02  0.0000000E+00  4.1673972E+01
  7.0406189E-01 -1.7036141E+01  8.5240105E+01 -2.2762465E+00  2.2866371E+01  2.7381194E+02  0.0000000E+00  4.0052507E+01
  7.0876495E-01 -1.6902206E+01  8.5383183E+01 -2.2853888E+00  2.2947839E+01  2.6810873E+02  0.0000000E+00  3.8509858E+01
  7.1349943E-01 -1.6768658E+01  8.5525770E+01 -2.2944281E+00  2.3025227E+01  2.6271945E+02  0.0000000E+00  3.7041818E+01
  7.1826553E-01 -1.6635506E+01  8.5667848E+01 -2.3033533E+00  2.3098244E+01  2.5762983E+02  0.0000000E+00  3.5644352E+01
  7.2306345E-01 -1.6502755E+01  8.5809399E+01 -2.3121534E+00  2.3166616E+01  2.5282573E+02  0.0000000E+00  3.4313603E+01
  7.2789343E-01 -1.6370412E+01  8.5950405E+01 -2.3208169E+00  2.3230081E+01  2.4829320E+02  0.0000000E+00  3.3045887E+01
  7.3275565E-01 -1.6238483E+01  8.6090849E+01 -2.3293323E+00  2.3288393E+01  2.4401848E+02  0.0000000E+00  3.1837696E+01
  7.3765036E-01 -1.6106974E+01  8.6230714E+01 -2.3376880E+00  2.3341318E+01  2.3998802E+02  0.0000000E+00  3.0685692E+01
  7.4257775E-01 -1.5975891E+01  8.6369981E+01 -2.3458726E+00  2.3388640E+01  2.3618852E+02  0.0000000E+00  2.9586708E+01
  7.4753805E-01 -1.5845241E+01  8.6508634E+01 -2.3538751E+00  2.3430154E+01  2.3260692E+02  0.0000000E+00  2.8537739E+01
  7.5253148E-01 -1.5715030E+01  8.6646655E+01 -2.3616847E+00  2.3465671E+01  2.2923042E+02  0.0000000E+00  2.7535942E+01
  7.5755826E-01 -1.5585264E+01  8.6784027E+01 -2.3692910E+00  2.3495019E+01  2.2604651E+02  0.0000000E+00  2.6578630E+01
  7.6261861E-01 -1.5455951E+01  8.6920733E+01 -2.3766841E+00  2.3518037E+01  2.2304299E+02  0.0000000E+00  2.5663264E+01
  7.6771275E-01 -1.5327098E+01  8.7056757E+01 -2.3838547E+00  2.3534582E+01  2.2020793E+02  0.0000000E+00  2.4787454E+01
  7.7284092E-01 -1.5198711E+01  8.7192083E+01 -2.3907940E+00  2.3544525E+01  2.1752975E+02  0.0000000E+00  2.3948945E+01
  7.7800334E-01 -1.5070800E+01  8.7326694E+01 -2.3974937E+00  2.3547750E+01  2.1499719E+02  0.0000000E+00  2.3145619E+01
  7.8320023E-01 -1.4943371E+01  8.7460575E+01 -2.4039463E+00  2.3544158E+01  2.1259933E+02  0.0000000E+00  2.2375484E+01
  7.8843184E-01 -1.4816435E+01  8.7593710E+01 -2.4101447E+00  2.3533664E+01  2.1032559E+02  0.0000000E+00  2.1636669E+01
  7.9369838E-01 -1.4689999E+01  8.7726083E+01 -2.4160827E+00  2.3516196E+01  2.0816577E+02  0.0000000E+00  2.0927421E+01
  7.9900010E-01 -1.4564073E+01  8.7857681E+01 -2.4217543E+00  2.3491697E+01  2.0610999E+02  0.0000000E+00  2.0246096E+01
  8.0433722E-01 -1.4438666E+01  8.7988489E+01 -2.4271545E+00  2.3460125E+01  2.0414878E+02  0.0000000E+00  1.9591154E+01
  8.0970999E-01 -1.4313787E+01  8.8118491E+01 -2.4322787E+00  2.3421451E+01  2.0227301E+02  0.0000000E+00  1.8961155E+01
  8.1511864E-01 -1.4189447E+01  8.8247676E+01 -2.4371228E+00  2.3375658E+01  2.0047394E+02  0.0000000E+00  1.8354751E+01
  8.2056342E-01 -1.4065655E+01  8.8376028E+01 -2.4416835E+00  2.3322746E+01  1.9874320E+02  0.0000000E+00  1.7770683E+01
  8.2604456E-01 -1.3942422E+01  8.8503535E+01 -2.4459576E+00  2.3262723E+01  1.9707279E+02  0.0000000E+00  1.7207774E+01
  8.3156230E-01 -1.3819757E+01  8.8630186E+01 -2.4499429E+00  2.3195614E+01  1.9545511E+02  0.0000000E+00  1.6664926E+01
  8.3711690E-01 -1.3697671E+01  8.8755966E+01 -2.4536372E+00  2.3121454E+01  1.9388292E+02  0.0000000E+00  1.6141114E+01
  8.4270859E-01 -1.3576174E+01  8.8880865E+01 -2.4570391E+00  2.3040290E+01  1.9234936E+02  0.0000000E+00  1.5635380E+01
  8.4833763E-01 -1.3455276E+01  8.9004871E+01 -2.4601474E+00  2.2952183E+01  1.9084794E+02  0.0000000E+00  1.5146832E+01
  8.5400427E-01 -1.3334987E+01  8.9127974E+01 -2.4629614E+00  2.2857201E+01  1.8937254E+02  0.0000000E+00  1.4674638E+01
  8.5970874E-01 -1.3215318E+01  8.9250163E+01 -2.4654807E+00  2.2755427E+01  1.8791742E+02  0.0000000E+00  1.4218021E+01
  8.6545132E-01 -1.3096277E+01  8.9371428E+01 -2.4677053E+00  2.2646951E+01  1.8647719E+02  0.0000000E+00  1.3776257E+01
  8.7123225E-01 -1.2977875E+01  8.9491760E+01 -2.4696354E+00  2.2531876E+01  1.8504681E+02  0.0000000E+00  1.3348670E+01
  8.7705179E-01 -1.2860122E+01  8.9611150E+01 -2.4712717E+00  2.2410312E+01  1.8362160E+02  0.0000000E+00  1.2934631E+01
  8.8291019E-01 -1.2743026E+01  8.9729589E+01 -2.4726150E+00  2.2282379E+01  1.8219723E+02  0.0000000E+00  1.2533551E+01
  8.8880772E-01 -1.2626598E+01  8.9847069E+01 -2.4736665E+00  2.2148207E+01  1.8076971E+02  0.0000000E+00  1.2144882E+01
  8.9474464E-01 -1.2510844E+01  8.9963583E+01 -2.4744275E+00  2.2007933E+01  1.7933535E+02  0.0000000E+00  1.1768111E+01
  9.0072121E-01 -1.2395775E+01  9.0079124E+01 -2.4748995E+00  2.1861701E+01  1.7789081E+02  0.0000000E+00  1.1402758E+01
  9.0673769E-01 -1.2281399E+01  9.0193685E+01 -2.4750844E+00  2.1709663E+01  1.7643305E+02  0.0000000E+00  1.1048377E+01
  9.1279436E-01 -1.2167723E+01  9.0307261E+01 -2.4749841E+00  2.1551978E+01  1.7495934E+02  0.0000000E+00  1.0704547E+01
  9.1889148E-01 -1.2054755E+01  9.0419846E+01 -2.4746008E+00  2.1388813E+01  1.7346725E+02  0.0000000E+00  1.0370877E+01
  9.2502931E-01 -1.1942502E+01  9.0531435E+01 -2.4739369E+00  2.1220337E+01  1.7195461E+02  0.0000000E+00  1.0046998E+01
  9.3120814E-01 -1.1830972E+01  9.0642023E+01 -2.4729949E+00  2.1046727E+01  1.7041956E+02  0.0000000E+00  9.7325647E+00
  9.3742824E-01 -1.1720171E+01  9.0751607E+01 -2.4717773E+00  2.0868166E+01  1.6886046E+02  0.0000000E+00  9.4272524E+00
  9.4368987E-01 -1.1610104E+01  9.0860183E+01 -2.4702870E+00  2.0684838E+01  1.6727596E+02  0.0000000E+00  9.1307557E+00
  9.4999333E-01 -1.1500779E+01  9.0967748E+01 -2.4685268E+00  2.0496935E+01  1.6566495E+02  0.0000000E+00  8.8427868E+00
  9.5633889E-01 -1.1392201E+01  9.1074299E+01 -2.4664999E+00  2.0304649E+01  1.6402653E+02  0.0000000E+00  8.5630740E+00
  9.6272682E-01 -1.1284374E+01  9.1179835E+01 -2.4642094E+00  2.0108179E+01  1.6236005E+02  0.0000000E+00  8.2913606E+00
  9.6915742E-01 -1.1177304E+01  9.1284355E+01 -2.4616585E+00  1.9907722E+01  1.6066504E+02  0.0000000E+00  8.0274034E+00
  9.7563096E-01 -1.1070994E+01  9.1387857E+01 -2.4588507E+00  1.9703482E+01  1.5894126E+02  0.0000000E+00  7.7709721E+00
  9.8214774E-01 -1.0965449E+01  9.1490340E+01 -2.4557895E+00  1.9495661E+01  1.5718864E+02  0.0000000E+00  7.5218475E+00
  9.8870804E-01 -1.0860673E+01  9.1591805E+01 -2.4524783E+00  1.9284465E+01  1.5540729E+02  0.0000000E+00  7.2798211E+00
  9.9531216E-01 -1.0756669E+01  9.1692252E+01 -2.4489210E+00  1.9070100E+01  1.5359750E+02  0.0000000E+00  7.0446943E+00
  1.0019604E+00 -1.0653440E+01  9.1791681E+01 -2.4451212E+00  1.8852773E+01  1.5175969E+02  0.0000000E+00  6.8162770E+00
  1.0086530E+00 -1.0550988E+01  9.1890095E+01 -2.4410830E+00  1.8632689E+01  1.4989447E+02  0.0000000E+00  6.5943876E+00
  1.0153903E+00 -1.0449315E+01  9.1987495E+01 -2.4368101E+00  1.8410058E+01  1.4800254E+02  0.0000000E+00  6.3788517E+00
  1.0221726E+00 -1.0348424E+01  9.2083882E+01 -2.4323068E+00  1.8185083E+01  1.4608476E+02  0.0000000E+00  6.1695018E+00
  1.0290003E+00 -1.0248316E+01  9.2179261E+01 -2.4275771E+00  1.7957972E+01  1.4414207E+02  0.0000000E+00  5.9661769E+00
  1.0358735E+00 -1.0148993E+01  9.2273633E+01 -2.4226252E+00  1.7728927E+01  1.4217556E+02  0.0000000E+00  5.7687214E+00
  1.0427926E+00 -1.0050454E+01  9.2367002E+01 -2.4174555E+00  1.7498153E+01  1.4018637E+02  0.0000000E+00  5.5769855E+00
  1.0497579E+00 -9.9527010E+00  9.2459371E+01 -2.4120723E+00  1.7265849E+01  1.3817577E+02  0.0000000E+00  5.3908238E+00
  1.0567698E+00 -9.8557341E+00  9.2550746E+01 -2.4064800E+00  1.7032215E+01  1.3614508E+02  0.0000000E+00  5.2100958E+00
  1.0638284E+00 -9.7595531E+00  9.2641130E+01 -2.4006833E+00  1.6797446E+01  1.3409569E+02  0.0000000E+00  5.0346651E+00
  1.0709343E+00 -9.6641578E+00  9.2730529E+01 -2.3946867E+00  1.6561736E+01  1.3202905E+02  0.0000000E+00  4.8643990E+00
  1.0780875E+00 -9.5695476E+00  9.2818947E+01 -2.3884949E+00  1.6325277E+01  1.2994669E+02  0.0000000E+00  4.6991686E+00
  1.0852886E+00 -9.4757217E+00  9.2906391E+01 -2.3821127E+00  1.6088254E+01  1.2785015E+02  0.0000000E+00  4.5388483E+00
  1.0925377E+00 -9.3826791E+00  9.2992866E+01 -2.3755450E+00  1.5850853E+01  1.2574102E+02  0.0000000E+00  4.3833155E+00
  1.0998353E+00 -9.2904183E+00  9.3078378E+01 -2.3687965E+00  1.5613253E+01  1.2362091E+02  0.0000000E+00  4.2324508E+00
  1.1071816E+00 -9.1989379E+00  9.3162934E+01 -2.3618724E+00  1.5375632E+01  1.2149147E+02  0.0000000E+00  4.0861374E+00
  1.1145769E+00 -9.1082361E+00  9.3246542E+01 -2.3547777E+00  1.5138161E+01  1.1935436E+02  0.0000000E+00  3.9442610E+00
  1.1220217E+00 -9.0183110E+00  9.3329206E+01 -2.3475174E+00  1.4901009E+01  1.1721123E+02  0.0000000E+00  3.8067099E+00
  1.1295162E+00 -8.9291604E+00  9.3410937E+01 -2.3400969E+00  1.4664339E+01  1.1506376E+02  0.0000000E+00  3.6733748E+00
  1.1370607E+00 -8.8407819E+00  9.3491739E+01 -2.3325213E+00  1.4428311E+01  1.1291361E+02  0.0000000E+00  3.5441486E+00
  1.1446556E+00 -8.7531730E+00  9.3571623E+01 -2.3247960E+00  1.4193080E+01  1.1076245E+02  0.0000000E+00  3.4189262E+00
  1.1523012E+00 -8.6663312E+00  9.3650595E+01 -2.3169264E+00  1.3958796E+01  1.0861190E+02  0.0000000E+00  3.2976048E+00
  1.1599979E+00 -8.5802536E+00  9.3728664E+01 -2.3089180E+00  1.3725604E+01  1.0646361E+02  0.0000000E+00  3.1800834E+00
  1.1677460E+00 -8.4949372E+00  9.3805839E+01 -2.3007763E+00  1.3493643E+01  1.0431917E+02  0.0000000E+00  3.0662632E+00
  1.1755459E+00 -8.4103790E+00  9.3882128E+01 -2.2925068E+00  1.3263049E+01  1.0218017E+02  0.0000000E+00  2.9560470E+00
  1.1833978E+00 -8.3265758E+00  9.3957540E+01 -2.2841154E+00  1.3033951E+01  1.0004816E+02  0.0000000E+00  2.8493395E+00
  1.1913022E+00 -8.2435243E+00  9.4032083E+01 -2.2756075E+00  1.2806475E+01  9.7924641E+01  0.0000000E+00  2.7460474E+00
  1.1992594E+00 -8.1612212E+00  9.4105768E+01 -2.2669891E+00  1.2580740E+01  9.5811107E+01  0.0000000E+00  2.6460790E+00
  1.2072697E+00 -8.0796630E+00  9.4178603E+01 -2.2582660E+00  1.2356860E+01  9.3708994E+01  0.0000000E+00  2.5493444E+00
  1.2153335E+00 -7.9988462E+00  9.4250598E+01 -2.2494440E+00  1.2134944E+01  9.1619698E+01  0.0000000E+00  2.4557553E+00
  1.2234512E+00 -7.9187673E+00  9.4321762E+01 -2.2405291E+00  1.1915096E+01  8.9544574E+01  0.0000000E+00  2.3652253E+00
  1.2316231E+00 -7.8394225E+00  9.4392105E+01 -2.2315272E+00  1.1697415E+01  8.7484928E+01  0.0000000E+00  2.2776696E+00
  1.2398495E+00 -7.7608082E+00  9.4461636E+01 -2.2224445E+00  1.1481993E+01  8.5442019E+01  0.0000000E+00  2.1930051E+00
  1.2481309E+00 -7.6829207E+00  9.4530366E+01 -2.2132869E+00  1.1268918E+01  8.3417055E+01  0.0000000E+00  2.1111502E+00
  1.2564676E+00 -7.6057564E+00  9.4598304E+01 -2.2040606E+00  1.1058273E+01  8.1411194E+01  0.0000000E+00  2.0320251E+00
  1.2648600E+00 -7.5293114E+00  9.4665460E+01 -2.1947717E+00  1.0850136E+01  7.9425540E+01  0.0000000E+00  1.9555516E+00
  1.2733084E+00 -7.4535819E+00  9.4731844E+01 -2.1854264E+00  1.0644578E+01  7.7461145E+01  0.0000000E+00  1.8816532E+00
  1.2818133E+00 -7.3785644E+00  9.4797467E+01 -2.1760310E+00  1.0441667E+01  7.5519007E+01  0.0000000E+00  1.8102548E+00
  1.2903750E+00 -7.3042549E+00  9.4862337E+01 -2.1665917E+00  1.0241465E+01  7.3600067E+01  0.0000000E+00  1.7412833E+00
  1.2989938E+00 -7.2306497E+00  9.4926465E+01 -2.1571147E+00  1.0044029E+01  7.1705214E+01  0.0000000E+00  1.6746667E+00
  1.3076702E+00 -7.1577452E+00  9.4989861E+01 -2.1476063E+00  9.8494125E+00  6.9835282E+01  0.0000000E+00  1.6103350E+00
  1.3164046E+00 -7.0855377E+00  9.5052535E+01 -2.1380728E+00  9.6576615E+00  6.7991046E+01  0.0000000E+00  1.5482196E+00
  1.3251972E+00 -7.0140234E+00  9.5114497E+01 -2.1285206E+00  9.4688194E+00  6.6173232E+01  0.0000000E+00  1.4882536E+00
  1.3340487E+00 -6.9431987E+00  9.5175757E+01 -2.1189559E+00  9.2829242E+00  6.4382506E+01  0.0000000E+00  1.4303714E+00
  1.3429592E+00 -6.8730601E+00  9.5236325E+01 -2.1093851E+00  9.1000096E+00  6.2619483E+01  0.0000000E+00  1.3745094E+00
  1.3519292E+00 -6.8036039E+00  9.5296210E+01 -2.0998144E+00  8.9201046E+00  6.0884724E+01  0.0000000E+00  1.3206051E+00
  1.3609592E+00 -6.7348267E+00  9.5355423E+01 -2.0902502E+00  8.7432341E+00  5.9178736E+01  0.0000000E+00  1.2685979E+00
  1.3700494E+00 -6.6667249E+00  9.5413974E+01 -2.0806987E+00  8.5694188E+00  5.7501977E+01  0.0000000E+00  1.2184283E+00
  1.3792004E+00 -6.5992952E+00  9.5471871E+01 -2.0711662E+00  8.3986750E+00  5.5854850E+01  0.0000000E+00  1.1700388E+00
  1.3884124E+00 -6.5325342E+00  9.5529125E+01 -2.0616589E+00  8.2310154E+00  5.4237710E+01  0.0000000E+00  1.1233731E+00
  1.3976860E+00 -6.4664386E+00  9.5585744E+01 -2.0521830E+00  8.0664485E+00  5.2650864E+01  0.0000000E+00  1.0783763E+00
  1.4070216E+00 -6.4010050E+00  9.5641740E+01 -2.0427448E+00  7.9049793E+00  5.1094570E+01  0.0000000E+00  1.0349953E+00
  1.4164195E+00 -6.3362303E+00  9.5697120E+01 -2.0333503E+00  7.7466089E+00  4.9569039E+01  0.0000000E+00  9.9317802E-01
  1.4258801E+00 -6.2721114E+00  9.5751894E+01 -2.0240055E+00  7.5913353E+00  4.8074438E+01  0.0000000E+00  9.5287413E-01
  1.4354039E+00 -6.2086451E+00  9.5806072E+01 -2.0147167E+00  7.4391527E+00  4.6610888E+01  0.0000000E+00  9.1403457E-01
  1.4449914E+00 -6.1458283E+00  9.5859661E+01 -2.0054896E+00  7.2900524E+00  4.5178472E+01  0.0000000E+00  8.7661166E-01
  1.4546428E+00 -6.0836582E+00  9.5912672E+01 -1.9963303E+00  7.1440224E+00  4.3777227E+01  0.0000000E+00  8.4055910E-01
  1.4643588E+00 -6.0221318E+00  9.5965113E+01 -1.9872445E+00  7.0010477E+00  4.2407153E+01  0.0000000E+00  8.0583192E-01
  1.4741396E+00 -5.9612462E+00  9.6016992E+01 -1.9782381E+00  6.8611106E+00  4.1068213E+01  0.0000000E+00  7.7238646E-01
  1.4839857E+00 -5.9009987E+00  9.6068318E+01 -1.9693166E+00  6.7241906E+00  3.9760331E+01  0.0000000E+00  7.4018035E-01
  1.4938976E+00 -5.8413863E+00  9.6119100E+01 -1.9604859E+00  6.5902645E+00  3.8483398E+01  0.0000000E+00  7.0917248E-01
  1.5038757E+00 -5.7824065E+00  9.6169345E+01 -1.9517512E+00  6.4593068E+00  3.7237271E+01  0.0000000E+00  6.7932297E-01
  1.5139205E+00 -5.7240566E+00  9.6219062E+01 -1.9431182E+00  6.3312897E+00  3.6021776E+01  0.0000000E+00  6.5059316E-01
  1.5240323E+00 -5.6663339E+00  9.6268258E+01 -1.9345920E+00  6.2061830E+00  3.4836708E+01  0.0000000E+00  6.2294556E-01
  1.5342116E+00 -5.6092359E+00  9.6316942E+01 -1.9261780E+00  6.0839545E+00  3.3681833E+01  0.0000000E+00  5.9634384E-01
  1.5444590E+00 -5.5527600E+00  9.6365121E+01 -1.9178811E+00  5.9645701E+00  3.2556891E+01  0.0000000E+00  5.7075279E-01
  1.5547748E+00 -5.4969037E+00  9.6412803E+01 -1.9097064E+00  5.8479939E+00  3.1461597E+01  0.0000000E+00  5.4613831E-01
  1.5651594E+00 -5.4416646E+00  9.6459994E+01 -1.9016587E+00  5.7341881E+00  3.0395640E+01  0.0000000E+00  5.2246734E-01
  1.5756135E+00 -5.3870402E+00  9.6506703E+01 -1.8937427E+00  5.6231136E+00  2.9358689E+01  0.0000000E+00  4.9970788E-01
  1.5861373E+00 -5.3330279E+00  9.6552935E+01 -1.8859630E+00  5.5147295E+00  2.8350391E+01  0.0000000E+00  4.7782894E-01
  1.5967314E+00 -5.2796255E+00  9.6598699E+01 -1.8783240E+00  5.4089938E+00  2.7370373E+01  0.0000000E+00  4.5680051E-01
  1.6073963E+00 -5.2268303E+00  9.6644000E+01 -1.8708298E+00  5.3058632E+00  2.6418245E+01  0.0000000E+00  4.3659353E-01
  1.6181324E+00 -5.1746399E+00  9.6688845E+01 -1.8634845E+00  5.2052931E+00  2.5493600E+01  0.0000000E+00  4.1717985E-01
  1.6289403E+00 -5.1230518E+00  9.6733240E+01 -1.8562920E+00  5.1072381E+00  2.4596015E+01  0.0000000E+00  3.9853222E-01
  1.6398203E+00 -5.0720635E+00  9.6777192E+01 -1.8492559E+00  5.0116518E+00  2.3725055E+01  0.0000000E+00  3.8062428E-01
  1.6507729E+00 -5.0216722E+00  9.6820707E+01 -1.8423796E+00  4.9184869E+00  2.2880272E+01  0.0000000E+00  3.6343049E-01
  1.6617987E+00 -4.9718754E+00  9.6863791E+01 -1.8356662E+00  4.8276954E+00  2.2061206E+01  0.0000000E+00  3.4692610E-01
  1.6728982E+00 -4.9226702E+00  9.6906449E+01 -1.8291188E+00  4.7392289E+00  2.1267386E+01  0.0000000E+00  3.3108718E-01
  1.6840718E+00 -4.8740537E+00  9.6948686E+01 -1.8227400E+00  4.6530381E+00  2.0498335E+01  0.0000000E+00  3.1589053E-01
  1.6953200E+00 -4.8260229E+00  9.6990509E+01 -1.8165321E+00  4.5690736E+00  1.9753567E+01  0.0000000E+00  3.0131370E-01
  1.7066433E+00 -4.7785747E+00  9.7031923E+01 -1.8104973E+00  4.4872854E+00  1.9032589E+01  0.0000000E+00  2.8733495E-01
  1.7180422E+00 -4.7317058E+00  9.7072932E+01 -1.8046373E+00  4.4076235E+00  1.8334904E+01  0.0000000E+00  2.7393318E-01
  1.7295173E+00 -4.6854127E+00  9.7113541E+01 -1.7989536E+00  4.3300373E+00  1.7660008E+01  0.0000000E+00  2.6108801E-01
  1.7410690E+00 -4.6396917E+00  9.7153756E+01 -1.7934472E+00  4.2544766E+00  1.7007396E+01  0.0000000E+00  2.4877965E-01
  1.7526979E+00 -4.5945389E+00  9.7193580E+01 -1.7881189E+00  4.1808908E+00  1.6376561E+01  0.0000000E+00  2.3698894E-01
  1.7644044E+00 -4.5499503E+00  9.7233019E+01 -1.7829691E+00  4.1092294E+00  1.5766992E+01  0.0000000E+00  2.2569732E-01
  1.7761892E+00 -4.5059215E+00  9.7272076E+01 -1.7779978E+00  4.0394422E+00  1.5178178E+01  0.0000000E+00  2.1488677E-01
  1.7880526E+00 -4.4624479E+00  9.7310757E+01 -1.7732046E+00  3.9714789E+00  1.4609611E+01  0.0000000E+00  2.0453987E-01
  1.7999952E+00 -4.4195248E+00  9.7349064E+01 -1.7685886E+00  3.9052898E+00  1.4060781E+01  0.0000000E+00  1.9463969E-01
  1.8120176E+00 -4.3771471E+00  9.7387002E+01 -1.7641487E+00  3.8408251E+00  1.3531179E+01  0.0000000E+00  1.8516984E-01
  1.8241203E+00 -4.3353094E+00  9.7424574E+01 -1.7598833E+00  3.7780355E+00  1.3020301E+01  0.0000000E+00  1.7611443E-01
  1.8363039E+00 -4.2940060E+00  9.7461784E+01 -1.7557903E+00  3.7168723E+00  1.2527646E+01  0.0000000E+00  1.6745805E-01
  1.8485688E+00 -4.2532312E+00  9.7498636E+01 -1.7518674E+00  3.6572871E+00  1.2052713E+01  0.0000000E+00  1.5918574E-01
  1.8609156E+00 -4.2129787E+00  9.7535133E+01 -1.7481118E+00  3.5992319E+00  1.1595009E+01  0.0000000E+00  1.5128303E-01
  1.8733449E+00 -4.1732422E+00  9.7571278E+01 -1.7445203E+00  3.5426595E+00  1.1154045E+01  0.0000000E+00  1.4373586E-01
  1.8858572E+00 -4.1340150E+00  9.7607074E+01 -1.7410893E+00  3.4875230E+00  1.0729337E+01  0.0000000E+00  1.3653062E-01
  1.8984530E+00 -4.0952902E+00  9.7642525E+01 -1.7378149E+00  3.4337765E+00  1.0320405E+01  0.0000000E+00  1.2965408E-01
  1.9111330E+00 -4.0570607E+00  9.7677632E+01 -1.7346928E+00  3.3813745E+00  9.9267777E+00  0.0000000E+00  1.2309346E-01
  1.9238977E+00 -4.0193191E+00  9.7712399E+01 -1.7317185E+00  3.3302722E+00  9.5479893E+00  0.0000000E+00  1.1683635E-01
  1.9367476E+00 -3.9820579E+00  9.7746829E+01 -1.7288871E+00  3.2804258E+00  9.1835809E+00  0.0000000E+00  1.1087071E-01
  1.9496833E+00 -3.9452695E+00  9.7780924E+01 -1.7261934E+00  3.2317920E+00  8.8331010E+00  0.0000000E+00  1.0518489E-01
  1.9627055E+00 -3.9089460E+00  9.7814686E+01 -1.7236319E+00  3.1843283E+00  8.4961056E+00  0.0000000E+00  9.9767612E-02
  1.9758145E+00 -3.8730795E+00  9.7848118E+01 -1.7211972E+00  3.1379933E+00  8.1721586E+00  0.0000000E+00  9.4607938E-02
  1.9890112E+00 -3.8376619E+00  9.7881221E+01 -1.7188833E+00  3.0927462E+00  7.8608318E+00  0.0000000E+00  8.9695281E-02
  2.0022960E+00 -3.8026852E+00  9.7913999E+01 -1.7166843E+00  3.0485471E+00  7.5617055E+00  0.0000000E+00  8.5019396E-02
  2.0156695E+00 -3.7681411E+00  9.7946453E+01 -1.7145941E+00  3.0053570E+00  7.2743683E+00  0.0000000E+00  8.0570367E-02
  2.0291323E+00 -3.7340214E+00  9.7978585E+01 -1.7126064E+00  2.9631378E+00  6.9984176E+00  0.0000000E+00  7.6338604E-02
  2.0426851E+00 -3.7003181E+00  9.8010397E+01 -1.7107149E+00  2.9218523E+00  6.7334592E+00  0.0000000E+00  7.2314834E-02
  2.0563283E+00 -3.6670230E+00  9.8041890E+01 -1.7089134E+00  2.8814642E+00  6.4791081E+00  0.0000000E+00  6.8490095E-02
  2.0700627E+00 -3.6341281E+00  9.8073067E+01 -1.7071954E+00  2.8419383E+00  6.2349882E+00  0.0000000E+00  6.4855726E-02
  2.0838888E+00 -3.6016252E+00  9.8103929E+01 -1.7055546E+00  2.8032401E+00  6.0007322E+00  0.0000000E+00  6.1403368E-02
  2.0978072E+00 -3.5695066E+00  9.8134478E+01 -1.7039847E+00  2.7653362E+00  5.7759821E+00  0.0000000E+00  5.8124948E-02
  2.1118186E+00 -3.5377645E+00  9.8164715E+01 -1.7024795E+00  2.7281941E+00  5.5603888E+00  0.0000000E+00  5.5012680E-02
  2.1259236E+00 -3.5063912E+00  9.8194641E+01 -1.7010327E+00  2.6917823E+00  5.3536124E+00  0.0000000E+00  5.2059058E-02
  2.1401227E+00 -3.4753792E+00  9.8224259E+01 -1.6996382E+00  2.6560701E+00  5.1553220E+00  0.0000000E+00  4.9256845E-02
  2.1544168E+00 -3.4447213E+00  9.8253569E+01 -1.6982901E+00  2.6210279E+00  4.9651958E+00  0.0000000E+00  4.6599071E-02
  2.1688062E+00 -3.4144102E+00  9.8282572E+01 -1.6969825E+00  2.5866270E+00  4.7829210E+00  0.0000000E+00  4.4079027E-02
  2.1832918E+00 -3.3844391E+00  9.8311271E+01 -1.6957096E+00  2.5528398E+00  4.6081937E+00  0.0000000E+00  4.1690258E-02
  2.1978741E+00 -3.3548011E+00  9.8339665E+01 -1.6944660E+00  2.5196394E+00  4.4407190E+00  0.0000000E+00  3.9426556E-02
  2.2125538E+00 -3.3254898E+00  9.8367756E+01 -1.6932461E+00  2.4869999E+00  4.2802106E+00  0.0000000E+00  3.7281954E-02
  2.2273316E+00 -3.2964986E+00  9.8395546E+01 -1.6920447E+00  2.4548965E+00  4.1263910E+00  0.0000000E+00  3.5250722E-02
  2.2422080E+00 -3.2678215E+00  9.8423035E+01 -1.6908568E+00  2.4233051E+00  3.9789914E+00  0.0000000E+00  3.3327360E-02
  2.2571838E+00 -3.2394525E+00  9.8450225E+01 -1.6896774E+00  2.3922027E+00  3.8377515E+00  0.0000000E+00  3.1506589E-02
  2.2722596E+00 -3.2113857E+00  9.8477116E+01 -1.6885017E+00  2.3615671E+00  3.7024191E+00  0.0000000E+00  2.9783351E-02
  2.2874361E+00 -3.1836158E+00  9.8503709E+01 -1.6873252E+00  2.3313769E+00  3.5727505E+00  0.0000000E+00  2.8152796E-02
  2.3027140E+00 -3.1561372E+00  9.8530006E+01 -1.6861435E+00  2.3016119E+00  3.4485100E+00  0.0000000E+00  2.6610282E-02
  2.3180939E+00 -3.1289447E+00  9.8556008E+01 -1.6849522E+00  2.2722524E+00  3.3294700E+00  0.0000000E+00  2.5151365E-02
  2.3335765E+00 -3.1020335E+00  9.8581714E+01 -1.6837474E+00  2.2432798E+00  3.2154106E+00  0.0000000E+00  2.3771793E-02
  2.3491625E+00 -3.0753985E+00  9.8607127E+01 -1.6825252E+00  2.2146761E+00  3.1061195E+00  0.0000000E+00  2.2467502E-02
  2.3648526E+00 -3.0490352E+00  9.8632246E+01 -1.6812816E+00  2.1864245E+00  3.0013920E+00  0.0000000E+00  2.1234612E-02
  2.3806475E+00 -3.0229391E+00  9.8657074E+01 -1.6800133E+00  2.1585087E+00  2.9010308E+00  0.0000000E+00  2.0069413E-02
  2.3965479E+00 -2.9971059E+00  9.8681611E+01 -1.6787166E+00  2.1309133E+00  2.8048457E+00  0.0000000E+00  1.8968369E-02
  2.4125544E+00 -2.9715312E+00  9.8705857E+01 -1.6773883E+00  2.1036236E+00  2.7126535E+00  0.0000000E+00  1.7928104E-02
  2.4286679E+00 -2.9462111E+00  9.8729814E+01 -1.6760252E+00  2.0766257E+00  2.6242780E+00  0.0000000E+00  1.6945403E-02
  2.4448890E+00 -2.9211416E+00  9.8753483E+01 -1.6746243E+00  2.0499066E+00  2.5395496E+00  0.0000000E+00  1.6017201E-02
  2.4612184E+00 -2.8963189E+00  9.8776864E+01 -1.6731825E+00  2.0234537E+00  2.4583052E+00  0.0000000E+00  1.5140578E-02
  2.4776569E+00 -2.8717394E+00  9.8799958E+01 -1.6716973E+00  1.9972555E+00  2.3803880E+00  0.0000000E+00  1.4312760E-02
  2.4942052E+00 -2.8473994E+00  9.8822766E+01 -1.6701657E+00  1.9713009E+00  2.3056474E+00  0.0000000E+00  1.3531102E-02
  2.5108640E+00 -2.8232954E+00  9.8845290E+01 -1.6685853E+00  1.9455795E+00  2.2339390E+00  0.0000000E+00  1.2793096E-02
  2.5276340E+00 -2.7994241E+00  9.8867530E+01 -1.6669537E+00  1.9200817E+00  2.1651241E+00  0.0000000E+00  1.2096352E-02
  2.5445161E+00 -2.7757822E+00  9.8889486E+01 -1.6652683E+00  1.8947983E+00  2.0990695E+00  0.0000000E+00  1.1438606E-02
  2.5615109E+00 -2.7523663E+00  9.8911161E+01 -1.6635270E+00  1.8697210E+00  2.0356477E+00  0.0000000E+00  1.0817706E-02
  2.5786192E+00 -2.7291734E+00  9.8932554E+01 -1.6617275E+00  1.8448419E+00  1.9747365E+00  0.0000000E+00  1.0231609E-02
  2.5958418E+00 -2.7062004E+00  9.8953667E+01 -1.6598677E+00  1.8201537E+00  1.9162189E+00  0.0000000E+00  9.6783798E-03
  2.6131793E+00 -2.6834443E+00  9.8974501E+01 -1.6579457E+00  1.7956497E+00  1.8599829E+00  0.0000000E+00  9.1561826E-03
  2.6306327E+00 -2.6609020E+00  9.8995057E+01 -1.6559595E+00  1.7713237E+00  1.8059212E+00  0.0000000E+00  8.6632781E-03
  2.6482027E+00 -2.6385707E+00  9.9015336E+01 -1.6539071E+00  1.7471701E+00  1.7539315E+00  0.0000000E+00  8.1980187E-03
  2.6658900E+00 -2.6164474E+00  9.9035339E+01 -1.6517869E+00  1.7231837E+00  1.7039156E+00  0.0000000E+00  7.7588448E-03
  2.6836954E+00 -2.5945294E+00  9.9055068E+01 -1.6495970E+00  1.6993598E+00  1.6557801E+00  0.0000000E+00  7.3442804E-03
  2.7016197E+00 -2.5728139E+00  9.9074522E+01 -1.6473358E+00  1.6756942E+00  1.6094356E+00  0.0000000E+00  6.9529289E-03
  2.7196637E+00 -2.5512980E+00  9.9093704E+01 -1.6450016E+00  1.6521831E+00  1.5647968E+00  0.0000000E+00  6.5834700E-03
  2.7378283E+00 -2.5299791E+00  9.9112614E+01 -1.6425929E+00  1.6288232E+00  1.5217824E+00  0.0000000E+00  6.2346554E-03
  2.7561142E+00 -2.5088544E+00  9.9131254E+01 -1.6401083E+00  1.6056115E+00  1.4803148E+00  0.0000000E+00  5.9053056E-03
  2.7745222E+00 -2.4879213E+00  9.9149625E+01 -1.6375461E+00  1.5825455E+00  1.4403201E+00  0.0000000E+00  5.5943064E-03
  2.7930531E+00 -2.4671770E+00  9.9167728E+01 -1.6349051E+00  1.5596230E+00  1.4017280E+00  0.0000000E+00  5.3006056E-03
  2.8117078E+00 -2.4466189E+00  9.9185565E+01 -1.6321838E+00  1.5368422E+00  1.3644714E+00  0.0000000E+00  5.0232101E-03
  2.8304871E+00 -2.4262444E+00  9.9203137E+01 -1.6293810E+00  1.5142016E+00  1.3284865E+00  0.0000000E+00  4.7611826E-03
  2.8493918E+00 -2.4060507E+00  9.9220445E+01 -1.6264953E+00  1.4916999E+00  1.2937128E+00  0.0000000E+00  4.5136387E-03
  2.8684227E+00 -2.3860353E+00  9.9237490E+01 -1.6235255E+00  1.4693365E+00  1.2600925E+00  0.0000000E+00  4.2797445E-03
  2.8875808E+00 -2.3661955E+00  9.9254275E+01 -1.6204704E+00  1.4471106E+00  1.2275710E+00  0.0000000E+00  4.0587136E-03
  2.9068668E+00 -2.3465287E+00  9.9270800E+01 -1.6173287E+00  1.4250219E+00  1.1960963E+00  0.0000000E+00  3.8498046E-03
  2.9262816E+00 -2.3270322E+00  9.9287067E+01 -1.6140994E+00  1.4030704E+00  1.1656189E+00  0.0000000E+00  3.6523191E-03
  2.9458261E+00 -2.3077033E+00  9.9303078E+01 -1.6107814E+00  1.3812563E+00  1.1360920E+00  0.0000000E+00  3.4655988E-03
  2.9655011E+00 -2.2885394E+00  9.9318834E+01 -1.6073734E+00  1.3595800E+00  1.1074713E+00  0.0000000E+00  3.2890237E-03
  2.9853075E+00 -2.2695379E+00  9.9334337E+01 -1.6038745E+00  1.3380421E+00  1.0797147E+00  0.0000000E+00  3.1220097E-03
  3.0052462E+00 -2.2506960E+00  9.9349588E+01 -1.6002836E+00  1.3166434E+00  1.0527823E+00  0.0000000E+00  2.9640072E-03
  3.0253180E+00 -2.2320110E+00  9.9364589E+01 -1.5965996E+00  1.2953848E+00  1.0266364E+00  0.0000000E+00  2.8144984E-03
  3.0455239E+00 -2.2134802E+00  9.9379341E+01 -1.5928215E+00  1.2742676E+00  1.0012413E+00  0.0000000E+00  2.6729962E-03
  3.0658648E+00 -2.1951009E+00  9.9393847E+01 -1.5889484E+00  1.2532931E+00  9.7656318E-01  0.0000000E+00  2.5390419E-03
  3.0863415E+00 -2.1768703E+00  9.9408109E+01 -1.5849792E+00  1.2324626E+00  9.5257009E-01  0.0000000E+00  2.4122040E-03
  3.1069550E+00 -2.1587857E+00  9.9422127E+01 -1.5809129E+00  1.2117777E+00  9.2923187E-01  0.0000000E+00  2.2920766E-03
  3.1277061E+00 -2.1408442E+00  9.9435904E+01 -1.5767486E+00  1.1912402E+00  9.0652001E-01  0.0000000E+00  2.1782776E-03
  3.1485958E+00 -2.1230429E+00  9.9449442E+01 -1.5724853E+00  1.1708518E+00  8.8440758E-01  0.0000000E+00  2.0704478E-03
  3.1696251E+00 -2.1053792E+00  9.9462743E+01 -1.5681221E+00  1.1506145E+00  8.6286918E-01  0.0000000E+00  1.9682493E-03
  3.1907947E+00 -2.0878500E+00  9.9475808E+01 -1.5636580E+00  1.1305301E+00  8.4188084E-01  0.0000000E+00  1.8713641E-03
  3.2121058E+00 -2.0704525E+00  9.9488640E+01 -1.5590921E+00  1.1106006E+00  8.2141997E-01  0.0000000E+00  1.7794932E-03
  3.2335592E+00 -2.0531838E+00  9.9501240E+01 -1.5544235E+00  1.0908283E+00  8.0146526E-01  0.0000000E+00  1.6923555E-03
  3.2551559E+00 -2.0360408E+00  9.9513610E+01 -1.5496511E+00  1.0712151E+00  7.8199663E-01  0.0000000E+00  1.6096866E-03
  3.2768968E+00 -2.0190208E+00  9.9525753E+01 -1.5447742E+00  1.0517634E+00  7.6299518E-01  0.0000000E+00  1.5312377E-03
  3.2987829E+00 -2.0021205E+00  9.9537671E+01 -1.5397917E+00  1.0324752E+00  7.4444309E-01  0.0000000E+00  1.4567749E-03
  3.3208152E+00 -1.9853371E+00  9.9549366E+01 -1.5347028E+00  1.0133528E+00  7.2632362E-01  0.0000000E+00  1.3860784E-03
  3.3429946E+00 -1.9686675E+00  9.9560839E+01 -1.5295066E+00  9.9439840E-01  7.0862099E-01  0.0000000E+00  1.3189411E-03
  3.3653222E+00 -1.9521086E+00  9.9572094E+01 -1.5242021E+00  9.7561430E-01  6.9132035E-01  0.0000000E+00  1.2551685E-03
  3.3877988E+00 -1.9356573E+00  9.9583131E+01 -1.5187886E+00  9.5700272E-01  6.7440774E-01  0.0000000E+00  1.1945774E-03
  3.4104256E+00 -1.9193107E+00  9.9593954E+01 -1.5132650E+00  9.3856586E-01  6.5787004E-01  0.0000000E+00  1.1369957E-03
  3.4332035E+00 -1.9030656E+00  9.9604565E+01 -1.5076306E+00  9.2030593E-01  6.4169489E-01  0.0000000E+00  1.0822613E-03
  3.4561335E+00 -1.8869189E+00  9.9614966E+01 -1.5018846E+00  9.0222510E-01  6.2587069E-01  0.0000000E+00  1.0302216E-03
  3.4792167E+00 -1.8708675E+00  9.9625159E+01 -1.4960260E+00  8.8432553E-01  6.1038652E-01  0.0000000E+00  9.8073312E-04
  3.5024540E+00 -1.8549083E+00  9.9635146E+01 -1.4900542E+00  8.6660932E-01  5.9523210E-01  0.0000000E+00  9.3366076E-04
  3.5258466E+00 -1.8390384E+00  9.9644930E+01 -1.4839684E+00  8.4907854E-01  5.8039779E-01  0.0000000E+00  8.8887728E-04
  3.5493953E+00 -1.8232545E+00  9.9654513E+01 -1.4777679E+00  8.3173520E-01  5.6587449E-01  0.0000000E+00  8.4626286E-04
  3.5731014E+00 -1.8075538E+00  9.9663898E+01 -1.4714519E+00  8.1458126E-01  5.5165367E-01  0.0000000E+00  8.0570464E-04
  3.5969657E+00 -1.7919332E+00  9.9673087E+01 -1.4650200E+00  7.9761862E-01  5.3772729E-01  0.0000000E+00  7.6709630E-04
  3.6209895E+00 -1.7763897E+00  9.9682082E+01 -1.4584715E+00  7.8084913E-01  5.2408776E-01  0.0000000E+00  7.3033763E-04
  3.6451736E+00 -1.7609206E+00  9.9690885E+01 -1.4518059E+00  7.6427455E-01  5.1072796E-01  0.0000000E+00  6.9533415E-04
  3.6695193E+00 -1.7455229E+00  9.9699500E+01 -1.4450229E+00  7.4789658E-01  4.9764118E-01  0.0000000E+00  6.6199678E-04
  3.6940276E+00 -1.7301940E+00  9.9707928E+01 -1.4381222E+00  7.3171685E-01  4.8482106E-01  0.0000000E+00  6.3024149E-04
  3.7186996E+00 -1.7149311E+00  9.9716172E+01 -1.4311034E+00  7.1573690E-01  4.7226163E-01  0.0000000E+00  5.9998900E-04
  3.7435364E+00 -1.6997317E+00  9.9724235E+01 -1.4239665E+00  6.9995820E-01  4.5995724E-01  0.0000000E+00  5.7116446E-04
  3.7685390E+00 -1.6845934E+00  9.9732118E+01 -1.4167115E+00  6.8438212E-01  4.4790254E-01  0.0000000E+00  5.4369720E-04
  3.7937086E+00 -1.6695138E+00  9.9739825E+01 -1.4093386E+00  6.6900996E-01  4.3609248E-01  0.0000000E+00  5.1752047E-04
  3.8190463E+00 -1.6544908E+00  9.9747357E+01 -1.4018480E+00  6.5384292E-01  4.2452226E-01  0.0000000E+00  4.9257117E-04
  3.8445533E+00 -1.6395222E+00  9.9754718E+01 -1.3942402E+00  6.3888211E-01  4.1318734E-01  0.0000000E+00  4.6878968E-04
  3.8702305E+00 -1.6246062E+00  9.9761909E+01 -1.3865157E+00  6.2412854E-01  4.0208340E-01  0.0000000E+00  4.4611960E-04
  3.8960793E+00 -1.6097412E+00  9.9768934E+01 -1.3786754E+00  6.0958314E-01  3.9120631E-01  0.0000000E+00  4.2450755E-04
  3.9221007E+00 -1.5949256E+00  9.9775795E+01 -1.3707202E+00  5.9524674E-01  3.8055218E-01  0.0000000E+00  4.0390303E-04
  3.9482959E+00 -1.5801581E+00  9.9782493E+01 -1.3626514E+00  5.8112006E-01  3.7011724E-01  0.0000000E+00  3.8425821E-04
  3.9746661E+00 -1.5654377E+00  9.9789033E+01 -1.3544704E+00  5.6720372E-01  3.5989792E-01  0.0000000E+00  3.6552776E-04
  4.0012123E+00 -1.5507635E+00  9.9795415E+01 -1.3461788E+00  5.5349827E-01  3.4989080E-01  0.0000000E+00  3.4766873E-04
  4.0279359E+00 -1.5361349E+00  9.9801644E+01 -1.3377785E+00  5.4000412E-01  3.4009257E-01  0.0000000E+00  3.3064039E-04
  4.0548379E+00 -1.5215515E+00  9.9807720E+01 -1.3292716E+00  5.2672160E-01  3.3050006E-01  0.0000000E+00  3.1440410E-04
  4.0819196E+00 -1.5070134E+00  9.9813647E+01 -1.3206607E+00  5.1365094E-01  3.2111023E-01  0.0000000E+00  2.9892317E-04
  4.1091822E+00 -1.4925208E+00  9.9819428E+01 -1.3119484E+00  5.0079226E-01  3.1192011E-01  0.0000000E+00  2.8416279E-04
  4.1366269E+00 -1.4780740E+00  9.9825064E+01 -1.3031375E+00  4.8814559E-01  3.0292684E-01  0.0000000E+00  2.7008985E-04
  4.1642548E+00 -1.4636740E+00  9.9830558E+01 -1.2942315E+00  4.7571083E-01  2.9412765E-01  0.0000000E+00  2.5667292E-04
  4.1920673E+00 -1.4493218E+00  9.9835912E+01 -1.2852339E+00  4.6348782E-01  2.8551984E-01  0.0000000E+00  2.4388209E-04
  4.2200655E+00 -1.4350188E+00  9.9841130E+01 -1.2761485E+00  4.5147628E-01  2.7710077E-01  0.0000000E+00  2.3168890E-04
  4.2482507E+00 -1.4207667E+00  9.9846213E+01 -1.2669794E+00  4.3967581E-01  2.6886787E-01  0.0000000E+00  2.2006628E-04
  4.2766241E+00 -1.4065676E+00  9.9851164E+01 -1.2577311E+00  4.2808595E-01  2.6081863E-01  0.0000000E+00  2.0898845E-04
  4.3051870E+00 -1.3924237E+00  9.9855985E+01 -1.2484083E+00  4.1670611E-01  2.5295056E-01  0.0000000E+00  1.9843084E-04
  4.3339407E+00 -1.3783377E+00  9.9860678E+01 -1.2390161E+00  4.0553561E-01  2.4526123E-01  0.0000000E+00  1.8837005E-04
  4.3628864E+00 -1.3643124E+00  9.9865247E+01 -1.2295597E+00  3.9457369E-01  2.3774826E-01  0.0000000E+00  1.7878377E-04
  4.3920255E+00 -1.3503511E+00  9.9869694E+01 -1.2200447E+00  3.8381948E-01  2.3040927E-01  0.0000000E+00  1.6965072E-04
  4.4213592E+00 -1.3364572E+00  9.9874020E+01 -1.2104770E+00  3.7327201E-01  2.2324194E-01  0.0000000E+00  1.6095059E-04
  4.4508887E+00 -1.3226345E+00  9.9878228E+01 -1.2008625E+00  3.6293024E-01  2.1624393E-01  0.0000000E+00  1.5266399E-04
  4.4806155E+00 -1.3088869E+00  9.9882321E+01 -1.1912076E+00  3.5279302E-01  2.0941295E-01  0.0000000E+00  1.4477244E-04
  4.5105408E+00 -1.2952186E+00  9.9886300E+01 -1.1815188E+00  3.4285912E-01  2.0274672E-01  0.0000000E+00  1.3725825E-04
  4.5406660E+00 -1.2816341E+00  9.9890169E+01 -1.1718028E+00  3.3312723E-01  1.9624296E-01  0.0000000E+00  1.3010453E-04
  4.5709924E+00 -1.2681378E+00  9.9893929E+01 -1.1620665E+00  3.2359594E-01  1.8989941E-01  0.0000000E+00  1.2329517E-04
  4.6015213E+00 -1.2547347E+00  9.9897582E+01 -1.1523168E+00  3.1426377E-01  1.8371379E-01  0.0000000E+00  1.1681471E-04
  4.6322541E+00 -1.2414296E+00  9.9901131E+01 -1.1425610E+00  3.0512915E-01  1.7768386E-01  0.0000000E+00  1.1064843E-04
  4.6631922E+00 -1.2282275E+00  9.9904579E+01 -1.1328062E+00  2.9619045E-01  1.7180736E-01  0.0000000E+00  1.0478221E-04
  4.6943368E+00 -1.2151335E+00  9.9907926E+01 -1.1230597E+00  2.8744595E-01  1.6608202E-01  0.0000000E+00  9.9202563E-05
  4.7256895E+00 -1.2021527E+00  9.9911176E+01 -1.1133289E+00  2.7889385E-01  1.6050558E-01  0.0000000E+00  9.3896570E-05
  4.7572516E+00 -1.1892905E+00  9.9914331E+01 -1.1036210E+00  2.7053231E-01  1.5507578E-01  0.0000000E+00  8.8851878E-05
  4.7890245E+00 -1.1765520E+00  9.9917392E+01 -1.0939435E+00  2.6235939E-01  1.4979034E-01  0.0000000E+00  8.4056664E-05
  4.8210095E+00 -1.1639423E+00  9.9920361E+01 -1.0843036E+00  2.5437310E-01  1.4464698E-01  0.0000000E+00  7.9499606E-05
  4.8532082E+00 -1.1514667E+00  9.9923242E+01 -1.0747085E+00  2.4657139E-01  1.3964341E-01  0.0000000E+00  7.5169868E-05
  4.8856220E+00 -1.1391300E+00  9.9926035E+01 -1.0651652E+00  2.3895214E-01  1.3477735E-01  0.0000000E+00  7.1057075E-05
  4.9182522E+00 -1.1269374E+00  9.9928743E+01 -1.0556808E+00  2.3151320E-01  1.3004648E-01  0.0000000E+00  6.7151292E-05
  4.9511003E+00 -1.1148935E+00  9.9931368E+01 -1.0462619E+00  2.2425233E-01  1.2544851E-01  0.0000000E+00  6.3443009E-05
  4.9841678E+00 -1.1030030E+00  9.9933912E+01 -1.0369153E+00  2.1716728E-01  1.2098111E-01  0.0000000E+00  5.9923115E-05
  5.0174562E+00 -1.0912704E+00  9.9936377E+01 -1.0276472E+00  2.1025571E-01  1.1664195E-01  0.0000000E+00  5.6582889E-05
  5.0509669E+00 -1.0796998E+00  9.9938764E+01 -1.0184639E+00  2.0351528E-01  1.1242871E-01  0.0000000E+00  5.3413980E-05
  5.0847014E+00 -1.0682952E+00  9.9941076E+01 -1.0093711E+00  1.9694358E-01  1.0833905E-01  0.0000000E+00  5.0408391E-05
  5.1186612E+00 -1.0570604E+00  9.9943314E+01 -1.0003744E+00  1.9053817E-01  1.0437062E-01  0.0000000E+00  4.7558464E-05
  5.1528478E+00 -1.0459987E+00  9.9945480E+01 -9.9147916E-01  1.8429658E-01  1.0052108E-01  0.0000000E+00  4.4856870E-05
  5.1872627E+00 -1.0351134E+00  9.9947577E+01 -9.8269023E-01  1.7821630E-01  9.6788079E-02  0.0000000E+00  4.2296590E-05
  5.2219074E+00 -1.0244071E+00  9.9949605E+01 -9.7401222E-01  1.7229481E-01  9.3169261E-02  0.0000000E+00  3.9870907E-05
  5.2567836E+00 -1.0138825E+00  9.9951567E+01 -9.6544934E-01  1.6652955E-01  8.9662274E-02  0.0000000E+00  3.7573391E-05
  5.2918926E+00 -1.0035416E+00  9.9953464E+01 -9.5700544E-01  1.6091793E-01  8.6264765E-02  0.0000000E+00  3.5397889E-05
  5.3272362E+00 -9.9338614E-01  9.9955298E+01 -9.4868396E-01  1.5545737E-01  8.2974385E-02  0.0000000E+00  3.3338514E-05
  5.3628158E+00 -9.8341755E-01  9.9957070E+01 -9.4048795E-01  1.5014524E-01  7.9788786E-02  0.0000000E+00  3.1389633E-05
  5.3986330E+00 -9.7363683E-01  9.9958783E+01 -9.3242004E-01  1.4497893E-01  7.6705627E-02  0.0000000E+00  2.9545859E-05
  5.4346894E+00 -9.6404460E-01  9.9960438E+01 -9.2448246E-01  1.3995579E-01  7.3722575E-02  0.0000000E+00  2.7802039E-05
  5.4709867E+00 -9.5464107E-01  9.9962036E+01 -9.1667700E-01  1.3507319E-01  7.0837305E-02  0.0000000E+00  2.6153247E-05
  5.5075263E+00 -9.4542606E-01  9.9963579E+01 -9.0900502E-01  1.3032847E-01  6.8047502E-02  0.0000000E+00  2.4594774E-05
  5.5443100E+00 -9.3639900E-01  9.9965068E+01 -9.0146747E-01  1.2571899E-01  6.5350864E-02  0.0000000E+00  2.3122118E-05
  5.5813394E+00 -9.2755889E-01  9.9966506E+01 -8.9406484E-01  1.2124209E-01  6.2745103E-02  0.0000000E+00  2.1730979E-05
  5.6186160E+00 -9.1890437E-01  9.9967893E+01 -8.8679721E-01  1.1689514E-01  6.0227947E-02  0.0000000E+00  2.0417250E-05
  5.6561416E+00 -9.1043363E-01  9.9969231E+01 -8.7966424E-01  1.1267549E-01  5.7797142E-02  0.0000000E+00  1.9177006E-05
  5.6939179E+00 -9.0214452E-01  9.9970521E+01 -8.7266515E-01  1.0858051E-01  5.5450452E-02  0.0000000E+00  1.8006502E-05
  5.7319464E+00 -8.9403445E-01  9.9971764E+01 -8.6579875E-01  1.0460758E-01  5.3185663E-02  0.0000000E+00  1.6902163E-05
  5.7702289E+00 -8.8610048E-01  9.9972963E+01 -8.5906343E-01  1.0075410E-01  5.1000583E-02  0.0000000E+00  1.5860576E-05
  5.8087671E+00 -8.7833929E-01  9.9974118E+01 -8.5245719E-01  9.7017464E-02  4.8893044E-02  0.0000000E+00  1.4878488E-05
  5.8475627E+00 -8.7074717E-01  9.9975230E+01 -8.4597764E-01  9.3395100E-02  4.6860904E-02  0.0000000E+00  1.3952794E-05
  5.8866174E+00 -8.6332009E-01  9.9976302E+01 -8.3962198E-01  8.9884450E-02  4.4902049E-02  0.0000000E+00  1.3080536E-05
  5.9259329E+00 -8.5605365E-01  9.9977333E+01 -8.3338708E-01  8.6482976E-02  4.3014390E-02  0.0000000E+00  1.2258892E-05
  5.9655109E+00 -8.4894314E-01  9.9978326E+01 -8.2726941E-01  8.3188161E-02  4.1195871E-02  0.0000000E+00  1.1485177E-05
  6.0053533E+00 -8.4198350E-01  9.9979282E+01 -8.2126513E-01  7.9997514E-02  3.9444466E-02  0.0000000E+00  1.0756830E-05
  6.0454618E+00 -8.3516941E-01  9.9980201E+01 -8.1537005E-01  7.6908566E-02  3.7758180E-02  0.0000000E+00  1.0071416E-05
  6.0858382E+00 -8.2849524E-01  9.9981084E+01 -8.0957968E-01  7.3918876E-02  3.6135051E-02  0.0000000E+00  9.4266137E-06
  6.1264842E+00 -8.2195510E-01  9.9981934E+01 -8.0388924E-01  7.1026032E-02  3.4573152E-02  0.0000000E+00  8.8202168E-06
  6.1674017E+00 -8.1554284E-01  9.9982751E+01 -7.9829367E-01  6.8227647E-02  3.3070592E-02  0.0000000E+00  8.2501259E-06
  6.2085925E+00 -8.0925209E-01  9.9983536E+01 -7.9278764E-01  6.5521369E-02  3.1625511E-02  0.0000000E+00  7.7143448E-06
  6.2500583E+00 -8.0307628E-01  9.9984289E+01 -7.8736562E-01  6.2904872E-02  3.0236091E-02  0.0000000E+00  7.2109759E-06
  6.2918011E+00 -7.9700862E-01  9.9985013E+01 -7.8202182E-01  6.0375866E-02  2.8900547E-02  0.0000000E+00  6.7382164E-06
  6.3338227E+00 -7.9104219E-01  9.9985708E+01 -7.7675030E-01  5.7932090E-02  2.7617132E-02  0.0000000E+00  6.2943537E-06
  6.3761249E+00 -7.8516991E-01  9.9986375E+01 -7.7154494E-01  5.5571320E-02  2.6384139E-02  0.0000000E+00  5.8777616E-06
  6.4187097E+00 -7.7938456E-01  9.9987015E+01 -7.6639947E-01  5.3291364E-02  2.5199896E-02  0.0000000E+00  5.4868965E-06
  6.4615788E+00 -7.7367886E-01  9.9987629E+01 -7.6130750E-01  5.1090065E-02  2.4062772E-02  0.0000000E+00  5.1202939E-06
  6.5047343E+00 -7.6804545E-01  9.9988217E+01 -7.5626256E-01  4.8965300E-02  2.2971174E-02  0.0000000E+00  4.7765647E-06
  6.5481780E+00 -7.6247690E-01  9.9988781E+01 -7.5125809E-01  4.6914984E-02  2.1923547E-02  0.0000000E+00  4.4543917E-06
  6.5919118E+00 -7.5696580E-01  9.9989322E+01 -7.4628751E-01  4.4937067E-02  2.0918376E-02  0.0000000E+00  4.1525266E-06
  6.6359377E+00 -7.5150470E-01  9.9989840E+01 -7.4134422E-01  4.3029533E-02  1.9954182E-02  0.0000000E+00  3.8697865E-06
  6.6802577E+00 -7.4608623E-01  9.9990335E+01 -7.3642161E-01  4.1190406E-02  1.9029529E-02  0.0000000E+00  3.6050512E-06
  6.7248736E+00 -7.4070306E-01  9.9990810E+01 -7.3151314E-01  3.9417744E-02  1.8143016E-02  0.0000000E+00  3.3572600E-06
  6.7697875E+00 -7.3534792E-01  9.9991264E+01 -7.2661231E-01  3.7709642E-02  1.7293281E-02  0.0000000E+00  3.1254093E-06
  6.8150014E+00 -7.3001370E-01  9.9991699E+01 -7.2171272E-01  3.6064232E-02  1.6479001E-02  0.0000000E+00  2.9085493E-06
  6.8605173E+00 -7.2469340E-01  9.9992115E+01 -7.1680810E-01  3.4479684E-02  1.5698889E-02  0.0000000E+00  2.7057821E-06
  6.9063371E+00 -7.1938018E-01  9.9992512E+01 -7.1189230E-01  3.2954202E-02  1.4951697E-02  0.0000000E+00  2.5162586E-06
  6.9524629E+00 -7.1406739E-01  9.9992892E+01 -7.0695936E-01  3.1486029E-02  1.4236211E-02  0.0000000E+00  2.3391765E-06
  6.9988968E+00 -7.0874861E-01  9.9993255E+01 -7.0200348E-01  3.0073443E-02  1.3551257E-02  0.0000000E+00  2.1737779E-06
  7.0456409E+00 -7.0341764E-01  9.9993601E+01 -6.9701912E-01  2.8714758E-02  1.2895693E-02  0.0000000E+00  2.0193471E-06
  7.0926971E+00 -6.9806852E-01  9.9993932E+01 -6.9200095E-01  2.7408324E-02  1.2268415E-02  0.0000000E+00  1.8752086E-06
  7.1400675E+00 -6.9269561E-01  9.9994248E+01 -6.8694390E-01  2.6152529E-02  1.1668351E-02  0.0000000E+00  1.7407249E-06
  7.1877544E+00 -6.8729351E-01  9.9994550E+01 -6.8184317E-01  2.4945794E-02  1.1094465E-02  0.0000000E+00  1.6152948E-06
  7.2357597E+00 -6.8185719E-01  9.9994837E+01 -6.7669428E-01  2.3786576E-02  1.0545753E-02  0.0000000E+00  1.4983514E-06
  7.2840857E+00 -6.7638192E-01  9.9995111E+01 -6.7149305E-01  2.2673365E-02  1.0021245E-02  0.0000000E+00  1.3893603E-06
  7.3327343E+00 -6.7086330E-01  9.9995372E+01 -6.6623563E-01  2.1604690E-02  9.5200001E-03  0.0000000E+00  1.2878181E-06
  7.3817079E+00 -6.6529731E-01  9.9995621E+01 -6.6091849E-01  2.0579109E-02  9.0411112E-03  0.0000000E+00  1.1932506E-06
  7.4310086E+00 -6.5968030E-01  9.9995858E+01 -6.5553848E-01  1.9595217E-02  8.5837006E-03  0.0000000E+00  1.1052116E-06
  7.4806386E+00 -6.5400898E-01  9.9996084E+01 -6.5009279E-01  1.8651642E-02  8.1469202E-03  0.0000000E+00  1.0232809E-06
  7.5306000E+00 -6.4828043E-01  9.9996299E+01 -6.4457898E-01  1.7747044E-02  7.7299510E-03  0.0000000E+00  9.4706335E-07
  7.5808950E+00 -6.4249215E-01  9.9996503E+01 -6.3899498E-01  1.6880115E-02  7.3320020E-03  0.0000000E+00  8.7618733E-07
  7.6315260E+00 -6.3664200E-01  9.9996697E+01 -6.3333910E-01  1.6049581E-02  6.9523097E-03  0.0000000E+00  8.1030351E-07
  7.6824951E+00 -6.3072824E-01  9.9996882E+01 -6.2761001E-01  1.5254198E-02  6.5901374E-03  0.0000000E+00  7.4908365E-07
  7.7338047E+00 -6.2474951E-01  9.9997057E+01 -6.2180677E-01  1.4492755E-02  6.2447740E-03  0.0000000E+00  6.9221941E-07
  7.7854569E+00 -6.1870483E-01  9.9997224E+01 -6.1592878E-01  1.3764069E-02  5.9155338E-03  0.0000000E+00  6.3942131E-07
  7.8374540E+00 -6.1259361E-01  9.9997382E+01 -6.0997583E-01  1.3066990E-02  5.6017555E-03  0.0000000E+00  5.9041762E-07
  7.8897985E+00 -6.0641561E-01  9.9997532E+01 -6.0394805E-01  1.2400397E-02  5.3028014E-03  0.0000000E+00  5.4495343E-07
  7.9424925E+00 -6.0017096E-01  9.9997675E+01 -5.9784593E-01  1.1763199E-02  5.0180568E-03  0.0000000E+00  5.0278965E-07
  7.9955385E+00 -5.9386015E-01  9.9997810E+01 -5.9167028E-01  1.1154331E-02  4.7469293E-03  0.0000000E+00  4.6370215E-07
  8.0489387E+00 -5.8748398E-01  9.9997938E+01 -5.8542226E-01  1.0572761E-02  4.4888480E-03  0.0000000E+00  4.2748088E-07
  8.1026956E+00 -5.8104359E-01  9.9998060E+01 -5.7910330E-01  1.0017482E-02  4.2432629E-03  0.0000000E+00  3.9392911E-07
  8.1568115E+00 -5.7454043E-01  9.9998175E+01 -5.7271516E-01  9.4875158E-03  4.0096443E-03  0.0000000E+00  3.6286258E-07
  8.2112888E+00 -5.6797624E-01  9.9998284E+01 -5.6625987E-01  8.9819108E-03  3.7874818E-03  0.0000000E+00  3.3410887E-07
  8.2661299E+00 -5.6135303E-01  9.9998387E+01 -5.5973973E-01  8.4997425E-03  3.5762842E-03  0.0000000E+00  3.0750662E-07
  8.3213374E+00 -5.5467306E-01  9.9998484E+01 -5.5315728E-01  8.0401128E-03  3.3755784E-03  0.0000000E+00  2.8290494E-07
  8.3769135E+00 -5.4793884E-01  9.9998576E+01 -5.4651528E-01  7.6021491E-03  3.1849090E-03  0.0000000E+00  2.6016275E-07
  8.4328608E+00 -5.4115312E-01  9.9998664E+01 -5.3981672E-01  7.1850045E-03  3.0038379E-03  0.0000000E+00  2.3914824E-07
  8.4891817E+00 -5.3431881E-01  9.9998746E+01 -5.3306478E-01  6.7878568E-03  2.8319432E-03  0.0000000E+00  2.1973825E-07
  8.5458788E+00 -5.2743904E-01  9.9998824E+01 -5.2626279E-01  6.4099084E-03  2.6688192E-03  0.0000000E+00  2.0181780E-07
  8.6029546E+00 -5.2051708E-01  9.9998897E+01 -5.1941427E-01  6.0503859E-03  2.5140755E-03  0.0000000E+00  1.8527956E-07
  8.6604115E+00 -5.1355636E-01  9.9998966E+01 -5.1252285E-01  5.7085394E-03  2.3673368E-03  0.0000000E+00  1.7002341E-07
  8.7182522E+00 -5.0656044E-01  9.9999032E+01 -5.0559229E-01  5.3836423E-03  2.2282421E-03  0.0000000E+00  1.5595598E-07
  8.7764792E+00 -4.9953296E-01  9.9999093E+01 -4.9862644E-01  5.0749907E-03  2.0964442E-03  0.0000000E+00  1.4299022E-07
  8.8350951E+00 -4.9247769E-01  9.9999152E+01 -4.9162924E-01  4.7819032E-03  1.9716095E-03  0.0000000E+00  1.3104503E-07
  8.8941024E+00 -4.8539844E-01  9.9999206E+01 -4.8460470E-01  4.5037201E-03  1.8534175E-03  0.0000000E+00  1.2004485E-07
  8.9535038E+00 -4.7829909E-01  9.9999258E+01 -4.7755686E-01  4.2398033E-03  1.7415599E-03  0.0000000E+00  1.0991938E-07
  9.0133020E+00 -4.7118357E-01  9.9999306E+01 -4.7048981E-01  3.9895359E-03  1.6357410E-03  0.0000000E+00  1.0060314E-07
  9.0734995E+00 -4.6405581E-01  9.9999352E+01 -4.6340766E-01  3.7523214E-03  1.5356764E-03  0.0000000E+00  9.2035280E-08
  9.1340990E+00 -4.5691977E-01  9.9999395E+01 -4.5631450E-01  3.5275836E-03  1.4410934E-03  0.0000000E+00  8.4159180E-08
  9.1951033E+00 -4.4977940E-01  9.9999435E+01 -4.4921443E-01  3.3147662E-03  1.3517299E-03  0.0000000E+00  7.6922237E-08
  9.2565150E+00 -4.4263863E-01  9.9999473E+01 -4.4211152E-01  3.1133321E-03  1.2673347E-03  0.0000000E+00  7.0275581E-08
  9.3183368E+00 -4.3550137E-01  9.9999508E+01 -4.3500980E-01  2.9227633E-03  1.1876666E-03  0.0000000E+00  6.4173834E-08
  9.3805716E+00 -4.2837147E-01  9.9999542E+01 -4.2791327E-01  2.7425601E-03  1.1124944E-03  0.0000000E+00  5.8574879E-08
  9.4432219E+00 -4.2125275E-01  9.9999573E+01 -4.2082585E-01  2.5722411E-03  1.0415963E-03  0.0000000E+00  5.3439643E-08
  9.5062907E+00 -4.1414896E-01  9.9999602E+01 -4.1375140E-01  2.4113424E-03  9.7475979E-04  0.0000000E+00  4.8731893E-08
  9.5697807E+00 -4.0706379E-01  9.9999630E+01 -4.0669373E-01  2.2594177E-03  9.1178137E-04  0.0000000E+00  4.4418047E-08
  9.6336948E+00 -4.0000083E-01  9.9999656E+01 -3.9965654E-01  2.1160370E-03  8.5246598E-04  0.0000000E+00  4.0466992E-08
  9.6980356E+00 -3.9296361E-01  9.9999680E+01 -3.9264345E-01  1.9807873E-03  7.9662695E-04  0.0000000E+00  3.6849918E-08
  9.7628063E+00 -3.8595556E-01  9.9999702E+01 -3.8565798E-01  1.8532711E-03  7.4408558E-04  0.0000000E+00  3.3540158E-08
  9.8280094E+00 -3.7898002E-01  9.9999724E+01 -3.7870355E-01  1.7331069E-03  6.9467094E-04  0.0000000E+00  3.0513040E-08
  9.8936481E+00 -3.7204021E-01  9.9999743E+01 -3.7178348E-01  1.6199280E-03  6.4821957E-04  0.0000000E+00  2.7745750E-08
  9.9597251E+00 -3.6513926E-01  9.9999762E+01 -3.6490098E-01  1.5133829E-03  6.0457521E-04  0.0000000E+00  2.5217202E-08
  1.0026243E+01 -3.5828019E-01  9.9999779E+01 -3.5805914E-01  1.4131342E-03  5.6358856E-04  0.0000000E+00  2.2907916E-08
  1.0093206E+01 -3.5146591E-01  9.9999795E+01 -3.5126095E-01  1.3188583E-03  5.2511704E-04  0.0000000E+00  2.0799904E-08
  1.0160616E+01 -3.4469921E-01  9.9999810E+01 -3.4450927E-01  1.2302457E-03  4.8902452E-04  0.0000000E+00  1.8876563E-08
  1.0228476E+01 -3.3798277E-01  9.9999824E+01 -3.3780683E-01  1.1469994E-03  4.5518113E-04  0.0000000E+00  1.7122578E-08
  1.0296789E+01 -3.3131915E-01  9.9999837E+01 -3.3115626E-01  1.0688358E-03  4.2346300E-04  0.0000000E+00  1.5523828E-08
  1.0365559E+01 -3.2471080E-01  9.9999849E+01 -3.2456006E-01  9.9548315E-04  3.9375204E-04  0.0000000E+00  1.4067298E-08
  1.0434787E+01 -3.1816003E-01  9.9999861E+01 -3.1802062E-01  9.2668203E-04  3.6593575E-04  0.0000000E+00  1.2741000E-08
  1.0504478E+01 -3.1166906E-01  9.9999871E+01 -3.1154018E-01  8.6218449E-04  3.3990699E-04  0.0000000E+00  1.1533897E-08
  1.0574635E+01 -3.0523998E-01  9.9999881E+01 -3.0512090E-01  8.0175385E-04  3.1556379E-04  0.0000000E+00  1.0435833E-08
  1.0645260E+01 -2.9887475E-01  9.9999890E+01 -2.9876479E-01  7.4516428E-04  2.9280912E-04  0.0000000E+00  9.4374654E-09
  1.0716357E+01 -2.9257525E-01  9.9999899E+01 -2.9247375E-01  6.9220042E-04  2.7155075E-04  0.0000000E+00  8.5302072E-09
  1.0787928E+01 -2.8634320E-01  9.9999906E+01 -2.8624958E-01  6.4265706E-04  2.5170103E-04  0.0000000E+00  7.7061679E-09
  1.0859978E+01 -2.8018026E-01  9.9999914E+01 -2.8009393E-01  5.9633877E-04  2.3317671E-04  0.0000000E+00  6.9581014E-09
  1.0932509E+01 -2.7408792E-01  9.9999920E+01 -2.7400837E-01  5.5305951E-04  2.1589876E-04  0.0000000E+00  6.2793565E-09
  1.1005524E+01 -2.6806762E-01  9.9999927E+01 -2.6799435E-01  5.1264235E-04  1.9979221E-04  0.0000000E+00  5.6638314E-09
  1.1079027E+01 -2.6212065E-01  9.9999933E+01 -2.6205321E-01  4.7491908E-04  1.8478598E-04  0.0000000E+00  5.1059316E-09
  1.1153021E+01 -2.5624823E-01  9.9999938E+01 -2.5618617E-01  4.3972989E-04  1.7081271E-04  0.0000000E+00  4.6005295E-09
  1.1227509E+01 -2.5045144E-01  9.9999943E+01 -2.5039437E-01  4.0692306E-04  1.5780862E-04  0.0000000E+00  4.1429290E-09
  1.1302494E+01 -2.4473129E-01  9.9999948E+01 -2.4467884E-01  3.7635466E-04  1.4571331E-04  0.0000000E+00  3.7288305E-09
  1.1377980E+01 -2.3908869E-01  9.9999952E+01 -2.3904052E-01  3.4788816E-04  1.3446968E-04  0.0000000E+00  3.3543003E-09
  1.1453970E+01 -2.3352445E-01  9.9999956E+01 -2.3348023E-01  3.2139423E-04  1.2402373E-04  0.0000000E+00  3.0157408E-09
  1.1530468E+01 -2.2803929E-01  9.9999959E+01 -2.2799871E-01  2.9675037E-04  1.1432447E-04  0.0000000E+00  2.7098639E-09
  1.1607477E+01 -2.2263385E-01  9.9999963E+01 -2.2259664E-01  2.7384065E-04  1.0532372E-04  0.0000000E+00  2.4336660E-09
  1.1685000E+01 -2.1730867E-01  9.9999966E+01 -2.1727457E-01  2.5255542E-04  9.6976044E-05  0.0000000E+00  2.1844047E-09
  1.1763041E+01 -2.1206422E-01  9.9999969E+01 -2.1203298E-01  2.3279104E-04  8.9238580E-05  0.0000000E+00  1.9595775E-09
  1.1841603E+01 -2.0690089E-01  9.9999971E+01 -2.0687229E-01  2.1444964E-04  8.2070941E-05  0.0000000E+00  1.7569022E-09
  1.1920690E+01 -2.0181899E-01  9.9999974E+01 -2.0179282E-01  1.9743880E-04  7.5435089E-05  0.0000000E+00  1.5742986E-09
  1.2000305E+01 -1.9681874E-01  9.9999976E+01 -1.9679481E-01  1.8167136E-04  6.9295222E-05  0.0000000E+00  1.4098717E-09
  1.2080451E+01 -1.9190033E-01  9.9999978E+01 -1.9187846E-01  1.6706514E-04  6.3617661E-05  0.0000000E+00  1.2618959E-09
  1.2161133E+01 -1.8706384E-01  9.9999980E+01 -1.8704386E-01  1.5354274E-04  5.8370752E-05  0.0000000E+00  1.1288014E-09
  1.2242354E+01 -1.8230930E-01  9.9999982E+01 -1.8229107E-01  1.4103126E-04  5.3524757E-05  0.0000000E+00  1.0091601E-09
  1.2324117E+01 -1.7763669E-01  9.9999983E+01 -1.7762006E-01  1.2946214E-04  4.9051757E-05  0.0000000E+00  9.0167435E-10
  1.2406426E+01 -1.7304592E-01  9.9999985E+01 -1.7303075E-01  1.1877091E-04  4.4925563E-05  0.0000000E+00  8.0516506E-10
  1.2489285E+01 -1.6853682E-01  9.9999986E+01 -1.6852300E-01  1.0889699E-04  4.1121618E-05  0.0000000E+00  7.1856192E-10
  1.2572698E+01 -1.6410921E-01  9.9999987E+01 -1.6409662E-01  9.9783494E-05  3.7616917E-05  0.0000000E+00  6.4089374E-10
  1.2656667E+01 -1.5976282E-01  9.9999989E+01 -1.5975136E-01  9.1377064E-05  3.4389919E-05  0.0000000E+00  5.7127983E-10
  1.2741197E+01 -1.5549734E-01  9.9999990E+01 -1.5548692E-01  8.3627650E-05  3.1420468E-05  0.0000000E+00  5.0892200E-10
  1.2826292E+01 -1.5131242E-01  9.9999991E+01 -1.5130295E-01  7.6488359E-05  2.8689719E-05  0.0000000E+00  4.5309732E-10
  1.2911955E+01 -1.4720766E-01  9.9999991E+01 -1.4719906E-01  6.9915278E-05  2.6180063E-05  0.0000000E+00  4.0315135E-10
  1.2998191E+01 -1.4318262E-01  9.9999992E+01 -1.4317480E-01  6.3867315E-05  2.3875055E-05  0.0000000E+00  3.5849204E-10
  1.3085002E+01 -1.3923680E-01  9.9999993E+01 -1.3922971E-01  5.8306042E-05  2.1759353E-05  0.0000000E+00  3.1858410E-10
  1.3172393E+01 -1.3536969E-01  9.9999994E+01 -1.3536326E-01  5.3195550E-05  1.9818647E-05  0.0000000E+00  2.8294386E-10
  1.3260367E+01 -1.3158072E-01  9.9999994E+01 -1.3157489E-01  4.8502305E-05  1.8039606E-05  0.0000000E+00  2.5113452E-10
  1.3348929E+01 -1.2786930E-01  9.9999995E+01 -1.2786402E-01  4.4195012E-05  1.6409813E-05  0.0000000E+00  2.2276189E-10
  1.3438083E+01 -1.2423479E-01  9.9999995E+01 -1.2423002E-01  4.0244488E-05  1.4917714E-05  0.0000000E+00  1.9747043E-10
  1.3527832E+01 -1.2067655E-01  9.9999996E+01 -1.2067223E-01  3.6623538E-05  1.3552565E-05  0.0000000E+00  1.7493966E-10
  1.3618181E+01 -1.1719387E-01  9.9999996E+01 -1.1718997E-01  3.3306833E-05  1.2304382E-05  0.0000000E+00  1.5488090E-10
  1.3709132E+01 -1.1378605E-01  9.9999996E+01 -1.1378252E-01  3.0270806E-05  1.1163894E-05  0.0000000E+00  1.3703426E-10
  1.3800692E+01 -1.1045233E-01  9.9999997E+01 -1.1044914E-01  2.7493537E-05  1.0122497E-05  0.0000000E+00  1.2116591E-10
  1.3892862E+01 -1.0719195E-01  9.9999997E+01 -1.0718907E-01  2.4954660E-05  9.1722138E-06  0.0000000E+00  1.0706561E-10
  1.3985649E+01 -1.0400412E-01  9.9999997E+01 -1.0400153E-01  2.2635259E-05  8.3056506E-06  0.0000000E+00  9.4544476E-11
  1.4079055E+01 -1.0088803E-01  9.9999998E+01 -1.0088569E-01  2.0517784E-05  7.5159620E-06  0.0000000E+00  8.3432865E-11
  1.4173085E+01 -9.7842848E-02  9.9999998E+01 -9.7840745E-02  1.8585957E-05  6.7968134E-06  0.0000000E+00  7.3578554E-11
  1.4267743E+01 -9.4867725E-02  9.9999998E+01 -9.4865833E-02  1.6824697E-05  6.1423477E-06  0.0000000E+00  6.4845028E-11
  1.4363033E+01 -9.1961796E-02  9.9999998E+01 -9.1960094E-02  1.5220039E-05  5.5471525E-06  0.0000000E+00  5.7109936E-11
  1.4458959E+01 -8.9124179E-02  9.9999998E+01 -8.9122649E-02  1.3759059E-05  5.0062309E-06  0.0000000E+00  5.0263700E-11
  1.4555526E+01 -8.6353978E-02  9.9999999E+01 -8.6352604E-02  1.2429810E-05  4.5149721E-06  0.0000000E+00  4.4208238E-11
  1.4652738E+01 -8.3650285E-02  9.9999999E+01 -8.3649053E-02  1.1221252E-05  4.0691251E-06  0.0000000E+00  3.8855824E-11
  1.4750599E+01 -8.1012181E-02  9.9999999E+01 -8.1011075E-02  1.0123192E-05  3.6647735E-06  0.0000000E+00  3.4128043E-11
  1.4849114E+01 -7.8438733E-02  9.9999999E+01 -7.8437743E-02  9.1262250E-06  3.2983114E-06  0.0000000E+00  2.9954850E-11
  1.4948287E+01 -7.5929003E-02  9.9999999E+01 -7.5928116E-02  8.2216822E-06  2.9664220E-06  0.0000000E+00  2.6273719E-11
  1.5048122E+01 -7.3482042E-02  9.9999999E+01 -7.3481247E-02  7.4015762E-06  2.6660559E-06  0.0000000E+00  2.3028876E-11
  1.5148624E+01 -7.1096893E-02  9.9999999E+01 -7.1096182E-02  6.6585547E-06  2.3944120E-06  0.0000000E+00  2.0170600E-11
  1.5249797E+01 -6.8772594E-02  9.9999999E+01 -6.8771959E-02  5.9858541E-06  2.1489191E-06  0.0000000E+00  1.7654600E-11
  1.5351646E+01 -6.6508178E-02  9.9999999E+01 -6.6507611E-02  5.3772578E-06  1.9272190E-06  0.0000000E+00  1.5441448E-11
  1.5454175E+01 -6.4302673E-02  9.9999999E+01 -6.4302167E-02  4.8270558E-06  1.7271502E-06  0.0000000E+00  1.3496071E-11
  1.5557389E+01 -6.2155102E-02  1.0000000E+02 -6.2154651E-02  4.3300073E-06  1.5467331E-06  0.0000000E+00  1.1787287E-11
  1.5661292E+01 -6.0064488E-02  1.0000000E+02 -6.0064085E-02  3.8813063E-06  1.3841561E-06  0.0000000E+00  1.0287401E-11
  1.5765889E+01 -5.8029850E-02  1.0000000E+02 -5.8029491E-02  3.4765485E-06  1.2377626E-06  0.0000000E+00  8.9718243E-12
  1.5871185E+01 -5.6050206E-02  1.0000000E+02 -5.6049887E-02  3.1117008E-06  1.1060389E-06  0.0000000E+00  7.8187470E-12
  1.5977184E+01 -5.4124575E-02  1.0000000E+02 -5.4124291E-02  2.7830730E-06  9.8760290E-07  0.0000000E+00  6.8088360E-12
  1.6083891E+01 -5.2251976E-02  1.0000000E+02 -5.2251723E-02  2.4872912E-06  8.8119353E-07  0.0000000E+00  5.9249663E-12
  1.6191310E+01 -5.0431427E-02  1.0000000E+02 -5.0431203E-02  2.2212733E-06  7.8566127E-07  0.0000000E+00  5.1519799E-12
  1.6299447E+01 -4.8661952E-02  1.0000000E+02 -4.8661752E-02  1.9822055E-06  6.9995894E-07  0.0000000E+00  4.4764699E-12
  1.6408306E+01 -4.6942573E-02  1.0000000E+02 -4.6942396E-02  1.7675214E-06  6.2313341E-07  0.0000000E+00  3.8865865E-12
  1.6517892E+01 -4.5272317E-02  1.0000000E+02 -4.5272160E-02  1.5748819E-06  5.5431776E-07  0.0000000E+00  3.3718644E-12
  1.6628210E+01 -4.3650216E-02  1.0000000E+02 -4.3650077E-02  1.4021568E-06  4.9272416E-07  0.0000000E+00  2.9230677E-12
  1.6739265E+01 -4.2075304E-02  1.0000000E+02 -4.2075181E-02  1.2474076E-06  4.3763720E-07  0.0000000E+00  2.5320515E-12
  1.6851061E+01 -4.0546621E-02  1.0000000E+02 -4.0546512E-02  1.1088717E-06  3.8840777E-07  0.0000000E+00  2.1916388E-12
  1.6963604E+01 -3.9063212E-02  1.0000000E+02 -3.9063115E-02  9.8494792E-07  3.4444735E-07  0.0000000E+00  1.8955099E-12
  1.7076899E+01 -3.7624127E-02  1.0000000E+02 -3.7624042E-02  8.7418263E-07  3.0522282E-07  0.0000000E+00  1.6381046E-12
  1.7190950E+01 -3.6228425E-02  1.0000000E+02 -3.6228350E-02  7.7525733E-07  2.7025161E-07  0.0000000E+00  1.4145344E-12
  1.7305764E+01 -3.4875168E-02  1.0000000E+02 -3.4875102E-02  6.8697708E-07  2.3909728E-07  0.0000000E+00  1.2205049E-12
  1.7421343E+01 -3.3563429E-02  1.0000000E+02 -3.3563370E-02  6.0825978E-07  2.1136540E-07  0.0000000E+00  1.0522465E-12
  1.7537695E+01 -3.2292285E-02  1.0000000E+02 -3.2292233E-02  5.3812636E-07  1.8669985E-07  0.0000000E+00  9.0645275E-13
  1.7654824E+01 -3.1060823E-02  1.0000000E+02 -3.1060777E-02  4.7569166E-07  1.6477931E-07  0.0000000E+00  7.8022584E-13
  1.7772735E+01 -2.9868139E-02  1.0000000E+02 -2.9868098E-02  4.2015611E-07  1.4531414E-07  0.0000000E+00  6.7102814E-13
  1.7891434E+01 -2.8713336E-02  1.0000000E+02 -2.8713300E-02  3.7079808E-07  1.2804344E-07  0.0000000E+00  5.7663912E-13
  1.8010925E+01 -2.7595528E-02  1.0000000E+02 -2.7595496E-02  3.2696680E-07  1.1273243E-07  0.0000000E+00  4.9511737E-13
  1.8131215E+01 -2.6513836E-02  1.0000000E+02 -2.6513808E-02  2.8807591E-07  9.9169986E-08  0.0000000E+00  4.2476685E-13
  1.8252307E+01 -2.5467393E-02  1.0000000E+02 -2.5467368E-02  2.5359753E-07  8.7166419E-08  0.0000000E+00  3.6410710E-13
  1.8374209E+01 -2.4455341E-02  1.0000000E+02 -2.4455320E-02  2.2305687E-07  7.6551456E-08  0.0000000E+00  3.1184689E-13
  1.8496925E+01 -2.3476833E-02  1.0000000E+02 -2.3476814E-02  1.9602720E-07  6.7172377E-08  0.0000000E+00  2.6686099E-13
  1.8620460E+01 -2.2531031E-02  1.0000000E+02 -2.2531014E-02  1.7212536E-07  5.8892321E-08  0.0000000E+00  2.2816960E-13
  1.8744820E+01 -2.1617109E-02  1.0000000E+02 -2.1617094E-02  1.5100760E-07  5.1588747E-08  0.0000000E+00  1.9492033E-13
  1.8870011E+01 -2.0734251E-02  1.0000000E+02 -2.0734238E-02  1.3236580E-07  4.5152031E-08  0.0000000E+00  1.6637219E-13
  1.8996038E+01 -1.9881655E-02  1.0000000E+02 -1.9881643E-02  1.1592401E-07  3.9484188E-08  0.0000000E+00  1.4188162E-13
  1.9122907E+01 -1.9058526E-02  1.0000000E+02 -1.9058515E-02  1.0143531E-07  3.4497717E-08  0.0000000E+00  1.2089016E-13
  1.9250623E+01 -1.8264084E-02  1.0000000E+02 -1.8264074E-02  8.8678975E-08  3.0114544E-08  0.0000000E+00  1.0291359E-13
  1.9379191E+01 -1.7497559E-02  1.0000000E+02 -1.7497550E-02  7.7457847E-08  2.6265071E-08  0.0000000E+00  8.7532424E-14
  1.9508619E+01 -1.6758193E-02  1.0000000E+02 -1.6758185E-02  6.7595991E-08  2.2887310E-08  0.0000000E+00  7.4383597E-14
  1.9638911E+01 -1.6045241E-02  1.0000000E+02 -1.6045235E-02  5.8936549E-08  1.9926101E-08  0.0000000E+00  6.3153130E-14
  1.9770073E+01 -1.5357970E-02  1.0000000E+02 -1.5357964E-02  5.1339801E-08  1.7332404E-08  0.0000000E+00  5.3569741E-14
  1.9902111E+01 -1.4695658E-02  1.0000000E+02 -1.4695652E-02  4.4681405E-08  1.5062659E-08  0.0000000E+00  4.5399246E-14
  2.0035031E+01 -1.4057595E-02  1.0000000E+02 -1.4057590E-02  3.8850807E-08  1.3078210E-08  0.0000000E+00  3.8439664E-14
  2.0168839E+01 -1.3443086E-02  1.0000000E+02 -1.3443082E-02  3.3749805E-08  1.1344784E-08  0.0000000E+00  3.2516952E-14
  2.0303540E+01 -1.2851447E-02  1.0000000E+02 -1.2851442E-02  2.9291247E-08  9.8320210E-09  0.0000000E+00  2.7481268E-14
  2.0439141E+01 -1.2282004E-02  1.0000000E+02 -1.2282000E-02  2.5397864E-08  8.5130544E-09  0.0000000E+00  2.3203729E-14
  2.0575648E+01 -1.1734100E-02  1.0000000E+02 -1.1734096E-02  2.2001213E-08  7.3641295E-09  0.0000000E+00  1.9573580E-14
  2.0713066E+01 -1.1207087E-02  1.0000000E+02 -1.1207084E-02  1.9040724E-08  6.3642638E-09  0.0000000E+00  1.6495730E-14
  2.0851402E+01 -1.0700332E-02  1.0000000E+02 -1.0700329E-02  1.6462850E-08  5.4949405E-09  0.0000000E+00  1.3888616E-14
  2.0990662E+01 -1.0213213E-02  1.0000000E+02 -1.0213210E-02  1.4220294E-08  4.7398346E-09  0.0000000E+00  1.1682341E-14
  2.1130852E+01 -9.7451215E-03  1.0000000E+02 -9.7451188E-03  1.2271323E-08  4.0845668E-09  0.0000000E+00  9.8170617E-15
  2.1271979E+01 -9.2954608E-03  1.0000000E+02 -9.2954583E-03  1.0579148E-08  3.5164846E-09  0.0000000E+00  8.2415939E-15
  2.1414047E+01 -8.8636474E-03  1.0000000E+02 -8.8636450E-03  9.1113711E-09  3.0244650E-09  0.0000000E+00  6.9121986E-15
  2.1557065E+01 -8.4491101E-03  1.0000000E+02 -8.4491078E-03  7.8394878E-09  2.5987394E-09  0.0000000E+00  5.7915358E-15
  2.1701038E+01 -8.0512902E-03  1.0000000E+02 -8.0512880E-03  6.7384458E-09  2.2307373E-09  0.0000000E+00  4.8477594E-15
  2.1845972E+01 -7.6696413E-03  1.0000000E+02 -7.6696392E-03  5.7862479E-09  1.9129464E-09  0.0000000E+00  4.0537349E-15
  2.1991875E+01 -7.3036296E-03  1.0000000E+02 -7.3036275E-03  4.9635994E-09  1.6387889E-09  0.0000000E+00  3.3863653E-15
  2.2138751E+01 -6.9527334E-03  1.0000000E+02 -6.9527314E-03  4.2535928E-09  1.4025106E-09  0.0000000E+00  2.8260094E-15
  2.2286609E+01 -6.6164433E-03  1.0000000E+02 -6.6164413E-03  3.6414277E-09  1.1990833E-09  0.0000000E+00  2.3559815E-15
  2.2435454E+01 -6.2942621E-03  1.0000000E+02 -6.2942602E-03  3.1141615E-09  1.0241172E-09  0.0000000E+00  1.9621210E-15
  2.2585293E+01 -5.9857046E-03  1.0000000E+02 -5.9857027E-03  2.6604879E-09  8.7378416E-10  0.0000000E+00  1.6324220E-15
  2.2736133E+01 -5.6902974E-03  1.0000000E+02 -5.6902956E-03  2.2705402E-09  7.4474887E-10  0.0000000E+00  1.3567160E-15
  2.2887981E+01 -5.4075793E-03  1.0000000E+02 -5.4075775E-03  1.9357168E-09  6.3410876E-10  0.0000000E+00  1.1263992E-15
  2.3040842E+01 -5.1371005E-03  1.0000000E+02 -5.1370986E-03  1.6485275E-09  5.3934026E-10  0.0000000E+00  9.3419970E-16
  2.3194725E+01 -4.8784229E-03  1.0000000E+02 -4.8784211E-03  1.4024560E-09  4.5825169E-10  0.0000000E+00  7.7397712E-16
  2.3349635E+01 -4.6311199E-03  1.0000000E+02 -4.6311181E-03  1.1918399E-09  3.8894161E-10  0.0000000E+00  6.4055226E-16
  2.3505580E+01 -4.3947764E-03  1.0000000E+02 -4.3947747E-03  1.0117638E-09  3.2976210E-10  0.0000000E+00  5.2956108E-16
  2.3662566E+01 -4.1689884E-03  1.0000000E+02 -4.1689867E-03  8.5796542E-10  2.7928652E-10  0.0000000E+00  4.3733032E-16
  2.3820601E+01 -3.9533629E-03  1.0000000E+02 -3.9533612E-03  7.2675286E-10  2.3628110E-10  0.0000000E+00  3.6077141E-16
  2.3979691E+01 -3.7475180E-03  1.0000000E+02 -3.7475163E-03  6.1493168E-10  1.9968001E-10  0.0000000E+00  2.9729020E-16
  2.4139844E+01 -3.5510826E-03  1.0000000E+02 -3.5510809E-03  5.1974100E-10  1.6856353E-10  0.0000000E+00  2.4471014E-16
  2.4301066E+01 -3.3636960E-03  1.0000000E+02 -3.3636943E-03  4.3879723E-10  1.4213888E-10  0.0000000E+00  2.0120703E-16
  2.4463365E+01 -3.1850082E-03  1.0000000E+02 -3.1850065E-03  3.7004483E-10  1.1972344E-10  0.0000000E+00  1.6525363E-16
  2.4626748E+01 -3.0146795E-03  1.0000000E+02 -3.0146778E-03  3.1171316E-10  1.0073009E-10  0.0000000E+00  1.3557276E-16
  2.4791222E+01 -2.8523803E-03  1.0000000E+02 -2.8523786E-03  2.6227868E-10  8.4654438E-11  0.0000000E+00  1.1109751E-16
  2.4956794E+01 -2.6977909E-03  1.0000000E+02 -2.6977893E-03  2.2043199E-10  7.1063638E-11  0.0000000E+00  9.0937600E-17
  2.5123473E+01 -2.5506017E-03  1.0000000E+02 -2.5506000E-03  1.8504899E-10  5.9586657E-11  0.0000000E+00  7.4350988E-17
  2.5291264E+01 -2.4105124E-03  1.0000000E+02 -2.4105108E-03  1.5516577E-10  4.9905812E-11  0.0000000E+00  6.0719881E-17
  2.5460177E+01 -2.2772324E-03  1.0000000E+02 -2.2772308E-03  1.2995678E-10  4.1749414E-11  0.0000000E+00  4.9530507E-17
  2.5630217E+01 -2.1504803E-03  1.0000000E+02 -2.1504787E-03  1.0871571E-10  3.4885377E-11  0.0000000E+00  4.0356092E-17
  2.5801393E+01 -2.0299838E-03  1.0000000E+02 -2.0299822E-03  9.0839069E-11  2.9115671E-11  0.0000000E+00  3.2842533E-17
  2.5973712E+01 -1.9154796E-03  1.0000000E+02 -1.9154780E-03  7.5811763E-11  2.4271526E-11  0.0000000E+00  2.6696367E-17
  2.6147182E+01 -1.8067131E-03  1.0000000E+02 -1.8067115E-03  6.3194694E-11  2.0209279E-11  0.0000000E+00  2.1674662E-17
  2.6321811E+01 -1.7034383E-03  1.0000000E+02 -1.7034366E-03  5.2613992E-11  1.6806780E-11  0.0000000E+00  1.7576561E-17
  2.6497606E+01 -1.6054174E-03  1.0000000E+02 -1.6054158E-03  4.3751708E-11  1.3960297E-11  0.0000000E+00  1.4236182E-17
  2.6674574E+01 -1.5124212E-03  1.0000000E+02 -1.5124195E-03  3.6337778E-11  1.1581844E-11  0.0000000E+00  1.1516695E-17
  2.6852725E+01 -1.4242280E-03  1.0000000E+02 -1.4242264E-03  3.0143090E-11  9.5968805E-12  0.0000000E+00  9.3053693E-18
  2.7032066E+01 -1.3406245E-03  1.0000000E+02 -1.3406229E-03  2.4973513E-11  7.9423355E-12  0.0000000E+00  7.5094368E-18
  2.7212604E+01 -1.2614045E-03  1.0000000E+02 -1.2614029E-03  2.0664760E-11  6.5649060E-12  0.0000000E+00  6.0526526E-18
  2.7394348E+01 -1.1863697E-03  1.0000000E+02 -1.1863681E-03  1.7077974E-11  5.4196008E-12  0.0000000E+00  4.8724272E-18
  2.7577306E+01 -1.1153287E-03  1.0000000E+02 -1.1153271E-03  1.4095935E-11  4.4684915E-12  0.0000000E+00  3.9174439E-18
  2.7761486E+01 -1.0480975E-03  1.0000000E+02 -1.0480960E-03  1.1619819E-11  3.6796433E-12  0.0000000E+00  3.1456805E-18
  2.7946896E+01 -9.8449896E-04  1.0000000E+02 -9.8449738E-04  9.5664115E-12  3.0262023E-12  0.0000000E+00  2.5227682E-18
  2.8133544E+01 -9.2436250E-04  1.0000000E+02 -9.2436092E-04  7.8657334E-12  2.4856153E-12  0.0000000E+00  2.0206337E-18
  2.8321439E+01 -8.6752424E-04  1.0000000E+02 -8.6752267E-04  6.4590123E-12  2.0389651E-12  0.0000000E+00  1.6163736E-18
  2.8510589E+01 -8.1382665E-04  1.0000000E+02 -8.1382508E-04  5.2969509E-12  1.6704053E-12  0.0000000E+00  1.2913274E-18
  2.8701002E+01 -7.6311836E-04  1.0000000E+02 -7.6311680E-04  4.3382533E-12  1.3666786E-12  0.0000000E+00  1.0303159E-18
  2.8892686E+01 -7.1525405E-04  1.0000000E+02 -7.1525249E-04  3.5483721E-12  1.1167057E-12  0.0000000E+00  8.2096539E-19
  2.9085651E+01 -6.7009639E-04  1.0000000E+02 -6.7009483E-04  2.8984441E-12  9.1124898E-13  0.0000000E+00  6.5334907E-19
  2.9279905E+01 -6.2748939E-04  1.0000000E+02 -6.2748784E-04  2.3643840E-12  7.4260083E-13  0.0000000E+00  5.1919483E-19
  2.9475456E+01 -5.8735740E-04  1.0000000E+02 -5.8735585E-04  1.9261272E-12  6.0435176E-13  0.0000000E+00  4.1210837E-19
  2.9672313E+01 -2.8884219E-04  1.0000000E+02 -2.8884065E-04  1.5669728E-12  4.9117632E-13  0.0000000E+00  3.2662176E-19
  2.9870484E+01 -3.0321991E-04  1.0000000E+02 -3.0321838E-04  1.2730455E-12  3.9864972E-13  0.0000000E+00  2.5854557E-19
  3.0069979E+01 -3.2855120E-04  1.0000000E+02 -3.2854967E-04  1.0328289E-12  3.2311056E-13  0.0000000E+00  2.0437547E-19
  3.0270807E+01 -3.5080942E-04  1.0000000E+02 -3.5080789E-04  8.3677905E-13  2.6152435E-13  0.0000000E+00  1.6133509E-19
  3.0472976E+01 -3.6119677E-04  1.0000000E+02 -3.6119525E-04  6.7699751E-13  2.1138312E-13  0.0000000E+00  1.2718433E-19
  3.0676495E+01 -3.5904369E-04  1.0000000E+02 -3.5904217E-04  5.4695689E-13  1.7061666E-13  0.0000000E+00  1.0012431E-19
  3.0881373E+01 -3.4784749E-04  1.0000000E+02 -3.4784597E-04  4.4127037E-13  1.3751856E-13  0.0000000E+00  7.8712395E-20
  3.1087620E+01 -3.3147505E-04  1.0000000E+02 -3.3147354E-04  3.5549865E-13  1.1068422E-13  0.0000000E+00  6.1793203E-20
  3.1295244E+01 -3.1272921E-04  1.0000000E+02 -3.1272771E-04  2.8598844E-13  8.8959106E-14  0.0000000E+00  4.8442730E-20
  3.1504254E+01 -2.9330355E-04  1.0000000E+02 -2.9330206E-04  2.2973766E-13  7.1395559E-14  0.0000000E+00  3.7923039E-20
  3.1714661E+01 -2.7411967E-04  1.0000000E+02 -2.7411818E-04  1.8428282E-13  5.7216836E-14  0.0000000E+00  2.9645621E-20
  3.1926472E+01 -2.5563960E-04  1.0000000E+02 -2.5563811E-04  1.4760539E-13  4.5787197E-14  0.0000000E+00  2.3141802E-20
  3.2139699E+01 -2.3807243E-04  1.0000000E+02 -2.3807095E-04  1.1805383E-13  3.6587065E-14  0.0000000E+00  1.8038868E-20
  3.2354349E+01 -2.2149430E-04  1.0000000E+02 -2.2149282E-04  9.4278809E-14  2.9192418E-14  0.0000000E+00  1.4040841E-20
  3.2570433E+01 -2.0591380E-04  1.0000000E+02 -2.0591233E-04  7.5179589E-14  2.3257725E-14  0.0000000E+00  1.0913022E-20
  3.2787960E+01 -1.9130644E-04  1.0000000E+02 -1.9130498E-04  5.9859530E-14  1.8501829E-14  0.0000000E+00  8.4695677E-21
  3.3006940E+01 -1.7763239E-04  1.0000000E+02 -1.7763093E-04  4.7589351E-14  1.4696299E-14  0.0000000E+00  6.5635384E-21
  3.3227383E+01 -1.6484545E-04  1.0000000E+02 -1.6484400E-04  3.7776783E-14  1.1655817E-14  0.0000000E+00  5.0789231E-21
  3.3449298E+01 -1.5289763E-04  1.0000000E+02 -1.5289618E-04  2.9941560E-14  9.2302719E-15  0.0000000E+00  3.9242650E-21
  3.3672694E+01 -1.4174128E-04  1.0000000E+02 -1.4173984E-04  2.3694835E-14  7.2982505E-15  0.0000000E+00  3.0275711E-21
  3.3897583E+01 -1.3133019E-04  1.0000000E+02 -1.3132875E-04  1.8722260E-14  5.7617052E-15  0.0000000E+00  2.3322545E-21
  3.4123974E+01 -1.2162002E-04  1.0000000E+02 -1.2161859E-04  1.4770106E-14  4.5415778E-15  0.0000000E+00  1.7939046E-21
  3.4351877E+01 -1.1256853E-04  1.0000000E+02 -1.1256711E-04  1.1633896E-14  3.5742205E-15  0.0000000E+00  1.3777195E-21
  3.4581301E+01 -1.0413558E-04  1.0000000E+02 -1.0413416E-04  9.1491006E-15  2.8084727E-15  0.0000000E+00  1.0564684E-21
  3.4812258E+01 -9.6283122E-05  1.0000000E+02 -9.6281707E-05  7.1835419E-15  2.2032749E-15  0.0000000E+00  8.0887752E-22
  3.5044758E+01 -8.8975118E-05  1.0000000E+02 -8.8973710E-05  5.6312035E-15  1.7257272E-15  0.0000000E+00  6.1835196E-22
  3.5278810E+01 -8.2177490E-05  1.0000000E+02 -8.2176088E-05  4.4071872E-15  1.3495092E-15  0.0000000E+00  4.7196706E-22
  3.5514426E+01 -7.5858022E-05  1.0000000E+02 -7.5856626E-05  3.4436162E-15  1.0535984E-15  0.0000000E+00  3.5967217E-22
  3.5751615E+01 -6.9986285E-05  1.0000000E+02 -6.9984895E-05  2.6863106E-15  8.2123059E-16  0.0000000E+00  2.7366383E-22
  3.5990388E+01 -6.4533551E-05  1.0000000E+02 -6.4532168E-05  2.0920938E-15  6.3905923E-16  0.0000000E+00  2.0789289E-22
  3.6230756E+01 -5.9472719E-05  1.0000000E+02 -5.9471342E-05  1.6266148E-15  4.9647600E-16  0.0000000E+00  1.5767751E-22
  3.6472729E+01 -5.4778233E-05  1.0000000E+02 -5.4776863E-05  1.2625893E-15  3.8506292E-16  0.0000000E+00  1.1939991E-22
  3.6716318E+01 -5.0426013E-05  1.0000000E+02 -5.0424649E-05  9.7838195E-16  2.9815119E-16  0.0000000E+00  9.0268989E-23
  3.6961534E+01 -4.6393378E-05  1.0000000E+02 -4.6392021E-05  7.5686563E-16  2.3046653E-16  0.0000000E+00  6.8134923E-23
  3.7208388E+01 -4.2658981E-05  1.0000000E+02 -4.2657631E-05  5.8450500E-16  1.7784462E-16  0.0000000E+00  5.1344485E-23
  3.7456890E+01 -3.9202740E-05  1.0000000E+02 -3.9201397E-05  4.5062138E-16  1.3700301E-16  0.0000000E+00  3.8628418E-23
  3.7707052E+01 -3.6005777E-05  1.0000000E+02 -3.6004440E-05  3.4680431E-16  1.0535885E-16  0.0000000E+00  2.9013852E-23
  3.7958885E+01 -3.3050351E-05  1.0000000E+02 -3.3049021E-05  2.6644113E-16  8.0883219E-17  0.0000000E+00  2.1756322E-23
  3.8212400E+01 -3.0319808E-05  1.0000000E+02 -3.0318485E-05  2.0434172E-16  6.1985083E-17  0.0000000E+00  1.6287087E-23
  3.8467608E+01 -2.7798513E-05  1.0000000E+02 -2.7797197E-05  1.5643962E-16  4.7418980E-17  0.0000000E+00  1.2172380E-23
  3.8724520E+01 -2.5471808E-05  1.0000000E+02 -2.5470499E-05  1.1955431E-16  3.6211652E-17  0.0000000E+00  9.0819275E-24
  3.8983148E+01 -2.3325950E-05  1.0000000E+02 -2.3324648E-05  9.1202619E-17  2.7603896E-17  0.0000000E+00  6.7646801E-24
  3.9243504E+01 -2.1348067E-05  1.0000000E+02 -2.1346772E-05  6.9449285E-17  2.1004537E-17  0.0000000E+00  5.0301334E-24
  3.9505598E+01 -1.9526108E-05  1.0000000E+02 -1.9524821E-05  5.2788754E-17  1.5954062E-17  0.0000000E+00  3.7339720E-24
  3.9769442E+01 -1.7848798E-05  1.0000000E+02 -1.7847518E-05  4.0051881E-17  1.2095939E-17  0.0000000E+00  2.7670579E-24
  4.0035049E+01 -1.6305597E-05  1.0000000E+02 -1.6304325E-05  3.0332415E-17  9.1540379E-18  0.0000000E+00  2.0469978E-24
  4.0302430E+01 -1.4886655E-05  1.0000000E+02 -1.4885390E-05  2.2929167E-17  6.9148899E-18  0.0000000E+00  1.5116972E-24
  4.0571596E+01 -1.3582772E-05  1.0000000E+02 -1.3581515E-05  1.7300610E-17  5.2137702E-18  0.0000000E+00  1.1144404E-24
  4.0842560E+01 -1.2385366E-05  1.0000000E+02 -1.2384116E-05  1.3029296E-17  3.9238023E-18  0.0000000E+00  8.2014353E-25
  4.1115334E+01 -1.1286431E-05  1.0000000E+02 -1.1285188E-05  9.7940311E-18  2.9474436E-18  0.0000000E+00  6.0250439E-25
  4.1389930E+01 -1.0278504E-05  1.0000000E+02 -1.0277270E-05  7.3481409E-18  2.2098435E-18  0.0000000E+00  4.4183923E-25
  4.1666359E+01 -9.3546380E-06  1.0000000E+02 -9.3534111E-06  5.5025426E-18  1.6536730E-18  0.0000000E+00  3.2344349E-25
  4.1944635E+01 -8.5083624E-06  1.0000000E+02 -8.5071434E-06  4.1125741E-18  1.2351061E-18  0.0000000E+00  2.3635186E-25
  4.2224769E+01 -7.7336603E-06  1.0000000E+02 -7.7324492E-06  3.0677703E-18  9.2070346E-19  0.0000000E+00  1.7240208E-25
  4.2506774E+01 -7.0249381E-06  1.0000000E+02 -7.0237350E-06  2.2839421E-18  6.8499996E-19  0.0000000E+00  1.2552934E-25
  4.2790662E+01 -6.3769993E-06  1.0000000E+02 -6.3758043E-06  1.6970507E-18  5.0864041E-19  0.0000000E+00  9.1235457E-26
  4.3076447E+01 -5.7850200E-06  1.0000000E+02 -5.7838332E-06  1.2584799E-18  3.7694241E-19  0.0000000E+00  6.6190271E-26
  4.3364140E+01 -5.2445249E-06  1.0000000E+02 -5.2433462E-06  9.3139472E-19  2.7879001E-19  0.0000000E+00  4.7932843E-26
  4.3653754E+01 -4.7513647E-06  1.0000000E+02 -4.7501945E-06  6.8794143E-19  2.0578402E-19  0.0000000E+00  3.4647919E-26
  4.3945303E+01 -4.3016957E-06  1.0000000E+02 -4.3005338E-06  5.0709992E-19  1.5159068E-19  0.0000000E+00  2.4998992E-26
  4.4238799E+01 -3.8919589E-06  1.0000000E+02 -3.8908055E-06  3.7303891E-19  1.1144328E-19  0.0000000E+00  1.8003861E-26
  4.4534255E+01 -3.5188616E-06  1.0000000E+02 -3.5177168E-06  2.7385920E-19  8.1761689E-20  0.0000000E+00  1.2942049E-26
  4.4831684E+01 -3.1793598E-06  1.0000000E+02 -3.1782237E-06  2.0063524E-19  5.9862447E-20  0.0000000E+00  9.2860513E-27
  4.5131100E+01 -2.8706408E-06  1.0000000E+02 -2.8695134E-06  1.4668569E-19  4.3738282E-20  0.0000000E+00  6.6503763E-27
  4.5432515E+01 -2.5901080E-06  1.0000000E+02 -2.5889894E-06  1.0701951E-19  3.1890812E-20  0.0000000E+00  4.7538434E-27
  4.5735943E+01 -2.3353658E-06  1.0000000E+02 -2.3342561E-06  7.7916018E-20  2.3203845E-20  0.0000000E+00  3.3917471E-27
  4.6041398E+01 -2.1042053E-06  1.0000000E+02 -2.1031046E-06  5.6607375E-20  1.6847626E-20  0.0000000E+00  2.4153406E-27
  4.6348893E+01 -1.8945919E-06  1.0000000E+02 -1.8935002E-06  4.1038892E-20  1.2206629E-20  0.0000000E+00  1.7167459E-27
  4.6658442E+01 -1.7046523E-06  1.0000000E+02 -1.7035697E-06  2.9688508E-20  8.8252044E-21  0.0000000E+00  1.2178751E-27
  4.6970058E+01 -1.5326630E-06  1.0000000E+02 -1.5315896E-06  2.1431129E-20  6.3667766E-21  0.0000000E+00  8.6231307E-28
  4.7283755E+01 -1.3770400E-06  1.0000000E+02 -1.3759759E-06  1.5436875E-20  4.5832543E-21  0.0000000E+00  6.0938108E-28
  4.7599547E+01 -1.2363279E-06  1.0000000E+02 -1.2352731E-06  1.1094942E-20  3.2921641E-21  0.0000000E+00  4.2980461E-28
  4.7917448E+01 -1.1091909E-06  1.0000000E+02 -1.1081456E-06  7.9567493E-21  2.3595860E-21  0.0000000E+00  3.0255724E-28
  4.8237473E+01 -9.9440386E-07  1.0000000E+02 -9.9336804E-07  5.6935732E-21  1.6874486E-21  0.0000000E+00  2.1256643E-28
  4.8559634E+01 -8.9084372E-07  1.0000000E+02 -8.8981748E-07  4.0650536E-21  1.2040908E-21  0.0000000E+00  1.4904885E-28
  4.8883948E+01 -7.9748190E-07  1.0000000E+02 -7.9646537E-07  2.8958317E-21  8.5726555E-22  0.0000000E+00  1.0430512E-28
  4.9210427E+01 -7.1337728E-07  1.0000000E+02 -7.1237048E-07  2.0582565E-21  6.0896513E-22  0.0000000E+00  7.2848690E-29
  4.9539087E+01 -6.3766893E-07  1.0000000E+02 -6.3667205E-07  1.4596148E-21  4.3160236E-22  0.0000000E+00  5.0777707E-29
  4.9869942E+01 -5.6957055E-07  1.0000000E+02 -5.6858357E-07  1.0327209E-21  3.0519886E-22  0.0000000E+00  3.5322844E-29
  5.0203006E+01 -5.0836387E-07  1.0000000E+02 -5.0738692E-07  7.2899907E-22  2.1531934E-22  0.0000000E+00  2.4522538E-29
  5.0538295E+01 -4.5339365E-07  1.0000000E+02 -4.5242691E-07  5.1340913E-22  1.5155752E-22  0.0000000E+00  1.6990191E-29
  5.0875823E+01 -4.0406285E-07  1.0000000E+02 -4.0310626E-07  3.6073316E-22  1.0642888E-22  0.0000000E+00  1.1747623E-29
  5.1215605E+01 -3.5982723E-07  1.0000000E+02 -3.5888089E-07  2.5286435E-22  7.4562810E-23  0.0000000E+00  8.1061844E-30
  5.1557657E+01 -3.2019150E-07  1.0000000E+02 -3.1925562E-07  1.7683221E-22  5.2114545E-23  0.0000000E+00  5.5820419E-30
  5.1901993E+01 -2.8470549E-07  1.0000000E+02 -2.8378006E-07  1.2336742E-22  3.6338136E-23  0.0000000E+00  3.8359755E-30
  5.2248629E+01 -9.1489483E-10  1.0000000E+02  0.0000000E+00  8.5861412E-23  2.5277052E-23  0.0000000E+00  2.6306296E-30
  5.2597579E+01 -9.0419405E-10  1.0000000E+02  0.0000000E+00  5.9613828E-23  1.7540553E-23  0.0000000E+00  1.8002818E-30
  5.2948861E+01 -8.9345065E-10  1.0000000E+02  0.0000000E+00  4.1289577E-23  1.2142447E-23  0.0000000E+00  1.2294568E-30
  5.3302488E+01 -8.8263619E-10  1.0000000E+02  0.0000000E+00  2.8527992E-23  8.3850973E-24  0.0000000E+00  8.3786349E-31
  5.3658477E+01 -8.7163698E-10  1.0000000E+02  0.0000000E+00  1.9662206E-23  5.7761951E-24  0.0000000E+00  5.6979090E-31
  5.4016844E+01 -8.6060936E-10  1.0000000E+02  0.0000000E+00  1.3518122E-23  3.9691754E-24  0.0000000E+00  3.8666506E-31
  5.4377604E+01 -8.4941121E-10  1.0000000E+02  0.0000000E+00  9.2707818E-24  2.7206719E-24  0.0000000E+00  2.6183418E-31
  5.4740774E+01 -8.3818463E-10  1.0000000E+02  0.0000000E+00  6.3419817E-24  1.8602112E-24  0.0000000E+00  1.7692304E-31
  5.5106368E+01 -8.2691543E-10  1.0000000E+02  0.0000000E+00  4.3274786E-24  1.2686774E-24  0.0000000E+00  1.1928989E-31
  5.5474405E+01 -8.1543305E-10  1.0000000E+02  0.0000000E+00  2.9453630E-24  8.6304939E-25  0.0000000E+00  8.0256168E-32
  5.5844900E+01 -8.0395068E-10  1.0000000E+02  0.0000000E+00  1.9995363E-24  5.8560961E-25  0.0000000E+00  5.3876950E-32
  5.6217869E+01 -7.9236884E-10  1.0000000E+02  0.0000000E+00  1.3539383E-24  3.9633403E-25  0.0000000E+00  3.6088718E-32
  5.6593329E+01 -7.8058804E-10  1.0000000E+02  0.0000000E+00  9.1440810E-25  2.6753933E-25  0.0000000E+00  2.4120022E-32
  5.6971296E+01 -7.6880724E-10  1.0000000E+02  0.0000000E+00  6.1594979E-25  1.8012727E-25  0.0000000E+00  1.6084793E-32
  5.7351788E+01 -7.5691275E-10  1.0000000E+02  0.0000000E+00  4.1381574E-25  1.2095650E-25  0.0000000E+00  1.0702331E-32
  5.7734821E+01 -7.4481932E-10  1.0000000E+02  0.0000000E+00  2.7727934E-25  8.1008251E-26  0.0000000E+00  7.1049296E-33
  5.8120412E+01 -7.3274009E-10  1.0000000E+02  0.0000000E+00  1.8529731E-25  5.4109290E-26  0.0000000E+00  4.7060113E-33
  5.8508578E+01 -7.2041928E-10  1.0000000E+02  0.0000000E+00  1.2349633E-25  3.6045348E-26  0.0000000E+00  3.1099400E-33
  5.8899337E+01 -7.0809847E-10  1.0000000E+02  0.0000000E+00  8.2085137E-26  2.3947133E-26  0.0000000E+00  2.0504258E-33
  5.9292706E+01 -6.9566397E-10  1.0000000E+02  0.0000000E+00  5.4411751E-26  1.5866342E-26  0.0000000E+00  1.3487214E-33
  5.9688701E+01 -6.8305894E-10  1.0000000E+02  0.0000000E+00  3.5969186E-26  1.0483661E-26  0.0000000E+00  8.8521974E-34
  6.0087342E+01 -6.7043970E-10  1.0000000E+02  0.0000000E+00  2.3712081E-26  6.9079983E-27  0.0000000E+00  5.7942792E-34
  6.0488644E+01 -6.5772099E-10  1.0000000E+02  0.0000000E+00  1.5588434E-26  4.5392519E-27  0.0000000E+00  3.7849596E-34
  6.0892627E+01 -6.4481753E-10  1.0000000E+02  0.0000000E+00  1.0219297E-26  2.9744301E-27  0.0000000E+00  2.4662200E-34
  6.1299308E+01 -6.3191408E-10  1.0000000E+02  0.0000000E+00  6.6806247E-27  1.9435789E-27  0.0000000E+00  1.6030734E-34
  6.1708705E+01 -6.1888272E-10  1.0000000E+02  0.0000000E+00  4.3549434E-27  1.2664012E-27  0.0000000E+00  1.0394836E-34
  6.2120837E+01 -6.0568084E-10  1.0000000E+02  0.0000000E+00  2.8307994E-27  8.2281641E-28  0.0000000E+00  6.7238158E-35
  6.2535720E+01 -5.9245053E-10  1.0000000E+02  0.0000000E+00  1.8347992E-27  5.3307554E-28  0.0000000E+00  4.3384954E-35
  6.2953375E+01 -5.7913496E-10  1.0000000E+02  0.0000000E+00  1.1858028E-27  3.4436611E-28  0.0000000E+00  2.7924065E-35
  6.3373819E+01 -5.6557781E-10  1.0000000E+02  0.0000000E+00  7.6413931E-28  2.2181427E-28  0.0000000E+00  1.7927721E-35
  6.3797071E+01 -5.5196381E-10  1.0000000E+02  0.0000000E+00  4.9097599E-28  1.4245821E-28  0.0000000E+00  1.1480720E-35
  6.4223150E+01 -5.3819349E-10  1.0000000E+02  0.0000000E+00  3.1453364E-28  9.1223334E-29  0.0000000E+00  7.3333297E-36
  6.4652074E+01 -5.2439475E-10  1.0000000E+02  0.0000000E+00  2.0090212E-28  5.8241994E-29  0.0000000E+00  4.6720943E-36
  6.5083863E+01 -5.1043969E-10  1.0000000E+02  0.0000000E+00  1.2793927E-28  3.7074026E-29  0.0000000E+00  2.9688646E-36
  6.5518536E+01 -4.9629989E-10  1.0000000E+02  0.0000000E+00  8.1230009E-29  2.3528691E-29  0.0000000E+00  1.8816009E-36
  6.5956112E+01 -4.8213167E-10  1.0000000E+02  0.0000000E+00  5.1417817E-29  1.4887150E-29  0.0000000E+00  1.1893583E-36
  6.6396610E+01 -4.6784976E-10  1.0000000E+02  0.0000000E+00  3.2447892E-29  9.3907935E-30  0.0000000E+00  7.4978300E-37
  6.6840050E+01 -4.5335469E-10  1.0000000E+02  0.0000000E+00  2.0413910E-29  5.9055602E-30  0.0000000E+00  4.7139566E-37
  6.7286452E+01 -4.3883119E-10  1.0000000E+02  0.0000000E+00  1.2803357E-29  3.7023636E-30  0.0000000E+00  2.9556428E-37
  6.7735835E+01 -4.2419401E-10  1.0000000E+02  0.0000000E+00  8.0051679E-30  2.3139139E-30  0.0000000E+00  1.8480931E-37
  6.8188219E+01 -4.0934367E-10  1.0000000E+02  0.0000000E+00  4.9894994E-30  1.4416387E-30  0.0000000E+00  1.1523655E-37
  6.8643625E+01 -3.9449333E-10  1.0000000E+02  0.0000000E+00  3.1000902E-30  8.9535998E-31  0.0000000E+00  7.1653925E-38
  6.9102072E+01 -3.7951509E-10  1.0000000E+02  0.0000000E+00  1.9200536E-30  5.5432154E-31  0.0000000E+00  4.4428513E-38
  6.9563581E+01 -3.6432368E-10  1.0000000E+02  0.0000000E+00  1.1853997E-30  3.4208925E-31  0.0000000E+00  2.7469086E-38
  7.0028172E+01 -3.4908965E-10  1.0000000E+02  0.0000000E+00  7.2949019E-31  2.1043666E-31  0.0000000E+00  1.6934631E-38
  7.0495866E+01 -3.3364245E-10  1.0000000E+02  0.0000000E+00  4.4747413E-31  1.2903226E-31  0.0000000E+00  1.0409855E-38
  7.0966683E+01 -3.1819525E-10  1.0000000E+02  0.0000000E+00  2.7359039E-31  7.8860721E-32  0.0000000E+00  6.3802725E-39
  7.1440645E+01 -3.0262015E-10  1.0000000E+02  0.0000000E+00  1.6672808E-31  4.8039579E-32  0.0000000E+00  3.8989487E-39
  7.1917773E+01 -2.8686031E-10  1.0000000E+02  0.0000000E+00  1.0127031E-31  2.9167828E-32  0.0000000E+00  2.3755137E-39
  7.2398087E+01 -2.7105784E-10  1.0000000E+02  0.0000000E+00  6.1307195E-32  1.7650856E-32  0.0000000E+00  1.4429695E-39
  7.2881609E+01 -2.5512747E-10  1.0000000E+02  0.0000000E+00  3.6990239E-32  1.0645707E-32  0.0000000E+00  8.7384447E-40
  7.3368360E+01 -2.3898394E-10  1.0000000E+02  0.0000000E+00  2.2243320E-32  6.3991221E-33  0.0000000E+00  5.2756511E-40
  7.3858362E+01 -2.2282620E-10  1.0000000E+02  0.0000000E+00  1.3330282E-32  3.8334820E-33  0.0000000E+00  3.1751975E-40
  7.4351636E+01 -2.0651214E-10  1.0000000E+02  0.0000000E+00  7.9615356E-33  2.2886708E-33  0.0000000E+00  1.9050403E-40
  7.4848205E+01 -1.8997071E-10  1.0000000E+02  0.0000000E+00  4.7387407E-33  1.3616941E-33  0.0000000E+00  1.1393791E-40
  7.5348090E+01 -1.7338664E-10  1.0000000E+02  0.0000000E+00  2.8107929E-33  8.0736653E-34  0.0000000E+00  6.7925485E-41
  7.5851314E+01 -1.5660362E-10  1.0000000E+02  0.0000000E+00  1.6614476E-33  4.7703005E-34  0.0000000E+00  4.0369440E-41
  7.6357899E+01 -1.3976376E-10  1.0000000E+02  0.0000000E+00  9.7865480E-34  2.8085745E-34  0.0000000E+00  2.3899637E-41
  7.6867867E+01 -1.2279600E-10  1.0000000E+02  0.0000000E+00  5.7445433E-34  1.6477616E-34  0.0000000E+00  1.4135132E-41
  7.7381241E+01 -1.0564349E-10  1.0000000E+02  0.0000000E+00  3.3601324E-34  9.6317143E-35  0.0000000E+00  8.2737173E-42
  7.7898043E+01 -8.8434149E-11  1.0000000E+02  0.0000000E+00  1.9586788E-34  5.6100398E-35  0.0000000E+00  4.8887615E-42
  7.8418297E+01 -7.1082695E-11  1.0000000E+02  0.0000000E+00  1.1377084E-34  3.2572247E-35  0.0000000E+00  2.8514597E-42
  7.8942026E+01 -5.3489657E-11  1.0000000E+02  0.0000000E+00  6.5845025E-35  1.8845412E-35  0.0000000E+00  1.6560080E-42
  7.9469252E+01 -3.5868197E-11  1.0000000E+02  0.0000000E+00  3.7968964E-35  1.0873768E-35  0.0000000E+00 -1.7789899E-42
  8.0000000E+01 -1.8047785E-11  1.0000000E+02  0.0000000E+00  2.1814120E-35  6.2217055E-36  0.0000000E+00  7.0312339E-42
