  0.0000000E+00 -1.0000000E+02  0.0000000E+00  0.0000000E+00  0.0000000E+00  0.0000000E+00  0.0000000E+00  0.0000000E+00  0.0000000E+00  0.0000000E+00
  8.8911955E-07 -9.9999472E+01 -4.3387080E-06  2.0526055E-06  1.6568387E-12  1.6568387E-12  1.1685390E-18  5.7726200E-25  2.3373770E-31  8.3259720E-38
  1.7841772E-06 -9.9998941E+01 -8.7063921E-06  4.1189197E-06  6.6716904E-12  6.6716904E-12  9.4422764E-18  9.3601818E-24  7.6053273E-30  5.4362812E-36
  2.6852126E-06 -9.9998406E+01 -1.3103251E-05  6.1990340E-06  1.5111837E-11  1.5111837E-11  3.2188356E-17  4.8022755E-23  5.8724778E-29  6.3175122E-35
  3.5922658E-06 -9.9997868E+01 -1.7529470E-05  8.2930407E-06  2.7045613E-11  2.7045613E-11  7.7066942E-17  1.5381765E-22  2.5163455E-28  3.6214688E-34
  4.5053768E-06 -9.9997326E+01 -2.1985247E-05  1.0401032E-05  4.2542415E-11  4.2542415E-11  1.5203938E-16  3.8058950E-22  7.8087865E-28  1.4094857E-33
  5.4245861E-06 -9.9996780E+01 -2.6470794E-05  1.2523103E-05  6.1672723E-11  6.1672723E-11  2.6537657E-16  7.9983199E-22  1.9758820E-27  4.2941147E-33
  6.3499346E-06 -9.9996231E+01 -3.0986292E-05  1.4659346E-05  8.4508113E-11  8.4508113E-11  4.2566750E-16  1.5017904E-21  4.3428438E-27  1.1048148E-32
  7.2814630E-06 -9.9995678E+01 -3.5531936E-05  1.6809856E-05  1.1112127E-10  1.1112127E-10  6.4182805E-16  2.5966112E-21  8.6103582E-27  2.5118048E-32
  8.2192129E-06 -9.9995121E+01 -4.0107959E-05  1.8974728E-05  1.4158602E-10  1.4158602E-10  9.2310995E-16  4.2155403E-21  1.5778987E-26  5.1958351E-32
  9.1632256E-06 -9.9994561E+01 -4.4714538E-05  2.1154059E-05  1.7597731E-10  1.7597731E-10  1.2791100E-15  6.5121719E-21  2.7175020E-26  9.9761798E-32
  1.0113543E-05 -9.9993996E+01 -4.9351867E-05  2.3347945E-05  2.1437126E-10  2.1437126E-10  1.7197794E-15  9.6637491E-21  4.4508669E-26  1.8034079E-31
  1.1070207E-05 -9.9993429E+01 -5.4020183E-05  2.5556483E-05  2.5684518E-10  2.5684518E-10  2.2554334E-15  1.3872520E-20  6.9936960E-26  3.1017624E-31
  1.2033261E-05 -9.9992857E+01 -5.8719677E-05  2.7779771E-05  3.0347755E-10  3.0347755E-10  2.8967615E-15  1.9367148E-20  1.0613158E-25  5.1165118E-31
  1.3002746E-05 -9.9992281E+01 -6.3450546E-05  3.0017908E-05  3.5434808E-10  3.5434808E-10  3.6548370E-15  2.6404180E-20  1.5635199E-25  8.1448767E-31
  1.3978707E-05 -9.9991702E+01 -6.8213033E-05  3.2270993E-05  4.0953769E-10  4.0953769E-10  4.5411276E-15  3.5269579E-20  2.2452407E-25  1.2574071E-30
  1.4961185E-05 -9.9991119E+01 -7.3007312E-05  3.4539125E-05  4.6912857E-10  4.6912857E-10  5.5675062E-15  4.6280313E-20  3.1532464E-25  1.8900353E-30
  1.5950225E-05 -9.9990532E+01 -7.7833587E-05  3.6822405E-05  5.3320415E-10  5.3320415E-10  6.7462615E-15  5.9786010E-20  4.3427218E-25  2.7750757E-30
  1.6945870E-05 -9.9989941E+01 -8.2692127E-05  3.9120934E-05  6.0184916E-10  6.0184916E-10  8.0901090E-15  7.6170681E-20  5.8782404E-25  3.9907750E-30
  1.7948165E-05 -9.9989346E+01 -8.7583121E-05  4.1434814E-05  6.7514961E-10  6.7514961E-10  9.6122026E-15  9.5854512E-20  7.8348061E-25  5.6337080E-30
  1.8957154E-05 -9.9988747E+01 -9.2506762E-05  4.3764148E-05  7.5319285E-10  7.5319285E-10  1.1326146E-14  1.1929573E-19  1.0298967E-24  7.8219102E-30
  1.9972882E-05 -9.9988144E+01 -9.7463272E-05  4.6109039E-05  8.3606754E-10  8.3606754E-10  1.3246006E-14  1.4699253E-19  1.3370006E-24  1.0698388E-29
  2.0995393E-05 -9.9987537E+01 -1.0245291E-04  4.8469590E-05  9.2386374E-10  9.2386374E-10  1.5386320E-14  1.7948509E-19  1.7161214E-24  1.4435041E-29
  2.2024733E-05 -9.9986926E+01 -1.0747588E-04  5.0845906E-05  1.0166728E-09  1.0166728E-09  1.7762117E-14  2.1735767E-19  2.1801243E-24  1.9237026E-29
  2.3060948E-05 -9.9986311E+01 -1.1253236E-04  5.3238094E-05  1.1145876E-09  1.1145876E-09  2.0388920E-14  2.6124078E-19  2.7435556E-24  2.5347606E-29
  2.4104084E-05 -9.9985691E+01 -1.1762264E-04  5.5646257E-05  1.2177024E-09  1.2177024E-09  2.3282768E-14  3.1181344E-19  3.4227965E-24  3.3053521E-29
  2.5154186E-05 -9.9985068E+01 -1.2274692E-04  5.8070504E-05  1.3261127E-09  1.3261127E-09  2.6460225E-14  3.6980551E-19  4.2362275E-24  4.2690924E-29
  2.6211301E-05 -9.9984441E+01 -1.2790539E-04  6.0510942E-05  1.4399157E-09  1.4399157E-09  2.9938392E-14  4.3600015E-19  5.2044022E-24  5.4651923E-29
  2.7275476E-05 -9.9983809E+01 -1.3309835E-04  6.2967679E-05  1.5592099E-09  1.5592099E-09  3.3734927E-14  5.1123634E-19  6.3502335E-24  6.9391785E-29
  2.8346759E-05 -9.9983173E+01 -1.3832597E-04  6.5440823E-05  1.6840956E-09  1.6840956E-09  3.7868054E-14  5.9641147E-19  7.6991900E-24  8.7436843E-29
  2.9425197E-05 -9.9982533E+01 -1.4358851E-04  6.7930484E-05  1.8146741E-09  1.8146741E-09  4.2356578E-14  6.9248413E-19  9.2795054E-24  1.0939317E-28
  3.0510836E-05 -9.9981888E+01 -1.4888621E-04  7.0436773E-05  1.9510488E-09  1.9510488E-09  4.7219903E-14  8.0047688E-19  1.1122401E-23  1.3595609E-28
  3.1603727E-05 -9.9981240E+01 -1.5421925E-04  7.2959801E-05  2.0933243E-09  2.0933243E-09  5.2478045E-14  9.2147921E-19  1.3262319E-23  1.6792053E-28
  3.2703917E-05 -9.9980587E+01 -1.5958794E-04  7.5499679E-05  2.2416068E-09  2.2416068E-09  5.8151650E-14  1.0566506E-18  1.5737176E-23  2.0619237E-28
  3.3811454E-05 -9.9979929E+01 -1.6499250E-04  7.8056519E-05  2.3960043E-09  2.3960043E-09  6.4262006E-14  1.2072236E-18  1.8588622E-23  2.5180077E-28
  3.4926388E-05 -9.9979267E+01 -1.7043311E-04  8.0630437E-05  2.5566263E-09  2.5566263E-09  7.0831064E-14  1.3745072E-18  2.1862325E-23  3.0591166E-28
  3.6048768E-05 -9.9978601E+01 -1.7591008E-04  8.3221544E-05  2.7235840E-09  2.7235840E-09  7.7881452E-14  1.5598903E-18  2.5608263E-23  3.6984230E-28
  3.7178645E-05 -9.9977930E+01 -1.8142364E-04  8.5829956E-05  2.8969901E-09  2.8969901E-09  8.5436493E-14  1.7648449E-18  2.9881043E-23  4.4507717E-28
  3.8316067E-05 -9.9977255E+01 -1.8697403E-04  8.8455790E-05  3.0769594E-09  3.0769594E-09  9.3520221E-14  1.9909302E-18  3.4740223E-23  5.3328522E-28
  3.9461086E-05 -9.9976575E+01 -1.9256145E-04  9.1099160E-05  3.2636079E-09  3.2636079E-09  1.0215740E-13  2.2397960E-18  4.0250672E-23  6.3633849E-28
  4.0613752E-05 -9.9975891E+01 -1.9818620E-04  9.3760184E-05  3.4570538E-09  3.4570538E-09  1.1137356E-13  2.5131869E-18  4.6482935E-23  7.5633234E-28
  4.1774116E-05 -9.9975202E+01 -2.0384853E-04  9.6438980E-05  3.6574168E-09  3.6574168E-09  1.2119496E-13  2.8129462E-18  5.3513620E-23  8.9560730E-28
  4.2942230E-05 -9.9974509E+01 -2.0954867E-04  9.9135667E-05  3.8648185E-09  3.8648185E-09  1.3164869E-13  3.1410202E-18  6.1425819E-23  1.0567727E-27
  4.4118146E-05 -9.9973811E+01 -2.1528687E-04  1.0185036E-04  4.0793823E-09  4.0793823E-09  1.4276262E-13  3.4994624E-18  7.0309534E-23  1.2427320E-27
  4.5301915E-05 -9.9973108E+01 -2.2106342E-04  1.0458319E-04  4.3012335E-09  4.3012335E-09  1.5456545E-13  3.8904386E-18  8.0262143E-23  1.4567108E-27
  4.6493589E-05 -9.9972401E+01 -2.2687853E-04  1.0733427E-04  4.5304992E-09  4.5304992E-09  1.6708674E-13  4.3162306E-18  9.1388879E-23  1.7022857E-27
  4.7693223E-05 -9.9971689E+01 -2.3273245E-04  1.1010372E-04  4.7673084E-09  4.7673084E-09  1.8035690E-13  4.7792420E-18  1.0380334E-22  1.9834170E-27
  4.8900869E-05 -9.9970972E+01 -2.3862552E-04  1.1289167E-04  5.0117921E-09  5.0117921E-09  1.9440725E-13  5.2820028E-18  1.1762803E-22  2.3044826E-27
  5.0116580E-05 -9.9970250E+01 -2.4455795E-04  1.1569824E-04  5.2640833E-09  5.2640833E-09  2.0927002E-13  5.8271745E-18  1.3299493E-22  2.6703152E-27
  5.1340410E-05 -9.9969524E+01 -2.5052994E-04  1.1852355E-04  5.5243167E-09  5.5243167E-09  2.2497836E-13  6.4175559E-18  1.5004607E-22  3.0862420E-27
  5.2572414E-05 -9.9968792E+01 -2.5654185E-04  1.2136774E-04  5.7926293E-09  5.7926293E-09  2.4156638E-13  7.0560881E-18  1.6893419E-22  3.5581273E-27
  5.3812646E-05 -9.9968056E+01 -2.6259391E-04  1.2423091E-04  6.0691601E-09  6.0691601E-09  2.5906919E-13  7.7458611E-18  1.8982337E-22  4.0924186E-27
  5.5061161E-05 -9.9967315E+01 -2.6868639E-04  1.2711321E-04  6.3540500E-09  6.3540500E-09  2.7752290E-13  8.4901189E-18  2.1288976E-22  4.6961953E-27
  5.6318014E-05 -9.9966569E+01 -2.7481957E-04  1.3001476E-04  6.6474421E-09  6.6474421E-09  2.9696464E-13  9.2922664E-18  2.3832227E-22  5.3772220E-27
  5.7583261E-05 -9.9965818E+01 -2.8099369E-04  1.3293569E-04  6.9494818E-09  6.9494818E-09  3.1743259E-13  1.0155875E-17  2.6632336E-22  6.1440046E-27
  5.8856959E-05 -9.9965062E+01 -2.8720905E-04  1.3587613E-04  7.2603163E-09  7.2603163E-09  3.3896605E-13  1.1084691E-17  2.9710986E-22  7.0058510E-27
  6.0139163E-05 -9.9964301E+01 -2.9346593E-04  1.3883620E-04  7.5800953E-09  7.5800953E-09  3.6160538E-13  1.2082640E-17  3.3091379E-22  7.9729357E-27
  6.1429931E-05 -9.9963535E+01 -2.9976460E-04  1.4181604E-04  7.9089704E-09  7.9089704E-09  3.8539211E-13  1.3153836E-17  3.6798328E-22  9.0563694E-27
  6.2729319E-05 -9.9962763E+01 -3.0610532E-04  1.4481579E-04  8.2470959E-09  8.2470959E-09  4.1036891E-13  1.4302587E-17  4.0858349E-22  1.0268273E-26
  6.4037385E-05 -9.9961987E+01 -3.1248841E-04  1.4783556E-04  8.5946279E-09  8.5946279E-09  4.3657967E-13  1.5533406E-17  4.5299761E-22  1.1621857E-26
  6.5354187E-05 -9.9961205E+01 -3.1891411E-04  1.5087551E-04  8.9517252E-09  8.9517252E-09  4.6406947E-13  1.6851013E-17  5.0152785E-22  1.3131505E-26
  6.6679784E-05 -9.9960418E+01 -3.2538271E-04  1.5393576E-04  9.3185486E-09  9.3185486E-09  4.9288465E-13  1.8260349E-17  5.5449660E-22  1.4812866E-26
  6.8014234E-05 -9.9959626E+01 -3.3189455E-04  1.5701645E-04  9.6952615E-09  9.6952615E-09  5.2307285E-13  1.9766582E-17  6.1224750E-22  1.6682950E-26
  6.9357596E-05 -9.9958829E+01 -3.3844988E-04  1.6011771E-04  1.0082030E-08  1.0082030E-08  5.5468299E-13  2.1375115E-17  6.7514668E-22  1.8760231E-26
  7.0709930E-05 -9.9958026E+01 -3.4504896E-04  1.6323968E-04  1.0479021E-08  1.0479021E-08  5.8776534E-13  2.3091597E-17  7.4358397E-22  2.1064757E-26
  7.2071296E-05 -9.9957218E+01 -3.5169210E-04  1.6638251E-04  1.0886407E-08  1.0886407E-08  6.2237157E-13  2.4921930E-17  8.1797426E-22  2.3618265E-26
  7.3441754E-05 -9.9956404E+01 -3.5837967E-04  1.6954632E-04  1.1304360E-08  1.1304360E-08  6.5855473E-13  2.6872279E-17  8.9875885E-22  2.6444310E-26
  7.4821365E-05 -9.9955585E+01 -3.6511187E-04  1.7273127E-04  1.1733056E-08  1.1733056E-08  6.9636931E-13  2.8949085E-17  9.8640690E-22  2.9568395E-26
  7.6210190E-05 -9.9954761E+01 -3.7188901E-04  1.7593748E-04  1.2172674E-08  1.2172674E-08  7.3587131E-13  3.1159071E-17  1.0814170E-21  3.3018113E-26
  7.7608290E-05 -9.9953931E+01 -3.7871146E-04  1.7916511E-04  1.2623394E-08  1.2623394E-08  7.7711821E-13  3.3509256E-17  1.1843186E-21  3.6823297E-26
  7.9015728E-05 -9.9953096E+01 -3.8557941E-04  1.8241430E-04  1.3085400E-08  1.3085400E-08  8.2016904E-13  3.6006964E-17  1.2956738E-21  4.1016183E-26
  8.0432565E-05 -9.9952255E+01 -3.9249326E-04  1.8568518E-04  1.3558878E-08  1.3558878E-08  8.6508443E-13  3.8659836E-17  1.4160792E-21  4.5631578E-26
  8.1858865E-05 -9.9951408E+01 -3.9945334E-04  1.8897792E-04  1.4044017E-08  1.4044017E-08  9.1192662E-13  4.1475841E-17  1.5461675E-21  5.0707043E-26
  8.3294690E-05 -9.9950556E+01 -4.0645984E-04  1.9229264E-04  1.4541009E-08  1.4541009E-08  9.6075952E-13  4.4463291E-17  1.6866096E-21  5.6283085E-26
  8.4740105E-05 -9.9949698E+01 -4.1351312E-04  1.9562950E-04  1.5050049E-08  1.5050049E-08  1.0116487E-12  4.7630850E-17  1.8381162E-21  6.2403361E-26
  8.6195174E-05 -9.9948834E+01 -4.2061356E-04  1.9898864E-04  1.5571333E-08  1.5571333E-08  1.0646616E-12  5.0987548E-17  2.0014406E-21  6.9114900E-26
  8.7659960E-05 -9.9947964E+01 -4.2776139E-04  2.0237022E-04  1.6105063E-08  1.6105063E-08  1.1198673E-12  5.4542797E-17  2.1773804E-21  7.6468329E-26
  8.9134529E-05 -9.9947089E+01 -4.3495694E-04  2.0577438E-04  1.6651442E-08  1.6651442E-08  1.1773367E-12  5.8306400E-17  2.3667797E-21  8.4518121E-26
  9.0618946E-05 -9.9946208E+01 -4.4220062E-04  2.0920128E-04  1.7210676E-08  1.7210676E-08  1.2371426E-12  6.2288571E-17  2.5705320E-21  9.3322859E-26
  9.2113278E-05 -9.9945321E+01 -4.4949261E-04  2.1265107E-04  1.7782973E-08  1.7782973E-08  1.2993599E-12  6.6499943E-17  2.7895821E-21  1.0294551E-25
  9.3617589E-05 -9.9944428E+01 -4.5683329E-04  2.1612390E-04  1.8368547E-08  1.8368547E-08  1.3640651E-12  7.0951590E-17  3.0249292E-21  1.1345371E-25
  9.5131947E-05 -9.9943529E+01 -4.6422304E-04  2.1961992E-04  1.8967613E-08  1.8967613E-08  1.4313370E-12  7.5655040E-17  3.2776297E-21  1.2492009E-25
  9.6656419E-05 -9.9942624E+01 -4.7166213E-04  2.2313928E-04  1.9580388E-08  1.9580388E-08  1.5012563E-12  8.0622289E-17  3.5487995E-21  1.3742260E-25
  9.8191072E-05 -9.9941713E+01 -4.7915091E-04  2.2668216E-04  2.0207096E-08  2.0207096E-08  1.5739058E-12  8.5865822E-17  3.8396175E-21  1.5104487E-25
  9.9735974E-05 -9.9940796E+01 -4.8668969E-04  2.3024869E-04  2.0847960E-08  2.0847960E-08  1.6493706E-12  9.1398626E-17  4.1513289E-21  1.6587655E-25
  1.0129119E-04 -9.9939873E+01 -4.9427881E-04  2.3383905E-04  2.1503210E-08  2.1503210E-08  1.7277378E-12  9.7234213E-17  4.4852477E-21  1.8201373E-25
  1.0285680E-04 -9.9938944E+01 -5.0191867E-04  2.3745338E-04  2.2173076E-08  2.2173076E-08  1.8090967E-12  1.0338663E-16  4.8427612E-21  1.9955935E-25
  1.0443287E-04 -9.9938008E+01 -5.0960951E-04  2.4109185E-04  2.2857793E-08  2.2857793E-08  1.8935393E-12  1.0987050E-16  5.2253326E-21  2.1862365E-25
  1.0601945E-04 -9.9937066E+01 -5.1735167E-04  2.4475462E-04  2.3557600E-08  2.3557600E-08  1.9811595E-12  1.1670100E-16  5.6345053E-21  2.3932462E-25
  1.0761664E-04 -9.9936118E+01 -5.2514559E-04  2.4844186E-04  2.4272738E-08  2.4272738E-08  2.0720538E-12  1.2389394E-16  6.0719070E-21  2.6178850E-25
  1.0922449E-04 -9.9935164E+01 -5.3299159E-04  2.5215372E-04  2.5003452E-08  2.5003452E-08  2.1663212E-12  1.3146571E-16  6.5392531E-21  2.8615030E-25
  1.1084308E-04 -9.9934203E+01 -5.4088997E-04  2.5589037E-04  2.5749992E-08  2.5749992E-08  2.2640632E-12  1.3943337E-16  7.0383517E-21  3.1255438E-25
  1.1247248E-04 -9.9933236E+01 -5.4884107E-04  2.5965197E-04  2.6512610E-08  2.6512610E-08  2.3653838E-12  1.4781465E-16  7.5711075E-21  3.4115498E-25
  1.1411277E-04 -9.9932262E+01 -5.5684527E-04  2.6343870E-04  2.7291561E-08  2.7291561E-08  2.4703896E-12  1.5662796E-16  8.1395268E-21  3.7211692E-25
  1.1576401E-04 -9.9931282E+01 -5.6490296E-04  2.6725072E-04  2.8087106E-08  2.8087106E-08  2.5791902E-12  1.6589241E-16  8.7457225E-21  4.0561617E-25
  1.1742627E-04 -9.9930295E+01 -5.7301448E-04  2.7108820E-04  2.8899508E-08  2.8899508E-08  2.6918977E-12  1.7562786E-16  9.3919187E-21  4.4184059E-25
  1.1909964E-04 -9.9929302E+01 -5.8118012E-04  2.7495130E-04  2.9729034E-08  2.9729034E-08  2.8086271E-12  1.8585494E-16  1.0080456E-20  4.8099068E-25
  1.2078418E-04 -9.9928302E+01 -5.8940033E-04  2.7884021E-04  3.0575955E-08  3.0575955E-08  2.9294962E-12  1.9659505E-16  1.0813799E-20  5.2328028E-25
  1.2247998E-04 -9.9927296E+01 -5.9767546E-04  2.8275509E-04  3.1440547E-08  3.1440547E-08  3.0546259E-12  2.0787043E-16  1.1594538E-20  5.6893749E-25
  1.2418710E-04 -9.9926282E+01 -6.0600579E-04  2.8669611E-04  3.2323088E-08  3.2323088E-08  3.1841400E-12  2.1970413E-16  1.2425398E-20  6.1820543E-25
  1.2590562E-04 -9.9925262E+01 -6.1439181E-04  2.9066346E-04  3.3223862E-08  3.3223862E-08  3.3181656E-12  2.3212010E-16  1.3309247E-20  6.7134323E-25
  1.2763562E-04 -9.9924235E+01 -6.2283383E-04  2.9465730E-04  3.4143155E-08  3.4143155E-08  3.4568327E-12  2.4514319E-16  1.4249097E-20  7.2862696E-25
  1.2937717E-04 -9.9923202E+01 -6.3133221E-04  2.9867782E-04  3.5081259E-08  3.5081259E-08  3.6002748E-12  2.5879917E-16  1.5248115E-20  7.9035064E-25
  1.3113035E-04 -9.9922161E+01 -6.3988735E-04  3.0272519E-04  3.6038470E-08  3.6038470E-08  3.7486285E-12  2.7311479E-16  1.6309629E-20  8.5682734E-25
  1.3289524E-04 -9.9921113E+01 -6.4849965E-04  3.0679959E-04  3.7015087E-08  3.7015087E-08  3.9020340E-12  2.8811779E-16  1.7437135E-20  9.2839030E-25
  1.3467192E-04 -9.9920059E+01 -6.5716948E-04  3.1090120E-04  3.8011413E-08  3.8011413E-08  4.0606347E-12  3.0383693E-16  1.8634308E-20  1.0053941E-24
  1.3646047E-04 -9.9918997E+01 -6.6589717E-04  3.1503020E-04  3.9027759E-08  3.9027759E-08  4.2245777E-12  3.2030207E-16  1.9905003E-20  1.0882160E-24
  1.3826096E-04 -9.9917929E+01 -6.7468314E-04  3.1918678E-04  4.0064435E-08  4.0064435E-08  4.3940139E-12  3.3754414E-16  2.1253270E-20  1.1772572E-24
  1.4007347E-04 -9.9916853E+01 -6.8352782E-04  3.2337112E-04  4.1121760E-08  4.1121760E-08  4.5690975E-12  3.5559522E-16  2.2683363E-20  1.2729442E-24
  1.4189809E-04 -9.9915770E+01 -6.9243162E-04  3.2758341E-04  4.2200055E-08  4.2200055E-08  4.7499869E-12  3.7448857E-16  2.4199743E-20  1.3757304E-24
  1.4373490E-04 -9.9914679E+01 -7.0139480E-04  3.3182382E-04  4.3299647E-08  4.3299647E-08  4.9368442E-12  3.9425866E-16  2.5807094E-20  1.4860977E-24
  1.4558397E-04 -9.9913582E+01 -7.1041784E-04  3.3609256E-04  4.4420867E-08  4.4420867E-08  5.1298355E-12  4.1494123E-16  2.7510330E-20  1.6045578E-24
  1.4744540E-04 -9.9912477E+01 -7.1950121E-04  3.4038981E-04  4.5564051E-08  4.5564051E-08  5.3291308E-12  4.3657332E-16  2.9314604E-20  1.7316546E-24
  1.4931925E-04 -9.9911365E+01 -7.2864522E-04  3.4471576E-04  4.6729539E-08  4.6729539E-08  5.5349046E-12  4.5919328E-16  3.1225325E-20  1.8679652E-24
  1.5120562E-04 -9.9910245E+01 -7.3785030E-04  3.4907060E-04  4.7917678E-08  4.7917678E-08  5.7473353E-12  4.8284091E-16  3.3248161E-20  2.0141025E-24
  1.5310459E-04 -9.9909118E+01 -7.4711680E-04  3.5345452E-04  4.9128817E-08  4.9128817E-08  5.9666058E-12  5.0755737E-16  3.5389056E-20  2.1707170E-24
  1.5501624E-04 -9.9907983E+01 -7.5644524E-04  3.5786772E-04  5.0363312E-08  5.0363312E-08  6.1929035E-12  5.3338537E-16  3.7654243E-20  2.3384987E-24
  1.5694066E-04 -9.9906841E+01 -7.6583600E-04  3.6231040E-04  5.1621524E-08  5.1621524E-08  6.4264203E-12  5.6036909E-16  4.0050254E-20  2.5181799E-24
  1.5887793E-04 -9.9905691E+01 -7.7528943E-04  3.6678274E-04  5.2903818E-08  5.2903818E-08  6.6673525E-12  5.8855434E-16  4.2583932E-20  2.7105370E-24
  1.6082813E-04 -9.9904534E+01 -7.8480605E-04  3.7128496E-04  5.4210566E-08  5.4210566E-08  6.9159016E-12  6.1798853E-16  4.5262452E-20  2.9163935E-24
  1.6279137E-04 -9.9903368E+01 -7.9438622E-04  3.7581724E-04  5.5542144E-08  5.5542144E-08  7.1722736E-12  6.4872077E-16  4.8093326E-20  3.1366221E-24
  1.6476771E-04 -9.9902195E+01 -8.0403027E-04  3.8037980E-04  5.6898933E-08  5.6898933E-08  7.4366796E-12  6.8080192E-16  5.1084426E-20  3.3721481E-24
  1.6675726E-04 -9.9901014E+01 -8.1373884E-04  3.8497283E-04  5.8281320E-08  5.8281320E-08  7.7093357E-12  7.1428460E-16  5.4243994E-20  3.6239519E-24
  1.6876009E-04 -9.9899826E+01 -8.2351228E-04  3.8959653E-04  5.9689698E-08  5.9689698E-08  7.9904634E-12  7.4922334E-16  5.7580665E-20  3.8930720E-24
  1.7077630E-04 -9.9898629E+01 -8.3335088E-04  3.9425111E-04  6.1124465E-08  6.1124465E-08  8.2802892E-12  7.8567454E-16  6.1103474E-20  4.1806086E-24
  1.7280597E-04 -9.9897424E+01 -8.4325523E-04  3.9893678E-04  6.2586026E-08  6.2586026E-08  8.5790452E-12  8.2369662E-16  6.4821885E-20  4.4877269E-24
  1.7484920E-04 -9.9896211E+01 -8.5322577E-04  4.0365374E-04  6.4074789E-08  6.4074789E-08  8.8869691E-12  8.6335002E-16  6.8745802E-20  4.8156603E-24
  1.7690607E-04 -9.9894991E+01 -8.6326286E-04  4.0840220E-04  6.5591170E-08  6.5591170E-08  9.2043041E-12  9.0469729E-16  7.2885589E-20  5.1657148E-24
  1.7897668E-04 -9.9893762E+01 -8.7336696E-04  4.1318238E-04  6.7135591E-08  6.7135591E-08  9.5312994E-12  9.4780318E-16  7.7252093E-20  5.5392725E-24
  1.8106113E-04 -9.9892524E+01 -8.8353861E-04  4.1799448E-04  6.8708478E-08  6.8708478E-08  9.8682100E-12  9.9273466E-16  8.1856663E-20  5.9377960E-24
  1.8315949E-04 -9.9891279E+01 -8.9377815E-04  4.2283872E-04  7.0310265E-08  7.0310265E-08  1.0215297E-11  1.0395611E-15  8.6711172E-20  6.3628326E-24
  1.8527186E-04 -9.9890025E+01 -9.0408607E-04  4.2771532E-04  7.1941392E-08  7.1941392E-08  1.0572827E-11  1.0883541E-15  9.1828039E-20  6.8160191E-24
  1.8739835E-04 -9.9888763E+01 -9.1446287E-04  4.3262448E-04  7.3602304E-08  7.3602304E-08  1.0941075E-11  1.1391879E-15  9.7220253E-20  7.2990867E-24
  1.8953903E-04 -9.9887492E+01 -9.2490895E-04  4.3756643E-04  7.5293454E-08  7.5293454E-08  1.1320321E-11  1.1921392E-15  1.0290140E-19  7.8138659E-24
  1.9169402E-04 -9.9886213E+01 -9.3542478E-04  4.4254138E-04  7.7015300E-08  7.7015300E-08  1.1710850E-11  1.2472875E-15  1.0888568E-19  8.3622920E-24
  1.9386339E-04 -9.9884926E+01 -9.4601083E-04  4.4754957E-04  7.8768307E-08  7.8768307E-08  1.2112957E-11  1.3047147E-15  1.1518794E-19  8.9464106E-24
  1.9604726E-04 -9.9883630E+01 -9.5666762E-04  4.5259120E-04  8.0552946E-08  8.0552946E-08  1.2526941E-11  1.3645058E-15  1.2182370E-19  9.5683838E-24
  1.9824571E-04 -9.9882325E+01 -9.6739559E-04  4.5766650E-04  8.2369697E-08  8.2369697E-08  1.2953111E-11  1.4267487E-15  1.2880920E-19  1.0230496E-23
  2.0045884E-04 -9.9881011E+01 -9.7819519E-04  4.6277569E-04  8.4219044E-08  8.4219044E-08  1.3391781E-11  1.4915340E-15  1.3616139E-19  1.0935162E-23
  2.0268675E-04 -9.9879689E+01 -9.8906692E-04  4.6791901E-04  8.6101478E-08  8.6101478E-08  1.3843274E-11  1.5589556E-15  1.4389800E-19  1.1684930E-23
  2.0492954E-04 -9.9878358E+01 -1.0000112E-03  4.7309668E-04  8.8017500E-08  8.8017500E-08  1.4307918E-11  1.6291107E-15  1.5203753E-19  1.2482495E-23
  2.0718731E-04 -9.9877018E+01 -1.0110286E-03  4.7830893E-04  8.9967614E-08  8.9967614E-08  1.4786051E-11  1.7020995E-15  1.6059933E-19  1.3330699E-23
  2.0946016E-04 -9.9875669E+01 -1.0221197E-03  4.8355599E-04  9.1952335E-08  9.1952335E-08  1.5278019E-11  1.7780258E-15  1.6960362E-19  1.4232545E-23
  2.1174819E-04 -9.9874311E+01 -1.0332848E-03  4.8883809E-04  9.3972181E-08  9.3972181E-08  1.5784174E-11  1.8569968E-15  1.7907151E-19  1.5191205E-23
  2.1405150E-04 -9.9872944E+01 -1.0445244E-03  4.9415547E-04  9.6027682E-08  9.6027682E-08  1.6304878E-11  1.9391233E-15  1.8902504E-19  1.6210023E-23
  2.1637019E-04 -9.9871568E+01 -1.0558391E-03  4.9950836E-04  9.8119372E-08  9.8119372E-08  1.6840502E-11  2.0245199E-15  1.9948724E-19  1.7292532E-23
  2.1870437E-04 -9.9870182E+01 -1.0672294E-03  5.0489701E-04  1.0024779E-07  1.0024779E-07  1.7391423E-11  2.1133050E-15  2.1048216E-19  1.8442457E-23
  2.2105414E-04 -9.9868788E+01 -1.0786957E-03  5.1032164E-04  1.0241350E-07  1.0241350E-07  1.7958030E-11  2.2056009E-15  2.2203489E-19  1.9663730E-23
  2.2341960E-04 -9.9867384E+01 -1.0902387E-03  5.1578250E-04  1.0461704E-07  1.0461704E-07  1.8540718E-11  2.3015341E-15  2.3417165E-19  2.0960499E-23
  2.2580086E-04 -9.9865970E+01 -1.1018587E-03  5.2127983E-04  1.0685899E-07  1.0685899E-07  1.9139893E-11  2.4012351E-15  2.4691980E-19  2.2337138E-23
  2.2819802E-04 -9.9864548E+01 -1.1135563E-03  5.2681388E-04  1.0913992E-07  1.0913992E-07  1.9755970E-11  2.5048391E-15  2.6030790E-19  2.3798262E-23
  2.3061120E-04 -9.9863115E+01 -1.1253321E-03  5.3238489E-04  1.1146042E-07  1.1146042E-07  2.0389374E-11  2.6124854E-15  2.7436575E-19  2.5348736E-23
  2.3304049E-04 -9.9861674E+01 -1.1371865E-03  5.3799310E-04  1.1382106E-07  1.1382106E-07  2.1040539E-11  2.7243181E-15  2.8912446E-19  2.6993688E-23
  2.3548600E-04 -9.9860222E+01 -1.1491200E-03  5.4363877E-04  1.1622246E-07  1.1622246E-07  2.1709909E-11  2.8404862E-15  3.0461649E-19  2.8738528E-23
  2.3794785E-04 -9.9858761E+01 -1.1611333E-03  5.4932214E-04  1.1866522E-07  1.1866522E-07  2.2397939E-11  2.9611433E-15  3.2087570E-19  3.0588954E-23
  2.4042613E-04 -9.9857290E+01 -1.1732268E-03  5.5504348E-04  1.2114995E-07  1.2114995E-07  2.3105094E-11  3.0864483E-15  3.3793744E-19  3.2550975E-23
  2.4292097E-04 -9.9855810E+01 -1.1854011E-03  5.6080302E-04  1.2367728E-07  1.2367728E-07  2.3831850E-11  3.2165652E-15  3.5583856E-19  3.4630921E-23
  2.4543248E-04 -9.9854319E+01 -1.1976567E-03  5.6660103E-04  1.2624784E-07  1.2624784E-07  2.4578694E-11  3.3516636E-15  3.7461752E-19  3.6835463E-23
  2.4796075E-04 -9.9852819E+01 -1.2099941E-03  5.7243776E-04  1.2886227E-07  1.2886227E-07  2.5346124E-11  3.4919184E-15  3.9431442E-19  3.9171628E-23
  2.5050591E-04 -9.9851308E+01 -1.2224139E-03  5.7831347E-04  1.3152122E-07  1.3152122E-07  2.6134648E-11  3.6375103E-15  4.1497109E-19  4.1646819E-23
  2.5306807E-04 -9.9849788E+01 -1.2349167E-03  5.8422842E-04  1.3422536E-07  1.3422536E-07  2.6944789E-11  3.7886259E-15  4.3663115E-19  4.4268834E-23
  2.5564734E-04 -9.9848257E+01 -1.2475030E-03  5.9018288E-04  1.3697536E-07  1.3697536E-07  2.7777078E-11  3.9454581E-15  4.5934009E-19  4.7045885E-23
  2.5824384E-04 -9.9846716E+01 -1.2601733E-03  5.9617711E-04  1.3977188E-07  1.3977188E-07  2.8632062E-11  4.1082057E-15  4.8314533E-19  4.9986620E-23
  2.6085768E-04 -9.9845165E+01 -1.2729283E-03  6.0221137E-04  1.4261563E-07  1.4261563E-07  2.9510297E-11  4.2770743E-15  5.0809632E-19  5.3100142E-23
  2.6348897E-04 -9.9843603E+01 -1.2857684E-03  6.0828593E-04  1.4550729E-07  1.4550729E-07  3.0412354E-11  4.4522759E-15  5.3424461E-19  5.6396039E-23
  2.6613784E-04 -9.9842031E+01 -1.2986943E-03  6.1440106E-04  1.4844758E-07  1.4844758E-07  3.1338817E-11  4.6340297E-15  5.6164393E-19  5.9884402E-23
  2.6880440E-04 -9.9840449E+01 -1.3117065E-03  6.2055703E-04  1.5143722E-07  1.5143722E-07  3.2290281E-11  4.8225616E-15  5.9035030E-19  6.3575850E-23
  2.7148877E-04 -9.9838856E+01 -1.3248057E-03  6.2675411E-04  1.5447692E-07  1.5447692E-07  3.3267358E-11  5.0181052E-15  6.2042210E-19  6.7481564E-23
  2.7419106E-04 -9.9837252E+01 -1.3379923E-03  6.3299258E-04  1.5756744E-07  1.5756744E-07  3.4270670E-11  5.2209013E-15  6.5192015E-19  7.1613305E-23
  2.7691141E-04 -9.9835638E+01 -1.3512670E-03  6.3927272E-04  1.6070951E-07  1.6070951E-07  3.5300857E-11  5.4311986E-15  6.8490787E-19  7.5983452E-23
  2.7964992E-04 -9.9834012E+01 -1.3646303E-03  6.4559480E-04  1.6390389E-07  1.6390389E-07  3.6358571E-11  5.6492538E-15  7.1945132E-19  8.0605027E-23
  2.8240672E-04 -9.9832376E+01 -1.3780829E-03  6.5195910E-04  1.6715137E-07  1.6715137E-07  3.7444479E-11  5.8753319E-15  7.5561934E-19  8.5491730E-23
  2.8518193E-04 -9.9830730E+01 -1.3916253E-03  6.5836591E-04  1.7045270E-07  1.7045270E-07  3.8559264E-11  6.1097063E-15  7.9348363E-19  9.0657971E-23
  2.8797568E-04 -9.9829072E+01 -1.4052582E-03  6.6481550E-04  1.7380870E-07  1.7380870E-07  3.9703624E-11  6.3526591E-15  8.3311892E-19  9.6118908E-23
  2.9078809E-04 -9.9827403E+01 -1.4189821E-03  6.7130817E-04  1.7722015E-07  1.7722015E-07  4.0878273E-11  6.6044816E-15  8.7460303E-19  1.0189048E-22
  2.9361927E-04 -9.9825723E+01 -1.4327977E-03  6.7784420E-04  1.8068787E-07  1.8068787E-07  4.2083941E-11  6.8654744E-15  9.1801705E-19  1.0798945E-22
  2.9646937E-04 -9.9824031E+01 -1.4467055E-03  6.8442389E-04  1.8421269E-07  1.8421269E-07  4.3321373E-11  7.1359474E-15  9.6344540E-19  1.1443344E-22
  2.9933850E-04 -9.9822329E+01 -1.4607063E-03  6.9104752E-04  1.8779544E-07  1.8779544E-07  4.4591335E-11  7.4162207E-15  1.0109760E-18  1.2124099E-22
  3.0222680E-04 -9.9820615E+01 -1.4748005E-03  6.9771538E-04  1.9143697E-07  1.9143697E-07  4.5894604E-11  7.7066243E-15  1.0607006E-18  1.2843157E-22
  3.0513438E-04 -9.9818889E+01 -1.4889889E-03  7.0442778E-04  1.9513814E-07  1.9513814E-07  4.7231981E-11  8.0074990E-15  1.1127143E-18  1.3602566E-22
  3.0806139E-04 -9.9817152E+01 -1.5032721E-03  7.1118500E-04  1.9889983E-07  1.9889983E-07  4.8604280E-11  8.3191962E-15  1.1671167E-18  1.4404479E-22
  3.1100794E-04 -9.9815404E+01 -1.5176505E-03  7.1798736E-04  2.0272291E-07  2.0272291E-07  5.0012335E-11  8.6420783E-15  1.2240110E-18  1.5251157E-22
  3.1397417E-04 -9.9813644E+01 -1.5321251E-03  7.2483514E-04  2.0660827E-07  2.0660827E-07  5.1457001E-11  8.9765194E-15  1.2835049E-18  1.6144978E-22
  3.1696021E-04 -9.9811872E+01 -1.5466963E-03  7.3172866E-04  2.1055684E-07  2.1055684E-07  5.2939148E-11  9.3229054E-15  1.3457106E-18  1.7088440E-22
  3.1996619E-04 -9.9810088E+01 -1.5613649E-03  7.3866822E-04  2.1456953E-07  2.1456953E-07  5.4459668E-11  9.6816343E-15  1.4107446E-18  1.8084167E-22
  3.2299225E-04 -9.9808292E+01 -1.5761314E-03  7.4565413E-04  2.1864728E-07  2.1864728E-07  5.6019474E-11  1.0053117E-14  1.4787285E-18  1.9134917E-22
  3.2603852E-04 -9.9806485E+01 -1.5909965E-03  7.5268669E-04  2.2279103E-07  2.2279103E-07  5.7619496E-11  1.0437776E-14  1.5497888E-18  2.0243586E-22
  3.2910514E-04 -9.9804665E+01 -1.6059609E-03  7.5976622E-04  2.2700174E-07  2.2700174E-07  5.9260688E-11  1.0836048E-14  1.6240569E-18  2.1413216E-22
  3.3219223E-04 -9.9802833E+01 -1.6210253E-03  7.6689303E-04  2.3128039E-07  2.3128039E-07  6.0944023E-11  1.1248385E-14  1.7016698E-18  2.2647005E-22
  3.3529994E-04 -9.9800989E+01 -1.6361902E-03  7.7406744E-04  2.3562796E-07  2.3562796E-07  6.2670498E-11  1.1675251E-14  1.7827701E-18  2.3948308E-22
  3.3842841E-04 -9.9799133E+01 -1.6514565E-03  7.8128977E-04  2.4004546E-07  2.4004546E-07  6.4441131E-11  1.2117124E-14  1.8675060E-18  2.5320649E-22
  3.4157777E-04 -9.9797264E+01 -1.6668247E-03  7.8856033E-04  2.4453390E-07  2.4453390E-07  6.6256962E-11  1.2574499E-14  1.9560320E-18  2.6767731E-22
  3.4474817E-04 -9.9795383E+01 -1.6822955E-03  7.9587945E-04  2.4909431E-07  2.4909431E-07  6.8119054E-11  1.3047886E-14  2.0485085E-18  2.8293440E-22
  3.4793974E-04 -9.9793489E+01 -1.6978696E-03  8.0324745E-04  2.5372773E-07  2.5372773E-07  7.0028496E-11  1.3537810E-14  2.1451027E-18  2.9901856E-22
  3.5115262E-04 -9.9791583E+01 -1.7135478E-03  8.1066465E-04  2.5843522E-07  2.5843522E-07  7.1986400E-11  1.4044813E-14  2.2459884E-18  3.1597261E-22
  3.5438696E-04 -9.9789664E+01 -1.7293307E-03  8.1813140E-04  2.6321785E-07  2.6321785E-07  7.3993901E-11  1.4569453E-14  2.3513465E-18  3.3384154E-22
  3.5764291E-04 -9.9787732E+01 -1.7452190E-03  8.2564801E-04  2.6807672E-07  2.6807672E-07  7.6052161E-11  1.5112307E-14  2.4613650E-18  3.5267255E-22
  3.6092060E-04 -9.9785787E+01 -1.7612134E-03  8.3321482E-04  2.7301292E-07  2.7301292E-07  7.8162367E-11  1.5673968E-14  2.5762397E-18  3.7251516E-22
  3.6422018E-04 -9.9783829E+01 -1.7773146E-03  8.4083217E-04  2.7802757E-07  2.7802757E-07  8.0325734E-11  1.6255049E-14  2.6961741E-18  3.9342137E-22
  3.6754179E-04 -9.9781858E+01 -1.7935234E-03  8.4850039E-04  2.8312181E-07  2.8312181E-07  8.2543501E-11  1.6856182E-14  2.8213799E-18  4.1544574E-22
  3.7088559E-04 -9.9779874E+01 -1.8098404E-03  8.5621983E-04  2.8829678E-07  2.8829678E-07  8.4816937E-11  1.7478016E-14  2.9520774E-18  4.3864554E-22
  3.7425172E-04 -9.9777877E+01 -1.8262664E-03  8.6399082E-04  2.9355365E-07  2.9355365E-07  8.7147338E-11  1.8121224E-14  3.0884955E-18  4.6308082E-22
  3.7764034E-04 -9.9775866E+01 -1.8428020E-03  8.7181371E-04  2.9889360E-07  2.9889360E-07  8.9536029E-11  1.8786496E-14  3.2308724E-18  4.8881463E-22
  3.8105158E-04 -9.9773843E+01 -1.8594482E-03  8.7968885E-04  3.0431783E-07  3.0431783E-07  9.1984362E-11  1.9474547E-14  3.3794557E-18  5.1591309E-22
  3.8448561E-04 -9.9771805E+01 -1.8762055E-03  8.8761658E-04  3.0982755E-07  3.0982755E-07  9.4493723E-11  2.0186110E-14  3.5345030E-18  5.4444557E-22
  3.8794257E-04 -9.9769754E+01 -1.8930747E-03  8.9559726E-04  3.1542400E-07  3.1542400E-07  9.7065525E-11  2.0921944E-14  3.6962821E-18  5.7448483E-22
  3.9142262E-04 -9.9767689E+01 -1.9100566E-03  9.0363124E-04  3.2110842E-07  3.2110842E-07  9.9701215E-11  2.1682830E-14  3.8650713E-18  6.0610720E-22
  3.9492591E-04 -9.9765611E+01 -1.9271519E-03  9.1171887E-04  3.2688208E-07  3.2688208E-07  1.0240227E-10  2.2469572E-14  4.0411601E-18  6.3939274E-22
  3.9845260E-04 -9.9763519E+01 -1.9443613E-03  9.1986052E-04  3.3274626E-07  3.3274626E-07  1.0517020E-10  2.3283000E-14  4.2248494E-18  6.7442540E-22
  4.0200284E-04 -9.9761412E+01 -1.9616857E-03  9.2805654E-04  3.3870226E-07  3.3870226E-07  1.0800654E-10  2.4123969E-14  4.4164521E-18  7.1129321E-22
  4.0557679E-04 -9.9759292E+01 -1.9791258E-03  9.3630731E-04  3.4475141E-07  3.4475141E-07  1.1091288E-10  2.4993361E-14  4.6162934E-18  7.5008851E-22
  4.0917462E-04 -9.9757157E+01 -1.9966824E-03  9.4461317E-04  3.5089503E-07  3.5089503E-07  1.1389082E-10  2.5892084E-14  4.8247113E-18  7.9090811E-22
  4.1279647E-04 -9.9755009E+01 -2.0143562E-03  9.5297451E-04  3.5713449E-07  3.5713449E-07  1.1694202E-10  2.6821074E-14  5.0420572E-18  8.3385349E-22
  4.1644251E-04 -9.9752846E+01 -2.0321481E-03  9.6139169E-04  3.6347115E-07  3.6347115E-07  1.2006816E-10  2.7781295E-14  5.2686963E-18  8.7903109E-22
  4.2011290E-04 -9.9750668E+01 -2.0500588E-03  9.6986509E-04  3.6990642E-07  3.6990642E-07  1.2327095E-10  2.8773741E-14  5.5050082E-18  9.2655244E-22
  4.2380780E-04 -9.9748476E+01 -2.0680891E-03  9.7839507E-04  3.7644171E-07  3.7644171E-07  1.2655215E-10  2.9799437E-14  5.7513875E-18  9.7653451E-22
  4.2752738E-04 -9.9746269E+01 -2.0862399E-03  9.8698203E-04  3.8307844E-07  3.8307844E-07  1.2991356E-10  3.0859437E-14  6.0082441E-18  1.0290999E-21
  4.3127180E-04 -9.9744048E+01 -2.1045118E-03  9.9562633E-04  3.8981807E-07  3.8981807E-07  1.3335702E-10  3.1954831E-14  6.2760041E-18  1.0843770E-21
  4.3504123E-04 -9.9741812E+01 -2.1229058E-03  1.0043284E-03  3.9666208E-07  3.9666208E-07  1.3688440E-10  3.3086738E-14  6.5551103E-18  1.1425006E-21
  4.3883584E-04 -9.9739561E+01 -2.1414227E-03  1.0130885E-03  4.0361195E-07  4.0361195E-07  1.4049761E-10  3.4256312E-14  6.8460226E-18  1.2036118E-21
  4.4265578E-04 -9.9737295E+01 -2.1600631E-03  1.0219072E-03  4.1066919E-07  4.1066919E-07  1.4419862E-10  3.5464745E-14  7.1492192E-18  1.2678585E-21
  4.4650124E-04 -9.9735014E+01 -2.1788282E-03  1.0307847E-03  4.1783535E-07  4.1783535E-07  1.4798943E-10  3.6713260E-14  7.4651968E-18  1.3353956E-21
  4.5037238E-04 -9.9732717E+01 -2.1977185E-03  1.0397216E-03  4.2511198E-07  4.2511198E-07  1.5187208E-10  3.8003122E-14  7.7944713E-18  1.4063857E-21
  4.5426938E-04 -9.9730406E+01 -2.2167350E-03  1.0487181E-03  4.3250065E-07  4.3250065E-07  1.5584866E-10  3.9335631E-14  8.1375790E-18  1.4809988E-21
  4.5819240E-04 -9.9728078E+01 -2.2358785E-03  1.0577747E-03  4.4000297E-07  4.4000297E-07  1.5992131E-10  4.0712127E-14  8.4950769E-18  1.5594132E-21
  4.6214162E-04 -9.9725736E+01 -2.2551498E-03  1.0668918E-03  4.4762054E-07  4.4762054E-07  1.6409220E-10  4.2133992E-14  8.8675436E-18  1.6418158E-21
  4.6611722E-04 -9.9723378E+01 -2.2745498E-03  1.0760698E-03  4.5535503E-07  4.5535503E-07  1.6836357E-10  4.3602648E-14  9.2555802E-18  1.7284022E-21
  4.7011937E-04 -9.9721004E+01 -2.2940795E-03  1.0853091E-03  4.6320808E-07  4.6320808E-07  1.7273769E-10  4.5119560E-14  9.6598111E-18  1.8193774E-21
  4.7414825E-04 -9.9718614E+01 -2.3137395E-03  1.0946101E-03  4.7118140E-07  4.7118140E-07  1.7721690E-10  4.6686237E-14  1.0080885E-17  1.9149561E-21
  4.7820404E-04 -9.9716208E+01 -2.3335309E-03  1.1039732E-03  4.7927669E-07  4.7927669E-07  1.8180356E-10  4.8304236E-14  1.0519476E-17  2.0153633E-21
  4.8228691E-04 -9.9713786E+01 -2.3534544E-03  1.1133989E-03  4.8749569E-07  4.8749569E-07  1.8650011E-10  4.9975156E-14  1.0976282E-17  2.1208344E-21
  4.8639705E-04 -9.9711348E+01 -2.3735110E-03  1.1228875E-03  4.9584016E-07  4.9584016E-07  1.9130903E-10  5.1700649E-14  1.1452032E-17  2.2316163E-21
  4.9053464E-04 -9.9708894E+01 -2.3937015E-03  1.1324394E-03  5.0431188E-07  5.0431188E-07  1.9623285E-10  5.3482413E-14  1.1947480E-17  2.3479672E-21
  4.9469987E-04 -9.9706424E+01 -2.4140269E-03  1.1420552E-03  5.1291266E-07  5.1291266E-07  2.0127417E-10  5.5322199E-14  1.2463410E-17  2.4701577E-21
  4.9889291E-04 -9.9703937E+01 -2.4344880E-03  1.1517352E-03  5.2164433E-07  5.2164433E-07  2.0643563E-10  5.7221810E-14  1.3000635E-17  2.5984712E-21
  5.0311396E-04 -9.9701433E+01 -2.4550858E-03  1.1614798E-03  5.3050876E-07  5.3050876E-07  2.1171994E-10  5.9183101E-14  1.3560001E-17  2.7332044E-21
  5.0736320E-04 -9.9698913E+01 -2.4758211E-03  1.1712895E-03  5.3950782E-07  5.3950782E-07  2.1712986E-10  6.1207987E-14  1.4142386E-17  2.8746678E-21
  5.1164081E-04 -9.9696376E+01 -2.4966950E-03  1.1811648E-03  5.4864343E-07  5.4864343E-07  2.2266820E-10  6.3298435E-14  1.4748702E-17  3.0231868E-21
  5.1594700E-04 -9.9693822E+01 -2.5177082E-03  1.1911059E-03  5.5791752E-07  5.5791752E-07  2.2833786E-10  6.5456475E-14  1.5379894E-17  3.1791019E-21
  5.2028194E-04 -9.9691251E+01 -2.5388618E-03  1.2011135E-03  5.6733206E-07  5.6733206E-07  2.3414178E-10  6.7684194E-14  1.6036946E-17  3.3427695E-21
  5.2464584E-04 -9.9688663E+01 -2.5601567E-03  1.2111879E-03  5.7688904E-07  5.7688904E-07  2.4008297E-10  6.9983746E-14  1.6720877E-17  3.5145628E-21
  5.2903888E-04 -9.9686057E+01 -2.5815938E-03  1.2213296E-03  5.8659047E-07  5.8659047E-07  2.4616451E-10  7.2357343E-14  1.7432748E-17  3.6948725E-21
  5.3346126E-04 -9.9683434E+01 -2.6031740E-03  1.2315391E-03  5.9643840E-07  5.9643840E-07  2.5238952E-10  7.4807269E-14  1.8173657E-17  3.8841074E-21
  5.3791318E-04 -9.9680794E+01 -2.6248984E-03  1.2418167E-03  6.0643490E-07  6.0643490E-07  2.5876123E-10  7.7335871E-14  1.8944747E-17  4.0826957E-21
  5.4239483E-04 -9.9678136E+01 -2.6467678E-03  1.2521629E-03  6.1658207E-07  6.1658207E-07  2.6528291E-10  7.9945570E-14  1.9747202E-17  4.2910852E-21
  5.4690641E-04 -9.9675461E+01 -2.6687833E-03  1.2625783E-03  6.2688205E-07  6.2688205E-07  2.7195791E-10  8.2638855E-14  2.0582254E-17  4.5097449E-21
  5.5144812E-04 -9.9672768E+01 -2.6909459E-03  1.2730632E-03  6.3733700E-07  6.3733700E-07  2.7878964E-10  8.5418292E-14  2.1451180E-17  4.7391654E-21
  5.5602017E-04 -9.9670056E+01 -2.7132565E-03  1.2836181E-03  6.4794910E-07  6.4794910E-07  2.8578161E-10  8.8286522E-14  2.2355304E-17  4.9798602E-21
  5.6062275E-04 -9.9667327E+01 -2.7357161E-03  1.2942436E-03  6.5872058E-07  6.5872058E-07  2.9293738E-10  9.1246264E-14  2.3296004E-17  5.2323667E-21
  5.6525606E-04 -9.9664579E+01 -2.7583257E-03  1.3049399E-03  6.6965369E-07  6.6965369E-07  3.0026059E-10  9.4300317E-14  2.4274708E-17  5.4972472E-21
  5.6992033E-04 -9.9661813E+01 -2.7810862E-03  1.3157078E-03  6.8075070E-07  6.8075070E-07  3.0775498E-10  9.7451565E-14  2.5292898E-17  5.7750901E-21
  5.7461574E-04 -9.9659029E+01 -2.8039988E-03  1.3265475E-03  6.9201393E-07  6.9201393E-07  3.1542433E-10  1.0070298E-13  2.6352114E-17  6.0665111E-21
  5.7934251E-04 -9.9656226E+01 -2.8270645E-03  1.3374597E-03  7.0344573E-07  7.0344573E-07  3.2327255E-10  1.0405760E-13  2.7453951E-17  6.3721542E-21
  5.8410085E-04 -9.9653405E+01 -2.8502841E-03  1.3484447E-03  7.1504847E-07  7.1504847E-07  3.3130360E-10  1.0751860E-13  2.8600068E-17  6.6926934E-21
  5.8889098E-04 -9.9650565E+01 -2.8736588E-03  1.3595031E-03  7.2682456E-07  7.2682456E-07  3.3952154E-10  1.1108919E-13  2.9792185E-17  7.0288337E-21
  5.9371309E-04 -9.9647705E+01 -2.8971897E-03  1.3706353E-03  7.3877644E-07  7.3877644E-07  3.4793050E-10  1.1477273E-13  3.1032086E-17  7.3813127E-21
  5.9856740E-04 -9.9644827E+01 -2.9208777E-03  1.3818419E-03  7.5090659E-07  7.5090659E-07  3.5653471E-10  1.1857263E-13  3.2321624E-17  7.7509021E-21
  6.0345414E-04 -9.9641930E+01 -2.9447239E-03  1.3931233E-03  7.6321752E-07  7.6321752E-07  3.6533850E-10  1.2249245E-13  3.3662721E-17  8.1384088E-21
  6.0837352E-04 -9.9639013E+01 -2.9687294E-03  1.4044801E-03  7.7571178E-07  7.7571178E-07  3.7434628E-10  1.2653580E-13  3.5057371E-17  8.5446773E-21
  6.1332574E-04 -9.9636077E+01 -2.9928951E-03  1.4159127E-03  7.8839194E-07  7.8839194E-07  3.8356256E-10  1.3070644E-13  3.6507645E-17  8.9705905E-21
  6.1831105E-04 -9.9633121E+01 -3.0172223E-03  1.4274217E-03  8.0126061E-07  8.0126061E-07  3.9299194E-10  1.3500823E-13  3.8015690E-17  9.4170722E-21
  6.2332965E-04 -9.9630145E+01 -3.0417120E-03  1.4390075E-03  8.1432046E-07  8.1432046E-07  4.0263912E-10  1.3944513E-13  3.9583733E-17  9.8850883E-21
  6.2838176E-04 -9.9627150E+01 -3.0663652E-03  1.4506708E-03  8.2757416E-07  8.2757416E-07  4.1250891E-10  1.4402122E-13  4.1214088E-17  1.0375649E-20
  6.3346762E-04 -9.9624135E+01 -3.0911831E-03  1.4624119E-03  8.4102444E-07  8.4102444E-07  4.2260621E-10  1.4874072E-13  4.2909152E-17  1.0889812E-20
  6.3858744E-04 -9.9621100E+01 -3.1161667E-03  1.4742314E-03  8.5467405E-07  8.5467405E-07  4.3293603E-10  1.5360795E-13  4.4671414E-17  1.1428681E-20
  6.4374146E-04 -9.9618044E+01 -3.1413171E-03  1.4861299E-03  8.6852581E-07  8.6852581E-07  4.4350350E-10  1.5862737E-13  4.6503456E-17  1.1993411E-20
  6.4892990E-04 -9.9614968E+01 -3.1666356E-03  1.4981078E-03  8.8258255E-07  8.8258255E-07  4.5431383E-10  1.6380356E-13  4.8407956E-17  1.2585212E-20
  6.5415299E-04 -9.9611872E+01 -3.1921231E-03  1.5101657E-03  8.9684713E-07  8.9684713E-07  4.6537237E-10  1.6914124E-13  5.0387693E-17  1.3205347E-20
  6.5941096E-04 -9.9608755E+01 -3.2177809E-03  1.5223042E-03  9.1132249E-07  9.1132249E-07  4.7668456E-10  1.7464527E-13  5.2445549E-17  1.3855137E-20
  6.6470405E-04 -9.9605618E+01 -3.2436100E-03  1.5345237E-03  9.2601157E-07  9.2601157E-07  4.8825599E-10  1.8032066E-13  5.4584514E-17  1.4535962E-20
  6.7003249E-04 -9.9602459E+01 -3.2696116E-03  1.5468248E-03  9.4091737E-07  9.4091737E-07  5.0009232E-10  1.8617255E-13  5.6807690E-17  1.5249269E-20
  6.7539652E-04 -9.9599279E+01 -3.2957869E-03  1.5592081E-03  9.5604293E-07  9.5604293E-07  5.1219938E-10  1.9220623E-13  5.9118295E-17  1.5996565E-20
  6.8079637E-04 -9.9596079E+01 -3.3221370E-03  1.5716741E-03  9.7139132E-07  9.7139132E-07  5.2458309E-10  1.9842715E-13  6.1519666E-17  1.6779431E-20
  6.8623228E-04 -9.9592857E+01 -3.3486630E-03  1.5842234E-03  9.8696567E-07  9.8696567E-07  5.3724951E-10  2.0484094E-13  6.4015264E-17  1.7599515E-20
  6.9170450E-04 -9.9589613E+01 -3.3753663E-03  1.5968564E-03  1.0027691E-06  1.0027691E-06  5.5020483E-10  2.1145336E-13  6.6608680E-17  1.8458544E-20
  6.9721327E-04 -9.9586348E+01 -3.4022479E-03  1.6095739E-03  1.0188049E-06  1.0188049E-06  5.6345537E-10  2.1827035E-13  6.9303638E-17  1.9358321E-20
  7.0275883E-04 -9.9583061E+01 -3.4293090E-03  1.6223763E-03  1.0350763E-06  1.0350763E-06  5.7700757E-10  2.2529804E-13  7.2104000E-17  2.0300731E-20
  7.0834142E-04 -9.9579752E+01 -3.4565508E-03  1.6352641E-03  1.0515865E-06  1.0515865E-06  5.9086804E-10  2.3254271E-13  7.5013771E-17  2.1287745E-20
  7.1396130E-04 -9.9576422E+01 -3.4839746E-03  1.6482381E-03  1.0683390E-06  1.0683390E-06  6.0504350E-10  2.4001084E-13  7.8037107E-17  2.2321422E-20
  7.1961871E-04 -9.9573069E+01 -3.5115815E-03  1.6612987E-03  1.0853371E-06  1.0853371E-06  6.1954081E-10  2.4770910E-13  8.1178316E-17  2.3403915E-20
  7.2531391E-04 -9.9569693E+01 -3.5393728E-03  1.6744465E-03  1.1025842E-06  1.1025842E-06  6.3436701E-10  2.5564434E-13  8.4441866E-17  2.4537474E-20
  7.3104714E-04 -9.9566296E+01 -3.5673497E-03  1.6876821E-03  1.1200838E-06  1.1200838E-06  6.4952926E-10  2.6382363E-13  8.7832391E-17  2.5724451E-20
  7.3681866E-04 -9.9562875E+01 -3.5955135E-03  1.7010061E-03  1.1378394E-06  1.1378394E-06  6.6503488E-10  2.7225422E-13  9.1354696E-17  2.6967303E-20
  7.4262873E-04 -9.9559432E+01 -3.6238653E-03  1.7144192E-03  1.1558546E-06  1.1558546E-06  6.8089133E-10  2.8094360E-13  9.5013764E-17  2.8268599E-20
  7.4847760E-04 -9.9555966E+01 -3.6524065E-03  1.7279218E-03  1.1741331E-06  1.1741331E-06  6.9710627E-10  2.8989945E-13  9.8814762E-17  2.9631024E-20
  7.5436553E-04 -9.9552477E+01 -3.6811384E-03  1.7415145E-03  1.1926785E-06  1.1926785E-06  7.1368748E-10  2.9912968E-13  1.0276305E-16  3.1057381E-20
  7.6029279E-04 -9.9548965E+01 -3.7100621E-03  1.7551981E-03  1.2114946E-06  1.2114946E-06  7.3064292E-10  3.0864244E-13  1.0686418E-16  3.2550603E-20
  7.6625964E-04 -9.9545429E+01 -3.7391790E-03  1.7689730E-03  1.2305850E-06  1.2305850E-06  7.4798072E-10  3.1844610E-13  1.1112391E-16  3.4113752E-20
  7.7226633E-04 -9.9541870E+01 -3.7684903E-03  1.7828400E-03  1.2499537E-06  1.2499537E-06  7.6570918E-10  3.2854930E-13  1.1554822E-16  3.5750029E-20
  7.7831314E-04 -9.9538287E+01 -3.7979974E-03  1.7967995E-03  1.2696044E-06  1.2696044E-06  7.8383678E-10  3.3896089E-13  1.2014331E-16  3.7462777E-20
  7.8440033E-04 -9.9534681E+01 -3.8277016E-03  1.8108523E-03  1.2895413E-06  1.2895413E-06  8.0237217E-10  3.4969000E-13  1.2491558E-16  3.9255491E-20
  7.9052818E-04 -9.9531050E+01 -3.8576041E-03  1.8249989E-03  1.3097681E-06  1.3097681E-06  8.2132420E-10  3.6074603E-13  1.2987171E-16  4.1131820E-20
  7.9669696E-04 -9.9527395E+01 -3.8877064E-03  1.8392400E-03  1.3302891E-06  1.3302891E-06  8.4070188E-10  3.7213864E-13  1.3501859E-16  4.3095581E-20
  8.0290693E-04 -9.9523716E+01 -3.9180097E-03  1.8535763E-03  1.3511081E-06  1.3511081E-06  8.6051443E-10  3.8387776E-13  1.4036337E-16  4.5150756E-20
  8.0915838E-04 -9.9520013E+01 -3.9485154E-03  1.8680082E-03  1.3722296E-06  1.3722296E-06  8.8077128E-10  3.9597363E-13  1.4591349E-16  4.7301509E-20
  8.1545158E-04 -9.9516285E+01 -3.9792249E-03  1.8825366E-03  1.3936575E-06  1.3936575E-06  9.0148201E-10  4.0843677E-13  1.5167662E-16  4.9552188E-20
  8.2178681E-04 -9.9512532E+01 -4.0101394E-03  1.8971620E-03  1.4153962E-06  1.4153962E-06  9.2265645E-10  4.2127800E-13  1.5766075E-16  5.1907338E-20
  8.2816435E-04 -9.9508754E+01 -4.0412604E-03  1.9118850E-03  1.4374500E-06  1.4374500E-06  9.4430462E-10  4.3450846E-13  1.6387413E-16  5.4371704E-20
  8.3458448E-04 -9.9504951E+01 -4.0725892E-03  1.9267064E-03  1.4598233E-06  1.4598233E-06  9.6643675E-10  4.4813961E-13  1.7032534E-16  5.6950244E-20
  8.4104749E-04 -9.9501122E+01 -4.1041273E-03  1.9416268E-03  1.4825205E-06  1.4825205E-06  9.8906328E-10  4.6218323E-13  1.7702326E-16  5.9648136E-20
  8.4755367E-04 -9.9497268E+01 -4.1358760E-03  1.9566469E-03  1.5055462E-06  1.5055462E-06  1.0121949E-09  4.7665146E-13  1.8397710E-16  6.2470790E-20
  8.5410329E-04 -9.9493389E+01 -4.1678368E-03  1.9717672E-03  1.5289049E-06  1.5289049E-06  1.0358424E-09  4.9155678E-13  1.9119640E-16  6.5423855E-20
  8.6069666E-04 -9.9489484E+01 -4.2000109E-03  1.9869885E-03  1.5526012E-06  1.5526012E-06  1.0600171E-09  5.0691200E-13  1.9869106E-16  6.8513234E-20
  8.6733407E-04 -9.9485553E+01 -4.2324000E-03  2.0023115E-03  1.5766398E-06  1.5766398E-06  1.0847302E-09  5.2273035E-13  2.0647133E-16  7.1745089E-20
  8.7401580E-04 -9.9481595E+01 -4.2650054E-03  2.0177368E-03  1.6010254E-06  1.6010254E-06  1.1099933E-09  5.3902540E-13  2.1454784E-16  7.5125859E-20
  8.8074216E-04 -9.9477612E+01 -4.2978286E-03  2.0332652E-03  1.6257630E-06  1.6257630E-06  1.1358183E-09  5.5581112E-13  2.2293161E-16  7.8662267E-20
  8.8751344E-04 -9.9473602E+01 -4.3308709E-03  2.0488972E-03  1.6508573E-06  1.6508573E-06  1.1622172E-09  5.7310189E-13  2.3163406E-16  8.2361334E-20
  8.9432995E-04 -9.9469565E+01 -4.3641340E-03  2.0646337E-03  1.6763133E-06  1.6763133E-06  1.1892025E-09  5.9091249E-13  2.4066702E-16  8.6230394E-20
  9.0119198E-04 -9.9465501E+01 -4.3976192E-03  2.0804752E-03  1.7021361E-06  1.7021361E-06  1.2167866E-09  6.0925814E-13  2.5004276E-16  9.0277106E-20
  9.0809984E-04 -9.9461411E+01 -4.4313280E-03  2.0964226E-03  1.7283307E-06  1.7283307E-06  1.2449826E-09  6.2815447E-13  2.5977400E-16  9.4509465E-20
  9.1505383E-04 -9.9457293E+01 -4.4652620E-03  2.1124764E-03  1.7549022E-06  1.7549022E-06  1.2738034E-09  6.4761759E-13  2.6987392E-16  9.8935824E-20
  9.2205427E-04 -9.9453148E+01 -4.4994226E-03  2.1286375E-03  1.7818560E-06  1.7818560E-06  1.3032626E-09  6.6766404E-13  2.8035616E-16  1.0356490E-19
  9.2910146E-04 -9.9448975E+01 -4.5338113E-03  2.1449065E-03  1.8091972E-06  1.8091972E-06  1.3333737E-09  6.8831086E-13  2.9123489E-16  1.0840581E-19
  9.3619571E-04 -9.9444775E+01 -4.5684297E-03  2.1612842E-03  1.8369313E-06  1.8369313E-06  1.3641509E-09  7.0957555E-13  3.0252476E-16  1.1346805E-19
  9.4333735E-04 -9.9440547E+01 -4.6032793E-03  2.1777712E-03  1.8650637E-06  1.8650637E-06  1.3956083E-09  7.3147614E-13  3.1424099E-16  1.1876156E-19
  9.5052668E-04 -9.9436290E+01 -4.6383617E-03  2.1943683E-03  1.8936000E-06  1.8936000E-06  1.4277606E-09  7.5403116E-13  3.2639931E-16  1.2429669E-19
  9.5776403E-04 -9.9432006E+01 -4.6736784E-03  2.2110763E-03  1.9225456E-06  1.9225456E-06  1.4606226E-09  7.7725966E-13  3.3901607E-16  1.3008428E-19
  9.6504971E-04 -9.9427693E+01 -4.7092309E-03  2.2278959E-03  1.9519064E-06  1.9519064E-06  1.4942095E-09  8.0118125E-13  3.5210816E-16  1.3613563E-19
  9.7238405E-04 -9.9423351E+01 -4.7450209E-03  2.2448278E-03  1.9816879E-06  1.9816879E-06  1.5285369E-09  8.2581609E-13  3.6569313E-16  1.4246253E-19
  9.7976738E-04 -9.9418980E+01 -4.7810499E-03  2.2618728E-03  2.0118961E-06  2.0118961E-06  1.5636205E-09  8.5118493E-13  3.7978914E-16  1.4907730E-19
  9.8720001E-04 -9.9414581E+01 -4.8173195E-03  2.2790317E-03  2.0425368E-06  2.0425368E-06  1.5994766E-09  8.7730910E-13  3.9441500E-16  1.5599281E-19
  9.9468229E-04 -9.9410152E+01 -4.8538314E-03  2.2963051E-03  2.0736161E-06  2.0736161E-06  1.6361216E-09  9.0421052E-13  4.0959022E-16  1.6322248E-19
  1.0022145E-03 -9.9405694E+01 -4.8905871E-03  2.3136939E-03  2.1051400E-06  2.1051400E-06  1.6735724E-09  9.3191178E-13  4.2533501E-16  1.7078033E-19
  1.0097971E-03 -9.9401206E+01 -4.9275883E-03  2.3311988E-03  2.1371146E-06  2.1371146E-06  1.7118463E-09  9.6043607E-13  4.4167032E-16  1.7868099E-19
  1.0174303E-03 -9.9396689E+01 -4.9648366E-03  2.3488207E-03  2.1695461E-06  2.1695461E-06  1.7509607E-09  9.8980727E-13  4.5861783E-16  1.8693973E-19
  1.0251145E-03 -9.9392141E+01 -5.0023336E-03  2.3665602E-03  2.2024410E-06  2.2024410E-06  1.7909336E-09  1.0200499E-12  4.7620003E-16  1.9557250E-19
  1.0328499E-03 -9.9387563E+01 -5.0400812E-03  2.3844182E-03  2.2358055E-06  2.2358055E-06  1.8317833E-09  1.0511893E-12  4.9444021E-16  2.0459595E-19
  1.0406371E-03 -9.9382955E+01 -5.0780807E-03  2.4023955E-03  2.2696462E-06  2.2696462E-06  1.8735285E-09  1.0832513E-12  5.1336251E-16  2.1402745E-19
  1.0484763E-03 -9.9378317E+01 -5.1163341E-03  2.4204928E-03  2.3039697E-06  2.3039697E-06  1.9161884E-09  1.1162627E-12  5.3299193E-16  2.2388513E-19
  1.0563678E-03 -9.9373647E+01 -5.1548430E-03  2.4387110E-03  2.3387825E-06  2.3387825E-06  1.9597823E-09  1.1502509E-12  5.5335437E-16  2.3418793E-19
  1.0643120E-03 -9.9368947E+01 -5.1936091E-03  2.4570509E-03  2.3740916E-06  2.3740916E-06  2.0043302E-09  1.1852441E-12  5.7447669E-16  2.4495561E-19
  1.0723093E-03 -9.9364215E+01 -5.2326341E-03  2.4755132E-03  2.4099036E-06  2.4099036E-06  2.0498523E-09  1.2212715E-12  5.9638667E-16  2.5620878E-19
  1.0803600E-03 -9.9359452E+01 -5.2719196E-03  2.4940989E-03  2.4462256E-06  2.4462256E-06  2.0963695E-09  1.2583629E-12  6.1911314E-16  2.6796898E-19
  1.0884644E-03 -9.9354658E+01 -5.3114676E-03  2.5128087E-03  2.4830645E-06  2.4830645E-06  2.1439028E-09  1.2965490E-12  6.4268594E-16  2.8025867E-19
  1.0966230E-03 -9.9349831E+01 -5.3512797E-03  2.5316434E-03  2.5204276E-06  2.5204276E-06  2.1924739E-09  1.3358613E-12  6.6713598E-16  2.9310130E-19
  1.1048361E-03 -9.9344973E+01 -5.3913577E-03  2.5506040E-03  2.5583221E-06  2.5583221E-06  2.2421048E-09  1.3763324E-12  6.9249531E-16  3.0652133E-19
  1.1131040E-03 -9.9340082E+01 -5.4317034E-03  2.5696911E-03  2.5967552E-06  2.5967552E-06  2.2928181E-09  1.4179958E-12  7.1879710E-16  3.2054432E-19
  1.1214272E-03 -9.9335159E+01 -5.4723185E-03  2.5889058E-03  2.6357344E-06  2.6357344E-06  2.3446366E-09  1.4608856E-12  7.4607572E-16  3.3519690E-19
  1.1298059E-03 -9.9330204E+01 -5.5132048E-03  2.6082487E-03  2.6752672E-06  2.6752672E-06  2.3975840E-09  1.5050373E-12  7.7436680E-16  3.5050690E-19
  1.1382406E-03 -9.9325215E+01 -5.5543643E-03  2.6277209E-03  2.7153613E-06  2.7153613E-06  2.4516842E-09  1.5504871E-12  8.0370722E-16  3.6650335E-19
  1.1467316E-03 -9.9320193E+01 -5.5957986E-03  2.6473231E-03  2.7560243E-06  2.7560243E-06  2.5069615E-09  1.5972726E-12  8.3413519E-16  3.8321654E-19
  1.1552793E-03 -9.9315138E+01 -5.6375096E-03  2.6670562E-03  2.7972642E-06  2.7972642E-06  2.5634410E-09  1.6454319E-12  8.6569030E-16  4.0067807E-19
  1.1638841E-03 -9.9310050E+01 -5.6794992E-03  2.6869211E-03  2.8390888E-06  2.8390888E-06  2.6211481E-09  1.6950047E-12  8.9841355E-16  4.1892093E-19
  1.1725464E-03 -9.9304928E+01 -5.7217693E-03  2.7069187E-03  2.8815062E-06  2.8815062E-06  2.6801090E-09  1.7460316E-12  9.3234742E-16  4.3797956E-19
  1.1812666E-03 -9.9299772E+01 -5.7643216E-03  2.7270498E-03  2.9245246E-06  2.9245246E-06  2.7403500E-09  1.7985542E-12  9.6753589E-16  4.5788985E-19
  1.1900449E-03 -9.9294582E+01 -5.8071582E-03  2.7473154E-03  2.9681523E-06  2.9681523E-06  2.8018984E-09  1.8526157E-12  1.0040246E-15  4.7868930E-19
  1.1988819E-03 -9.9289357E+01 -5.8502808E-03  2.7677163E-03  3.0123976E-06  3.0123976E-06  2.8647818E-09  1.9082600E-12  1.0418606E-15  5.0041700E-19
  1.2077780E-03 -9.9284098E+01 -5.8936915E-03  2.7882535E-03  3.0572690E-06  3.0572690E-06  2.9290285E-09  1.9655328E-12  1.0810929E-15  5.2311376E-19
  1.2167334E-03 -9.9278804E+01 -5.9373920E-03  2.8089278E-03  3.1027751E-06  3.1027751E-06  2.9946672E-09  2.0244805E-12  1.1217722E-15  5.4682217E-19
  1.2257487E-03 -9.9273475E+01 -5.9813845E-03  2.8297402E-03  3.1489247E-06  3.1489247E-06  3.0617275E-09  2.0851512E-12  1.1639508E-15  5.7158663E-19
  1.2348241E-03 -9.9268110E+01 -6.0256707E-03  2.8506916E-03  3.1957266E-06  3.1957266E-06  3.1302395E-09  2.1475943E-12  1.2076831E-15  5.9745350E-19
  1.2439602E-03 -9.9262710E+01 -6.0702527E-03  2.8717829E-03  3.2431898E-06  3.2431898E-06  3.2002336E-09  2.2118606E-12  1.2530254E-15  6.2447113E-19
  1.2531573E-03 -9.9257275E+01 -6.1151325E-03  2.8930151E-03  3.2913234E-06  3.2913234E-06  3.2717414E-09  2.2780022E-12  1.3000359E-15  6.5268998E-19
  1.2624158E-03 -9.9251803E+01 -6.1603119E-03  2.9143891E-03  3.3401365E-06  3.3401365E-06  3.3447948E-09  2.3460727E-12  1.3487750E-15  6.8216268E-19
  1.2717361E-03 -9.9246295E+01 -6.2057932E-03  2.9359059E-03  3.3896386E-06  3.3896386E-06  3.4194263E-09  2.4161274E-12  1.3993053E-15  7.1294414E-19
  1.2811187E-03 -9.9240751E+01 -6.2515781E-03  2.9575663E-03  3.4398391E-06  3.4398391E-06  3.4956693E-09  2.4882230E-12  1.4516914E-15  7.4509166E-19
  1.2905640E-03 -9.9235170E+01 -6.2976689E-03  2.9793714E-03  3.4907475E-06  3.4907475E-06  3.5735578E-09  2.5624178E-12  1.5060005E-15  7.7866500E-19
  1.3000723E-03 -9.9229552E+01 -6.3440675E-03  3.0013222E-03  3.5423737E-06  3.5423737E-06  3.6531265E-09  2.6387716E-12  1.5623019E-15  8.1372652E-19
  1.3096441E-03 -9.9223897E+01 -6.3907759E-03  3.0234195E-03  3.5947274E-06  3.5947274E-06  3.7344109E-09  2.7173463E-12  1.6206675E-15  8.5034126E-19
  1.3192799E-03 -9.9218204E+01 -6.4377964E-03  3.0456644E-03  3.6478186E-06  3.6478186E-06  3.8174471E-09  2.7982052E-12  1.6811720E-15  8.8857707E-19
  1.3289800E-03 -9.9212474E+01 -6.4851308E-03  3.0680579E-03  3.7016576E-06  3.7016576E-06  3.9022719E-09  2.8814134E-12  1.7438923E-15  9.2850474E-19
  1.3387449E-03 -9.9206706E+01 -6.5327814E-03  3.0906010E-03  3.7562544E-06  3.7562544E-06  3.9889232E-09  2.9670380E-12  1.8089084E-15  9.7019812E-19
  1.3485750E-03 -9.9200900E+01 -6.5807502E-03  3.1132946E-03  3.8116196E-06  3.8116196E-06  4.0774394E-09  3.0551477E-12  1.8763030E-15  1.0137342E-18
  1.3584708E-03 -9.9195055E+01 -6.6290394E-03  3.1361397E-03  3.8677637E-06  3.8677637E-06  4.1678596E-09  3.1458136E-12  1.9461617E-15  1.0591934E-18
  1.3684327E-03 -9.9189172E+01 -6.6776510E-03  3.1591375E-03  3.9246974E-06  3.9246974E-06  4.2602241E-09  3.2391083E-12  2.0185734E-15  1.1066594E-18
  1.3784611E-03 -9.9183249E+01 -6.7265874E-03  3.1822888E-03  3.9824314E-06  3.9824314E-06  4.3545737E-09  3.3351067E-12  2.0936297E-15  1.1562198E-18
  1.3885564E-03 -9.9177288E+01 -6.7758506E-03  3.2055947E-03  4.0409768E-06  4.0409768E-06  4.4509501E-09  3.4338858E-12  2.1714259E-15  1.2079656E-18
  1.3987192E-03 -9.9171287E+01 -6.8254428E-03  3.2290563E-03  4.1003447E-06  4.1003447E-06  4.5493960E-09  3.5355247E-12  2.2520605E-15  1.2619920E-18
  1.4089499E-03 -9.9165247E+01 -6.8753661E-03  3.2526746E-03  4.1605463E-06  4.1605463E-06  4.6499550E-09  3.6401048E-12  2.3356355E-15  1.3183983E-18
  1.4192489E-03 -9.9159167E+01 -6.9256230E-03  3.2764507E-03  4.2215932E-06  4.2215932E-06  4.7526713E-09  3.7477096E-12  2.4222564E-15  1.3772878E-18
  1.4296167E-03 -9.9153046E+01 -6.9762154E-03  3.3003855E-03  4.2834968E-06  4.2834968E-06  4.8575903E-09  3.8584251E-12  2.5120328E-15  1.4387685E-18
  1.4400537E-03 -9.9146885E+01 -7.0271458E-03  3.3244801E-03  4.3462690E-06  4.3462690E-06  4.9647584E-09  3.9723397E-12  2.6050778E-15  1.5029530E-18
  1.4505604E-03 -9.9140684E+01 -7.0784163E-03  3.3487357E-03  4.4099215E-06  4.4099215E-06  5.0742226E-09  4.0895443E-12  2.7015087E-15  1.5699586E-18
  1.4611373E-03 -9.9134441E+01 -7.1300292E-03  3.3731533E-03  4.4744666E-06  4.4744666E-06  5.1860313E-09  4.2101323E-12  2.8014470E-15  1.6399079E-18
  1.4717848E-03 -9.9128157E+01 -7.1819868E-03  3.3977340E-03  4.5399164E-06  4.5399164E-06  5.3002336E-09  4.3341997E-12  2.9050183E-15  1.7129284E-18
  1.4825035E-03 -9.9121832E+01 -7.2342914E-03  3.4224788E-03  4.6062832E-06  4.6062832E-06  5.4168797E-09  4.4618452E-12  3.0123529E-15  1.7891534E-18
  1.4932937E-03 -9.9115465E+01 -7.2869454E-03  3.4473889E-03  4.6735797E-06  4.6735797E-06  5.5360210E-09  4.5931703E-12  3.1235856E-15  1.8687218E-18
  1.5041560E-03 -9.9109056E+01 -7.3399510E-03  3.4724653E-03  4.7418186E-06  4.7418186E-06  5.6577096E-09  4.7282793E-12  3.2388559E-15  1.9517785E-18
  1.5150908E-03 -9.9102604E+01 -7.3933106E-03  3.4977092E-03  4.8110128E-06  4.8110128E-06  5.7819991E-09  4.8672794E-12  3.3583084E-15  2.0384744E-18
  1.5260987E-03 -9.9096110E+01 -7.4470266E-03  3.5231218E-03  4.8811753E-06  4.8811753E-06  5.9089439E-09  5.0102809E-12  3.4820927E-15  2.1289672E-18
  1.5371801E-03 -9.9089574E+01 -7.5011013E-03  3.5487040E-03  4.9523194E-06  4.9523194E-06  6.0385996E-09  5.1573971E-12  3.6103637E-15  2.2234211E-18
  1.5483355E-03 -9.9082994E+01 -7.5555372E-03  3.5744571E-03  5.0244586E-06  5.0244586E-06  6.1710232E-09  5.3087446E-12  3.7432819E-15  2.3220075E-18
  1.5595654E-03 -9.9076370E+01 -7.6103366E-03  3.6003822E-03  5.0976064E-06  5.0976064E-06  6.3062724E-09  5.4644430E-12  3.8810132E-15  2.4249050E-18
  1.5708703E-03 -9.9069703E+01 -7.6655020E-03  3.6264804E-03  5.1717767E-06  5.1717767E-06  6.4444065E-09  5.6246154E-12  4.0237297E-15  2.5322999E-18
  1.5822507E-03 -9.9062992E+01 -7.7210359E-03  3.6527529E-03  5.2469833E-06  5.2469833E-06  6.5854858E-09  5.7893885E-12  4.1716093E-15  2.6443865E-18
  1.5937071E-03 -9.9056237E+01 -7.7769406E-03  3.6792009E-03  5.3232406E-06  5.3232406E-06  6.7295720E-09  5.9588923E-12  4.3248363E-15  2.7613674E-18
  1.6052400E-03 -9.9049437E+01 -7.8332187E-03  3.7058256E-03  5.4005629E-06  5.4005629E-06  6.8767280E-09  6.1332604E-12  4.4836016E-15  2.8834539E-18
  1.6168500E-03 -9.9042593E+01 -7.8898727E-03  3.7326280E-03  5.4789647E-06  5.4789647E-06  7.0270179E-09  6.3126304E-12  4.6481027E-15  3.0108662E-18
  1.6285374E-03 -9.9035703E+01 -7.9469050E-03  3.7596095E-03  5.5584608E-06  5.5584608E-06  7.1805074E-09  6.4971436E-12  4.8185442E-15  3.1438340E-18
  1.6403030E-03 -9.9028768E+01 -8.0043182E-03  3.7867711E-03  5.6390661E-06  5.6390661E-06  7.3372632E-09  6.6869451E-12  4.9951377E-15  3.2825969E-18
  1.6521471E-03 -9.9021787E+01 -8.0621149E-03  3.8141142E-03  5.7207958E-06  5.7207958E-06  7.4973537E-09  6.8821843E-12  5.1781025E-15  3.4274045E-18
  1.6640703E-03 -9.9014761E+01 -8.1202976E-03  3.8416398E-03  5.8036653E-06  5.8036653E-06  7.6608485E-09  7.0830145E-12  5.3676654E-15  3.5785174E-18
  1.6760732E-03 -9.9007688E+01 -8.1788689E-03  3.8693493E-03  5.8876902E-06  5.8876902E-06  7.8278187E-09  7.2895936E-12  5.5640615E-15  3.7362068E-18
  1.6881562E-03 -9.9000568E+01 -8.2378313E-03  3.8972439E-03  5.9728861E-06  5.9728861E-06  7.9983369E-09  7.5020836E-12  5.7675339E-15  3.9007561E-18
  1.7003199E-03 -9.8993402E+01 -8.2971875E-03  3.9253247E-03  6.0592692E-06  6.0592692E-06  8.1724772E-09  7.7206513E-12  5.9783344E-15  4.0724603E-18
  1.7125648E-03 -9.8986188E+01 -8.3569402E-03  3.9535931E-03  6.1468556E-06  6.1468556E-06  8.3503152E-09  7.9454679E-12  6.1967237E-15  4.2516272E-18
  1.7248916E-03 -9.8978927E+01 -8.4170919E-03  3.9820503E-03  6.2356617E-06  6.2356617E-06  8.5319280E-09  8.1767095E-12  6.4229715E-15  4.4385776E-18
  1.7373006E-03 -9.8971618E+01 -8.4776454E-03  4.0106975E-03  6.3257043E-06  6.3257043E-06  8.7173944E-09  8.4145570E-12  6.6573573E-15  4.6336460E-18
  1.7497925E-03 -9.8964261E+01 -8.5386032E-03  4.0395361E-03  6.4170001E-06  6.4170001E-06  8.9067948E-09  8.6591965E-12  6.9001700E-15  4.8371814E-18
  1.7623679E-03 -9.8956856E+01 -8.5999682E-03  4.0685673E-03  6.5095663E-06  6.5095663E-06  9.1002112E-09  8.9108192E-12  7.1517091E-15  5.0495472E-18
  1.7750272E-03 -9.8949402E+01 -8.6617430E-03  4.0977923E-03  6.6034203E-06  6.6034203E-06  9.2977273E-09  9.1696216E-12  7.4122844E-15  5.2711226E-18
  1.7877711E-03 -9.8941898E+01 -8.7239304E-03  4.1272126E-03  6.6985796E-06  6.6985796E-06  9.4994286E-09  9.4358058E-12  7.6822166E-15  5.5023028E-18
  1.8006001E-03 -9.8934346E+01 -8.7865331E-03  4.1568293E-03  6.7950620E-06  6.7950620E-06  9.7054023E-09  9.7095793E-12  7.9618378E-15  5.7435000E-18
  1.8135148E-03 -9.8926744E+01 -8.8495539E-03  4.1866438E-03  6.8928856E-06  6.8928856E-06  9.9157375E-09  9.9911555E-12  8.2514916E-15  5.9951436E-18
  1.8265158E-03 -9.8919092E+01 -8.9129956E-03  4.2166575E-03  6.9920687E-06  6.9920687E-06  1.0130525E-08  1.0280754E-11  8.5515338E-15  6.2576816E-18
  1.8396035E-03 -9.8911390E+01 -8.9768610E-03  4.2468715E-03  7.0926297E-06  7.0926297E-06  1.0349857E-08  1.0578600E-11  8.8623327E-15  6.5315808E-18
  1.8527787E-03 -9.8903637E+01 -9.0411529E-03  4.2772874E-03  7.1945876E-06  7.1945876E-06  1.0573829E-08  1.0884925E-11  9.1842694E-15  6.8173279E-18
  1.8660419E-03 -9.8895833E+01 -9.1058743E-03  4.3079064E-03  7.2979613E-06  7.2979613E-06  1.0802537E-08  1.1199967E-11  9.5177385E-15  7.1154303E-18
  1.8793936E-03 -9.8887978E+01 -9.1710278E-03  4.3387299E-03  7.4027702E-06  7.4027702E-06  1.1036080E-08  1.1523972E-11  9.8631484E-15  7.4264170E-18
  1.8928345E-03 -9.8880071E+01 -9.2366165E-03  4.3697593E-03  7.5090338E-06  7.5090338E-06  1.1274559E-08  1.1857190E-11  1.0220922E-14  7.7508394E-18
  1.9063652E-03 -9.8872113E+01 -9.3026433E-03  4.4009959E-03  7.6167719E-06  7.6167719E-06  1.1518075E-08  1.2199881E-11  1.0591496E-14  8.0892722E-18
  1.9199863E-03 -9.8864102E+01 -9.3691110E-03  4.4324411E-03  7.7260047E-06  7.7260047E-06  1.1766734E-08  1.2552310E-11  1.0975325E-14  8.4423147E-18
  1.9336983E-03 -9.8856039E+01 -9.4360227E-03  4.4640963E-03  7.8367525E-06  7.8367525E-06  1.2020643E-08  1.2914749E-11  1.1372877E-14  8.8105914E-18
  1.9475019E-03 -9.8847923E+01 -9.5033812E-03  4.4959630E-03  7.9490360E-06  7.9490360E-06  1.2279910E-08  1.3287481E-11  1.1784636E-14  9.1947535E-18
  1.9613977E-03 -9.8839753E+01 -9.5711895E-03  4.5280424E-03  8.0628761E-06  8.0628761E-06  1.2544648E-08  1.3670794E-11  1.2211106E-14  9.5954797E-18
  1.9753863E-03 -9.8831530E+01 -9.6394508E-03  4.5603361E-03  8.1782939E-06  8.1782939E-06  1.2814970E-08  1.4064983E-11  1.2652807E-14  1.0013477E-17
  1.9894683E-03 -9.8823253E+01 -9.7081679E-03  4.5928455E-03  8.2953111E-06  8.2953111E-06  1.3090991E-08  1.4470354E-11  1.3110275E-14  1.0449484E-17
  2.0036444E-03 -9.8814922E+01 -9.7773440E-03  4.6255720E-03  8.4139493E-06  8.4139493E-06  1.3372831E-08  1.4887220E-11  1.3584069E-14  1.0904268E-17
  2.0179151E-03 -9.8806536E+01 -9.8469821E-03  4.6585171E-03  8.5342307E-06  8.5342307E-06  1.3660610E-08  1.5315902E-11  1.4074764E-14  1.1378631E-17
  2.0322811E-03 -9.8798095E+01 -9.9170853E-03  4.6916822E-03  8.6561776E-06  8.6561776E-06  1.3954452E-08  1.5756733E-11  1.4582957E-14  1.1873408E-17
  2.0467431E-03 -9.8789599E+01 -9.9876566E-03  4.7250687E-03  8.7798128E-06  8.7798128E-06  1.4254482E-08  1.6210051E-11  1.5109265E-14  1.2389470E-17
  2.0613017E-03 -9.8781048E+01 -1.0058699E-02  4.7586783E-03  8.9051591E-06  8.9051591E-06  1.4560829E-08  1.6676206E-11  1.5654329E-14  1.2927723E-17
  2.0759576E-03 -9.8772440E+01 -1.0130216E-02  4.7925123E-03  9.0322399E-06  9.0322399E-06  1.4873623E-08  1.7155557E-11  1.6218808E-14  1.3489114E-17
  2.0907112E-03 -9.8763776E+01 -1.0202211E-02  4.8265723E-03  9.1610788E-06  9.1610788E-06  1.5192999E-08  1.7648474E-11  1.6803388E-14  1.4074628E-17
  2.1055635E-03 -9.8755056E+01 -1.0274687E-02  4.8608598E-03  9.2916997E-06  9.2916997E-06  1.5519093E-08  1.8155335E-11  1.7408776E-14  1.4685293E-17
  2.1205149E-03 -9.8746278E+01 -1.0347646E-02  4.8953762E-03  9.4241269E-06  9.4241269E-06  1.5852045E-08  1.8676531E-11  1.8035707E-14  1.5322179E-17
  2.1355662E-03 -9.8737443E+01 -1.0421093E-02  4.9301232E-03  9.5583849E-06  9.5583849E-06  1.6191996E-08  1.9212462E-11  1.8684939E-14  1.5986402E-17
  2.1507180E-03 -9.8728550E+01 -1.0495031E-02  4.9651023E-03  9.6944988E-06  9.6944988E-06  1.6539092E-08  1.9763539E-11  1.9357257E-14  1.6679127E-17
  2.1659710E-03 -9.8719599E+01 -1.0569462E-02  5.0003149E-03  9.8324936E-06  9.8324936E-06  1.6893481E-08  2.0330187E-11  2.0053475E-14  1.7401564E-17
  2.1813259E-03 -9.8710589E+01 -1.0644390E-02  5.0357627E-03  9.9723950E-06  9.9723950E-06  1.7255314E-08  2.0912839E-11  2.0774433E-14  1.8154979E-17
  2.1967833E-03 -9.8701521E+01 -1.0719819E-02  5.0714473E-03  1.0114229E-05  1.0114229E-05  1.7624745E-08  2.1511943E-11  2.1521002E-14  1.8940686E-17
  2.2123439E-03 -9.8692393E+01 -1.0795752E-02  5.1073702E-03  1.0258022E-05  1.0258022E-05  1.8001931E-08  2.2127957E-11  2.2294082E-14  1.9760060E-17
  2.2280085E-03 -9.8683206E+01 -1.0872191E-02  5.1435329E-03  1.0403800E-05  1.0403800E-05  1.8387034E-08  2.2761355E-11  2.3094607E-14  2.0614530E-17
  2.2437777E-03 -9.8673959E+01 -1.0949142E-02  5.1799373E-03  1.0551591E-05  1.0551591E-05  1.8780217E-08  2.3412620E-11  2.3923542E-14  2.1505588E-17
  2.2596522E-03 -9.8664651E+01 -1.1026606E-02  5.2165847E-03  1.0701421E-05  1.0701421E-05  1.9181647E-08  2.4082251E-11  2.4781884E-14  2.2434786E-17
  2.2756327E-03 -9.8655282E+01 -1.1104587E-02  5.2534769E-03  1.0853319E-05  1.0853319E-05  1.9591496E-08  2.4770761E-11  2.5670667E-14  2.3403744E-17
  2.2917200E-03 -9.8645853E+01 -1.1183089E-02  5.2906155E-03  1.1007313E-05  1.1007313E-05  2.0009937E-08  2.5478676E-11  2.6590961E-14  2.4414150E-17
  2.3079147E-03 -9.8636362E+01 -1.1262116E-02  5.3280021E-03  1.1163431E-05  1.1163431E-05  2.0437148E-08  2.6206536E-11  2.7543873E-14  2.5467761E-17
  2.3242175E-03 -9.8626809E+01 -1.1341670E-02  5.3656384E-03  1.1321702E-05  1.1321702E-05  2.0873310E-08  2.6954898E-11  2.8530547E-14  2.6566411E-17
  2.3406293E-03 -9.8617194E+01 -1.1421756E-02  5.4035260E-03  1.1482155E-05  1.1482155E-05  2.1318610E-08  2.7724333E-11  2.9552169E-14  2.7712009E-17
  2.3571506E-03 -9.8607516E+01 -1.1502376E-02  5.4416667E-03  1.1644820E-05  1.1644820E-05  2.1773235E-08  2.8515427E-11  3.0609966E-14  2.8906546E-17
  2.3737823E-03 -9.8597775E+01 -1.1583535E-02  5.4800621E-03  1.1809727E-05  1.1809727E-05  2.2237379E-08  2.9328785E-11  3.1705207E-14  3.0152096E-17
  2.3905251E-03 -9.8587971E+01 -1.1665236E-02  5.5187140E-03  1.1976907E-05  1.1976907E-05  2.2711238E-08  3.0165026E-11  3.2839206E-14  3.1450819E-17
  2.4073796E-03 -9.8578102E+01 -1.1747483E-02  5.5576240E-03  1.2146390E-05  1.2146390E-05  2.3195014E-08  3.1024787E-11  3.4013320E-14  3.2804969E-17
  2.4243468E-03 -9.8568170E+01 -1.1830279E-02  5.5967938E-03  1.2318207E-05  1.2318207E-05  2.3688911E-08  3.1908723E-11  3.5228958E-14  3.4216893E-17
  2.4414273E-03 -9.8558173E+01 -1.1913628E-02  5.6362253E-03  1.2492391E-05  1.2492391E-05  2.4193138E-08  3.2817506E-11  3.6487575E-14  3.5689035E-17
  2.4586218E-03 -9.8548111E+01 -1.1997533E-02  5.6759201E-03  1.2668973E-05  1.2668973E-05  2.4707909E-08  3.3751828E-11  3.7790677E-14  3.7223946E-17
  2.4759312E-03 -9.8537983E+01 -1.2081999E-02  5.7158799E-03  1.2847987E-05  1.2847987E-05  2.5233441E-08  3.4712400E-11  3.9139822E-14  3.8824282E-17
  2.4933562E-03 -9.8527790E+01 -1.2167029E-02  5.7561067E-03  1.3029464E-05  1.3029464E-05  2.5769958E-08  3.5699950E-11  4.0536623E-14  4.0492808E-17
  2.5108975E-03 -9.8517530E+01 -1.2252627E-02  5.7966021E-03  1.3213439E-05  1.3213439E-05  2.6317685E-08  3.6715230E-11  4.1982749E-14  4.2232411E-17
  2.5285560E-03 -9.8507204E+01 -1.2338797E-02  5.8373680E-03  1.3399945E-05  1.3399945E-05  2.6876854E-08  3.7759010E-11  4.3479927E-14  4.4046095E-17
  2.5463325E-03 -9.8496810E+01 -1.2425542E-02  5.8784062E-03  1.3589017E-05  1.3589017E-05  2.7447702E-08  3.8832082E-11  4.5029945E-14  4.5936990E-17
  2.5642276E-03 -9.8486349E+01 -1.2512866E-02  5.9197184E-03  1.3780689E-05  1.3780689E-05  2.8030469E-08  3.9935260E-11  4.6634650E-14  4.7908361E-17
  2.5822423E-03 -9.8475820E+01 -1.2600774E-02  5.9613065E-03  1.3974998E-05  1.3974998E-05  2.8625401E-08  4.1069381E-11  4.8295958E-14  4.9963608E-17
  2.6003773E-03 -9.8465223E+01 -1.2689268E-02  6.0031724E-03  1.4171978E-05  1.4171978E-05  2.9232750E-08  4.2235304E-11  5.0015846E-14  5.2106272E-17
  2.6186334E-03 -9.8454557E+01 -1.2778354E-02  6.0453178E-03  1.4371666E-05  1.4371666E-05  2.9852771E-08  4.3433912E-11  5.1796365E-14  5.4340046E-17
  2.6370114E-03 -9.8443822E+01 -1.2868035E-02  6.0877448E-03  1.4574099E-05  1.4574099E-05  3.0485727E-08  4.4666113E-11  5.3639634E-14  5.6668776E-17
  2.6555122E-03 -9.8433017E+01 -1.2958315E-02  6.1304551E-03  1.4779313E-05  1.4779313E-05  3.1131883E-08  4.5932838E-11  5.5547846E-14  5.9096470E-17
  2.6741365E-03 -9.8422143E+01 -1.3049197E-02  6.1734506E-03  1.4987347E-05  1.4987347E-05  3.1791513E-08  4.7235048E-11  5.7523271E-14  6.1627304E-17
  2.6928853E-03 -9.8411197E+01 -1.3140687E-02  6.2167333E-03  1.5198239E-05  1.5198239E-05  3.2464893E-08  4.8573725E-11  5.9568257E-14  6.4265629E-17
  2.7117592E-03 -9.8400181E+01 -1.3232787E-02  6.2603050E-03  1.5412028E-05  1.5412028E-05  3.3152307E-08  4.9949882E-11  6.1685235E-14  6.7015979E-17
  2.7307592E-03 -9.8389094E+01 -1.3325503E-02  6.3041678E-03  1.5628753E-05  1.5628753E-05  3.3854045E-08  5.1364559E-11  6.3876719E-14  6.9883078E-17
  2.7498861E-03 -9.8377934E+01 -1.3418838E-02  6.3483234E-03  1.5848453E-05  1.5848453E-05  3.4570402E-08  5.2818823E-11  6.6145310E-14  7.2871847E-17
  2.7691407E-03 -9.8366703E+01 -1.3512796E-02  6.3927740E-03  1.6071170E-05  1.6071170E-05  3.5301679E-08  5.4313773E-11  6.8493700E-14  7.5987415E-17
  2.7885239E-03 -9.8355399E+01 -1.3607382E-02  6.4375215E-03  1.6296944E-05  1.6296944E-05  3.6048183E-08  5.5850535E-11  7.0924674E-14  7.9235124E-17
  2.8080366E-03 -9.8344022E+01 -1.3702600E-02  6.4825677E-03  1.6525816E-05  1.6525816E-05  3.6810228E-08  5.7430270E-11  7.3441115E-14  8.2620543E-17
  2.8276796E-03 -9.8332571E+01 -1.3798453E-02  6.5279149E-03  1.6757828E-05  1.6757828E-05  3.7588135E-08  5.9054169E-11  7.6046003E-14  8.6149469E-17
  2.8474538E-03 -9.8321046E+01 -1.3894947E-02  6.5735649E-03  1.6993024E-05  1.6993024E-05  3.8382229E-08  6.0723453E-11  7.8742424E-14  8.9827948E-17
  2.8673600E-03 -9.8309447E+01 -1.3992085E-02  6.6195197E-03  1.7231446E-05  1.7231446E-05  3.9192845E-08  6.2439382E-11  8.1533570E-14  9.3662275E-17
  2.8873992E-03 -9.8297773E+01 -1.4089872E-02  6.6657815E-03  1.7473138E-05  1.7473138E-05  4.0020321E-08  6.4203247E-11  8.4422744E-14  9.7659009E-17
  2.9075722E-03 -9.8286024E+01 -1.4188311E-02  6.7123522E-03  1.7718144E-05  1.7718144E-05  4.0865007E-08  6.6016375E-11  8.7413362E-14  1.0182499E-16
  2.9278800E-03 -9.8274199E+01 -1.4287409E-02  6.7592340E-03  1.7966509E-05  1.7966509E-05  4.1727255E-08  6.7880131E-11  9.0508961E-14  1.0616732E-16
  2.9483234E-03 -9.8262297E+01 -1.4387168E-02  6.8064289E-03  1.8218279E-05  1.8218279E-05  4.2607427E-08  6.9795916E-11  9.3713198E-14  1.1069344E-16
  2.9689033E-03 -9.8250319E+01 -1.4487593E-02  6.8539389E-03  1.8473500E-05  1.8473500E-05  4.3505892E-08  7.1765169E-11  9.7029859E-14  1.1541107E-16
  2.9896207E-03 -9.8238264E+01 -1.4588689E-02  6.9017663E-03  1.8732218E-05  1.8732218E-05  4.4423026E-08  7.3789371E-11  1.0046286E-13  1.2032826E-16
  3.0104764E-03 -9.8226131E+01 -1.4690461E-02  6.9499130E-03  1.8994482E-05  1.8994482E-05  4.5359213E-08  7.5870042E-11  1.0401625E-13  1.2545340E-16
  3.0314714E-03 -9.8213919E+01 -1.4792912E-02  6.9983813E-03  1.9260338E-05  1.9260338E-05  4.6314846E-08  7.8008744E-11  1.0769422E-13  1.3079523E-16
  3.0526066E-03 -9.8201630E+01 -1.4896047E-02  7.0471734E-03  1.9529836E-05  1.9529836E-05  4.7290324E-08  8.0207082E-11  1.1150111E-13  1.3636285E-16
  3.0738830E-03 -9.8189261E+01 -1.4999871E-02  7.0962912E-03  1.9803026E-05  1.9803026E-05  4.8286055E-08  8.2466706E-11  1.1544141E-13  1.4216575E-16
  3.0953015E-03 -9.8176813E+01 -1.5104388E-02  7.1457371E-03  2.0079956E-05  2.0079956E-05  4.9302456E-08  8.4789309E-11  1.1951975E-13  1.4821381E-16
  3.1168630E-03 -9.8164284E+01 -1.5209604E-02  7.1955133E-03  2.0360678E-05  2.0360678E-05  5.0339951E-08  8.7176633E-11  1.2374095E-13  1.5451733E-16
  3.1385686E-03 -9.8151675E+01 -1.5315522E-02  7.2456218E-03  2.0645243E-05  2.0645243E-05  5.1398974E-08  8.9630467E-11  1.2810997E-13  1.6108702E-16
  3.1604191E-03 -9.8138985E+01 -1.5422148E-02  7.2960650E-03  2.0933703E-05  2.0933703E-05  5.2479968E-08  9.2152649E-11  1.3263194E-13  1.6793407E-16
  3.1824155E-03 -9.8126214E+01 -1.5529485E-02  7.3468451E-03  2.1226111E-05  2.1226111E-05  5.3583384E-08  9.4745067E-11  1.3731220E-13  1.7507012E-16
  3.2045588E-03 -9.8113361E+01 -1.5637540E-02  7.3979644E-03  2.1522520E-05  2.1522520E-05  5.4709683E-08  9.7409662E-11  1.4215624E-13  1.8250728E-16
  3.2268501E-03 -9.8100425E+01 -1.5746316E-02  7.4494250E-03  2.1822984E-05  2.1822984E-05  5.5859335E-08  1.0014843E-10  1.4716975E-13  1.9025819E-16
  3.2492901E-03 -9.8087406E+01 -1.5855818E-02  7.5012293E-03  2.2127559E-05  2.2127559E-05  5.7032820E-08  1.0296341E-10  1.5235863E-13  1.9833601E-16
  3.2718801E-03 -9.8074304E+01 -1.5966052E-02  7.5533796E-03  2.2436300E-05  2.2436300E-05  5.8230626E-08  1.0585672E-10  1.5772896E-13  2.0675444E-16
  3.2946210E-03 -9.8061118E+01 -1.6077023E-02  7.6058782E-03  2.2749263E-05  2.2749263E-05  5.9453255E-08  1.0883051E-10  1.6328706E-13  2.1552777E-16
  3.3175137E-03 -9.8047848E+01 -1.6188734E-02  7.6587274E-03  2.3066506E-05  2.3066506E-05  6.0701214E-08  1.1188702E-10  1.6903944E-13  2.2467088E-16
  3.3405593E-03 -9.8034492E+01 -1.6301191E-02  7.7119295E-03  2.3388087E-05  2.3388087E-05  6.1975026E-08  1.1502851E-10  1.7499285E-13  2.3419925E-16
  3.3637588E-03 -9.8021051E+01 -1.6414400E-02  7.7654870E-03  2.3714063E-05  2.3714063E-05  6.3275219E-08  1.1825734E-10  1.8115427E-13  2.4412904E-16
  3.3871133E-03 -9.8007525E+01 -1.6528364E-02  7.8194021E-03  2.4044495E-05  2.4044495E-05  6.4602336E-08  1.2157591E-10  1.8753092E-13  2.5447705E-16
  3.4106237E-03 -9.7993911E+01 -1.6643090E-02  7.8736773E-03  2.4379444E-05  2.4379444E-05  6.5956930E-08  1.2498671E-10  1.9413027E-13  2.6526081E-16
  3.4342912E-03 -9.7980211E+01 -1.6758582E-02  7.9283150E-03  2.4718969E-05  2.4718969E-05  6.7339564E-08  1.2849227E-10  2.0096006E-13  2.7649856E-16
  3.4581167E-03 -9.7966423E+01 -1.6874845E-02  7.9833176E-03  2.5063133E-05  2.5063133E-05  6.8750813E-08  1.3209521E-10  2.0802826E-13  2.8820931E-16
  3.4821013E-03 -9.7952548E+01 -1.6991885E-02  8.0386875E-03  2.5411999E-05  2.5411999E-05  7.0191265E-08  1.3579822E-10  2.1534317E-13  3.0041286E-16
  3.5062461E-03 -9.7938583E+01 -1.7109706E-02  8.0944272E-03  2.5765630E-05  2.5765630E-05  7.1661519E-08  1.3960404E-10  2.2291333E-13  3.1312984E-16
  3.5305522E-03 -9.7924530E+01 -1.7228314E-02  8.1505392E-03  2.6124091E-05  2.6124091E-05  7.3162186E-08  1.4351553E-10  2.3074759E-13  3.2638173E-16
  3.5550206E-03 -9.7910387E+01 -1.7347715E-02  8.2070259E-03  2.6487448E-05  2.6487448E-05  7.4693890E-08  1.4753559E-10  2.3885512E-13  3.4019091E-16
  3.5796525E-03 -9.7896154E+01 -1.7467913E-02  8.2638898E-03  2.6855765E-05  2.6855765E-05  7.6257267E-08  1.5166721E-10  2.4724538E-13  3.5458069E-16
  3.6044488E-03 -9.7881831E+01 -1.7588913E-02  8.3211336E-03  2.7229111E-05  2.7229111E-05  7.7852967E-08  1.5591346E-10  2.5592819E-13  3.6957535E-16
  3.6294108E-03 -9.7867416E+01 -1.7710722E-02  8.3787596E-03  2.7607554E-05  2.7607554E-05  7.9481653E-08  1.6027752E-10  2.6491366E-13  3.8520020E-16
  3.6545394E-03 -9.7852910E+01 -1.7833344E-02  8.4367704E-03  2.7991162E-05  2.7991162E-05  8.1144001E-08  1.6476261E-10  2.7421231E-13  4.0148157E-16
  3.6798359E-03 -9.7838311E+01 -1.7956785E-02  8.4951687E-03  2.8380005E-05  2.8380005E-05  8.2840700E-08  1.6937207E-10  2.8383496E-13  4.1844690E-16
  3.7053013E-03 -9.7823620E+01 -1.8081051E-02  8.5539570E-03  2.8774154E-05  2.8774154E-05  8.4572456E-08  1.7410934E-10  2.9379285E-13  4.3612480E-16
  3.7309368E-03 -9.7808836E+01 -1.8206146E-02  8.6131380E-03  2.9173682E-05  2.9173682E-05  8.6339986E-08  1.7897792E-10  3.0409760E-13  4.5454502E-16
  3.7567435E-03 -9.7793957E+01 -1.8332077E-02  8.6727141E-03  2.9578659E-05  2.9578659E-05  8.8144023E-08  1.8398144E-10  3.1476120E-13  4.7373858E-16
  3.7827226E-03 -9.7778984E+01 -1.8458849E-02  8.7326882E-03  2.9989161E-05  2.9989161E-05  8.9985316E-08  1.8912360E-10  3.2579608E-13  4.9373780E-16
  3.8088752E-03 -9.7763917E+01 -1.8586468E-02  8.7930627E-03  3.0405261E-05  3.0405261E-05  9.1864628E-08  1.9440823E-10  3.3721511E-13  5.1457630E-16
  3.8352024E-03 -9.7748754E+01 -1.8714939E-02  8.8538405E-03  3.0827036E-05  3.0827036E-05  9.3782737E-08  1.9983925E-10  3.4903157E-13  5.3628916E-16
  3.8617055E-03 -9.7733495E+01 -1.8844268E-02  8.9150242E-03  3.1254563E-05  3.1254563E-05  9.5740439E-08  2.0542067E-10  3.6125921E-13  5.5891286E-16
  3.8883856E-03 -9.7718139E+01 -1.8974460E-02  8.9766165E-03  3.1687918E-05  3.1687918E-05  9.7738543E-08  2.1115665E-10  3.7391228E-13  5.8248543E-16
  3.9152438E-03 -9.7702686E+01 -1.9105523E-02  9.0386201E-03  3.2127181E-05  3.2127181E-05  9.9777879E-08  2.1705144E-10  3.8700548E-13  6.0704648E-16
  3.9422814E-03 -9.7687136E+01 -1.9237460E-02  9.1010378E-03  3.2572431E-05  3.2572431E-05  1.0185929E-07  2.2310939E-10  4.0055404E-13  6.3263725E-16
  3.9694996E-03 -9.7671487E+01 -1.9370279E-02  9.1638724E-03  3.3023750E-05  3.3023750E-05  1.0398364E-07  2.2933501E-10  4.1457371E-13  6.5930071E-16
  3.9968996E-03 -9.7655739E+01 -1.9503985E-02  9.2271266E-03  3.3481220E-05  3.3481220E-05  1.0615180E-07  2.3573289E-10  4.2908078E-13  6.8708161E-16
  4.0244826E-03 -9.7639892E+01 -1.9638583E-02  9.2908033E-03  3.3944923E-05  3.3944923E-05  1.0836467E-07  2.4230779E-10  4.4409211E-13  7.1602657E-16
  4.0522498E-03 -9.7623946E+01 -1.9774081E-02  9.3549052E-03  3.4414944E-05  3.4414944E-05  1.1062318E-07  2.4906455E-10  4.5962513E-13  7.4618411E-16
  4.0802025E-03 -9.7607898E+01 -1.9910483E-02  9.4194352E-03  3.4891368E-05  3.4891368E-05  1.1292824E-07  2.5600819E-10  4.7569787E-13  7.7760481E-16
  4.1083418E-03 -9.7591750E+01 -2.0047797E-02  9.4843962E-03  3.5374282E-05  3.5374282E-05  1.1528082E-07  2.6314383E-10  4.9232898E-13  8.1034133E-16
  4.1366691E-03 -9.7575500E+01 -2.0186028E-02  9.5497910E-03  3.5863773E-05  3.5863773E-05  1.1768188E-07  2.7047677E-10  5.0953777E-13  8.4444852E-16
  4.1651855E-03 -9.7559147E+01 -2.0325181E-02  9.6156225E-03  3.6359931E-05  3.6359931E-05  1.2013242E-07  2.7801241E-10  5.2734418E-13  8.7998350E-16
  4.1938924E-03 -9.7542692E+01 -2.0465265E-02  9.6818937E-03  3.6862844E-05  3.6862844E-05  1.2263346E-07  2.8575632E-10  5.4576888E-13  9.1700577E-16
  4.2227911E-03 -9.7526134E+01 -2.0606283E-02  9.7486075E-03  3.7372606E-05  3.7372606E-05  1.2518601E-07  2.9371423E-10  5.6483320E-13  9.5557731E-16
  4.2518827E-03 -9.7509471E+01 -2.0748244E-02  9.8157668E-03  3.7889307E-05  3.7889307E-05  1.2779115E-07  3.0189202E-10  5.8455926E-13  9.9576265E-16
  4.2811686E-03 -9.7492704E+01 -2.0891153E-02  9.8833747E-03  3.8413042E-05  3.8413042E-05  1.3044994E-07  3.1029572E-10  6.0496989E-13  1.0376290E-15
  4.3106501E-03 -9.7475832E+01 -2.1035016E-02  9.9514341E-03  3.8943905E-05  3.8943905E-05  1.3316347E-07  3.1893155E-10  6.2608873E-13  1.0812464E-15
  4.3403285E-03 -9.7458854E+01 -2.1179840E-02  1.0019948E-02  3.9481994E-05  3.9481994E-05  1.3593288E-07  3.2780586E-10  6.4794024E-13  1.1266878E-15
  4.3702052E-03 -9.7441770E+01 -2.1325631E-02  1.0088919E-02  4.0027405E-05  4.0027405E-05  1.3875930E-07  3.3692522E-10  6.7054970E-13  1.1740290E-15
  4.4002813E-03 -9.7424579E+01 -2.1472395E-02  1.0158351E-02  4.0580238E-05  4.0580238E-05  1.4164390E-07  3.4629634E-10  6.9394328E-13  1.2233492E-15
  4.4305583E-03 -9.7407280E+01 -2.1620140E-02  1.0228247E-02  4.1140592E-05  4.1140592E-05  1.4458786E-07  3.5592614E-10  7.1814803E-13  1.2747307E-15
  4.4610376E-03 -9.7389873E+01 -2.1768872E-02  1.0298610E-02  4.1708569E-05  4.1708569E-05  1.4759241E-07  3.6582172E-10  7.4319195E-13  1.3282594E-15
  4.4917204E-03 -9.7372358E+01 -2.1918597E-02  1.0369442E-02  4.2284273E-05  4.2284273E-05  1.5065877E-07  3.7599036E-10  7.6910398E-13  1.3840245E-15
  4.5226081E-03 -9.7354733E+01 -2.2069322E-02  1.0440748E-02  4.2867806E-05  4.2867806E-05  1.5378821E-07  3.8643958E-10  7.9591408E-13  1.4421192E-15
  4.5537021E-03 -9.7336998E+01 -2.2221054E-02  1.0512529E-02  4.3459276E-05  4.3459276E-05  1.5698203E-07  3.9717705E-10  8.2365321E-13  1.5026403E-15
  4.5850038E-03 -9.7319153E+01 -2.2373799E-02  1.0584791E-02  4.4058790E-05  4.4058790E-05  1.6024153E-07  4.0821070E-10  8.5235342E-13  1.5656887E-15
  4.6165145E-03 -9.7301196E+01 -2.2527564E-02  1.0657534E-02  4.4666454E-05  4.4666454E-05  1.6356807E-07  4.1954863E-10  8.8204785E-13  1.6313696E-15
  4.6482356E-03 -9.7283128E+01 -2.2682356E-02  1.0730764E-02  4.5282381E-05  4.5282381E-05  1.6696300E-07  4.3119921E-10  9.1277078E-13  1.6997924E-15
  4.6801687E-03 -9.7264948E+01 -2.2838182E-02  1.0804482E-02  4.5906681E-05  4.5906681E-05  1.7042772E-07  4.4317100E-10  9.4455766E-13  1.7710711E-15
  4.7123150E-03 -9.7246654E+01 -2.2995048E-02  1.0878693E-02  4.6539468E-05  4.6539468E-05  1.7396367E-07  4.5547281E-10  9.7744516E-13  1.8453244E-15
  4.7446759E-03 -9.7228247E+01 -2.3152963E-02  1.0953400E-02  4.7180855E-05  4.7180855E-05  1.7757229E-07  4.6811369E-10  1.0114712E-12  1.9226760E-15
  4.7772531E-03 -9.7209726E+01 -2.3311931E-02  1.1028605E-02  4.7830959E-05  4.7830959E-05  1.8125507E-07  4.8110294E-10  1.0466751E-12  2.0032546E-15
  4.8100477E-03 -9.7191089E+01 -2.3471962E-02  1.1104313E-02  4.8489898E-05  4.8489898E-05  1.8501353E-07  4.9445010E-10  1.0830973E-12  2.0871944E-15
  4.8430615E-03 -9.7172338E+01 -2.3633061E-02  1.1180526E-02  4.9157790E-05  4.9157790E-05  1.8884921E-07  5.0816499E-10  1.1207799E-12  2.1746349E-15
  4.8762956E-03 -9.7153470E+01 -2.3795237E-02  1.1257248E-02  4.9834757E-05  4.9834757E-05  1.9276368E-07  5.2225767E-10  1.1597663E-12  2.2657216E-15
  4.9097518E-03 -9.7134485E+01 -2.3958495E-02  1.1334483E-02  5.0520921E-05  5.0520921E-05  1.9675856E-07  5.3673852E-10  1.2001014E-12  2.3606059E-15
  4.9434314E-03 -9.7115383E+01 -2.4122844E-02  1.1412233E-02  5.1216406E-05  5.1216406E-05  2.0083549E-07  5.5161815E-10  1.2418316E-12  2.4594456E-15
  4.9773359E-03 -9.7096164E+01 -2.4288290E-02  1.1490503E-02  5.1921338E-05  5.1921338E-05  2.0499613E-07  5.6690751E-10  1.2850049E-12  2.5624050E-15
  5.0114669E-03 -9.7076825E+01 -2.4454841E-02  1.1569295E-02  5.2635844E-05  5.2635844E-05  2.0924221E-07  5.8261780E-10  1.3296712E-12  2.6696550E-15
  5.0458258E-03 -9.7057367E+01 -2.4622505E-02  1.1648614E-02  5.3360054E-05  5.3360054E-05  2.1357546E-07  5.9876057E-10  1.3758817E-12  2.7813738E-15
  5.0804142E-03 -9.7037789E+01 -2.4791288E-02  1.1728462E-02  5.4094097E-05  5.4094097E-05  2.1799766E-07  6.1534765E-10  1.4236896E-12  2.8977469E-15
  5.1152336E-03 -9.7018091E+01 -2.4961199E-02  1.1808844E-02  5.4838108E-05  5.4838108E-05  2.2251064E-07  6.3239122E-10  1.4731499E-12  3.0189674E-15
  5.1502855E-03 -9.6998272E+01 -2.5132244E-02  1.1889762E-02  5.5592220E-05  5.5592220E-05  2.2711623E-07  6.4990378E-10  1.5243195E-12  3.1452366E-15
  5.1855716E-03 -9.6978331E+01 -2.5304432E-02  1.1971221E-02  5.6356570E-05  5.6356570E-05  2.3181633E-07  6.6789816E-10  1.5772572E-12  3.2767640E-15
  5.2210933E-03 -9.6958267E+01 -2.5477769E-02  1.2053223E-02  5.7131296E-05  5.7131296E-05  2.3661287E-07  6.8638756E-10  1.6320238E-12  3.4137676E-15
  5.2568522E-03 -9.6938080E+01 -2.5652265E-02  1.2135774E-02  5.7916537E-05  5.7916537E-05  2.4150782E-07  7.0538553E-10  1.6886823E-12  3.5564747E-15
  5.2928499E-03 -9.6917769E+01 -2.5827925E-02  1.2218875E-02  5.8712435E-05  5.8712435E-05  2.4650317E-07  7.2490599E-10  1.7472977E-12  3.7051219E-15
  5.3290881E-03 -9.6897334E+01 -2.6004759E-02  1.2302532E-02  5.9519135E-05  5.9519135E-05  2.5160099E-07  7.4496324E-10  1.8079374E-12  3.8599555E-15
  5.3655683E-03 -9.6876774E+01 -2.6182774E-02  1.2386747E-02  6.0336781E-05  6.0336781E-05  2.5680336E-07  7.6557197E-10  1.8706709E-12  4.0212320E-15
  5.4022921E-03 -9.6856088E+01 -2.6361978E-02  1.2471525E-02  6.1165522E-05  6.1165522E-05  2.6211242E-07  7.8674728E-10  1.9355703E-12  4.1892187E-15
  5.4392612E-03 -9.6835275E+01 -2.6542379E-02  1.2556869E-02  6.2005507E-05  6.2005507E-05  2.6753033E-07  8.0850466E-10  2.0027101E-12  4.3641937E-15
  5.4764772E-03 -9.6814336E+01 -2.6723984E-02  1.2642783E-02  6.2856887E-05  6.2856887E-05  2.7305932E-07  8.3086004E-10  2.0721672E-12  4.5464467E-15
  5.5139418E-03 -9.6793269E+01 -2.6906802E-02  1.2729271E-02  6.3719817E-05  6.3719817E-05  2.7870165E-07  8.5382979E-10  2.1440214E-12  4.7362794E-15
  5.5516566E-03 -9.6772073E+01 -2.7090842E-02  1.2816336E-02  6.4594452E-05  6.4594452E-05  2.8445963E-07  8.7743070E-10  2.2183550E-12  4.9340059E-15
  5.5896232E-03 -9.6750748E+01 -2.7276110E-02  1.2903982E-02  6.5480949E-05  6.5480949E-05  2.9033563E-07  9.0168004E-10  2.2952533E-12  5.1399534E-15
  5.6278434E-03 -9.6729294E+01 -2.7462616E-02  1.2992214E-02  6.6379469E-05  6.6379469E-05  2.9633204E-07  9.2659555E-10  2.3748044E-12  5.3544625E-15
  5.6663189E-03 -9.6707709E+01 -2.7650367E-02  1.3081036E-02  6.7290173E-05  6.7290173E-05  3.0245133E-07  9.5219544E-10  2.4570995E-12  5.5778879E-15
  5.7050513E-03 -9.6685993E+01 -2.7839372E-02  1.3170450E-02  6.8213226E-05  6.8213226E-05  3.0869599E-07  9.7849843E-10  2.5422328E-12  5.8105989E-15
  5.7440425E-03 -9.6664146E+01 -2.8029640E-02  1.3260462E-02  6.9148795E-05  6.9148795E-05  3.1506858E-07  1.0055237E-09  2.6303019E-12  6.0529803E-15
  5.7832940E-03 -9.6642166E+01 -2.8221178E-02  1.3351074E-02  7.0097048E-05  7.0097048E-05  3.2157171E-07  1.0332911E-09  2.7214076E-12  6.3054326E-15
  5.8228077E-03 -9.6620053E+01 -2.8413996E-02  1.3442292E-02  7.1058156E-05  7.1058156E-05  3.2820804E-07  1.0618208E-09  2.8156543E-12  6.5683727E-15
  5.8625852E-03 -9.6597806E+01 -2.8608101E-02  1.3534119E-02  7.2032292E-05  7.2032292E-05  3.3498028E-07  1.0911338E-09  2.9131497E-12  6.8422351E-15
  5.9026285E-03 -9.6575424E+01 -2.8803502E-02  1.3626559E-02  7.3019632E-05  7.3019632E-05  3.4189120E-07  1.1212513E-09  3.0140055E-12  7.1274718E-15
  5.9429391E-03 -9.6552908E+01 -2.9000209E-02  1.3719617E-02  7.4020353E-05  7.4020353E-05  3.4894363E-07  1.1521954E-09  3.1183371E-12  7.4245538E-15
  5.9835190E-03 -9.6530255E+01 -2.9198229E-02  1.3813296E-02  7.5034637E-05  7.5034637E-05  3.5614045E-07  1.1839887E-09  3.2262638E-12  7.7339715E-15
  6.0243699E-03 -9.6507466E+01 -2.9397572E-02  1.3907600E-02  7.6062665E-05  7.6062665E-05  3.6348459E-07  1.2166544E-09  3.3379090E-12  8.0562353E-15
  6.0654936E-03 -9.6484540E+01 -2.9598246E-02  1.4002535E-02  7.7104624E-05  7.7104624E-05  3.7097907E-07  1.2502163E-09  3.4534004E-12  8.3918770E-15
  6.1068920E-03 -9.6461476E+01 -2.9800260E-02  1.4098103E-02  7.8160700E-05  7.8160700E-05  3.7862695E-07  1.2846989E-09  3.5728701E-12  8.7414502E-15
  6.1485669E-03 -9.6438274E+01 -3.0003624E-02  1.4194310E-02  7.9231084E-05  7.9231084E-05  3.8643134E-07  1.3201274E-09  3.6964545E-12  9.1055312E-15
  6.1905201E-03 -9.6414932E+01 -3.0208346E-02  1.4291159E-02  8.0315969E-05  8.0315969E-05  3.9439544E-07  1.3565275E-09  3.8242949E-12  9.4847204E-15
  6.2327535E-03 -9.6391450E+01 -3.0414435E-02  1.4388654E-02  8.1415550E-05  8.1415550E-05  4.0252249E-07  1.3939259E-09  3.9565374E-12  9.8796428E-15
  6.2752689E-03 -9.6367828E+01 -3.0621900E-02  1.4486801E-02  8.2530025E-05  8.2530025E-05  4.1081582E-07  1.4323498E-09  4.0933329E-12  1.0290949E-14
  6.3180683E-03 -9.6344064E+01 -3.0830751E-02  1.4585604E-02  8.3659594E-05  8.3659594E-05  4.1927881E-07  1.4718272E-09  4.2348377E-12  1.0719317E-14
  6.3611536E-03 -9.6320158E+01 -3.1040997E-02  1.4685066E-02  8.4804462E-05  8.4804462E-05  4.2791491E-07  1.5123868E-09  4.3812134E-12  1.1165452E-14
  6.4045266E-03 -9.6296109E+01 -3.1252647E-02  1.4785192E-02  8.5964834E-05  8.5964834E-05  4.3672766E-07  1.5540583E-09  4.5326270E-12  1.1630089E-14
  6.4481892E-03 -9.6271917E+01 -3.1465710E-02  1.4885987E-02  8.7140918E-05  8.7140918E-05  4.4572064E-07  1.5968720E-09  4.6892514E-12  1.2113993E-14
  6.4921435E-03 -9.6247581E+01 -3.1680196E-02  1.4987456E-02  8.8332927E-05  8.8332927E-05  4.5489752E-07  1.6408590E-09  4.8512652E-12  1.2617960E-14
  6.5363913E-03 -9.6223100E+01 -3.1896115E-02  1.5089601E-02  8.9541076E-05  8.9541076E-05  4.6426206E-07  1.6860515E-09  5.0188533E-12  1.3142820E-14
  6.5809347E-03 -9.6198473E+01 -3.2113476E-02  1.5192429E-02  9.0765580E-05  9.0765580E-05  4.7381806E-07  1.7324822E-09  5.1922069E-12  1.3689437E-14
  6.6257755E-03 -9.6173701E+01 -3.2332289E-02  1.5295944E-02  9.2006662E-05  9.2006662E-05  4.8356942E-07  1.7801850E-09  5.3715235E-12  1.4258709E-14
  6.6709158E-03 -9.6148781E+01 -3.2552563E-02  1.5400150E-02  9.3264543E-05  9.3264543E-05  4.9352012E-07  1.8291946E-09  5.5570078E-12  1.4851574E-14
  6.7163576E-03 -9.6123713E+01 -3.2774308E-02  1.5505052E-02  9.4539450E-05  9.4539450E-05  5.0367422E-07  1.8795467E-09  5.7488710E-12  1.5469005E-14
  6.7621028E-03 -9.6098497E+01 -3.2997534E-02  1.5610654E-02  9.5831613E-05  9.5831613E-05  5.1403585E-07  1.9312779E-09  5.9473319E-12  1.6112019E-14
  6.8081536E-03 -9.6073132E+01 -3.3222250E-02  1.5716962E-02  9.7141264E-05  9.7141264E-05  5.2460924E-07  1.9844258E-09  6.1526166E-12  1.6781672E-14
  6.8545120E-03 -9.6047617E+01 -3.3448468E-02  1.5823979E-02  9.8468638E-05  9.8468638E-05  5.3539870E-07  2.0390292E-09  6.3649590E-12  1.7479064E-14
  6.9011799E-03 -9.6021952E+01 -3.3676196E-02  1.5931711E-02  9.9813974E-05  9.9813974E-05  5.4640862E-07  2.0951276E-09  6.5846010E-12  1.8205342E-14
  6.9481596E-03 -9.5996135E+01 -3.3905446E-02  1.6040163E-02  1.0117751E-04  1.0117751E-04  5.5764348E-07  2.1527619E-09  6.8117926E-12  1.8961698E-14
  6.9954530E-03 -9.5970166E+01 -3.4136226E-02  1.6149339E-02  1.0255950E-04  1.0255950E-04  5.6910787E-07  2.2119740E-09  7.0467926E-12  1.9749375E-14
  7.0430622E-03 -9.5944045E+01 -3.4368548E-02  1.6259244E-02  1.0396019E-04  1.0396019E-04  5.8080644E-07  2.2728069E-09  7.2898686E-12  2.0569666E-14
  7.0909894E-03 -9.5917770E+01 -3.4602421E-02  1.6369883E-02  1.0537982E-04  1.0537982E-04  5.9274398E-07  2.3353048E-09  7.5412970E-12  2.1423918E-14
  7.1392367E-03 -9.5891342E+01 -3.4837856E-02  1.6481260E-02  1.0681866E-04  1.0681866E-04  6.0492532E-07  2.3995132E-09  7.8013642E-12  2.2313534E-14
  7.1878063E-03 -9.5864758E+01 -3.5074864E-02  1.6593382E-02  1.0827697E-04  1.0827697E-04  6.1735544E-07  2.4654786E-09  8.0703659E-12  2.3239972E-14
  7.2367002E-03 -9.5838019E+01 -3.5313454E-02  1.6706252E-02  1.0975499E-04  1.0975499E-04  6.3003939E-07  2.5332489E-09  8.3486083E-12  2.4204754E-14
  7.2859206E-03 -9.5811123E+01 -3.5553638E-02  1.6819876E-02  1.1125301E-04  1.1125301E-04  6.4298234E-07  2.6028735E-09  8.6364077E-12  2.5209463E-14
  7.3354698E-03 -9.5784071E+01 -3.5795426E-02  1.6934259E-02  1.1277129E-04  1.1277129E-04  6.5618954E-07  2.6744028E-09  8.9340915E-12  2.6255745E-14
  7.3853499E-03 -9.5756860E+01 -3.6038829E-02  1.7049406E-02  1.1431009E-04  1.1431009E-04  6.6966638E-07  2.7478888E-09  9.2419980E-12  2.7345317E-14
  7.4355631E-03 -9.5729492E+01 -3.6283857E-02  1.7165321E-02  1.1586971E-04  1.1586971E-04  6.8341834E-07  2.8233849E-09  9.5604774E-12  2.8479966E-14
  7.4861117E-03 -9.5701964E+01 -3.6530522E-02  1.7282011E-02  1.1745042E-04  1.1745042E-04  6.9745100E-07  2.9009457E-09  9.8898916E-12  2.9661551E-14
  7.5369979E-03 -9.5674276E+01 -3.6778834E-02  1.7399480E-02  1.1905249E-04  1.1905249E-04  7.1177008E-07  2.9806275E-09  1.0230615E-11  3.0892009E-14
  7.5882239E-03 -9.5646427E+01 -3.7028804E-02  1.7517733E-02  1.2067623E-04  1.2067623E-04  7.2638140E-07  3.0624883E-09  1.0583035E-11  3.2173356E-14
  7.6397921E-03 -9.5618418E+01 -3.7280444E-02  1.7636776E-02  1.2232192E-04  1.2232192E-04  7.4129089E-07  3.1465873E-09  1.0947551E-11  3.3507693E-14
  7.6917046E-03 -9.5590246E+01 -3.7533765E-02  1.7756614E-02  1.2398985E-04  1.2398985E-04  7.5650463E-07  3.2329856E-09  1.1324578E-11  3.4897204E-14
  7.7439639E-03 -9.5561911E+01 -3.7788777E-02  1.7877253E-02  1.2568034E-04  1.2568034E-04  7.7202878E-07  3.3217459E-09  1.1714543E-11  3.6344165E-14
  7.7965722E-03 -9.5533413E+01 -3.8045493E-02  1.7998696E-02  1.2739367E-04  1.2739367E-04  7.8786967E-07  3.4129323E-09  1.2117890E-11  3.7850946E-14
  7.8495318E-03 -9.5504750E+01 -3.8303923E-02  1.8120951E-02  1.2913016E-04  1.2913016E-04  8.0403373E-07  3.5066112E-09  1.2535077E-11  3.9420014E-14
  7.9028452E-03 -9.5475922E+01 -3.8564079E-02  1.8244023E-02  1.3089011E-04  1.3089011E-04  8.2052753E-07  3.6028503E-09  1.2966576E-11  4.1053938E-14
  7.9565146E-03 -9.5446929E+01 -3.8825972E-02  1.8367916E-02  1.3267386E-04  1.3267386E-04  8.3735776E-07  3.7017194E-09  1.3412879E-11  4.2755391E-14
  8.0105424E-03 -9.5417769E+01 -3.9089614E-02  1.8492636E-02  1.3448170E-04  1.3448170E-04  8.5453127E-07  3.8032902E-09  1.3874490E-11  4.4527157E-14
  8.0649311E-03 -9.5388442E+01 -3.9355018E-02  1.8618190E-02  1.3631398E-04  1.3631398E-04  8.7205502E-07  3.9076363E-09  1.4351934E-11  4.6372137E-14
  8.1196830E-03 -9.5358947E+01 -3.9622193E-02  1.8744581E-02  1.3817101E-04  1.3817101E-04  8.8993614E-07  4.0148332E-09  1.4845752E-11  4.8293347E-14
  8.1748006E-03 -9.5329283E+01 -3.9891153E-02  1.8871817E-02  1.4005313E-04  1.4005313E-04  9.0818188E-07  4.1249585E-09  1.5356505E-11  5.0293930E-14
  8.2302863E-03 -9.5299449E+01 -4.0161910E-02  1.8999903E-02  1.4196068E-04  1.4196068E-04  9.2679966E-07  4.2380921E-09  1.5884771E-11  5.2377158E-14
  8.2861425E-03 -9.5269446E+01 -4.0434474E-02  1.9128843E-02  1.4389401E-04  1.4389401E-04  9.4579702E-07  4.3543159E-09  1.6431150E-11  5.4546436E-14
  8.3423718E-03 -9.5239271E+01 -4.0708859E-02  1.9258645E-02  1.4585345E-04  1.4585345E-04  9.6518169E-07  4.4737139E-09  1.6996261E-11  5.6805311E-14
  8.3989767E-03 -9.5208925E+01 -4.0985077E-02  1.9389314E-02  1.4783935E-04  1.4783935E-04  9.8496153E-07  4.5963726E-09  1.7580743E-11  5.9157475E-14
  8.4559595E-03 -9.5178407E+01 -4.1263139E-02  1.9520855E-02  1.4985208E-04  1.4985208E-04  1.0051446E-06  4.7223809E-09  1.8185261E-11  6.1606772E-14
  8.5133230E-03 -9.5147715E+01 -4.1543058E-02  1.9653275E-02  1.5189200E-04  1.5189200E-04  1.0257390E-06  4.8518298E-09  1.8810498E-11  6.4157204E-14
  8.5710695E-03 -9.5116850E+01 -4.1824847E-02  1.9786578E-02  1.5395947E-04  1.5395947E-04  1.0467531E-06  4.9848130E-09  1.9457163E-11  6.6812937E-14
  8.6292018E-03 -9.5085810E+01 -4.2108517E-02  1.9920772E-02  1.5605486E-04  1.5605486E-04  1.0681955E-06  5.1214268E-09  2.0125989E-11  6.9578310E-14
  8.6877222E-03 -9.5054594E+01 -4.2394083E-02  2.0055863E-02  1.5817855E-04  1.5817855E-04  1.0900749E-06  5.2617700E-09  2.0817733E-11  7.2457838E-14
  8.7466336E-03 -9.5023202E+01 -4.2681555E-02  2.0191855E-02  1.6033091E-04  1.6033091E-04  1.1124001E-06  5.4059441E-09  2.1533177E-11  7.5456224E-14
  8.8059383E-03 -9.4991634E+01 -4.2970947E-02  2.0328755E-02  1.6251234E-04  1.6251234E-04  1.1351802E-06  5.5540533E-09  2.2273133E-11  7.8578363E-14
  8.8656391E-03 -9.4959888E+01 -4.3262272E-02  2.0466570E-02  1.6472322E-04  1.6472322E-04  1.1584244E-06  5.7062048E-09  2.3038438E-11  8.1829351E-14
  8.9257387E-03 -9.4927963E+01 -4.3555542E-02  2.0605304E-02  1.6696395E-04  1.6696395E-04  1.1821422E-06  5.8625085E-09  2.3829959E-11  8.5214495E-14
  8.9862396E-03 -9.4895860E+01 -4.3850772E-02  2.0744966E-02  1.6923494E-04  1.6923494E-04  1.2063431E-06  6.0230774E-09  2.4648590E-11  8.8739319E-14
  9.0471446E-03 -9.4863576E+01 -4.4147972E-02  2.0885559E-02  1.7153658E-04  1.7153658E-04  1.2310370E-06  6.1880276E-09  2.5495258E-11  9.2409573E-14
  9.1084564E-03 -9.4831112E+01 -4.4447158E-02  2.1027092E-02  1.7386930E-04  1.7386930E-04  1.2562339E-06  6.3574783E-09  2.6370922E-11  9.6231247E-14
  9.1701776E-03 -9.4798467E+01 -4.4748342E-02  2.1169570E-02  1.7623350E-04  1.7623350E-04  1.2819440E-06  6.5315520E-09  2.7276571E-11  1.0021057E-13
  9.2323111E-03 -9.4765640E+01 -4.5051537E-02  2.1312999E-02  1.7862961E-04  1.7862961E-04  1.3081777E-06  6.7103744E-09  2.8213230E-11  1.0435404E-13
  9.2948595E-03 -9.4732629E+01 -4.5356757E-02  2.1457386E-02  1.8105807E-04  1.8105807E-04  1.3349456E-06  6.8940746E-09  2.9181959E-11  1.0866841E-13
  9.3578257E-03 -9.4699436E+01 -4.5664016E-02  2.1602737E-02  1.8351930E-04  1.8351930E-04  1.3622586E-06  7.0827854E-09  3.0183853E-11  1.1316070E-13
  9.4212124E-03 -9.4666057E+01 -4.5973327E-02  2.1749059E-02  1.8601375E-04  1.8601375E-04  1.3901277E-06  7.2766431E-09  3.1220043E-11  1.1783826E-13
  9.4850224E-03 -9.4632494E+01 -4.6284703E-02  2.1896357E-02  1.8854187E-04  1.8854187E-04  1.4185642E-06  7.4757877E-09  3.2291703E-11  1.2270869E-13
  9.5492586E-03 -9.4598745E+01 -4.6598159E-02  2.2044640E-02  1.9110410E-04  1.9110410E-04  1.4475797E-06  7.6803629E-09  3.3400043E-11  1.2777995E-13
  9.6139238E-03 -9.4564810E+01 -4.6913709E-02  2.2193912E-02  1.9370090E-04  1.9370090E-04  1.4771859E-06  7.8905164E-09  3.4546316E-11  1.3306028E-13
  9.6790209E-03 -9.4530687E+01 -4.7231365E-02  2.2344182E-02  1.9633275E-04  1.9633275E-04  1.5073948E-06  8.1064000E-09  3.5731816E-11  1.3855830E-13
  9.7445527E-03 -9.4496376E+01 -4.7551144E-02  2.2495454E-02  1.9900010E-04  1.9900010E-04  1.5382186E-06  8.3281694E-09  3.6957884E-11  1.4428295E-13
  9.8105222E-03 -9.4461876E+01 -4.7873057E-02  2.2647737E-02  2.0170345E-04  2.0170345E-04  1.5696698E-06  8.5559848E-09  3.8225904E-11  1.5024358E-13
  9.8769323E-03 -9.4427187E+01 -4.8197121E-02  2.2801037E-02  2.0444327E-04  2.0444327E-04  1.6017610E-06  8.7900105E-09  3.9537309E-11  1.5644987E-13
  9.9437859E-03 -9.4392307E+01 -4.8523349E-02  2.2955360E-02  2.0722004E-04  2.0722004E-04  1.6345054E-06  9.0304153E-09  4.0893579E-11  1.6291194E-13
  1.0011086E-02 -9.4357237E+01 -4.8851756E-02  2.3110714E-02  2.1003428E-04  2.1003428E-04  1.6679162E-06  9.2773727E-09  4.2296247E-11  1.6964031E-13
  1.0078836E-02 -9.4321974E+01 -4.9182356E-02  2.3267105E-02  2.1288648E-04  2.1288648E-04  1.7020068E-06  9.5310608E-09  4.3746896E-11  1.7664592E-13
  1.0147038E-02 -9.4286519E+01 -4.9515164E-02  2.3424540E-02  2.1577716E-04  2.1577716E-04  1.7367911E-06  9.7916627E-09  4.5247163E-11  1.8394020E-13
  1.0215695E-02 -9.4250871E+01 -4.9850195E-02  2.3583027E-02  2.1870682E-04  2.1870682E-04  1.7722831E-06  1.0059366E-08  4.6798742E-11  1.9153499E-13
  1.0284811E-02 -9.4215029E+01 -5.0187463E-02  2.3742572E-02  2.2167600E-04  2.2167600E-04  1.8084972E-06  1.0334364E-08  4.8403385E-11  1.9944267E-13
  1.0354389E-02 -9.4178991E+01 -5.0526984E-02  2.3903182E-02  2.2468523E-04  2.2468523E-04  1.8454481E-06  1.0616855E-08  5.0062901E-11  2.0767610E-13
  1.0424431E-02 -9.4142759E+01 -5.0868772E-02  2.4064865E-02  2.2773503E-04  2.2773503E-04  1.8831506E-06  1.0907043E-08  5.1779165E-11  2.1624866E-13
  1.0494942E-02 -9.4106329E+01 -5.1212842E-02  2.4227628E-02  2.3082597E-04  2.3082597E-04  1.9216201E-06  1.1205137E-08  5.3554111E-11  2.2517432E-13
  1.0565923E-02 -9.4069703E+01 -5.1559211E-02  2.4391477E-02  2.3395859E-04  2.3395859E-04  1.9608721E-06  1.1511351E-08  5.5389742E-11  2.3446757E-13
  1.0637378E-02 -9.4032879E+01 -5.1907893E-02  2.4556420E-02  2.3713345E-04  2.3713345E-04  2.0009224E-06  1.1825906E-08  5.7288129E-11  2.4414354E-13
  1.0709310E-02 -9.3995857E+01 -5.2258903E-02  2.4722464E-02  2.4035112E-04  2.4035112E-04  2.0417873E-06  1.2149029E-08  5.9251413E-11  2.5421796E-13
  1.0781723E-02 -9.3958635E+01 -5.2612258E-02  2.4889618E-02  2.4361218E-04  2.4361218E-04  2.0834832E-06  1.2480953E-08  6.1281808E-11  2.6470720E-13
  1.0854619E-02 -9.3921213E+01 -5.2967973E-02  2.5057887E-02  2.4691721E-04  2.4691721E-04  2.1260271E-06  1.2821918E-08  6.3381602E-11  2.7562831E-13
  1.0928003E-02 -9.3883590E+01 -5.3326063E-02  2.5227280E-02  2.5026679E-04  2.5026679E-04  2.1694361E-06  1.3172167E-08  6.5553164E-11  2.8699905E-13
  1.1001876E-02 -9.3845766E+01 -5.3686545E-02  2.5397804E-02  2.5366153E-04  2.5366153E-04  2.2137277E-06  1.3531954E-08  6.7798940E-11  2.9883790E-13
  1.1076243E-02 -9.3807739E+01 -5.4049434E-02  2.5569467E-02  2.5710204E-04  2.5710204E-04  2.2589199E-06  1.3901539E-08  7.0121463E-11  3.1116408E-13
  1.1151106E-02 -9.3769509E+01 -5.4414747E-02  2.5742276E-02  2.6058893E-04  2.6058893E-04  2.3050309E-06  1.4281186E-08  7.2523350E-11  3.2399762E-13
  1.1226469E-02 -9.3731075E+01 -5.4782499E-02  2.5916239E-02  2.6412282E-04  2.6412282E-04  2.3520793E-06  1.4671170E-08  7.5007308E-11  3.3735938E-13
  1.1302336E-02 -9.3692437E+01 -5.5152708E-02  2.6091363E-02  2.6770434E-04  2.6770434E-04  2.4000842E-06  1.5071771E-08  7.7576134E-11  3.5127106E-13
  1.1378709E-02 -9.3653593E+01 -5.5525389E-02  2.6267657E-02  2.7133414E-04  2.7133414E-04  2.4490649E-06  1.5483277E-08  8.0232724E-11  3.6575525E-13
  1.1455593E-02 -9.3614543E+01 -5.5900559E-02  2.6445127E-02  2.7501286E-04  2.7501286E-04  2.4990412E-06  1.5905986E-08  8.2980069E-11  3.8083546E-13
  1.1532990E-02 -9.3575287E+01 -5.6278234E-02  2.6623783E-02  2.7874117E-04  2.7874117E-04  2.5500334E-06  1.6340200E-08  8.5821264E-11  3.9653620E-13
  1.1610904E-02 -9.3535822E+01 -5.6658432E-02  2.6803632E-02  2.8251972E-04  2.8251972E-04  2.6020619E-06  1.6786233E-08  8.8759510E-11  4.1288294E-13
  1.1689338E-02 -9.3496149E+01 -5.7041169E-02  2.6984681E-02  2.8634919E-04  2.8634919E-04  2.6551478E-06  1.7244405E-08  9.1798113E-11  4.2990222E-13
  1.1768296E-02 -9.3456267E+01 -5.7426462E-02  2.7166940E-02  2.9023026E-04  2.9023026E-04  2.7093126E-06  1.7715046E-08  9.4940497E-11  4.4762167E-13
  1.1847781E-02 -9.3416176E+01 -5.7814328E-02  2.7350415E-02  2.9416364E-04  2.9416364E-04  2.7645781E-06  1.8198495E-08  9.8190199E-11  4.6607004E-13
  1.1927798E-02 -9.3375873E+01 -5.8204785E-02  2.7535115E-02  2.9815002E-04  2.9815002E-04  2.8209666E-06  1.8695100E-08  1.0155088E-10  4.8527727E-13
  1.2008348E-02 -9.3335359E+01 -5.8597849E-02  2.7721049E-02  3.0219011E-04  3.0219011E-04  2.8785008E-06  1.9205217E-08  1.0502631E-10  5.0527453E-13
  1.2089437E-02 -9.3294633E+01 -5.8993538E-02  2.7908224E-02  3.0628464E-04  3.0628464E-04  2.9372040E-06  1.9729213E-08  1.0862042E-10  5.2609425E-13
  1.2171067E-02 -9.3253694E+01 -5.9391870E-02  2.8096648E-02  3.1043433E-04  3.1043433E-04  2.9971000E-06  2.0267467E-08  1.1233724E-10  5.4777022E-13
  1.2253242E-02 -9.3212541E+01 -5.9792862E-02  2.8286331E-02  3.1463993E-04  3.1463993E-04  3.0582127E-06  2.0820363E-08  1.1618096E-10  5.7033758E-13
  1.2335966E-02 -9.3171173E+01 -6.0196532E-02  2.8477280E-02  3.1890219E-04  3.1890219E-04  3.1205670E-06  2.1388301E-08  1.2015590E-10  5.9383294E-13
  1.2419243E-02 -9.3129591E+01 -6.0602898E-02  2.8669505E-02  3.2322187E-04  3.2322187E-04  3.1841880E-06  2.1971687E-08  1.2426653E-10  6.1829440E-13
  1.2503076E-02 -9.3087792E+01 -6.1011978E-02  2.8863012E-02  3.2759974E-04  3.2759974E-04  3.2491013E-06  2.2570943E-08  1.2851748E-10  6.4376161E-13
  1.2587468E-02 -9.3045777E+01 -6.1423790E-02  2.9057812E-02  3.3203658E-04  3.3203658E-04  3.3153331E-06  2.3186498E-08  1.3291353E-10  6.7027588E-13
  1.2672425E-02 -9.3003544E+01 -6.1838352E-02  2.9253912E-02  3.3653319E-04  3.3653319E-04  3.3829101E-06  2.3818794E-08  1.3745962E-10  6.9788018E-13
  1.2757948E-02 -9.2961092E+01 -6.2255683E-02  2.9451322E-02  3.4109036E-04  3.4109036E-04  3.4518597E-06  2.4468287E-08  1.4216086E-10  7.2661926E-13
  1.2844043E-02 -9.2918422E+01 -6.2675801E-02  2.9650049E-02  3.4570892E-04  3.4570892E-04  3.5222095E-06  2.5135442E-08  1.4702254E-10  7.5653969E-13
  1.2930713E-02 -9.2875532E+01 -6.3098725E-02  2.9850104E-02  3.5038968E-04  3.5038968E-04  3.5939880E-06  2.5820740E-08  1.5205013E-10  7.8768996E-13
  1.3017962E-02 -9.2832421E+01 -6.3524473E-02  3.0051494E-02  3.5513348E-04  3.5513348E-04  3.6672241E-06  2.6524673E-08  1.5724928E-10  8.2012054E-13
  1.3105793E-02 -9.2789088E+01 -6.3953064E-02  3.0254228E-02  3.5994116E-04  3.5994116E-04  3.7419473E-06  2.7247746E-08  1.6262583E-10  8.5388399E-13
  1.3194211E-02 -9.2745534E+01 -6.4384518E-02  3.0458317E-02  3.6481359E-04  3.6481359E-04  3.8181879E-06  2.7990478E-08  1.6818583E-10  8.8903499E-13
  1.3283220E-02 -9.2701756E+01 -6.4818853E-02  3.0663768E-02  3.6975164E-04  3.6975164E-04  3.8959764E-06  2.8753404E-08  1.7393552E-10  9.2563049E-13
  1.3372823E-02 -9.2657755E+01 -6.5256089E-02  3.0870590E-02  3.7475618E-04  3.7475618E-04  3.9753442E-06  2.9537071E-08  1.7988136E-10  9.6372976E-13
  1.3463024E-02 -9.2613529E+01 -6.5696245E-02  3.1078793E-02  3.7982811E-04  3.7982811E-04  4.0563234E-06  3.0342042E-08  1.8603003E-10  1.0033945E-12
  1.3553828E-02 -9.2569078E+01 -6.6139340E-02  3.1288387E-02  3.8496833E-04  3.8496833E-04  4.1389466E-06  3.1168894E-08  1.9238845E-10  1.0446890E-12
  1.3645239E-02 -9.2524401E+01 -6.6585395E-02  3.1499380E-02  3.9017777E-04  3.9017777E-04  4.2232471E-06  3.2018222E-08  1.9896376E-10  1.0876800E-12
  1.3737259E-02 -9.2479497E+01 -6.7034429E-02  3.1711781E-02  3.9545734E-04  3.9545734E-04  4.3092588E-06  3.2890635E-08  2.0576334E-10  1.1324372E-12
  1.3829895E-02 -9.2434365E+01 -6.7486461E-02  3.1925600E-02  4.0080800E-04  4.0080800E-04  4.3970164E-06  3.3786760E-08  2.1279482E-10  1.1790330E-12
  1.3923149E-02 -9.2389005E+01 -6.7941512E-02  3.2140847E-02  4.0623069E-04  4.0623069E-04  4.4865553E-06  3.4707240E-08  2.2006612E-10  1.2275428E-12
  1.4017026E-02 -9.2343416E+01 -6.8399603E-02  3.2357531E-02  4.1172638E-04  4.1172638E-04  4.5779116E-06  3.5652735E-08  2.2758538E-10  1.2780453E-12
  1.4111529E-02 -9.2297596E+01 -6.8860752E-02  3.2575662E-02  4.1729606E-04  4.1729606E-04  4.6711219E-06  3.6623924E-08  2.3536105E-10  1.3306220E-12
  1.4206664E-02 -9.2251546E+01 -6.9324982E-02  3.2795249E-02  4.2294071E-04  4.2294071E-04  4.7662240E-06  3.7621504E-08  2.4340187E-10  1.3853581E-12
  1.4302435E-02 -9.2205264E+01 -6.9792311E-02  3.3016302E-02  4.2866134E-04  4.2866134E-04  4.8632560E-06  3.8646191E-08  2.5171686E-10  1.4423422E-12
  1.4398845E-02 -9.2158750E+01 -7.0262762E-02  3.3238831E-02  4.3445898E-04  4.3445898E-04  4.9622572E-06  3.9698720E-08  2.6031536E-10  1.5016664E-12
  1.4495899E-02 -9.2112003E+01 -7.0736354E-02  3.3462845E-02  4.4033466E-04  4.4033466E-04  5.0632672E-06  4.0779846E-08  2.6920701E-10  1.5634267E-12
  1.4593601E-02 -9.2065021E+01 -7.1213110E-02  3.3688355E-02  4.4628942E-04  4.4628942E-04  5.1663269E-06  4.1890344E-08  2.7840179E-10  1.6277230E-12
  1.4691955E-02 -9.2017805E+01 -7.1693049E-02  3.3915370E-02  4.5232432E-04  4.5232432E-04  5.2714777E-06  4.3031012E-08  2.8791003E-10  1.6946593E-12
  1.4790967E-02 -9.1970354E+01 -7.2176193E-02  3.4143901E-02  4.5844045E-04  4.5844045E-04  5.3787620E-06  4.4202667E-08  2.9774239E-10  1.7643439E-12
  1.4890639E-02 -9.1922665E+01 -7.2662565E-02  3.4373958E-02  4.6463889E-04  4.6463889E-04  5.4882229E-06  4.5406149E-08  3.0790990E-10  1.8368894E-12
  1.4990978E-02 -9.1874740E+01 -7.3152184E-02  3.4605550E-02  4.7092075E-04  4.7092075E-04  5.5999045E-06  4.6642323E-08  3.1842398E-10  1.9124132E-12
  1.5091986E-02 -9.1826576E+01 -7.3645073E-02  3.4838689E-02  4.7728714E-04  4.7728714E-04  5.7138518E-06  4.7912073E-08  3.2929641E-10  1.9910374E-12
  1.5193669E-02 -9.1778174E+01 -7.4141254E-02  3.5073384E-02  4.8373921E-04  4.8373921E-04  5.8301106E-06  4.9216310E-08  3.4053939E-10  2.0728890E-12
  1.5296032E-02 -9.1729532E+01 -7.4640748E-02  3.5309646E-02  4.9027809E-04  4.9027809E-04  5.9487278E-06  5.0555971E-08  3.5216554E-10  2.1581004E-12
  1.5399077E-02 -9.1680649E+01 -7.5143579E-02  3.5547484E-02  4.9690496E-04  4.9690496E-04  6.0697510E-06  5.1932014E-08  3.6418789E-10  2.2468093E-12
  1.5502811E-02 -9.1631525E+01 -7.5649767E-02  3.5786911E-02  5.0362100E-04  5.0362100E-04  6.1932290E-06  5.3345426E-08  3.7661992E-10  2.3391591E-12
  1.5607238E-02 -9.1582159E+01 -7.6159336E-02  3.6027936E-02  5.1042741E-04  5.1042741E-04  6.3192114E-06  5.4797221E-08  3.8947558E-10  2.4352991E-12
  1.5712363E-02 -9.1532550E+01 -7.6672308E-02  3.6270570E-02  5.1732539E-04  5.1732539E-04  6.4477490E-06  5.6288439E-08  4.0276927E-10  2.5353846E-12
  1.5818189E-02 -9.1482697E+01 -7.7188706E-02  3.6514824E-02  5.2431618E-04  5.2431618E-04  6.5788935E-06  5.7820148E-08  4.1651591E-10  2.6395772E-12
  1.5924722E-02 -9.1432600E+01 -7.7708552E-02  3.6760708E-02  5.3140102E-04  5.3140102E-04  6.7126976E-06  5.9393447E-08  4.3073090E-10  2.7480454E-12
  1.6031967E-02 -9.1382256E+01 -7.8231870E-02  3.7008234E-02  5.3858117E-04  5.3858117E-04  6.8492151E-06  6.1009462E-08  4.4543018E-10  2.8609644E-12
  1.6139928E-02 -9.1331667E+01 -7.8758683E-02  3.7257412E-02  5.4585792E-04  5.4585792E-04  6.9885010E-06  6.2669352E-08  4.6063022E-10  2.9785166E-12
  1.6248610E-02 -9.1280830E+01 -7.9289015E-02  3.7508253E-02  5.5323255E-04  5.5323255E-04  7.1306114E-06  6.4374306E-08  4.7634805E-10  3.1008918E-12
  1.6358017E-02 -9.1229745E+01 -7.9822888E-02  3.7760769E-02  5.6070639E-04  5.6070639E-04  7.2756032E-06  6.6125544E-08  4.9260130E-10  3.2282877E-12
  1.6468156E-02 -9.1178411E+01 -8.0360326E-02  3.8014971E-02  5.6828076E-04  5.6828076E-04  7.4235350E-06  6.7924322E-08  5.0940818E-10  3.3609101E-12
  1.6579030E-02 -9.1126827E+01 -8.0901353E-02  3.8270869E-02  5.7595701E-04  5.7595701E-04  7.5744660E-06  6.9771928E-08  5.2678751E-10  3.4989731E-12
  1.6690644E-02 -9.1074993E+01 -8.1445994E-02  3.8528476E-02  5.8373652E-04  5.8373652E-04  7.7284572E-06  7.1669685E-08  5.4475877E-10  3.6426996E-12
  1.6803004E-02 -9.1022907E+01 -8.1994272E-02  3.8787802E-02  5.9162066E-04  5.9162066E-04  7.8855703E-06  7.3618952E-08  5.6334210E-10  3.7923216E-12
  1.6916115E-02 -9.0970569E+01 -8.2546212E-02  3.9048859E-02  5.9961083E-04  5.9961083E-04  8.0458685E-06  7.5621126E-08  5.8255830E-10  3.9480808E-12
  1.7029980E-02 -9.0917977E+01 -8.3101837E-02  3.9311659E-02  6.0770847E-04  6.0770847E-04  8.2094163E-06  7.7677640E-08  6.0242891E-10  4.1102286E-12
  1.7144607E-02 -9.0865131E+01 -8.3661173E-02  3.9576213E-02  6.1591502E-04  6.1591502E-04  8.3762795E-06  7.9789965E-08  6.2297618E-10  4.2790266E-12
  1.7259999E-02 -9.0812030E+01 -8.4224245E-02  3.9842533E-02  6.2423192E-04  6.2423192E-04  8.5465250E-06  8.1959616E-08  6.4422312E-10  4.4547474E-12
  1.7376161E-02 -9.0758672E+01 -8.4791077E-02  4.0110631E-02  6.3266068E-04  6.3266068E-04  8.7202214E-06  8.4188144E-08  6.6619352E-10  4.6376744E-12
  1.7493099E-02 -9.0705058E+01 -8.5361694E-02  4.0380518E-02  6.4120277E-04  6.4120277E-04  8.8974385E-06  8.6477146E-08  6.8891199E-10  4.8281030E-12
  1.7610819E-02 -9.0651186E+01 -8.5936122E-02  4.0652206E-02  6.4985974E-04  6.4985974E-04  9.0782474E-06  8.8828259E-08  7.1240396E-10  5.0263403E-12
  1.7729324E-02 -9.0597056E+01 -8.6514386E-02  4.0925708E-02  6.5863311E-04  6.5863311E-04  9.2627209E-06  9.1243166E-08  7.3669574E-10  5.2327063E-12
  1.7848621E-02 -9.0542665E+01 -8.7096512E-02  4.1201036E-02  6.6752445E-04  6.6752445E-04  9.4509331E-06  9.3723596E-08  7.6181452E-10  5.4475338E-12
  1.7968715E-02 -9.0488014E+01 -8.7682526E-02  4.1478202E-02  6.7653535E-04  6.7653535E-04  9.6429595E-06  9.6271324E-08  7.8778842E-10  5.6711695E-12
  1.8089610E-02 -9.0433101E+01 -8.8272453E-02  4.1757217E-02  6.8566739E-04  6.8566739E-04  9.8388775E-06  9.8888173E-08  8.1464652E-10  5.9039740E-12
  1.8211314E-02 -9.0377926E+01 -8.8866320E-02  4.2038095E-02  6.9492222E-04  6.9492222E-04  1.0038766E-05  1.0157602E-07  8.4241886E-10  6.1463229E-12
  1.8333830E-02 -9.0322488E+01 -8.9464153E-02  4.2320847E-02  7.0430148E-04  7.0430148E-04  1.0242704E-05  1.0433677E-07  8.7113654E-10  6.3986071E-12
  1.8457164E-02 -9.0266785E+01 -9.0065978E-02  4.2605487E-02  7.1380683E-04  7.1380683E-04  1.0450775E-05  1.0717243E-07  9.0083170E-10  6.6612333E-12
  1.8581322E-02 -9.0210816E+01 -9.0671823E-02  4.2892026E-02  7.2343996E-04  7.2343996E-04  1.0663062E-05  1.1008500E-07  9.3153755E-10  6.9346251E-12
  1.8706309E-02 -9.0154582E+01 -9.1281713E-02  4.3180478E-02  7.3320260E-04  7.3320260E-04  1.0879650E-05  1.1307657E-07  9.6328847E-10  7.2192234E-12
  1.8832131E-02 -9.0098080E+01 -9.1895676E-02  4.3470856E-02  7.4309648E-04  7.4309648E-04  1.1100627E-05  1.1614929E-07  9.9611997E-10  7.5154870E-12
  1.8958793E-02 -9.0041309E+01 -9.2513740E-02  4.3763171E-02  7.5312336E-04  7.5312336E-04  1.1326080E-05  1.1930535E-07  1.0300688E-09  7.8238935E-12
  1.9086301E-02 -8.9984269E+01 -9.3135931E-02  4.4057437E-02  7.6328501E-04  7.6328501E-04  1.1556101E-05  1.2254700E-07  1.0651729E-09  8.1449401E-12
  1.9214661E-02 -8.9926959E+01 -9.3762277E-02  4.4353667E-02  7.7358326E-04  7.7358326E-04  1.1790782E-05  1.2587658E-07  1.1014716E-09  8.4791443E-12
  1.9343878E-02 -8.9869378E+01 -9.4392806E-02  4.4651875E-02  7.8401993E-04  7.8401993E-04  1.2030217E-05  1.2929645E-07  1.1390054E-09  8.8270448E-12
  1.9473958E-02 -8.9811525E+01 -9.5027546E-02  4.4952072E-02  7.9459687E-04  7.9459687E-04  1.2274503E-05  1.3280907E-07  1.1778163E-09  9.1892024E-12
  1.9604906E-02 -8.9753398E+01 -9.5666525E-02  4.5254274E-02  8.0531597E-04  8.0531597E-04  1.2523737E-05  1.3641693E-07  1.2179479E-09  9.5662006E-12
  1.9736730E-02 -8.9694996E+01 -9.6309771E-02  4.5558492E-02  8.1617914E-04  8.1617914E-04  1.2778019E-05  1.4012264E-07  1.2594448E-09  9.9586471E-12
  1.9869433E-02 -8.9636319E+01 -9.6957312E-02  4.5864740E-02  8.2718830E-04  8.2718830E-04  1.3037452E-05  1.4392882E-07  1.3023535E-09  1.0367174E-11
  2.0003023E-02 -8.9577366E+01 -9.7609178E-02  4.6173032E-02  8.3834542E-04  8.3834542E-04  1.3302139E-05  1.4783821E-07  1.3467221E-09  1.0792440E-11
  2.0137505E-02 -8.9518135E+01 -9.8265398E-02  4.6483382E-02  8.4965248E-04  8.4965248E-04  1.3572187E-05  1.5185360E-07  1.3926000E-09  1.1235130E-11
  2.0272886E-02 -8.9458626E+01 -9.8925999E-02  4.6795802E-02  8.6111148E-04  8.6111148E-04  1.3847705E-05  1.5597786E-07  1.4400387E-09  1.1695957E-11
  2.0409170E-02 -8.9398837E+01 -9.9591013E-02  4.7110308E-02  8.7272447E-04  8.7272447E-04  1.4128802E-05  1.6021393E-07  1.4890911E-09  1.2175663E-11
  2.0546365E-02 -8.9338767E+01 -1.0026047E-01  4.7426913E-02  8.8449351E-04  8.8449351E-04  1.4415592E-05  1.6456485E-07  1.5398120E-09  1.2675022E-11
  2.0684476E-02 -8.9278416E+01 -1.0093439E-01  4.7745630E-02  8.9642069E-04  8.9642069E-04  1.4708190E-05  1.6903372E-07  1.5922582E-09  1.3194837E-11
  2.0823509E-02 -8.9217781E+01 -1.0161282E-01  4.8066475E-02  9.0850814E-04  9.0850814E-04  1.5006713E-05  1.7362373E-07  1.6464883E-09  1.3735946E-11
  2.0963471E-02 -8.9156862E+01 -1.0229577E-01  4.8389460E-02  9.2075799E-04  9.2075799E-04  1.5311281E-05  1.7833817E-07  1.7025628E-09  1.4299220E-11
  2.1104368E-02 -8.9095659E+01 -1.0298329E-01  4.8714601E-02  9.3317244E-04  9.3317244E-04  1.5622016E-05  1.8318041E-07  1.7605445E-09  1.4885567E-11
  2.1246205E-02 -8.9034169E+01 -1.0367540E-01  4.9041912E-02  9.4575368E-04  9.4575368E-04  1.5939043E-05  1.8815390E-07  1.8204981E-09  1.5495929E-11
  2.1388990E-02 -8.8972391E+01 -1.0437213E-01  4.9371406E-02  9.5850394E-04  9.5850394E-04  1.6262489E-05  1.9326219E-07  1.8824906E-09  1.6131291E-11
  2.1532729E-02 -8.8910325E+01 -1.0507351E-01  4.9703100E-02  9.7142551E-04  9.7142551E-04  1.6592484E-05  1.9850894E-07  1.9465913E-09  1.6792675E-11
  2.1677427E-02 -8.8847969E+01 -1.0577958E-01  5.0037007E-02  9.8452066E-04  9.8452066E-04  1.6929160E-05  2.0389790E-07  2.0128718E-09  1.7481145E-11
  2.1823092E-02 -8.8785322E+01 -1.0649036E-01  5.0373142E-02  9.9779174E-04  9.9779174E-04  1.7272652E-05  2.0943290E-07  2.0814062E-09  1.8197811E-11
  2.1969730E-02 -8.8722383E+01 -1.0720589E-01  5.0711520E-02  1.0112411E-03  1.0112411E-03  1.7623099E-05  2.1511791E-07  2.1522709E-09  1.8943825E-11
  2.2117347E-02 -8.8659151E+01 -1.0792620E-01  5.1052156E-02  1.0248711E-03  1.0248711E-03  1.7980639E-05  2.2095699E-07  2.2255452E-09  1.9720389E-11
  2.2265950E-02 -8.8595624E+01 -1.0865131E-01  5.1395064E-02  1.0386842E-03  1.0386842E-03  1.8345418E-05  2.2695430E-07  2.3013109E-09  2.0528752E-11
  2.2415546E-02 -8.8531802E+01 -1.0938127E-01  5.1740261E-02  1.0526829E-03  1.0526829E-03  1.8717580E-05  2.3311414E-07  2.3796526E-09  2.1370215E-11
  2.2566140E-02 -8.8467682E+01 -1.1011611E-01  5.2087761E-02  1.0668695E-03  1.0668695E-03  1.9097277E-05  2.3944088E-07  2.4606578E-09  2.2246132E-11
  2.2717740E-02 -8.8403265E+01 -1.1085585E-01  5.2437580E-02  1.0812468E-03  1.0812468E-03  1.9484658E-05  2.4593906E-07  2.5444170E-09  2.3157914E-11
  2.2870353E-02 -8.8338548E+01 -1.1160053E-01  5.2789733E-02  1.0958171E-03  1.0958171E-03  1.9879881E-05  2.5261332E-07  2.6310236E-09  2.4107026E-11
  2.3023985E-02 -8.8273530E+01 -1.1235019E-01  5.3144236E-02  1.1105831E-03  1.1105831E-03  2.0283103E-05  2.5946841E-07  2.7205745E-09  2.5094996E-11
  2.3178643E-02 -8.8208211E+01 -1.1310485E-01  5.3501104E-02  1.1255474E-03  1.1255474E-03  2.0694487E-05  2.6650923E-07  2.8131695E-09  2.6123414E-11
  2.3334334E-02 -8.8142588E+01 -1.1386455E-01  5.3860353E-02  1.1407127E-03  1.1407127E-03  2.1114196E-05  2.7374081E-07  2.9089121E-09  2.7193934E-11
  2.3491065E-02 -8.8076660E+01 -1.1462932E-01  5.4221999E-02  1.1560817E-03  1.1560817E-03  2.1542399E-05  2.8116831E-07  3.0079091E-09  2.8308277E-11
  2.3648843E-02 -8.8010427E+01 -1.1539920E-01  5.4586058E-02  1.1716570E-03  1.1716570E-03  2.1979269E-05  2.8879703E-07  3.1102711E-09  2.9468237E-11
  2.3807674E-02 -8.7943887E+01 -1.1617422E-01  5.4952545E-02  1.1874416E-03  1.1874416E-03  2.2424979E-05  2.9663241E-07  3.2161123E-09  3.0675679E-11
  2.3967566E-02 -8.7877038E+01 -1.1695442E-01  5.5321478E-02  1.2034380E-03  1.2034380E-03  2.2879709E-05  3.0468005E-07  3.3255508E-09  3.1932545E-11
  2.4128526E-02 -8.7809880E+01 -1.1773983E-01  5.5692872E-02  1.2196493E-03  1.2196493E-03  2.3343641E-05  3.1294569E-07  3.4387088E-09  3.3240857E-11
  2.4290561E-02 -8.7742410E+01 -1.1853048E-01  5.6066744E-02  1.2360782E-03  1.2360782E-03  2.3816960E-05  3.2143522E-07  3.5557125E-09  3.4602717E-11
  2.4453678E-02 -8.7674628E+01 -1.1932641E-01  5.6443110E-02  1.2527278E-03  1.2527278E-03  2.4299857E-05  3.3015471E-07  3.6766926E-09  3.6020317E-11
  2.4617884E-02 -8.7606532E+01 -1.2012766E-01  5.6821987E-02  1.2696008E-03  1.2696008E-03  2.4792525E-05  3.3911038E-07  3.8017840E-09  3.7495935E-11
  2.4783188E-02 -8.7538121E+01 -1.2093426E-01  5.7203392E-02  1.2867004E-03  1.2867004E-03  2.5295161E-05  3.4830861E-07  3.9311264E-09  3.9031945E-11
  2.4949595E-02 -8.7469393E+01 -1.2174624E-01  5.7587341E-02  1.3040296E-03  1.3040296E-03  2.5807967E-05  3.5775596E-07  4.0648639E-09  4.0630815E-11
  2.5117113E-02 -8.7400347E+01 -1.2256365E-01  5.7973851E-02  1.3215915E-03  1.3215915E-03  2.6331148E-05  3.6745919E-07  4.2031459E-09  4.2295115E-11
  2.5285751E-02 -8.7330981E+01 -1.2338652E-01  5.8362940E-02  1.3393891E-03  1.3393891E-03  2.6864914E-05  3.7742520E-07  4.3461266E-09  4.4027522E-11
  2.5455514E-02 -8.7261295E+01 -1.2421488E-01  5.8754624E-02  1.3574257E-03  1.3574257E-03  2.7409478E-05  3.8766110E-07  4.4939655E-09  4.5830820E-11
  2.5626412E-02 -8.7191286E+01 -1.2504877E-01  5.9148922E-02  1.3757043E-03  1.3757043E-03  2.7965059E-05  3.9817421E-07  4.6468276E-09  4.7707908E-11
  2.5798450E-02 -8.7120954E+01 -1.2588823E-01  5.9545849E-02  1.3942284E-03  1.3942284E-03  2.8531879E-05  4.0897200E-07  4.8048832E-09  4.9661802E-11
  2.5971638E-02 -8.7050296E+01 -1.2673330E-01  5.9945424E-02  1.4130011E-03  1.4130011E-03  2.9110165E-05  4.2006220E-07  4.9683088E-09  5.1695643E-11
  2.6145983E-02 -8.6979312E+01 -1.2758400E-01  6.0347664E-02  1.4320257E-03  1.4320257E-03  2.9700149E-05  4.3145269E-07  5.1372865E-09  5.3812698E-11
  2.6321491E-02 -8.6907999E+01 -1.2844040E-01  6.0752587E-02  1.4513058E-03  1.4513058E-03  3.0302067E-05  4.4315161E-07  5.3120048E-09  5.6016371E-11
  2.6498172E-02 -8.6836356E+01 -1.2930250E-01  6.1160212E-02  1.4708446E-03  1.4708446E-03  3.0916160E-05  4.5516730E-07  5.4926586E-09  5.8310202E-11
  2.6676033E-02 -8.6764383E+01 -1.3017037E-01  6.1570555E-02  1.4906456E-03  1.4906456E-03  3.1542674E-05  4.6750832E-07  5.6794493E-09  6.0697876E-11
  2.6855082E-02 -8.6692076E+01 -1.3104403E-01  6.1983635E-02  1.5107125E-03  1.5107125E-03  3.2181860E-05  4.8018347E-07  5.8725852E-09  6.3183230E-11
  2.7035327E-02 -8.6619435E+01 -1.3192353E-01  6.2399470E-02  1.5310486E-03  1.5310486E-03  3.2833973E-05  4.9320179E-07  6.0722816E-09  6.5770257E-11
  2.7216775E-02 -8.6546459E+01 -1.3280890E-01  6.2818079E-02  1.5516576E-03  1.5516576E-03  3.3499275E-05  5.0657256E-07  6.2787611E-09  6.8463113E-11
  2.7399435E-02 -8.6473145E+01 -1.3370018E-01  6.3239480E-02  1.5725433E-03  1.5725433E-03  3.4178032E-05  5.2030531E-07  6.4922540E-09  7.1266123E-11
  2.7583315E-02 -8.6399492E+01 -1.3459741E-01  6.3663691E-02  1.5937092E-03  1.5937092E-03  3.4870516E-05  5.3440983E-07  6.7129983E-09  7.4183790E-11
  2.7768424E-02 -8.6325498E+01 -1.3550064E-01  6.4090732E-02  1.6151591E-03  1.6151591E-03  3.5577005E-05  5.4889616E-07  6.9412399E-09  7.7220801E-11
  2.7954768E-02 -8.6251162E+01 -1.3640989E-01  6.4520620E-02  1.6368969E-03  1.6368969E-03  3.6297779E-05  5.6377464E-07  7.1772334E-09  8.0382032E-11
  2.8142357E-02 -8.6176483E+01 -1.3732522E-01  6.4953376E-02  1.6589263E-03  1.6589263E-03  3.7033129E-05  5.7905587E-07  7.4212417E-09  8.3672562E-11
  2.8331199E-02 -8.6101458E+01 -1.3824666E-01  6.5389017E-02  1.6812514E-03  1.6812514E-03  3.7783349E-05  5.9475074E-07  7.6735368E-09  8.7097674E-11
  2.8521302E-02 -8.6026086E+01 -1.3917425E-01  6.5827564E-02  1.7038760E-03  1.7038760E-03  3.8548738E-05  6.1087043E-07  7.9343999E-09  9.0662868E-11
  2.8712675E-02 -8.5950366E+01 -1.4010804E-01  6.6269035E-02  1.7268041E-03  1.7268041E-03  3.9329603E-05  6.2742643E-07  8.2041217E-09  9.4373870E-11
  2.8905326E-02 -8.5874295E+01 -1.4104806E-01  6.6713450E-02  1.7500399E-03  1.7500399E-03  4.0126257E-05  6.4443053E-07  8.4830028E-09  9.8236638E-11
  2.9099263E-02 -8.5797872E+01 -1.4199436E-01  6.7160829E-02  1.7735874E-03  1.7735874E-03  4.0939018E-05  6.6189485E-07  8.7713538E-09  1.0225737E-10
  2.9294496E-02 -8.5721096E+01 -1.4294698E-01  6.7611191E-02  1.7974508E-03  1.7974508E-03  4.1768211E-05  6.7983183E-07  9.0694960E-09  1.0644253E-10
  2.9491032E-02 -8.5643965E+01 -1.4390596E-01  6.8064556E-02  1.8216344E-03  1.8216344E-03  4.2614169E-05  6.9825425E-07  9.3777618E-09  1.1079883E-10
  2.9688882E-02 -8.5566476E+01 -1.4487134E-01  6.8520944E-02  1.8461423E-03  1.8461423E-03  4.3477229E-05  7.1717523E-07  9.6964944E-09  1.1533327E-10
  2.9888052E-02 -8.5488629E+01 -1.4584317E-01  6.8980376E-02  1.8709791E-03  1.8709791E-03  4.4357736E-05  7.3660824E-07  1.0026049E-08  1.2005312E-10
  3.0088553E-02 -8.5410422E+01 -1.4682149E-01  6.9442870E-02  1.8961489E-03  1.8961489E-03  4.5256044E-05  7.5656714E-07  1.0366793E-08  1.2496596E-10
  3.0290393E-02 -8.5331852E+01 -1.4780634E-01  6.9908449E-02  1.9216565E-03  1.9216565E-03  4.6172511E-05  7.7706614E-07  1.0719105E-08  1.3007967E-10
  3.0493580E-02 -8.5252919E+01 -1.4879777E-01  7.0377131E-02  1.9475061E-03  1.9475061E-03  4.7107503E-05  7.9811982E-07  1.1083378E-08  1.3540247E-10
  3.0698125E-02 -8.5173620E+01 -1.4979582E-01  7.0848938E-02  1.9737025E-03  1.9737025E-03  4.8061396E-05  8.1974320E-07  1.1460018E-08  1.4094289E-10
  3.0904036E-02 -8.5093954E+01 -1.5080053E-01  7.1323891E-02  2.0002502E-03  2.0002502E-03  4.9034569E-05  8.4195166E-07  1.1849445E-08  1.4670983E-10
  3.1111322E-02 -8.5013919E+01 -1.5181195E-01  7.1802011E-02  2.0271540E-03  2.0271540E-03  5.0027413E-05  8.6476102E-07  1.2252091E-08  1.5271254E-10
  3.1319993E-02 -8.4933514E+01 -1.5283013E-01  7.2283318E-02  2.0544186E-03  2.0544186E-03  5.1040324E-05  8.8818752E-07  1.2668405E-08  1.5896065E-10
  3.1530057E-02 -8.4852736E+01 -1.5385510E-01  7.2767834E-02  2.0820488E-03  2.0820488E-03  5.2073707E-05  9.1224783E-07  1.3098852E-08  1.6546419E-10
  3.1741524E-02 -8.4771584E+01 -1.5488692E-01  7.3255580E-02  2.1100496E-03  2.1100496E-03  5.3127976E-05  9.3695910E-07  1.3543910E-08  1.7223358E-10
  3.1954404E-02 -8.4690055E+01 -1.5592563E-01  7.3746577E-02  2.1384258E-03  2.1384258E-03  5.4203551E-05  9.6233891E-07  1.4004074E-08  1.7927971E-10
  3.2168705E-02 -8.4608149E+01 -1.5697128E-01  7.4240847E-02  2.1671826E-03  2.1671826E-03  5.5300864E-05  9.8840533E-07  1.4479857E-08  1.8661385E-10
  3.2384437E-02 -8.4525864E+01 -1.5802390E-01  7.4738412E-02  2.1963250E-03  2.1963250E-03  5.6420352E-05  1.0151769E-06  1.4971790E-08  1.9424779E-10
  3.2601610E-02 -8.4443197E+01 -1.5908356E-01  7.5239294E-02  2.2258581E-03  2.2258581E-03  5.7562462E-05  1.0426727E-06  1.5480418E-08  2.0219377E-10
  3.2820234E-02 -8.4360148E+01 -1.6015029E-01  7.5743515E-02  2.2557872E-03  2.2557872E-03  5.8727653E-05  1.0709123E-06  1.6006309E-08  2.1046452E-10
  3.3040318E-02 -8.4276713E+01 -1.6122414E-01  7.6251096E-02  2.2861176E-03  2.2861176E-03  5.9916388E-05  1.0999158E-06  1.6550049E-08  2.1907333E-10
  3.3261871E-02 -8.4192892E+01 -1.6230517E-01  7.6762060E-02  2.3168547E-03  2.3168547E-03  6.1129143E-05  1.1297038E-06  1.7112241E-08  2.2803399E-10
  3.3484904E-02 -8.4108682E+01 -1.6339341E-01  7.7276431E-02  2.3480038E-03  2.3480038E-03  6.2366403E-05  1.1602975E-06  1.7693512E-08  2.3736087E-10
  3.3709427E-02 -8.4024082E+01 -1.6448892E-01  7.7794229E-02  2.3795705E-03  2.3795705E-03  6.3628662E-05  1.1917187E-06  1.8294509E-08  2.4706894E-10
  3.3935450E-02 -8.3939090E+01 -1.6559174E-01  7.8315479E-02  2.4115604E-03  2.4115604E-03  6.4916425E-05  1.2239898E-06  1.8915901E-08  2.5717376E-10
  3.4162981E-02 -8.3853704E+01 -1.6670193E-01  7.8840202E-02  2.4439792E-03  2.4439792E-03  6.6230206E-05  1.2571337E-06  1.9558379E-08  2.6769154E-10
  3.4392033E-02 -8.3767923E+01 -1.6781953E-01  7.9368422E-02  2.4768325E-03  2.4768325E-03  6.7570529E-05  1.2911740E-06  2.0222658E-08  2.7863913E-10
  3.4622614E-02 -8.3681744E+01 -1.6894459E-01  7.9900163E-02  2.5101262E-03  2.5101262E-03  6.8937931E-05  1.3261349E-06  2.0909477E-08  2.9003409E-10
  3.4854735E-02 -8.3595166E+01 -1.7007717E-01  8.0435447E-02  2.5438661E-03  2.5438661E-03  7.0332957E-05  1.3620412E-06  2.1619601E-08  3.0189470E-10
  3.5088407E-02 -8.3508187E+01 -1.7121731E-01  8.0974298E-02  2.5780583E-03  2.5780583E-03  7.1756165E-05  1.3989186E-06  2.2353820E-08  3.1423996E-10
  3.5323639E-02 -8.3420806E+01 -1.7236506E-01  8.1516739E-02  2.6127087E-03  2.6127087E-03  7.3208123E-05  1.4367933E-06  2.3112949E-08  3.2708966E-10
  3.5560442E-02 -8.3333020E+01 -1.7352047E-01  8.2062796E-02  2.6478236E-03  2.6478236E-03  7.4689411E-05  1.4756922E-06  2.3897835E-08  3.4046441E-10
  3.5798827E-02 -8.3244827E+01 -1.7468360E-01  8.2612490E-02  2.6834090E-03  2.6834090E-03  7.6200620E-05  1.5156429E-06  2.4709349E-08  3.5438564E-10
  3.6038803E-02 -8.3156227E+01 -1.7585450E-01  8.3165848E-02  2.7194714E-03  2.7194714E-03  7.7742355E-05  1.5566739E-06  2.5548396E-08  3.6887567E-10
  3.6280383E-02 -8.3067216E+01 -1.7703321E-01  8.3722892E-02  2.7560170E-03  2.7560170E-03  7.9315230E-05  1.5988143E-06  2.6415907E-08  3.8395772E-10
  3.6523575E-02 -8.2977794E+01 -1.7821979E-01  8.4283647E-02  2.7930523E-03  2.7930523E-03  8.0919874E-05  1.6420942E-06  2.7312848E-08  3.9965596E-10
  3.6768392E-02 -8.2887958E+01 -1.7941430E-01  8.4848139E-02  2.8305839E-03  2.8305839E-03  8.2556927E-05  1.6865443E-06  2.8240217E-08  4.1599555E-10
  3.7014845E-02 -8.2797708E+01 -1.8061678E-01  8.5416391E-02  2.8686184E-03  2.8686184E-03  8.4227043E-05  1.7321962E-06  2.9199044E-08  4.3300268E-10
  3.7262943E-02 -8.2707040E+01 -1.8182729E-01  8.5988429E-02  2.9071625E-03  2.9071625E-03  8.5930888E-05  1.7790823E-06  3.0190396E-08  4.5070459E-10
  3.7512698E-02 -8.2615954E+01 -1.8304589E-01  8.6564278E-02  2.9462231E-03  2.9462231E-03  8.7669143E-05  1.8272360E-06  3.1215376E-08  4.6912966E-10
  3.7764121E-02 -8.2524448E+01 -1.8427262E-01  8.7143962E-02  2.9858069E-03  2.9858069E-03  8.9442501E-05  1.8766916E-06  3.2275123E-08  4.8830740E-10
  3.8017223E-02 -8.2432519E+01 -1.8550754E-01  8.7727508E-02  3.0259211E-03  3.0259211E-03  9.1251671E-05  1.9274841E-06  3.3370816E-08  5.0826854E-10
  3.8272015E-02 -8.2340167E+01 -1.8675071E-01  8.8314941E-02  3.0665727E-03  3.0665727E-03  9.3097374E-05  1.9796497E-06  3.4503672E-08  5.2904506E-10
  3.8528510E-02 -8.2247389E+01 -1.8800217E-01  8.8906287E-02  3.1077688E-03  3.1077688E-03  9.4980346E-05  2.0332255E-06  3.5674951E-08  5.5067025E-10
  3.8786717E-02 -8.2154184E+01 -1.8926199E-01  8.9501571E-02  3.1495168E-03  3.1495168E-03  9.6901340E-05  2.0882495E-06  3.6885956E-08  5.7317875E-10
  3.9046649E-02 -8.2060550E+01 -1.9053023E-01  9.0100820E-02  3.1918240E-03  3.1918240E-03  9.8861121E-05  2.1447609E-06  3.8138032E-08  5.9660661E-10
  3.9308316E-02 -8.1966486E+01 -1.9180693E-01  9.0704061E-02  3.2346978E-03  3.2346978E-03  1.0086047E-04  2.2027998E-06  3.9432572E-08  6.2099137E-10
  3.9571732E-02 -8.1871990E+01 -1.9309216E-01  9.1311318E-02  3.2781459E-03  3.2781459E-03  1.0290019E-04  2.2624074E-06  4.0771014E-08  6.4637207E-10
  3.9836906E-02 -8.1777060E+01 -1.9438596E-01  9.1922620E-02  3.3221760E-03  3.3221760E-03  1.0498109E-04  2.3236262E-06  4.2154845E-08  6.7278937E-10
  4.0103852E-02 -8.1681694E+01 -1.9568841E-01  9.2537992E-02  3.3667957E-03  3.3667957E-03  1.0710400E-04  2.3864996E-06  4.3585605E-08  7.0028558E-10
  4.0372580E-02 -8.1585892E+01 -1.9699955E-01  9.3157463E-02  3.4120129E-03  3.4120129E-03  1.0926977E-04  2.4510722E-06  4.5064883E-08  7.2890473E-10
  4.0643103E-02 -8.1489651E+01 -1.9831945E-01  9.3781058E-02  3.4578357E-03  3.4578357E-03  1.1147925E-04  2.5173900E-06  4.6594322E-08  7.5869265E-10
  4.0915433E-02 -8.1392971E+01 -1.9964815E-01  9.4408805E-02  3.5042721E-03  3.5042721E-03  1.1373335E-04  2.5855001E-06  4.8175624E-08  7.8969705E-10
  4.1189582E-02 -8.1295849E+01 -2.0098573E-01  9.5040732E-02  3.5513303E-03  3.5513303E-03  1.1603294E-04  2.6554508E-06  4.9810543E-08  8.2196757E-10
  4.1465561E-02 -8.1198283E+01 -2.0233224E-01  9.5676866E-02  3.5990186E-03  3.5990186E-03  1.1837895E-04  2.7272919E-06  5.1500899E-08  8.5555587E-10
  4.1743384E-02 -8.1100274E+01 -2.0368774E-01  9.6317236E-02  3.6473454E-03  3.6473454E-03  1.2077232E-04  2.8010743E-06  5.3248567E-08  8.9051574E-10
  4.2023062E-02 -8.1001818E+01 -2.0505229E-01  9.6961868E-02  3.6963193E-03  3.6963193E-03  1.2321399E-04  2.8768506E-06  5.5055490E-08  9.2690314E-10
  4.2304609E-02 -8.0902915E+01 -2.0642595E-01  9.7610792E-02  3.7459488E-03  3.7459488E-03  1.2570494E-04  2.9546744E-06  5.6923676E-08  9.6477633E-10
  4.2588035E-02 -8.0803563E+01 -2.0780878E-01  9.8264036E-02  3.7962427E-03  3.7962427E-03  1.2824617E-04  3.0346010E-06  5.8855200E-08  1.0041959E-09
  4.2873354E-02 -8.0703761E+01 -2.0920085E-01  9.8921628E-02  3.8472099E-03  3.8472099E-03  1.3083869E-04  3.1166873E-06  6.0852207E-08  1.0452251E-09
  4.3160579E-02 -8.0603508E+01 -2.1060220E-01  9.9583598E-02  3.8988593E-03  3.8988593E-03  1.3348352E-04  3.2009915E-06  6.2916915E-08  1.0879294E-09
  4.3449723E-02 -8.0502801E+01 -2.1201292E-01  1.0024997E-01  3.9512001E-03  3.9512001E-03  1.3618174E-04  3.2875734E-06  6.5051618E-08  1.1323772E-09
  4.3740797E-02 -8.0401641E+01 -2.1343305E-01  1.0092078E-01  4.0042414E-03  4.0042414E-03  1.3893440E-04  3.3764946E-06  6.7258687E-08  1.1786398E-09
  4.4033815E-02 -8.0300025E+01 -2.1486266E-01  1.0159606E-01  4.0579927E-03  4.0579927E-03  1.4174261E-04  3.4678181E-06  6.9540573E-08  1.2267910E-09
  4.4328790E-02 -8.0197952E+01 -2.1630182E-01  1.0227583E-01  4.1124633E-03  4.1124633E-03  1.4460748E-04  3.5616089E-06  7.1899809E-08  1.2769081E-09
  4.4625736E-02 -8.0095422E+01 -2.1775058E-01  1.0296012E-01  4.1676629E-03  4.1676629E-03  1.4753016E-04  3.6579334E-06  7.4339017E-08  1.3290711E-09
  4.4924664E-02 -7.9992433E+01 -2.1920902E-01  1.0364896E-01  4.2236012E-03  4.2236012E-03  1.5051181E-04  3.7568600E-06  7.6860904E-08  1.3833636E-09
  4.5225589E-02 -7.9888983E+01 -2.2067720E-01  1.0434239E-01  4.2802881E-03  4.2802881E-03  1.5355362E-04  3.8584590E-06  7.9468270E-08  1.4398724E-09
  4.5528524E-02 -7.9785073E+01 -2.2215517E-01  1.0504044E-01  4.3377335E-03  4.3377335E-03  1.5665681E-04  3.9628025E-06  8.2164010E-08  1.4986879E-09
  4.5833481E-02 -7.9680700E+01 -2.2364302E-01  1.0574312E-01  4.3959475E-03  4.3959475E-03  1.5982260E-04  4.0699644E-06  8.4951118E-08  1.5599043E-09
  4.6140476E-02 -7.9575864E+01 -2.2514079E-01  1.0645049E-01  4.4549403E-03  4.4549403E-03  1.6305225E-04  4.1800210E-06  8.7832687E-08  1.6236195E-09
  4.6449521E-02 -7.9470563E+01 -2.2664857E-01  1.0716256E-01  4.5147225E-03  4.5147225E-03  1.6634706E-04  4.2930502E-06  9.0811916E-08  1.6899354E-09
  4.6760630E-02 -7.9364798E+01 -2.2816641E-01  1.0787936E-01  4.5753044E-03  4.5753044E-03  1.6970834E-04  4.4091322E-06  9.3892112E-08  1.7589580E-09
  4.7073816E-02 -7.9258566E+01 -2.2969438E-01  1.0860093E-01  4.6366967E-03  4.6366967E-03  1.7313742E-04  4.5283495E-06  9.7076694E-08  1.8307979E-09
  4.7389095E-02 -7.9151867E+01 -2.3123256E-01  1.0932731E-01  4.6989103E-03  4.6989103E-03  1.7663567E-04  4.6507865E-06  1.0036920E-07  1.9055699E-09
  4.7706479E-02 -7.9044701E+01 -2.3278100E-01  1.1005851E-01  4.7619560E-03  4.7619560E-03  1.8020448E-04  4.7765302E-06  1.0377327E-07  1.9833936E-09
  4.8025982E-02 -7.8937066E+01 -2.3433978E-01  1.1079458E-01  4.8258449E-03  4.8258449E-03  1.8384527E-04  4.9056697E-06  1.0729270E-07  2.0643934E-09
  4.8347620E-02 -7.8828962E+01 -2.3590897E-01  1.1153554E-01  4.8905884E-03  4.8905884E-03  1.8755949E-04  5.0382967E-06  1.1093139E-07  2.1486990E-09
  4.8671405E-02 -7.8720388E+01 -2.3748863E-01  1.1228143E-01  4.9561977E-03  4.9561977E-03  1.9134863E-04  5.1745051E-06  1.1469338E-07  2.2364451E-09
  4.8997353E-02 -7.8611343E+01 -2.3907884E-01  1.1303228E-01  5.0226844E-03  5.0226844E-03  1.9521418E-04  5.3143917E-06  1.1858283E-07  2.3277721E-09
  4.9325478E-02 -7.8501827E+01 -2.4067966E-01  1.1378812E-01  5.0900602E-03  5.0900602E-03  1.9915768E-04  5.4580556E-06  1.2260407E-07  2.4228260E-09
  4.9655795E-02 -7.8391839E+01 -2.4229117E-01  1.1454899E-01  5.1583369E-03  5.1583369E-03  2.0318071E-04  5.6055987E-06  1.2676156E-07  2.5217587E-09
  4.9988317E-02 -7.8281380E+01 -2.4391344E-01  1.1531492E-01  5.2275265E-03  5.2275265E-03  2.0728487E-04  5.7571256E-06  1.3105991E-07  2.6247285E-09
  5.0323060E-02 -7.8170447E+01 -2.4554654E-01  1.1608594E-01  5.2976412E-03  5.2976412E-03  2.1147178E-04  5.9127437E-06  1.3550388E-07  2.7319000E-09
  5.0660039E-02 -7.8059042E+01 -2.4719054E-01  1.1686208E-01  5.3686932E-03  5.3686932E-03  2.1574312E-04  6.0725634E-06  1.4009841E-07  2.8434445E-09
  5.0999269E-02 -7.7947163E+01 -2.4884551E-01  1.1764339E-01  5.4406951E-03  5.4406951E-03  2.2010057E-04  6.2366979E-06  1.4484860E-07  2.9595403E-09
  5.1340764E-02 -7.7834810E+01 -2.5051153E-01  1.1842988E-01  5.5136594E-03  5.5136594E-03  2.2454588E-04  6.4052637E-06  1.4975970E-07  3.0803730E-09
  5.1684539E-02 -7.7721984E+01 -2.5218867E-01  1.1922161E-01  5.5875991E-03  5.5875991E-03  2.2908082E-04  6.5783801E-06  1.5483718E-07  3.2061358E-09
  5.2030611E-02 -7.7608683E+01 -2.5387701E-01  1.2001859E-01  5.6625270E-03  5.6625270E-03  2.3370718E-04  6.7561699E-06  1.6008665E-07  3.3370297E-09
  5.2378994E-02 -7.7494908E+01 -2.5557662E-01  1.2082088E-01  5.7384564E-03  5.7384564E-03  2.3842680E-04  6.9387592E-06  1.6551395E-07  3.4732638E-09
  5.2729704E-02 -7.7380659E+01 -2.5728757E-01  1.2162849E-01  5.8154004E-03  5.8154004E-03  2.4324157E-04  7.1262772E-06  1.7112508E-07  3.6150560E-09
  5.3082756E-02 -7.7265936E+01 -2.5900995E-01  1.2244147E-01  5.8933727E-03  5.8933727E-03  2.4815339E-04  7.3188569E-06  1.7692628E-07  3.7626327E-09
  5.3438165E-02 -7.7150738E+01 -2.6074382E-01  1.2325985E-01  5.9723869E-03  5.9723869E-03  2.5316421E-04  7.5166347E-06  1.8292397E-07  3.9162299E-09
  5.3795949E-02 -7.7035066E+01 -2.6248927E-01  1.2408367E-01  6.0524569E-03  6.0524569E-03  2.5827604E-04  7.7197508E-06  1.8912480E-07  4.0760929E-09
  5.4156122E-02 -7.6918920E+01 -2.6424636E-01  1.2491297E-01  6.1335967E-03  6.1335967E-03  2.6349089E-04  7.9283490E-06  1.9553565E-07  4.2424773E-09
  5.4518700E-02 -7.6802300E+01 -2.6601519E-01  1.2574777E-01  6.2158204E-03  6.2158204E-03  2.6881085E-04  8.1425771E-06  2.0216362E-07  4.4156488E-09
  5.4883701E-02 -7.6685206E+01 -2.6779582E-01  1.2658811E-01  6.2991426E-03  6.2991426E-03  2.7423802E-04  8.3625869E-06  2.0901606E-07  4.5958841E-09
  5.5251138E-02 -7.6567639E+01 -2.6958834E-01  1.2743404E-01  6.3835779E-03  6.3835779E-03  2.7977456E-04  8.5885341E-06  2.1610057E-07  4.7834711E-09
  5.5621030E-02 -7.6449600E+01 -2.7139282E-01  1.2828559E-01  6.4691409E-03  6.4691409E-03  2.8542268E-04  8.8205789E-06  2.2342499E-07  4.9787096E-09
  5.5993392E-02 -7.6331087E+01 -2.7320935E-01  1.2914279E-01  6.5558467E-03  6.5558467E-03  2.9118460E-04  9.0588856E-06  2.3099745E-07  5.1819114E-09
  5.6368241E-02 -7.6212103E+01 -2.7503800E-01  1.3000568E-01  6.6437105E-03  6.6437105E-03  2.9706263E-04  9.3036228E-06  2.3882633E-07  5.3934010E-09
  5.6745593E-02 -7.6092648E+01 -2.7687886E-01  1.3087430E-01  6.7327477E-03  6.7327477E-03  3.0305909E-04  9.5549639E-06  2.4692032E-07  5.6135163E-09
  5.7125466E-02 -7.5972721E+01 -2.7873200E-01  1.3174869E-01  6.8229738E-03  6.8229738E-03  3.0917637E-04  9.8130869E-06  2.5528837E-07  5.8426088E-09
  5.7507876E-02 -7.5852325E+01 -2.8059752E-01  1.3262889E-01  6.9144046E-03  6.9144046E-03  3.1541690E-04  1.0078174E-05  2.6393977E-07  6.0810444E-09
  5.7892839E-02 -7.5731459E+01 -2.8247548E-01  1.3351492E-01  7.0070562E-03  7.0070562E-03  3.2178314E-04  1.0350414E-05  2.7288409E-07  6.3292039E-09
  5.8280374E-02 -7.5610125E+01 -2.8436598E-01  1.3440684E-01  7.1009447E-03  7.1009447E-03  3.2827764E-04  1.0629999E-05  2.8213125E-07  6.5874835E-09
  5.8670497E-02 -7.5488323E+01 -2.8626910E-01  1.3530468E-01  7.1960866E-03  7.1960866E-03  3.3490296E-04  1.0917127E-05  2.9169148E-07  6.8562956E-09
  5.9063225E-02 -7.5366054E+01 -2.8818492E-01  1.3620848E-01  7.2924984E-03  7.2924984E-03  3.4166174E-04  1.1212000E-05  3.0157538E-07  7.1360694E-09
  5.9458577E-02 -7.5243319E+01 -2.9011353E-01  1.3711827E-01  7.3901971E-03  7.3901971E-03  3.4855665E-04  1.1514828E-05  3.1179390E-07  7.4272517E-09
  5.9856568E-02 -7.5120119E+01 -2.9205500E-01  1.3803410E-01  7.4891998E-03  7.4891998E-03  3.5559043E-04  1.1825826E-05  3.2235835E-07  7.7303073E-09
  6.0257218E-02 -7.4996456E+01 -2.9400944E-01  1.3895601E-01  7.5895236E-03  7.5895236E-03  3.6276588E-04  1.2145212E-05  3.3328043E-07  8.0457199E-09
  6.0660544E-02 -7.4872330E+01 -2.9597692E-01  1.3988404E-01  7.6911862E-03  7.6911862E-03  3.7008583E-04  1.2473213E-05  3.4457224E-07  8.3739931E-09
  6.1066563E-02 -7.4747743E+01 -2.9795753E-01  1.4081822E-01  7.7942052E-03  7.7942052E-03  3.7755320E-04  1.2810062E-05  3.5624627E-07  8.7156509E-09
  6.1475294E-02 -7.4622696E+01 -2.9995137E-01  1.4175859E-01  7.8985988E-03  7.8985988E-03  3.8517093E-04  1.3155995E-05  3.6831547E-07  9.0712385E-09
  6.1886754E-02 -7.4497191E+01 -3.0195850E-01  1.4270521E-01  8.0043850E-03  8.0043850E-03  3.9294206E-04  1.3511259E-05  3.8079318E-07  9.4413236E-09
  6.2300963E-02 -7.4371228E+01 -3.0397904E-01  1.4365810E-01  8.1115825E-03  8.1115825E-03  4.0086966E-04  1.3876104E-05  3.9369322E-07  9.8264966E-09
  6.2717938E-02 -7.4244809E+01 -3.0601305E-01  1.4461731E-01  8.2202098E-03  8.2202098E-03  4.0895687E-04  1.4250788E-05  4.0702987E-07  1.0227372E-08
  6.3137698E-02 -7.4117936E+01 -3.0806065E-01  1.4558288E-01  8.3302859E-03  8.3302859E-03  4.1720691E-04  1.4635576E-05  4.2081789E-07  1.0644591E-08
  6.3560261E-02 -7.3990610E+01 -3.1012191E-01  1.4655486E-01  8.4418301E-03  8.4418301E-03  4.2562303E-04  1.5030741E-05  4.3507255E-07  1.1078817E-08
  6.3985646E-02 -7.3862833E+01 -3.1219692E-01  1.4753327E-01  8.5548617E-03  8.5548617E-03  4.3420857E-04  1.5436561E-05  4.4980962E-07  1.1530744E-08
  6.4413873E-02 -7.3734606E+01 -3.1428578E-01  1.4851818E-01  8.6694005E-03  8.6694005E-03  4.4296694E-04  1.5853323E-05  4.6504541E-07  1.2001093E-08
  6.4844959E-02 -7.3605932E+01 -3.1638858E-01  1.4950961E-01  8.7854664E-03  8.7854664E-03  4.5190160E-04  1.6281323E-05  4.8079678E-07  1.2490614E-08
  6.5278925E-02 -7.3476812E+01 -3.1850542E-01  1.5050761E-01  8.9030797E-03  8.9030797E-03  4.6101610E-04  1.6720862E-05  4.9708115E-07  1.3000088E-08
  6.5715788E-02 -7.3347248E+01 -3.2063638E-01  1.5151222E-01  9.0222608E-03  9.0222608E-03  4.7031403E-04  1.7172252E-05  5.1391655E-07  1.3530329E-08
  6.6155570E-02 -7.3217241E+01 -3.2278156E-01  1.5252349E-01  9.1430305E-03  9.1430305E-03  4.7979909E-04  1.7635811E-05  5.3132160E-07  1.4082180E-08
  6.6598288E-02 -7.3086795E+01 -3.2494106E-01  1.5354146E-01  9.2654098E-03  9.2654098E-03  4.8947503E-04  1.8111866E-05  5.4931555E-07  1.4656524E-08
  6.7043964E-02 -7.2955910E+01 -3.2711496E-01  1.5456618E-01  9.3894200E-03  9.3894200E-03  4.9934567E-04  1.8600754E-05  5.6791831E-07  1.5254275E-08
  6.7492615E-02 -7.2824589E+01 -3.2930338E-01  1.5559768E-01  9.5150828E-03  9.5150828E-03  5.0941493E-04  1.9102821E-05  5.8715046E-07  1.5876387E-08
  6.7944263E-02 -7.2692834E+01 -3.3150640E-01  1.5663601E-01  9.6424198E-03  9.6424198E-03  5.1968678E-04  1.9618421E-05  6.0703325E-07  1.6523852E-08
  6.8398928E-02 -7.2560646E+01 -3.3372411E-01  1.5768122E-01  9.7714533E-03  9.7714533E-03  5.3016530E-04  2.0147918E-05  6.2758869E-07  1.7197702E-08
  6.8856629E-02 -7.2428029E+01 -3.3595663E-01  1.5873335E-01  9.9022058E-03  9.9022058E-03  5.4085462E-04  2.0691687E-05  6.4883951E-07  1.7899012E-08
  6.9317387E-02 -7.2294985E+01 -3.3820404E-01  1.5979245E-01  1.0034700E-02  1.0034700E-02  5.5175898E-04  2.1250110E-05  6.7080919E-07  1.8628900E-08
  6.9781222E-02 -7.2161515E+01 -3.4046645E-01  1.6085856E-01  1.0168959E-02  1.0168959E-02  5.6288269E-04  2.1823583E-05  6.9352203E-07  1.9388528E-08
  7.0248155E-02 -7.2027622E+01 -3.4274396E-01  1.6193172E-01  1.0305005E-02  1.0305005E-02  5.7423014E-04  2.2412510E-05  7.1700313E-07  2.0179109E-08
  7.0718207E-02 -7.1893309E+01 -3.4503666E-01  1.6301199E-01  1.0442864E-02  1.0442864E-02  5.8580583E-04  2.3017307E-05  7.4127847E-07  2.1001903E-08
  7.1191397E-02 -7.1758577E+01 -3.4734467E-01  1.6409940E-01  1.0582558E-02  1.0582558E-02  5.9761432E-04  2.3638401E-05  7.6637486E-07  2.1858220E-08
  7.1667748E-02 -7.1623429E+01 -3.4966807E-01  1.6519401E-01  1.0724111E-02  1.0724111E-02  6.0966028E-04  2.4276231E-05  7.9232005E-07  2.2749425E-08
  7.2147281E-02 -7.1487869E+01 -3.5200697E-01  1.6629587E-01  1.0867549E-02  1.0867549E-02  6.2194848E-04  2.4931245E-05  8.1914271E-07  2.3676939E-08
  7.2630016E-02 -7.1351897E+01 -3.5436148E-01  1.6740501E-01  1.1012896E-02  1.1012896E-02  6.3448377E-04  2.5603907E-05  8.4687248E-07  2.4642240E-08
  7.3115975E-02 -7.1215517E+01 -3.5673170E-01  1.6852149E-01  1.1160178E-02  1.1160178E-02  6.4727111E-04  2.6294692E-05  8.7554000E-07  2.5646865E-08
  7.3605179E-02 -7.1078731E+01 -3.5911773E-01  1.6964535E-01  1.1309419E-02  1.1309419E-02  6.6031553E-04  2.7004085E-05  9.0517694E-07  2.6692416E-08
  7.4097651E-02 -7.0941542E+01 -3.6151968E-01  1.7077664E-01  1.1460646E-02  1.1460646E-02  6.7362219E-04  2.7732589E-05  9.3581606E-07  2.7780557E-08
  7.4593412E-02 -7.0803952E+01 -3.6393766E-01  1.7191542E-01  1.1613885E-02  1.1613885E-02  6.8719635E-04  2.8480716E-05  9.6749118E-07  2.8913023E-08
  7.5092484E-02 -7.0665964E+01 -3.6637177E-01  1.7306172E-01  1.1769163E-02  1.1769163E-02  7.0104336E-04  2.9248995E-05  1.0002373E-06  3.0091618E-08
  7.5594889E-02 -7.0527581E+01 -3.6882212E-01  1.7421560E-01  1.1926506E-02  1.1926506E-02  7.1516870E-04  3.0037966E-05  1.0340906E-06  3.1318218E-08
  7.6100649E-02 -7.0388805E+01 -3.7128882E-01  1.7537710E-01  1.2085941E-02  1.2085941E-02  7.2957792E-04  3.0848186E-05  1.0690884E-06  3.2594777E-08
  7.6609787E-02 -7.0249639E+01 -3.7377197E-01  1.7654628E-01  1.2247497E-02  1.2247497E-02  7.4427673E-04  3.1680227E-05  1.1052695E-06  3.3923328E-08
  7.7122326E-02 -7.0110086E+01 -3.7627169E-01  1.7772318E-01  1.2411201E-02  1.2411201E-02  7.5927091E-04  3.2534675E-05  1.1426737E-06  3.5305987E-08
  7.7638287E-02 -6.9970148E+01 -3.7878809E-01  1.7890786E-01  1.2577081E-02  1.2577081E-02  7.7456638E-04  3.3412131E-05  1.1813423E-06  3.6744955E-08
  7.8157695E-02 -6.9829828E+01 -3.8132127E-01  1.8010037E-01  1.2745166E-02  1.2745166E-02  7.9016917E-04  3.4313215E-05  1.2213181E-06  3.8242524E-08
  7.8680571E-02 -6.9689129E+01 -3.8387135E-01  1.8130075E-01  1.2915485E-02  1.2915485E-02  8.0608543E-04  3.5238561E-05  1.2626451E-06  3.9801077E-08
  7.9206940E-02 -6.9548054E+01 -3.8643845E-01  1.8250905E-01  1.3088068E-02  1.3088068E-02  8.2232143E-04  3.6188821E-05  1.3053690E-06  4.1423096E-08
  7.9736824E-02 -6.9406605E+01 -3.8902267E-01  1.8372533E-01  1.3262944E-02  1.3262944E-02  8.3888358E-04  3.7164664E-05  1.3495370E-06  4.3111162E-08
  8.0270247E-02 -6.9264785E+01 -3.9162412E-01  1.8494965E-01  1.3440143E-02  1.3440143E-02  8.5577840E-04  3.8166779E-05  1.3951977E-06  4.4867963E-08
  8.0807232E-02 -6.9122596E+01 -3.9424293E-01  1.8618204E-01  1.3619696E-02  1.3619696E-02  8.7301255E-04  3.9195870E-05  1.4424015E-06  4.6696294E-08
  8.1347804E-02 -6.8980042E+01 -3.9687921E-01  1.8742256E-01  1.3801634E-02  1.3801634E-02  8.9059280E-04  4.0252661E-05  1.4912006E-06  4.8599066E-08
  8.1891986E-02 -6.8837125E+01 -3.9953308E-01  1.8867127E-01  1.3985988E-02  1.3985988E-02  9.0852609E-04  4.1337898E-05  1.5416487E-06  5.0579304E-08
  8.2439802E-02 -6.8693848E+01 -4.0220465E-01  1.8992822E-01  1.4172791E-02  1.4172791E-02  9.2681947E-04  4.2452344E-05  1.5938016E-06  5.2640162E-08
  8.2991277E-02 -6.8550213E+01 -4.0489403E-01  1.9119346E-01  1.4362073E-02  1.4362073E-02  9.4548015E-04  4.3596784E-05  1.6477167E-06  5.4784916E-08
  8.3546436E-02 -6.8406224E+01 -4.0760136E-01  1.9246704E-01  1.4553868E-02  1.4553868E-02  9.6451546E-04  4.4772022E-05  1.7034534E-06  5.7016980E-08
  8.4105301E-02 -6.8261882E+01 -4.1032674E-01  1.9374902E-01  1.4748209E-02  1.4748209E-02  9.8393291E-04  4.5978886E-05  1.7610734E-06  5.9339904E-08
  8.4667900E-02 -6.8117191E+01 -4.1307031E-01  1.9503945E-01  1.4945129E-02  1.4945129E-02  1.0037401E-03  4.7218225E-05  1.8206400E-06  6.1757383E-08
  8.5234256E-02 -6.7972153E+01 -4.1583217E-01  1.9633838E-01  1.5144661E-02  1.5144661E-02  1.0239449E-03  4.8490910E-05  1.8822190E-06  6.4273261E-08
  8.5804394E-02 -6.7826771E+01 -4.1861245E-01  1.9764588E-01  1.5346841E-02  1.5346841E-02  1.0445551E-03  4.9797837E-05  1.9458782E-06  6.6891539E-08
  8.6378340E-02 -6.7681046E+01 -4.2141127E-01  1.9896199E-01  1.5551703E-02  1.5551703E-02  1.0655790E-03  5.1139925E-05  2.0116878E-06  6.9616381E-08
  8.6956119E-02 -6.7534983E+01 -4.2422876E-01  2.0028677E-01  1.5759282E-02  1.5759282E-02  1.0870247E-03  5.2518117E-05  2.0797203E-06  7.2452120E-08
  8.7537757E-02 -6.7388582E+01 -4.2706505E-01  2.0162027E-01  1.5969614E-02  1.5969614E-02  1.1089007E-03  5.3933383E-05  2.1500507E-06  7.5403263E-08
  8.8123279E-02 -6.7241847E+01 -4.2992024E-01  2.0296256E-01  1.6182734E-02  1.6182734E-02  1.1312156E-03  5.5386716E-05  2.2227566E-06  7.8474503E-08
  8.8712712E-02 -6.7094780E+01 -4.3279448E-01  2.0431369E-01  1.6398679E-02  1.6398679E-02  1.1539781E-03  5.6879140E-05  2.2979179E-06  8.1670720E-08
  8.9306082E-02 -6.6947384E+01 -4.3568789E-01  2.0567370E-01  1.6617487E-02  1.6617487E-02  1.1771972E-03  5.8411701E-05  2.3756175E-06  8.4996996E-08
  8.9903414E-02 -6.6799660E+01 -4.3860059E-01  2.0704267E-01  1.6839195E-02  1.6839195E-02  1.2008820E-03  5.9985477E-05  2.4559410E-06  8.8458616E-08
  9.0504736E-02 -6.6651611E+01 -4.4153271E-01  2.0842065E-01  1.7063840E-02  1.7063840E-02  1.2250418E-03  6.1601573E-05  2.5389769E-06  9.2061082E-08
  9.1110074E-02 -6.6503240E+01 -4.4448439E-01  2.0980769E-01  1.7291461E-02  1.7291461E-02  1.2496861E-03  6.3261125E-05  2.6248165E-06  9.5810116E-08
  9.1719455E-02 -6.6354547E+01 -4.4745575E-01  2.1120386E-01  1.7522097E-02  1.7522097E-02  1.2748244E-03  6.4965298E-05  2.7135544E-06  9.9711677E-08
  9.2332906E-02 -6.6205536E+01 -4.5044693E-01  2.1260920E-01  1.7755787E-02  1.7755787E-02  1.3004668E-03  6.6715288E-05  2.8052883E-06  1.0377196E-07
  9.2950453E-02 -6.6056209E+01 -4.5345805E-01  2.1402379E-01  1.7992572E-02  1.7992572E-02  1.3266232E-03  6.8512324E-05  2.9001192E-06  1.0799742E-07
  9.3572125E-02 -6.5906567E+01 -4.5648925E-01  2.1544768E-01  1.8232491E-02  1.8232491E-02  1.3533039E-03  7.0357667E-05  2.9981514E-06  1.1239476E-07
  9.4197949E-02 -6.5756613E+01 -4.5954066E-01  2.1688092E-01  1.8475586E-02  1.8475586E-02  1.3805194E-03  7.2252611E-05  3.0994928E-06  1.1697097E-07
  9.4827953E-02 -6.5606347E+01 -4.6261241E-01  2.1832358E-01  1.8721898E-02  1.8721898E-02  1.4082803E-03  7.4198488E-05  3.2042549E-06  1.2173332E-07
  9.5462164E-02 -6.5455773E+01 -4.6570465E-01  2.1977571E-01  1.8971469E-02  1.8971469E-02  1.4365974E-03  7.6196660E-05  3.3125531E-06  1.2668936E-07
  9.6100610E-02 -6.5304892E+01 -4.6881750E-01  2.2123739E-01  1.9224342E-02  1.9224342E-02  1.4654819E-03  7.8248531E-05  3.4245063E-06  1.3184697E-07
  9.6743321E-02 -6.5153705E+01 -4.7195111E-01  2.2270865E-01  1.9480559E-02  1.9480559E-02  1.4949451E-03  8.0355539E-05  3.5402379E-06  1.3721433E-07
  9.7390324E-02 -6.5002214E+01 -4.7510561E-01  2.2418958E-01  1.9740164E-02  1.9740164E-02  1.5249984E-03  8.2519160E-05  3.6598749E-06  1.4279996E-07
  9.8041649E-02 -6.4850420E+01 -4.7828114E-01  2.2568023E-01  2.0003201E-02  2.0003201E-02  1.5556538E-03  8.4740912E-05  3.7835491E-06  1.4861273E-07
  9.8697323E-02 -6.4698326E+01 -4.8147783E-01  2.2718066E-01  2.0269715E-02  2.0269715E-02  1.5869230E-03  8.7022352E-05  3.9113964E-06  1.5466186E-07
  9.9357376E-02 -6.4545932E+01 -4.8469585E-01  2.2869093E-01  2.0539752E-02  2.0539752E-02  1.6188184E-03  8.9365079E-05  4.0435572E-06  1.6095695E-07
  1.0002184E-01 -6.4393239E+01 -4.8793531E-01  2.3021110E-01  2.0813356E-02  2.0813356E-02  1.6513525E-03  9.1770733E-05  4.1801769E-06  1.6750798E-07
  1.0069074E-01 -6.4240249E+01 -4.9119637E-01  2.3174124E-01  2.1090575E-02  2.1090575E-02  1.6845379E-03  9.4240999E-05  4.3214057E-06  1.7432536E-07
  1.0136410E-01 -6.4086964E+01 -4.9447916E-01  2.3328142E-01  2.1371455E-02  2.1371455E-02  1.7183875E-03  9.6777608E-05  4.4673986E-06  1.8141989E-07
  1.0204197E-01 -6.3933383E+01 -4.9778384E-01  2.3483168E-01  2.1656044E-02  2.1656044E-02  1.7529147E-03  9.9382336E-05  4.6183161E-06  1.8880283E-07
  1.0272436E-01 -6.3779508E+01 -5.0111055E-01  2.3639210E-01  2.1944390E-02  2.1944390E-02  1.7881329E-03  1.0205701E-04  4.7743240E-06  1.9648588E-07
  1.0341131E-01 -6.3625339E+01 -5.0445943E-01  2.3796275E-01  2.2236543E-02  2.2236543E-02  1.8240558E-03  1.0480349E-04  4.9355937E-06  2.0448123E-07
  1.0410284E-01 -6.3470878E+01 -5.0783063E-01  2.3954367E-01  2.2532550E-02  2.2532550E-02  1.8606975E-03  1.0762371E-04  5.1023021E-06  2.1280155E-07
  1.0479900E-01 -6.3316125E+01 -5.1122430E-01  2.4113495E-01  2.2832463E-02  2.2832463E-02  1.8980722E-03  1.1051963E-04  5.2746325E-06  2.2146003E-07
  1.0549980E-01 -6.3161081E+01 -5.1464059E-01  2.4273664E-01  2.3136331E-02  2.3136331E-02  1.9361945E-03  1.1349330E-04  5.4527738E-06  2.3047040E-07
  1.0620529E-01 -6.3005747E+01 -5.1807965E-01  2.4434881E-01  2.3444207E-02  2.3444207E-02  1.9750792E-03  1.1654677E-04  5.6369218E-06  2.3984693E-07
  1.0691548E-01 -6.2850121E+01 -5.2154163E-01  2.4597152E-01  2.3756142E-02  2.3756142E-02  2.0147416E-03  1.1968219E-04  5.8272785E-06  2.4960449E-07
  1.0763042E-01 -6.2694206E+01 -5.2502669E-01  2.4760485E-01  2.4072188E-02  2.4072188E-02  2.0551970E-03  1.2290175E-04  6.0240527E-06  2.5975853E-07
  1.0835014E-01 -6.2538001E+01 -5.2853496E-01  2.4924885E-01  2.4392399E-02  2.4392399E-02  2.0964612E-03  1.2620771E-04  6.2274603E-06  2.7032515E-07
  1.0907466E-01 -6.2381507E+01 -5.3206662E-01  2.5090360E-01  2.4716829E-02  2.4716829E-02  2.1385502E-03  1.2960236E-04  6.4377245E-06  2.8132107E-07
  1.0980402E-01 -6.2224722E+01 -5.3562181E-01  2.5256916E-01  2.5045532E-02  2.5045532E-02  2.1814805E-03  1.3308808E-04  6.6550758E-06  2.9276372E-07
  1.1053825E-01 -6.2067648E+01 -5.3920069E-01  2.5424560E-01  2.5378564E-02  2.5378564E-02  2.2252687E-03  1.3666730E-04  6.8797527E-06  3.0467121E-07
  1.1127738E-01 -6.1910284E+01 -5.4280342E-01  2.5593298E-01  2.5715979E-02  2.5715979E-02  2.2699318E-03  1.4034253E-04  7.1120014E-06  3.1706241E-07
  1.1202145E-01 -6.1752631E+01 -5.4643015E-01  2.5763138E-01  2.6057836E-02  2.6057836E-02  2.3154872E-03  1.4411632E-04  7.3520764E-06  3.2995691E-07
  1.1277049E-01 -6.1594686E+01 -5.5008105E-01  2.5934086E-01  2.6404190E-02  2.6404190E-02  2.3619526E-03  1.4799132E-04  7.6002410E-06  3.4337515E-07
  1.1352454E-01 -6.1436451E+01 -5.5375627E-01  2.6106150E-01  2.6755101E-02  2.6755101E-02  2.4093460E-03  1.5197022E-04  7.8567670E-06  3.5733835E-07
  1.1428362E-01 -6.1277925E+01 -5.5745599E-01  2.6279335E-01  2.7110627E-02  2.7110627E-02  2.4576859E-03  1.5605581E-04  8.1219355E-06  3.7186862E-07
  1.1504776E-01 -6.1119107E+01 -5.6118034E-01  2.6453649E-01  2.7470827E-02  2.7470827E-02  2.5069909E-03  1.6025092E-04  8.3960369E-06  3.8698893E-07
  1.1581702E-01 -6.0959997E+01 -5.6492952E-01  2.6629100E-01  2.7835761E-02  2.7835761E-02  2.5572802E-03  1.6455848E-04  8.6793715E-06  4.0272322E-07
  1.1659141E-01 -6.0800593E+01 -5.6870366E-01  2.6805693E-01  2.8205491E-02  2.8205491E-02  2.6085733E-03  1.6898150E-04  8.9722494E-06  4.1909637E-07
  1.1737097E-01 -6.0640896E+01 -5.7250295E-01  2.6983437E-01  2.8580077E-02  2.8580077E-02  2.6608900E-03  1.7352306E-04  9.2749913E-06  4.3613427E-07
  1.1815573E-01 -6.0480904E+01 -5.7632755E-01  2.7162338E-01  2.8959583E-02  2.8959583E-02  2.7142507E-03  1.7818632E-04  9.5879286E-06  4.5386387E-07
  1.1894574E-01 -6.0320615E+01 -5.8017763E-01  2.7342403E-01  2.9344072E-02  2.9344072E-02  2.7686759E-03  1.8297452E-04  9.9114036E-06  4.7231320E-07
  1.1974103E-01 -6.0160031E+01 -5.8405335E-01  2.7523639E-01  2.9733607E-02  2.9733607E-02  2.8241868E-03  1.8789101E-04  1.0245770E-05  4.9151143E-07
  1.2054163E-01 -5.9999148E+01 -5.8795488E-01  2.7706055E-01  3.0128253E-02  3.0128253E-02  2.8808048E-03  1.9293920E-04  1.0591395E-05  5.1148890E-07
  1.2134757E-01 -5.9837966E+01 -5.9188241E-01  2.7889656E-01  3.0528076E-02  3.0528076E-02  2.9385518E-03  1.9812260E-04  1.0948654E-05  5.3227717E-07
  1.2215890E-01 -5.9676483E+01 -5.9583609E-01  2.8074450E-01  3.0933142E-02  3.0933142E-02  2.9974502E-03  2.0344483E-04  1.1317940E-05  5.5390911E-07
  1.2297564E-01 -5.9514699E+01 -5.9981610E-01  2.8260445E-01  3.1343518E-02  3.1343518E-02  3.0575226E-03  2.0890958E-04  1.1699656E-05  5.7641887E-07
  1.2379784E-01 -5.9352612E+01 -6.0382261E-01  2.8447648E-01  3.1759272E-02  3.1759272E-02  3.1187922E-03  2.1452065E-04  1.2094218E-05  5.9984202E-07
  1.2462553E-01 -5.9190221E+01 -6.0785581E-01  2.8636066E-01  3.2180473E-02  3.2180473E-02  3.1812828E-03  2.2028194E-04  1.2502059E-05  6.2421555E-07
  1.2545875E-01 -5.9027524E+01 -6.1191587E-01  2.8825706E-01  3.2607190E-02  3.2607190E-02  3.2450184E-03  2.2619745E-04  1.2923623E-05  6.4957794E-07
  1.2629753E-01 -5.8864520E+01 -6.1600296E-01  2.9016577E-01  3.3039494E-02  3.3039494E-02  3.3100236E-03  2.3227130E-04  1.3359372E-05  6.7596923E-07
  1.2714192E-01 -5.8701206E+01 -6.2011727E-01  2.9208685E-01  3.3477456E-02  3.3477456E-02  3.3763235E-03  2.3850769E-04  1.3809781E-05  7.0343109E-07
  1.2799194E-01 -5.8537583E+01 -6.2425897E-01  2.9402039E-01  3.3921149E-02  3.3921149E-02  3.4439435E-03  2.4491097E-04  1.4275341E-05  7.3200684E-07
  1.2884764E-01 -5.8373647E+01 -6.2842824E-01  2.9596645E-01  3.4370644E-02  3.4370644E-02  3.5129097E-03  2.5148556E-04  1.4756561E-05  7.6174159E-07
  1.2970906E-01 -5.8209397E+01 -6.3262528E-01  2.9792511E-01  3.4826017E-02  3.4826017E-02  3.5832487E-03  2.5823604E-04  1.5253967E-05  7.9268224E-07
  1.3057623E-01 -5.8044833E+01 -6.3685026E-01  2.9989645E-01  3.5287341E-02  3.5287341E-02  3.6549875E-03  2.6516708E-04  1.5768100E-05  8.2487760E-07
  1.3144919E-01 -5.7879951E+01 -6.4110336E-01  3.0188055E-01  3.5754693E-02  3.5754693E-02  3.7281537E-03  2.7228349E-04  1.6299522E-05  8.5837843E-07
  1.3232798E-01 -5.7714751E+01 -6.4538478E-01  3.0387747E-01  3.6228149E-02  3.6228149E-02  3.8027754E-03  2.7959020E-04  1.6848812E-05  8.9323757E-07
  1.3321264E-01 -5.7549230E+01 -6.4969470E-01  3.0588731E-01  3.6707787E-02  3.6707787E-02  3.8788812E-03  2.8709228E-04  1.7416568E-05  9.2950996E-07
  1.3410321E-01 -5.7383387E+01 -6.5403330E-01  3.0791014E-01  3.7193684E-02  3.7193684E-02  3.9565004E-03  2.9479491E-04  1.8003411E-05  9.6725277E-07
  1.3499973E-01 -5.7217221E+01 -6.5840078E-01  3.0994603E-01  3.7685921E-02  3.7685921E-02  4.0356627E-03  3.0270343E-04  1.8609978E-05  1.0065255E-06
  1.3590223E-01 -5.7050729E+01 -6.6279734E-01  3.1199507E-01  3.8184577E-02  3.8184577E-02  4.1163985E-03  3.1082331E-04  1.9236932E-05  1.0473900E-06
  1.3681076E-01 -5.6883910E+01 -6.6722315E-01  3.1405732E-01  3.8689734E-02  3.8689734E-02  4.1987387E-03  3.1916018E-04  1.9884954E-05  1.0899106E-06
  1.3772536E-01 -5.6716762E+01 -6.7167842E-01  3.1613288E-01  3.9201473E-02  3.9201473E-02  4.2827148E-03  3.2771979E-04  2.0554751E-05  1.1341544E-06
  1.3864607E-01 -5.6549284E+01 -6.7616333E-01  3.1822182E-01  3.9719879E-02  3.9719879E-02  4.3683590E-03  3.3650806E-04  2.1247052E-05  1.1801909E-06
  1.3957293E-01 -5.6381474E+01 -6.8067809E-01  3.2032422E-01  4.0245035E-02  4.0245035E-02  4.4557040E-03  3.4553107E-04  2.1962609E-05  1.2280926E-06
  1.4050597E-01 -5.6213331E+01 -6.8522290E-01  3.2244016E-01  4.0777027E-02  4.0777027E-02  4.5447833E-03  3.5479505E-04  2.2702202E-05  1.2779351E-06
  1.4144525E-01 -5.6044852E+01 -6.8979794E-01  3.2456973E-01  4.1315939E-02  4.1315939E-02  4.6356308E-03  3.6430640E-04  2.3466635E-05  1.3297965E-06
  1.4239080E-01 -5.5876038E+01 -6.9440342E-01  3.2671299E-01  4.1861861E-02  4.1861861E-02  4.7282813E-03  3.7407168E-04  2.4256738E-05  1.3837587E-06
  1.4334267E-01 -5.5706885E+01 -6.9903955E-01  3.2887004E-01  4.2414878E-02  4.2414878E-02  4.8227700E-03  3.8409763E-04  2.5073372E-05  1.4399064E-06
  1.4430089E-01 -5.5537394E+01 -7.0370651E-01  3.3104095E-01  4.2975082E-02  4.2975082E-02  4.9191331E-03  3.9439117E-04  2.5917424E-05  1.4983279E-06
  1.4526552E-01 -5.5367562E+01 -7.0840453E-01  3.3322581E-01  4.3542562E-02  4.3542562E-02  5.0174072E-03  4.0495938E-04  2.6789810E-05  1.5591151E-06
  1.4623658E-01 -5.5197389E+01 -7.1313379E-01  3.3542470E-01  4.4117409E-02  4.4117409E-02  5.1176298E-03  4.1580957E-04  2.7691478E-05  1.6223636E-06
  1.4721413E-01 -5.5026874E+01 -7.1789451E-01  3.3763770E-01  4.4699715E-02  4.4699715E-02  5.2198389E-03  4.2694919E-04  2.8623407E-05  1.6881726E-06
  1.4819821E-01 -5.4856015E+01 -7.2268690E-01  3.3986489E-01  4.5289575E-02  4.5289575E-02  5.3240736E-03  4.3838592E-04  2.9586609E-05  1.7566457E-06
  1.4918886E-01 -5.4684812E+01 -7.2751116E-01  3.4210636E-01  4.5887082E-02  4.5887082E-02  5.4303733E-03  4.5012764E-04  3.0582129E-05  1.8278904E-06
  1.5018613E-01 -5.4513264E+01 -7.3236751E-01  3.4436219E-01  4.6492331E-02  4.6492331E-02  5.5387785E-03  4.6218241E-04  3.1611047E-05  1.9020185E-06
  1.5119006E-01 -5.4341371E+01 -7.3725615E-01  3.4663246E-01  4.7105420E-02  4.7105420E-02  5.6493303E-03  4.7455854E-04  3.2674479E-05  1.9791465E-06
  1.5220069E-01 -5.4169131E+01 -7.4217730E-01  3.4891726E-01  4.7726447E-02  4.7726447E-02  5.7620706E-03  4.8726453E-04  3.3773578E-05  2.0593953E-06
  1.5321808E-01 -5.3996545E+01 -7.4713117E-01  3.5121667E-01  4.8355509E-02  4.8355509E-02  5.8770422E-03  5.0030910E-04  3.4909534E-05  2.1428910E-06
  1.5424226E-01 -5.3823612E+01 -7.5211798E-01  3.5353078E-01  4.8992708E-02  4.8992708E-02  5.9942886E-03  5.1370123E-04  3.6083579E-05  2.2297645E-06
  1.5527327E-01 -5.3650333E+01 -7.5713794E-01  3.5585967E-01  4.9638143E-02  4.9638143E-02  6.1138542E-03  5.2745009E-04  3.7296984E-05  2.3201520E-06
  1.5631118E-01 -5.3476707E+01 -7.6219128E-01  3.5820343E-01  5.0291918E-02  5.0291918E-02  6.2357841E-03  5.4156513E-04  3.8551064E-05  2.4141954E-06
  1.5735601E-01 -5.3302735E+01 -7.6727821E-01  3.6056215E-01  5.0954136E-02  5.0954136E-02  6.3601246E-03  5.5605603E-04  3.9847174E-05  2.5120420E-06
  1.5840783E-01 -5.3128417E+01 -7.7239895E-01  3.6293590E-01  5.1624901E-02  5.1624901E-02  6.4869224E-03  5.7093271E-04  4.1186719E-05  2.6138451E-06
  1.5946667E-01 -5.2953754E+01 -7.7755374E-01  3.6532477E-01  5.2304318E-02  5.2304318E-02  6.6162255E-03  5.8620538E-04  4.2571146E-05  2.7197643E-06
  1.6053257E-01 -5.2778746E+01 -7.8274278E-01  3.6772886E-01  5.2992496E-02  5.2992496E-02  6.7480826E-03  6.0188449E-04  4.4001953E-05  2.8299655E-06
  1.6160560E-01 -5.2603395E+01 -7.8796631E-01  3.7014825E-01  5.3689542E-02  5.3689542E-02  6.8825434E-03  6.1798077E-04  4.5480686E-05  2.9446213E-06
  1.6268580E-01 -5.2427701E+01 -7.9322455E-01  3.7258302E-01  5.4395565E-02  5.4395565E-02  7.0196584E-03  6.3450524E-04  4.7008944E-05  3.0639111E-06
  1.6377321E-01 -5.2251666E+01 -7.9851773E-01  3.7503327E-01  5.5110676E-02  5.5110676E-02  7.1594793E-03  6.5146919E-04  4.8588375E-05  3.1880216E-06
  1.6486788E-01 -5.2075293E+01 -8.0384609E-01  3.7749907E-01  5.5834987E-02  5.5834987E-02  7.3020586E-03  6.6888423E-04  5.0220686E-05  3.3171470E-06
  1.6596986E-01 -5.1898581E+01 -8.0920984E-01  3.7998052E-01  5.6568610E-02  5.6568610E-02  7.4474498E-03  6.8676224E-04  5.1907639E-05  3.4514893E-06
  1.6707921E-01 -5.1721534E+01 -8.1460924E-01  3.8247771E-01  5.7311660E-02  5.7311660E-02  7.5957075E-03  7.0511543E-04  5.3651054E-05  3.5912586E-06
  1.6819596E-01 -5.1544154E+01 -8.2004450E-01  3.8499073E-01  5.8064252E-02  5.8064252E-02  7.7468871E-03  7.2395633E-04  5.5452810E-05  3.7366733E-06
  1.6932017E-01 -5.1366444E+01 -8.2551586E-01  3.8751966E-01  5.8826503E-02  5.8826503E-02  7.9010455E-03  7.4329778E-04  5.7314850E-05  3.8879607E-06
  1.7045188E-01 -5.1188405E+01 -8.3102357E-01  3.9006459E-01  5.9598531E-02  5.9598531E-02  8.0582401E-03  7.6315297E-04  5.9239180E-05  4.0453571E-06
  1.7159116E-01 -5.1010041E+01 -8.3656785E-01  3.9262562E-01  6.0380455E-02  6.0380455E-02  8.2185298E-03  7.8353542E-04  6.1227875E-05  4.2091084E-06
  1.7273805E-01 -5.0831356E+01 -8.4214896E-01  3.9520282E-01  6.1172396E-02  6.1172396E-02  8.3819745E-03  8.0445902E-04  6.3283073E-05  4.3794703E-06
  1.7389259E-01 -5.0652353E+01 -8.4776713E-01  3.9779630E-01  6.1974475E-02  6.1974475E-02  8.5486350E-03  8.2593799E-04  6.5406989E-05  4.5567086E-06
  1.7505485E-01 -5.0473035E+01 -8.5342260E-01  4.0040614E-01  6.2786816E-02  6.2786816E-02  8.7185737E-03  8.4798695E-04  6.7601906E-05  4.7410998E-06
  1.7622486E-01 -5.0293407E+01 -8.5911563E-01  4.0303242E-01  6.3609544E-02  6.3609544E-02  8.8918536E-03  8.7062087E-04  6.9870185E-05  4.9329317E-06
  1.7740270E-01 -5.0113472E+01 -8.6484645E-01  4.0567526E-01  6.4442783E-02  6.4442783E-02  9.0685393E-03  8.9385515E-04  7.2214265E-05  5.1325032E-06
  1.7858839E-01 -4.9933237E+01 -8.7061531E-01  4.0833472E-01  6.5286661E-02  6.5286661E-02  9.2486965E-03  9.1770553E-04  7.4636664E-05  5.3401256E-06
  1.7978201E-01 -4.9752704E+01 -8.7642247E-01  4.1101091E-01  6.6141306E-02  6.6141306E-02  9.4323920E-03  9.4218821E-04  7.7139983E-05  5.5561222E-06
  1.8098360E-01 -4.9571881E+01 -8.8226817E-01  4.1370391E-01  6.7006849E-02  6.7006849E-02  9.6196940E-03  9.6731979E-04  7.9726910E-05  5.7808297E-06
  1.8219321E-01 -4.9390771E+01 -8.8815267E-01  4.1641382E-01  6.7883420E-02  6.7883420E-02  9.8106719E-03  9.9311728E-04  8.2400220E-05  6.0145978E-06
  1.8341091E-01 -4.9209381E+01 -8.9407621E-01  4.1914072E-01  6.8771152E-02  6.8771152E-02  1.0005396E-02  1.0195982E-03  8.5162782E-05  6.2577905E-06
  1.8463673E-01 -4.9027717E+01 -9.0003907E-01  4.2188471E-01  6.9670179E-02  6.9670179E-02  1.0203939E-02  1.0467804E-03  8.8017556E-05  6.5107861E-06
  1.8587074E-01 -4.8845785E+01 -9.0604148E-01  4.2464589E-01  7.0580636E-02  7.0580636E-02  1.0406374E-02  1.0746822E-03  9.0967601E-05  6.7739783E-06
  1.8711300E-01 -4.8663591E+01 -9.1208372E-01  4.2742434E-01  7.1502660E-02  7.1502660E-02  1.0612776E-02  1.1033227E-03  9.4016078E-05  7.0477762E-06
  1.8836355E-01 -4.8481143E+01 -9.1816605E-01  4.3022015E-01  7.2436389E-02  7.2436389E-02  1.0823220E-02  1.1327210E-03  9.7166248E-05  7.3326054E-06
  1.8962245E-01 -4.8298447E+01 -9.2428871E-01  4.3303342E-01  7.3381962E-02  7.3381962E-02  1.1037784E-02  1.1628970E-03  1.0042148E-04  7.6289085E-06
  1.9088976E-01 -4.8115512E+01 -9.3045199E-01  4.3586424E-01  7.4339520E-02  7.4339520E-02  1.1256548E-02  1.1938711E-03  1.0378527E-04  7.9371456E-06
  1.9216553E-01 -4.7932345E+01 -9.3665614E-01  4.3871270E-01  7.5309205E-02  7.5309205E-02  1.1479591E-02  1.2256641E-03  1.0726119E-04  8.2577954E-06
  1.9344983E-01 -4.7748954E+01 -9.4290142E-01  4.4157890E-01  7.6291162E-02  7.6291162E-02  1.1706994E-02  1.2582975E-03  1.1085297E-04  8.5913554E-06
  1.9474270E-01 -4.7565347E+01 -9.4918812E-01  4.4446292E-01  7.7285535E-02  7.7285535E-02  1.1938843E-02  1.2917932E-03  1.1456444E-04  8.9383432E-06
  1.9604420E-01 -4.7381533E+01 -9.5551650E-01  4.4736487E-01  7.8292471E-02  7.8292471E-02  1.2175221E-02  1.3261738E-03  1.1839956E-04  9.2992967E-06
  1.9735440E-01 -4.7197521E+01 -9.6188683E-01  4.5028483E-01  7.9312117E-02  7.9312117E-02  1.2416214E-02  1.3614623E-03  1.2236242E-04  9.6747754E-06
  1.9867335E-01 -4.7013320E+01 -9.6829939E-01  4.5322290E-01  8.0344624E-02  8.0344624E-02  1.2661912E-02  1.3976824E-03  1.2645725E-04  1.0065361E-05
  2.0000111E-01 -4.6828940E+01 -9.7475444E-01  4.5617917E-01  8.1390142E-02  8.1390142E-02  1.2912402E-02  1.4348584E-03  1.3068841E-04  1.0471659E-05
  2.0133773E-01 -4.6644390E+01 -9.8125227E-01  4.5915373E-01  8.2448824E-02  8.2448824E-02  1.3167777E-02  1.4730152E-03  1.3506040E-04  1.0894298E-05
  2.0268328E-01 -4.6459681E+01 -9.8779316E-01  4.6214668E-01  8.3520823E-02  8.3520823E-02  1.3428130E-02  1.5121785E-03  1.3957789E-04  1.1333931E-05
  2.0403782E-01 -4.6274823E+01 -9.9437739E-01  4.6515812E-01  8.4606294E-02  8.4606294E-02  1.3693554E-02  1.5523744E-03  1.4424567E-04  1.1791240E-05
  2.0540141E-01 -4.6089826E+01 -1.0010052E+00  4.6818813E-01  8.5705396E-02  8.5705396E-02  1.3964147E-02  1.5936297E-03  1.4906870E-04  1.2266931E-05
  2.0677410E-01 -4.5904702E+01 -1.0076770E+00  4.7123681E-01  8.6818285E-02  8.6818285E-02  1.4240006E-02  1.6359721E-03  1.5405212E-04  1.2761738E-05
  2.0815596E-01 -4.5719462E+01 -1.0143929E+00  4.7430425E-01  8.7945121E-02  8.7945121E-02  1.4521231E-02  1.6794299E-03  1.5920121E-04  1.3276427E-05
  2.0954705E-01 -4.5534116E+01 -1.0211533E+00  4.7739055E-01  8.9086067E-02  8.9086067E-02  1.4807924E-02  1.7240319E-03  1.6452143E-04  1.3811793E-05
  2.1094743E-01 -4.5348677E+01 -1.0279585E+00  4.8049580E-01  9.0241284E-02  9.0241284E-02  1.5100187E-02  1.7698080E-03  1.7001844E-04  1.4368660E-05
  2.1235716E-01 -4.5163157E+01 -1.0348088E+00  4.8362009E-01  9.1410936E-02  9.1410936E-02  1.5398127E-02  1.8167886E-03  1.7569805E-04  1.4947889E-05
  2.1377630E-01 -4.4977567E+01 -1.0417043E+00  4.8676352E-01  9.2595190E-02  9.2595190E-02  1.5701850E-02  1.8650049E-03  1.8156628E-04  1.5550372E-05
  2.1520493E-01 -4.4791920E+01 -1.0486456E+00  4.8992618E-01  9.3794212E-02  9.3794212E-02  1.6011466E-02  1.9144891E-03  1.8762934E-04  1.6177037E-05
  2.1664310E-01 -4.4606228E+01 -1.0556327E+00  4.9310817E-01  9.5008172E-02  9.5008172E-02  1.6327085E-02  1.9652739E-03  1.9389365E-04  1.6828850E-05
  2.1809087E-01 -4.4420505E+01 -1.0626661E+00  4.9630958E-01  9.6237239E-02  9.6237239E-02  1.6648821E-02  2.0173931E-03  2.0036582E-04  1.7506815E-05
  2.1954831E-01 -4.4234763E+01 -1.0697461E+00  4.9953050E-01  9.7481585E-02  9.7481585E-02  1.6976787E-02  2.0708812E-03  2.0705271E-04  1.8211974E-05
  2.2101548E-01 -4.4049015E+01 -1.0768729E+00  5.0277102E-01  9.8741383E-02  9.8741383E-02  1.7311103E-02  2.1257737E-03  2.1396136E-04  1.8945412E-05
  2.2249245E-01 -4.3863275E+01 -1.0840468E+00  5.0603125E-01  1.0001681E-01  1.0001681E-01  1.7651886E-02  2.1821067E-03  2.2109906E-04  1.9708256E-05
  2.2397929E-01 -4.3677556E+01 -1.0912682E+00  5.0931126E-01  1.0130804E-01  1.0130804E-01  1.7999258E-02  2.2399176E-03  2.2847335E-04  2.0501679E-05
  2.2547606E-01 -4.3491872E+01 -1.0985373E+00  5.1261117E-01  1.0261525E-01  1.0261525E-01  1.8353342E-02  2.2992446E-03  2.3609198E-04  2.1326898E-05
  2.2698282E-01 -4.3306237E+01 -1.1058545E+00  5.1593105E-01  1.0393861E-01  1.0393861E-01  1.8714264E-02  2.3601267E-03  2.4396299E-04  2.2185179E-05
  2.2849964E-01 -4.3120664E+01 -1.1132201E+00  5.1927101E-01  1.0527832E-01  1.0527832E-01  1.9082151E-02  2.4226041E-03  2.5209464E-04  2.3077840E-05
  2.3002660E-01 -4.2935168E+01 -1.1206343E+00  5.2263113E-01  1.0663456E-01  1.0663456E-01  1.9457134E-02  2.4867179E-03  2.6049549E-04  2.4006249E-05
  2.3156376E-01 -4.2749763E+01 -1.1280976E+00  5.2601151E-01  1.0800749E-01  1.0800749E-01  1.9839344E-02  2.5525102E-03  2.6917437E-04  2.4971827E-05
  2.3311118E-01 -4.2564462E+01 -1.1356102E+00  5.2941223E-01  1.0939732E-01  1.0939732E-01  2.0228917E-02  2.6200243E-03  2.7814038E-04  2.5976053E-05
  2.3466893E-01 -4.2379281E+01 -1.1431724E+00  5.3283340E-01  1.1080423E-01  1.1080423E-01  2.0625989E-02  2.6893044E-03  2.8740293E-04  2.7020465E-05
  2.3623709E-01 -4.2194234E+01 -1.1507846E+00  5.3627511E-01  1.1222840E-01  1.1222840E-01  2.1030699E-02  2.7603960E-03  2.9697173E-04  2.8106658E-05
  2.3781572E-01 -4.2009335E+01 -1.1584470E+00  5.3973744E-01  1.1367003E-01  1.1367003E-01  2.1443190E-02  2.8333455E-03  3.0685679E-04  2.9236294E-05
  2.3940490E-01 -4.1824599E+01 -1.1661601E+00  5.4322049E-01  1.1512931E-01  1.1512931E-01  2.1863604E-02  2.9082007E-03  3.1706846E-04  3.0411098E-05
  2.4100469E-01 -4.1640041E+01 -1.1739241E+00  5.4672434E-01  1.1660642E-01  1.1660642E-01  2.2292090E-02  2.9850105E-03  3.2761742E-04  3.1632863E-05
  2.4261516E-01 -4.1455674E+01 -1.1817393E+00  5.5024910E-01  1.1810157E-01  1.1810157E-01  2.2728796E-02  3.0638250E-03  3.3851469E-04  3.2903453E-05
  2.4423639E-01 -4.1271514E+01 -1.1896061E+00  5.5379484E-01  1.1961494E-01  1.1961494E-01  2.3173873E-02  3.1446954E-03  3.4977164E-04  3.4224805E-05
  2.4586845E-01 -4.1087574E+01 -1.1975249E+00  5.5736167E-01  1.2114674E-01  1.2114674E-01  2.3627477E-02  3.2276745E-03  3.6140002E-04  3.5598933E-05
  2.4751140E-01 -4.0903870E+01 -1.2054959E+00  5.6094967E-01  1.2269715E-01  1.2269715E-01  2.4089764E-02  3.3128162E-03  3.7341193E-04  3.7027929E-05
  2.4916533E-01 -4.0720417E+01 -1.2135195E+00  5.6455892E-01  1.2426640E-01  1.2426640E-01  2.4560893E-02  3.4001757E-03  3.8581989E-04  3.8513967E-05
  2.5083031E-01 -4.0537227E+01 -1.2215960E+00  5.6818953E-01  1.2585466E-01  1.2585466E-01  2.5041028E-02  3.4898097E-03  3.9863680E-04  4.0059306E-05
  2.5250640E-01 -4.0354317E+01 -1.2297258E+00  5.7184157E-01  1.2746215E-01  1.2746215E-01  2.5530332E-02  3.5817762E-03  4.1187599E-04  4.1666296E-05
  2.5419369E-01 -4.0171699E+01 -1.2379092E+00  5.7551514E-01  1.2908906E-01  1.2908906E-01  2.6028975E-02  3.6761347E-03  4.2555120E-04  4.3337375E-05
  2.5589225E-01 -3.9989388E+01 -1.2461465E+00  5.7921033E-01  1.3073561E-01  1.3073561E-01  2.6537126E-02  3.7729461E-03  4.3967661E-04  4.5075081E-05
  2.5760215E-01 -3.9807399E+01 -1.2544382E+00  5.8292721E-01  1.3240200E-01  1.3240200E-01  2.7054959E-02  3.8722728E-03  4.5426688E-04  4.6882048E-05
  2.5932347E-01 -3.9625744E+01 -1.2627845E+00  5.8666588E-01  1.3408844E-01  1.3408844E-01  2.7582650E-02  3.9741789E-03  4.6933709E-04  4.8761014E-05
  2.6105629E-01 -3.9444438E+01 -1.2711857E+00  5.9042643E-01  1.3579513E-01  1.3579513E-01  2.8120380E-02  4.0787298E-03  4.8490285E-04  5.0714824E-05
  2.6280068E-01 -3.9263495E+01 -1.2796424E+00  5.9420893E-01  1.3752228E-01  1.3752228E-01  2.8668330E-02  4.1859927E-03  5.0098024E-04  5.2746434E-05
  2.6455672E-01 -3.9082927E+01 -1.2881547E+00  5.9801349E-01  1.3927011E-01  1.3927011E-01  2.9226686E-02  4.2960365E-03  5.1758585E-04  5.4858915E-05
  2.6632449E-01 -3.8902747E+01 -1.2967231E+00  6.0184017E-01  1.4103883E-01  1.4103883E-01  2.9795635E-02  4.4089315E-03  5.3473682E-04  5.7055461E-05
  2.6810407E-01 -3.8722969E+01 -1.3053479E+00  6.0568906E-01  1.4282866E-01  1.4282866E-01  3.0375371E-02  4.5247499E-03  5.5245081E-04  5.9339385E-05
  2.6989553E-01 -3.8543605E+01 -1.3140294E+00  6.0956026E-01  1.4463980E-01  1.4463980E-01  3.0966087E-02  4.6435658E-03  5.7074606E-04  6.1714133E-05
  2.7169895E-01 -3.8364669E+01 -1.3227681E+00  6.1345383E-01  1.4647247E-01  1.4647247E-01  3.1567981E-02  4.7654548E-03  5.8964138E-04  6.4183284E-05
  2.7351442E-01 -3.8186171E+01 -1.3315643E+00  6.1736987E-01  1.4832689E-01  1.4832689E-01  3.2181254E-02  4.8904946E-03  6.0915617E-04  6.6750558E-05
  2.7534202E-01 -3.8008123E+01 -1.3404183E+00  6.2130844E-01  1.5020328E-01  1.5020328E-01  3.2806111E-02  5.0187646E-03  6.2931046E-04  6.9419816E-05
  2.7718182E-01 -3.7830538E+01 -1.3493306E+00  6.2526964E-01  1.5210186E-01  1.5210186E-01  3.3442759E-02  5.1503463E-03  6.5012490E-04  7.2195072E-05
  2.7903390E-01 -3.7653427E+01 -1.3583015E+00  6.2925355E-01  1.5402285E-01  1.5402285E-01  3.4091410E-02  5.2853229E-03  6.7162079E-04  7.5080494E-05
  2.8089836E-01 -3.7476801E+01 -1.3673313E+00  6.3326024E-01  1.5596646E-01  1.5596646E-01  3.4752277E-02  5.4237798E-03  6.9382012E-04  7.8080415E-05
  2.8277527E-01 -3.7300669E+01 -1.3764205E+00  6.3728978E-01  1.5793293E-01  1.5793293E-01  3.5425578E-02  5.5658046E-03  7.1674557E-04  8.1199332E-05
  2.8466471E-01 -3.7125044E+01 -1.3855694E+00  6.4134227E-01  1.5992246E-01  1.5992246E-01  3.6111535E-02  5.7114867E-03  7.4042051E-04  8.4441919E-05
  2.8656678E-01 -3.6949933E+01 -1.3947784E+00  6.4541777E-01  1.6193530E-01  1.6193530E-01  3.6810372E-02  5.8609178E-03  7.6486908E-04  8.7813029E-05
  2.8848154E-01 -3.6775348E+01 -1.4040479E+00  6.4951635E-01  1.6397166E-01  1.6397166E-01  3.7522317E-02  6.0141918E-03  7.9011615E-04  9.1317705E-05
  2.9040910E-01 -3.6601297E+01 -1.4133782E+00  6.5363810E-01  1.6603176E-01  1.6603176E-01  3.8247603E-02  6.1714048E-03  8.1618739E-04  9.4961183E-05
  2.9234952E-01 -3.6427788E+01 -1.4227698E+00  6.5778309E-01  1.6811584E-01  1.6811584E-01  3.8986465E-02  6.3326552E-03  8.4310927E-04  9.8748902E-05
  2.9430291E-01 -3.6254831E+01 -1.4322230E+00  6.6195139E-01  1.7022412E-01  1.7022412E-01  3.9739142E-02  6.4980438E-03  8.7090909E-04  1.0268651E-04
  2.9626934E-01 -3.6082433E+01 -1.4417382E+00  6.6614306E-01  1.7235682E-01  1.7235682E-01  4.0505877E-02  6.6676737E-03  8.9961500E-04  1.0677988E-04
  2.9824891E-01 -3.5910601E+01 -1.4513158E+00  6.7035819E-01  1.7451418E-01  1.7451418E-01  4.1286915E-02  6.8416506E-03  9.2925603E-04  1.1103510E-04
  3.0024170E-01 -3.5739343E+01 -1.4609563E+00  6.7459683E-01  1.7669643E-01  1.7669643E-01  4.2082509E-02  7.0200825E-03  9.5986213E-04  1.1545849E-04
  3.0224779E-01 -3.5568665E+01 -1.4706599E+00  6.7885907E-01  1.7890379E-01  1.7890379E-01  4.2892911E-02  7.2030801E-03  9.9146416E-04  1.2005664E-04
  3.0426729E-01 -3.5398573E+01 -1.4804271E+00  6.8314495E-01  1.8113649E-01  1.8113649E-01  4.3718380E-02  7.3907567E-03  1.0240940E-03  1.2483636E-04
  3.0630027E-01 -3.5229074E+01 -1.4902583E+00  6.8745456E-01  1.8339477E-01  1.8339477E-01  4.4559177E-02  7.5832283E-03  1.0577844E-03  1.2980474E-04
  3.0834683E-01 -3.5060171E+01 -1.5001539E+00  6.9178795E-01  1.8567885E-01  1.8567885E-01  4.5415569E-02  7.7806133E-03  1.0925692E-03  1.3496913E-04
  3.1040706E-01 -3.4891870E+01 -1.5101143E+00  6.9614518E-01  1.8798896E-01  1.8798896E-01  4.6287825E-02  7.9830334E-03  1.1284834E-03  1.4033719E-04
  3.1248104E-01 -3.4724175E+01 -1.5201399E+00  7.0052632E-01  1.9032534E-01  1.9032534E-01  4.7176218E-02  8.1906127E-03  1.1655629E-03  1.4591683E-04
  3.1456888E-01 -3.4557089E+01 -1.5302311E+00  7.0493144E-01  1.9268821E-01  1.9268821E-01  4.8081028E-02  8.4034784E-03  1.2038447E-03  1.5171630E-04
  3.1667066E-01 -3.4390616E+01 -1.5403883E+00  7.0936057E-01  1.9507781E-01  1.9507781E-01  4.9002534E-02  8.6217606E-03  1.2433673E-03  1.5774415E-04
  3.1878648E-01 -3.4224759E+01 -1.5506119E+00  7.1381379E-01  1.9749437E-01  1.9749437E-01  4.9941024E-02  8.8455925E-03  1.2841698E-03  1.6400926E-04
  3.2091643E-01 -3.4059519E+01 -1.5609024E+00  7.1829115E-01  1.9993811E-01  1.9993811E-01  5.0896788E-02  9.0751104E-03  1.3262931E-03  1.7052085E-04
  3.2306061E-01 -3.3894899E+01 -1.5712601E+00  7.2279270E-01  2.0240927E-01  2.0240927E-01  5.1870119E-02  9.3104535E-03  1.3697789E-03  1.7728847E-04
  3.2521910E-01 -3.3730899E+01 -1.5816855E+00  7.2731850E-01  2.0490808E-01  2.0490808E-01  5.2861315E-02  9.5517644E-03  1.4146705E-03  1.8432207E-04
  3.2739201E-01 -3.3567520E+01 -1.5921790E+00  7.3186859E-01  2.0743477E-01  2.0743477E-01  5.3870681E-02  9.7991890E-03  1.4610122E-03  1.9163196E-04
  3.2957944E-01 -3.3404763E+01 -1.6027410E+00  7.3644303E-01  2.0998956E-01  2.0998956E-01  5.4898522E-02  1.0052876E-02  1.5088501E-03  1.9922884E-04
  3.3178147E-01 -3.3242626E+01 -1.6133719E+00  7.4104186E-01  2.1257269E-01  2.1257269E-01  5.5945149E-02  1.0312979E-02  1.5582313E-03  2.0712382E-04
  3.3399821E-01 -3.3081109E+01 -1.6240722E+00  7.4566513E-01  2.1518439E-01  2.1518439E-01  5.7010879E-02  1.0579654E-02  1.6092045E-03  2.1532844E-04
  3.3622975E-01 -3.2920210E+01 -1.6348423E+00  7.5031288E-01  2.1782488E-01  2.1782488E-01  5.8096030E-02  1.0853060E-02  1.6618199E-03  2.2385465E-04
  3.3847620E-01 -3.2759928E+01 -1.6456826E+00  7.5498516E-01  2.2049439E-01  2.2049439E-01  5.9200927E-02  1.1133360E-02  1.7161293E-03  2.3271488E-04
  3.4073765E-01 -3.2600260E+01 -1.6565936E+00  7.5968200E-01  2.2319314E-01  2.2319314E-01  6.0325899E-02  1.1420721E-02  1.7721859E-03  2.4192203E-04
  3.4301420E-01 -3.2441203E+01 -1.6675756E+00  7.6440343E-01  2.2592136E-01  2.2592136E-01  6.1471278E-02  1.1715314E-02  1.8300446E-03  2.5148947E-04
  3.4530596E-01 -3.2282753E+01 -1.6786291E+00  7.6914951E-01  2.2867928E-01  2.2867928E-01  6.2637402E-02  1.2017314E-02  1.8897620E-03  2.6143108E-04
  3.4761303E-01 -3.2124908E+01 -1.6897546E+00  7.7392026E-01  2.3146712E-01  2.3146712E-01  6.3824612E-02  1.2326898E-02  1.9513964E-03  2.7176127E-04
  3.4993550E-01 -3.1967662E+01 -1.7009525E+00  7.7871571E-01  2.3428509E-01  2.3428509E-01  6.5033255E-02  1.2644250E-02  2.0150077E-03  2.8249498E-04
  3.5227348E-01 -3.1811010E+01 -1.7122233E+00  7.8353589E-01  2.3713342E-01  2.3713342E-01  6.6263681E-02  1.2969556E-02  2.0806579E-03  2.9364773E-04
  3.5462708E-01 -3.1654948E+01 -1.7235673E+00  7.8838083E-01  2.4001233E-01  2.4001233E-01  6.7516245E-02  1.3303005E-02  2.1484106E-03  3.0523562E-04
  3.5699640E-01 -3.1499468E+01 -1.7349851E+00  7.9325056E-01  2.4292202E-01  2.4292202E-01  6.8791307E-02  1.3644794E-02  2.2183315E-03  3.1727533E-04
  3.5938154E-01 -3.1344566E+01 -1.7464770E+00  7.9814509E-01  2.4586273E-01  2.4586273E-01  7.0089232E-02  1.3995121E-02  2.2904881E-03  3.2978419E-04
  3.6178261E-01 -3.1190234E+01 -1.7580436E+00  8.0306445E-01  2.4883465E-01  2.4883465E-01  7.1410387E-02  1.4354189E-02  2.3649501E-03  3.4278016E-04
  3.6419971E-01 -3.1036466E+01 -1.7696852E+00  8.0800865E-01  2.5183801E-01  2.5183801E-01  7.2755146E-02  1.4722206E-02  2.4417890E-03  3.5628189E-04
  3.6663296E-01 -3.0883253E+01 -1.7814024E+00  8.1297771E-01  2.5487300E-01  2.5487300E-01  7.4123886E-02  1.5099386E-02  2.5210788E-03  3.7030872E-04
  3.6908246E-01 -3.0730588E+01 -1.7931956E+00  8.1797165E-01  2.5793984E-01  2.5793984E-01  7.5516990E-02  1.5485943E-02  2.6028954E-03  3.8488070E-04
  3.7154832E-01 -3.0578462E+01 -1.8050652E+00  8.2299046E-01  2.6103872E-01  2.6103872E-01  7.6934844E-02  1.5882101E-02  2.6873170E-03  4.0001864E-04
  3.7403065E-01 -3.0426868E+01 -1.8170117E+00  8.2803417E-01  2.6416985E-01  2.6416985E-01  7.8377839E-02  1.6288086E-02  2.7744243E-03  4.1574410E-04
  3.7652955E-01 -3.0275795E+01 -1.8290356E+00  8.3310277E-01  2.6733343E-01  2.6733343E-01  7.9846371E-02  1.6704129E-02  2.8643003E-03  4.3207947E-04
  3.7904515E-01 -3.0125234E+01 -1.8411373E+00  8.3819626E-01  2.7052965E-01  2.7052965E-01  8.1340840E-02  1.7130466E-02  2.9570302E-03  4.4904795E-04
  3.8157755E-01 -2.9975176E+01 -1.8533173E+00  8.4331465E-01  2.7375870E-01  2.7375870E-01  8.2861650E-02  1.7567339E-02  3.0527021E-03  4.6667361E-04
  3.8412685E-01 -2.9825611E+01 -1.8655761E+00  8.4845793E-01  2.7702077E-01  2.7702077E-01  8.4409210E-02  1.8014993E-02  3.1514063E-03  4.8498141E-04
  3.8669319E-01 -2.9676528E+01 -1.8779141E+00  8.5362609E-01  2.8031604E-01  2.8031604E-01  8.5983934E-02  1.8473680E-02  3.2532361E-03  5.0399720E-04
  3.8927666E-01 -2.9527917E+01 -1.8903318E+00  8.5881912E-01  2.8364470E-01  2.8364470E-01  8.7586239E-02  1.8943658E-02  3.3582872E-03  5.2374782E-04
  3.9187739E-01 -2.9379767E+01 -1.9028297E+00  8.6403701E-01  2.8700692E-01  2.8700692E-01  8.9216547E-02  1.9425187E-02  3.4666584E-03  5.4426109E-04
  3.9449549E-01 -2.9232067E+01 -1.9154083E+00  8.6927974E-01  2.9040287E-01  2.9040287E-01  9.0875285E-02  1.9918536E-02  3.5784512E-03  5.6556583E-04
  3.9713107E-01 -2.9084806E+01 -1.9280679E+00  8.7454729E-01  2.9383272E-01  2.9383272E-01  9.2562883E-02  2.0423978E-02  3.6937699E-03  5.8769193E-04
  3.9978426E-01 -2.8937971E+01 -1.9408092E+00  8.7983964E-01  2.9729665E-01  2.9729665E-01  9.4279776E-02  2.0941791E-02  3.8127221E-03  6.1067038E-04
  4.0245517E-01 -2.8791552E+01 -1.9536326E+00  8.8515676E-01  3.0079479E-01  3.0079479E-01  9.6026403E-02  2.1472260E-02  3.9354183E-03  6.3453330E-04
  4.0514391E-01 -2.8645537E+01 -1.9665385E+00  8.9049862E-01  3.0432732E-01  3.0432732E-01  9.7803207E-02  2.2015675E-02  4.0619722E-03  6.5931397E-04
  4.0785061E-01 -2.8499914E+01 -1.9795275E+00  8.9586519E-01  3.0789438E-01  3.0789438E-01  9.9610636E-02  2.2572331E-02  4.1925009E-03  6.8504689E-04
  4.1057539E-01 -2.8354671E+01 -1.9926001E+00  9.0125643E-01  3.1149611E-01  3.1149611E-01  1.0144914E-01  2.3142532E-02  4.3271247E-03  7.1176781E-04
  4.1331836E-01 -2.8209795E+01 -2.0057566E+00  9.0667229E-01  3.1513264E-01  3.1513264E-01  1.0331918E-01  2.3726584E-02  4.4659674E-03  7.3951378E-04
  4.1607966E-01 -2.8065275E+01 -2.0189977E+00  9.1211274E-01  3.1880412E-01  3.1880412E-01  1.0522120E-01  2.4324802E-02  4.6091563E-03  7.6832319E-04
  4.1885939E-01 -2.7921098E+01 -2.0323237E+00  9.1757772E-01  3.2251067E-01  3.2251067E-01  1.0715568E-01  2.4937507E-02  4.7568223E-03  7.9823580E-04
  4.2165769E-01 -2.7777252E+01 -2.0457353E+00  9.2306718E-01  3.2625240E-01  3.2625240E-01  1.0912307E-01  2.5565024E-02  4.9090999E-03  8.2929285E-04
  4.2447468E-01 -2.7633725E+01 -2.0592328E+00  9.2858106E-01  3.3002944E-01  3.3002944E-01  1.1112386E-01  2.6207687E-02  5.0661276E-03  8.6153701E-04
  4.2731049E-01 -2.7490504E+01 -2.0728168E+00  9.3411930E-01  3.3384188E-01  3.3384188E-01  1.1315851E-01  2.6865835E-02  5.2280476E-03  8.9501251E-04
  4.3016523E-01 -2.7347578E+01 -2.0864878E+00  9.3968184E-01  3.3768982E-01  3.3768982E-01  1.1522749E-01  2.7539814E-02  5.3950062E-03  9.2976517E-04
  4.3303904E-01 -2.7204934E+01 -2.1002463E+00  9.4526861E-01  3.4157336E-01  3.4157336E-01  1.1733130E-01  2.8229977E-02  5.5671537E-03  9.6584243E-04
  4.3593204E-01 -2.7062561E+01 -2.1140927E+00  9.5087953E-01  3.4549258E-01  3.4549258E-01  1.1947041E-01  2.8936683E-02  5.7446446E-03  1.0032935E-03
  4.3884437E-01 -2.6920446E+01 -2.1280276E+00  9.5651452E-01  3.4944756E-01  3.4944756E-01  1.2164531E-01  2.9660297E-02  5.9276377E-03  1.0421691E-03
  4.4177614E-01 -2.6778577E+01 -2.1420515E+00  9.6217350E-01  3.5343836E-01  3.5343836E-01  1.2385649E-01  3.0401192E-02  6.1162962E-03  1.0825221E-03
  4.4472749E-01 -2.6636944E+01 -2.1561648E+00  9.6785639E-01  3.5746504E-01  3.5746504E-01  1.2610444E-01  3.1159749E-02  6.3107877E-03  1.1244071E-03
  4.4769856E-01 -2.6495535E+01 -2.1703681E+00  9.7356309E-01  3.6152765E-01  3.6152765E-01  1.2838966E-01  3.1936354E-02  6.5112844E-03  1.1678804E-03
  4.5068947E-01 -2.6354338E+01 -2.1846619E+00  9.7929350E-01  3.6562623E-01  3.6562623E-01  1.3071264E-01  3.2731400E-02  6.7179633E-03  1.2130007E-03
  4.5370035E-01 -2.6213343E+01 -2.1990467E+00  9.8504752E-01  3.6976081E-01  3.6976081E-01  1.3307388E-01  3.3545289E-02  6.9310061E-03  1.2598285E-03
  4.5673134E-01 -2.6072539E+01 -2.2135230E+00  9.9082505E-01  3.7393142E-01  3.7393142E-01  1.3547389E-01  3.4378428E-02  7.1505996E-03  1.3084264E-03
  4.5978258E-01 -2.5931915E+01 -2.2280913E+00  9.9662596E-01  3.7813806E-01  3.7813806E-01  1.3791317E-01  3.5231232E-02  7.3769353E-03  1.3588593E-03
  4.6285419E-01 -2.5791461E+01 -2.2427521E+00  1.0024502E+00  3.8238073E-01  3.8238073E-01  1.4039222E-01  3.6104125E-02  7.6102102E-03  1.4111945E-03
  4.6594631E-01 -2.5651168E+01 -2.2575059E+00  1.0082975E+00  3.8665943E-01  3.8665943E-01  1.4291155E-01  3.6997535E-02  7.8506264E-03  1.4655013E-03
  4.6905909E-01 -2.5511027E+01 -2.2723532E+00  1.0141679E+00  3.9097413E-01  3.9097413E-01  1.4547167E-01  3.7911901E-02  8.0983913E-03  1.5218517E-03
  4.7219266E-01 -2.5371027E+01 -2.2872946E+00  1.0200611E+00  3.9532479E-01  3.9532479E-01  1.4807308E-01  3.8847667E-02  8.3537180E-03  1.5803201E-03
  4.7534715E-01 -2.5231160E+01 -2.3023305E+00  1.0259771E+00  3.9971138E-01  3.9971138E-01  1.5071631E-01  3.9805285E-02  8.6168250E-03  1.6409834E-03
  4.7852272E-01 -2.5091418E+01 -2.3174615E+00  1.0319158E+00  4.0413383E-01  4.0413383E-01  1.5340185E-01  4.0785215E-02  8.8879366E-03  1.7039213E-03
  4.8171949E-01 -2.4951793E+01 -2.3326881E+00  1.0378768E+00  4.0859207E-01  4.0859207E-01  1.5613023E-01  4.1787924E-02  9.1672832E-03  1.7692161E-03
  4.8493761E-01 -2.4812278E+01 -2.3480108E+00  1.0438602E+00  4.1308602E-01  4.1308602E-01  1.5890194E-01  4.2813887E-02  9.4551008E-03  1.8369530E-03
  4.8817722E-01 -2.4672864E+01 -2.3634301E+00  1.0498657E+00  4.1761557E-01  4.1761557E-01  1.6171751E-01  4.3863587E-02  9.7516317E-03  1.9072201E-03
  4.9143847E-01 -2.4533547E+01 -2.3789465E+00  1.0558932E+00  4.2218063E-01  4.2218063E-01  1.6457744E-01  4.4937513E-02  1.0057125E-02  1.9801086E-03
  4.9472151E-01 -2.4394319E+01 -2.3945605E+00  1.0619425E+00  4.2678105E-01  4.2678105E-01  1.6748224E-01  4.6036165E-02  1.0371834E-02  2.0557125E-03
  4.9802646E-01 -2.4255175E+01 -2.4102727E+00  1.0680134E+00  4.3141670E-01  4.3141670E-01  1.7043242E-01  4.7160046E-02  1.0696022E-02  2.1341292E-03
  5.0135349E-01 -2.4116109E+01 -2.4260836E+00  1.0741058E+00  4.3608743E-01  4.3608743E-01  1.7342849E-01  4.8309671E-02  1.1029956E-02  2.2154596E-03
  5.0470274E-01 -2.3977118E+01 -2.4419937E+00  1.0802193E+00  4.4079305E-01  4.4079305E-01  1.7647096E-01  4.9485560E-02  1.1373910E-02  2.2998074E-03
  5.0807436E-01 -2.3838197E+01 -2.4580034E+00  1.0863540E+00  4.4553338E-01  4.4553338E-01  1.7956032E-01  5.0688242E-02  1.1728167E-02  2.3872805E-03
  5.1146850E-01 -2.3699343E+01 -2.4741134E+00  1.0925094E+00  4.5030821E-01  4.5030821E-01  1.8269708E-01  5.1918253E-02  1.2093015E-02  2.4779897E-03
  5.1488530E-01 -2.3560552E+01 -2.4903241E+00  1.0986855E+00  4.5511732E-01  4.5511732E-01  1.8588173E-01  5.3176137E-02  1.2468750E-02  2.5720501E-03
  5.1832493E-01 -2.3421822E+01 -2.5066361E+00  1.1048820E+00  4.5996048E-01  4.5996048E-01  1.8911477E-01  5.4462444E-02  1.2855674E-02  2.6695802E-03
  5.2178752E-01 -2.3283152E+01 -2.5230498E+00  1.1110986E+00  4.6483741E-01  4.6483741E-01  1.9239669E-01  5.5777735E-02  1.3254099E-02  2.7707026E-03
  5.2527324E-01 -2.3144539E+01 -2.5395658E+00  1.1173352E+00  4.6974784E-01  4.6974784E-01  1.9572798E-01  5.7122575E-02  1.3664341E-02  2.8755438E-03
  5.2878224E-01 -2.3005984E+01 -2.5561846E+00  1.1235915E+00  4.7469148E-01  4.7469148E-01  1.9910911E-01  5.8497538E-02  1.4086727E-02  2.9842346E-03
  5.3231468E-01 -2.2867487E+01 -2.5729067E+00  1.1298672E+00  4.7966800E-01  4.7966800E-01  2.0254057E-01  5.9903205E-02  1.4521589E-02  3.0969101E-03
  5.3587071E-01 -2.2729047E+01 -2.5897327E+00  1.1361622E+00  4.8467707E-01  4.8467707E-01  2.0602282E-01  6.1340165E-02  1.4969269E-02  3.2137096E-03
  5.3945049E-01 -2.2590666E+01 -2.6066629E+00  1.1424761E+00  4.8971834E-01  4.8971834E-01  2.0955634E-01  6.2809014E-02  1.5430116E-02  3.3347771E-03
  5.4305417E-01 -2.2452345E+01 -2.6236980E+00  1.1488086E+00  4.9479142E-01  4.9479142E-01  2.1314157E-01  6.4310353E-02  1.5904488E-02  3.4602610E-03
  5.4668193E-01 -2.2314088E+01 -2.6408385E+00  1.1551596E+00  4.9989591E-01  4.9989591E-01  2.1677896E-01  6.5844794E-02  1.6392749E-02  3.5903148E-03
  5.5033391E-01 -2.2175897E+01 -2.6580848E+00  1.1615286E+00  5.0503138E-01  5.0503138E-01  2.2046897E-01  6.7412951E-02  1.6895274E-02  3.7250966E-03
  5.5401028E-01 -2.2037775E+01 -2.6754375E+00  1.1679155E+00  5.1019740E-01  5.1019740E-01  2.2421203E-01  6.9015449E-02  1.7412446E-02  3.8647697E-03
  5.5771121E-01 -2.1899727E+01 -2.6928971E+00  1.1743199E+00  5.1539348E-01  5.1539348E-01  2.2800855E-01  7.0652916E-02  1.7944654E-02  4.0095025E-03
  5.6143685E-01 -2.1761757E+01 -2.7104641E+00  1.1807414E+00  5.2061914E-01  5.2061914E-01  2.3185896E-01  7.2325990E-02  1.8492300E-02  4.1594688E-03
  5.6518738E-01 -2.1623871E+01 -2.7281389E+00  1.1871799E+00  5.2587385E-01  5.2587385E-01  2.3576366E-01  7.4035312E-02  1.9055792E-02  4.3148477E-03
  5.6896295E-01 -2.1486075E+01 -2.7459222E+00  1.1936349E+00  5.3115707E-01  5.3115707E-01  2.3972305E-01  7.5781530E-02  1.9635546E-02  4.4758239E-03
  5.7276374E-01 -2.1348375E+01 -2.7638143E+00  1.2001062E+00  5.3646823E-01  5.3646823E-01  2.4373751E-01  7.7565299E-02  2.0231991E-02  4.6425881E-03
  5.7658991E-01 -2.1210779E+01 -2.7818158E+00  1.2065933E+00  5.4180673E-01  5.4180673E-01  2.4780740E-01  7.9387277E-02  2.0845561E-02  4.8153365E-03
  5.8044164E-01 -2.1073294E+01 -2.7999272E+00  1.2130960E+00  5.4717195E-01  5.4717195E-01  2.5193310E-01  8.1248129E-02  2.1476701E-02  4.9942715E-03
  5.8431909E-01 -2.0935929E+01 -2.8181490E+00  1.2196138E+00  5.5256323E-01  5.5256323E-01  2.5611493E-01  8.3148526E-02  2.2125865E-02  5.1796016E-03
  5.8822244E-01 -2.0798693E+01 -2.8364816E+00  1.2261465E+00  5.5797988E-01  5.5797988E-01  2.6035323E-01  8.5089141E-02  2.2793518E-02  5.3715419E-03
  5.9215185E-01 -2.0661594E+01 -2.8549256E+00  1.2326936E+00  5.6342121E-01  5.6342121E-01  2.6464831E-01  8.7070654E-02  2.3480132E-02  5.5703136E-03
  5.9610751E-01 -2.0524644E+01 -2.8734814E+00  1.2392547E+00  5.6888646E-01  5.6888646E-01  2.6900047E-01  8.9093746E-02  2.4186190E-02  5.7761447E-03
  6.0008959E-01 -2.0387852E+01 -2.8921496E+00  1.2458295E+00  5.7437488E-01  5.7437488E-01  2.7340998E-01  9.1159105E-02  2.4912183E-02  5.9892700E-03
  6.0409827E-01 -2.0251230E+01 -2.9109305E+00  1.2524176E+00  5.7988565E-01  5.7988565E-01  2.7787712E-01  9.3267420E-02  2.5658614E-02  6.2099313E-03
  6.0813371E-01 -2.0114789E+01 -2.9298248E+00  1.2590185E+00  5.8541794E-01  5.8541794E-01  2.8240211E-01  9.5419384E-02  2.6425993E-02  6.4383772E-03
  6.1219611E-01 -1.9978542E+01 -2.9488327E+00  1.2656318E+00  5.9097088E-01  5.9097088E-01  2.8698519E-01  9.7615692E-02  2.7214843E-02  6.6748640E-03
  6.1628564E-01 -1.9842500E+01 -2.9679549E+00  1.2722571E+00  5.9654358E-01  5.9654358E-01  2.9162655E-01  9.9857042E-02  2.8025694E-02  6.9196550E-03
  6.2040248E-01 -1.9706677E+01 -2.9871918E+00  1.2788939E+00  6.0213510E-01  6.0213510E-01  2.9632638E-01  1.0214413E-01  2.8859086E-02  7.1730213E-03
  6.2454681E-01 -1.9571087E+01 -3.0065438E+00  1.2855418E+00  6.0774448E-01  6.0774448E-01  3.0108482E-01  1.0447766E-01  2.9715570E-02  7.4352416E-03
  6.2871883E-01 -1.9435743E+01 -3.0260114E+00  1.2922004E+00  6.1337070E-01  6.1337070E-01  3.0590201E-01  1.0685833E-01  3.0595706E-02  7.7066027E-03
  6.3291870E-01 -1.9300660E+01 -3.0455950E+00  1.2988691E+00  6.1901274E-01  6.1901274E-01  3.1077806E-01  1.0928684E-01  3.1500064E-02  7.9873991E-03
  6.3714663E-01 -1.9165852E+01 -3.0652952E+00  1.3055476E+00  6.2466951E-01  6.2466951E-01  3.1571305E-01  1.1176389E-01  3.2429223E-02  8.2779338E-03
  6.4140279E-01 -1.9031335E+01 -3.0851123E+00  1.3122352E+00  6.3033990E-01  6.3033990E-01  3.2070703E-01  1.1429018E-01  3.3383772E-02  8.5785180E-03
  6.4568738E-01 -1.8897124E+01 -3.1050467E+00  1.3189315E+00  6.3602276E-01  6.3602276E-01  3.2576003E-01  1.1686641E-01  3.4364309E-02  8.8894714E-03
  6.5000059E-01 -1.8763235E+01 -3.1250989E+00  1.3256360E+00  6.4171691E-01  6.4171691E-01  3.3087204E-01  1.1949326E-01  3.5371444E-02  9.2111225E-03
  6.5434260E-01 -1.8629684E+01 -3.1452694E+00  1.3323482E+00  6.4742110E-01  6.4742110E-01  3.3604302E-01  1.2217143E-01  3.6405793E-02  9.5438082E-03
  6.5871361E-01 -1.8496488E+01 -3.1655585E+00  1.3390676E+00  6.5313408E-01  6.5313408E-01  3.4127291E-01  1.2490161E-01  3.7467982E-02  9.8878749E-03
  6.6311381E-01 -1.8363663E+01 -3.1859667E+00  1.3457935E+00  6.5885452E-01  6.5885452E-01  3.4656160E-01  1.2768448E-01  3.8558649E-02  1.0243678E-02
  6.6754340E-01 -1.8231227E+01 -3.2064943E+00  1.3525255E+00  6.6458109E-01  6.6458109E-01  3.5190896E-01  1.3052071E-01  3.9678437E-02  1.0611581E-02
  6.7200257E-01 -1.8099196E+01 -3.2271418E+00  1.3592630E+00  6.7031238E-01  6.7031238E-01  3.5731481E-01  1.3341097E-01  4.0828000E-02  1.0991958E-02
  6.7649152E-01 -1.7967589E+01 -3.2479096E+00  1.3660055E+00  6.7604697E-01  6.7604697E-01  3.6277894E-01  1.3635593E-01  4.2008001E-02  1.1385193E-02
  6.8101046E-01 -1.7836422E+01 -3.2687980E+00  1.3727523E+00  6.8178336E-01  6.8178336E-01  3.6830110E-01  1.3935623E-01  4.3219109E-02  1.1791678E-02
  6.8555957E-01 -1.7705714E+01 -3.2898074E+00  1.3795028E+00  6.8752004E-01  6.8752004E-01  3.7388100E-01  1.4241253E-01  4.4462003E-02  1.2211816E-02
  6.9013907E-01 -1.7575484E+01 -3.3109382E+00  1.3862565E+00  6.9325544E-01  6.9325544E-01  3.7951831E-01  1.4552545E-01  4.5737370E-02  1.2646019E-02
  6.9474915E-01 -1.7445748E+01 -3.3321907E+00  1.3930128E+00  6.9898793E-01  6.9898793E-01  3.8521265E-01  1.4869561E-01  4.7045904E-02  1.3094709E-02
  6.9939002E-01 -1.7316525E+01 -3.3535654E+00  1.3997710E+00  7.0471587E-01  7.0471587E-01  3.9096360E-01  1.5192363E-01  4.8388305E-02  1.3558319E-02
  7.0406189E-01 -1.7187834E+01 -3.3750625E+00  1.4065305E+00  7.1043754E-01  7.1043754E-01  3.9677068E-01  1.5521011E-01  4.9765282E-02  1.4037292E-02
  7.0876495E-01 -1.7059693E+01 -3.3966824E+00  1.4132906E+00  7.1615119E-01  7.1615119E-01  4.0263339E-01  1.5855561E-01  5.1177549E-02  1.4532079E-02
  7.1349943E-01 -1.6932121E+01 -3.4184253E+00  1.4200508E+00  7.2185502E-01  7.2185502E-01  4.0855116E-01  1.6196071E-01  5.2625827E-02  1.5043143E-02
  7.1826553E-01 -1.6805135E+01 -3.4402917E+00  1.4268102E+00  7.2754716E-01  7.2754716E-01  4.1452336E-01  1.6542595E-01  5.4110841E-02  1.5570958E-02
  7.2306345E-01 -1.6678756E+01 -3.4622819E+00  1.4335684E+00  7.3322573E-01  7.3322573E-01  4.2054933E-01  1.6895185E-01  5.5633322E-02  1.6116006E-02
  7.2789343E-01 -1.6553000E+01 -3.4843960E+00  1.4403245E+00  7.3888878E-01  7.3888878E-01  4.2662834E-01  1.7253893E-01  5.7194007E-02  1.6678782E-02
  7.3275565E-01 -1.6427887E+01 -3.5066345E+00  1.4470779E+00  7.4453429E-01  7.4453429E-01  4.3275961E-01  1.7618766E-01  5.8793633E-02  1.7259790E-02
  7.3765036E-01 -1.6303434E+01 -3.5289975E+00  1.4538279E+00  7.5016022E-01  7.5016022E-01  4.3894229E-01  1.7989851E-01  6.0432945E-02  1.7859543E-02
  7.4257775E-01 -1.6179661E+01 -3.5514854E+00  1.4605738E+00  7.5576446E-01  7.5576446E-01  4.4517548E-01  1.8367192E-01  6.2112688E-02  1.8478566E-02
  7.4753805E-01 -1.6056585E+01 -3.5740984E+00  1.4673147E+00  7.6134486E-01  7.6134486E-01  4.5145822E-01  1.8750828E-01  6.3833608E-02  1.9117395E-02
  7.5253148E-01 -1.5934224E+01 -3.5968367E+00  1.4740501E+00  7.6689922E-01  7.6689922E-01  4.5778948E-01  1.9140799E-01  6.5596455E-02  1.9776574E-02
  7.5755826E-01 -1.5812596E+01 -3.6197005E+00  1.4807792E+00  7.7242526E-01  7.7242526E-01  4.6416816E-01  1.9537139E-01  6.7401977E-02  2.0456658E-02
  7.6261861E-01 -1.5691719E+01 -3.6426901E+00  1.4875011E+00  7.7792068E-01  7.7792068E-01  4.7059310E-01  1.9939880E-01  6.9250923E-02  2.1158213E-02
  7.6771275E-01 -1.5571611E+01 -3.6658056E+00  1.4942152E+00  7.8338311E-01  7.8338311E-01  4.7706307E-01  2.0349050E-01  7.1144041E-02  2.1881813E-02
  7.7284092E-01 -1.5452288E+01 -3.6890472E+00  1.5009206E+00  7.8881012E-01  7.8881012E-01  4.8357676E-01  2.0764674E-01  7.3082074E-02  2.2628043E-02
  7.7800334E-01 -1.5333768E+01 -3.7124152E+00  1.5076166E+00  7.9419924E-01  7.9419924E-01  4.9013280E-01  2.1186773E-01  7.5065765E-02  2.3397496E-02
  7.8320023E-01 -1.5216067E+01 -3.7359096E+00  1.5143023E+00  7.9954795E-01  7.9954795E-01  4.9672974E-01  2.1615364E-01  7.7095850E-02  2.4190777E-02
  7.8843184E-01 -1.5099202E+01 -3.7595306E+00  1.5209770E+00  8.0485365E-01  8.0485365E-01  5.0336604E-01  2.2050460E-01  7.9173061E-02  2.5008498E-02
  7.9369838E-01 -1.4983190E+01 -3.7832782E+00  1.5276398E+00  8.1011370E-01  8.1011370E-01  5.1004009E-01  2.2492068E-01  8.1298123E-02  2.5851279E-02
  7.9900010E-01 -1.4868046E+01 -3.8071527E+00  1.5342900E+00  8.1532541E-01  8.1532541E-01  5.1675020E-01  2.2940193E-01  8.3471753E-02  2.6719750E-02
  8.0433722E-01 -1.4753786E+01 -3.8311540E+00  1.5409266E+00  8.2048603E-01  8.2048603E-01  5.2349459E-01  2.3394833E-01  8.5694659E-02  2.7614548E-02
  8.0970999E-01 -1.4640425E+01 -3.8552823E+00  1.5475488E+00  8.2559275E-01  8.2559275E-01  5.3027140E-01  2.3855982E-01  8.7967536E-02  2.8536318E-02
  8.1511864E-01 -1.4527978E+01 -3.8795376E+00  1.5541558E+00  8.3064270E-01  8.3064270E-01  5.3707869E-01  2.4323627E-01  9.0291069E-02  2.9485714E-02
  8.2056342E-01 -1.4416460E+01 -3.9039199E+00  1.5607467E+00  8.3563298E-01  8.3563298E-01  5.4391441E-01  2.4797751E-01  9.2665930E-02  3.0463392E-02
  8.2604456E-01 -1.4305885E+01 -3.9284293E+00  1.5673207E+00  8.4056060E-01  8.4056060E-01  5.5077642E-01  2.5278332E-01  9.5092774E-02  3.1470019E-02
  8.3156230E-01 -1.4196266E+01 -3.9530656E+00  1.5738768E+00  8.4542254E-01  8.4542254E-01  5.5766252E-01  2.5765338E-01  9.7572238E-02  3.2506265E-02
  8.3711690E-01 -1.4087618E+01 -3.9778290E+00  1.5804142E+00  8.5021572E-01  8.5021572E-01  5.6457036E-01  2.6258734E-01  1.0010494E-01  3.3572807E-02
  8.4270859E-01 -1.3979952E+01 -4.0027192E+00  1.5869319E+00  8.5493699E-01  8.5493699E-01  5.7149755E-01  2.6758476E-01  1.0269149E-01  3.4670322E-02
  8.4833763E-01 -1.3873283E+01 -4.0277364E+00  1.5934290E+00  8.5958317E-01  8.5958317E-01  5.7844154E-01  2.7264516E-01  1.0533244E-01  3.5799496E-02
  8.5400427E-01 -1.3767621E+01 -4.0528803E+00  1.5999048E+00  8.6415100E-01  8.6415100E-01  5.8539973E-01  2.7776796E-01  1.0802837E-01  3.6961014E-02
  8.5970874E-01 -1.3662978E+01 -4.0781508E+00  1.6063581E+00  8.6863720E-01  8.6863720E-01  5.9236939E-01  2.8295250E-01  1.1077978E-01  3.8155564E-02
  8.6545132E-01 -1.3559366E+01 -4.1035478E+00  1.6127881E+00  8.7303840E-01  8.7303840E-01  5.9934768E-01  2.8819807E-01  1.1358719E-01  3.9383835E-02
  8.7123225E-01 -1.3456795E+01 -4.1290711E+00  1.6191938E+00  8.7735119E-01  8.7735119E-01  6.0633167E-01  2.9350384E-01  1.1645104E-01  4.0646516E-02
  8.7705179E-01 -1.3355275E+01 -4.1547205E+00  1.6255744E+00  8.8157213E-01  8.8157213E-01  6.1331831E-01  2.9886892E-01  1.1937177E-01  4.1944293E-02
  8.8291019E-01 -1.3254817E+01 -4.1804958E+00  1.6319288E+00  8.8569770E-01  8.8569770E-01  6.2030443E-01  3.0429233E-01  1.2234977E-01  4.3277854E-02
  8.8880772E-01 -1.3155430E+01 -4.2063967E+00  1.6382560E+00  8.8972434E-01  8.8972434E-01  6.2728677E-01  3.0977298E-01  1.2538541E-01  4.4647879E-02
  8.9474464E-01 -1.3057122E+01 -4.2324230E+00  1.6445553E+00  8.9364845E-01  8.9364845E-01  6.3426194E-01  3.1530971E-01  1.2847898E-01  4.6055045E-02
  9.0072121E-01 -1.2959901E+01 -4.2585743E+00  1.6508254E+00  8.9746637E-01  8.9746637E-01  6.4122642E-01  3.2090123E-01  1.3163077E-01  4.7500023E-02
  9.0673769E-01 -1.2863776E+01 -4.2848504E+00  1.6570656E+00  9.0117439E-01  9.0117439E-01  6.4817660E-01  3.2654618E-01  1.3484098E-01  4.8983476E-02
  9.1279436E-01 -1.2768754E+01 -4.3112507E+00  1.6632747E+00  9.0476878E-01  9.0476878E-01  6.5510874E-01  3.3224307E-01  1.3810980E-01  5.0506058E-02
  9.1889148E-01 -1.2674841E+01 -4.3377750E+00  1.6694519E+00  9.0824573E-01  9.0824573E-01  6.6201896E-01  3.3799030E-01  1.4143734E-01  5.2068412E-02
  9.2502931E-01 -1.2582044E+01 -4.3644228E+00  1.6755961E+00  9.1160141E-01  9.1160141E-01  6.6890327E-01  3.4378617E-01  1.4482366E-01  5.3671168E-02
  9.3120814E-01 -1.2490368E+01 -4.3911937E+00  1.6817063E+00  9.1483194E-01  9.1483194E-01  6.7575758E-01  3.4962886E-01  1.4826877E-01  5.5314941E-02
  9.3742824E-01 -1.2399819E+01 -4.4180871E+00  1.6877816E+00  9.1793341E-01  9.1793341E-01  6.8257763E-01  3.5551642E-01  1.5177259E-01  5.7000332E-02
  9.4368987E-01 -1.2310401E+01 -4.4451025E+00  1.6938209E+00  9.2090187E-01  9.2090187E-01  6.8935906E-01  3.6144679E-01  1.5533499E-01  5.8727920E-02
  9.4999333E-01 -1.2222118E+01 -4.4722393E+00  1.6998233E+00  9.2373333E-01  9.2373333E-01  6.9609739E-01  3.6741777E-01  1.5895579E-01  6.0498265E-02
  9.5633889E-01 -1.2134975E+01 -4.4994969E+00  1.7057877E+00  9.2642375E-01  9.2642375E-01  7.0278800E-01  3.7342702E-01  1.6263469E-01  6.2311904E-02
  9.6272682E-01 -1.2048974E+01 -4.5268748E+00  1.7117132E+00  9.2896910E-01  9.2896910E-01  7.0942613E-01  3.7947209E-01  1.6637135E-01  6.4169349E-02
  9.6915742E-01 -1.1964118E+01 -4.5543721E+00  1.7175987E+00  9.3136528E-01  9.3136528E-01  7.1600690E-01  3.8555037E-01  1.7016533E-01  6.6071082E-02
  9.7563096E-01 -1.1880410E+01 -4.5819882E+00  1.7234432E+00  9.3360819E-01  9.3360819E-01  7.2252532E-01  3.9165911E-01  1.7401610E-01  6.8017558E-02
  9.8214774E-01 -1.1797850E+01 -4.6097223E+00  1.7292457E+00  9.3569370E-01  9.3569370E-01  7.2897623E-01  3.9779542E-01  1.7792306E-01  7.0009194E-02
  9.8870804E-01 -1.1716440E+01 -4.6375736E+00  1.7350053E+00  9.3761765E-01  9.3761765E-01  7.3535438E-01  4.0395626E-01  1.8188548E-01  7.2046374E-02
  9.9531216E-01 -1.1636180E+01 -4.6655413E+00  1.7407209E+00  9.3937587E-01  9.3937587E-01  7.4165436E-01  4.1013842E-01  1.8590257E-01  7.4129441E-02
  1.0019604E+00 -1.1557072E+01 -4.6936244E+00  1.7463915E+00  9.4096418E-01  9.4096418E-01  7.4787064E-01  4.1633855E-01  1.8997340E-01  7.6258696E-02
  1.0086530E+00 -1.1479113E+01 -4.7218221E+00  1.7520161E+00  9.4237838E-01  9.4237838E-01  7.5399756E-01  4.2255313E-01  1.9409696E-01  7.8434395E-02
  1.0153903E+00 -1.1402305E+01 -4.7501332E+00  1.7575938E+00  9.4361426E-01  9.4361426E-01  7.6002934E-01  4.2877847E-01  1.9827211E-01  8.0656741E-02
  1.0221726E+00 -1.1326644E+01 -4.7785569E+00  1.7631235E+00  9.4466762E-01  9.4466762E-01  7.6596006E-01  4.3501073E-01  2.0249759E-01  8.2925889E-02
  1.0290003E+00 -1.1252131E+01 -4.8070921E+00  1.7686043E+00  9.4553425E-01  9.4553425E-01  7.7178368E-01  4.4124588E-01  2.0677203E-01  8.5241933E-02
  1.0358735E+00 -1.1178761E+01 -4.8357375E+00  1.7740351E+00  9.4620994E-01  9.4620994E-01  7.7749402E-01  4.4747972E-01  2.1109391E-01  8.7604909E-02
  1.0427926E+00 -1.1106534E+01 -4.8644920E+00  1.7794150E+00  9.4669049E-01  9.4669049E-01  7.8308480E-01  4.5370788E-01  2.1546161E-01  9.0014786E-02
  1.0497579E+00 -1.1035445E+01 -4.8933545E+00  1.7847431E+00  9.4697173E-01  9.4697173E-01  7.8854960E-01  4.5992579E-01  2.1987333E-01  9.2471466E-02
  1.0567698E+00 -1.0965491E+01 -4.9223235E+00  1.7900184E+00  9.4704948E-01  9.4704948E-01  7.9388188E-01  4.6612872E-01  2.2432717E-01  9.4974776E-02
  1.0638284E+00 -1.0896669E+01 -4.9513978E+00  1.7952398E+00  9.4691960E-01  9.4691960E-01  7.9907501E-01  4.7231173E-01  2.2882105E-01  9.7524467E-02
  1.0709343E+00 -1.0828973E+01 -4.9805760E+00  1.8004066E+00  9.4657798E-01  9.4657798E-01  8.0412220E-01  4.7846971E-01  2.3335274E-01  1.0012021E-01
  1.0780875E+00 -1.0762400E+01 -5.0098565E+00  1.8055177E+00  9.4602051E-01  9.4602051E-01  8.0901658E-01  4.8459735E-01  2.3791986E-01  1.0276157E-01
  1.0852886E+00 -1.0696943E+01 -5.0392380E+00  1.8105723E+00  9.4524317E-01  9.4524317E-01  8.1375117E-01  4.9068915E-01  2.4251987E-01  1.0544806E-01
  1.0925377E+00 -1.0632598E+01 -5.0687188E+00  1.8155693E+00  9.4424194E-01  9.4424194E-01  8.1831888E-01  4.9673940E-01  2.4715004E-01  1.0817905E-01
  1.0998353E+00 -1.0569358E+01 -5.0982974E+00  1.8205080E+00  9.4301286E-01  9.4301286E-01  8.2271252E-01  5.0274221E-01  2.5180749E-01  1.1095383E-01
  1.1071816E+00 -1.0507218E+01 -5.1279719E+00  1.8253875E+00  9.4155204E-01  9.4155204E-01  8.2692482E-01  5.0869149E-01  2.5648913E-01  1.1377159E-01
  1.1145769E+00 -1.0446170E+01 -5.1577408E+00  1.8302068E+00  9.3985565E-01  9.3985565E-01  8.3094839E-01  5.1458094E-01  2.6119171E-01  1.1663139E-01
  1.1220217E+00 -1.0386208E+01 -5.1876020E+00  1.8349652E+00  9.3791990E-01  9.3791990E-01  8.3477579E-01  5.2040407E-01  2.6591178E-01  1.1953218E-01
  1.1295162E+00 -1.0327324E+01 -5.2175539E+00  1.8396617E+00  9.3574110E-01  9.3574110E-01  8.3839947E-01  5.2615420E-01  2.7064570E-01  1.2247279E-01
  1.1370607E+00 -1.0269511E+01 -5.2475944E+00  1.8442957E+00  9.3331564E-01  9.3331564E-01  8.4181184E-01  5.3182441E-01  2.7538961E-01  1.2545189E-01
  1.1446556E+00 -1.0212761E+01 -5.2777215E+00  1.8488662E+00  9.3064001E-01  9.3064001E-01  8.4500523E-01  5.3740763E-01  2.8013947E-01  1.2846806E-01
  1.1523012E+00 -1.0157065E+01 -5.3079332E+00  1.8533725E+00  9.2771076E-01  9.2771076E-01  8.4797190E-01  5.4289655E-01  2.8489101E-01  1.3151969E-01
  1.1599979E+00 -1.0102415E+01 -5.3382273E+00  1.8578138E+00  9.2452459E-01  9.2452459E-01  8.5070409E-01  5.4828369E-01  2.8963976E-01  1.3460507E-01
  1.1677460E+00 -1.0048802E+01 -5.3686015E+00  1.8621894E+00  9.2107827E-01  9.2107827E-01  8.5319397E-01  5.5356136E-01  2.9438102E-01  1.3772229E-01
  1.1755459E+00 -9.9962179E+00 -5.3990537E+00  1.8664986E+00  9.1736873E-01  9.1736873E-01  8.5543370E-01  5.5872169E-01  2.9910987E-01  1.4086930E-01
  1.1833978E+00 -9.9446522E+00 -5.4295814E+00  1.8707406E+00  9.1339300E-01  9.1339300E-01  8.5741541E-01  5.6375660E-01  3.0382118E-01  1.4404388E-01
  1.1913022E+00 -9.8940958E+00 -5.4601822E+00  1.8749149E+00  9.0914826E-01  9.0914826E-01  8.5913121E-01  5.6865784E-01  3.0850955E-01  1.4724365E-01
  1.1992594E+00 -9.8445389E+00 -5.4908537E+00  1.8790207E+00  9.0463184E-01  9.0463184E-01  8.6057323E-01  5.7341697E-01  3.1316939E-01  1.5046602E-01
  1.2072697E+00 -9.7959714E+00 -5.5215932E+00  1.8830575E+00  8.9984122E-01  8.9984122E-01  8.6173359E-01  5.7802538E-01  3.1779484E-01  1.5370824E-01
  1.2153335E+00 -9.7483833E+00 -5.5523982E+00  1.8870246E+00  8.9477405E-01  8.9477405E-01  8.6260444E-01  5.8247427E-01  3.2237982E-01  1.5696735E-01
  1.2234512E+00 -9.7017639E+00 -5.5832660E+00  1.8909215E+00  8.8942814E-01  8.8942814E-01  8.6317796E-01  5.8675469E-01  3.2691801E-01  1.6024021E-01
  1.2316231E+00 -9.6561028E+00 -5.6141937E+00  1.8947476E+00  8.8380151E-01  8.8380151E-01  8.6344640E-01  5.9085754E-01  3.3140284E-01  1.6352345E-01
  1.2398495E+00 -9.6113892E+00 -5.6451785E+00  1.8985026E+00  8.7789235E-01  8.7789235E-01  8.6340206E-01  5.9477354E-01  3.3582750E-01  1.6681352E-01
  1.2481309E+00 -9.5676122E+00 -5.6762176E+00  1.9021858E+00  8.7169908E-01  8.7169908E-01  8.6303729E-01  5.9849330E-01  3.4018492E-01  1.7010662E-01
  1.2564676E+00 -9.5247606E+00 -5.7073079E+00  1.9057968E+00  8.6522030E-01  8.6522030E-01  8.6234459E-01  6.0200726E-01  3.4446783E-01  1.7339876E-01
  1.2648600E+00 -9.4828232E+00 -5.7384465E+00  1.9093353E+00  8.5845488E-01  8.5845488E-01  8.6131652E-01  6.0530579E-01  3.4866867E-01  1.7668570E-01
  1.2733084E+00 -9.4417887E+00 -5.7696302E+00  1.9128009E+00  8.5140190E-01  8.5140190E-01  8.5994579E-01  6.0837909E-01  3.5277966E-01  1.7996298E-01
  1.2818133E+00 -9.4016457E+00 -5.8008560E+00  1.9161931E+00  8.4406069E-01  8.4406069E-01  8.5822525E-01  6.1121732E-01  3.5679278E-01  1.8322590E-01
  1.2903750E+00 -9.3623824E+00 -5.8321205E+00  1.9195119E+00  8.3643083E-01  8.3643083E-01  8.5614791E-01  6.1381051E-01  3.6069978E-01  1.8646951E-01
  1.2989938E+00 -9.3239873E+00 -5.8634206E+00  1.9227568E+00  8.2851220E-01  8.2851220E-01  8.5370697E-01  6.1614864E-01  3.6449218E-01  1.8968864E-01
  1.3076702E+00 -9.2864485E+00 -5.8947530E+00  1.9259277E+00  8.2030493E-01  8.2030493E-01  8.5089582E-01  6.1822165E-01  3.6816125E-01  1.9287784E-01
  1.3164046E+00 -9.2497543E+00 -5.9261143E+00  1.9290244E+00  8.1180946E-01  8.1180946E-01  8.4770809E-01  6.2001942E-01  3.7169807E-01  1.9603143E-01
  1.3251972E+00 -9.2138926E+00 -5.9575013E+00  1.9320467E+00  8.0302654E-01  8.0302654E-01  8.4413764E-01  6.2153184E-01  3.7509350E-01  1.9914348E-01
  1.3340487E+00 -9.1788516E+00 -5.9889105E+00  1.9349946E+00  7.9395723E-01  7.9395723E-01  8.4017860E-01  6.2274876E-01  3.7833819E-01  2.0220778E-01
  1.3429592E+00 -9.1446191E+00 -6.0203385E+00  1.9378680E+00  7.8460291E-01  7.8460291E-01  8.3582540E-01  6.2366011E-01  3.8142259E-01  2.0521790E-01
  1.3519292E+00 -9.1111831E+00 -6.0517820E+00  1.9406668E+00  7.7496531E-01  7.7496531E-01  8.3107277E-01  6.2425581E-01  3.8433699E-01  2.0816713E-01
  1.3609592E+00 -9.0785315E+00 -6.0832376E+00  1.9433912E+00  7.6504651E-01  7.6504651E-01  8.2591579E-01  6.2452590E-01  3.8707148E-01  2.1104851E-01
  1.3700494E+00 -9.0466521E+00 -6.1147020E+00  1.9460412E+00  7.5484897E-01  7.5484897E-01  8.2034991E-01  6.2446047E-01  3.8961603E-01  2.1385483E-01
  1.3792004E+00 -9.0155329E+00 -6.1461718E+00  1.9486170E+00  7.4437551E-01  7.4437551E-01  8.1437096E-01  6.2404977E-01  3.9196043E-01  2.1657863E-01
  1.3884124E+00 -8.9851615E+00 -6.1776438E+00  1.9511186E+00  7.3362934E-01  7.3362934E-01  8.0797519E-01  6.2328419E-01  3.9409438E-01  2.1921222E-01
  1.3976860E+00 -8.9555260E+00 -6.2091148E+00  1.9535464E+00  7.2261407E-01  7.2261407E-01  8.0115930E-01  6.2215428E-01  3.9600745E-01  2.2174764E-01
  1.4070216E+00 -8.9266141E+00 -6.2405817E+00  1.9559005E+00  7.1133374E-01  7.1133374E-01  7.9392048E-01  6.2065084E-01  3.9768915E-01  2.2417672E-01
  1.4164195E+00 -8.8984136E+00 -6.2720416E+00  1.9581814E+00  6.9979280E-01  6.9979280E-01  7.8625640E-01  6.1876489E-01  3.9912891E-01  2.2649107E-01
  1.4258801E+00 -8.8709126E+00 -6.3034917E+00  1.9603894E+00  6.8799613E-01  6.8799613E-01  7.7816527E-01  6.1648774E-01  4.0031613E-01  2.2868207E-01
  1.4354039E+00 -8.8440989E+00 -6.3349293E+00  1.9625249E+00  6.7594909E-01  6.7594909E-01  7.6964589E-01  6.1381102E-01  4.0124021E-01  2.3074091E-01
  1.4449914E+00 -8.8179604E+00 -6.3663521E+00  1.9645884E+00  6.6365745E-01  6.6365745E-01  7.6069764E-01  6.1072671E-01  4.0189056E-01  2.3265858E-01
  1.4546428E+00 -8.7924852E+00 -6.3977577E+00  1.9665803E+00  6.5112750E-01  6.5112750E-01  7.5132052E-01  6.0722720E-01  4.0225664E-01  2.3442591E-01
  1.4643588E+00 -8.7676614E+00 -6.4291445E+00  1.9685014E+00  6.3836598E-01  6.3836598E-01  7.4151522E-01  6.0330531E-01  4.0232802E-01  2.3603358E-01
  1.4741396E+00 -8.7434769E+00 -6.4605108E+00  1.9703521E+00  6.2538014E-01  6.2538014E-01  7.3128309E-01  5.9895436E-01  4.0209436E-01  2.3747211E-01
  1.4839857E+00 -8.7199200E+00 -6.4918553E+00  1.9721333E+00  6.1217771E-01  6.1217771E-01  7.2062625E-01  5.9416818E-01  4.0154549E-01  2.3873192E-01
  1.4938976E+00 -8.6969789E+00 -6.5231774E+00  1.9738455E+00  5.9876697E-01  5.9876697E-01  7.0954756E-01  5.8894120E-01  4.0067146E-01  2.3980336E-01
  1.5038757E+00 -8.6746419E+00 -6.5544769E+00  1.9754897E+00  5.8515668E-01  5.8515668E-01  6.9805068E-01  5.8326846E-01  3.9946256E-01  2.4067670E-01
  1.5139205E+00 -8.6528974E+00 -6.5857539E+00  1.9770665E+00  5.7135615E-01  5.7135615E-01  6.8614010E-01  5.7714568E-01  3.9790935E-01  2.4134218E-01
  1.5240323E+00 -8.6317339E+00 -6.6170093E+00  1.9785770E+00  5.5737523E-01  5.5737523E-01  6.7382120E-01  5.7056934E-01  3.9600278E-01  2.4179005E-01
  1.5342116E+00 -8.6111399E+00 -6.6482448E+00  1.9800221E+00  5.4322432E-01  5.4322432E-01  6.6110024E-01  5.6353667E-01  3.9373415E-01  2.4201060E-01
  1.5444590E+00 -8.5911041E+00 -6.6794626E+00  1.9814026E+00  5.2891436E-01  5.2891436E-01  6.4798444E-01  5.5604577E-01  3.9109526E-01  2.4199420E-01
  1.5547748E+00 -8.5716151E+00 -6.7106660E+00  1.9827198E+00  5.1445686E-01  5.1445686E-01  6.3448197E-01  5.4809565E-01  3.8807840E-01  2.4173135E-01
  1.5651594E+00 -8.5526619E+00 -6.7418590E+00  1.9839746E+00  4.9986389E-01  4.9986389E-01  6.2060202E-01  5.3968626E-01  3.8467643E-01  2.4121271E-01
  1.5756135E+00 -8.5342334E+00 -6.7730467E+00  1.9851682E+00  4.8514810E-01  4.8514810E-01  6.0635485E-01  5.3081860E-01  3.8088288E-01  2.4042917E-01
  1.5861373E+00 -8.5163185E+00 -6.8042353E+00  1.9863019E+00  4.7032270E-01  4.7032270E-01  5.9175177E-01  5.2149474E-01  3.7669196E-01  2.3937189E-01
  1.5967314E+00 -8.4989066E+00 -6.8354323E+00  1.9873767E+00  4.5540150E-01  4.5540150E-01  5.7680521E-01  5.1171794E-01  3.7209870E-01  2.3803239E-01
  1.6073963E+00 -8.4819868E+00 -6.8666464E+00  1.9883941E+00  4.4039886E-01  4.4039886E-01  5.6152875E-01  5.0149263E-01  3.6709897E-01  2.3640255E-01
  1.6181324E+00 -8.4655486E+00 -6.8978876E+00  1.9893554E+00  4.2532974E-01  4.2532974E-01  5.4593716E-01  4.9082459E-01  3.6168959E-01  2.3447476E-01
  1.6289403E+00 -8.4495815E+00 -6.9291676E+00  1.9902618E+00  4.1020968E-01  4.1020968E-01  5.3004642E-01  4.7972091E-01  3.5586841E-01  2.3224192E-01
  1.6398203E+00 -8.4340751E+00 -6.9604995E+00  1.9911149E+00  3.9505479E-01  3.9505479E-01  5.1387374E-01  4.6819014E-01  3.4963439E-01  2.2969758E-01
  1.6507729E+00 -8.4190191E+00 -6.9918982E+00  1.9919161E+00  3.7988177E-01  3.7988177E-01  4.9743763E-01  4.5624231E-01  3.4298769E-01  2.2683595E-01
  1.6617987E+00 -8.4044034E+00 -7.0233803E+00  1.9926668E+00  3.6470789E-01  3.6470789E-01  4.8075789E-01  4.4388905E-01  3.3592977E-01  2.2365208E-01
  1.6728982E+00 -8.3902182E+00 -7.0549643E+00  1.9933687E+00  3.4955096E-01  3.4955096E-01  4.6385565E-01  4.3114361E-01  3.2846348E-01  2.2014186E-01
  1.6840718E+00 -8.3764534E+00 -7.0866705E+00  1.9940233E+00  3.3442939E-01  3.3442939E-01  4.4675341E-01  4.1802096E-01  3.2059319E-01  2.1630218E-01
  1.6953200E+00 -8.3630994E+00 -7.1185212E+00  1.9946321E+00  3.1936212E-01  3.1936212E-01  4.2947504E-01  4.0453788E-01  3.1232482E-01  2.1213103E-01
  1.7066433E+00 -8.3501466E+00 -7.1505407E+00  1.9951969E+00  3.0436864E-01  3.0436864E-01  4.1204581E-01  3.9071299E-01  3.0366605E-01  2.0762757E-01
  1.7180422E+00 -8.3375855E+00 -7.1827554E+00  1.9957192E+00  2.8946896E-01  2.8946896E-01  3.9449244E-01  3.7656687E-01  2.9462635E-01  2.0279229E-01
  1.7295173E+00 -8.3254069E+00 -7.2151936E+00  1.9962009E+00  2.7468362E-01  2.7468362E-01  3.7684306E-01  3.6212210E-01  2.8521711E-01  1.9762711E-01
  1.7410690E+00 -8.3136014E+00 -7.2478860E+00  1.9966435E+00  2.6003365E-01  2.6003365E-01  3.5912727E-01  3.4740332E-01  2.7545179E-01  1.9213550E-01
  1.7526979E+00 -8.3021602E+00 -7.2808651E+00  1.9970487E+00  2.4554057E-01  2.4554057E-01  3.4137615E-01  3.3243736E-01  2.6534599E-01  1.8632263E-01
  1.7644044E+00 -8.2910743E+00 -7.3141661E+00  1.9974185E+00  2.3122636E-01  2.3122636E-01  3.2362222E-01  3.1725324E-01  2.5491761E-01  1.8019552E-01
  1.7761892E+00 -8.2803349E+00 -7.3478264E+00  1.9977544E+00  2.1711345E-01  2.1711345E-01  3.0589951E-01  3.0188226E-01  2.4418694E-01  1.7376315E-01
  1.7880526E+00 -8.2699334E+00 -7.3818861E+00  1.9980582E+00  2.0322468E-01  2.0322468E-01  2.8824354E-01  2.8635809E-01  2.3317682E-01  1.6703661E-01
  1.7999952E+00 -8.2598613E+00 -7.4163886E+00  1.9983318E+00  1.8958330E-01  1.8958330E-01  2.7069128E-01  2.7071680E-01  2.2191272E-01  1.6002932E-01
  1.8120176E+00 -8.2501103E+00 -7.4513811E+00  1.9985768E+00  1.7621289E-01  1.7621289E-01  2.5328119E-01  2.5499693E-01  2.1042290E-01  1.5275712E-01
  1.8241203E+00 -8.2406722E+00 -7.4869154E+00  1.9987951E+00  1.6313741E-01  1.6313741E-01  2.3605320E-01  2.3923955E-01  1.9873854E-01  1.4523845E-01
  1.8363039E+00 -8.2315389E+00 -7.5230488E+00  1.9989884E+00  1.5038109E-01  1.5038109E-01  2.1904867E-01  2.2348829E-01  1.8689383E-01  1.3749456E-01
  1.8485688E+00 -8.2227025E+00 -7.5598460E+00  1.9991584E+00  1.3796844E-01  1.3796844E-01  2.0231040E-01  2.0778941E-01  1.7492612E-01  1.2954967E-01
  1.8609156E+00 -8.2141552E+00 -7.5973800E+00  1.9993069E+00  1.2592419E-01  1.2592419E-01  1.8588258E-01  1.9219184E-01  1.6287606E-01  1.2143111E-01
  1.8733449E+00 -8.2058894E+00 -7.6357120E+00  1.9994355E+00  1.1427326E-01  1.1427326E-01  1.6981076E-01  1.7674720E-01  1.5078770E-01  1.1316957E-01
  1.8858572E+00 -8.1978976E+00 -7.6751696E+00  1.9995459E+00  1.0304073E-01  1.0304073E-01  1.5414184E-01  1.6150982E-01  1.3870859E-01  1.0479925E-01
  1.8984530E+00 -8.1901724E+00 -7.7161389E+00  1.9996398E+00  9.2251739E-02  9.2251739E-02  1.3892399E-01  1.4653680E-01  1.2668996E-01  9.6358066E-02
  1.9111330E+00 -8.1827066E+00 -7.7533114E+00  1.9997188E+00  8.1931517E-02  8.1931517E-02  1.2420662E-01  1.3188799E-01  1.1478676E-01  8.7887828E-02
  1.9238977E+00 -8.1754931E+00 -7.7806966E+00  1.9997843E+00  7.2105269E-02  7.2105269E-02  1.1004031E-01  1.1762601E-01  1.0305783E-01  7.9434463E-02
  1.9367476E+00 -8.1685249E+00 -7.8025861E+00  1.9998379E+00  6.2798151E-02  6.2798151E-02  9.6476762E-02  1.0381625E-01  9.1565947E-02  7.1048192E-02
  1.9496833E+00 -8.1617954E+00 -7.8239654E+00  1.9998811E+00  5.4035200E-02  5.4035200E-02  8.3568707E-02  9.0526838E-02  8.0377975E-02  6.2783736E-02
  1.9627055E+00 -8.1552977E+00 -7.8446783E+00  1.9999151E+00  4.5841285E-02  4.5841285E-02  7.1369845E-02  7.7828645E-02  6.9564911E-02  5.4700511E-02
  1.9758145E+00 -8.1490253E+00 -7.8644833E+00  1.9999414E+00  3.8241034E-02  3.8241034E-02  5.9934743E-02  6.5795231E-02  5.9201979E-02  4.6862821E-02
  1.9890112E+00 -8.1429719E+00 -7.8833910E+00  1.9999612E+00  3.1258775E-02  3.1258775E-02  4.9318746E-02  5.4502803E-02  4.9368701E-02  3.9340054E-02
  2.0022960E+00 -8.1371312E+00 -7.9013922E+00  1.9999755E+00  2.4918465E-02  2.4918465E-02  3.9577869E-02  4.4030160E-02  4.0148949E-02  3.2206866E-02
  2.0156695E+00 -8.1314970E+00 -7.9184781E+00  1.9999855E+00  1.9243620E-02  1.9243620E-02  3.0768685E-02  3.4458617E-02  3.1630991E-02  2.5543367E-02
  2.0291323E+00 -8.1260633E+00 -7.9346407E+00  1.9999921E+00  1.4257240E-02  1.4257240E-02  2.2948201E-02  2.5871917E-02  2.3907524E-02  1.9435289E-02
  2.0426851E+00 -8.1208242E+00 -7.9498725E+00  1.9999961E+00  9.9817323E-03  9.9817323E-03  1.6173729E-02  1.8356132E-02  1.7075688E-02  1.3974158E-02
  2.0563283E+00 -8.1157740E+00 -7.9641663E+00  1.9999984E+00  6.4388357E-03  6.4388357E-03  1.0502741E-02  1.1999542E-02  1.1237062E-02  9.2574471E-03
  2.0700627E+00 -8.1109071E+00 -7.9775157E+00  1.9999995E+00  3.6495351E-03  3.6495351E-03  5.9927185E-03  6.8925029E-03  6.4976466E-03  5.3887198E-03
  2.0838888E+00 -8.1062179E+00 -7.9899148E+00  1.9999999E+00  1.6339794E-03  1.6339794E-03  2.7009961E-03  3.1272895E-03  2.9678248E-03  2.4777576E-03
  2.0978072E+00 -8.1017010E+00 -8.0013580E+00  2.0000000E+00  4.1139563E-04  4.1139563E-04  6.8458611E-04  7.9792716E-04  7.6229743E-04  6.4067245E-04
  2.1118186E+00 -8.0973513E+00 -8.0118403E+00  2.0000000E+00  0.0000000E+00  0.0000000E+00  0.0000000E+00  0.0000000E+00  0.0000000E+00  0.0000000E+00
  2.1259236E+00 -8.0931635E+00 -8.0213570E+00  2.0000000E+00  0.0000000E+00  0.0000000E+00  0.0000000E+00  0.0000000E+00  0.0000000E+00  0.0000000E+00
  2.1401227E+00 -8.0891326E+00 -8.0299037E+00  2.0000000E+00  0.0000000E+00  0.0000000E+00  0.0000000E+00  0.0000000E+00  0.0000000E+00  0.0000000E+00
  2.1544168E+00 -8.0852538E+00 -8.0374765E+00  2.0000000E+00  0.0000000E+00  0.0000000E+00  0.0000000E+00  0.0000000E+00  0.0000000E+00  0.0000000E+00
  2.1688062E+00 -8.0815223E+00 -8.0440716E+00  2.0000000E+00  0.0000000E+00  0.0000000E+00  0.0000000E+00  0.0000000E+00  0.0000000E+00  0.0000000E+00
  2.1832918E+00 -8.0779334E+00 -8.0496853E+00  2.0000000E+00  0.0000000E+00  0.0000000E+00  0.0000000E+00  0.0000000E+00  0.0000000E+00  0.0000000E+00
  2.1978741E+00 -8.0744825E+00 -8.0543142E+00  2.0000000E+00  0.0000000E+00  0.0000000E+00  0.0000000E+00  0.0000000E+00  0.0000000E+00  0.0000000E+00
  2.2125538E+00 -8.0711652E+00 -8.0579550E+00  2.0000000E+00  0.0000000E+00  0.0000000E+00  0.0000000E+00  0.0000000E+00  0.0000000E+00  0.0000000E+00
  2.2273316E+00 -8.0679772E+00 -8.0606045E+00  2.0000000E+00  0.0000000E+00  0.0000000E+00  0.0000000E+00  0.0000000E+00  0.0000000E+00  0.0000000E+00
  2.2422080E+00 -8.0649142E+00 -8.0622598E+00  2.0000000E+00  0.0000000E+00  0.0000000E+00  0.0000000E+00  0.0000000E+00  0.0000000E+00  0.0000000E+00
  2.2571838E+00 -8.0619721E+00 -8.0629177E+00  2.0000000E+00  0.0000000E+00  0.0000000E+00  0.0000000E+00  0.0000000E+00  0.0000000E+00  0.0000000E+00
  2.2722596E+00 -8.0591470E+00 -8.0625754E+00  2.0000000E+00  0.0000000E+00  0.0000000E+00  0.0000000E+00  0.0000000E+00  0.0000000E+00  0.0000000E+00
  2.2874361E+00 -8.0564348E+00 -8.0612298E+00  2.0000000E+00  0.0000000E+00  0.0000000E+00  0.0000000E+00  0.0000000E+00  0.0000000E+00  0.0000000E+00
  2.3027140E+00 -8.0538318E+00 -8.0588783E+00  2.0000000E+00  0.0000000E+00  0.0000000E+00  0.0000000E+00  0.0000000E+00  0.0000000E+00  0.0000000E+00
  2.3180939E+00 -8.0513343E+00 -8.0560671E+00  2.0000000E+00  0.0000000E+00  0.0000000E+00  0.0000000E+00  0.0000000E+00  0.0000000E+00  0.0000000E+00
  2.3335765E+00 -8.0489386E+00 -8.0533447E+00  2.0000000E+00  0.0000000E+00  0.0000000E+00  0.0000000E+00  0.0000000E+00  0.0000000E+00  0.0000000E+00
  2.3491625E+00 -8.0466413E+00 -8.0507116E+00  2.0000000E+00  0.0000000E+00  0.0000000E+00  0.0000000E+00  0.0000000E+00  0.0000000E+00  0.0000000E+00
  2.3648526E+00 -8.0444390E+00 -8.0481683E+00  2.0000000E+00  0.0000000E+00  0.0000000E+00  0.0000000E+00  0.0000000E+00  0.0000000E+00  0.0000000E+00
  2.3806475E+00 -8.0423282E+00 -8.0457153E+00  2.0000000E+00  0.0000000E+00  0.0000000E+00  0.0000000E+00  0.0000000E+00  0.0000000E+00  0.0000000E+00
  2.3965479E+00 -8.0403059E+00 -8.0433529E+00  2.0000000E+00  0.0000000E+00  0.0000000E+00  0.0000000E+00  0.0000000E+00  0.0000000E+00  0.0000000E+00
  2.4125544E+00 -8.0383687E+00 -8.0410816E+00  2.0000000E+00  0.0000000E+00  0.0000000E+00  0.0000000E+00  0.0000000E+00  0.0000000E+00  0.0000000E+00
  2.4286679E+00 -8.0365138E+00 -8.0389016E+00  2.0000000E+00  0.0000000E+00  0.0000000E+00  0.0000000E+00  0.0000000E+00  0.0000000E+00  0.0000000E+00
  2.4448890E+00 -8.0347380E+00 -8.0368132E+00  2.0000000E+00  0.0000000E+00  0.0000000E+00  0.0000000E+00  0.0000000E+00  0.0000000E+00  0.0000000E+00
  2.4612184E+00 -8.0330386E+00 -8.0348164E+00  2.0000000E+00  0.0000000E+00  0.0000000E+00  0.0000000E+00  0.0000000E+00  0.0000000E+00  0.0000000E+00
  2.4776569E+00 -8.0314128E+00 -8.0329112E+00  2.0000000E+00  0.0000000E+00  0.0000000E+00  0.0000000E+00  0.0000000E+00  0.0000000E+00  0.0000000E+00
  2.4942052E+00 -8.0298577E+00 -8.0310972E+00  2.0000000E+00  0.0000000E+00  0.0000000E+00  0.0000000E+00  0.0000000E+00  0.0000000E+00  0.0000000E+00
  2.5108640E+00 -8.0283709E+00 -8.0293739E+00  2.0000000E+00  0.0000000E+00  0.0000000E+00  0.0000000E+00  0.0000000E+00  0.0000000E+00  0.0000000E+00
  2.5276340E+00 -8.0269496E+00 -8.0277404E+00  2.0000000E+00  0.0000000E+00  0.0000000E+00  0.0000000E+00  0.0000000E+00  0.0000000E+00  0.0000000E+00
  2.5445161E+00 -8.0255915E+00 -8.0261956E+00  2.0000000E+00  0.0000000E+00  0.0000000E+00  0.0000000E+00  0.0000000E+00  0.0000000E+00  0.0000000E+00
  2.5615109E+00 -8.0242942E+00 -8.0247380E+00  2.0000000E+00  0.0000000E+00  0.0000000E+00  0.0000000E+00  0.0000000E+00  0.0000000E+00  0.0000000E+00
  2.5786192E+00 -8.0230552E+00 -8.0233654E+00  2.0000000E+00  0.0000000E+00  0.0000000E+00  0.0000000E+00  0.0000000E+00  0.0000000E+00  0.0000000E+00
  2.5958418E+00 -8.0218724E+00 -8.0220753E+00  2.0000000E+00  0.0000000E+00  0.0000000E+00  0.0000000E+00  0.0000000E+00  0.0000000E+00  0.0000000E+00
  2.6131793E+00 -8.0207436E+00 -8.0208646E+00  2.0000000E+00  0.0000000E+00  0.0000000E+00  0.0000000E+00  0.0000000E+00  0.0000000E+00  0.0000000E+00
  2.6306327E+00 -8.0196666E+00 -8.0197294E+00  2.0000000E+00  0.0000000E+00  0.0000000E+00  0.0000000E+00  0.0000000E+00  0.0000000E+00  0.0000000E+00
  2.6482027E+00 -8.0186394E+00 -8.0186651E+00  2.0000000E+00  0.0000000E+00  0.0000000E+00  0.0000000E+00  0.0000000E+00  0.0000000E+00  0.0000000E+00
  2.6658900E+00 -8.0176600E+00 -8.0176662E+00  2.0000000E+00  0.0000000E+00  0.0000000E+00  0.0000000E+00  0.0000000E+00  0.0000000E+00  0.0000000E+00
  2.6836954E+00 -8.0167265E+00 -8.0167262E+00  2.0000000E+00  0.0000000E+00  0.0000000E+00  0.0000000E+00  0.0000000E+00  0.0000000E+00  0.0000000E+00
  2.7016197E+00 -8.0158370E+00 -8.0158370E+00  2.0000000E+00  0.0000000E+00  0.0000000E+00  0.0000000E+00  0.0000000E+00  0.0000000E+00  0.0000000E+00
  2.7196637E+00 -8.0149898E+00 -8.0149898E+00  2.0000000E+00  0.0000000E+00  0.0000000E+00  0.0000000E+00  0.0000000E+00  0.0000000E+00  0.0000000E+00
  2.7378283E+00 -8.0141830E+00 -8.0141830E+00  2.0000000E+00  0.0000000E+00  0.0000000E+00  0.0000000E+00  0.0000000E+00  0.0000000E+00  0.0000000E+00
  2.7561142E+00 -8.0134151E+00 -8.0134151E+00  2.0000000E+00  0.0000000E+00  0.0000000E+00  0.0000000E+00  0.0000000E+00  0.0000000E+00  0.0000000E+00
  2.7745222E+00 -8.0126843E+00 -8.0126843E+00  2.0000000E+00  0.0000000E+00  0.0000000E+00  0.0000000E+00  0.0000000E+00  0.0000000E+00  0.0000000E+00
  2.7930531E+00 -8.0119892E+00 -8.0119892E+00  2.0000000E+00  0.0000000E+00  0.0000000E+00  0.0000000E+00  0.0000000E+00  0.0000000E+00  0.0000000E+00
  2.8117078E+00 -8.0113283E+00 -8.0113283E+00  2.0000000E+00  0.0000000E+00  0.0000000E+00  0.0000000E+00  0.0000000E+00  0.0000000E+00  0.0000000E+00
  2.8304871E+00 -8.0106999E+00 -8.0106999E+00  2.0000000E+00  0.0000000E+00  0.0000000E+00  0.0000000E+00  0.0000000E+00  0.0000000E+00  0.0000000E+00
  2.8493918E+00 -8.0101029E+00 -8.0101029E+00  2.0000000E+00  0.0000000E+00  0.0000000E+00  0.0000000E+00  0.0000000E+00  0.0000000E+00  0.0000000E+00
  2.8684227E+00 -8.0095357E+00 -8.0095357E+00  2.0000000E+00  0.0000000E+00  0.0000000E+00  0.0000000E+00  0.0000000E+00  0.0000000E+00  0.0000000E+00
  2.8875808E+00 -8.0089972E+00 -8.0089971E+00  2.0000000E+00  0.0000000E+00  0.0000000E+00  0.0000000E+00  0.0000000E+00  0.0000000E+00  0.0000000E+00
  2.9068668E+00 -8.0084859E+00 -8.0084859E+00  2.0000000E+00  0.0000000E+00  0.0000000E+00  0.0000000E+00  0.0000000E+00  0.0000000E+00  0.0000000E+00
  2.9262816E+00 -8.0080008E+00 -8.0080008E+00  2.0000000E+00  0.0000000E+00  0.0000000E+00  0.0000000E+00  0.0000000E+00  0.0000000E+00  0.0000000E+00
  2.9458261E+00 -8.0075407E+00 -8.0075407E+00  2.0000000E+00  0.0000000E+00  0.0000000E+00  0.0000000E+00  0.0000000E+00  0.0000000E+00  0.0000000E+00
  2.9655011E+00 -8.0071044E+00 -8.0071043E+00  2.0000000E+00  0.0000000E+00  0.0000000E+00  0.0000000E+00  0.0000000E+00  0.0000000E+00  0.0000000E+00
  2.9853075E+00 -8.0066908E+00 -8.0066908E+00  2.0000000E+00  0.0000000E+00  0.0000000E+00  0.0000000E+00  0.0000000E+00  0.0000000E+00  0.0000000E+00
  3.0052462E+00 -8.0062989E+00 -8.0062989E+00  2.0000000E+00  0.0000000E+00  0.0000000E+00  0.0000000E+00  0.0000000E+00  0.0000000E+00  0.0000000E+00
  3.0253180E+00 -8.0059278E+00 -8.0059277E+00  2.0000000E+00  0.0000000E+00  0.0000000E+00  0.0000000E+00  0.0000000E+00  0.0000000E+00  0.0000000E+00
  3.0455239E+00 -8.0055763E+00 -8.0055763E+00  2.0000000E+00  0.0000000E+00  0.0000000E+00  0.0000000E+00  0.0000000E+00  0.0000000E+00  0.0000000E+00
  3.0658648E+00 -8.0052437E+00 -8.0052437E+00  2.0000000E+00  0.0000000E+00  0.0000000E+00  0.0000000E+00  0.0000000E+00  0.0000000E+00  0.0000000E+00
  3.0863415E+00 -8.0049291E+00 -8.0049291E+00  2.0000000E+00  0.0000000E+00  0.0000000E+00  0.0000000E+00  0.0000000E+00  0.0000000E+00  0.0000000E+00
  3.1069550E+00 -8.0046315E+00 -8.0046315E+00  2.0000000E+00  0.0000000E+00  0.0000000E+00  0.0000000E+00  0.0000000E+00  0.0000000E+00  0.0000000E+00
  3.1277061E+00 -8.0043502E+00 -8.0043502E+00  2.0000000E+00  0.0000000E+00  0.0000000E+00  0.0000000E+00  0.0000000E+00  0.0000000E+00  0.0000000E+00
  3.1485958E+00 -8.0040843E+00 -8.0040843E+00  2.0000000E+00  0.0000000E+00  0.0000000E+00  0.0000000E+00  0.0000000E+00  0.0000000E+00  0.0000000E+00
  3.1696251E+00 -8.0038332E+00 -8.0038332E+00  2.0000000E+00  0.0000000E+00  0.0000000E+00  0.0000000E+00  0.0000000E+00  0.0000000E+00  0.0000000E+00
  3.1907947E+00 -8.0035961E+00 -8.0035961E+00  2.0000000E+00  0.0000000E+00  0.0000000E+00  0.0000000E+00  0.0000000E+00  0.0000000E+00  0.0000000E+00
  3.2121058E+00 -8.0033722E+00 -8.0033722E+00  2.0000000E+00  0.0000000E+00  0.0000000E+00  0.0000000E+00  0.0000000E+00  0.0000000E+00  0.0000000E+00
  3.2335592E+00 -8.0031611E+00 -8.0031611E+00  2.0000000E+00  0.0000000E+00  0.0000000E+00  0.0000000E+00  0.0000000E+00  0.0000000E+00  0.0000000E+00
  3.2551559E+00 -8.0029619E+00 -8.0029619E+00  2.0000000E+00  0.0000000E+00  0.0000000E+00  0.0000000E+00  0.0000000E+00  0.0000000E+00  0.0000000E+00
  3.2768968E+00 -8.0027742E+00 -8.0027742E+00  2.0000000E+00  0.0000000E+00  0.0000000E+00  0.0000000E+00  0.0000000E+00  0.0000000E+00  0.0000000E+00
  3.2987829E+00 -8.0025972E+00 -8.0025972E+00  2.0000000E+00  0.0000000E+00  0.0000000E+00  0.0000000E+00  0.0000000E+00  0.0000000E+00  0.0000000E+00
  3.3208152E+00 -8.0024306E+00 -8.0024306E+00  2.0000000E+00  0.0000000E+00  0.0000000E+00  0.0000000E+00  0.0000000E+00  0.0000000E+00  0.0000000E+00
  3.3429946E+00 -8.0022737E+00 -8.0022737E+00  2.0000000E+00  0.0000000E+00  0.0000000E+00  0.0000000E+00  0.0000000E+00  0.0000000E+00  0.0000000E+00
  3.3653222E+00 -8.0021260E+00 -8.0021260E+00  2.0000000E+00  0.0000000E+00  0.0000000E+00  0.0000000E+00  0.0000000E+00  0.0000000E+00  0.0000000E+00
  3.3877988E+00 -8.0019870E+00 -8.0019870E+00  2.0000000E+00  0.0000000E+00  0.0000000E+00  0.0000000E+00  0.0000000E+00  0.0000000E+00  0.0000000E+00
  3.4104256E+00 -8.0018564E+00 -8.0018564E+00  2.0000000E+00  0.0000000E+00  0.0000000E+00  0.0000000E+00  0.0000000E+00  0.0000000E+00  0.0000000E+00
  3.4332035E+00 -8.0017336E+00 -8.0017336E+00  2.0000000E+00  0.0000000E+00  0.0000000E+00  0.0000000E+00  0.0000000E+00  0.0000000E+00  0.0000000E+00
  3.4561335E+00 -8.0016182E+00 -8.0016182E+00  2.0000000E+00  0.0000000E+00  0.0000000E+00  0.0000000E+00  0.0000000E+00  0.0000000E+00  0.0000000E+00
  3.4792167E+00 -8.0015098E+00 -8.0015098E+00  2.0000000E+00  0.0000000E+00  0.0000000E+00  0.0000000E+00  0.0000000E+00  0.0000000E+00  0.0000000E+00
  3.5024540E+00 -8.0014081E+00 -8.0014081E+00  2.0000000E+00  0.0000000E+00  0.0000000E+00  0.0000000E+00  0.0000000E+00  0.0000000E+00  0.0000000E+00
  3.5258466E+00 -8.0013126E+00 -8.0013126E+00  2.0000000E+00  0.0000000E+00  0.0000000E+00  0.0000000E+00  0.0000000E+00  0.0000000E+00  0.0000000E+00
  3.5493953E+00 -8.0012231E+00 -8.0012231E+00  2.0000000E+00  0.0000000E+00  0.0000000E+00  0.0000000E+00  0.0000000E+00  0.0000000E+00  0.0000000E+00
  3.5731014E+00 -8.0011392E+00 -8.0011392E+00  2.0000000E+00  0.0000000E+00  0.0000000E+00  0.0000000E+00  0.0000000E+00  0.0000000E+00  0.0000000E+00
  3.5969657E+00 -8.0010605E+00 -8.0010605E+00  2.0000000E+00  0.0000000E+00  0.0000000E+00  0.0000000E+00  0.0000000E+00  0.0000000E+00  0.0000000E+00
  3.6209895E+00 -8.0009868E+00 -8.0009868E+00  2.0000000E+00  0.0000000E+00  0.0000000E+00  0.0000000E+00  0.0000000E+00  0.0000000E+00  0.0000000E+00
  3.6451736E+00 -8.0009179E+00 -8.0009179E+00  2.0000000E+00  0.0000000E+00  0.0000000E+00  0.0000000E+00  0.0000000E+00  0.0000000E+00  0.0000000E+00
  3.6695193E+00 -8.0008533E+00 -8.0008533E+00  2.0000000E+00  0.0000000E+00  0.0000000E+00  0.0000000E+00  0.0000000E+00  0.0000000E+00  0.0000000E+00
  3.6940276E+00 -8.0007929E+00 -8.0007929E+00  2.0000000E+00  0.0000000E+00  0.0000000E+00  0.0000000E+00  0.0000000E+00  0.0000000E+00  0.0000000E+00
  3.7186996E+00 -8.0007365E+00 -8.0007365E+00  2.0000000E+00  0.0000000E+00  0.0000000E+00  0.0000000E+00  0.0000000E+00  0.0000000E+00  0.0000000E+00
  3.7435364E+00 -8.0006837E+00 -8.0006837E+00  2.0000000E+00  0.0000000E+00  0.0000000E+00  0.0000000E+00  0.0000000E+00  0.0000000E+00  0.0000000E+00
  3.7685390E+00 -8.0006345E+00 -8.0006345E+00  2.0000000E+00  0.0000000E+00  0.0000000E+00  0.0000000E+00  0.0000000E+00  0.0000000E+00  0.0000000E+00
  3.7937086E+00 -8.0005885E+00 -8.0005885E+00  2.0000000E+00  0.0000000E+00  0.0000000E+00  0.0000000E+00  0.0000000E+00  0.0000000E+00  0.0000000E+00
  3.8190463E+00 -8.0005455E+00 -8.0005455E+00  2.0000000E+00  0.0000000E+00  0.0000000E+00  0.0000000E+00  0.0000000E+00  0.0000000E+00  0.0000000E+00
  3.8445533E+00 -8.0005055E+00 -8.0005055E+00  2.0000000E+00  0.0000000E+00  0.0000000E+00  0.0000000E+00  0.0000000E+00  0.0000000E+00  0.0000000E+00
  3.8702305E+00 -8.0004682E+00 -8.0004682E+00  2.0000000E+00  0.0000000E+00  0.0000000E+00  0.0000000E+00  0.0000000E+00  0.0000000E+00  0.0000000E+00
  3.8960793E+00 -8.0004334E+00 -8.0004334E+00  2.0000000E+00  0.0000000E+00  0.0000000E+00  0.0000000E+00  0.0000000E+00  0.0000000E+00  0.0000000E+00
  3.9221007E+00 -8.0004010E+00 -8.0004010E+00  2.0000000E+00  0.0000000E+00  0.0000000E+00  0.0000000E+00  0.0000000E+00  0.0000000E+00  0.0000000E+00
  3.9482959E+00 -8.0003708E+00 -8.0003708E+00  2.0000000E+00  0.0000000E+00  0.0000000E+00  0.0000000E+00  0.0000000E+00  0.0000000E+00  0.0000000E+00
  3.9746661E+00 -8.0003428E+00 -8.0003428E+00  2.0000000E+00  0.0000000E+00  0.0000000E+00  0.0000000E+00  0.0000000E+00  0.0000000E+00  0.0000000E+00
  4.0012123E+00 -8.0003167E+00 -8.0003167E+00  2.0000000E+00  0.0000000E+00  0.0000000E+00  0.0000000E+00  0.0000000E+00  0.0000000E+00  0.0000000E+00
  4.0279359E+00 -8.0002924E+00 -8.0002924E+00  2.0000000E+00  0.0000000E+00  0.0000000E+00  0.0000000E+00  0.0000000E+00  0.0000000E+00  0.0000000E+00
  4.0548379E+00 -8.0002699E+00 -8.0002699E+00  2.0000000E+00  0.0000000E+00  0.0000000E+00  0.0000000E+00  0.0000000E+00  0.0000000E+00  0.0000000E+00
  4.0819196E+00 -8.0002490E+00 -8.0002490E+00  2.0000000E+00  0.0000000E+00  0.0000000E+00  0.0000000E+00  0.0000000E+00  0.0000000E+00  0.0000000E+00
  4.1091822E+00 -8.0002295E+00 -8.0002295E+00  2.0000000E+00  0.0000000E+00  0.0000000E+00  0.0000000E+00  0.0000000E+00  0.0000000E+00  0.0000000E+00
  4.1366269E+00 -8.0002115E+00 -8.0002115E+00  2.0000000E+00  0.0000000E+00  0.0000000E+00  0.0000000E+00  0.0000000E+00  0.0000000E+00  0.0000000E+00
  4.1642548E+00 -8.0001948E+00 -8.0001948E+00  2.0000000E+00  0.0000000E+00  0.0000000E+00  0.0000000E+00  0.0000000E+00  0.0000000E+00  0.0000000E+00
  4.1920673E+00 -8.0001793E+00 -8.0001793E+00  2.0000000E+00  0.0000000E+00  0.0000000E+00  0.0000000E+00  0.0000000E+00  0.0000000E+00  0.0000000E+00
  4.2200655E+00 -8.0001650E+00 -8.0001650E+00  2.0000000E+00  0.0000000E+00  0.0000000E+00  0.0000000E+00  0.0000000E+00  0.0000000E+00  0.0000000E+00
  4.2482507E+00 -8.0001517E+00 -8.0001517E+00  2.0000000E+00  0.0000000E+00  0.0000000E+00  0.0000000E+00  0.0000000E+00  0.0000000E+00  0.0000000E+00
  4.2766241E+00 -8.0001395E+00 -8.0001395E+00  2.0000000E+00  0.0000000E+00  0.0000000E+00  0.0000000E+00  0.0000000E+00  0.0000000E+00  0.0000000E+00
  4.3051870E+00 -8.0001281E+00 -8.0001281E+00  2.0000000E+00  0.0000000E+00  0.0000000E+00  0.0000000E+00  0.0000000E+00  0.0000000E+00  0.0000000E+00
  4.3339407E+00 -8.0001176E+00 -8.0001176E+00  2.0000000E+00  0.0000000E+00  0.0000000E+00  0.0000000E+00  0.0000000E+00  0.0000000E+00  0.0000000E+00
  4.3628864E+00 -8.0001079E+00 -8.0001079E+00  2.0000000E+00  0.0000000E+00  0.0000000E+00  0.0000000E+00  0.0000000E+00  0.0000000E+00  0.0000000E+00
  4.3920255E+00 -8.0000990E+00 -8.0000990E+00  2.0000000E+00  0.0000000E+00  0.0000000E+00  0.0000000E+00  0.0000000E+00  0.0000000E+00  0.0000000E+00
  4.4213592E+00 -8.0000907E+00 -8.0000907E+00  2.0000000E+00  0.0000000E+00  0.0000000E+00  0.0000000E+00  0.0000000E+00  0.0000000E+00  0.0000000E+00
  4.4508887E+00 -8.0000831E+00 -8.0000831E+00  2.0000000E+00  0.0000000E+00  0.0000000E+00  0.0000000E+00  0.0000000E+00  0.0000000E+00  0.0000000E+00
  4.4806155E+00 -8.0000761E+00 -8.0000761E+00  2.0000000E+00  0.0000000E+00  0.0000000E+00  0.0000000E+00  0.0000000E+00  0.0000000E+00  0.0000000E+00
  4.5105408E+00 -8.0000696E+00 -8.0000696E+00  2.0000000E+00  0.0000000E+00  0.0000000E+00  0.0000000E+00  0.0000000E+00  0.0000000E+00  0.0000000E+00
  4.5406660E+00 -8.0000637E+00 -8.0000637E+00  2.0000000E+00  0.0000000E+00  0.0000000E+00  0.0000000E+00  0.0000000E+00  0.0000000E+00  0.0000000E+00
  4.5709924E+00 -8.0000582E+00 -8.0000582E+00  2.0000000E+00  0.0000000E+00  0.0000000E+00  0.0000000E+00  0.0000000E+00  0.0000000E+00  0.0000000E+00
  4.6015213E+00 -8.0000532E+00 -8.0000532E+00  2.0000000E+00  0.0000000E+00  0.0000000E+00  0.0000000E+00  0.0000000E+00  0.0000000E+00  0.0000000E+00
  4.6322541E+00 -8.0000486E+00 -8.0000485E+00  2.0000000E+00  0.0000000E+00  0.0000000E+00  0.0000000E+00  0.0000000E+00  0.0000000E+00  0.0000000E+00
  4.6631922E+00 -8.0000443E+00 -8.0000443E+00  2.0000000E+00  0.0000000E+00  0.0000000E+00  0.0000000E+00  0.0000000E+00  0.0000000E+00  0.0000000E+00
  4.6943368E+00 -8.0000404E+00 -8.0000404E+00  2.0000000E+00  0.0000000E+00  0.0000000E+00  0.0000000E+00  0.0000000E+00  0.0000000E+00  0.0000000E+00
  4.7256895E+00 -8.0000368E+00 -8.0000368E+00  2.0000000E+00  0.0000000E+00  0.0000000E+00  0.0000000E+00  0.0000000E+00  0.0000000E+00  0.0000000E+00
  4.7572516E+00 -8.0000335E+00 -8.0000335E+00  2.0000000E+00  0.0000000E+00  0.0000000E+00  0.0000000E+00  0.0000000E+00  0.0000000E+00  0.0000000E+00
  4.7890245E+00 -8.0000305E+00 -8.0000305E+00  2.0000000E+00  0.0000000E+00  0.0000000E+00  0.0000000E+00  0.0000000E+00  0.0000000E+00  0.0000000E+00
  4.8210095E+00 -8.0000278E+00 -8.0000278E+00  2.0000000E+00  0.0000000E+00  0.0000000E+00  0.0000000E+00  0.0000000E+00  0.0000000E+00  0.0000000E+00
  4.8532082E+00 -8.0000253E+00 -8.0000253E+00  2.0000000E+00  0.0000000E+00  0.0000000E+00  0.0000000E+00  0.0000000E+00  0.0000000E+00  0.0000000E+00
  4.8856220E+00 -8.0000230E+00 -8.0000229E+00  2.0000000E+00  0.0000000E+00  0.0000000E+00  0.0000000E+00  0.0000000E+00  0.0000000E+00  0.0000000E+00
  4.9182522E+00 -8.0000208E+00 -8.0000208E+00  2.0000000E+00  0.0000000E+00  0.0000000E+00  0.0000000E+00  0.0000000E+00  0.0000000E+00  0.0000000E+00
  4.9511003E+00 -8.0000189E+00 -8.0000189E+00  2.0000000E+00  0.0000000E+00  0.0000000E+00  0.0000000E+00  0.0000000E+00  0.0000000E+00  0.0000000E+00
  4.9841678E+00 -8.0000172E+00 -8.0000172E+00  2.0000000E+00  0.0000000E+00  0.0000000E+00  0.0000000E+00  0.0000000E+00  0.0000000E+00  0.0000000E+00
  5.0174562E+00 -8.0000156E+00 -8.0000156E+00  2.0000000E+00  0.0000000E+00  0.0000000E+00  0.0000000E+00  0.0000000E+00  0.0000000E+00  0.0000000E+00
  5.0509669E+00 -8.0000141E+00 -8.0000141E+00  2.0000000E+00  0.0000000E+00  0.0000000E+00  0.0000000E+00  0.0000000E+00  0.0000000E+00  0.0000000E+00
  5.0847014E+00 -8.0000128E+00 -8.0000128E+00  2.0000000E+00  0.0000000E+00  0.0000000E+00  0.0000000E+00  0.0000000E+00  0.0000000E+00  0.0000000E+00
  5.1186612E+00 -8.0000115E+00 -8.0000115E+00  2.0000000E+00  0.0000000E+00  0.0000000E+00  0.0000000E+00  0.0000000E+00  0.0000000E+00  0.0000000E+00
  5.1528478E+00 -8.0000104E+00 -8.0000104E+00  2.0000000E+00  0.0000000E+00  0.0000000E+00  0.0000000E+00  0.0000000E+00  0.0000000E+00  0.0000000E+00
  5.1872627E+00 -8.0000094E+00 -8.0000094E+00  2.0000000E+00  0.0000000E+00  0.0000000E+00  0.0000000E+00  0.0000000E+00  0.0000000E+00  0.0000000E+00
  5.2219074E+00 -8.0000085E+00 -8.0000085E+00  2.0000000E+00  0.0000000E+00  0.0000000E+00  0.0000000E+00  0.0000000E+00  0.0000000E+00  0.0000000E+00
  5.2567836E+00 -8.0000077E+00 -8.0000077E+00  2.0000000E+00  0.0000000E+00  0.0000000E+00  0.0000000E+00  0.0000000E+00  0.0000000E+00  0.0000000E+00
  5.2918926E+00 -8.0000069E+00 -8.0000069E+00  2.0000000E+00  0.0000000E+00  0.0000000E+00  0.0000000E+00  0.0000000E+00  0.0000000E+00  0.0000000E+00
  5.3272362E+00 -8.0000063E+00 -8.0000062E+00  2.0000000E+00  0.0000000E+00  0.0000000E+00  0.0000000E+00  0.0000000E+00  0.0000000E+00  0.0000000E+00
  5.3628158E+00 -8.0000056E+00 -8.0000056E+00  2.0000000E+00  0.0000000E+00  0.0000000E+00  0.0000000E+00  0.0000000E+00  0.0000000E+00  0.0000000E+00
  5.3986330E+00 -8.0000051E+00 -8.0000051E+00  2.0000000E+00  0.0000000E+00  0.0000000E+00  0.0000000E+00  0.0000000E+00  0.0000000E+00  0.0000000E+00
  5.4346894E+00 -8.0000046E+00 -8.0000046E+00  2.0000000E+00  0.0000000E+00  0.0000000E+00  0.0000000E+00  0.0000000E+00  0.0000000E+00  0.0000000E+00
  5.4709867E+00 -8.0000041E+00 -8.0000041E+00  2.0000000E+00  0.0000000E+00  0.0000000E+00  0.0000000E+00  0.0000000E+00  0.0000000E+00  0.0000000E+00
  5.5075263E+00 -8.0000037E+00 -8.0000037E+00  2.0000000E+00  0.0000000E+00  0.0000000E+00  0.0000000E+00  0.0000000E+00  0.0000000E+00  0.0000000E+00
  5.5443100E+00 -8.0000033E+00 -8.0000033E+00  2.0000000E+00  0.0000000E+00  0.0000000E+00  0.0000000E+00  0.0000000E+00  0.0000000E+00  0.0000000E+00
  5.5813394E+00 -8.0000030E+00 -8.0000030E+00  2.0000000E+00  0.0000000E+00  0.0000000E+00  0.0000000E+00  0.0000000E+00  0.0000000E+00  0.0000000E+00
  5.6186160E+00 -8.0000027E+00 -8.0000027E+00  2.0000000E+00  0.0000000E+00  0.0000000E+00  0.0000000E+00  0.0000000E+00  0.0000000E+00  0.0000000E+00
  5.6561416E+00 -8.0000024E+00 -8.0000024E+00  2.0000000E+00  0.0000000E+00  0.0000000E+00  0.0000000E+00  0.0000000E+00  0.0000000E+00  0.0000000E+00
  5.6939179E+00 -8.0000021E+00 -8.0000021E+00  2.0000000E+00  0.0000000E+00  0.0000000E+00  0.0000000E+00  0.0000000E+00  0.0000000E+00  0.0000000E+00
  5.7319464E+00 -8.0000019E+00 -8.0000019E+00  2.0000000E+00  0.0000000E+00  0.0000000E+00  0.0000000E+00  0.0000000E+00  0.0000000E+00  0.0000000E+00
  5.7702289E+00 -8.0000017E+00 -8.0000017E+00  2.0000000E+00  0.0000000E+00  0.0000000E+00  0.0000000E+00  0.0000000E+00  0.0000000E+00  0.0000000E+00
  5.8087671E+00 -8.0000015E+00 -8.0000015E+00  2.0000000E+00  0.0000000E+00  0.0000000E+00  0.0000000E+00  0.0000000E+00  0.0000000E+00  0.0000000E+00
  5.8475627E+00 -8.0000014E+00 -8.0000014E+00  2.0000000E+00  0.0000000E+00  0.0000000E+00  0.0000000E+00  0.0000000E+00  0.0000000E+00  0.0000000E+00
  5.8866174E+00 -8.0000012E+00 -8.0000012E+00  2.0000000E+00  0.0000000E+00  0.0000000E+00  0.0000000E+00  0.0000000E+00  0.0000000E+00  0.0000000E+00
  5.9259329E+00 -8.0000011E+00 -8.0000011E+00  2.0000000E+00  0.0000000E+00  0.0000000E+00  0.0000000E+00  0.0000000E+00  0.0000000E+00  0.0000000E+00
  5.9655109E+00 -8.0000010E+00 -8.0000010E+00  2.0000000E+00  0.0000000E+00  0.0000000E+00  0.0000000E+00  0.0000000E+00  0.0000000E+00  0.0000000E+00
  6.0053533E+00 -8.0000009E+00 -8.0000009E+00  2.0000000E+00  0.0000000E+00  0.0000000E+00  0.0000000E+00  0.0000000E+00  0.0000000E+00  0.0000000E+00
  6.0454618E+00 -8.0000008E+00 -8.0000008E+00  2.0000000E+00  0.0000000E+00  0.0000000E+00  0.0000000E+00  0.0000000E+00  0.0000000E+00  0.0000000E+00
  6.0858382E+00 -8.0000007E+00 -8.0000007E+00  2.0000000E+00  0.0000000E+00  0.0000000E+00  0.0000000E+00  0.0000000E+00  0.0000000E+00  0.0000000E+00
  6.1264842E+00 -8.0000006E+00 -8.0000006E+00  2.0000000E+00  0.0000000E+00  0.0000000E+00  0.0000000E+00  0.0000000E+00  0.0000000E+00  0.0000000E+00
  6.1674017E+00 -8.0000005E+00 -8.0000005E+00  2.0000000E+00  0.0000000E+00  0.0000000E+00  0.0000000E+00  0.0000000E+00  0.0000000E+00  0.0000000E+00
  6.2085925E+00 -8.0000005E+00 -8.0000005E+00  2.0000000E+00  0.0000000E+00  0.0000000E+00  0.0000000E+00  0.0000000E+00  0.0000000E+00  0.0000000E+00
  6.2500583E+00 -8.0000004E+00 -8.0000004E+00  2.0000000E+00  0.0000000E+00  0.0000000E+00  0.0000000E+00  0.0000000E+00  0.0000000E+00  0.0000000E+00
  6.2918011E+00 -8.0000004E+00 -8.0000004E+00  2.0000000E+00  0.0000000E+00  0.0000000E+00  0.0000000E+00  0.0000000E+00  0.0000000E+00  0.0000000E+00
  6.3338227E+00 -8.0000003E+00 -8.0000003E+00  2.0000000E+00  0.0000000E+00  0.0000000E+00  0.0000000E+00  0.0000000E+00  0.0000000E+00  0.0000000E+00
  6.3761249E+00 -8.0000003E+00 -8.0000003E+00  2.0000000E+00  0.0000000E+00  0.0000000E+00  0.0000000E+00  0.0000000E+00  0.0000000E+00  0.0000000E+00
  6.4187097E+00 -8.0000003E+00 -8.0000003E+00  2.0000000E+00  0.0000000E+00  0.0000000E+00  0.0000000E+00  0.0000000E+00  0.0000000E+00  0.0000000E+00
  6.4615788E+00 -8.0000002E+00 -8.0000002E+00  2.0000000E+00  0.0000000E+00  0.0000000E+00  0.0000000E+00  0.0000000E+00  0.0000000E+00  0.0000000E+00
  6.5047343E+00 -8.0000002E+00 -8.0000002E+00  2.0000000E+00  0.0000000E+00  0.0000000E+00  0.0000000E+00  0.0000000E+00  0.0000000E+00  0.0000000E+00
  6.5481780E+00 -8.0000002E+00 -8.0000002E+00  2.0000000E+00  0.0000000E+00  0.0000000E+00  0.0000000E+00  0.0000000E+00  0.0000000E+00  0.0000000E+00
  6.5919118E+00 -8.0000002E+00 -8.0000002E+00  2.0000000E+00  0.0000000E+00  0.0000000E+00  0.0000000E+00  0.0000000E+00  0.0000000E+00  0.0000000E+00
  6.6359377E+00 -8.0000001E+00 -8.0000001E+00  2.0000000E+00  0.0000000E+00  0.0000000E+00  0.0000000E+00  0.0000000E+00  0.0000000E+00  0.0000000E+00
  6.6802577E+00 -8.0000001E+00 -8.0000001E+00  2.0000000E+00  0.0000000E+00  0.0000000E+00  0.0000000E+00  0.0000000E+00  0.0000000E+00  0.0000000E+00
  6.7248736E+00 -8.0000001E+00 -8.0000001E+00  2.0000000E+00  0.0000000E+00  0.0000000E+00  0.0000000E+00  0.0000000E+00  0.0000000E+00  0.0000000E+00
  6.7697875E+00 -8.0000001E+00 -8.0000001E+00  2.0000000E+00  0.0000000E+00  0.0000000E+00  0.0000000E+00  0.0000000E+00  0.0000000E+00  0.0000000E+00
  6.8150014E+00 -8.0000001E+00 -8.0000001E+00  2.0000000E+00  0.0000000E+00  0.0000000E+00  0.0000000E+00  0.0000000E+00  0.0000000E+00  0.0000000E+00
  6.8605173E+00 -8.0000001E+00 -8.0000001E+00  2.0000000E+00  0.0000000E+00  0.0000000E+00  0.0000000E+00  0.0000000E+00  0.0000000E+00  0.0000000E+00
  6.9063371E+00 -8.0000001E+00 -8.0000001E+00  2.0000000E+00  0.0000000E+00  0.0000000E+00  0.0000000E+00  0.0000000E+00  0.0000000E+00  0.0000000E+00
  6.9524629E+00 -8.0000001E+00 -8.0000001E+00  2.0000000E+00  0.0000000E+00  0.0000000E+00  0.0000000E+00  0.0000000E+00  0.0000000E+00  0.0000000E+00
  6.9988968E+00 -8.0000000E+00 -8.0000000E+00  2.0000000E+00  0.0000000E+00  0.0000000E+00  0.0000000E+00  0.0000000E+00  0.0000000E+00  0.0000000E+00
  7.0456409E+00 -8.0000000E+00 -8.0000000E+00  2.0000000E+00  0.0000000E+00  0.0000000E+00  0.0000000E+00  0.0000000E+00  0.0000000E+00  0.0000000E+00
  7.0926971E+00 -8.0000000E+00 -8.0000000E+00  2.0000000E+00  0.0000000E+00  0.0000000E+00  0.0000000E+00  0.0000000E+00  0.0000000E+00  0.0000000E+00
  7.1400675E+00 -8.0000000E+00 -8.0000000E+00  2.0000000E+00  0.0000000E+00  0.0000000E+00  0.0000000E+00  0.0000000E+00  0.0000000E+00  0.0000000E+00
  7.1877544E+00 -8.0000000E+00 -8.0000000E+00  2.0000000E+00  0.0000000E+00  0.0000000E+00  0.0000000E+00  0.0000000E+00  0.0000000E+00  0.0000000E+00
  7.2357597E+00 -8.0000000E+00 -8.0000000E+00  2.0000000E+00  0.0000000E+00  0.0000000E+00  0.0000000E+00  0.0000000E+00  0.0000000E+00  0.0000000E+00
  7.2840857E+00 -8.0000000E+00 -8.0000000E+00  2.0000000E+00  0.0000000E+00  0.0000000E+00  0.0000000E+00  0.0000000E+00  0.0000000E+00  0.0000000E+00
  7.3327343E+00 -8.0000000E+00 -8.0000000E+00  2.0000000E+00  0.0000000E+00  0.0000000E+00  0.0000000E+00  0.0000000E+00  0.0000000E+00  0.0000000E+00
  7.3817079E+00 -8.0000000E+00 -8.0000000E+00  2.0000000E+00  0.0000000E+00  0.0000000E+00  0.0000000E+00  0.0000000E+00  0.0000000E+00  0.0000000E+00
  7.4310086E+00 -8.0000000E+00 -8.0000000E+00  2.0000000E+00  0.0000000E+00  0.0000000E+00  0.0000000E+00  0.0000000E+00  0.0000000E+00  0.0000000E+00
  7.4806386E+00 -8.0000000E+00 -8.0000000E+00  2.0000000E+00  0.0000000E+00  0.0000000E+00  0.0000000E+00  0.0000000E+00  0.0000000E+00  0.0000000E+00
  7.5306000E+00 -8.0000000E+00 -8.0000000E+00  2.0000000E+00  0.0000000E+00  0.0000000E+00  0.0000000E+00  0.0000000E+00  0.0000000E+00  0.0000000E+00
  7.5808950E+00 -8.0000000E+00 -8.0000000E+00  2.0000000E+00  0.0000000E+00  0.0000000E+00  0.0000000E+00  0.0000000E+00  0.0000000E+00  0.0000000E+00
  7.6315260E+00 -8.0000000E+00 -8.0000000E+00  2.0000000E+00  0.0000000E+00  0.0000000E+00  0.0000000E+00  0.0000000E+00  0.0000000E+00  0.0000000E+00
  7.6824951E+00 -8.0000000E+00 -8.0000000E+00  2.0000000E+00  0.0000000E+00  0.0000000E+00  0.0000000E+00  0.0000000E+00  0.0000000E+00  0.0000000E+00
  7.7338047E+00 -8.0000000E+00 -8.0000000E+00  2.0000000E+00  0.0000000E+00  0.0000000E+00  0.0000000E+00  0.0000000E+00  0.0000000E+00  0.0000000E+00
  7.7854569E+00 -8.0000000E+00 -8.0000000E+00  2.0000000E+00  0.0000000E+00  0.0000000E+00  0.0000000E+00  0.0000000E+00  0.0000000E+00  0.0000000E+00
  7.8374540E+00 -8.0000000E+00 -8.0000000E+00  2.0000000E+00  0.0000000E+00  0.0000000E+00  0.0000000E+00  0.0000000E+00  0.0000000E+00  0.0000000E+00
  7.8897985E+00 -8.0000000E+00 -8.0000000E+00  2.0000000E+00  0.0000000E+00  0.0000000E+00  0.0000000E+00  0.0000000E+00  0.0000000E+00  0.0000000E+00
  7.9424925E+00 -8.0000000E+00 -8.0000000E+00  2.0000000E+00  0.0000000E+00  0.0000000E+00  0.0000000E+00  0.0000000E+00  0.0000000E+00  0.0000000E+00
  7.9955385E+00 -8.0000000E+00 -8.0000000E+00  2.0000000E+00  0.0000000E+00  0.0000000E+00  0.0000000E+00  0.0000000E+00  0.0000000E+00  0.0000000E+00
  8.0489387E+00 -8.0000000E+00 -8.0000000E+00  2.0000000E+00  0.0000000E+00  0.0000000E+00  0.0000000E+00  0.0000000E+00  0.0000000E+00  0.0000000E+00
  8.1026956E+00 -8.0000000E+00 -8.0000000E+00  2.0000000E+00  0.0000000E+00  0.0000000E+00  0.0000000E+00  0.0000000E+00  0.0000000E+00  0.0000000E+00
  8.1568115E+00 -8.0000000E+00 -8.0000000E+00  2.0000000E+00  0.0000000E+00  0.0000000E+00  0.0000000E+00  0.0000000E+00  0.0000000E+00  0.0000000E+00
  8.2112888E+00 -8.0000000E+00 -8.0000000E+00  2.0000000E+00  0.0000000E+00  0.0000000E+00  0.0000000E+00  0.0000000E+00  0.0000000E+00  0.0000000E+00
  8.2661299E+00 -8.0000000E+00 -8.0000000E+00  2.0000000E+00  0.0000000E+00  0.0000000E+00  0.0000000E+00  0.0000000E+00  0.0000000E+00  0.0000000E+00
  8.3213374E+00 -8.0000000E+00 -8.0000000E+00  2.0000000E+00  0.0000000E+00  0.0000000E+00  0.0000000E+00  0.0000000E+00  0.0000000E+00  0.0000000E+00
  8.3769135E+00 -8.0000000E+00 -8.0000000E+00  2.0000000E+00  0.0000000E+00  0.0000000E+00  0.0000000E+00  0.0000000E+00  0.0000000E+00  0.0000000E+00
  8.4328608E+00 -8.0000000E+00 -8.0000000E+00  2.0000000E+00  0.0000000E+00  0.0000000E+00  0.0000000E+00  0.0000000E+00  0.0000000E+00  0.0000000E+00
  8.4891817E+00 -8.0000000E+00 -8.0000000E+00  2.0000000E+00  0.0000000E+00  0.0000000E+00  0.0000000E+00  0.0000000E+00  0.0000000E+00  0.0000000E+00
  8.5458788E+00 -8.0000000E+00 -8.0000000E+00  2.0000000E+00  0.0000000E+00  0.0000000E+00  0.0000000E+00  0.0000000E+00  0.0000000E+00  0.0000000E+00
  8.6029546E+00 -8.0000000E+00 -8.0000000E+00  2.0000000E+00  0.0000000E+00  0.0000000E+00  0.0000000E+00  0.0000000E+00  0.0000000E+00  0.0000000E+00
  8.6604115E+00 -8.0000000E+00 -8.0000000E+00  2.0000000E+00  0.0000000E+00  0.0000000E+00  0.0000000E+00  0.0000000E+00  0.0000000E+00  0.0000000E+00
  8.7182522E+00 -8.0000000E+00 -8.0000000E+00  2.0000000E+00  0.0000000E+00  0.0000000E+00  0.0000000E+00  0.0000000E+00  0.0000000E+00  0.0000000E+00
  8.7764792E+00 -8.0000000E+00 -8.0000000E+00  2.0000000E+00  0.0000000E+00  0.0000000E+00  0.0000000E+00  0.0000000E+00  0.0000000E+00  0.0000000E+00
  8.8350951E+00 -8.0000000E+00 -8.0000000E+00  2.0000000E+00  0.0000000E+00  0.0000000E+00  0.0000000E+00  0.0000000E+00  0.0000000E+00  0.0000000E+00
  8.8941024E+00 -8.0000000E+00 -8.0000000E+00  2.0000000E+00  0.0000000E+00  0.0000000E+00  0.0000000E+00  0.0000000E+00  0.0000000E+00  0.0000000E+00
  8.9535038E+00 -8.0000000E+00 -8.0000000E+00  2.0000000E+00  0.0000000E+00  0.0000000E+00  0.0000000E+00  0.0000000E+00  0.0000000E+00  0.0000000E+00
  9.0133020E+00 -8.0000000E+00 -8.0000000E+00  2.0000000E+00  0.0000000E+00  0.0000000E+00  0.0000000E+00  0.0000000E+00  0.0000000E+00  0.0000000E+00
  9.0734995E+00 -8.0000000E+00 -8.0000000E+00  2.0000000E+00  0.0000000E+00  0.0000000E+00  0.0000000E+00  0.0000000E+00  0.0000000E+00  0.0000000E+00
  9.1340990E+00 -8.0000000E+00 -8.0000000E+00  2.0000000E+00  0.0000000E+00  0.0000000E+00  0.0000000E+00  0.0000000E+00  0.0000000E+00  0.0000000E+00
  9.1951033E+00 -8.0000000E+00 -8.0000000E+00  2.0000000E+00  0.0000000E+00  0.0000000E+00  0.0000000E+00  0.0000000E+00  0.0000000E+00  0.0000000E+00
  9.2565150E+00 -8.0000000E+00 -8.0000000E+00  2.0000000E+00  0.0000000E+00  0.0000000E+00  0.0000000E+00  0.0000000E+00  0.0000000E+00  0.0000000E+00
  9.3183368E+00 -8.0000000E+00 -8.0000000E+00  2.0000000E+00  0.0000000E+00  0.0000000E+00  0.0000000E+00  0.0000000E+00  0.0000000E+00  0.0000000E+00
  9.3805716E+00 -8.0000000E+00 -8.0000000E+00  2.0000000E+00  0.0000000E+00  0.0000000E+00  0.0000000E+00  0.0000000E+00  0.0000000E+00  0.0000000E+00
  9.4432219E+00 -8.0000000E+00 -8.0000000E+00  2.0000000E+00  0.0000000E+00  0.0000000E+00  0.0000000E+00  0.0000000E+00  0.0000000E+00  0.0000000E+00
  9.5062907E+00 -8.0000000E+00 -8.0000000E+00  2.0000000E+00  0.0000000E+00  0.0000000E+00  0.0000000E+00  0.0000000E+00  0.0000000E+00  0.0000000E+00
  9.5697807E+00 -8.0000000E+00 -8.0000000E+00  2.0000000E+00  0.0000000E+00  0.0000000E+00  0.0000000E+00  0.0000000E+00  0.0000000E+00  0.0000000E+00
  9.6336948E+00 -8.0000000E+00 -8.0000000E+00  2.0000000E+00  0.0000000E+00  0.0000000E+00  0.0000000E+00  0.0000000E+00  0.0000000E+00  0.0000000E+00
  9.6980356E+00 -8.0000000E+00 -8.0000000E+00  2.0000000E+00  0.0000000E+00  0.0000000E+00  0.0000000E+00  0.0000000E+00  0.0000000E+00  0.0000000E+00
  9.7628063E+00 -8.0000000E+00 -8.0000000E+00  2.0000000E+00  0.0000000E+00  0.0000000E+00  0.0000000E+00  0.0000000E+00  0.0000000E+00  0.0000000E+00
  9.8280094E+00 -8.0000000E+00 -8.0000000E+00  2.0000000E+00  0.0000000E+00  0.0000000E+00  0.0000000E+00  0.0000000E+00  0.0000000E+00  0.0000000E+00
  9.8936481E+00 -8.0000000E+00 -8.0000000E+00  2.0000000E+00  0.0000000E+00  0.0000000E+00  0.0000000E+00  0.0000000E+00  0.0000000E+00  0.0000000E+00
  9.9597251E+00 -8.0000000E+00 -8.0000000E+00  2.0000000E+00  0.0000000E+00  0.0000000E+00  0.0000000E+00  0.0000000E+00  0.0000000E+00  0.0000000E+00
  1.0026243E+01 -8.0000000E+00 -8.0000000E+00  2.0000000E+00  0.0000000E+00  0.0000000E+00  0.0000000E+00  0.0000000E+00  0.0000000E+00  0.0000000E+00
  1.0093206E+01 -8.0000000E+00 -8.0000000E+00  2.0000000E+00  0.0000000E+00  0.0000000E+00  0.0000000E+00  0.0000000E+00  0.0000000E+00  0.0000000E+00
  1.0160616E+01 -8.0000000E+00 -8.0000000E+00  2.0000000E+00  0.0000000E+00  0.0000000E+00  0.0000000E+00  0.0000000E+00  0.0000000E+00  0.0000000E+00
  1.0228476E+01 -8.0000000E+00 -8.0000000E+00  2.0000000E+00  0.0000000E+00  0.0000000E+00  0.0000000E+00  0.0000000E+00  0.0000000E+00  0.0000000E+00
  1.0296789E+01 -8.0000000E+00 -8.0000000E+00  2.0000000E+00  0.0000000E+00  0.0000000E+00  0.0000000E+00  0.0000000E+00  0.0000000E+00  0.0000000E+00
  1.0365559E+01 -8.0000000E+00 -8.0000000E+00  2.0000000E+00  0.0000000E+00  0.0000000E+00  0.0000000E+00  0.0000000E+00  0.0000000E+00  0.0000000E+00
  1.0434787E+01 -8.0000000E+00 -8.0000000E+00  2.0000000E+00  0.0000000E+00  0.0000000E+00  0.0000000E+00  0.0000000E+00  0.0000000E+00  0.0000000E+00
  1.0504478E+01 -8.0000000E+00 -8.0000000E+00  2.0000000E+00  0.0000000E+00  0.0000000E+00  0.0000000E+00  0.0000000E+00  0.0000000E+00  0.0000000E+00
  1.0574635E+01 -8.0000000E+00 -8.0000000E+00  2.0000000E+00  0.0000000E+00  0.0000000E+00  0.0000000E+00  0.0000000E+00  0.0000000E+00  0.0000000E+00
  1.0645260E+01 -8.0000000E+00 -8.0000000E+00  2.0000000E+00  0.0000000E+00  0.0000000E+00  0.0000000E+00  0.0000000E+00  0.0000000E+00  0.0000000E+00
  1.0716357E+01 -8.0000000E+00 -8.0000000E+00  2.0000000E+00  0.0000000E+00  0.0000000E+00  0.0000000E+00  0.0000000E+00  0.0000000E+00  0.0000000E+00
  1.0787928E+01 -8.0000000E+00 -8.0000000E+00  2.0000000E+00  0.0000000E+00  0.0000000E+00  0.0000000E+00  0.0000000E+00  0.0000000E+00  0.0000000E+00
  1.0859978E+01 -8.0000000E+00 -8.0000000E+00  2.0000000E+00  0.0000000E+00  0.0000000E+00  0.0000000E+00  0.0000000E+00  0.0000000E+00  0.0000000E+00
  1.0932509E+01 -8.0000000E+00 -8.0000000E+00  2.0000000E+00  0.0000000E+00  0.0000000E+00  0.0000000E+00  0.0000000E+00  0.0000000E+00  0.0000000E+00
  1.1005524E+01 -8.0000000E+00 -8.0000000E+00  2.0000000E+00  0.0000000E+00  0.0000000E+00  0.0000000E+00  0.0000000E+00  0.0000000E+00  0.0000000E+00
  1.1079027E+01 -8.0000000E+00 -8.0000000E+00  2.0000000E+00  0.0000000E+00  0.0000000E+00  0.0000000E+00  0.0000000E+00  0.0000000E+00  0.0000000E+00
  1.1153021E+01 -8.0000000E+00 -8.0000000E+00  2.0000000E+00  0.0000000E+00  0.0000000E+00  0.0000000E+00  0.0000000E+00  0.0000000E+00  0.0000000E+00
  1.1227509E+01 -8.0000000E+00 -8.0000000E+00  2.0000000E+00  0.0000000E+00  0.0000000E+00  0.0000000E+00  0.0000000E+00  0.0000000E+00  0.0000000E+00
  1.1302494E+01 -8.0000000E+00 -8.0000000E+00  2.0000000E+00  0.0000000E+00  0.0000000E+00  0.0000000E+00  0.0000000E+00  0.0000000E+00  0.0000000E+00
  1.1377980E+01 -8.0000000E+00 -8.0000000E+00  2.0000000E+00  0.0000000E+00  0.0000000E+00  0.0000000E+00  0.0000000E+00  0.0000000E+00  0.0000000E+00
  1.1453970E+01 -8.0000000E+00 -8.0000000E+00  2.0000000E+00  0.0000000E+00  0.0000000E+00  0.0000000E+00  0.0000000E+00  0.0000000E+00  0.0000000E+00
  1.1530468E+01 -8.0000000E+00 -8.0000000E+00  2.0000000E+00  0.0000000E+00  0.0000000E+00  0.0000000E+00  0.0000000E+00  0.0000000E+00  0.0000000E+00
  1.1607477E+01 -8.0000000E+00 -8.0000000E+00  2.0000000E+00  0.0000000E+00  0.0000000E+00  0.0000000E+00  0.0000000E+00  0.0000000E+00  0.0000000E+00
  1.1685000E+01 -8.0000000E+00 -8.0000000E+00  2.0000000E+00  0.0000000E+00  0.0000000E+00  0.0000000E+00  0.0000000E+00  0.0000000E+00  0.0000000E+00
  1.1763041E+01 -8.0000000E+00 -8.0000000E+00  2.0000000E+00  0.0000000E+00  0.0000000E+00  0.0000000E+00  0.0000000E+00  0.0000000E+00  0.0000000E+00
  1.1841603E+01 -8.0000000E+00 -8.0000000E+00  2.0000000E+00  0.0000000E+00  0.0000000E+00  0.0000000E+00  0.0000000E+00  0.0000000E+00  0.0000000E+00
  1.1920690E+01 -8.0000000E+00 -8.0000000E+00  2.0000000E+00  0.0000000E+00  0.0000000E+00  0.0000000E+00  0.0000000E+00  0.0000000E+00  0.0000000E+00
  1.2000305E+01 -8.0000000E+00 -8.0000000E+00  2.0000000E+00  0.0000000E+00  0.0000000E+00  0.0000000E+00  0.0000000E+00  0.0000000E+00  0.0000000E+00
  1.2080451E+01 -8.0000000E+00 -8.0000000E+00  2.0000000E+00  0.0000000E+00  0.0000000E+00  0.0000000E+00  0.0000000E+00  0.0000000E+00  0.0000000E+00
  1.2161133E+01 -8.0000000E+00 -8.0000000E+00  2.0000000E+00  0.0000000E+00  0.0000000E+00  0.0000000E+00  0.0000000E+00  0.0000000E+00  0.0000000E+00
  1.2242354E+01 -8.0000000E+00 -8.0000000E+00  2.0000000E+00  0.0000000E+00  0.0000000E+00  0.0000000E+00  0.0000000E+00  0.0000000E+00  0.0000000E+00
  1.2324117E+01 -8.0000000E+00 -8.0000000E+00  2.0000000E+00  0.0000000E+00  0.0000000E+00  0.0000000E+00  0.0000000E+00  0.0000000E+00  0.0000000E+00
  1.2406426E+01 -8.0000000E+00 -8.0000000E+00  2.0000000E+00  0.0000000E+00  0.0000000E+00  0.0000000E+00  0.0000000E+00  0.0000000E+00  0.0000000E+00
  1.2489285E+01 -8.0000000E+00 -8.0000000E+00  2.0000000E+00  0.0000000E+00  0.0000000E+00  0.0000000E+00  0.0000000E+00  0.0000000E+00  0.0000000E+00
  1.2572698E+01 -8.0000000E+00 -8.0000000E+00  2.0000000E+00  0.0000000E+00  0.0000000E+00  0.0000000E+00  0.0000000E+00  0.0000000E+00  0.0000000E+00
  1.2656667E+01 -8.0000000E+00 -8.0000000E+00  2.0000000E+00  0.0000000E+00  0.0000000E+00  0.0000000E+00  0.0000000E+00  0.0000000E+00  0.0000000E+00
  1.2741197E+01 -8.0000000E+00 -8.0000000E+00  2.0000000E+00  0.0000000E+00  0.0000000E+00  0.0000000E+00  0.0000000E+00  0.0000000E+00  0.0000000E+00
  1.2826292E+01 -8.0000000E+00 -8.0000000E+00  2.0000000E+00  0.0000000E+00  0.0000000E+00  0.0000000E+00  0.0000000E+00  0.0000000E+00  0.0000000E+00
  1.2911955E+01 -8.0000000E+00 -8.0000000E+00  2.0000000E+00  0.0000000E+00  0.0000000E+00  0.0000000E+00  0.0000000E+00  0.0000000E+00  0.0000000E+00
  1.2998191E+01 -8.0000000E+00 -8.0000000E+00  2.0000000E+00  0.0000000E+00  0.0000000E+00  0.0000000E+00  0.0000000E+00  0.0000000E+00  0.0000000E+00
  1.3085002E+01 -8.0000000E+00 -8.0000000E+00  2.0000000E+00  0.0000000E+00  0.0000000E+00  0.0000000E+00  0.0000000E+00  0.0000000E+00  0.0000000E+00
  1.3172393E+01 -8.0000000E+00 -8.0000000E+00  2.0000000E+00  0.0000000E+00  0.0000000E+00  0.0000000E+00  0.0000000E+00  0.0000000E+00  0.0000000E+00
  1.3260367E+01 -8.0000000E+00 -8.0000000E+00  2.0000000E+00  0.0000000E+00  0.0000000E+00  0.0000000E+00  0.0000000E+00  0.0000000E+00  0.0000000E+00
  1.3348929E+01 -8.0000000E+00 -8.0000000E+00  2.0000000E+00  0.0000000E+00  0.0000000E+00  0.0000000E+00  0.0000000E+00  0.0000000E+00  0.0000000E+00
  1.3438083E+01 -8.0000000E+00 -8.0000000E+00  2.0000000E+00  0.0000000E+00  0.0000000E+00  0.0000000E+00  0.0000000E+00  0.0000000E+00  0.0000000E+00
  1.3527832E+01 -8.0000000E+00 -8.0000000E+00  2.0000000E+00  0.0000000E+00  0.0000000E+00  0.0000000E+00  0.0000000E+00  0.0000000E+00  0.0000000E+00
  1.3618181E+01 -8.0000000E+00 -8.0000000E+00  2.0000000E+00  0.0000000E+00  0.0000000E+00  0.0000000E+00  0.0000000E+00  0.0000000E+00  0.0000000E+00
  1.3709132E+01 -8.0000000E+00 -8.0000000E+00  2.0000000E+00  0.0000000E+00  0.0000000E+00  0.0000000E+00  0.0000000E+00  0.0000000E+00  0.0000000E+00
  1.3800692E+01 -8.0000000E+00 -8.0000000E+00  2.0000000E+00  0.0000000E+00  0.0000000E+00  0.0000000E+00  0.0000000E+00  0.0000000E+00  0.0000000E+00
  1.3892862E+01 -8.0000000E+00 -8.0000000E+00  2.0000000E+00  0.0000000E+00  0.0000000E+00  0.0000000E+00  0.0000000E+00  0.0000000E+00  0.0000000E+00
  1.3985649E+01 -8.0000000E+00 -8.0000000E+00  2.0000000E+00  0.0000000E+00  0.0000000E+00  0.0000000E+00  0.0000000E+00  0.0000000E+00  0.0000000E+00
  1.4079055E+01 -8.0000000E+00 -8.0000000E+00  2.0000000E+00  0.0000000E+00  0.0000000E+00  0.0000000E+00  0.0000000E+00  0.0000000E+00  0.0000000E+00
  1.4173085E+01 -8.0000000E+00 -8.0000000E+00  2.0000000E+00  0.0000000E+00  0.0000000E+00  0.0000000E+00  0.0000000E+00  0.0000000E+00  0.0000000E+00
  1.4267743E+01 -8.0000000E+00 -8.0000000E+00  2.0000000E+00  0.0000000E+00  0.0000000E+00  0.0000000E+00  0.0000000E+00  0.0000000E+00  0.0000000E+00
  1.4363033E+01 -8.0000000E+00 -8.0000000E+00  2.0000000E+00  0.0000000E+00  0.0000000E+00  0.0000000E+00  0.0000000E+00  0.0000000E+00  0.0000000E+00
  1.4458959E+01 -8.0000000E+00 -8.0000000E+00  2.0000000E+00  0.0000000E+00  0.0000000E+00  0.0000000E+00  0.0000000E+00  0.0000000E+00  0.0000000E+00
  1.4555526E+01 -8.0000000E+00 -8.0000000E+00  2.0000000E+00  0.0000000E+00  0.0000000E+00  0.0000000E+00  0.0000000E+00  0.0000000E+00  0.0000000E+00
  1.4652738E+01 -8.0000000E+00 -8.0000000E+00  2.0000000E+00  0.0000000E+00  0.0000000E+00  0.0000000E+00  0.0000000E+00  0.0000000E+00  0.0000000E+00
  1.4750599E+01 -8.0000000E+00 -8.0000000E+00  2.0000000E+00  0.0000000E+00  0.0000000E+00  0.0000000E+00  0.0000000E+00  0.0000000E+00  0.0000000E+00
  1.4849114E+01 -8.0000000E+00 -8.0000000E+00  2.0000000E+00  0.0000000E+00  0.0000000E+00  0.0000000E+00  0.0000000E+00  0.0000000E+00  0.0000000E+00
  1.4948287E+01 -8.0000000E+00 -8.0000000E+00  2.0000000E+00  0.0000000E+00  0.0000000E+00  0.0000000E+00  0.0000000E+00  0.0000000E+00  0.0000000E+00
  1.5048122E+01 -8.0000000E+00 -8.0000000E+00  2.0000000E+00  0.0000000E+00  0.0000000E+00  0.0000000E+00  0.0000000E+00  0.0000000E+00  0.0000000E+00
  1.5148624E+01 -8.0000000E+00 -8.0000000E+00  2.0000000E+00  0.0000000E+00  0.0000000E+00  0.0000000E+00  0.0000000E+00  0.0000000E+00  0.0000000E+00
  1.5249797E+01 -8.0000000E+00 -8.0000000E+00  2.0000000E+00  0.0000000E+00  0.0000000E+00  0.0000000E+00  0.0000000E+00  0.0000000E+00  0.0000000E+00
  1.5351646E+01 -8.0000000E+00 -8.0000000E+00  2.0000000E+00  0.0000000E+00  0.0000000E+00  0.0000000E+00  0.0000000E+00  0.0000000E+00  0.0000000E+00
  1.5454175E+01 -8.0000000E+00 -8.0000000E+00  2.0000000E+00  0.0000000E+00  0.0000000E+00  0.0000000E+00  0.0000000E+00  0.0000000E+00  0.0000000E+00
  1.5557389E+01 -8.0000000E+00 -8.0000000E+00  2.0000000E+00  0.0000000E+00  0.0000000E+00  0.0000000E+00  0.0000000E+00  0.0000000E+00  0.0000000E+00
  1.5661292E+01 -8.0000000E+00 -8.0000000E+00  2.0000000E+00  0.0000000E+00  0.0000000E+00  0.0000000E+00  0.0000000E+00  0.0000000E+00  0.0000000E+00
  1.5765889E+01 -8.0000000E+00 -8.0000000E+00  2.0000000E+00  0.0000000E+00  0.0000000E+00  0.0000000E+00  0.0000000E+00  0.0000000E+00  0.0000000E+00
  1.5871185E+01 -8.0000000E+00 -8.0000000E+00  2.0000000E+00  0.0000000E+00  0.0000000E+00  0.0000000E+00  0.0000000E+00  0.0000000E+00  0.0000000E+00
  1.5977184E+01 -8.0000000E+00 -8.0000000E+00  2.0000000E+00  0.0000000E+00  0.0000000E+00  0.0000000E+00  0.0000000E+00  0.0000000E+00  0.0000000E+00
  1.6083891E+01 -8.0000000E+00 -8.0000000E+00  2.0000000E+00  0.0000000E+00  0.0000000E+00  0.0000000E+00  0.0000000E+00  0.0000000E+00  0.0000000E+00
  1.6191310E+01 -8.0000000E+00 -8.0000000E+00  2.0000000E+00  0.0000000E+00  0.0000000E+00  0.0000000E+00  0.0000000E+00  0.0000000E+00  0.0000000E+00
  1.6299447E+01 -8.0000000E+00 -8.0000000E+00  2.0000000E+00  0.0000000E+00  0.0000000E+00  0.0000000E+00  0.0000000E+00  0.0000000E+00  0.0000000E+00
  1.6408306E+01 -8.0000000E+00 -8.0000000E+00  2.0000000E+00  0.0000000E+00  0.0000000E+00  0.0000000E+00  0.0000000E+00  0.0000000E+00  0.0000000E+00
  1.6517892E+01 -8.0000000E+00 -8.0000000E+00  2.0000000E+00  0.0000000E+00  0.0000000E+00  0.0000000E+00  0.0000000E+00  0.0000000E+00  0.0000000E+00
  1.6628210E+01 -8.0000000E+00 -8.0000000E+00  2.0000000E+00  0.0000000E+00  0.0000000E+00  0.0000000E+00  0.0000000E+00  0.0000000E+00  0.0000000E+00
  1.6739265E+01 -8.0000000E+00 -8.0000000E+00  2.0000000E+00  0.0000000E+00  0.0000000E+00  0.0000000E+00  0.0000000E+00  0.0000000E+00  0.0000000E+00
  1.6851061E+01 -8.0000000E+00 -8.0000000E+00  2.0000000E+00  0.0000000E+00  0.0000000E+00  0.0000000E+00  0.0000000E+00  0.0000000E+00  0.0000000E+00
  1.6963604E+01 -8.0000000E+00 -8.0000000E+00  2.0000000E+00  0.0000000E+00  0.0000000E+00  0.0000000E+00  0.0000000E+00  0.0000000E+00  0.0000000E+00
  1.7076899E+01 -8.0000000E+00 -8.0000000E+00  2.0000000E+00  0.0000000E+00  0.0000000E+00  0.0000000E+00  0.0000000E+00  0.0000000E+00  0.0000000E+00
  1.7190950E+01 -8.0000000E+00 -8.0000000E+00  2.0000000E+00  0.0000000E+00  0.0000000E+00  0.0000000E+00  0.0000000E+00  0.0000000E+00  0.0000000E+00
  1.7305764E+01 -8.0000000E+00 -8.0000000E+00  2.0000000E+00  0.0000000E+00  0.0000000E+00  0.0000000E+00  0.0000000E+00  0.0000000E+00  0.0000000E+00
  1.7421343E+01 -8.0000000E+00 -8.0000000E+00  2.0000000E+00  0.0000000E+00  0.0000000E+00  0.0000000E+00  0.0000000E+00  0.0000000E+00  0.0000000E+00
  1.7537695E+01 -8.0000000E+00 -8.0000000E+00  2.0000000E+00  0.0000000E+00  0.0000000E+00  0.0000000E+00  0.0000000E+00  0.0000000E+00  0.0000000E+00
  1.7654824E+01 -8.0000000E+00 -8.0000000E+00  2.0000000E+00  0.0000000E+00  0.0000000E+00  0.0000000E+00  0.0000000E+00  0.0000000E+00  0.0000000E+00
  1.7772735E+01 -8.0000000E+00 -8.0000000E+00  2.0000000E+00  0.0000000E+00  0.0000000E+00  0.0000000E+00  0.0000000E+00  0.0000000E+00  0.0000000E+00
  1.7891434E+01 -8.0000000E+00 -8.0000000E+00  2.0000000E+00  0.0000000E+00  0.0000000E+00  0.0000000E+00  0.0000000E+00  0.0000000E+00  0.0000000E+00
  1.8010925E+01 -8.0000000E+00 -8.0000000E+00  2.0000000E+00  0.0000000E+00  0.0000000E+00  0.0000000E+00  0.0000000E+00  0.0000000E+00  0.0000000E+00
  1.8131215E+01 -8.0000000E+00 -8.0000000E+00  2.0000000E+00  0.0000000E+00  0.0000000E+00  0.0000000E+00  0.0000000E+00  0.0000000E+00  0.0000000E+00
  1.8252307E+01 -8.0000000E+00 -8.0000000E+00  2.0000000E+00  0.0000000E+00  0.0000000E+00  0.0000000E+00  0.0000000E+00  0.0000000E+00  0.0000000E+00
  1.8374209E+01 -8.0000000E+00 -8.0000000E+00  2.0000000E+00  0.0000000E+00  0.0000000E+00  0.0000000E+00  0.0000000E+00  0.0000000E+00  0.0000000E+00
  1.8496925E+01 -8.0000000E+00 -8.0000000E+00  2.0000000E+00  0.0000000E+00  0.0000000E+00  0.0000000E+00  0.0000000E+00  0.0000000E+00  0.0000000E+00
  1.8620460E+01 -8.0000000E+00 -8.0000000E+00  2.0000000E+00  0.0000000E+00  0.0000000E+00  0.0000000E+00  0.0000000E+00  0.0000000E+00  0.0000000E+00
  1.8744820E+01 -8.0000000E+00 -8.0000000E+00  2.0000000E+00  0.0000000E+00  0.0000000E+00  0.0000000E+00  0.0000000E+00  0.0000000E+00  0.0000000E+00
  1.8870011E+01 -8.0000000E+00 -8.0000000E+00  2.0000000E+00  0.0000000E+00  0.0000000E+00  0.0000000E+00  0.0000000E+00  0.0000000E+00  0.0000000E+00
  1.8996038E+01 -8.0000000E+00 -8.0000000E+00  2.0000000E+00  0.0000000E+00  0.0000000E+00  0.0000000E+00  0.0000000E+00  0.0000000E+00  0.0000000E+00
  1.9122907E+01 -8.0000000E+00 -8.0000000E+00  2.0000000E+00  0.0000000E+00  0.0000000E+00  0.0000000E+00  0.0000000E+00  0.0000000E+00  0.0000000E+00
  1.9250623E+01 -8.0000000E+00 -8.0000000E+00  2.0000000E+00  0.0000000E+00  0.0000000E+00  0.0000000E+00  0.0000000E+00  0.0000000E+00  0.0000000E+00
  1.9379191E+01 -8.0000000E+00 -8.0000000E+00  2.0000000E+00  0.0000000E+00  0.0000000E+00  0.0000000E+00  0.0000000E+00  0.0000000E+00  0.0000000E+00
  1.9508619E+01 -8.0000000E+00 -8.0000000E+00  2.0000000E+00  0.0000000E+00  0.0000000E+00  0.0000000E+00  0.0000000E+00  0.0000000E+00  0.0000000E+00
  1.9638911E+01 -8.0000000E+00 -8.0000000E+00  2.0000000E+00  0.0000000E+00  0.0000000E+00  0.0000000E+00  0.0000000E+00  0.0000000E+00  0.0000000E+00
  1.9770073E+01 -8.0000000E+00 -8.0000000E+00  2.0000000E+00  0.0000000E+00  0.0000000E+00  0.0000000E+00  0.0000000E+00  0.0000000E+00  0.0000000E+00
  1.9902111E+01 -8.0000000E+00 -8.0000000E+00  2.0000000E+00  0.0000000E+00  0.0000000E+00  0.0000000E+00  0.0000000E+00  0.0000000E+00  0.0000000E+00
  2.0035031E+01 -8.0000000E+00 -8.0000000E+00  2.0000000E+00  0.0000000E+00  0.0000000E+00  0.0000000E+00  0.0000000E+00  0.0000000E+00  0.0000000E+00
  2.0168839E+01 -8.0000000E+00 -8.0000000E+00  2.0000000E+00  0.0000000E+00  0.0000000E+00  0.0000000E+00  0.0000000E+00  0.0000000E+00  0.0000000E+00
  2.0303540E+01 -8.0000000E+00 -8.0000000E+00  2.0000000E+00  0.0000000E+00  0.0000000E+00  0.0000000E+00  0.0000000E+00  0.0000000E+00  0.0000000E+00
  2.0439141E+01 -8.0000000E+00 -8.0000000E+00  2.0000000E+00  0.0000000E+00  0.0000000E+00  0.0000000E+00  0.0000000E+00  0.0000000E+00  0.0000000E+00
  2.0575648E+01 -8.0000000E+00 -8.0000000E+00  2.0000000E+00  0.0000000E+00  0.0000000E+00  0.0000000E+00  0.0000000E+00  0.0000000E+00  0.0000000E+00
  2.0713066E+01 -8.0000000E+00 -8.0000000E+00  2.0000000E+00  0.0000000E+00  0.0000000E+00  0.0000000E+00  0.0000000E+00  0.0000000E+00  0.0000000E+00
  2.0851402E+01 -8.0000000E+00 -8.0000000E+00  2.0000000E+00  0.0000000E+00  0.0000000E+00  0.0000000E+00  0.0000000E+00  0.0000000E+00  0.0000000E+00
  2.0990662E+01 -8.0000000E+00 -8.0000000E+00  2.0000000E+00  0.0000000E+00  0.0000000E+00  0.0000000E+00  0.0000000E+00  0.0000000E+00  0.0000000E+00
  2.1130852E+01 -8.0000000E+00 -8.0000000E+00  2.0000000E+00  0.0000000E+00  0.0000000E+00  0.0000000E+00  0.0000000E+00  0.0000000E+00  0.0000000E+00
  2.1271979E+01 -8.0000000E+00 -8.0000000E+00  2.0000000E+00  0.0000000E+00  0.0000000E+00  0.0000000E+00  0.0000000E+00  0.0000000E+00  0.0000000E+00
  2.1414047E+01 -8.0000000E+00 -8.0000000E+00  2.0000000E+00  0.0000000E+00  0.0000000E+00  0.0000000E+00  0.0000000E+00  0.0000000E+00  0.0000000E+00
  2.1557065E+01 -8.0000000E+00 -8.0000000E+00  2.0000000E+00  0.0000000E+00  0.0000000E+00  0.0000000E+00  0.0000000E+00  0.0000000E+00  0.0000000E+00
  2.1701038E+01 -8.0000000E+00 -8.0000000E+00  2.0000000E+00  0.0000000E+00  0.0000000E+00  0.0000000E+00  0.0000000E+00  0.0000000E+00  0.0000000E+00
  2.1845972E+01 -8.0000000E+00 -8.0000000E+00  2.0000000E+00  0.0000000E+00  0.0000000E+00  0.0000000E+00  0.0000000E+00  0.0000000E+00  0.0000000E+00
  2.1991875E+01 -8.0000000E+00 -8.0000000E+00  2.0000000E+00  0.0000000E+00  0.0000000E+00  0.0000000E+00  0.0000000E+00  0.0000000E+00  0.0000000E+00
  2.2138751E+01 -8.0000000E+00 -8.0000000E+00  2.0000000E+00  0.0000000E+00  0.0000000E+00  0.0000000E+00  0.0000000E+00  0.0000000E+00  0.0000000E+00
  2.2286609E+01 -8.0000000E+00 -8.0000000E+00  2.0000000E+00  0.0000000E+00  0.0000000E+00  0.0000000E+00  0.0000000E+00  0.0000000E+00  0.0000000E+00
  2.2435454E+01 -8.0000000E+00 -8.0000000E+00  2.0000000E+00  0.0000000E+00  0.0000000E+00  0.0000000E+00  0.0000000E+00  0.0000000E+00  0.0000000E+00
  2.2585293E+01 -8.0000000E+00 -8.0000000E+00  2.0000000E+00  0.0000000E+00  0.0000000E+00  0.0000000E+00  0.0000000E+00  0.0000000E+00  0.0000000E+00
  2.2736133E+01 -8.0000000E+00 -8.0000000E+00  2.0000000E+00  0.0000000E+00  0.0000000E+00  0.0000000E+00  0.0000000E+00  0.0000000E+00  0.0000000E+00
  2.2887981E+01 -8.0000000E+00 -8.0000000E+00  2.0000000E+00  0.0000000E+00  0.0000000E+00  0.0000000E+00  0.0000000E+00  0.0000000E+00  0.0000000E+00
  2.3040842E+01 -8.0000000E+00 -8.0000000E+00  2.0000000E+00  0.0000000E+00  0.0000000E+00  0.0000000E+00  0.0000000E+00  0.0000000E+00  0.0000000E+00
  2.3194725E+01 -8.0000000E+00 -8.0000000E+00  2.0000000E+00  0.0000000E+00  0.0000000E+00  0.0000000E+00  0.0000000E+00  0.0000000E+00  0.0000000E+00
  2.3349635E+01 -8.0000000E+00 -8.0000000E+00  2.0000000E+00  0.0000000E+00  0.0000000E+00  0.0000000E+00  0.0000000E+00  0.0000000E+00  0.0000000E+00
  2.3505580E+01 -8.0000000E+00 -8.0000000E+00  2.0000000E+00  0.0000000E+00  0.0000000E+00  0.0000000E+00  0.0000000E+00  0.0000000E+00  0.0000000E+00
  2.3662566E+01 -8.0000000E+00 -8.0000000E+00  2.0000000E+00  0.0000000E+00  0.0000000E+00  0.0000000E+00  0.0000000E+00  0.0000000E+00  0.0000000E+00
  2.3820601E+01 -8.0000000E+00 -8.0000000E+00  2.0000000E+00  0.0000000E+00  0.0000000E+00  0.0000000E+00  0.0000000E+00  0.0000000E+00  0.0000000E+00
  2.3979691E+01 -8.0000000E+00 -8.0000000E+00  2.0000000E+00  0.0000000E+00  0.0000000E+00  0.0000000E+00  0.0000000E+00  0.0000000E+00  0.0000000E+00
  2.4139844E+01 -8.0000000E+00 -8.0000000E+00  2.0000000E+00  0.0000000E+00  0.0000000E+00  0.0000000E+00  0.0000000E+00  0.0000000E+00  0.0000000E+00
  2.4301066E+01 -8.0000000E+00 -8.0000000E+00  2.0000000E+00  0.0000000E+00  0.0000000E+00  0.0000000E+00  0.0000000E+00  0.0000000E+00  0.0000000E+00
  2.4463365E+01 -8.0000000E+00 -8.0000000E+00  2.0000000E+00  0.0000000E+00  0.0000000E+00  0.0000000E+00  0.0000000E+00  0.0000000E+00  0.0000000E+00
  2.4626748E+01 -8.0000000E+00 -8.0000000E+00  2.0000000E+00  0.0000000E+00  0.0000000E+00  0.0000000E+00  0.0000000E+00  0.0000000E+00  0.0000000E+00
  2.4791222E+01 -8.0000000E+00 -8.0000000E+00  2.0000000E+00  0.0000000E+00  0.0000000E+00  0.0000000E+00  0.0000000E+00  0.0000000E+00  0.0000000E+00
  2.4956794E+01 -8.0000000E+00 -8.0000000E+00  2.0000000E+00  0.0000000E+00  0.0000000E+00  0.0000000E+00  0.0000000E+00  0.0000000E+00  0.0000000E+00
  2.5123473E+01 -8.0000000E+00 -8.0000000E+00  2.0000000E+00  0.0000000E+00  0.0000000E+00  0.0000000E+00  0.0000000E+00  0.0000000E+00  0.0000000E+00
  2.5291264E+01 -8.0000000E+00 -8.0000000E+00  2.0000000E+00  0.0000000E+00  0.0000000E+00  0.0000000E+00  0.0000000E+00  0.0000000E+00  0.0000000E+00
  2.5460177E+01 -8.0000000E+00 -8.0000000E+00  2.0000000E+00  0.0000000E+00  0.0000000E+00  0.0000000E+00  0.0000000E+00  0.0000000E+00  0.0000000E+00
  2.5630217E+01 -8.0000000E+00 -8.0000000E+00  2.0000000E+00  0.0000000E+00  0.0000000E+00  0.0000000E+00  0.0000000E+00  0.0000000E+00  0.0000000E+00
  2.5801393E+01 -8.0000000E+00 -8.0000000E+00  2.0000000E+00  0.0000000E+00  0.0000000E+00  0.0000000E+00  0.0000000E+00  0.0000000E+00  0.0000000E+00
  2.5973712E+01 -8.0000000E+00 -8.0000000E+00  2.0000000E+00  0.0000000E+00  0.0000000E+00  0.0000000E+00  0.0000000E+00  0.0000000E+00  0.0000000E+00
  2.6147182E+01 -8.0000000E+00 -8.0000000E+00  2.0000000E+00  0.0000000E+00  0.0000000E+00  0.0000000E+00  0.0000000E+00  0.0000000E+00  0.0000000E+00
  2.6321811E+01 -8.0000000E+00 -8.0000000E+00  2.0000000E+00  0.0000000E+00  0.0000000E+00  0.0000000E+00  0.0000000E+00  0.0000000E+00  0.0000000E+00
  2.6497606E+01 -8.0000000E+00 -8.0000000E+00  2.0000000E+00  0.0000000E+00  0.0000000E+00  0.0000000E+00  0.0000000E+00  0.0000000E+00  0.0000000E+00
  2.6674574E+01 -8.0000000E+00 -8.0000000E+00  2.0000000E+00  0.0000000E+00  0.0000000E+00  0.0000000E+00  0.0000000E+00  0.0000000E+00  0.0000000E+00
  2.6852725E+01 -8.0000000E+00 -8.0000000E+00  2.0000000E+00  0.0000000E+00  0.0000000E+00  0.0000000E+00  0.0000000E+00  0.0000000E+00  0.0000000E+00
  2.7032066E+01 -8.0000000E+00 -8.0000000E+00  2.0000000E+00  0.0000000E+00  0.0000000E+00  0.0000000E+00  0.0000000E+00  0.0000000E+00  0.0000000E+00
  2.7212604E+01 -8.0000000E+00 -8.0000000E+00  2.0000000E+00  0.0000000E+00  0.0000000E+00  0.0000000E+00  0.0000000E+00  0.0000000E+00  0.0000000E+00
  2.7394348E+01 -8.0000000E+00 -8.0000000E+00  2.0000000E+00  0.0000000E+00  0.0000000E+00  0.0000000E+00  0.0000000E+00  0.0000000E+00  0.0000000E+00
  2.7577306E+01 -8.0000000E+00 -8.0000000E+00  2.0000000E+00  0.0000000E+00  0.0000000E+00  0.0000000E+00  0.0000000E+00  0.0000000E+00  0.0000000E+00
  2.7761486E+01 -8.0000000E+00 -8.0000000E+00  2.0000000E+00  0.0000000E+00  0.0000000E+00  0.0000000E+00  0.0000000E+00  0.0000000E+00  0.0000000E+00
  2.7946896E+01 -8.0000000E+00 -8.0000000E+00  2.0000000E+00  0.0000000E+00  0.0000000E+00  0.0000000E+00  0.0000000E+00  0.0000000E+00  0.0000000E+00
  2.8133544E+01 -8.0000000E+00 -8.0000000E+00  2.0000000E+00  0.0000000E+00  0.0000000E+00  0.0000000E+00  0.0000000E+00  0.0000000E+00  0.0000000E+00
  2.8321439E+01 -8.0000000E+00 -8.0000000E+00  2.0000000E+00  0.0000000E+00  0.0000000E+00  0.0000000E+00  0.0000000E+00  0.0000000E+00  0.0000000E+00
  2.8510589E+01 -8.0000000E+00 -8.0000000E+00  2.0000000E+00  0.0000000E+00  0.0000000E+00  0.0000000E+00  0.0000000E+00  0.0000000E+00  0.0000000E+00
  2.8701002E+01 -8.0000000E+00 -8.0000000E+00  2.0000000E+00  0.0000000E+00  0.0000000E+00  0.0000000E+00  0.0000000E+00  0.0000000E+00  0.0000000E+00
  2.8892686E+01 -8.0000000E+00 -8.0000000E+00  2.0000000E+00  0.0000000E+00  0.0000000E+00  0.0000000E+00  0.0000000E+00  0.0000000E+00  0.0000000E+00
  2.9085651E+01 -8.0000000E+00 -8.0000000E+00  2.0000000E+00  0.0000000E+00  0.0000000E+00  0.0000000E+00  0.0000000E+00  0.0000000E+00  0.0000000E+00
  2.9279905E+01 -8.0000000E+00 -8.0000000E+00  2.0000000E+00  0.0000000E+00  0.0000000E+00  0.0000000E+00  0.0000000E+00  0.0000000E+00  0.0000000E+00
  2.9475456E+01 -8.0000000E+00 -8.0000000E+00  2.0000000E+00  0.0000000E+00  0.0000000E+00  0.0000000E+00  0.0000000E+00  0.0000000E+00  0.0000000E+00
  2.9672313E+01 -8.0000000E+00 -8.0000000E+00  2.0000000E+00  0.0000000E+00  0.0000000E+00  0.0000000E+00  0.0000000E+00  0.0000000E+00  0.0000000E+00
  2.9870484E+01 -8.0000000E+00 -8.0000000E+00  2.0000000E+00  0.0000000E+00  0.0000000E+00  0.0000000E+00  0.0000000E+00  0.0000000E+00  0.0000000E+00
  3.0069979E+01 -8.0000000E+00 -8.0000000E+00  2.0000000E+00  0.0000000E+00  0.0000000E+00  0.0000000E+00  0.0000000E+00  0.0000000E+00  0.0000000E+00
  3.0270807E+01 -8.0000000E+00 -8.0000000E+00  2.0000000E+00  0.0000000E+00  0.0000000E+00  0.0000000E+00  0.0000000E+00  0.0000000E+00  0.0000000E+00
  3.0472976E+01 -8.0000000E+00 -8.0000000E+00  2.0000000E+00  0.0000000E+00  0.0000000E+00  0.0000000E+00  0.0000000E+00  0.0000000E+00  0.0000000E+00
  3.0676495E+01 -8.0000000E+00 -8.0000000E+00  2.0000000E+00  0.0000000E+00  0.0000000E+00  0.0000000E+00  0.0000000E+00  0.0000000E+00  0.0000000E+00
  3.0881373E+01 -8.0000000E+00 -8.0000000E+00  2.0000000E+00  0.0000000E+00  0.0000000E+00  0.0000000E+00  0.0000000E+00  0.0000000E+00  0.0000000E+00
  3.1087620E+01 -8.0000000E+00 -8.0000000E+00  2.0000000E+00  0.0000000E+00  0.0000000E+00  0.0000000E+00  0.0000000E+00  0.0000000E+00  0.0000000E+00
  3.1295244E+01 -8.0000000E+00 -8.0000000E+00  2.0000000E+00  0.0000000E+00  0.0000000E+00  0.0000000E+00  0.0000000E+00  0.0000000E+00  0.0000000E+00
  3.1504254E+01 -8.0000000E+00 -8.0000000E+00  2.0000000E+00  0.0000000E+00  0.0000000E+00  0.0000000E+00  0.0000000E+00  0.0000000E+00  0.0000000E+00
  3.1714661E+01 -8.0000000E+00 -8.0000000E+00  2.0000000E+00  0.0000000E+00  0.0000000E+00  0.0000000E+00  0.0000000E+00  0.0000000E+00  0.0000000E+00
  3.1926472E+01 -8.0000000E+00 -8.0000000E+00  2.0000000E+00  0.0000000E+00  0.0000000E+00  0.0000000E+00  0.0000000E+00  0.0000000E+00  0.0000000E+00
  3.2139699E+01 -8.0000000E+00 -8.0000000E+00  2.0000000E+00  0.0000000E+00  0.0000000E+00  0.0000000E+00  0.0000000E+00  0.0000000E+00  0.0000000E+00
  3.2354349E+01 -8.0000000E+00 -8.0000000E+00  2.0000000E+00  0.0000000E+00  0.0000000E+00  0.0000000E+00  0.0000000E+00  0.0000000E+00  0.0000000E+00
  3.2570433E+01 -8.0000000E+00 -8.0000000E+00  2.0000000E+00  0.0000000E+00  0.0000000E+00  0.0000000E+00  0.0000000E+00  0.0000000E+00  0.0000000E+00
  3.2787960E+01 -8.0000000E+00 -8.0000000E+00  2.0000000E+00  0.0000000E+00  0.0000000E+00  0.0000000E+00  0.0000000E+00  0.0000000E+00  0.0000000E+00
  3.3006940E+01 -8.0000000E+00 -8.0000000E+00  2.0000000E+00  0.0000000E+00  0.0000000E+00  0.0000000E+00  0.0000000E+00  0.0000000E+00  0.0000000E+00
  3.3227383E+01 -8.0000000E+00 -8.0000000E+00  2.0000000E+00  0.0000000E+00  0.0000000E+00  0.0000000E+00  0.0000000E+00  0.0000000E+00  0.0000000E+00
  3.3449298E+01 -8.0000000E+00 -8.0000000E+00  2.0000000E+00  0.0000000E+00  0.0000000E+00  0.0000000E+00  0.0000000E+00  0.0000000E+00  0.0000000E+00
  3.3672694E+01 -8.0000000E+00 -8.0000000E+00  2.0000000E+00  0.0000000E+00  0.0000000E+00  0.0000000E+00  0.0000000E+00  0.0000000E+00  0.0000000E+00
  3.3897583E+01 -8.0000000E+00 -8.0000000E+00  2.0000000E+00  0.0000000E+00  0.0000000E+00  0.0000000E+00  0.0000000E+00  0.0000000E+00  0.0000000E+00
  3.4123974E+01 -8.0000000E+00 -8.0000000E+00  2.0000000E+00  0.0000000E+00  0.0000000E+00  0.0000000E+00  0.0000000E+00  0.0000000E+00  0.0000000E+00
  3.4351877E+01 -8.0000000E+00 -8.0000000E+00  2.0000000E+00  0.0000000E+00  0.0000000E+00  0.0000000E+00  0.0000000E+00  0.0000000E+00  0.0000000E+00
  3.4581301E+01 -8.0000000E+00 -8.0000000E+00  2.0000000E+00  0.0000000E+00  0.0000000E+00  0.0000000E+00  0.0000000E+00  0.0000000E+00  0.0000000E+00
  3.4812258E+01 -8.0000000E+00 -8.0000000E+00  2.0000000E+00  0.0000000E+00  0.0000000E+00  0.0000000E+00  0.0000000E+00  0.0000000E+00  0.0000000E+00
  3.5044758E+01 -8.0000000E+00 -8.0000000E+00  2.0000000E+00  0.0000000E+00  0.0000000E+00  0.0000000E+00  0.0000000E+00  0.0000000E+00  0.0000000E+00
  3.5278810E+01 -8.0000000E+00 -8.0000000E+00  2.0000000E+00  0.0000000E+00  0.0000000E+00  0.0000000E+00  0.0000000E+00  0.0000000E+00  0.0000000E+00
  3.5514426E+01 -8.0000000E+00 -8.0000000E+00  2.0000000E+00  0.0000000E+00  0.0000000E+00  0.0000000E+00  0.0000000E+00  0.0000000E+00  0.0000000E+00
  3.5751615E+01 -8.0000000E+00 -8.0000000E+00  2.0000000E+00  0.0000000E+00  0.0000000E+00  0.0000000E+00  0.0000000E+00  0.0000000E+00  0.0000000E+00
  3.5990388E+01 -8.0000000E+00 -8.0000000E+00  2.0000000E+00  0.0000000E+00  0.0000000E+00  0.0000000E+00  0.0000000E+00  0.0000000E+00  0.0000000E+00
  3.6230756E+01 -8.0000000E+00 -8.0000000E+00  2.0000000E+00  0.0000000E+00  0.0000000E+00  0.0000000E+00  0.0000000E+00  0.0000000E+00  0.0000000E+00
  3.6472729E+01 -8.0000000E+00 -8.0000000E+00  2.0000000E+00  0.0000000E+00  0.0000000E+00  0.0000000E+00  0.0000000E+00  0.0000000E+00  0.0000000E+00
  3.6716318E+01 -8.0000000E+00 -8.0000000E+00  2.0000000E+00  0.0000000E+00  0.0000000E+00  0.0000000E+00  0.0000000E+00  0.0000000E+00  0.0000000E+00
  3.6961534E+01 -8.0000000E+00 -8.0000000E+00  2.0000000E+00  0.0000000E+00  0.0000000E+00  0.0000000E+00  0.0000000E+00  0.0000000E+00  0.0000000E+00
  3.7208388E+01 -8.0000000E+00 -8.0000000E+00  2.0000000E+00  0.0000000E+00  0.0000000E+00  0.0000000E+00  0.0000000E+00  0.0000000E+00  0.0000000E+00
  3.7456890E+01 -8.0000000E+00 -8.0000000E+00  2.0000000E+00  0.0000000E+00  0.0000000E+00  0.0000000E+00  0.0000000E+00  0.0000000E+00  0.0000000E+00
  3.7707052E+01 -8.0000000E+00 -8.0000000E+00  2.0000000E+00  0.0000000E+00  0.0000000E+00  0.0000000E+00  0.0000000E+00  0.0000000E+00  0.0000000E+00
  3.7958885E+01 -8.0000000E+00 -8.0000000E+00  2.0000000E+00  0.0000000E+00  0.0000000E+00  0.0000000E+00  0.0000000E+00  0.0000000E+00  0.0000000E+00
  3.8212400E+01 -8.0000000E+00 -8.0000000E+00  2.0000000E+00  0.0000000E+00  0.0000000E+00  0.0000000E+00  0.0000000E+00  0.0000000E+00  0.0000000E+00
  3.8467608E+01 -8.0000000E+00 -8.0000000E+00  2.0000000E+00  0.0000000E+00  0.0000000E+00  0.0000000E+00  0.0000000E+00  0.0000000E+00  0.0000000E+00
  3.8724520E+01 -8.0000000E+00 -8.0000000E+00  2.0000000E+00  0.0000000E+00  0.0000000E+00  0.0000000E+00  0.0000000E+00  0.0000000E+00  0.0000000E+00
  3.8983148E+01 -8.0000000E+00 -8.0000000E+00  2.0000000E+00  0.0000000E+00  0.0000000E+00  0.0000000E+00  0.0000000E+00  0.0000000E+00  0.0000000E+00
  3.9243504E+01 -8.0000000E+00 -8.0000000E+00  2.0000000E+00  0.0000000E+00  0.0000000E+00  0.0000000E+00  0.0000000E+00  0.0000000E+00  0.0000000E+00
  3.9505598E+01 -8.0000000E+00 -8.0000000E+00  2.0000000E+00  0.0000000E+00  0.0000000E+00  0.0000000E+00  0.0000000E+00  0.0000000E+00  0.0000000E+00
  3.9769442E+01 -8.0000000E+00 -8.0000000E+00  2.0000000E+00  0.0000000E+00  0.0000000E+00  0.0000000E+00  0.0000000E+00  0.0000000E+00  0.0000000E+00
  4.0035049E+01 -8.0000000E+00 -8.0000000E+00  2.0000000E+00  0.0000000E+00  0.0000000E+00  0.0000000E+00  0.0000000E+00  0.0000000E+00  0.0000000E+00
  4.0302430E+01 -8.0000000E+00 -8.0000000E+00  2.0000000E+00  0.0000000E+00  0.0000000E+00  0.0000000E+00  0.0000000E+00  0.0000000E+00  0.0000000E+00
  4.0571596E+01 -8.0000000E+00 -8.0000000E+00  2.0000000E+00  0.0000000E+00  0.0000000E+00  0.0000000E+00  0.0000000E+00  0.0000000E+00  0.0000000E+00
  4.0842560E+01 -8.0000000E+00 -8.0000000E+00  2.0000000E+00  0.0000000E+00  0.0000000E+00  0.0000000E+00  0.0000000E+00  0.0000000E+00  0.0000000E+00
  4.1115334E+01 -8.0000000E+00 -8.0000000E+00  2.0000000E+00  0.0000000E+00  0.0000000E+00  0.0000000E+00  0.0000000E+00  0.0000000E+00  0.0000000E+00
  4.1389930E+01 -8.0000000E+00 -8.0000000E+00  2.0000000E+00  0.0000000E+00  0.0000000E+00  0.0000000E+00  0.0000000E+00  0.0000000E+00  0.0000000E+00
  4.1666359E+01 -8.0000000E+00 -8.0000000E+00  2.0000000E+00  0.0000000E+00  0.0000000E+00  0.0000000E+00  0.0000000E+00  0.0000000E+00  0.0000000E+00
  4.1944635E+01 -8.0000000E+00 -8.0000000E+00  2.0000000E+00  0.0000000E+00  0.0000000E+00  0.0000000E+00  0.0000000E+00  0.0000000E+00  0.0000000E+00
  4.2224769E+01 -8.0000000E+00 -8.0000000E+00  2.0000000E+00  0.0000000E+00  0.0000000E+00  0.0000000E+00  0.0000000E+00  0.0000000E+00  0.0000000E+00
  4.2506774E+01 -8.0000000E+00 -8.0000000E+00  2.0000000E+00  0.0000000E+00  0.0000000E+00  0.0000000E+00  0.0000000E+00  0.0000000E+00  0.0000000E+00
  4.2790662E+01 -8.0000000E+00 -8.0000000E+00  2.0000000E+00  0.0000000E+00  0.0000000E+00  0.0000000E+00  0.0000000E+00  0.0000000E+00  0.0000000E+00
  4.3076447E+01 -8.0000000E+00 -8.0000000E+00  2.0000000E+00  0.0000000E+00  0.0000000E+00  0.0000000E+00  0.0000000E+00  0.0000000E+00  0.0000000E+00
  4.3364140E+01 -8.0000000E+00 -8.0000000E+00  2.0000000E+00  0.0000000E+00  0.0000000E+00  0.0000000E+00  0.0000000E+00  0.0000000E+00  0.0000000E+00
  4.3653754E+01 -8.0000000E+00 -8.0000000E+00  2.0000000E+00  0.0000000E+00  0.0000000E+00  0.0000000E+00  0.0000000E+00  0.0000000E+00  0.0000000E+00
  4.3945303E+01 -8.0000000E+00 -8.0000000E+00  2.0000000E+00  0.0000000E+00  0.0000000E+00  0.0000000E+00  0.0000000E+00  0.0000000E+00  0.0000000E+00
  4.4238799E+01 -8.0000000E+00 -8.0000000E+00  2.0000000E+00  0.0000000E+00  0.0000000E+00  0.0000000E+00  0.0000000E+00  0.0000000E+00  0.0000000E+00
  4.4534255E+01 -8.0000000E+00 -8.0000000E+00  2.0000000E+00  0.0000000E+00  0.0000000E+00  0.0000000E+00  0.0000000E+00  0.0000000E+00  0.0000000E+00
  4.4831684E+01 -8.0000000E+00 -8.0000000E+00  2.0000000E+00  0.0000000E+00  0.0000000E+00  0.0000000E+00  0.0000000E+00  0.0000000E+00  0.0000000E+00
  4.5131100E+01 -8.0000000E+00 -8.0000000E+00  2.0000000E+00  0.0000000E+00  0.0000000E+00  0.0000000E+00  0.0000000E+00  0.0000000E+00  0.0000000E+00
  4.5432515E+01 -8.0000000E+00 -8.0000000E+00  2.0000000E+00  0.0000000E+00  0.0000000E+00  0.0000000E+00  0.0000000E+00  0.0000000E+00  0.0000000E+00
  4.5735943E+01 -8.0000000E+00 -8.0000000E+00  2.0000000E+00  0.0000000E+00  0.0000000E+00  0.0000000E+00  0.0000000E+00  0.0000000E+00  0.0000000E+00
  4.6041398E+01 -8.0000000E+00 -8.0000000E+00  2.0000000E+00  0.0000000E+00  0.0000000E+00  0.0000000E+00  0.0000000E+00  0.0000000E+00  0.0000000E+00
  4.6348893E+01 -8.0000000E+00 -8.0000000E+00  2.0000000E+00  0.0000000E+00  0.0000000E+00  0.0000000E+00  0.0000000E+00  0.0000000E+00  0.0000000E+00
  4.6658442E+01 -8.0000000E+00 -8.0000000E+00  2.0000000E+00  0.0000000E+00  0.0000000E+00  0.0000000E+00  0.0000000E+00  0.0000000E+00  0.0000000E+00
  4.6970058E+01 -8.0000000E+00 -8.0000000E+00  2.0000000E+00  0.0000000E+00  0.0000000E+00  0.0000000E+00  0.0000000E+00  0.0000000E+00  0.0000000E+00
  4.7283755E+01 -8.0000000E+00 -8.0000000E+00  2.0000000E+00  0.0000000E+00  0.0000000E+00  0.0000000E+00  0.0000000E+00  0.0000000E+00  0.0000000E+00
  4.7599547E+01 -8.0000000E+00 -8.0000000E+00  2.0000000E+00  0.0000000E+00  0.0000000E+00  0.0000000E+00  0.0000000E+00  0.0000000E+00  0.0000000E+00
  4.7917448E+01 -8.0000000E+00 -8.0000000E+00  2.0000000E+00  0.0000000E+00  0.0000000E+00  0.0000000E+00  0.0000000E+00  0.0000000E+00  0.0000000E+00
  4.8237473E+01 -8.0000000E+00 -8.0000000E+00  2.0000000E+00  0.0000000E+00  0.0000000E+00  0.0000000E+00  0.0000000E+00  0.0000000E+00  0.0000000E+00
  4.8559634E+01 -8.0000000E+00 -8.0000000E+00  2.0000000E+00  0.0000000E+00  0.0000000E+00  0.0000000E+00  0.0000000E+00  0.0000000E+00  0.0000000E+00
  4.8883948E+01 -8.0000000E+00 -8.0000000E+00  2.0000000E+00  0.0000000E+00  0.0000000E+00  0.0000000E+00  0.0000000E+00  0.0000000E+00  0.0000000E+00
  4.9210427E+01 -8.0000000E+00 -8.0000000E+00  2.0000000E+00  0.0000000E+00  0.0000000E+00  0.0000000E+00  0.0000000E+00  0.0000000E+00  0.0000000E+00
  4.9539087E+01 -8.0000000E+00 -8.0000000E+00  2.0000000E+00  0.0000000E+00  0.0000000E+00  0.0000000E+00  0.0000000E+00  0.0000000E+00  0.0000000E+00
  4.9869942E+01 -8.0000000E+00 -8.0000000E+00  2.0000000E+00  0.0000000E+00  0.0000000E+00  0.0000000E+00  0.0000000E+00  0.0000000E+00  0.0000000E+00
  5.0203006E+01 -8.0000000E+00 -8.0000000E+00  2.0000000E+00  0.0000000E+00  0.0000000E+00  0.0000000E+00  0.0000000E+00  0.0000000E+00  0.0000000E+00
  5.0538295E+01 -8.0000000E+00 -8.0000000E+00  2.0000000E+00  0.0000000E+00  0.0000000E+00  0.0000000E+00  0.0000000E+00  0.0000000E+00  0.0000000E+00
  5.0875823E+01 -8.0000000E+00 -8.0000000E+00  2.0000000E+00  0.0000000E+00  0.0000000E+00  0.0000000E+00  0.0000000E+00  0.0000000E+00  0.0000000E+00
  5.1215605E+01 -8.0000000E+00 -8.0000000E+00  2.0000000E+00  0.0000000E+00  0.0000000E+00  0.0000000E+00  0.0000000E+00  0.0000000E+00  0.0000000E+00
  5.1557657E+01 -8.0000000E+00 -8.0000000E+00  2.0000000E+00  0.0000000E+00  0.0000000E+00  0.0000000E+00  0.0000000E+00  0.0000000E+00  0.0000000E+00
  5.1901993E+01 -8.0000000E+00 -8.0000000E+00  2.0000000E+00  0.0000000E+00  0.0000000E+00  0.0000000E+00  0.0000000E+00  0.0000000E+00  0.0000000E+00
  5.2248629E+01 -8.0000000E+00 -8.0000000E+00  2.0000000E+00  0.0000000E+00  0.0000000E+00  0.0000000E+00  0.0000000E+00  0.0000000E+00  0.0000000E+00
  5.2597579E+01 -8.0000000E+00 -8.0000000E+00  2.0000000E+00  0.0000000E+00  0.0000000E+00  0.0000000E+00  0.0000000E+00  0.0000000E+00  0.0000000E+00
  5.2948861E+01 -8.0000000E+00 -8.0000000E+00  2.0000000E+00  0.0000000E+00  0.0000000E+00  0.0000000E+00  0.0000000E+00  0.0000000E+00  0.0000000E+00
  5.3302488E+01 -8.0000000E+00 -8.0000000E+00  2.0000000E+00  0.0000000E+00  0.0000000E+00  0.0000000E+00  0.0000000E+00  0.0000000E+00  0.0000000E+00
  5.3658477E+01 -8.0000000E+00 -8.0000000E+00  2.0000000E+00  0.0000000E+00  0.0000000E+00  0.0000000E+00  0.0000000E+00  0.0000000E+00  0.0000000E+00
  5.4016844E+01 -8.0000000E+00 -8.0000000E+00  2.0000000E+00  0.0000000E+00  0.0000000E+00  0.0000000E+00  0.0000000E+00  0.0000000E+00  0.0000000E+00
  5.4377604E+01 -8.0000000E+00 -8.0000000E+00  2.0000000E+00  0.0000000E+00  0.0000000E+00  0.0000000E+00  0.0000000E+00  0.0000000E+00  0.0000000E+00
  5.4740774E+01 -8.0000000E+00 -8.0000000E+00  2.0000000E+00  0.0000000E+00  0.0000000E+00  0.0000000E+00  0.0000000E+00  0.0000000E+00  0.0000000E+00
  5.5106368E+01 -8.0000000E+00 -8.0000000E+00  2.0000000E+00  0.0000000E+00  0.0000000E+00  0.0000000E+00  0.0000000E+00  0.0000000E+00  0.0000000E+00
  5.5474405E+01 -8.0000000E+00 -8.0000000E+00  2.0000000E+00  0.0000000E+00  0.0000000E+00  0.0000000E+00  0.0000000E+00  0.0000000E+00  0.0000000E+00
  5.5844900E+01 -8.0000000E+00 -8.0000000E+00  2.0000000E+00  0.0000000E+00  0.0000000E+00  0.0000000E+00  0.0000000E+00  0.0000000E+00  0.0000000E+00
  5.6217869E+01 -8.0000000E+00 -8.0000000E+00  2.0000000E+00  0.0000000E+00  0.0000000E+00  0.0000000E+00  0.0000000E+00  0.0000000E+00  0.0000000E+00
  5.6593329E+01 -8.0000000E+00 -8.0000000E+00  2.0000000E+00  0.0000000E+00  0.0000000E+00  0.0000000E+00  0.0000000E+00  0.0000000E+00  0.0000000E+00
  5.6971296E+01 -8.0000000E+00 -8.0000000E+00  2.0000000E+00  0.0000000E+00  0.0000000E+00  0.0000000E+00  0.0000000E+00  0.0000000E+00  0.0000000E+00
  5.7351788E+01 -8.0000000E+00 -8.0000000E+00  2.0000000E+00  0.0000000E+00  0.0000000E+00  0.0000000E+00  0.0000000E+00  0.0000000E+00  0.0000000E+00
  5.7734821E+01 -8.0000000E+00 -8.0000000E+00  2.0000000E+00  0.0000000E+00  0.0000000E+00  0.0000000E+00  0.0000000E+00  0.0000000E+00  0.0000000E+00
  5.8120412E+01 -8.0000000E+00 -8.0000000E+00  2.0000000E+00  0.0000000E+00  0.0000000E+00  0.0000000E+00  0.0000000E+00  0.0000000E+00  0.0000000E+00
  5.8508578E+01 -8.0000000E+00 -8.0000000E+00  2.0000000E+00  0.0000000E+00  0.0000000E+00  0.0000000E+00  0.0000000E+00  0.0000000E+00  0.0000000E+00
  5.8899337E+01 -8.0000000E+00 -8.0000000E+00  2.0000000E+00  0.0000000E+00  0.0000000E+00  0.0000000E+00  0.0000000E+00  0.0000000E+00  0.0000000E+00
  5.9292706E+01 -8.0000000E+00 -8.0000000E+00  2.0000000E+00  0.0000000E+00  0.0000000E+00  0.0000000E+00  0.0000000E+00  0.0000000E+00  0.0000000E+00
  5.9688701E+01 -8.0000000E+00 -8.0000000E+00  2.0000000E+00  0.0000000E+00  0.0000000E+00  0.0000000E+00  0.0000000E+00  0.0000000E+00  0.0000000E+00
  6.0087342E+01 -8.0000000E+00 -8.0000000E+00  2.0000000E+00  0.0000000E+00  0.0000000E+00  0.0000000E+00  0.0000000E+00  0.0000000E+00  0.0000000E+00
  6.0488644E+01 -8.0000000E+00 -8.0000000E+00  2.0000000E+00  0.0000000E+00  0.0000000E+00  0.0000000E+00  0.0000000E+00  0.0000000E+00  0.0000000E+00
  6.0892627E+01 -8.0000000E+00 -8.0000000E+00  2.0000000E+00  0.0000000E+00  0.0000000E+00  0.0000000E+00  0.0000000E+00  0.0000000E+00  0.0000000E+00
  6.1299308E+01 -8.0000000E+00 -8.0000000E+00  2.0000000E+00  0.0000000E+00  0.0000000E+00  0.0000000E+00  0.0000000E+00  0.0000000E+00  0.0000000E+00
  6.1708705E+01 -8.0000000E+00 -8.0000000E+00  2.0000000E+00  0.0000000E+00  0.0000000E+00  0.0000000E+00  0.0000000E+00  0.0000000E+00  0.0000000E+00
  6.2120837E+01 -8.0000000E+00 -8.0000000E+00  2.0000000E+00  0.0000000E+00  0.0000000E+00  0.0000000E+00  0.0000000E+00  0.0000000E+00  0.0000000E+00
  6.2535720E+01 -8.0000000E+00 -8.0000000E+00  2.0000000E+00  0.0000000E+00  0.0000000E+00  0.0000000E+00  0.0000000E+00  0.0000000E+00  0.0000000E+00
  6.2953375E+01 -8.0000000E+00 -8.0000000E+00  2.0000000E+00  0.0000000E+00  0.0000000E+00  0.0000000E+00  0.0000000E+00  0.0000000E+00  0.0000000E+00
  6.3373819E+01 -8.0000000E+00 -8.0000000E+00  2.0000000E+00  0.0000000E+00  0.0000000E+00  0.0000000E+00  0.0000000E+00  0.0000000E+00  0.0000000E+00
  6.3797071E+01 -8.0000000E+00 -8.0000000E+00  2.0000000E+00  0.0000000E+00  0.0000000E+00  0.0000000E+00  0.0000000E+00  0.0000000E+00  0.0000000E+00
  6.4223150E+01 -8.0000000E+00 -8.0000000E+00  2.0000000E+00  0.0000000E+00  0.0000000E+00  0.0000000E+00  0.0000000E+00  0.0000000E+00  0.0000000E+00
  6.4652074E+01 -8.0000000E+00 -8.0000000E+00  2.0000000E+00  0.0000000E+00  0.0000000E+00  0.0000000E+00  0.0000000E+00  0.0000000E+00  0.0000000E+00
  6.5083863E+01 -8.0000000E+00 -8.0000000E+00  2.0000000E+00  0.0000000E+00  0.0000000E+00  0.0000000E+00  0.0000000E+00  0.0000000E+00  0.0000000E+00
  6.5518536E+01 -8.0000000E+00 -8.0000000E+00  2.0000000E+00  0.0000000E+00  0.0000000E+00  0.0000000E+00  0.0000000E+00  0.0000000E+00  0.0000000E+00
  6.5956112E+01 -8.0000000E+00 -8.0000000E+00  2.0000000E+00  0.0000000E+00  0.0000000E+00  0.0000000E+00  0.0000000E+00  0.0000000E+00  0.0000000E+00
  6.6396610E+01 -8.0000000E+00 -8.0000000E+00  2.0000000E+00  0.0000000E+00  0.0000000E+00  0.0000000E+00  0.0000000E+00  0.0000000E+00  0.0000000E+00
  6.6840050E+01 -8.0000000E+00 -8.0000000E+00  2.0000000E+00  0.0000000E+00  0.0000000E+00  0.0000000E+00  0.0000000E+00  0.0000000E+00  0.0000000E+00
  6.7286452E+01 -8.0000000E+00 -8.0000000E+00  2.0000000E+00  0.0000000E+00  0.0000000E+00  0.0000000E+00  0.0000000E+00  0.0000000E+00  0.0000000E+00
  6.7735835E+01 -8.0000000E+00 -8.0000000E+00  2.0000000E+00  0.0000000E+00  0.0000000E+00  0.0000000E+00  0.0000000E+00  0.0000000E+00  0.0000000E+00
  6.8188219E+01 -8.0000000E+00 -8.0000000E+00  2.0000000E+00  0.0000000E+00  0.0000000E+00  0.0000000E+00  0.0000000E+00  0.0000000E+00  0.0000000E+00
  6.8643625E+01 -8.0000000E+00 -8.0000000E+00  2.0000000E+00  0.0000000E+00  0.0000000E+00  0.0000000E+00  0.0000000E+00  0.0000000E+00  0.0000000E+00
  6.9102072E+01 -8.0000000E+00 -8.0000000E+00  2.0000000E+00  0.0000000E+00  0.0000000E+00  0.0000000E+00  0.0000000E+00  0.0000000E+00  0.0000000E+00
  6.9563581E+01 -8.0000000E+00 -8.0000000E+00  2.0000000E+00  0.0000000E+00  0.0000000E+00  0.0000000E+00  0.0000000E+00  0.0000000E+00  0.0000000E+00
  7.0028172E+01 -8.0000000E+00 -8.0000000E+00  2.0000000E+00  0.0000000E+00  0.0000000E+00  0.0000000E+00  0.0000000E+00  0.0000000E+00  0.0000000E+00
  7.0495866E+01 -8.0000000E+00 -8.0000000E+00  2.0000000E+00  0.0000000E+00  0.0000000E+00  0.0000000E+00  0.0000000E+00  0.0000000E+00  0.0000000E+00
  7.0966683E+01 -8.0000000E+00 -8.0000000E+00  2.0000000E+00  0.0000000E+00  0.0000000E+00  0.0000000E+00  0.0000000E+00  0.0000000E+00  0.0000000E+00
  7.1440645E+01 -8.0000000E+00 -8.0000000E+00  2.0000000E+00  0.0000000E+00  0.0000000E+00  0.0000000E+00  0.0000000E+00  0.0000000E+00  0.0000000E+00
  7.1917773E+01 -8.0000000E+00 -8.0000000E+00  2.0000000E+00  0.0000000E+00  0.0000000E+00  0.0000000E+00  0.0000000E+00  0.0000000E+00  0.0000000E+00
  7.2398087E+01 -8.0000000E+00 -8.0000000E+00  2.0000000E+00  0.0000000E+00  0.0000000E+00  0.0000000E+00  0.0000000E+00  0.0000000E+00  0.0000000E+00
  7.2881609E+01 -8.0000000E+00 -8.0000000E+00  2.0000000E+00  0.0000000E+00  0.0000000E+00  0.0000000E+00  0.0000000E+00  0.0000000E+00  0.0000000E+00
  7.3368360E+01 -8.0000000E+00 -8.0000000E+00  2.0000000E+00  0.0000000E+00  0.0000000E+00  0.0000000E+00  0.0000000E+00  0.0000000E+00  0.0000000E+00
  7.3858362E+01 -8.0000000E+00 -8.0000000E+00  2.0000000E+00  0.0000000E+00  0.0000000E+00  0.0000000E+00  0.0000000E+00  0.0000000E+00  0.0000000E+00
  7.4351636E+01 -8.0000000E+00 -8.0000000E+00  2.0000000E+00  0.0000000E+00  0.0000000E+00  0.0000000E+00  0.0000000E+00  0.0000000E+00  0.0000000E+00
  7.4848205E+01 -8.0000000E+00 -8.0000000E+00  2.0000000E+00  0.0000000E+00  0.0000000E+00  0.0000000E+00  0.0000000E+00  0.0000000E+00  0.0000000E+00
  7.5348090E+01 -8.0000000E+00 -8.0000000E+00  2.0000000E+00  0.0000000E+00  0.0000000E+00  0.0000000E+00  0.0000000E+00  0.0000000E+00  0.0000000E+00
  7.5851314E+01 -8.0000000E+00 -8.0000000E+00  2.0000000E+00  0.0000000E+00  0.0000000E+00  0.0000000E+00  0.0000000E+00  0.0000000E+00  0.0000000E+00
  7.6357899E+01 -8.0000000E+00 -8.0000000E+00  2.0000000E+00  0.0000000E+00  0.0000000E+00  0.0000000E+00  0.0000000E+00  0.0000000E+00  0.0000000E+00
  7.6867867E+01 -8.0000000E+00 -8.0000000E+00  2.0000000E+00  0.0000000E+00  0.0000000E+00  0.0000000E+00  0.0000000E+00  0.0000000E+00  0.0000000E+00
  7.7381241E+01 -8.0000000E+00 -8.0000000E+00  2.0000000E+00  0.0000000E+00  0.0000000E+00  0.0000000E+00  0.0000000E+00  0.0000000E+00  0.0000000E+00
  7.7898043E+01 -8.0000000E+00 -8.0000000E+00  2.0000000E+00  0.0000000E+00  0.0000000E+00  0.0000000E+00  0.0000000E+00  0.0000000E+00  0.0000000E+00
  7.8418297E+01 -8.0000000E+00 -8.0000000E+00  2.0000000E+00  0.0000000E+00  0.0000000E+00  0.0000000E+00  0.0000000E+00  0.0000000E+00  0.0000000E+00
  7.8942026E+01 -8.0000000E+00 -8.0000000E+00  2.0000000E+00  0.0000000E+00  0.0000000E+00  0.0000000E+00  0.0000000E+00  0.0000000E+00  0.0000000E+00
  7.9469252E+01 -8.0000000E+00 -8.0000000E+00  2.0000000E+00  0.0000000E+00  0.0000000E+00  0.0000000E+00  0.0000000E+00  0.0000000E+00  0.0000000E+00
  8.0000000E+01 -8.0000000E+00 -8.0000000E+00  2.0000000E+00  0.0000000E+00  0.0000000E+00  0.0000000E+00  0.0000000E+00  0.0000000E+00  0.0000000E+00
