 #  r       coretau        valetau         tcoretau        tvaletau 
  0.0000000E+00  0.00000000000000000E+00  0.00000000000000000E+00  0.00000000000000000E+00  2.99387831170767253E-26
  8.8911955E-07  1.82036172530721196E+04  7.24611984544277110E+00  7.00481133783092895E-24  3.02919910489125229E-13
  1.7841772E-06  2.07808274289125256E+04  8.27239380988081940E+00  1.13581540962509536E-22  1.21978552903050967E-12
  2.6852126E-06  1.80064040109531234E+04  7.16839669681682334E+00  5.82734241326637229E-22  2.76289809802584136E-12
  3.5922658E-06  1.78591617505827162E+04  7.11016185996773142E+00  1.86650708867741155E-21  4.94475092435713893E-12
  4.5053768E-06  1.74523511480980160E+04  6.94858987938250561E+00  4.61828009548759440E-21  7.77803213341235266E-12
  5.4245861E-06  1.70101526135799104E+04  6.77291996383580130E+00  9.70559668966883977E-21  1.12756274636588795E-11
  6.3499346E-06  1.66741237079564125E+04  6.63950748097286247E+00  1.82235423361757532E-20  1.54506230990155614E-11
  7.2814630E-06  1.63885992120988667E+04  6.52619473779573234E+00  3.15086940022390891E-20  2.03163085405456558E-11
  8.2192129E-06  1.61395266111732199E+04  6.42738894828410867E+00  5.11536609123136498E-20  2.58861795178774527E-11
  9.1632256E-06  1.59216957084035221E+04  6.34101714553765916E+00  7.90222377034578897E-20  3.21739409408861037E-11
  1.0113543E-05  1.57278095227021404E+04  6.26417521627680518E+00  1.17265191776832261E-19  3.91935098921895371E-11
  1.1070207E-05  1.55537824477217946E+04  6.19523735657062691E+00  1.68336707347000532E-19  4.69590186610141158E-11
  1.2033261E-05  1.53964012798324038E+04  6.13292492463480876E+00  2.35011509418187401E-19  5.54848178189861677E-11
  1.3002746E-05  1.52530868406201225E+04  6.07621158010549767E+00  3.20402691666492692E-19  6.47854793384331130E-11
  1.3978707E-05  1.51218126390469988E+04  6.02429093361832013E+00  4.27980272979584390E-19  7.48757997537500471E-11
  1.4961185E-05  1.50009504766588689E+04  5.97651509908886691E+00  5.61590508201653246E-19  8.57708033664482586E-11
  1.5950225E-05  1.48891750815321357E+04  5.93235674130971447E+00  7.25475979451782994E-19  9.74857454944532698E-11
  1.6945870E-05  1.47853953935436039E+04  5.89138172999227194E+00  9.24296495229231113E-19  1.10036115766262795E-10
  1.7948165E-05  1.46887032794772640E+04  5.85322873018651979E+00  1.16315082539016855E-18  1.23437641460576560E-10
  1.8957154E-05  1.45983354380919573E+04  5.81759404196908303E+00  1.44759930097790258E-18  1.37706290892028806E-10
  1.9972882E-05  1.45136446017078433E+04  5.78422013985637928E+00  1.78368730881332493E-18  1.52858276843608616E-10
  2.0995393E-05  1.44340774710935402E+04  5.75288689185920887E+00  2.17796971170477858E-18  1.68910060046458415E-10
  2.2024733E-05  1.43591576043934947E+04  5.72340475008287974E+00  2.63753622611857928E-18  1.85878352707661584E-10
  2.3060948E-05  1.42884719949003811E+04  5.69560940935664295E+00  3.17003779016177511E-18  2.03780122086645204E-10
  2.4104084E-05  1.42216604309922022E+04  5.66935757305291599E+00  3.78371395577136419E-18  2.22632594120954765E-10
  2.5154186E-05  1.41584069786300479E+04  5.64452356360951679E+00  4.48742134007663070E-18  2.42453257101946792E-10
  2.6211301E-05  1.40984331014470790E+04  5.62099658473864849E+00  5.29066317200695908E-18  2.63259865401146560E-10
  2.7275476E-05  1.40414920569660171E+04  5.59867849146917429E+00  6.20361997135636127E-18  2.85070443248001267E-10
  2.8346759E-05  1.39873642965835879E+04  5.57748195965756555E+00  7.23718139868902762E-18  3.07903288559613769E-10
  2.9425197E-05  1.39358536623374057E+04  5.55732897256403024E+00  8.40297931567796321E-18  3.31776976823251378E-10
  3.0510836E-05  1.38867842212520209E+04  5.53814956114846879E+00  9.71342209671425714E-18  3.56710365032337307E-10
  3.1603727E-05  1.38399976137794110E+04  5.51988074896137082E+00  1.11817302339053600E-17  3.82722595676604663E-10
  3.2703917E-05  1.37953508198039399E+04  5.50246566319208608E+00  1.28219732789022777E-17  4.09833100787195039E-10
  3.3811454E-05  1.37527142661350790E+04  5.48585278160686673E+00  1.46491081663540440E-17  4.38061606037422110E-10
  3.4926388E-05  1.37119702150091034E+04  5.46999529131595352E+00  1.66790189651899845E-17  4.67428134899994973E-10
  3.6048768E-05  1.36730113851280094E+04  5.45485054006688763E+00  1.89285581053712650E-17  4.97953012861374893E-10
  3.7178645E-05  1.36357397664049404E+04  5.44037956462918704E+00  2.14155891292397472E-17  5.29656871694178933E-10
  3.8316067E-05  1.36000655967428829E+04  5.42654668364922710E+00  2.41590310181215565E-17  5.62560653788278104E-10
  3.9461086E-05  1.35659064751436035E+04  5.41331914475846077E+00  2.71789041464182977E-17  5.96685616541502194E-10
  4.0613752E-05  1.35331865899543718E+04  5.40066681749332744E+00  3.04963779170417283E-17  6.32053336810680651E-10
  4.1774116E-05  1.35018360449725005E+04  5.38856192516336474E+00  3.41338201337171023E-17  6.68685715423848931E-10
  4.2942230E-05  1.34717902688713421E+04  5.37697880986351961E+00  3.81148481674033943E-17  7.06604981754553348E-10
  4.4118146E-05  1.34429894959611011E+04  5.36589372587698321E+00  4.24643819758467799E-17  7.45833698358902243E-10
  4.5301915E-05  1.34153783083275939E+04  5.35528465750240379E+00  4.72086990371110918E-17  7.86394765676407238E-10
  4.6493589E-05  1.33889052307582933E+04  5.34513115788407678E+00  5.23754912598052005E-17  8.28311426795326911E-10
  4.7693223E-05  1.33635223715267184E+04  5.33541420609274564E+00  5.79939239346617526E-17  8.71607272283545188E-10
  4.8900869E-05  1.33391851028592846E+04  5.32611607998047809E+00  6.40946967941150489E-17  9.16306245085757883E-10
  5.0116580E-05  1.33158517759646766E+04  5.31722024281689531E+00  7.07101072485716018E-17  9.62432645487772329E-10
  5.1340410E-05  1.32934834664269765E+04  5.30871124198202526E+00  7.78741158701826973E-17  1.01001113614915663E-09
  5.2572414E-05  1.32720437460201774E+04  5.30057461818608022E+00  8.56224141970991658E-17  1.05906674720488841E-09
  5.3812646E-05  1.32514984777929294E+04  5.29279682393259243E+00  9.39924949334265558E-17  1.10962488143686914E-09
  5.5061161E-05  1.32318156317310732E+04  5.28536515019082387E+00  1.03023724622400724E-16  1.16171131951663329E-09
  5.6318014E-05  1.32129651185087951E+04  5.27826766025867400E+00  1.12757418872681285E-16  1.21535222531980295E-09
  5.7583261E-05  1.31949186392811534E+04  5.27149312999105746E+00  1.23236920220092409E-16  1.27057415131341678E-09
  5.8856959E-05  1.31776495497615560E+04  5.26503099373497196E+00  1.34507678709663855E-16  1.32740404401743859E-09
  6.0139163E-05  1.31611327369413320E+04  5.25887129528385255E+00  1.46617335285405577E-16  1.38586924954075869E-09
  6.1429931E-05  1.31453445070939924E+04  5.25300464332153805E+00  1.59615808077914873E-16  1.44599751919324091E-09
  6.2729319E-05  1.31302624838813408E+04  5.24742217088847251E+00  1.73555381682656603E-16  1.50781701517478607E-09
  6.4037385E-05  1.31158655155581455E+04  5.24211549847489700E+00  1.88490799524581671E-16  1.57135631634236593E-09
  6.5354187E-05  1.31021335901728216E+04  5.23707670027246852E+00  2.04479359407651311E-16  1.63664442405591251E-09
  6.6679784E-05  1.30890477581065952E+04  5.23229827337190212E+00  2.21581012350820717E-16  1.70371076810440729E-09
  6.8014234E-05  1.30765900612020123E+04  5.22777310958061925E+00  2.39858464815129704E-16  1.77258521271328056E-09
  6.9357596E-05  1.30647434677292513E+04  5.22349446953187257E+00  2.59377284429693681E-16  1.84329806263383786E-09
  7.0709930E-05  1.30534918127160090E+04  5.21945595896323056E+00  2.80206009327668149E-16  1.91588006931622966E-09
  7.2071296E-05  1.30428197431308690E+04  5.21565150691917800E+00  3.02416261206604785E-16  1.99036243716699352E-09
  7.3441754E-05  1.30327126674306655E+04  5.21207534567873498E+00  3.26082862231079923E-16  2.06677682989222820E-09
  7.4821365E-05  1.30231567090466197E+04  5.20872199224463550E+00  3.51283955899025369E-16  2.14515537692745432E-09
  7.6210190E-05  1.30141386634842365E+04  5.20558623130444431E+00  3.78101131996849244E-16  2.22553067995567221E-09
  7.7608290E-05  1.30056459587437421E+04  5.20266309947993300E+00  4.06619555772212262E-16  2.30793581951460316E-09
  7.9015728E-05  1.29976666187029969E+04  5.19994787074734344E+00  4.36928101457186161E-16  2.39240436169414005E-09
  8.0432565E-05  1.29901892291842432E+04  5.19743604297646122E+00  4.69119490278520272E-16  2.47897036492577093E-09
  8.1858865E-05  1.29832029065632487E+04  5.19512332542283239E+00  5.03290433095840605E-16  2.56766838686453027E-09
  8.3294690E-05  1.29766972686477329E+04  5.19300562716513081E+00  5.39541777812834489E-16  2.65853349136528885E-09
  8.4740105E-05  1.29706624075947602E+04  5.19107904632828365E+00  5.77978661710825543E-16  2.75160125555425216E-09
  8.6195174E-05  1.29650888648048622E+04  5.18933986009659787E+00  6.18710668858595112E-16  2.84690777699746805E-09
  8.7659960E-05  1.29599676074687723E+04  5.18778451540846852E+00  6.61851992756956780E-16  2.94448968096717251E-09
  8.9134529E-05  1.29552900067962219E+04  5.18640962028450669E+00  7.07521604381259921E-16  3.04438412780715265E-09
  9.0618946E-05  1.29510478177517034E+04  5.18521193577891815E+00  7.55843425789951551E-16  3.14662882039940337E-09
  9.2113278E-05  1.29472331599842946E+04  5.18418836840524033E+00  8.06946509472276277E-16  3.25126201173224096E-09
  9.3617589E-05  1.29438385001855022E+04  5.18333596311388511E+00  8.60965223613385895E-16  3.35832251257229746E-09
  9.5131947E-05  1.29408566355226158E+04  5.18265189671412063E+00  9.18039443460454054E-16  3.46784969924098163E-09
  9.6656419E-05  1.29382806780984301E+04  5.18213347171027472E+00  9.78314748978821775E-16  3.57988352149712144E-09
  9.8191072E-05  1.29361040404665637E+04  5.18177811052387138E+00  1.04194262899285561E-15  3.69446451052810779E-09
  9.9735974E-05  1.29343204219671534E+04  5.18158335007857751E+00  1.10908069201197647E-15  3.81163378704874751E-09
  1.0129119E-04  1.29329237959644452E+04  5.18154683674549332E+00  1.17989288394823740E-15  3.93143306951174441E-09
  1.0285680E-04  1.29319083978504295E+04  5.18166632154095463E+00  1.25454971293804272E-15  4.05390468243048990E-09
  1.0443287E-04  1.29312687137072480E+04  5.18193965565259784E+00  1.33322848148678237E-15  4.17909156481428527E-09
  1.0601945E-04  1.29309994696990034E+04  5.18236478622487517E+00  1.41611352616174856E-15  4.30703727871989657E-09
  1.0761664E-04  1.29310956220459793E+04  5.18293975236852233E+00  1.50339646506530248E-15  4.43778601791921796E-09
  1.0922449E-04  1.29315523475631708E+04  5.18366268140865216E+00  1.59527645332716307E-15  4.57138261668532193E-09
  1.1084308E-04  1.29323650347651437E+04  5.18453178535606440E+00  1.69196044686172919E-15  4.70787255869869231E-09
  1.1247248E-04  1.29335292754124239E+04  5.18554535755608370E+00  1.79366347464362164E-15  4.84730198607430584E-09
  1.1411277E-04  1.29350408565429279E+04  5.18670176951035078E+00  1.90060891976210098E-15  4.98971770851241115E-09
  1.1576401E-04  1.29368957529760683E+04  5.18799946791726274E+00  2.01302880952271126E-15  5.13516721257427989E-09
  1.1742627E-04  1.29390901200937224E+04  5.18943697180976837E+00  2.13116411487242714E-15  5.28369867108386958E-09
  1.1909964E-04  1.29416202871036348E+04  5.19101286987522492E+00  2.25526505943265258E-15  5.43536095265776815E-09
  1.2078418E-04  1.29444827506178299E+04  5.19272581791383647E+00  2.38559143843290327E-15  5.59020363136579578E-09
  1.2247998E-04  1.29476741685110792E+04  5.19457453640302269E+00  2.52241294784650771E-15  5.74827699652266526E-09
  1.2418710E-04  1.29511913541751564E+04  5.19655780821463065E+00  2.66600952403859292E-15  5.90963206261308968E-09
  1.2590562E-04  1.29550312709426235E+04  5.19867447641291403E+00  2.81667169424571542E-15  6.07432057935247750E-09
  1.2763562E-04  1.29591910268091688E+04  5.20092344216738578E+00  2.97470093821581892E-15  6.24239504188469060E-09
  1.2937717E-04  1.29636678695108822E+04  5.20330366278886647E+00  3.14041006134697888E-15  6.41390870111878270E-09
  1.3113035E-04  1.29684591816745960E+04  5.20581414981479185E+00  3.31412357967318444E-15  6.58891557420595486E-09
  1.3289524E-04  1.29735624762729058E+04  5.20845396721417409E+00  3.49617811705560338E-15  6.76747045516080769E-09
  1.3467192E-04  1.29789753922959117E+04  5.21122222966726856E+00  3.68692281494847461E-15  6.94962892562540044E-09
  1.3646047E-04  1.29846956905434836E+04  5.21411810091746997E+00  3.88671975511925548E-15  7.13544736578074430E-09
  1.3826096E-04  1.29907212497265009E+04  5.21714079219792026E+00  4.09594439571406195E-15  7.32498296540830332E-09
  1.4007347E-04  1.29970500625827444E+04  5.22028956072376360E+00  4.31498602107066200E-15  7.51829373509919497E-09
  1.4189809E-04  1.30036802322811509E+04  5.22356370826041250E+00  4.54424820569308842E-15  7.71543851761830921E-09
  1.4373490E-04  1.30106099689288403E+04  5.22696257973188239E+00  4.78414929281407390E-15  7.91647699942264388E-09
  1.4558397E-04  1.30178375861962468E+04  5.23048556190873448E+00  5.03512288798390102E-15  8.12146972233591925E-09
  1.4744540E-04  1.30253614981584305E+04  5.23413208214136993E+00  5.29761836813698091E-15  8.33047809538277644E-09
  1.4931925E-04  1.30331802161867618E+04  5.23790160715121544E+00  5.57210140660079886E-15  8.54356440678371024E-09
  1.5120562E-04  1.30412923460212423E+04  5.24179364185097540E+00  5.85905451452518580E-15  8.76079183611297638E-09
  1.5310459E-04  1.30496965849363605E+04  5.24580772824037478E+00  6.15897759922393539E-15  8.98222446662243946E-09
  1.5501624E-04  1.30583917189897456E+04  5.24994344433269688E+00  6.47238853993504254E-15  9.20792729773356693E-09
  1.5694066E-04  1.30673766204598287E+04  5.25420040312151659E+00  6.79982378152050832E-15  9.43796625769725461E-09
  1.5887793E-04  1.30766502452922887E+04  5.25857825158159997E+00  7.14183894664191250E-15  9.67240821642857453E-09
  1.6082813E-04  1.30862116307149572E+04  5.26307666973557353E+00  7.49900946696334586E-15  9.91132099851464828E-09
  1.6279137E-04  1.30960598929130883E+04  5.26769536974348540E+00  7.87193123394952193E-15  1.01547733963994527E-08
  1.6476771E-04  1.31061942247700499E+04  5.27243409498905269E+00  8.26122126984311167E-15  1.04028351837481535E-08
  1.6675726E-04  1.31166138937858541E+04  5.27729261927674909E+00  8.66751841942243664E-15  1.06555771289931574E-08
  1.6876009E-04  1.31273182399246289E+04  5.28227074600824231E+00  9.09148406315808949E-15  1.09130710090651097E-08
  1.7077630E-04  1.31383066737265708E+04  5.28736830739772135E+00  9.53380285240476507E-15  1.11753896233086833E-08
  1.7280597E-04  1.31495786743378030E+04  5.29258516371205001E+00  9.99518346728329025E-15  1.14426068075892505E-08
  1.7484920E-04  1.31611337876513135E+04  5.29792120256261967E+00  1.04763593979263630E-14  1.17147974485906151E-08
  1.7690607E-04  1.31729716246352418E+04  5.30337633823000587E+00  1.09780897497815937E-14  1.19920374983081538E-08
  1.7897668E-04  1.31850918595046569E+04  5.30895051094604220E+00  1.15011600736848254E-14  1.22744039887363504E-08
  1.8106113E-04  1.31974942282012507E+04  5.31464368630870965E+00  1.20463832214375926E-14  1.25619750467582806E-08
  1.8315949E-04  1.32101785267585783E+04  5.32045585463751980E+00  1.26146002276441137E-14  1.28548299092375464E-08
  1.8527186E-04  1.32231446097669723E+04  5.32638703036686056E+00  1.32066812185841028E-14  1.31530489383133593E-08
  1.8739835E-04  1.32363923890086153E+04  5.33243725151879300E+00  1.38235263489210930E-14  1.34567136369049499E-08
  1.8953903E-04  1.32499218319586016E+04  5.33860657912394565E+00  1.44660667670682302E-14  1.37659066644248386E-08
  1.9169402E-04  1.32637329604646911E+04  5.34489509669989005E+00  1.51352656100575343E-14  1.40807118527088830E-08
  1.9386339E-04  1.32778258495150549E+04  5.35130290976295253E+00  1.58321190287830077E-14  1.44012142221602280E-08
  1.9604726E-04  1.32922006258969122E+04  5.35783014531722568E+00  1.65576572445127891E-14  1.47274999981105134E-08
  1.9824571E-04  1.33068574670610378E+04  5.36447695141587477E+00  1.73129456375913306E-14  1.50596566274086199E-08
  2.0045884E-04  1.33217965999727803E+04  5.37124349671007462E+00  1.80990858692795763E-14  1.53977727952301229E-08
  2.0268675E-04  1.33370182999866065E+04  5.37812997000033288E+00  1.89172170377071970E-14  1.57419384421162415E-08
  2.0492954E-04  1.33525228898133901E+04  5.38513657985904182E+00  1.97685168689404724E-14  1.60922447812456100E-08
  2.0718731E-04  1.33683107384452651E+04  5.39226355420454428E+00  2.06542029441964968E-14  1.64487843159379933E-08
  2.0946016E-04  1.33843822602599321E+04  5.39951113993927834E+00  2.15755339642656745E-14  1.68116508573970500E-08
  2.1174819E-04  1.34007379140346602E+04  5.40687960260136258E+00  2.25338110522333597E-14  1.71809395426946054E-08
  2.1405150E-04  1.34173782020583731E+04  5.41436922600458459E+00  2.35303790956241252E-14  1.75567468529971690E-08
  2.1637019E-04  1.34343036692759651E+04  5.42198031190079188E+00  2.45666281291230416E-14  1.79391706320410536E-08
  2.1870437E-04  1.34515149024564053E+04  5.42971317967481948E+00  2.56439947590627058E-14  1.83283101048570573E-08
  2.2105414E-04  1.34690125294208065E+04  5.43756816606047799E+00  2.67639636308975932E-14  1.87242658967509634E-08
  2.2341960E-04  1.34867972182938520E+04  5.44554562482244631E+00  2.79280689409233250E-14  1.91271400525411541E-08
  2.2580086E-04  1.35048696767186466E+04  5.45364592648219304E+00  2.91378959935333123E-14  1.95370360560539105E-08
  2.2819802E-04  1.35232306512464202E+04  5.46186945808854940E+00  3.03950828053432235E-14  1.99540588498885731E-08
  2.3061120E-04  1.35418809266706794E+04  5.47021662292903876E+00  3.17013217575512703E-14  2.03783148554459628E-08
  2.3304049E-04  1.35608213253027716E+04  5.47868784031913414E+00  3.30583612979408663E-14  2.08099119932317873E-08
  2.3548600E-04  1.35800527065053502E+04  5.48728354537412777E+00  3.44680076939736701E-14  2.12489597034340661E-08
  2.3794785E-04  1.35995759660425647E+04  5.49600418877963648E+00  3.59321268384610272E-14  2.16955689667774548E-08
  2.4042613E-04  1.36193920354974853E+04  5.50485023658548744E+00  3.74526461093447966E-14  2.21498523256657111E-08
  2.4292097E-04  1.36395018818845547E+04  5.51382217004873532E+00  3.90315562851627186E-14  2.26119239056071941E-08
  2.4543248E-04  1.36599065070236848E+04  5.52292048541345082E+00  4.06709135178175609E-14  2.30818994369256127E-08
  2.4796075E-04  1.36806069471143364E+04  5.53214569373463672E+00  4.23728413643150248E-14  2.35598962767779289E-08
  2.5050591E-04  1.37016042723276041E+04  5.54149832076208337E+00  4.41395328791855523E-14  2.40460334314610865E-08
  2.5306807E-04  1.37228995863327327E+04  5.55097890672478300E+00  4.59732527693493081E-14  2.45404315790195385E-08
  2.5564734E-04  1.37444940259202776E+04  5.56058800623017735E+00  4.78763396132386035E-14  2.50432130921686756E-08
  2.5824384E-04  1.37663887606147418E+04  5.57032618811827263E+00  4.98512081460401286E-14  2.55545020615204195E-08
  2.6085768E-04  1.37885849923455989E+04  5.58019403532106750E+00  5.19003516129738572E-14  2.60744243191247470E-08
  2.6348897E-04  1.38110839550591409E+04  5.59019214475949600E+00  5.40263441925797722E-14  2.66031074623351046E-08
  2.6613784E-04  1.38338869144322198E+04  5.60032112721007724E+00  5.62318434920392922E-14  2.71406808779926022E-08
  2.6880440E-04  1.38569951675774264E+04  5.61058160722831190E+00  5.85195931166165663E-14  2.76872757669385110E-08
  2.7148877E-04  1.38804100427351023E+04  5.62097422304239824E+00  6.08924253153622601E-14  2.82430251688594077E-08
  2.7419106E-04  1.39041328990335533E+04  5.63149962644666680E+00  6.33532637052859033E-14  2.88080639874680081E-08
  2.7691141E-04  1.39281651262370760E+04  5.64215848273637111E+00  6.59051260762629454E-14  2.93825290160299277E-08
  2.7964992E-04  1.39525081445043033E+04  5.65295147063757941E+00  6.85511272790085795E-14  2.99665589632266615E-08
  2.8240672E-04  1.39771634041652851E+04  5.66387928222704407E+00  7.12944821985155523E-14  3.05602944793760579E-08
  2.8518193E-04  1.40021323855890187E+04  5.67494262287341034E+00  7.41385088154218430E-14  3.11638781830113691E-08
  2.8797568E-04  1.40274165989109606E+04  5.68614221117565677E+00  7.70866313578435353E-14  3.17774546878062046E-08
  2.9078809E-04  1.40530175838739542E+04  5.69747877891129217E+00  8.01423835462791906E-14  3.24011706298765576E-08
  2.9361927E-04  1.40789369097744820E+04  5.70895307102822791E+00  8.33094119342685049E-14  3.30351746954522392E-08
  2.9646937E-04  1.41051761751686190E+04  5.72056584553532765E+00  8.65914793475602177E-14  3.36796176489139210E-08
  2.9933850E-04  1.41317370078740023E+04  5.73231787351996225E+00  8.99924684246250574E-14  3.43346523612175554E-08
  3.0222680E-04  1.41586210647698608E+04  5.74420993913895650E+00  9.35163852614288853E-14  3.50004338387013308E-08
  3.0513438E-04  1.41858300317140729E+04  5.75624283951866467E+00  9.71673631634627388E-14  3.56771192522814484E-08
  3.0806139E-04  1.42133656234875962E+04  5.76841738480147281E+00  1.00949666508112313E-13  3.63648679670442635E-08
  3.1100794E-04  1.42412295836607173E+04  5.78073439813398160E+00  1.04867694720535981E-13  3.70638415722394176E-08
  3.1397417E-04  1.42694236845440482E+04  5.79319471559675669E+00  1.08925986366310401E-13  3.77742039116765759E-08
  3.1696021E-04  1.42979497271182845E+04  5.80579918626425329E+00  1.13129223364192771E-13  3.84961211145355552E-08
  3.1996619E-04  1.43268095410181086E+04  5.81854867218662264E+00  1.17482235322447769E-13  3.92297616265929283E-08
  3.2299225E-04  1.43560049844307377E+04  5.83144404835954511E+00  1.21990004002278576E-13  3.99752962418698948E-08
  3.2603852E-04  1.43855379441493842E+04  5.84448620278417597E+00  1.26657667912006394E-13  4.07328981347103121E-08
  3.2910514E-04  1.44154103354736071E+04  5.85767603644616397E+00  1.31490527035742786E-13  4.15027428922920368E-08
  3.3219223E-04  1.44456241022370796E+04  5.87101446334009935E+00  1.36494047700404623E-13  4.22850085475759701E-08
  3.3529994E-04  1.44761812167945845E+04  5.88450241048559963E+00  1.41673867585032937E-13  4.30798756127033495E-08
  3.3842841E-04  1.45070836800340749E+04  5.89814081796467971E+00  1.47035800876482446E-13  4.38875271128465736E-08
  3.4157777E-04  1.45383335213983810E+04  5.91193063893150494E+00  1.52585843575671795E-13  4.47081486205084313E-08
  3.4474817E-04  1.45699327988509358E+04  5.92587283963717226E+00  1.58330178958693064E-13  4.55419282902973174E-08
  3.4793974E-04  1.46018835989810977E+04  5.93996839949344491E+00  1.64275183197207071E-13  4.63890568941683958E-08
  3.5115262E-04  1.46341880370184917E+04  5.95421831109136690E+00  1.70427431142673208E-13  4.72497278571357394E-08
  3.5438696E-04  1.46668482568498912E+04  5.96862358023011375E+00  1.76793702279088360E-13  4.81241372934741145E-08
  3.5764291E-04  1.46998664310526092E+04  5.98318522596937008E+00  1.83380986849044867E-13  4.90124840434064130E-08
  3.6092060E-04  1.47332447610441377E+04  5.99790428069174641E+00  1.90196492158048762E-13  4.99149697102955193E-08
  3.6422018E-04  1.47669854770550191E+04  6.01278179012655123E+00  1.97247649062183904E-13  5.08317986983215730E-08
  3.6754179E-04  1.48010908382215366E+04  6.02781881341263492E+00  2.04542118644339684E-13  5.17631782506820300E-08
  3.7088559E-04  1.48355631326826442E+04  6.04301642315825394E+00  2.12087799084382931E-13  5.27093184883139460E-08
  3.7425172E-04  1.48704046776614850E+04  6.05837570548522653E+00  2.19892832728787928E-13  5.36704324491194893E-08
  3.7764034E-04  1.49056178195373432E+04  6.07389776009770088E+00  2.27965613365408109E-13  5.46467361277374470E-08
  3.8105158E-04  1.49412049339107871E+04  6.08958370035103513E+00  2.36314793709220531E-13  5.56384485158483544E-08
  3.8448561E-04  1.49771684258072855E+04  6.10543465330885127E+00  2.44949293105049213E-13  5.66457916430251870E-08
  3.8794257E-04  1.50135107296592487E+04  6.12145175979747425E+00  2.53878305453430176E-13  5.76689906181330419E-08
  3.9142262E-04  1.50502343094860698E+04  6.13763617450090582E+00  2.63111307365963252E-13  5.87082736712826597E-08
  3.9492591E-04  1.50873416590060879E+04  6.15398906601976137E+00  2.72658066556669382E-13  5.97638721963716754E-08
  3.9845260E-04  1.51248353017227764E+04  6.17051161694619044E+00  2.82528650476053183E-13  6.08360207941813961E-08
  4.0200284E-04  1.51627177910822484E+04  6.18720502394671001E+00  2.92733435194763673E-13  6.19249573160515340E-08
  4.0557679E-04  1.52009917106102457E+04  6.20407049783962439E+00  3.03283114543931715E-13  6.30309229081737693E-08
  4.0917462E-04  1.52396596740035438E+04  6.22110926366424000E+00  3.14188709519470405E-13  6.41541620564472139E-08
  4.1279647E-04  1.52787243252907574E+04  6.23832256076861036E+00  3.25461577957815015E-13  6.52949226319631541E-08
  4.1644251E-04  1.53181883390146904E+04  6.25571164292199278E+00  3.37113424490804520E-13  6.64534559371107478E-08
  4.2011290E-04  1.53580544203091013E+04  6.27327777837704481E+00  3.49156310787612126E-13  6.76300167522729454E-08
  4.2380780E-04  1.53983253051127176E+04  6.29102224994466308E+00  3.61602666091848457E-13  6.88248633831841414E-08
  4.2752738E-04  1.54390037602659286E+04  6.30894635511165891E+00  3.74465298062204845E-13  7.00382577089148424E-08
  4.3127180E-04  1.54800925837203631E+04  6.32705140615390604E+00  3.87757403925221483E-13  7.12704652305090531E-08
  4.3504123E-04  1.55215946047144989E+04  6.34533873017576067E+00  4.01492581949017412E-13  7.25217551202705693E-08
  4.3883584E-04  1.55635126838447359E+04  6.36380966923132085E+00  4.15684843247052449E-13  7.37924002717207299E-08
  4.4265578E-04  1.56058497133773781E+04  6.38246558047108259E+00  4.30348623921261609E-13  7.50826773502356078E-08
  4.4650124E-04  1.56486086173202420E+04  6.40130783617024779E+00  4.45498797554151414E-13  7.63928668443490091E-08
  4.5037238E-04  1.56917923515924249E+04  6.42033782385955298E+00  4.61150688059712188E-13  7.77232531177745233E-08
  4.5426938E-04  1.57354039043002522E+04  6.43955694646150878E+00  4.77320082903293399E-13  7.90741244621062991E-08
  4.5819240E-04  1.57794462958580225E+04  6.45896662234446239E+00  4.94023246700850820E-13  8.04457731502383149E-08
  4.6214162E-04  1.58239225791644658E+04  6.47856828547576935E+00  5.11276935208278107E-13  8.18384954905170745E-08
  4.6611722E-04  1.58688358398148321E+04  6.49836338550150661E+00  5.29098409711830357E-13  8.32525918816040773E-08
  4.7011937E-04  1.59141891963367743E+04  6.51835338787312057E+00  5.47505451830952326E-13  8.46883668681016622E-08
  4.7414825E-04  1.59599858003112568E+04  6.53853977397163177E+00  5.66516378745147284E-13  8.61461291969091941E-08
  4.7820404E-04  1.60062288366333469E+04  6.55892404118546501E+00  5.86150058856828311E-13  8.76261918743479049E-08
  4.8228691E-04  1.60529215237088538E+04  6.57950770308123811E+00  6.06425927902456956E-13  8.91288722240662500E-08
  4.8639705E-04  1.61000671136340643E+04  6.60029228947698332E+00  6.27364005524580733E-13  9.06544919457106643E-08
  4.9053464E-04  1.61476688924100181E+04  6.62127934656923056E+00  6.48984912317762716E-13  9.22033771743906765E-08
  4.9469987E-04  1.61957301801892336E+04  6.64247043708350482E+00  6.71309887361739396E-13  9.37758585409646921E-08
  4.9889291E-04  1.62442543315100120E+04  6.66386714038811245E+00  6.94360806255531713E-13  9.53722712331234309E-08
  5.0311396E-04  1.62932447353915504E+04  6.68547105257601704E+00  7.18160199666590633E-13  9.69929550572780579E-08
  5.0736320E-04  1.63427048157381068E+04  6.70728378665902447E+00  7.42731272409467358E-13  9.86382545013320880E-08
  5.1164081E-04  1.63926380314284725E+04  6.72930697267120514E+00  7.68097923068924588E-13  1.00308518798275508E-07
  5.1594700E-04  1.64430478765635598E+04  6.75154225775440775E+00  7.94284764182749865E-13  1.02004101990599990E-07
  5.2028194E-04  1.64939378807843023E+04  6.77399130636014490E+00  8.21317143000046720E-13  1.03725362995647724E-07
  5.2464584E-04  1.65453116093891258E+04  6.79665580034842254E+00  8.49221162831139074E-13  1.05472665671813803E-07
  5.2903888E-04  1.65971726636348540E+04  6.81953743910602128E+00  8.78023705005730979E-13  1.07246378885612334E-07
  5.3346126E-04  1.66495246809700839E+04  6.84263793971944967E+00  9.07752451456378337E-13  1.09046876579704092E-07
  5.3791318E-04  1.67023713352733503E+04  6.86595903710199451E+00  9.38435907944857984E-13  1.10874537841798370E-07
  5.4239483E-04  1.67557163370839626E+04  6.88950248410970012E+00  9.70103427949438121E-13  1.12729746974494845E-07
  5.4690641E-04  1.68095634338861491E+04  6.91327005172142606E+00  1.00278523723162946E-12  1.14612893566082698E-07
  5.5144812E-04  1.68639164102838768E+04  6.93726352913847411E+00  1.03651245910145313E-12  1.16524372562264657E-07
  5.5602017E-04  1.69187790882944464E+04  6.96148472395345230E+00  1.07131714040081405E-12  1.18464584338880063E-07
  5.6062275E-04  1.69741553276736195E+04  6.98593546231499740E+00  1.10723227822512432E-12  1.20433934775593795E-07
  5.6525606E-04  1.70300490260465922E+04  7.01061758903026444E+00  1.14429184740385893E-12  1.22432835330571527E-07
  5.6992033E-04  1.70864641192259260E+04  7.03553296774900616E+00  1.18253082876129554E-12  1.24461703116176631E-07
  5.7461574E-04  1.71434045814739729E+04  7.06068348109667099E+00  1.22198523817931744E-12  1.26520960975675321E-07
  5.7934251E-04  1.72008744257734907E+04  7.08607103083406198E+00  1.26269215648471167E-12  1.28611037560997056E-07
  5.8410085E-04  1.72588777040852110E+04  7.11169753800401505E+00  1.30468976018407708E-12  1.30732367411505510E-07
  5.8889098E-04  1.73174185075633395E+04  7.13756494309390010E+00  1.34801735307002534E-12  1.32885391033865175E-07
  5.9371309E-04  1.73765009669218525E+04  7.16367520618572762E+00  1.39271539872309599E-12  1.35070554982983802E-07
  5.9856740E-04  1.74361292526357356E+04  7.19003030711568414E+00  1.43882555393441097E-12  1.37288311944019114E-07
  6.0345414E-04  1.74963075752171353E+04  7.21663224563311090E+00  1.48639070307483460E-12  1.39539120815516017E-07
  6.0837352E-04  1.75570401855518867E+04  7.24348304155341172E+00  1.53545499343710009E-12  1.41823446793647626E-07
  6.1332574E-04  1.76183313751016649E+04  7.27058473495991464E+00  1.58606387157809661E-12  1.44141761457628292E-07
  6.1831105E-04  1.76801854761810719E+04  7.29793938628641303E+00  1.63826412068927091E-12  1.46494542856207607E-07
  6.2332965E-04  1.77426068623621213E+04  7.32554907656274690E+00  1.69210389902385242E-12  1.48882275595402925E-07
  6.2838176E-04  1.78055999486293294E+04  7.35341590757257801E+00  1.74763277941046491E-12  1.51305450927391263E-07
  6.3346762E-04  1.78691691916546115E+04  7.38154200193680676E+00  1.80490178988338738E-12  1.53764566840553186E-07
  6.3858744E-04  1.79333190901938397E+04  7.40992950338231893E+00  1.86396345546071444E-12  1.56260128150789903E-07
  6.4374146E-04  1.79980541853096220E+04  7.43858057688387309E+00  1.92487184110240621E-12  1.58792646594077858E-07
  6.4892990E-04  1.80633790606821494E+04  7.46749740881600932E+00  1.98768259588118274E-12  1.61362640920213475E-07
  6.5415299E-04  1.81292983428666412E+04  7.49668220713022482E+00  2.05245299840006944E-12  1.63970636987828467E-07
  6.5941096E-04  1.81958167016188054E+04  7.52613720155228627E+00  2.11924200349137963E-12  1.66617167860758838E-07
  6.6470405E-04  1.82629388502233160E+04  7.55586464374610234E+00  2.18811029023288581E-12  1.69302773905638430E-07
  6.7003249E-04  1.83306695456895504E+04  7.58586680746648856E+00  2.25912031131785828E-12  1.72028002890805616E-07
  6.7539652E-04  1.83990135891643513E+04  7.61614598878376192E+00  2.33233634381673571E-12  1.74793410086604011E-07
  6.8079637E-04  1.84679758261687166E+04  7.64670450624709108E+00  2.40782454136920914E-12  1.77599558366988552E-07
  6.8623228E-04  1.85375611469272262E+04  7.67754470104498221E+00  2.48565298784654760E-12  1.80447018312483279E-07
  6.9170450E-04  1.86077744866898829E+04  7.70866893721696655E+00  2.56589175252513471E-12  1.83336368314594263E-07
  6.9721327E-04  1.86786208259544837E+04  7.74007960183647459E+00  2.64861294681329078E-12  1.86268194681555637E-07
  7.0275883E-04  1.87501051908773115E+04  7.77177910516775938E+00  2.73389078257461143E-12  1.89243091745541653E-07
  7.0834142E-04  1.88222326535498723E+04  7.80376988090090595E+00  2.82180163209230562E-12  1.92261661971324781E-07
  7.1396130E-04  1.88950083322611681E+04  7.83605438628881856E+00  2.91242408972014041E-12  1.95324516066344095E-07
  7.1961871E-04  1.89684373918480887E+04  7.86863510236873331E+00  3.00583903526693576E-12  1.98432273092353535E-07
  7.2531391E-04  1.90425250440480086E+04  7.90151453417147298E+00  3.10212969916289086E-12  2.01585560578496274E-07
  7.3104714E-04  1.91172765477462999E+04  7.93469521086863683E+00  3.20138172945717309E-12  2.04785014635897189E-07
  7.3681866E-04  1.91926972093179538E+04  7.96817968599910742E+00  3.30368326069782162E-12  2.08031280073865642E-07
  7.4262873E-04  1.92687923829540705E+04  8.00197053764244082E+00  3.40912498474617515E-12  2.11325010517596348E-07
  7.4847760E-04  1.93455674709778759E+04  8.03607036866169722E+00  3.51780022357966984E-12  2.14666868527509643E-07
  7.5436553E-04  1.94230279241599637E+04  8.07048180685743866E+00  3.62980500413823375E-12  2.18057525720130263E-07
  7.6029279E-04  1.95011792420284364E+04  8.10520750515574129E+00  3.74523813527100315E-12  2.21497662890656448E-07
  7.6625964E-04  1.95800269732155648E+04  8.14025014185479989E+00  3.86420128684179361E-12  2.24987970137193476E-07
  7.7226633E-04  1.96595767157444388E+04  8.17561242081903750E+00  3.98679907105318062E-12  2.28529146986553589E-07
  7.7831314E-04  1.97398341173857189E+04  8.21129707164143241E+00  4.11313912605085328E-12  2.32121902521872994E-07
  7.8440033E-04  1.98208048759974627E+04  8.24730684989753549E+00  4.24333220187149039E-12  2.35766955511893104E-07
  7.9052818E-04  1.99024947397766809E+04  8.28364453733801476E+00  4.37749224879925065E-12  2.39465034541954071E-07
  7.9669696E-04  1.99849095076574158E+04  8.32031294205815364E+00  4.51573650819763402E-12  2.43216878146800002E-07
  8.0290693E-04  2.00680550296602414E+04  8.35731489878346245E+00  4.65818560588548321E-12  2.47023234945185725E-07
  8.0915838E-04  2.01519372070765749E+04  8.39465326900209519E+00  4.80496364812762563E-12  2.50884863776193457E-07
  8.1545158E-04  2.02365619929437416E+04  8.43233094120695981E+00  4.95619832031264057E-12  2.54802533837511670E-07
  8.2178681E-04  2.03219353923480921E+04  8.47035083113144616E+00  5.11202098839235221E-12  2.58777024825533712E-07
  8.2816435E-04  2.04080634626986939E+04  8.50871588192488915E+00  5.27256680315950944E-12  2.62809127077241747E-07
  8.3458448E-04  2.04949523140907695E+04  8.54742906439345340E+00  5.43797480744236535E-12  2.66899641714205432E-07
  8.4104749E-04  2.05826081096199741E+04  8.58649337720765438E+00  5.60838804629696340E-12  2.71049380788299639E-07
  8.4755367E-04  2.06710370657811400E+04  8.62591184711771497E+00  5.78395368028020759E-12  2.75259167429550141E-07
  8.5410329E-04  2.07602454526925103E+04  8.66568752915624785E+00  5.96482310188903838E-12  2.79529835995883582E-07
  8.6069666E-04  2.08502395944792916E+04  8.70582350689966589E+00  6.15115205525333488E-12  2.83862232224868559E-07
  8.6733407E-04  2.09410258696243473E+04  8.74632289265309382E+00  6.34310075917283677E-12  2.88257213387633581E-07
  8.7401580E-04  2.10326107112735408E+04  8.78718882767538290E+00  6.54083403359037568E-12  2.92715648444697782E-07
  8.8074216E-04  2.11250006076057507E+04  8.82842448243193978E+00  6.74452142959684061E-12  2.97238418204021238E-07
  8.8751344E-04  2.12182021020430802E+04  8.87003305675596820E+00  6.95433736306537161E-12  3.01826415481030291E-07
  8.9432995E-04  2.13122217937482274E+04  8.91201778014821500E+00  7.17046125201525758E-12  3.06480545261027120E-07
  9.0119198E-04  2.14070663378677564E+04  8.95438191196706335E+00  7.39307765780897363E-12  3.11201724863561671E-07
  9.0809984E-04  2.15027424458378082E+04  8.99712874163035181E+00  7.62237643028788579E-12  3.15990884109128909E-07
  9.1505383E-04  2.15992568857522092E+04  9.04026158888033748E+00  7.85855285695611952E-12  3.20848965488143309E-07
  9.2205427E-04  2.16966164827062130E+04  9.08378380400834473E+00  8.10180781632400522E-12  3.25776924332003413E-07
  9.2910146E-04  2.17948281191395217E+04  9.12769876808972391E+00  8.35234793552655796E-12  3.30775728986738819E-07
  9.3619571E-04  2.18938987350347707E+04  9.17200989316162918E+00  8.61038575233480411E-12  3.35846360988723571E-07
  9.4333735E-04  2.19938353284199693E+04  9.21672062252420332E+00  8.87613988168150102E-12  3.40989815242932969E-07
  9.5052668E-04  2.20946449555944928E+04  9.26183443094931214E+00  9.14983518682612666E-12  3.46207100203501085E-07
  9.5776403E-04  2.21963347314956700E+04  9.30735482488901589E+00  9.43170295528699837E-12  3.51499238056788139E-07
  9.6504971E-04  2.22989118299473485E+04  9.35328534273183188E+00  9.72198107967257077E-12  3.56867264906843922E-07
  9.7238405E-04  2.24023834841121861E+04  9.39962955504864794E+00  1.00209142435468191E-11  3.62312230963359115E-07
  9.7976738E-04  2.25067569866975173E+04  9.44639106480210522E+00  1.03287541124682464E-11  3.67835200732217362E-07
  9.8720001E-04  2.26120396903305373E+04  9.49357350759612473E+00  1.06457595303446892E-11  3.73437253208550551E-07
  9.9468229E-04  2.27182390079395809E+04  9.54118055193006853E+00  1.09721967212513816E-11  3.79119482072444819E-07
  1.0022145E-03  2.28253624128548690E+04  9.58921589938031893E+00  1.13083394968624542E-11  3.84882995887140276E-07
  1.0097971E-03  2.29334174394202128E+04  9.63768328492838577E+00  1.16544694696511374E-11  3.90728918300170052E-07
  1.0174303E-03  2.30424116830673993E+04  9.68658647710730136E+00  1.20108762720179316E-11  3.96658388246832265E-07
  1.0251145E-03  2.31523528007537534E+04  9.73592927829256460E+00  1.23778577815096645E-11  4.02672560156779989E-07
  1.0328499E-03  2.32632485112790309E+04  9.78571552494065955E+00  1.27557203522984792E-11  4.08772604163142777E-07
  1.0406371E-03  2.33751065955243721E+04  9.83594908782933786E+00  1.31447790530922616E-11  4.14959706314468284E-07
  1.0484763E-03  2.34879348967652295E+04  9.88663387226965718E+00  1.35453579116548294E-11  4.21235068789707115E-07
  1.0563678E-03  2.36017413210237173E+04  9.93777381837022666E+00  1.39577901661173478E-11  4.27599910115834226E-07
  1.0643120E-03  2.37165338374428538E+04  9.98937290133796729E+00  1.43824185232689315E-11  4.34055465388639228E-07
  1.0723093E-03  2.38323204783160181E+04  1.00414351315511663E+01  1.48195954240181255E-11  4.40602986496215929E-07
  1.0803600E-03  2.39491093397159930E+04  1.00939645550013228E+01  1.52696833162231193E-11  4.47243742345782932E-07
  1.0884644E-03  2.40669085815950057E+04  1.01469652534294230E+01  1.57330549350942840E-11  4.53979019093273714E-07
  1.0966230E-03  2.41857264280690069E+04  1.02004413445523650E+01  1.62100935913765166E-11  4.60810120376141517E-07
  1.1048361E-03  2.43055711678057742E+04  1.02543969823841437E+01  1.67011934675269557E-11  4.67738367549289203E-07
  1.1131040E-03  2.44264511542311302E+04  1.03088363574020185E+01  1.72067599221072501E-11  4.74765099924171727E-07
  1.1214272E-03  2.45483748059145873E+04  1.03637636968666857E+01  1.77272098026174368E-11  4.81891675011131889E-07
  1.1298059E-03  2.46713506066411937E+04  1.04191832649779474E+01  1.82629717670032354E-11  4.89119468764771970E-07
  1.1382406E-03  2.47953871059128796E+04  1.04750993631904716E+01  1.88144866140757183E-11  4.96449875833098407E-07
  1.1467316E-03  2.49204929190878793E+04  1.05315163304271966E+01  1.93822076230893121E-11  5.03884309809579476E-07
  1.1552793E-03  2.50466767276979917E+04  1.05884385433378014E+01  1.99666009027288938E-11  5.11424203488759831E-07
  1.1638841E-03  2.51739472797079361E+04  1.06458704165268419E+01  2.05681457497665967E-11  5.19071009125287511E-07
  1.1725464E-03  2.53023133896883373E+04  1.07038164027817029E+01  2.11873350176525896E-11  5.26826198696471715E-07
  1.1812666E-03  2.54317839392755777E+04  1.07622809933965193E+01  2.18246754953149295E-11  5.34691264168396090E-07
  1.1900449E-03  2.55623678771668456E+04  1.08212687182991107E+01  2.24806882964479534E-11  5.42667717765387552E-07
  1.1988819E-03  2.56940742195294333E+04  1.08807841463649666E+01  2.31559092595782050E-11  5.50757092243395635E-07
  1.2077780E-03  2.58269120502188562E+04  1.09408318856645685E+01  2.38508893592047059E-11  5.58960941166892539E-07
  1.2167334E-03  2.59608905209933182E+04  1.10014165836752014E+01  2.45661951283172969E-11  5.67280839189550946E-07
  1.2257487E-03  2.60960188517133283E+04  1.10625429275334461E+01  2.53024090926066473E-11  5.75718382338589804E-07
  1.2348241E-03  2.62323063306090989E+04  1.11242156442791718E+01  2.60601302166865716E-11  5.84275188303135254E-07
  1.2439602E-03  2.63697623144927311E+04  1.11864395010906019E+01  2.68399743626598483E-11  5.92952896726231433E-07
  1.2531573E-03  2.65083962289452902E+04  1.12492193055304313E+01  2.76425747613656031E-11  6.01753169500942226E-07
  1.2624158E-03  2.66482175686162991E+04  1.13125599057895627E+01  2.84685824966579178E-11  6.10677691070503318E-07
  1.2717361E-03  2.67892358972135517E+04  1.13764661908904721E+01  2.93186670030728417E-11  6.19728168732073294E-07
  1.2811187E-03  2.69314608479620074E+04  1.14409430909725689E+01  3.01935165772518631E-11  6.28906332945243049E-07
  1.2905640E-03  2.70749021235843684E+04  1.15059955774922180E+01  3.10938389035005788E-11  6.38213937644097971E-07
  1.3000723E-03  2.72195694965615839E+04  1.15716286634810821E+01  3.20203615938689098E-11  6.47652760553786871E-07
  1.3096441E-03  2.73654728093564845E+04  1.16378474037634181E+01  3.29738327431541057E-11  6.57224603511295901E-07
  1.3192799E-03  2.75126219745015878E+04  1.17046568952039820E+01  3.39550214992339889E-11  6.66931292790372086E-07
  1.3289800E-03  2.76610269747414532E+04  1.17720622769052170E+01  3.49647186491533771E-11  6.76774679431175316E-07
  1.3387449E-03  2.78106978632520513E+04  1.18400687304865393E+01  3.60037372213943519E-11  6.86756639573903442E-07
  1.3485750E-03  2.79616447638305144E+04  1.19086814803125698E+01  3.70729131047763856E-11  6.96879074797361724E-07
  1.3584708E-03  2.81138778708050813E+04  1.19779057936337932E+01  3.81731056844412709E-11  7.07143912461561720E-07
  1.3684327E-03  2.82674074494348424E+04  1.20477469809117661E+01  3.93051984953924119E-11  7.17553106055416767E-07
  1.3784611E-03  2.84222438358341678E+04  1.21182103960034819E+01  4.04700998940706528E-11  7.28108635548960939E-07
  1.3885564E-03  2.85783974372146986E+04  1.21893014363982886E+01  4.16687437484603295E-11  7.38812507750134044E-07
  1.3987192E-03  2.87358787318539726E+04  1.22610255433828108E+01  4.29020901472352925E-11  7.49666756666454205E-07
  1.4089499E-03  2.88946982692496094E+04  1.23333882023485550E+01  4.41711261284654901E-11  7.60673443871585141E-07
  1.4192489E-03  2.90548666703176423E+04  1.24063949429470544E+01  4.54768664284230970E-11  7.71834658877010190E-07
  1.4296167E-03  2.92163946272081594E+04  1.24800513392693180E+01  4.68203542510365370E-11  7.83152519508195946E-07
  1.4400537E-03  2.93792929036029091E+04  1.25543630101885419E+01  4.82026620585607338E-11  7.94629172286352964E-07
  1.4505604E-03  2.95435723345709739E+04  1.26293356194244559E+01  4.96248923840449324E-11  8.06266792815085024E-07
  1.4611373E-03  2.97092438267942052E+04  1.27049748758382002E+01  5.10881786661943047E-11  8.18067586172097716E-07
  1.4717848E-03  2.98763183584930812E+04  1.27812865335876698E+01  5.25936861072419287E-11  8.30033787306421211E-07
  1.4825035E-03  3.00448069793955947E+04  1.28582763923583663E+01  5.41426125544584234E-11  8.42167661440897446E-07
  1.4932937E-03  3.02147208108936284E+04  1.29359502975901304E+01  5.57361894059506762E-11  8.54471504480073185E-07
  1.5041560E-03  3.03860710458492867E+04  1.30143141405821101E+01  5.73756825414122533E-11  8.66947643423356110E-07
  1.5150908E-03  3.05588689487792653E+04  1.30933738587792874E+01  5.90623932785108908E-11  8.79598436784099517E-07
  1.5260987E-03  3.07331258556207758E+04  1.31731354358914867E+01  6.07976593556156069E-11  8.92426275014039298E-07
  1.5371801E-03  3.09088531738091842E+04  1.32536049021356490E+01  6.25828559415834060E-11  9.05433580933653387E-07
  1.5483355E-03  3.10860623822365342E+04  1.33347883343934779E+01  6.44193966733494035E-11  9.18622810168042051E-07
  1.5595654E-03  3.12647650311095931E+04  1.34166918563698623E+01  6.63087347220787412E-11  9.31996451588788349E-07
  1.5708703E-03  3.14449727419306182E+04  1.34993216388240889E+01  6.82523638886659272E-11  9.45557027761884504E-07
  1.5822507E-03  3.16266972072868339E+04  1.35826838996692807E+01  7.02518197293820144E-11  9.59307095401483111E-07
  1.5937071E-03  3.18099501909093015E+04  1.36667849042096687E+01  7.23086807124979474E-11  9.73249245829805644E-07
  1.6052400E-03  3.19947435273877200E+04  1.37516309652627378E+01  7.44245694067301946E-11  9.87386105443229850E-07
  1.6168500E-03  3.21810891221022612E+04  1.38372284433256461E+01  7.66011537023803959E-11  1.00172033618484837E-06
  1.6285374E-03  3.23689989510801170E+04  1.39235837467325716E+01  7.88401480660650842E-11  1.01625463602276898E-06
  1.6403030E-03  3.25584850608116903E+04  1.40107033318245922E+01  8.11433148299524857E-11  1.03099173943571772E-06
  1.6521471E-03  3.27495595679893013E+04  1.40985937030621926E+01  8.35124655164540402E-11  1.04593441790429855E-06
  1.6640703E-03  3.29422346593791226E+04  1.41872614131768628E+01  8.59494621993371093E-11  1.06108548040959352E-06
  1.6760732E-03  3.31365225916074560E+04  1.42767130633565156E+01  8.84562189022594655E-11  1.07644777393792207E-06
  1.6881562E-03  3.33324356908528862E+04  1.43669553032846746E+01  9.10347030357454748E-11  1.09202418399239888E-06
  1.7003199E-03  3.35299863526781046E+04  1.44579948313567073E+01  9.36869368736593907E-11  1.10781763511211701E-06
  1.7125648E-03  3.37291870416295351E+04  1.45498383947428760E+01  9.64149990702534479E-11  1.12383109139705407E-06
  1.7248916E-03  3.39300502910665236E+04  1.46424927895164068E+01  9.92210262189010111E-11  1.14006755704118131E-06
  1.7373006E-03  3.41325887027423742E+04  1.47359648607748497E+01  1.02107214453657505E-10  1.15653007687199999E-06
  1.7497925E-03  3.43368149466261311E+04  1.48302615027599831E+01  1.05075821094815693E-10  1.17322173689777903E-06
  1.7623679E-03  3.45427417603525901E+04  1.49253896589109427E+01  1.08129166339663704E-10  1.19014566486174749E-06
  1.7750272E-03  3.47503819489268062E+04  1.50213563219667652E+01  1.11269634999675845E-10  1.20730503080399319E-06
  1.7877711E-03  3.49597483845371898E+04  1.51181685341162719E+01  1.14499678285412687E-10  1.22470304763110100E-06
  1.8006001E-03  3.51708540057051941E+04  1.52158333869601154E+01  1.17821815640427614E-10  1.24234297169263459E-06
  1.8135148E-03  3.53837118172623086E+04  1.53143580216820077E+01  1.21238636625523570E-10  1.26022810336645758E-06
  1.8265158E-03  3.55983348897116375E+04  1.54137496290660323E+01  1.24752802854737628E-10  1.27836178765100929E-06
  1.8396035E-03  3.58147363587288346E+04  1.55140154495773608E+01  1.28367049984460774E-10  1.29674741476620256E-06
  1.8527787E-03  3.60329294247555008E+04  1.56151627733944576E+01  1.32084189757153834E-10  1.31538842076171393E-06
  1.8660419E-03  3.62529273523557713E+04  1.57171989404453107E+01  1.35907112101141893E-10  1.33428828813407044E-06
  1.8793936E-03  3.64747434698321013E+04  1.58201313404899846E+01  1.39838787288029003E-10  1.35345054645188658E-06
  1.8928345E-03  3.66983911684440682E+04  1.59239674130684890E+01  1.43882268149299111E-10  1.37287877298890090E-06
  1.9063652E-03  3.69238839020243759E+04  1.60287146475908244E+01  1.48040692353725228E-10  1.39257659336658773E-06
  1.9199863E-03  3.71512351861806819E+04  1.61343805832967675E+01  1.52317284747247313E-10  1.41254768220422154E-06
  1.9336983E-03  3.73804585977671668E+04  1.62409728093267347E+01  1.56715359757021834E-10  1.43279576377869714E-06
  1.9475019E-03  3.76115677741732652E+04  1.63484989646178853E+01  1.61238323861401435E-10  1.45332461269264769E-06
  1.9613977E-03  3.78445764126112044E+04  1.64569667379557245E+01  1.65889678127638483E-10  1.47413805455149847E-06
  1.9753863E-03  3.80794982693937782E+04  1.65663838679348174E+01  1.70673020819168853E-10  1.49523996664985323E-06
  1.9894683E-03  3.83163471591564448E+04  1.66767581429033136E+01  1.75592050074368467E-10  1.51663427866720028E-06
  2.0036444E-03  3.85551369542268440E+04  1.67880974009851549E+01  1.80650566658742233E-10  1.53832497337259265E-06
  2.0179151E-03  3.87958815835320274E+04  1.69004095298993491E+01  1.85852476792542881E-10  1.56031608733856852E-06
  2.0322811E-03  3.90385950320076663E+04  1.70137024670228989E+01  1.91201795055881665E-10  1.58261171166596750E-06
  2.0467431E-03  3.92832913396796866E+04  1.71279841992380000E+01  1.96702647373449441E-10  1.60521599271694615E-06
  2.0613017E-03  3.95299846006727021E+04  1.72432627628873725E+01  2.02359274081014348E-10  1.62813313285836417E-06
  2.0759576E-03  3.97786889623035604E+04  1.73595462436372259E+01  2.08176033075935131E-10  1.65136739121577906E-06
  2.0907112E-03  4.00294186242364522E+04  1.74768427763982928E+01  2.14157403053975132E-10  1.67492308443646224E-06
  2.1055635E-03  4.02821878373991131E+04  1.75951605452112751E+01  2.20307986834782144E-10  1.69880458746361793E-06
  2.1205149E-03  4.05370109028731749E+04  1.77145077830582629E+01  2.26632514778441309E-10  1.72301633432042602E-06
  2.1355662E-03  4.07939021710842208E+04  1.78348927718303258E+01  2.33135848295597350E-10  1.74756281890497468E-06
  2.1507180E-03  4.10528760404363784E+04  1.79563238420375022E+01  2.39822983453692205E-10  1.77244859579549073E-06
  2.1659710E-03  4.13139469563211242E+04  1.80788093727152059E+01  2.46699054681937903E-10  1.79767828106647859E-06
  2.1813259E-03  4.15771294100076557E+04  1.82023577912553236E+01  2.53769338577729680E-10  1.82325655311635313E-06
  2.1967833E-03  4.18424379373462361E+04  1.83269775731668645E+01  2.61039257817250815E-10  1.84918815350542977E-06
  2.2123439E-03  4.21098871175899330E+04  1.84526772418854748E+01  2.68514385173123244E-10  1.87547788780542819E-06
  2.2280085E-03  4.23794915720813369E+04  1.85794653685330609E+01  2.76200447642015915E-10  1.90213062646043810E-06
  2.2437777E-03  4.26512659631026399E+04  1.87073505717585498E+01  2.84103330685213184E-10  1.92915130565992798E-06
  2.2596522E-03  4.29252249922374685E+04  1.88363415173664066E+01  2.92229082585225070E-10  1.95654492822233572E-06
  2.2756327E-03  4.32013833992603686E+04  1.89664469181051345E+01  3.00583918921592537E-10  1.98431656449144486E-06
  2.2917200E-03  4.34797559606700597E+04  1.90976755334275623E+01  3.09174227169157370E-10  2.01247135324437023E-06
  2.3079147E-03  4.37603574881161185E+04  1.92300361691507469E+01  3.18006571422112529E-10  2.04101450261236195E-06
  2.3242175E-03  4.40432028270227675E+04  1.93635376771429151E+01  3.27087697247283744E-10  2.06995129101309397E-06
  2.3406293E-03  4.43283068549181044E+04  1.94981889549842080E+01  3.36424536670143315E-10  2.09928706809553013E-06
  2.3571506E-03  4.46156844800712715E+04  1.96339989456824817E+01  3.46024213297195273E-10  2.12902725569887433E-06
  2.3737823E-03  4.49053506395804434E+04  1.97709766372245497E+01  3.55894047578432269E-10  2.15917734882200143E-06
  2.3905251E-03  4.51973202979804628E+04  1.99091310622609576E+01  3.66041562213687242E-10  2.18974291660824526E-06
  2.4073796E-03  4.54916084453616495E+04  2.00484712976964268E+01  3.76474487706809657E-10  2.22072960334203243E-06
  2.4243468E-03  4.57882300956610343E+04  2.01890064642628602E+01  3.87200768071674834E-10  2.25214312945921559E-06
  2.4414273E-03  4.60872002848815027E+04  2.03307457260911342E+01  3.98228566694187073E-10  2.28398929257095334E-06
  2.4586218E-03  4.63885340692595273E+04  2.04736982902802325E+01  4.09566272354503380E-10  2.31627396850154236E-06
  2.4759312E-03  4.66922465233581970E+04  2.06178734063922136E+01  4.21222505413868458E-10  2.34900311234010505E-06
  2.4933562E-03  4.69983527380540909E+04  2.07632803659713829E+01  4.33206124170514502E-10  2.38218275950580452E-06
  2.5108975E-03  4.73068678187863188E+04  2.09099285021052097E+01  4.45526231389264024E-10  2.41581902682870951E-06
  2.5285560E-03  4.76178068831698620E+04  2.10578271887684849E+01  4.58192181009543114E-10  2.44991811364338547E-06
  2.5463325E-03  4.79311850592712653E+04  2.12069858403816980E+01  4.71213585036669345E-10  2.48448630289883173E-06
  2.5642276E-03  4.82470174832492776E+04  2.13574139111838441E+01  4.84600320621422165E-10  2.51952996228206899E-06
  2.5822423E-03  4.85653192972659745E+04  2.15091208946812138E+01  4.98362537332993585E-10  2.55505554535784632E-06
  2.6003773E-03  4.88861056472049604E+04  2.16621163229871101E+01  5.12510664630621243E-10  2.59106959272265704E-06
  2.6186334E-03  4.92093916804374167E+04  2.18164097662335053E+01  5.27055419539274260E-10  2.62757873317481774E-06
  2.6370114E-03  4.95351925435374069E+04  2.19720108319062462E+01  5.42007814534990760E-10  2.66458968490054185E-06
  2.6555122E-03  4.98635233796445318E+04  2.21289291641076673E+01  5.57379165645534123E-10  2.70210925667462325E-06
  2.6741365E-03  5.01943993263845623E+04  2.22871744429571486E+01  5.73181100772262767E-10  2.74014434907937469E-06
  2.6928853E-03  5.05278355130823329E+04  2.24467563837366200E+01  5.89425568239216834E-10  2.77870195573766127E-06
  2.7117592E-03  5.08638470583276139E+04  2.26076847362636961E+01  6.06124845575610737E-10  2.81778916456382708E-06
  2.7307592E-03  5.12024490673530163E+04  2.27699692840383250E+01  6.23291548538095789E-10  2.85741315903134905E-06
  2.7498861E-03  5.15436566294021177E+04  2.29336198434513996E+01  6.40938640379296021E-10  2.89758121945717731E-06
  2.7691407E-03  5.18874848149376703E+04  2.30986462630026246E+01  6.59079441369353405E-10  2.93830072430286973E-06
  2.7885239E-03  5.22339486728290649E+04  2.32650584223591963E+01  6.77727638577330853E-10  2.97957915149437723E-06
  2.8080366E-03  5.25830632277106924E+04  2.34328662315942644E+01  6.96897295919575538E-10  3.02142407975890360E-06
  2.8276796E-03  5.29348434768522784E+04  2.36020796301824838E+01  7.16602864482296120E-10  3.06384318997869497E-06
  2.8474538E-03  5.32893043873178758E+04  2.37727085860918379E+01  7.36859193125799510E-10  3.10684426656524362E-06
  2.8673600E-03  5.36464608928541129E+04  2.39447630948605763E+01  7.57681539378091854E-10  3.15043519884963158E-06
  2.8873992E-03  5.40063278909946966E+04  2.41182531785764986E+01  7.79085580625662357E-10  3.19462398249323432E-06
  2.9075722E-03  5.43689202396664114E+04  2.42931888848305526E+01  8.01087425609593831E-10  3.23941872091651760E-06
  2.9278800E-03  5.47342527540854935E+04  2.44695802857267246E+01  8.23703626235245845E-10  3.28482762674655867E-06
  2.9483234E-03  5.51023402036622356E+04  2.46474374768136322E+01  8.46951189704102692E-10  3.33085902328626014E-06
  2.9689033E-03  5.54731973083056582E+04  2.48267705758353578E+01  8.70847590976498049E-10  3.37752134599937827E-06
  2.9896207E-03  5.58468387352857244E+04  2.50075897217920371E+01  8.95410785574238598E-10  3.42482314401921146E-06
  3.0104764E-03  5.62232790956645986E+04  2.51899050736511754E+01  9.20659222732386160E-10  3.47277308167608909E-06
  3.0314714E-03  5.66025329407887330E+04  2.53737268091438075E+01  9.46611858909658405E-10  3.52137994004436541E-06
  3.0526066E-03  5.69846147586075094E+04  2.55590651235686863E+01  9.73288171667240605E-10  3.57065261851192409E-06
  3.0738830E-03  5.73695389701127642E+04  2.57459302285196472E+01  1.00070817392598827E-09  3.62060013636990371E-06
  3.0953015E-03  5.77573199255223371E+04  2.59343323505635297E+01  1.02889242861235967E-09  3.67123163442304878E-06
  3.1168630E-03  5.81479719004187427E+04  2.61242817299196233E+01  1.05786206370358020E-09  3.72255637662327171E-06
  3.1385686E-03  5.85415090920261864E+04  2.63157886190976527E+01  1.08763878768297794E-09  3.77458375172431255E-06
  3.1604191E-03  5.89379456149809121E+04  2.65088632814524061E+01  1.11824490541656556E-09  3.82732327495697456E-06
  3.1824155E-03  5.93372954975617686E+04  2.67035159898192660E+01  1.14970333446236087E-09  3.88078458973119957E-06
  3.2045588E-03  5.97395726775357180E+04  2.68997570249442042E+01  1.18203762182422455E-09  3.93497746935572835E-06
  3.2268501E-03  6.01447909977911550E+04  2.70975966740325660E+01  1.21527196116224597E-09  3.98991181878386462E-06
  3.2492901E-03  6.05529642022646294E+04  2.72970452292031105E+01  1.24943121047215253E-09  4.04559767638293545E-06
  3.2718801E-03  6.09641059316712781E+04  2.74981129858729325E+01  1.28454091024643438E-09  4.10204521572659934E-06
  3.2946210E-03  6.13782297188329831E+04  2.77008102410986616E+01  1.32062730213033190E-09  4.15926474741021663E-06
  3.3175137E-03  6.17953489844202995E+04  2.79051472919894152E+01  1.35771734808607356E-09  4.21726672089208560E-06
  3.3405593E-03  6.22154770324488345E+04  2.81111344339691804E+01  1.39583875007924951E-09  4.27606172636005496E-06
  3.3637588E-03  6.26386270453400211E+04  2.83187819589580734E+01  1.43501997030145082E-09  4.33566049661966612E-06
  3.3871133E-03  6.30648120795121358E+04  2.85281001537211338E+01  1.47529025194376862E-09  4.39607390901268373E-06
  3.4106237E-03  6.34940450604195139E+04  2.87390992979224578E+01  1.51667964053615699E-09  4.45731298735678497E-06
  3.4342912E-03  6.39263387777558892E+04  2.89517896623029536E+01  1.55921900586795600E-09  4.51938890391376767E-06
  3.4581167E-03  6.43617058804436092E+04  2.91661815067876340E+01  1.60294006450546803E-09  4.58231298138371834E-06
  3.4821013E-03  6.48001588715705366E+04  2.93822850784762934E+01  1.64787540292270836E-09  4.64609669492567948E-06
  3.5062461E-03  6.52417101035211672E+04  2.96001106097016589E+01  1.69405850126208176E-09  4.71075167420610736E-06
  3.5305522E-03  6.56863717723248701E+04  2.98196683159246163E+01  1.74152375774202606E-09  4.77628970547215114E-06
  3.5550206E-03  6.61341559127684595E+04  3.00409683937043077E+01  1.79030651372922980E-09  4.84272273365778250E-06
  3.5796525E-03  6.65850743928391312E+04  3.02640210185095100E+01  1.84044307949351046E-09  4.91006286451298833E-06
  3.6044488E-03  6.70391389083084941E+04  3.04888363425990505E+01  1.89197076066381379E-09  4.97832236676448734E-06
  3.6294108E-03  6.74963609772589261E+04  3.07154244927202811E+01  1.94492788540447872E-09  5.04751367430558133E-06
  3.6545394E-03  6.79567519343054446E+04  3.09437955678663634E+01  1.99935383233124315E-09  5.11764938841266168E-06
  3.6798359E-03  6.84203229251802986E+04  3.11739596370346916E+01  2.05528905918715545E-09  5.18874227999512366E-06
  3.7053013E-03  6.88870849004907795E+04  3.14059267366674817E+01  2.11277513229898208E-09  5.26080529187207412E-06
  3.7309368E-03  6.93570486102253926E+04  3.16397068683971625E+01  2.17185475683530935E-09  5.33385154108251134E-06
  3.7567435E-03  6.98302245977022685E+04  3.18753099965100404E+01  2.23257180788817840E-09  5.40789432122401096E-06
  3.7827226E-03  7.03066231934068201E+04  3.21127460454381506E+01  2.29497136240049700E-09  5.48294710482478503E-06
  3.8088752E-03  7.07862545088549668E+04  3.23520248971764914E+01  2.35909973196233968E-09  5.55902354574667121E-06
  3.8352024E-03  7.12691284304827132E+04  3.25931563886173166E+01  2.42500449649958381E-09  5.63613748161861192E-06
  3.8617055E-03  7.17552546132229763E+04  3.28361503089556805E+01  2.49273453887925371E-09  5.71430293630687594E-06
  3.8883856E-03  7.22446424741041556E+04  3.30810163969021431E+01  2.56234008045632453E-09  5.79353412241542773E-06
  3.9152438E-03  7.27373011858257523E+04  3.33277643379265740E+01  2.63387271758768433E-09  5.87384544381909545E-06
  3.9422814E-03  7.32332396699753735E+04  3.35764037613695550E+01  2.70738545913939481E-09  5.95525149823348844E-06
  3.9694996E-03  7.37324665906262671E+04  3.38269442376131408E+01  2.78293276501427780E-09  6.03776707981779140E-06
  3.9968996E-03  7.42349903473133309E+04  3.40793952750751217E+01  2.86057058572755063E-09  6.12140718181172698E-06
  4.0244826E-03  7.47408190683054127E+04  3.43337663172367940E+01  2.94035640305886806E-09  6.20618699921059858E-06
  4.0522498E-03  7.52499606035718607E+04  3.45900667395648611E+01  3.02234927181012085E-09  6.29212193147269807E-06
  4.0802025E-03  7.57624225178630004E+04  3.48483058463921509E+01  3.10660986269885675E-09  6.37922758526554426E-06
  4.1083418E-03  7.62782120834209200E+04  3.51084928677448218E+01  3.19320050641831921E-09  6.46751977724815225E-06
  4.1366691E-03  7.67973362727774511E+04  3.53706369561087826E+01  3.28218523889556965E-09  6.55701453688998627E-06
  4.1651855E-03  7.73198017516366235E+04  3.56347471831233946E+01  3.37362984778043827E-09  6.64772810933014645E-06
  4.1938924E-03  7.78456148710903653E+04  3.59008325361658294E+01  3.46760192019848341E-09  6.73967695827102226E-06
  4.2227911E-03  7.83747816604016407E+04  3.61689019150762050E+01  3.56417089180241140E-09  6.83287776891427220E-06
  4.2518827E-03  7.89073078193559195E+04  3.64389641285568615E+01  3.66340809715719373E-09  6.92734745093370613E-06
  4.2811686E-03  7.94431987105421576E+04  3.67110278906566592E+01  3.76538682149494518E-09  7.02310314149013053E-06
  4.3106501E-03  7.99824593514636072E+04  3.69851018171593608E+01  3.87018235387691312E-09  7.12016220828550956E-06
  4.3403285E-03  8.05250944068713288E+04  3.72611944219769313E+01  3.97787204180057370E-09  7.21854225265728143E-06
  4.3702052E-03  8.10711081807261362E+04  3.75393141134082811E+01  4.08853534729125666E-09  7.31826111271605228E-06
  4.4002813E-03  8.16205046079701133E+04  3.78194691902021205E+01  4.20225390451836082E-09  7.41933686652334519E-06
  4.4305583E-03  8.21732872466742556E+04  3.81016678379032356E+01  4.31911157897766349E-09  7.52178783531463944E-06
  4.4610376E-03  8.27294592695078609E+04  3.83859181248002983E+01  4.43919452828223163E-09  7.62563258676222264E-06
  4.4917204E-03  8.32890234556359355E+04  3.86722279979570231E+01  4.56259126460541190E-09  7.73088993828506268E-06
  4.5226081E-03  8.38519821822340309E+04  3.89606052791980630E+01  4.68939271882098369E-09  7.83757896040060852E-06
  4.5537021E-03  8.44183374158686056E+04  3.92510576609092752E+01  4.81969230638621218E-09  7.94571898012252483E-06
  4.5850038E-03  8.49880907040856109E+04  3.95435927019319564E+01  4.95358599501535630E-09  8.05532958440512859E-06
  4.6165145E-03  8.55612431665323820E+04  3.98382178232326893E+01  5.09117237419201891E-09  8.16643062363128442E-06
  4.6482356E-03  8.61377954863012856E+04  4.01349403035963519E+01  5.23255272657027804E-09  8.27904221515033076E-06
  4.6801687E-03  8.67177479010396055E+04  4.04337672752297266E+01  5.37783110131588240E-09  8.39318474685972817E-06
  4.7123150E-03  8.73011001940065908E+04  4.07347057193234150E+01  5.52711438944001430E-09  8.50887888083917969E-06
  4.7446759E-03  8.78878516849791922E+04  4.10377624614646450E+01  5.68051240117984803E-09  8.62614555702988276E-06
  4.7772531E-03  8.84780012211982248E+04  4.13429441670477829E+01  5.83813794548113054E-09  8.74500599696317669E-06
  4.8100477E-03  8.90715471680663177E+04  4.16502573366054989E+01  6.00010691164019158E-09  8.86548170754254144E-06
  4.8430615E-03  8.96684873999166448E+04  4.19597083010124265E+01  6.16653835316347613E-09  8.98759448487277771E-06
  4.8762956E-03  9.02688192908121127E+04  4.22713032167865777E+01  6.33755457390522326E-09  9.11136641814340232E-06
  4.9097518E-03  9.08725397046460712E+04  4.25850480610185258E+01  6.51328121654470459E-09  9.23681989355955195E-06
  4.9434314E-03  9.14796449859082786E+04  4.29009486264933670E+01  6.69384735346653071E-09  9.36397759833138797E-06
  4.9773359E-03  9.20901309501058568E+04  4.32190105166792904E+01  6.87938558010944749E-09  9.49286252471347808E-06
  5.0114669E-03  9.27039928738960007E+04  4.35392391405596300E+01  7.07003211085018360E-09  9.62349797409921457E-06
  5.0458258E-03  9.33212254853598715E+04  4.38616397074629347E+01  7.26592687749139665E-09  9.75590756116904137E-06
  5.0804142E-03  9.39418229542042536E+04  4.41862172217753084E+01  7.46721363042406546E-09  9.89011521809677215E-06
  5.1152336E-03  9.45657788816962275E+04  4.45129764776409971E+01  7.67404004253713693E-09  1.00261451988103508E-05
  5.1502855E-03  9.51930862907807168E+04  4.48419220535180827E+01  7.88655781594857102E-09  1.01640220833082668E-05
  5.1855716E-03  9.58237376160359127E+04  4.51730583067104945E+01  8.10492279163463378E-09  1.03037707820400439E-05
  5.2210933E-03  9.64577246932459529E+04  4.55063893677586080E+01  8.32929506203571309E-09  1.04454165403366476E-05
  5.2568522E-03  9.70950387495768809E+04  4.58419191348513664E+01  8.55983908671946659E-09  1.05889849429071015E-05
  5.2928499E-03  9.77356703929605574E+04  4.61796512680856353E+01  8.79672381118433116E-09  1.07345019183938837E-05
  5.3290881E-03  9.83796096019089164E+04  4.65195891836940305E+01  9.04012278888818139E-09  1.08819937439878683E-05
  5.3655683E-03  9.90268457150562754E+04  4.68617360481109131E+01  9.29021430658999702E-09  1.10314870501044743E-05
  5.4022921E-03  9.96773674206002033E+04  4.72060947720865869E+01  9.54718151309385486E-09  1.11830088251249937E-05
  5.4392612E-03  1.00331162745996451E+05  4.75526680047069732E+01  9.81121255148798218E-09  1.13365864202029985E-05
  5.4764772E-03  1.00988219046999438E+05  4.79014581271396196E+01  1.00825006949732413E-08  1.14922475541289406E-05
  5.5139418E-03  1.01648522997329972E+05  4.82524672466005029E+01  1.03612444863783233E-08  1.16500203182652861E-05
  5.5516566E-03  1.02312060577781085E+05  4.86056971900482040E+01  1.06476478814620080E-08  1.18099331815450278E-05
  5.5896232E-03  1.02978817065508294E+05  4.89611494978620954E+01  1.09419203961044913E-08  1.19720149955418548E-05
  5.6278434E-03  1.03648777023232789E+05  4.93188254173901868E+01  1.12442772574938158E-08  1.21362949996010498E-05
  5.6663189E-03  1.04321924288345050E+05  4.96787258965243339E+01  1.15549395594150736E-08  1.23028028260424703E-05
  5.7050513E-03  1.04998241962114087E+05  5.00408515771664071E+01  1.18741344217542041E-08  1.24715685054406940E-05
  5.7440425E-03  1.05677712398504809E+05  5.04052027884180234E+01  1.22020951543300609E-08  1.26426224719592756E-05
  5.7832940E-03  1.06360317193468261E+05  5.07717795400773539E+01  1.25390614251722165E-08  1.28159955687720161E-05
  5.8228077E-03  1.07046037173770383E+05  5.11405815157113466E+01  1.28852794333652852E-08  1.29917190535519572E-05
  5.8625852E-03  1.07734852385976075E+05  5.15116080658342099E+01  1.32410020865828889E-08  1.31698246040291333E-05
  5.9026285E-03  1.08426742085345031E+05  5.18848582009804034E+01  1.36064891834390781E-08  1.33503443236307709E-05
  5.9429391E-03  1.09121684724807390E+05  5.22603305846091004E+01  1.39820076007869662E-08  1.35333107471908956E-05
  5.9835190E-03  1.09819657943694168E+05  5.26380235260944005E+01  1.43678314860994309E-08  1.37187568467383605E-05
  6.0243699E-03  1.10520638556718346E+05  5.30179349735023635E+01  1.47642424550687339E-08  1.39067160373649617E-05
  6.0654936E-03  1.11224602542844586E+05  5.34000625063788092E+01  1.51715297945673929E-08  1.40972221831699614E-05
  6.1068920E-03  1.11931525033803046E+05  5.37844033283764773E+01  1.55899906711146657E-08  1.42903096032813229E-05
  6.1485669E-03  1.12641380303328202E+05  5.41709542599312215E+01  1.60199303449983637E-08  1.44860130779634811E-05
  6.1905201E-03  1.13354141755664794E+05  5.45597117307126638E+01  1.64616623902052488E-08  1.46843678548049769E-05
  6.2327535E-03  1.14069781914471299E+05  5.49506717721465137E+01  1.69155089203168310E-08  1.48854096549870639E-05
  6.2752689E-03  1.14788272411681421E+05  5.53438300098224119E+01  1.73818008205329546E-08  1.50891746796364957E-05
  6.3180683E-03  1.15509583976194030E+05  5.57391816557063891E+01  1.78608779859883920E-08  1.52956996162668410E-05
  6.3611536E-03  1.16233686422800194E+05  5.61367215004823947E+01  1.83530895665336665E-08  1.55050216453021259E-05
  6.4045266E-03  1.16960548640932204E+05  5.65364439056936590E+01  1.88587942181544382E-08  1.57171784466915990E-05
  6.4481892E-03  1.17690138583715190E+05  5.69383427958654664E+01  1.93783603612101351E-08  1.59322082066105007E-05
  6.4921435E-03  1.18422423256570095E+05  5.73424116504839603E+01  1.99121664456758215E-08  1.61501496242482867E-05
  6.5363913E-03  1.19157368706329566E+05  5.77486434960540294E+01  2.04606012235771975E-08  1.63710419186959480E-05
  6.5809347E-03  1.19894940010124381E+05  5.81570308979428461E+01  2.10240640288141525E-08  1.65949248359186230E-05
  6.6257755E-03  1.20635101264358149E+05  5.85675659522431644E+01  2.16029650645717969E-08  1.68218386558214150E-05
  6.6709158E-03  1.21377815573775777E+05  5.89802402775539107E+01  2.21977256985259492E-08  1.70518241994163948E-05
  6.7163576E-03  1.22123045040471377E+05  5.93950450066346889E+01  2.28087787660527508E-08  1.72849228360784036E-05
  6.7621028E-03  1.22870750753138869E+05  5.98119707781653460E+01  2.34365688816604197E-08  1.75211764909015142E-05
  6.8081536E-03  1.23620892776053704E+05  6.02310077282316243E+01  2.40815527588649863E-08  1.77606276521546383E-05
  6.8545120E-03  1.24373430138598676E+05  6.06521454819094146E+01  2.47441995387389481E-08  1.80033193788354411E-05
  6.9011799E-03  1.25128320824372335E+05  6.10753731447203592E+01  2.54249911273682366E-08  1.82492953083263062E-05
  6.9481596E-03  1.25885521760690885E+05  6.15006792940699043E+01  2.61244225424576094E-08  1.84985996641534416E-05
  6.9954530E-03  1.26644988808033784E+05  6.19280519705686601E+01  2.68430022693336386E-08  1.87512772638481457E-05
  7.0430622E-03  1.27406676749678474E+05  6.23574786693691578E+01  2.75812526265983417E-08  1.90073735269147272E-05
  7.0909894E-03  1.28170539281373669E+05  6.27889463314779093E+01  2.83397101416962651E-08  1.92669344829078453E-05
  7.1392367E-03  1.28936529000937109E+05  6.32224413348364891E+01  2.91189259366621060E-08  1.95300067796113548E-05
  7.1878063E-03  1.29704597398275349E+05  6.36579494855335781E+01  2.99194661243253795E-08  1.97966376913293391E-05
  7.2367002E-03  1.30474694845504913E+05  6.40954560090546295E+01  3.07419122152551098E-08  2.00668751273000675E-05
  7.2859206E-03  1.31246770586833911E+05  6.45349455411657118E+01  3.15868615357357815E-08  2.03407676401993328E-05
  7.3354698E-03  1.32020772728755663E+05  6.49764021189675844E+01  3.24549276570716293E-08  2.06183644347744636E-05
  7.3853499E-03  1.32796648230636492E+05  6.54198091719939328E+01  3.33467408365284853E-08  2.08997153765967066E-05
  7.4355631E-03  1.33574342895296460E+05  6.58651495131399969E+01  3.42629484702260365E-08  2.11848710009207943E-05
  7.4861117E-03  1.34353801359356323E+05  6.63124053295041733E+01  3.52042155583060718E-08  2.14738825216612379E-05
  7.5369979E-03  1.35134967084029835E+05  6.67615581732476358E+01  3.61712251827064583E-08  2.17668018404979144E-05
  7.5882239E-03  1.35917782346659224E+05  6.72125889526610507E+01  3.71646789978850075E-08  2.20636815561100099E-05
  7.6397921E-03  1.36702188231321052E+05  6.76654779227783933E+01  3.81852977348426984E-08  2.23645749735078258E-05
  7.6917046E-03  1.37488124620209739E+05  6.81202046761874271E+01  3.92338217188047173E-08  2.26695361135139978E-05
  7.7439639E-03  1.38275530185345735E+05  6.85767481339444771E+01  4.03110114009319842E-08  2.29786197223645061E-05
  7.7965722E-03  1.39064342380362214E+05  6.90350865363148358E+01  4.14176479044408607E-08  2.32918812814387121E-05
  7.8495318E-03  1.39854497432124015E+05  6.94951974334431384E+01  4.25545335855225821E-08  2.36093770171134114E-05
  7.9028452E-03  1.40645930332815595E+05  6.99570576760198293E+01  4.37224926094607170E-08  2.39311639107504427E-05
  7.9565146E-03  1.41438574832813378E+05  7.04206434062396056E+01  4.49223715423611247E-08  2.42572997088339887E-05
  8.0105424E-03  1.42232363432689570E+05  7.08859300483481434E+01  4.61550399589156114E-08  2.45878429332251838E-05
  8.0649311E-03  1.43027227376133174E+05  7.13528922993340871E+01  4.74213910666319399E-08  2.49228528915535243E-05
  8.1196830E-03  1.43823096643216326E+05  7.18215041197486102E+01  4.87223423469786172E-08  2.52623896877620663E-05
  8.1748006E-03  1.44619899943610886E+05  7.22917387243955147E+01  5.00588362139005014E-08  2.56065142327885855E-05
  8.2302863E-03  1.45417564710018312E+05  7.27635685730516855E+01  5.14318406901764038E-08  2.59552882553802498E-05
  8.2861425E-03  1.46216017091979331E+05  7.32369653610942350E+01  5.28423501021002298E-08  2.63087743130574787E-05
  8.3423718E-03  1.47015181950313272E+05  7.37119000104563469E+01  5.42913857929831924E-08  2.66670358032412657E-05
  8.3989767E-03  1.47814982851225330E+05  7.41883426603007905E+01  5.57799968559869583E-08  2.70301369745040899E-05
  8.4559595E-03  1.48615342060962692E+05  7.46662626577186046E+01  5.73092608868077325E-08  2.73981429379818727E-05
  8.5133230E-03  1.49416180541062495E+05  7.51456285486966209E+01  5.88802847567525689E-08  2.77711196789485062E-05
  8.5710695E-03  1.50217417943693785E+05  7.56264080689732907E+01  6.04942054067576899E-08  2.81491340685355034E-05
  8.6292018E-03  1.51018972607038595E+05  7.61085681348333054E+01  6.21521906629162152E-08  2.85322538756076945E-05
  8.6877222E-03  1.51820761551349540E+05  7.65920748340401047E+01  6.38554400740961721E-08  2.89205477787930734E-05
  8.7466336E-03  1.52622700475544552E+05  7.70768934169113606E+01  6.56051857722490240E-08  2.93140853786925371E-05
  8.8059383E-03  1.53424703753789741E+05  7.75629882873467551E+01  6.74026933560211259E-08  2.97129372102460485E-05
  8.8656391E-03  1.54226684432395617E+05  7.80503229937819611E+01  6.92492627982997117E-08  3.01171747552439398E-05
  8.9257387E-03  1.55028554227338522E+05  7.85388602204216681E+01  7.11462293783393138E-08  3.05268704550280698E-05
  8.9862396E-03  1.55830223522393149E+05  7.90285617785287542E+01  7.30949646391365542E-08  3.09420977233712207E-05
  9.0471446E-03  1.56631601366871124E+05  7.95193885975679109E+01  7.50968773707355126E-08  3.13629309594938297E-05
  9.1084564E-03  1.57432595474505826E+05  8.00113007165920180E+01  7.71534146201634134E-08  3.17894455612875284E-05
  9.1701776E-03  1.58233112222661352E+05  8.05042572757385670E+01  7.92660627287209632E-08  3.22217179387031456E-05
  9.2323111E-03  1.59033056651627645E+05  8.09982165078117475E+01  8.14363483973644444E-08  3.26598255273237599E-05
  9.2948595E-03  1.59832332464568201E+05  8.14931357297496817E+01  8.36658397809428851E-08  3.31038468021072266E-05
  9.3578257E-03  1.60630842027773091E+05  8.19889713343857522E+01  8.59561476120662817E-08  3.35538612913157156E-05
  9.4212124E-03  1.61428486371929583E+05  8.24856787824474083E+01  8.83089263554122153E-08  3.40099495906612565E-05
  9.4850224E-03  1.62225165193030407E+05  8.29832125943129171E+01  9.07258753932924962E-08  3.44721933775884762E-05
  9.5492586E-03  1.63020776854184951E+05  8.34815263420799027E+01  9.32087402433223315E-08  3.49406754257884064E-05
  9.6139238E-03  1.63815218388092646E+05  8.39805726418483829E+01  9.57593138090666421E-08  3.54154796198966198E-05
  9.6790209E-03  1.64608385499953787E+05  8.44803031460206029E+01  9.83794376645513263E-08  3.58966909703862036E-05
  9.7445527E-03  1.65400172570447845E+05  8.49806685356878688E+01  1.01071003373559334E-07  3.63843956286568317E-05
  9.8105222E-03  1.66190472659591935E+05  8.54816185132539346E+01  1.03835953844647060E-07  3.68786809023207411E-05
  9.8769323E-03  1.66979177511591552E+05  8.59831017952581789E+01  1.06676284722855382E-07  3.73796352707265965E-05
  9.9437859E-03  1.67766177559211297E+05  8.64850661052013407E+01  1.09594045819102949E-07  3.78873484006448868E-05
  1.0011086E-02  1.68551361929517559E+05  8.69874581666652631E+01  1.12591342578280499E-07  3.84019111621854972E-05
  1.0078836E-02  1.69334618449918431E+05  8.74902236965515954E+01  1.15670337587099044E-07  3.89234156449402730E-05
  1.0147038E-02  1.70115833654932736E+05  8.79933073985837382E+01  1.18833252122760370E-07  3.94519551743286619E-05
  1.0215695E-02  1.70894892793179490E+05  8.84966529568723956E+01  1.22082367743562104E-07  3.99876243281485009E-05
  1.0284811E-02  1.71671679835313291E+05  8.90002030296892315E+01  1.25420027922562676E-07  4.05305189533749219E-05
  1.0354389E-02  1.72446077482574357E+05  8.95038992435984113E+01  1.28848639725480495E-07  4.10807361831693838E-05
  1.0424431E-02  1.73217967175802041E+05  9.00076821877303104E+01  1.32370675534017666E-07  4.16383744541227825E-05
  1.0494942E-02  1.73987229105191742E+05  9.05114914081344466E+01  1.35988674815842199E-07  4.22035335237228230E-05
  1.0565923E-02  1.74753742220465152E+05  9.10152654024826120E+01  1.39705245942483669E-07  4.27763144880466460E-05
  1.0637378E-02  1.75517384242333734E+05  9.15189416151667956E+01  1.43523068056447694E-07  4.33568197997318661E-05
  1.0709310E-02  1.76278031673718564E+05  9.20224564323297329E+01  1.47444892988876224E-07  4.39451532861273353E-05
  1.0781723E-02  1.77035559812303138E+05  9.25257451773179014E+01  1.51473547229116743E-07  4.45414201677319391E-05
  1.0854619E-02  1.77789842763794790E+05  9.30287421064715261E+01  1.55611933947615356E-07  4.51457270768650324E-05
  1.0928003E-02  1.78540753455524740E+05  9.35313804051511681E+01  1.59863035073566295E-07  4.57581820765933634E-05
  1.1001876E-02  1.79288163650809031E+05  9.40335921838752142E+01  1.64229913428806682E-07  4.63788946799031224E-05
  1.1076243E-02  1.80031943964217149E+05  9.45353084748639532E+01  1.68715714919469996E-07  4.70079758691091326E-05
  1.1151106E-02  1.80771963877859060E+05  9.50364592291601724E+01  1.73323670786968694E-07  4.76455381155906497E-05
  1.1226469E-02  1.81508091757517017E+05  9.55369733136038377E+01  1.78057099919911139E-07  4.82916953997140721E-05
  1.1302336E-02  1.82240194870304607E+05  9.60367785083012677E+01  1.82919411228588577E-07  4.89465632310552961E-05
  1.1378709E-02  1.82968139402985398E+05  9.65358015046234641E+01  1.87914106083743856E-07  4.96102586689073328E-05
  1.1455593E-02  1.83691790480831609E+05  9.70339679033933180E+01  1.93044780821345418E-07  5.02829003430520157E-05
  1.1532990E-02  1.84411012187277112E+05  9.75312022132863632E+01  1.98315129315162620E-07  5.09646084747851470E-05
  1.1610904E-02  1.85125667584346666E+05  9.80274278497500262E+01  2.03728945618964611E-07  5.16555048982392920E-05
  1.1689338E-02  1.85835618734496646E+05  9.85225671344922205E+01  2.09290126680239557E-07  5.23557130820459353E-05
  1.1768296E-02  1.86540726722170482E+05  9.90165412949215238E+01  2.15002675127364237E-07  5.30653581511751000E-05
  1.1847781E-02  1.87240851676872524E+05  9.95092704642340777E+01  2.20870702132199685E-07  5.37845669091523043E-05
  1.1927798E-02  1.87935852797178231E+05  1.00000673682013399E+02  2.26898430350173898E-07  5.45134678605798726E-05
  1.2008348E-02  1.88625588375215215E+05  1.00490668895084042E+02  2.33090196939930096E-07  5.52521912338947870E-05
  1.2089437E-02  1.89309915822003008E+05  1.00979172958715864E+02  2.39450456664703920E-07  5.60008690044643071E-05
  1.2171067E-02  1.89988691693621397E+05  1.01466101638386561E+02  2.45983785077628507E-07  5.67596349180139669E-05
  1.2253242E-02  1.90661771718860837E+05  1.01951369612222535E+02  2.52694881793252753E-07  5.75286245143555826E-05
  1.2335966E-02  1.91329010826715356E+05  1.02434890473430158E+02  2.59588573847596511E-07  5.83079751513907439E-05
  1.2419243E-02  1.91990263175298285E+05  1.02916576733457802E+02  2.66669819149129332E-07  5.90978260294853860E-05
  1.2503076E-02  1.92645382181809226E+05  1.03396339825771875E+02  2.73943710023152310E-07  5.98983182161651710E-05
  1.2587468E-02  1.93294220553105464E+05  1.03874090109914775E+02  2.81415476852089246E-07  6.07095946711350319E-05
  1.2672425E-02  1.93936630317087256E+05  1.04349736876124169E+02  2.89090491814300296E-07  6.15318002716077207E-05
  1.2757948E-02  1.94572462854889745E+05  1.04823188350454700E+02  2.96974272724059358E-07  6.23650818379927797E-05
  1.2844043E-02  1.95201568934748298E+05  1.05294351700633669E+02  3.05072486975455301E-07  6.32095881599655120E-05
  1.2930713E-02  1.95823798745685111E+05  1.05763133042164782E+02  3.13390955593020365E-07  6.40654700228018116E-05
  1.3017962E-02  1.96439001932587562E+05  1.06229437445107664E+02  3.21935657391956613E-07  6.49328802341465119E-05
  1.3105793E-02  1.97047027632491139E+05  1.06693168941576360E+02  3.30712733250951817E-07  6.58119736510963767E-05
  1.3194211E-02  1.97647724511335604E+05  1.07154230533610558E+02  3.39728490500609562E-07  6.67029072076366224E-05
  1.3283220E-02  1.98240940801706340E+05  1.07612524201732839E+02  3.48989407430633003E-07  6.76058399424935968E-05
  1.3372823E-02  1.98826524341538025E+05  1.08067950914073762E+02  3.58502137918960084E-07  6.85209330273044257E-05
  1.3463024E-02  1.99404322613834782E+05  1.08520410636139175E+02  3.68273516186167516E-07  6.94483497951908763E-05
  1.3553828E-02  1.99974182787339640E+05  1.08969802341330521E+02  3.78310561678513705E-07  7.03882557697335491E-05
  1.3645239E-02  2.00535951757712464E+05  1.09416024021831376E+02  3.88620484083120035E-07  7.13408186942922145E-05
  1.3737259E-02  2.01089476189917448E+05  1.09858972700325850E+02  3.99210688478833542E-07  7.23062085617205285E-05
  1.3829895E-02  2.01634602561954700E+05  1.10298544442525454E+02  4.10088780626477012E-07  7.32845976445483098E-05
  1.3923149E-02  2.02171177208609821E+05  1.10734634370030690E+02  4.21262572402236426E-07  7.42761605254783317E-05
  1.4017026E-02  2.02699046366671799E+05  1.11167136674118098E+02  4.32740087378049380E-07  7.52810741283261171E-05
  1.4111529E-02  2.03218056221058534E+05  1.11595944630231571E+02  4.44529566552993015E-07  7.62995177493835502E-05
  1.4206664E-02  2.03728052951883146E+05  1.12020950613150745E+02  4.56639474239736518E-07  7.73316730892120610E-05
  1.4302435E-02  2.04228882782035682E+05  1.12442046112828166E+02  4.69078504110269438E-07  7.83777242848133164E-05
  1.4398845E-02  2.04720392025886133E+05  1.12859121750979455E+02  4.81855585405185225E-07  7.94378579422572954E-05
  1.4495899E-02  2.05202427139385691E+05  1.13272067298629423E+02  4.94979889310978641E-07  8.05122631698036619E-05
  1.4593601E-02  2.05674834770161979E+05  1.13680771694113261E+02  5.08460835509884188E-07  8.16011316113341968E-05
  1.4691955E-02  2.06137461808958615E+05  1.14085123062016848E+02  5.22308098906903889E-07  8.27046574803454220E-05
  1.4790967E-02  2.06590155442153889E+05  1.14485008732971380E+02  5.36531616538859478E-07  8.38230375943827802E-05
  1.4890639E-02  2.07032763204879622E+05  1.14880315264138673E+02  5.51141594670350460E-07  8.49564714098732457E-05
  1.4990978E-02  2.07465133034882019E+05  1.15270928460505900E+02  5.66148516081705738E-07  8.61051610574800456E-05
  1.5091986E-02  2.07887113327395375E+05  1.15656733397015586E+02  5.81563147554087246E-07  8.72693113778995599E-05
  1.5193669E-02  2.08298552991154516E+05  1.16037614441708840E+02  5.97396547557111632E-07  8.84491299581803455E-05
  1.5296032E-02  2.08699301504647301E+05  1.16413455279379008E+02  6.13660074144457189E-07  8.96448271684589424E-05
  1.5399077E-02  2.09089208973550965E+05  1.16784138936327736E+02  6.30365393063054049E-07  9.08566161992344047E-05
  1.5502811E-02  2.09468126188970433E+05  1.17149547805986003E+02  6.47524486081679954E-07  9.20847130991476510E-05
  1.5607238E-02  2.09835904686413647E+05  1.17509563675296562E+02  6.65149659544861280E-07  9.33293368132414957E-05
  1.5712363E-02  2.10192396805568598E+05  1.17864067752045386E+02  6.83253553158194154E-07  9.45907092217345910E-05
  1.5818189E-02  2.10537455750587338E+05  1.18212940693072099E+02  7.01849149011315816E-07  9.58690551793084692E-05
  1.5924722E-02  2.10870935651655105E+05  1.18556062633474014E+02  7.20949780844990966E-07  9.71646025549427835E-05
  1.6031967E-02  2.11192691627029417E+05  1.18893313216652103E+02  7.40569143568889702E-07  9.84775822722859149E-05
  1.6139928E-02  2.11502579845457542E+05  1.19224571625254114E+02  7.60721303036855317E-07  9.98082283505215333E-05
  1.6248610E-02  2.11800457589722500E+05  1.19549716613059417E+02  7.81420706086590470E-07  1.01156777945800950E-04
  1.6358017E-02  2.12086183321033546E+05  1.19868626538032288E+02  8.02682190850963010E-07  1.02523471393285308E-04
  1.6468156E-02  2.12359616743437160E+05  1.20181179395995869E+02  8.24520997348251076E-07  1.03908552249646941E-04
  1.6579030E-02  2.12620618869281112E+05  1.20487252855401152E+02  8.46952778358855371E-07  1.05312267336215161E-04
  1.6690644E-02  2.12869052085413103E+05  1.20786724293232226E+02  8.69993610596261157E-07  1.06734866782682804E-04
  1.6803004E-02  2.13104780219776643E+05  1.21079470831667521E+02  8.93660006180189946E-07  1.08176604071389158E-04
  1.6916115E-02  2.13327668608468637E+05  1.21365369375788703E+02  9.17968924420119946E-07  1.09637736082173710E-04
  1.7029980E-02  2.13537584163442138E+05  1.21644296652320094E+02  9.42937783917544684E-07  1.11118523137852416E-04
  1.7144607E-02  2.13734395441098459E+05  1.21916129249422895E+02  9.68584474995635493E-07  1.12619229050355492E-04
  1.7259999E-02  2.13917972710786416E+05  1.22180743657322338E+02  9.94927372465143245E-07  1.14140121167339076E-04
  1.7376161E-02  2.14088188023997063E+05  1.22438016310063873E+02  1.02198534873559255E-06  1.15681470419551599E-04
  1.7493099E-02  2.14244915284180286E+05  1.22687823628325333E+02  1.04977778728118687E-06  1.17243551368792354E-04
  1.7610819E-02  2.14388030316863587E+05  1.22930042063171058E+02  1.07832459647095030E-06  1.18826642256491822E-04
  1.7729324E-02  2.14517410939967871E+05  1.23164548140816294E+02  1.10764622377300487E-06  1.20431025052967174E-04
  1.7848621E-02  2.14632937034597213E+05  1.23391218508417523E+02  1.13776367034304672E-06  1.22056985507271857E-04
  1.7968715E-02  2.14734490616468102E+05  1.23609929981067125E+02  1.16869850600747656E-06  1.23704813197831373E-04
  1.8089610E-02  2.14821955906995310E+05  1.23820559589551806E+02  1.20047288465183217E-06  1.25374801583658238E-04
  1.8211314E-02  2.14895219404998526E+05  1.24022984629266915E+02  1.23310956002545022E-06  1.27067248056243076E-04
  1.8333830E-02  2.14954169958817220E+05  1.24217082710248619E+02  1.26663190197367398E-06  1.28782453992199196E-04
  1.8457164E-02  2.14998698838209326E+05  1.24402731808170259E+02  1.30106391310913806E-06  1.30520724806616029E-04
  1.8581322E-02  2.15028699806511228E+05  1.24579810316275683E+02  1.33643024593402551E-06  1.32282370007038414E-04
  1.8706309E-02  2.15044069192935538E+05  1.24748197098433451E+02  1.37275622042544476E-06  1.34067703248222001E-04
  1.8832131E-02  2.15044705965137022E+05  1.24907771543373158E+02  1.41006784209652161E-06  1.35877042387674602E-04
  1.8958793E-02  2.15030511801366200E+05  1.25058413619634948E+02  1.44839182054605562E-06  1.37710709541815122E-04
  1.9086301E-02  2.15001391162951593E+05  1.25200003931770311E+02  1.48775558850988928E-06  1.39569031142966086E-04
  1.9214661E-02  2.14957251366654644E+05  1.25332423777507927E+02  1.52818732142767381E-06  1.41452337997111799E-04
  1.9343878E-02  2.14898002656832570E+05  1.25455555205970285E+02  1.56971595753886007E-06  1.43360965342410077E-04
  1.9473958E-02  2.14823558277539938E+05  1.25569281076799967E+02  1.61237121852234616E-06  1.45295252908428070E-04
  1.9604906E-02  2.14733834544272890E+05  1.25673485120322752E+02  1.65618363069433963E-06  1.47255544976227854E-04
  1.9736730E-02  2.14628750915894343E+05  1.25768051998866895E+02  1.70118454677968109E-06  1.49242190439327670E-04
  1.9869433E-02  2.14508230065780808E+05  1.25852867368804127E+02  1.74740616827207770E-06  1.51255542865297543E-04
  2.0003023E-02  2.14372197952828137E+05  1.25927817943759891E+02  1.79488156839911728E-06  1.53295960558277926E-04
  2.0137505E-02  2.14220583892264927E+05  1.25992791558732989E+02  1.84364471570854424E-06  1.55363806622385879E-04
  2.0272886E-02  2.14053320625867986E+05  1.26047677235191117E+02  1.89373049829250532E-06  1.57459449025893221E-04
  2.0409170E-02  2.13870344391588616E+05  1.26092365247046956E+02  1.94517474866708409E-06  1.59583260666236107E-04
  2.0546365E-02  2.13671594992851664E+05  1.26126747187625654E+02  1.99801426932477420E-06  1.61735619435926281E-04
  2.0684476E-02  2.13457015867202135E+05  1.26150716037546189E+02  2.05228685897819875E-06  1.63916908289389021E-04
  2.0823509E-02  2.13226554154428159E+05  1.26164166233492239E+02  2.10803133951366984E-06  1.66127515310688587E-04
  2.0963471E-02  2.12980160763756605E+05  1.26166993737860366E+02  2.16528758367391699E-06  1.68367833781981442E-04
  2.1104368E-02  2.12717790440369718E+05  1.26159096109213110E+02  2.22409654348951418E-06  1.70638262253079091E-04
  2.1246205E-02  2.12439401831558644E+05  1.26140372573764722E+02  2.28450027947948477E-06  1.72939204611993166E-04
  2.1388990E-02  2.12144957551360334E+05  1.26110724097488898E+02  2.34654199064176421E-06  1.75271070156133625E-04
  2.1532729E-02  2.11834424244688591E+05  1.26070053459093842E+02  2.41026604525485146E-06  1.77634273664661299E-04
  2.1677427E-02  2.11507772650557803E+05  1.26018265323861414E+02  2.47571801251271961E-06  1.80029235471860388E-04
  2.1823092E-02  2.11164977664120554E+05  1.25955266318195044E+02  2.54294469501543068E-06  1.82456381541350003E-04
  2.1969730E-02  2.10806018397633597E+05  1.25880965104809150E+02  2.61199416213867151E-06  1.84916143541270127E-04
  2.2117347E-02  2.10430878240313090E+05  1.25795272458742360E+02  2.68291578430586767E-06  1.87408958920592906E-04
  2.2265950E-02  2.10039544917277293E+05  1.25698101344087434E+02  2.75576026818747149E-06  1.89935270986442124E-04
  2.2415546E-02  2.09632010546718637E+05  1.25589366991180128E+02  2.83057969285240364E-06  1.92495528982262039E-04
  2.2566140E-02  2.09208271696165350E+05  1.25468986974587239E+02  2.90742754689733704E-06  1.95090188167223858E-04
  2.2717740E-02  2.08768329437372100E+05  1.25336881291640836E+02  2.98635876658047341E-06  1.97719709896641100E-04
  2.2870353E-02  2.08312189399634110E+05  1.25192972441484940E+02  3.06742977498680594E-06  2.00384561703447845E-04
  2.3023985E-02  2.07839861821637925E+05  1.25037185504657003E+02  3.15069852225292415E-06  2.03085217380671174E-04
  2.3178643E-02  2.07351361601724435E+05  1.24869448223136104E+02  3.23622452687983457E-06  2.05822157065084770E-04
  2.3334334E-02  2.06846708346940810E+05  1.24689691080957658E+02  3.32406891816346738E-06  2.08595867322125474E-04
  2.3491065E-02  2.06325926419847499E+05  1.24497847385059131E+02  3.41429447977299047E-06  2.11406841231615537E-04
  2.3648843E-02  2.05789044983920525E+05  1.24293853346566806E+02  3.50696569450790585E-06  2.14255578474825063E-04
  2.3807674E-02  2.05236098047307285E+05  1.24077648162486398E+02  3.60214879026600895E-06  2.17142585422752459E-04
  2.3967566E-02  2.04667124504450796E+05  1.23849174097566674E+02  3.69991178725483581E-06  2.20068375225436112E-04
  2.4128526E-02  2.04082168175935891E+05  1.23608376566420333E+02  3.80032454648034577E-06  2.23033467902520254E-04
  2.4290561E-02  2.03481277846372366E+05  1.23355204215870600E+02  3.90345881954724236E-06  2.26038390434981403E-04
  2.4453678E-02  2.02864507300315454E+05  1.23089609007424258E+02  4.00938829980661604E-06  2.29083676858152441E-04
  2.4617884E-02  2.02231915356124111E+05  1.22811546299846242E+02  4.11818867488725856E-06  2.32169868356003374E-04
  2.4783188E-02  2.01583565897459601E+05  1.22520974931737513E+02  4.22993768064816850E-06  2.35297513356479647E-04
  2.4949595E-02  2.00919527902790956E+05  1.22217857304115199E+02  4.34471515659049421E-06  2.38467167628309608E-04
  2.5117113E-02  2.00239875472810440E+05  1.21902159463009895E+02  4.46260310276873903E-06  2.41679394379123015E-04
  2.5285751E-02  1.99544687855076452E+05  1.21573851181783525E+02  4.58368573824162164E-06  2.44934764354630299E-04
  2.5455514E-02  1.98834049466668192E+05  1.21232906043386180E+02  4.70804956110410984E-06  2.48233855939369126E-04
  2.5626412E-02  1.98108049914380506E+05  1.20879301522364642E+02  4.83578341014377886E-06  2.51577255258692283E-04
  2.5798450E-02  1.97366784012330027E+05  1.20513019066522816E+02  4.96697852816513170E-06  2.54965556282130503E-04
  2.5971638E-02  1.96610351797081792E+05  1.20134044178249582E+02  5.10172862702724691E-06  2.58399360928093379E-04
  2.6145983E-02  1.95838858540099318E+05  1.19742366495390812E+02  5.24012995444090272E-06  2.61879279169909863E-04
  2.6321491E-02  1.95052414757865976E+05  1.19337979871712577E+02  5.38228136257301700E-06  2.65405929143534977E-04
  2.6498172E-02  1.94251136219013541E+05  1.18920882456703055E+02  5.52828437850728629E-06  2.68979937256370307E-04
  2.6676033E-02  1.93435143948755343E+05  1.18491076774788567E+02  5.67824327661102159E-06  2.72601938297645501E-04
  2.6855082E-02  1.92604564230699500E+05  1.18048569803880667E+02  5.83226515286014994E-06  2.76272575550362348E-04
  2.7035327E-02  1.91759528605792904E+05  1.17593373053134201E+02  5.99046000117507634E-06  2.79992500904694254E-04
  2.7216775E-02  1.90900173868240701E+05  1.17125502639826252E+02  6.15294079182212705E-06  2.83762374972716842E-04
  2.7399435E-02  1.90026642058578611E+05  1.16644979365351887E+02  6.31982355193605402E-06  2.87582867204830338E-04
  2.7583315E-02  1.89139080454021227E+05  1.16151828790267899E+02  6.49122744822153833E-06  2.91454656007800509E-04
  2.7768424E-02  1.88237641555419657E+05  1.15646081308161769E+02  6.66727487189237939E-06  2.95378428864134909E-04
  2.7954768E-02  1.87322483071368886E+05  1.15127772218454766E+02  6.84809152590885215E-06  2.99354882453188587E-04
  2.8142357E-02  1.86393767899330094E+05  1.14596941797943089E+02  7.03380651457576219E-06  3.03384722773840257E-04
  2.8331199E-02  1.85451664103519783E+05  1.14053635371029245E+02  7.22455243556485470E-06  3.07468665268965599E-04
  2.8521302E-02  1.84496344889610278E+05  1.13497903378551243E+02  7.42046547442742749E-06  3.11607434951222215E-04
  2.8712675E-02  1.83527988576275791E+05  1.12929801445104530E+02  7.62168550166419076E-06  3.15801766530660120E-04
  2.8905326E-02  1.82546778563728585E+05  1.12349390444867069E+02  7.82835617242208512E-06  3.20052404544306614E-04
  2.9099263E-02  1.81552903298682329E+05  1.11756736565682161E+02  8.04062502888900966E-06  3.24360103486977009E-04
  2.9294496E-02  1.80546556236208708E+05  1.11151911371437649E+02  8.25864360545916439E-06  3.28725627944107500E-04
  2.9491032E-02  1.79527935798382532E+05  1.10534991862612586E+02  8.48256753674465872E-06  3.33149752726386137E-04
  2.9688882E-02  1.78497245329534519E+05  1.09906060534883466E+02  8.71255666850989114E-06  3.37633263006075033E-04
  2.9888052E-02  1.77454693048091198E+05  1.09265205435711607E+02  8.94877517160835306E-06  3.42176954455074463E-04
  3.0088553E-02  1.76400491995144490E+05  1.08612520218797741E+02  9.19139165900253784E-06  3.46781633384852920E-04
  3.0290393E-02  1.75334859979764005E+05  1.07948104196376477E+02  9.44057930595103978E-06  3.51448116888489095E-04
  3.0493580E-02  1.74258019520694797E+05  1.07272062389155920E+02  9.69651597344848665E-06  3.56177232984190102E-04
  3.0698125E-02  1.73170197784848628E+05  1.06584505573873969E+02  9.95938433500590586E-06  3.60969820760857546E-04
  3.0904036E-02  1.72071626522302220E+05  1.05885550328358107E+02  1.02293720068627718E-05  3.65826730525802479E-04
  3.1111322E-02  1.70962541998015717E+05  1.05175319073991005E+02  1.05066716817230390E-05  3.70748823954207335E-04
  3.1319993E-02  1.69843184919997031E+05  1.04453940115465059E+02  1.07914812661111294E-05  3.75736974240439836E-04
  3.1530057E-02  1.68713800364104827E+05  1.03721547677742876E+02  1.10840040214452295E-05  3.80792066251606763E-04
  3.1741524E-02  1.67574637695543090E+05  1.02978281940141812E+02  1.13844487089294551E-05  3.85914996683155663E-04
  3.1954404E-02  1.66425950486879679E+05  1.02224289067395915E+02  1.16930297383675638E-05  3.91106674216370076E-04
  3.2168705E-02  1.65267996432693501E+05  1.01459721237626084E+02  1.20099673210051107E-05  3.96368019677997374E-04
  3.2384437E-02  1.64101037260754296E+05  1.00684736667114748E+02  1.23354876265083431E-05  4.01699966201992428E-04
  3.2601610E-02  1.62925338640115835E+05  9.98994996317843658E+01  1.26698229441928512E-05  4.07103459393524654E-04
  3.2820234E-02  1.61741170085551217E+05  9.91041804852559807E+01  1.30132118486165341E-05  4.12579457494993815E-04
  3.3040318E-02  1.60548804858764430E+05  9.82989556734172112E+01  1.33658993696550300E-05  4.18128931554219104E-04
  3.3261871E-02  1.59348519866460701E+05  9.74840077453827121E+01  1.37281371671815214E-05  4.23752865595037600E-04
  3.3484904E-02  1.58140595554961270E+05  9.66595253607495692E+01  1.41001837104752639E-05  4.29452256790089498E-04
  3.3709427E-02  1.56925315801554039E+05  9.58257032930398367E+01  1.44823044624874104E-05  4.35228115635647827E-04
  3.3935450E-02  1.55702967802755593E+05  9.49827424292397779E+01  1.48747720690949190E-05  4.41081466129134654E-04
  3.4162981E-02  1.54473841959418700E+05  9.41308497653484011E+01  1.52778665534787498E-05  4.47013345948825695E-04
  3.4392033E-02  1.53238231758486101E+05  9.32702383978022596E+01  1.56918755157647071E-05  4.53024806635718240E-04
  3.4622614E-02  1.51996433651856496E+05  9.24011275107161794E+01  1.61170943380691270E-05  4.59116913778200486E-04
  3.4854735E-02  1.50748746932122187E+05  9.15237423588298071E+01  1.65538263950968395E-05  4.65290747198763080E-04
  3.5088407E-02  1.49495473605304927E+05  9.06383142460641267E+01  1.70023832704410100E-05  4.71547401143544384E-04
  3.5323639E-02  1.48236918260647188E+05  8.97450804996003626E+01  1.74630849787402264E-05  4.77887984474194684E-04
  3.5560442E-02  1.46973387937467982E+05  8.88442844393889857E+01  1.79362601938504325E-05  4.84313620861935481E-04
  3.5798827E-02  1.45705191989281797E+05  8.79361753430087703E+01  1.84222464831961217E-05  4.90825448984957900E-04
  3.6038803E-02  1.44432641945032286E+05  8.70210084057776498E+01  1.89213905484674612E-05  4.97424622727797171E-04
  3.6280383E-02  1.43156051367677457E+05  8.60990446960419149E+01  1.94340484728352298E-05  5.04112311383390454E-04
  3.6523575E-02  1.41875735710134410E+05  8.51705511055622537E+01  1.99605859748609650E-05  5.10889699858125060E-04
  3.6768392E-02  1.40592012168699148E+05  8.42358002949144833E+01  2.05013786692832761E-05  5.17757988879368131E-04
  3.7014845E-02  1.39305199533890263E+05  8.32950706338361897E+01  2.10568123348673005E-05  5.24718395205696375E-04
  3.7262943E-02  1.38015618038939632E+05  8.23486461364438753E+01  2.16272831895076797E-05  5.31772151839866761E-04
  3.7512698E-02  1.36723589206024539E+05  8.13968163912549443E+01  2.22131981727833174E-05  5.38920508244852261E-04
  3.7764121E-02  1.35429435690208280E+05  8.04398764859477922E+01  2.28149752361647416E-05  5.46164730562551559E-04
  3.8017223E-02  1.34133481121249089E+05  7.94781269268021617E+01  2.34330436410824546E-05  5.53506101835235824E-04
  3.8272015E-02  1.32836049943383056E+05  7.85118735527606759E+01  2.40678442650683498E-05  5.60945922230027239E-04
  3.8528510E-02  1.31537467253249168E+05  7.75414274440522178E+01  2.47198299161905169E-05  5.68485509266689233E-04
  3.8786717E-02  1.30238058635883091E+05  7.65671048253415734E+01  2.53894656560056850E-05  5.76126198047658181E-04
  3.9046649E-02  1.28938149999042609E+05  7.55892269633472154E+01  2.60772291312596383E-05  5.83869341491679325E-04
  3.9308316E-02  1.27638067405967508E+05  7.46081200588865272E+01  2.67836109145745442E-05  5.91716310570471952E-04
  3.9571732E-02  1.26338136906628002E+05  7.36241151333140778E+01  2.75091148543653953E-05  5.99668494548347944E-04
  3.9836906E-02  1.25038684367597452E+05  7.26375479093238141E+01  2.82542584342372307E-05  6.07727301224914875E-04
  4.0103852E-02  1.23740035300691816E+05  7.16487586860761354E+01  2.90195731421188931E-05  6.15894157180922109E-04
  4.0372580E-02  1.22442514690625540E+05  7.06580922086237706E+01  2.98056048493989193E-05  6.24170508028094482E-04
  4.0643103E-02  1.21146446821453530E+05  6.96658975316258733E+01  3.06129142003346130E-05  6.32557818661020114E-04
  4.0915433E-02  1.19852155102325269E+05  6.86725278773242849E+01  3.14420770120119018E-05  6.41057573513062451E-04
  4.1189582E-02  1.18559961892634354E+05  6.76783404877674570E+01  3.22936846851440616E-05  6.49671276815878048E-04
  4.1465561E-02  1.17270188326452408E+05  6.66836964712688740E+01  3.31683446260020570E-05  6.58400452861731254E-04
  4.1743384E-02  1.15983154136570985E+05  6.56889606431189748E+01  3.40666806797800125E-05  6.67246646269441528E-04
  4.2023062E-02  1.14699177478288388E+05  6.46945013605119925E+01  3.49893335757037752E-05  6.76211422253963695E-04
  4.2304609E-02  1.13418574753159817E+05  6.37006903517038126E+01  3.59369613842043921E-05  6.85296366899683222E-04
  4.2588035E-02  1.12141660432611505E+05  6.27079025394332348E+01  3.69102399864821543E-05  6.94503087436618561E-04
  4.2873354E-02  1.10868746881844883E+05  6.17165158585746383E+01  3.79098635567969179E-05  7.03833212520793452E-04
  4.3160579E-02  1.09600144184042278E+05  6.07269110680609714E+01  3.89365450578326437E-05  7.13288392518345591E-04
  4.3449723E-02  1.08336159965038692E+05  5.97394715570911714E+01  3.99910167494885255E-05  7.22870299792895067E-04
  4.3740797E-02  1.07077099218628049E+05  5.87545831456436503E+01  4.10740307114635373E-05  7.32580628997155829E-04
  4.4033815E-02  1.05823264132603304E+05  5.77726338793278700E+01  4.21863593800066080E-05  7.42421097367721252E-04
  4.4328790E-02  1.04574953915843100E+05  5.67940138185830818E+01  4.33287960992190948E-05  7.52393445024722440E-04
  4.4625736E-02  1.03332464626368688E+05  5.58191148223000226E+01  4.45021556873047180E-05  7.62499435274494866E-04
  4.4924664E-02  1.02096089000663269E+05  5.48483303258708332E+01  4.57072750181703613E-05  7.72740854916127641E-04
  4.5225589E-02  1.00866116284417643E+05  5.38820551137242774E+01  4.69450136187983891E-05  7.83119514553127626E-04
  4.5528524E-02  9.96428320647755318E+04  5.29206850864106855E+01  4.82162542828163410E-05  7.93637248908078967E-04
  4.5833481E-02  9.84265181042394252E+04  5.19646170222744530E+01  4.95219037007051859E-05  8.04295917141524628E-04
  4.6140476E-02  9.72174521764253441E+04  5.10142483337941854E+01  5.08628931070969668E-05  8.15097403175457842E-04
  4.6449521E-02  9.60159079038137861E+04  5.00699768186325116E+01  5.22401789456276787E-05  8.26043616021074367E-04
  4.6760630E-02  9.48221545975434128E+04  4.91322004055184323E+01  5.36547435518223655E-05  8.37136490110085372E-04
  4.7073816E-02  9.36364570995157119E+04  4.82013168949964523E+01  5.51075958544998954E-05  8.48377985630921266E-04
  4.7389095E-02  9.24590756268765108E+04  4.72777236951499091E+01  5.65997720962045620E-05  8.59770088869358097E-04
  4.7706479E-02  9.12902656190144335E+04  4.63618175524075085E+01  5.81323365731784515E-05  8.71314812553467639E-04
  4.8025982E-02  9.01302775872256316E+04  4.54539942775301427E+01  5.97063823954084363E-05  8.83014196202710762E-04
  4.8347620E-02  8.89793569671789883E+04  4.45546484668781630E+01  6.13230322672898961E-05  8.94870306481908621E-04
  4.8671405E-02  8.78377439743139112E+04  4.36641732190904577E+01  6.29834392894717724E-05  9.06885237560152934E-04
  4.8997353E-02  8.67056734622997756E+04  4.27829598473102806E+01  6.46887877824557390E-05  9.19061111473851297E-04
  4.9325478E-02  8.55833747846440529E+04  4.19113975870905620E+01  6.64402941325436462E-05  9.31400078494248299E-04
  4.9655795E-02  8.44710716596265993E+04  4.10498733001308551E+01  6.82392076607367187E-05  9.43904317500500033E-04
  4.9988317E-02  8.33689820387052168E+04  4.01987711739807310E+01  7.00868115152159671E-05  9.56576036357576127E-04
  5.0323060E-02  8.22773179783848318E+04  3.93584724179190601E+01  7.19844235880424705E-05  9.69417472297956365E-04
  5.0660039E-02  8.11962855158091261E+04  3.85293549551544601E+01  7.39333974567341626E-05  9.82430892309335861E-04
  5.0999269E-02  8.01260845481347060E+04  3.77117931115373324E+01  7.59351233514009223E-05  9.95618593527299554E-04
  5.1340764E-02  7.90669087157787289E+04  3.69061573009931507E+01  7.79910291481287951E-05  1.00898290363279019E-03
  5.1684539E-02  7.80189452896567236E+04  3.61128137078896003E+01  8.01025813893307617E-05  1.02252618125441008E-03
  5.2030611E-02  7.69823750625430694E+04  3.53321239665464475E+01  8.22712863317940214E-05  1.03625081637647777E-03
  5.2378994E-02  7.59573722446790925E+04  3.45644448381178151E+01  8.44986910231817535E-05  1.05015923075268578E-03
  5.2729704E-02  7.49441043636168906E+04  3.38101278851196057E+01  8.67863844077625850E-05  1.06425387832387959E-03
  5.3082756E-02  7.39427321685347561E+04  3.30695191438257012E+01  8.91359984621588379E-05  1.07853724564234942E-03
  5.3438165E-02  7.29534095390541042E+04  3.23429587948210369E+01  9.15492093619386477E-05  1.09301185230129753E-03
  5.3795949E-02  7.19762833986320475E+04  3.16307808319935191E+01  9.40277386798847288E-05  1.10768025136979129E-03
  5.4156122E-02  7.10114936326513271E+04  3.09333127302516644E+01  9.65733546168069326E-05  1.12254502983295161E-03
  5.4518700E-02  7.00591730112810037E+04  3.02508751122845752E+01  9.91878732657799981E-05  1.13760880903857400E-03
  5.4883701E-02  6.91194471172244957E+04  2.95837814146661202E+01  1.01873159910721863E-04  1.15287424514954684E-03
  5.5251138E-02  6.81924342783478642E+04  2.89323375536624070E+01  1.04631130360246044E-04  1.16834402960061252E-03
  5.5621030E-02  6.72782455053594167E+04  2.82968415910630142E+01  1.07463752317744706E-04  1.18402088956290970E-03
  5.5993392E-02  6.63769844345734164E+04  2.76775834003979639E+01  1.10373046788697057E-04  1.19990758841359026E-03
  5.6368241E-02  6.54887472758145377E+04  2.70748443339124236E+01  1.13361089526210366E-04  1.21600692621151910E-03
  5.6745593E-02  6.46136227655406692E+04  2.64888968906721232E+01  1.16430012515841182E-04  1.23232174017908510E-03
  5.7125466E-02  6.37516921252613538E+04  2.59200043861841678E+01  1.19582005500759903E-04  1.24885490519026148E-03
  5.7507876E-02  6.29030290252978448E+04  2.53684206239372365E+01  1.22819317548366323E-04  1.26560933426502517E-03
  5.7892839E-02  6.20676995539347117E+04  2.48343895692556842E+01  1.26144258659479920E-04  1.28258797907005871E-03
  5.8280374E-02  6.12457621920220845E+04  2.43181450258918730E+01  1.29559201421269946E-04  1.29979383042596588E-03
  5.8670497E-02  6.04372677930720602E+04  2.38199103157750152E+01  1.33066582705111854E-04  1.31722991882048330E-03
  5.9063225E-02  5.96422595689184818E+04  2.33398979623320351E+01  1.36668905410601555E-04  1.33489931492936434E-03
  5.9458577E-02  5.88607730809292698E+04  2.28783093778337303E+01  1.40368740256984680E-04  1.35280513014278728E-03
  5.9856568E-02  5.80928362368547823E+04  2.24353345551843937E+01  1.44168727623287569E-04  1.37095051709878839E-03
  6.0257218E-02  5.73384692933241022E+04  2.20111517646059696E+01  1.48071579438488834E-04  1.38933867022422199E-03
  6.0660544E-02  5.65976848640229509E+04  2.16059272556664475E+01  1.52080081123088276E-04  1.40797282628203515E-03
  6.1066563E-02  5.58704879335544829E+04  2.12198149650931853E+01  1.56197093583481414E-04  1.42685626492519181E-03
  6.1475294E-02  5.51568758770254135E+04  2.08529562308229828E+01  1.60425555260572557E-04  1.44599230925838420E-03
  6.1886754E-02  5.44568384853863172E+04  2.05054795127497833E+01  1.64768484234116541E-04  1.46538432640679387E-03
  6.2300963E-02  5.37703579964713281E+04  2.01775001206170934E+01  1.69228980384305178E-04  1.48503572809164210E-03
  6.2717938E-02  5.30974091318011197E+04  1.98691199495088675E+01  1.73810227612156300E-04  1.50494997121344756E-03
  6.3137698E-02  5.24379591391258582E+04  1.95804272234078454E+01  1.78515496120321414E-04  1.52513055844253937E-03
  6.3560261E-02  5.17919678407011816E+04  1.93114962472632001E+01  1.83348144755952159E-04  1.54558103881768201E-03
  6.3985646E-02  5.11593876872673209E+04  1.90623871680232817E+01  1.88311623417329160E-04  1.56630500835108874E-03
  6.4413873E-02  5.05401638177345958E+04  1.88331457451033728E+01  1.93409475525981511E-04  1.58730611064179425E-03
  6.4844959E-02  4.99342341245690550E+04  1.86238031307308205E+01  1.98645340566101449E-04  1.60858803749805023E-03
  6.5278925E-02  4.93415293247832669E+04  1.84343756606137568E+01  2.04022956693085205E-04  1.63015452956497627E-03
  6.5715788E-02  4.87619730365590513E+04  1.82648646553989131E+01  2.09546163413082724E-04  1.65200937696218680E-03
  6.6155570E-02  4.81954818614444957E+04  1.81152562333549199E+01  2.15218904335510785E-04  1.67415641992897917E-03
  6.6598288E-02  4.76419654720644103E+04  1.79855211347302522E+01  2.21045230000510481E-04  1.69659954947776865E-03
  6.7043964E-02  4.71013267052978335E+04  1.78756145582184907E+01  2.27029300783409936E-04  1.71934270805525679E-03
  6.7492615E-02  4.65734616608625583E+04  1.77854760099733973E+01  2.33175389878282697E-04  1.74238989021213014E-03
  6.7944263E-02  4.60582598052725225E+04  1.77150291656131778E+01  2.39487886362779213E-04  1.76574514328259866E-03
  6.8398928E-02  4.55556040810319246E+04  1.76641817456107901E+01  2.45971298346449861E-04  1.78941256806987043E-03
  6.8856629E-02  4.50653710210558784E+04  1.76328254045204638E+01  2.52630256204832359E-04  1.81339631954216735E-03
  6.9317387E-02  4.45874308682112896E+04  1.76208356344334049E+01  2.59469515901669114E-04  1.83770060753772006E-03
  6.9781222E-02  4.41216476998778235E+04  1.76280716830710311E+01  2.66493962401649122E-04  1.86232969747718671E-03
  7.0248155E-02  4.36678795574557153E+04  1.76543764869072071E+01  2.73708613176163980E-04  1.88728791108613890E-03
  7.0718207E-02  4.32259785807038716E+04  1.76995766197013680E+01  2.81118621804610691E-04  1.91257962712592668E-03
  7.1191397E-02  4.27957911468464954E+04  1.77634822568405397E+01  2.88729281673869497E-04  1.93820928213441651E-03
  7.1667748E-02  4.23771580142745879E+04  1.78458871558130951E+01  2.96546029778643164E-04  1.96418137117590442E-03
  7.2147281E-02  4.19699144707776431E+04  1.79465686531941131E+01  3.04574450625405861E-04  1.99050044859918392E-03
  7.2630016E-02  4.15738904861809569E+04  1.80652876784778691E+01  3.12820280242819351E-04  2.01717112880685657E-03
  7.3115975E-02  4.11889108692503069E+04  1.82017887850777242E+01  3.21289410301517147E-04  2.04419808703362738E-03
  7.3605179E-02  4.08147954287285611E+04  1.83558001987885255E+01  3.29987892346267093E-04  2.07158606013348526E-03
  7.4097651E-02  4.04513591383925232E+04  1.85270338840290627E+01  3.38921942143572037E-04  2.09933984737771008E-03
  7.4593412E-02  4.00984123059977283E+04  1.87151856281413238E+01  3.48097944147895727E-04  2.12746431126251438E-03
  7.5092484E-02  3.97557607459280043E+04  1.89199351439845280E+01  3.57522456089748688E-04  2.15596437832664195E-03
  7.5594889E-02  3.94232059554358639E+04  1.91409461910869290E+01  3.67202213688986169E-04  2.18484503997928370E-03
  7.6100649E-02  3.91005452943217751E+04  1.93778667155710558E+01  3.77144135496737087E-04  2.21411135333785545E-03
  7.6609787E-02  3.87875721678923801E+04  1.96303290090775100E+01  3.87355327869512119E-04  2.24376844207688306E-03
  7.7122326E-02  3.84840762130198564E+04  1.98979498868332527E+01  3.97843090079103674E-04  2.27382149728648725E-03
  7.7638287E-02  3.81898434871698701E+04  2.01803308850583640E+01  4.08614919561999749E-04  2.30427577834268907E-03
  7.8157695E-02  3.79046566602236271E+04  2.04770584778555076E+01  4.19678517312155233E-04  2.33513661378704791E-03
  7.8680571E-02  3.76282952089108367E+04  2.07877043136883088E+01  4.31041793421043230E-04  2.36640940221845763E-03
  7.9206940E-02  3.73605356136862829E+04  2.11118254715358695E+01  4.42712872769038680E-04  2.39809961319526962E-03
  7.9736824E-02  3.71011515578847466E+04  2.14489647368193062E+01  4.54700100872273256E-04  2.43021278814779113E-03
  8.0270247E-02  3.68499141289840700E+04  2.17986508971602433E+01  4.67012049889252879E-04  2.46275454130422122E-03
  8.0807232E-02  3.66065920217487073E+04  2.21603990579367114E+01  4.79657524791622788E-04  2.49573056062589926E-03
  8.1347804E-02  3.63709517431229979E+04  2.25337109776900633E+01  4.92645569703559715E-04  2.52914660875400155E-03
  8.1891986E-02  3.61427578186739702E+04  2.29180754233445114E+01  5.05985474414475940E-04  2.56300852396928016E-03
  8.2439802E-02  3.59217730003791876E+04  2.33129685451698663E+01  5.19686781069754445E-04  2.59732222116386717E-03
  8.2991277E-02  3.57077584755746066E+04  2.37178542713914133E+01  5.33759291044443832E-04  2.63209369282140990E-03
  8.3546436E-02  3.55004740768851916E+04  2.41321847223665173E+01  5.48213072004902452E-04  2.66732901001276185E-03
  8.4105301E-02  3.52996784929555579E+04  2.45554006441982722E+01  5.63058465163610391E-04  2.70303432340414460E-03
  8.4667900E-02  3.51051294797290975E+04  2.49869318615503246E+01  5.78306092732431003E-04  2.73921586427359467E-03
  8.5234256E-02  3.49165840721452187E+04  2.54261977495308855E+01  5.93966865579779752E-04  2.77587994554357158E-03
  8.5804394E-02  3.47337987960363971E+04  2.58726077244030179E+01  6.10051991097335187E-04  2.81303296282504108E-03
  8.6378340E-02  3.45565298800115197E+04  2.63255617528443864E+01  6.26572981282043188E-04  2.85068139547351492E-03
  8.6956119E-02  3.43845334671327946E+04  2.67844508794586140E+01  6.43541661039349639E-04  2.88883180765822905E-03
  8.7537757E-02  3.42175658262107245E+04  2.72486577722542940E+01  6.60970176713733364E-04  2.92749084944373848E-03
  8.8123279E-02  3.40553835625004285E+04  2.77175572857242827E+01  6.78871004852842465E-04  2.96666525788598281E-03
  8.8712712E-02  3.38977438275948953E+04  2.81905170411211756E+01  6.97256961211624557E-04  3.00636185814158463E-03
  8.9306082E-02  3.37444045283256855E+04  2.86668980235204423E+01  7.16141210003104099E-04  3.04658756458702157E-03
  8.9903414E-02  3.35951245344633426E+04  2.91460551952340872E+01  7.35537273402559464E-04  3.08734938195478516E-03
  9.0504736E-02  3.34496638850564486E+04  2.96273381251172623E+01  7.55459041312134261E-04  3.12865440648397389E-03
  9.1110074E-02  3.33077839931466369E+04  3.01100916331762889E+01  7.75920781393045467E-04  3.17050982708027554E-03
  9.1719455E-02  3.31692478487072440E+04  3.05936564500062076E+01  7.96937149372743399E-04  3.21292292649321245E-03
  9.2332906E-02  3.30338202196189231E+04  3.10773698904626521E+01  8.18523199634654439E-04  3.25590108250644423E-03
  9.2950453E-02  3.29012678504576252E+04  3.15605665409422969E+01  8.40694396098272683E-04  3.29945176914307184E-03
  9.3572125E-02  3.27713596589002991E+04  3.20425789596189858E+01  8.63466623397641251E-04  3.34358255788389219E-03
  9.4197949E-02  3.26438669295813379E+04  3.25227383889813524E+01  8.86856198366411724E-04  3.38830111889920540E-03
  9.4827953E-02  3.25185635052130528E+04  3.30003754799953555E+01  9.10879881838010780E-04  3.43361522229922948E-03
  9.5462164E-02  3.23952259747298594E+04  3.34748210270580557E+01  9.35554890769595029E-04  3.47953273939568273E-03
  9.6100610E-02  3.22736338583285506E+04  3.39454067130569683E+01  9.60898910698693826E-04  3.52606164397810092E-03
  9.6743321E-02  3.21535697891939417E+04  3.44114658637118893E+01  9.86930108541819642E-04  3.57321001360718250E-03
  9.7390324E-02  3.20348196917295609E+04  3.48723342103529745E+01  1.01366714574442195E-03  3.62098603092321286E-03
  9.8041649E-02  3.19171729561014945E+04  3.53273506602619989E+01  1.04112919179196080E-03  3.66939798496861841E-03
  9.8697323E-02  3.18004226089392578E+04  3.57758580737066225E+01  1.06933593809202120E-03  3.71845427252400634E-03
  9.9357376E-02  3.16843654800247095E+04  3.62172040467712577E+01  1.09830761223779624E-03  3.76816339946604070E-03
  1.0002184E-01  3.15688023647469090E+04  3.66507416989484796E+01  1.12806499266347184E-03  3.81853398213500683E-03
  1.0069074E-01  3.14535381822198360E+04  3.70758304645973737E+01  1.15862942370231802E-03  3.86957474871962599E-03
  1.0136410E-01  3.13383821288574509E+04  3.74918368872396144E+01  1.19002283105870579E-03  3.92129454066103989E-03
  1.0204197E-01  3.12231478272550994E+04  3.78981354156432531E+01  1.22226773770546288E-03  3.97370231406919856E-03
  1.0272436E-01  3.11076534702127246E+04  3.82941092006510289E+01  1.25538728021838057E-03  4.02680714115778975E-03
  1.0341131E-01  3.09917219597495969E+04  3.86791508916830011E+01  1.28940522555993529E-03  4.08061821169322918E-03
  1.0410284E-01  3.08751810409859972E+04  3.90526634318187931E+01  1.32434598832473845E-03  4.13514483446568003E-03
  1.0479900E-01  3.07578634306815038E+04  3.94140608502905962E+01  1.36023464845949670E-03  4.19039643876970708E-03
  1.0549980E-01  3.06396069403489164E+04  3.97627690513007721E+01  1.39709696947057415E-03  4.24638257590611787E-03
  1.0620529E-01  3.05202545937883988E+04  4.00982265979767618E+01  1.43495941713279508E-03  4.30311292070177827E-03
  1.0691548E-01  3.03996547388948238E+04  4.04198854902772808E+01  1.47384917871329238E-03  4.36059727304349918E-03
  1.0763042E-01  3.02776611536187047E+04  4.07272119356594686E+01  1.51379418272478664E-03  4.41884555943233056E-03
  1.0835014E-01  3.01541331459554494E+04  4.10196871112970740E+01  1.55482311922287169E-03  4.47786783455110960E-03
  1.0907466E-01  3.00289356478713235E+04  4.12968079166565971E+01  1.59696546066255053E-03  4.53767428285621610E-03
  1.0980402E-01  2.99019393029998973E+04  4.15580877151341852E+01  1.64025148332947726E-03  4.59827522018102595E-03
  1.1053825E-01  2.97730205480467193E+04  4.18030570635644381E+01  1.68471228936184492E-03  4.65968109535987076E-03
  1.1127738E-01  2.96420616877937136E+04  4.20312644283469652E+01  1.73037982937941995E-03  4.72190249187140823E-03
  1.1202145E-01  2.95089509635929207E+04  4.22422768869115899E+01  1.77728692573653354E-03  4.78495012949773941E-03
  1.1277049E-01  2.93735826152687150E+04  4.24356808132742671E+01  1.82546729641642168E-03  4.84883486600442681E-03
  1.1352454E-01  2.92358569363468305E+04  4.26110825464335790E+01  1.87495557958469445E-03  4.91356769883502867E-03
  1.1428362E-01  2.90956803225431104E+04  4.27681090403511419E+01  1.92578735882034885E-03  4.97915976683017698E-03
  1.1504776E-01  2.89529653134284636E+04  4.29064084942465627E+01  1.97799918904313166E-03  5.04562235196233388E-03
  1.1581702E-01  2.88076306272054098E+04  4.30256509619627678E+01  2.03162862315667183E-03  5.11296688108719456E-03
  1.1659141E-01  2.86596011885567568E+04  4.31255289391687313E+01  2.08671423942723968E-03  5.18120492771778976E-03
  1.1737097E-01  2.85088081495244514E+04  4.32057579271794907E+01  2.14329566961873495E-03  5.25034821381898786E-03
  1.1815573E-01  2.83551889033381522E+04  4.32660769721343712E+01  2.20141362790492439E-03  5.32040861161698839E-03
  1.1894574E-01  2.81986870912049235E+04  4.33062491783742516E+01  2.26110994058051134E-03  5.39139814543021078E-03
  1.1974103E-01  2.80392526020272235E+04  4.33260621948240328E+01  2.32242757659346065E-03  5.46332899352257057E-03
  1.2054163E-01  2.78768415650151692E+04  4.33253286732054335E+01  2.38541067892136804E-03  5.53621348997387908E-03
  1.2134757E-01  2.77114163351930838E+04  4.33038866969403529E+01  2.45010459681549225E-03  5.61006412656921485E-03
  1.2215890E-01  2.75429454718102206E+04  4.32616001796399559E+01  2.51655591893654596E-03  5.68489355471057337E-03
  1.2297564E-01  2.73714037096702377E+04  4.31983592321059078E+01  2.58481250740728950E-03  5.76071458735065954E-03
  1.2379784E-01  2.71967719233647986E+04  4.31140804967487909E+01  2.65492353280745962E-03  5.83754020094205076E-03
  1.2462553E-01  2.70190370844752688E+04  4.30087074484408163E+01  2.72693951013725823E-03  5.91538353740835455E-03
  1.2545875E-01  2.68381922117633694E+04  4.28822106608118077E+01  2.80091233577663048E-03  5.99425790614019870E-03
  1.2629753E-01  2.66542363143974944E+04  4.27345880370300293E+01  2.87689532546803531E-03  6.07417678600891912E-03
  1.2714192E-01  2.64671743282657408E+04  4.25658650041736166E+01  2.95494325335139262E-03  6.15515382739906247E-03
  1.2799194E-01  2.62770170454413674E+04  4.23760946703365207E+01  3.03511239208053337E-03  6.23720285426301348E-03
  1.2884764E-01  2.60837810368929531E+04  4.21653579436636790E+01  3.11746055405151198E-03  6.32033786620219210E-03
  1.2970906E-01  2.58874885684852488E+04  4.19337636125340794E+01  3.20204713377387953E-03  6.40457304056242342E-03
  1.3057623E-01  2.56881675103919697E+04  4.16814483862077481E+01  3.28893315141674672E-03  6.48992273455089447E-03
  1.3144919E-01  2.54858512400219442E+04  4.14085768952714517E+01  3.37818129756277570E-03  6.57640148738251190E-03
  1.3232798E-01  2.52805785385516247E+04  4.11153416512896825E+01  3.46985597920372981E-03  6.66402402244005172E-03
  1.3321264E-01  2.50723934811951513E+04  4.08019629651278990E+01  3.56402336701248630E-03  6.75280524945558180E-03
  1.3410321E-01  2.48613453213438806E+04  4.04686888234764481E+01  3.66075144392712711E-03  6.84276026672005384E-03
  1.3499973E-01  2.46474883687121037E+04  4.01157947231741190E+01  3.76011005508408106E-03  6.93390436331031441E-03
  1.3590223E-01  2.44308818616353128E+04  3.97435834629859741E+01  3.86217095913796594E-03  7.02625302133904998E-03
  1.3681076E-01  2.42115898336717364E+04  3.93523848925759623E+01  3.96700788100720798E-03  7.11982191822720621E-03
  1.3772536E-01  2.39896809746804138E+04  3.89425556184793038E+01  4.07469656608514062E-03  7.21462692899503023E-03
  1.3864607E-01  2.37652284865572437E+04  3.85144786669612884E+01  4.18531483595804138E-03  7.31068412858447078E-03
  1.3957293E-01  2.35383099337843923E+04  3.80685631037183043E+01  4.29894264567226309E-03  7.40800979419398761E-03
  1.4050597E-01  2.33090070890063253E+04  3.76052436104712910E+01  4.41566214259379950E-03  7.50662040763839990E-03
  1.4144525E-01  2.30774057738337651E+04  3.71249800185753571E+01  4.53555772690530153E-03  7.60653265773626741E-03
  1.4239080E-01  2.28435956950625186E+04  3.66282567998593152E+01  4.65871611378635038E-03  7.70776344271614355E-03
  1.4334267E-01  2.26076702765276023E+04  3.61155825149984508E+01  4.78522639732441128E-03  7.81032987264309100E-03
  1.4430089E-01  2.23697264868273378E+04  3.55874892198119142E+01  4.91518011620487635E-03  7.91424927186899947E-03
  1.4526552E-01  2.21298646631419651E+04  3.50445318299696424E+01  5.04867132123057623E-03  8.01953918151259056E-03
  1.4623658E-01  2.18881883313656253E+04  3.44872874446933793E+01  5.18579664472203650E-03  8.12621736195191270E-03
  1.4721413E-01  2.16448040228227037E+04  3.39163546301242320E+01  5.32665537185119959E-03  8.23430179534355954E-03
  1.4819821E-01  2.13998210878092104E+04  3.33323526631329941E+01  5.47134951396344420E-03  8.34381068816912770E-03
  1.4918886E-01  2.11533515062184561E+04  3.27359207364460332E+01  5.61998388394347858E-03  8.45476247379934633E-03
  1.5018613E-01  2.09055096955144763E+04  3.21277171260621870E+01  5.77266617368298561E-03  8.56717581508044737E-03
  1.5119006E-01  2.06564123163391450E+04  3.15084183220272998E+01  5.92950703370879410E-03  8.68106960694632439E-03
  1.5220069E-01  2.04061780760323636E+04  3.08787181237343376E+01  6.09062015503295494E-03  8.79646297905676763E-03
  1.5321808E-01  2.01549275303658869E+04  3.02393267010260658E+01  6.25612235328699366E-03  8.91337529844880849E-03
  1.5424226E-01  1.99027828837247653E+04  2.95909696224491618E+01  6.42613365520465669E-03  9.03182617221908769E-03
  1.5527327E-01  1.96498677881006370E+04  2.89343868521177043E+01  6.60077738751973370E-03  9.15183545022804287E-03
  1.5631118E-01  1.93963071412620775E+04  2.82703317167264423E+01  6.78018026834666197E-03  9.27342322782434038E-03
  1.5735601E-01  1.91422268842963531E+04  2.75995698443445896E+01  6.96447250111429956E-03  9.39660984859410318E-03
  1.5840783E-01  1.88877537989003686E+04  2.69228780766843983E+01  7.15378787112446943E-03  9.52141590712872465E-03
  1.5946667E-01  1.86330153047671993E+04  2.62410433566165118E+01  7.34826384480981309E-03  9.64786225182561602E-03
  1.6053257E-01  1.83781392573690573E+04  2.55548615927909282E+01  7.54804167176695295E-03  9.77596998769948711E-03
  1.6160560E-01  1.81232537464968591E+04  2.48651365032344458E+01  7.75326648964306045E-03  9.90576047922137395E-03
  1.6268580E-01  1.78684868958896586E+04  2.41726784398799310E+01  7.96408743195691632E-03  1.00372553531839215E-02
  1.6377321E-01  1.76139666642898737E+04  2.34783031960052355E+01  8.18065773893694725E-03  1.01704765015842649E-02
  1.6486788E-01  1.73598206482758142E+04  2.27828307985888756E+01  8.40313487146173745E-03  1.03054460845279239E-02
  1.6596986E-01  1.71061758872154896E+04  2.20870842875984046E+01  8.63168062819031148E-03  1.04421865331589120E-02
  1.6707921E-01  1.68531586706911949E+04  2.13918884842296322E+01  8.86646126597284874E-03  1.05807205526130526E-02
  1.6819596E-01  1.66008943487244505E+04  2.06980687501305418E+01  9.10764762363431429E-03  1.07210711249860619E-02
  1.6932017E-01  1.63495071451557542E+04  2.00064497395742649E+01  9.35541524922605706E-03  1.08632615123301149E-02
  1.7045188E-01  1.60991199745150352E+04  1.93178541465536000E+01  9.60994453084407056E-03  1.10073152596687138E-02
  1.7159116E-01  1.58498542626990384E+04  1.86331014487013746E+01  9.87142083111434802E-03  1.11532561980377566E-02
  1.7273805E-01  1.56018297718250033E+04  1.79530066498953005E+01  1.01400346254493200E-02  1.13011084475391765E-02
  1.7389259E-01  1.53551644294861198E+04  1.72783790233343559E+01  1.04159816441816520E-02  1.14508964204198364E-02
  1.7505485E-01  1.51099741627991098E+04  1.66100208568022367E+01  1.06994630186857155E-02  1.16026448241775305E-02
  1.7622486E-01  1.48663727375526305E+04  1.59487262017811933E+01  1.09906854315991731E-02  1.17563786646807857E-02
  1.7740270E-01  1.46244716026292863E+04  1.52952796280045007E+01  1.12898612712610032E-02  1.19121232493045928E-02
  1.7858839E-01  1.43843797400466938E+04  1.46504549849644423E+01  1.15972087904847379E-02  1.20699041900943008E-02
  1.7978201E-01  1.41462035208362668E+04  1.40150141718656389E+01  1.19129522697905502E-02  1.22297474069527380E-02
  1.8098360E-01  1.39100465669637342E+04  1.33897059175131687E+01  1.22373221852219195E-02  1.23916791308335533E-02
  1.8219321E-01  1.36760096194994767E+04  1.27752645715756401E+01  1.25705553808763276E-02  1.25557259069604705E-02
  1.8341091E-01  1.34441904131985684E+04  1.21724089087436482E+01  1.29128952462844327E-02  1.27219145980716555E-02
  1.8463673E-01  1.32146835576229969E+04  1.15818409473540456E+01  1.32645918987741810E-02  1.28902723876752733E-02
  1.8587074E-01  1.29875804249214925E+04  1.10042447841529381E+01  1.36259023709616543E-02  1.30608267833198545E-02
  1.8711300E-01  1.27629690443445688E+04  1.04402854469887156E+01  1.39970908035131642E-02  1.32336056198910368E-02
  1.8836355E-01  1.25409340035523983E+04  9.89060776739014180E+00  1.43784286433287084E-02  1.34086370629232406E-02
  1.8962245E-01  1.23215563567378122E+04  9.35583527517749758E+00  1.47701948473000187E-02  1.35859496119231336E-02
  1.9088976E-01  1.21049135395795693E+04  8.83656911739515749E+00  1.51726760918005927E-02  1.37655721037150559E-02
  1.9216553E-01  1.18910792910146938E+04  8.33338700407096411E+00  1.55861669880710957E-02  1.39475337157988748E-02
  1.9344983E-01  1.16801235818059704E+04  7.84684218345671880E+00  1.60109703036662200E-02  1.41318639697280337E-02
  1.9474270E-01  1.14721125498736692E+04  7.37746244955104569E+00  1.64473971901354689E-02  1.43185927344974245E-02
  1.9604420E-01  1.12671084423566299E+04  6.92574918480156754E+00  1.68957674171134192E-02  1.45077502299436594E-02
  1.9735440E-01  1.10651695643691128E+04  6.49217644093655544E+00  1.73564096130020655E-02  1.46993670301716044E-02
  1.9867335E-01  1.08663502344134467E+04  6.07719006091390845E+00  1.78296615124316077E-02  1.48934740669796877E-02
  2.0000111E-01  1.06707007464265280E+04  5.68120684489110772E+00  1.83158702106908967E-02  1.50901026333026475E-02
  2.0133773E-01  1.04782673384352966E+04  5.30461376305058963E+00  1.88153924253260385E-02  1.52892843866700885E-02
  2.0268328E-01  1.02890921678047707E+04  4.94776721797707886E+00  1.93285947651092756E-02  1.54910513526765967E-02
  2.0403782E-01  1.01032132930679782E+04  4.61099235909246374E+00  1.98558540065874346E-02  1.56954359284538734E-02
  2.0540141E-01  9.92066466233284700E+03  4.29458245144524398E+00  2.03975573784232721E-02  1.59024708861572883E-02
  2.0677410E-01  9.74147610826104392E+03  3.99879830092661859E+00  2.09541028537519533E-02  1.61121893764675853E-02
  2.0815596E-01  9.56567334961265260E+03  3.72386773773735191E+00  2.15258994507778745E-02  1.63246249320958790E-02
  2.0954705E-01  9.39327799934597351E+03  3.46998515968386645E+00  2.21133675418461809E-02  1.65398114712935855E-02
  2.1094743E-01  9.22430757925819671E+03  3.23731113663688141E+00  2.27169391712271768E-02  1.67577833013647093E-02
  2.1235716E-01  9.05877554114409941E+03  3.02597207725026429E+00  2.33370583818614669E-02  1.69785751222078646E-02
  2.1377630E-01  8.89669129442781741E+03  2.83605995883586370E+00  2.39741815513185644E-02  1.72022220298292568E-02
  2.1520493E-01  8.73806024022572274E+03  2.66763212106540593E+00  2.46287777372281302E-02  1.74287595198828367E-02
  2.1664310E-01  8.58288381177020347E+03  2.52071112400714537E+00  2.53013290324536726E-02  1.76582234912082310E-02
  2.1809087E-01  8.43115952111293700E+03  2.39528467083419105E+00  2.59923309302815889E-02  1.78906502493667678E-02
  2.1954831E-01  8.28288101201055179E+03  2.29130559539454826E+00  2.67022926999100907E-02  1.81260765101841533E-02
  2.2101548E-01  8.13803811887634129E+03  2.20869191470042558E+00  2.74317377725265162E-02  1.83645394032758459E-02
  2.2249245E-01  7.99661693166983241E+03  2.14732694627644127E+00  2.81812041382738625E-02  1.86060764756075213E-02
  2.2397929E-01  7.85859986657118407E+03  2.10705949020053573E+00  2.89512447544123218E-02  1.88507256950111585E-02
  2.2547606E-01  7.72396574228336158E+03  2.08770407556183279E+00  2.97424279649904956E-02  1.90985254537189009E-02
  2.2698282E-01  7.59268986178244995E+03  2.08904127097063741E+00  3.05553379323524020E-02  1.93495145718954910E-02
  2.2849964E-01  7.46474409932593881E+03  2.11081805865826677E+00  3.13905750808113962E-02  1.96037323011541836E-02
  2.3002660E-01  7.34009699251531492E+03  2.15274827161070315E+00  3.22487565528349548E-02  1.98612183280693876E-02
  2.3156376E-01  7.21871383919953405E+03  2.21451309308569000E+00  3.31305166780900481E-02  2.01220127776722581E-02
  2.3311118E-01  7.10055679899611823E+03  2.29576161776898635E+00  3.40365074557123157E-02  2.03861562169568647E-02
  2.3466893E-01  6.98558499919055521E+03  2.39611147371776489E+00  3.49673990501696771E-02  2.06536896583499191E-02
  2.3623709E-01  6.87375464477489186E+03  2.51514950414275029E+00  3.59238803011005872E-02  2.09246545631730230E-02
  2.3781572E-01  6.76501913237399276E+03  2.65243250796928942E+00  3.69066592475204708E-02  2.11990928451082118E-02
  2.3940490E-01  6.65932916779940479E+03  2.80748803800144575E+00  3.79164636667978228E-02  2.14770468736258623E-02
  2.4100469E-01  6.55663288696637028E+03  2.97981525539901693E+00  3.89540416288136904E-02  2.17585594773942285E-02
  2.4261516E-01  6.45687597990504491E+03  3.16888583905851196E+00  4.00201620657281640E-02  2.20436739476806420E-02
  2.4423639E-01  6.36000181759109819E+03  3.37414494836552503E+00  4.11156153577915684E-02  2.23324340417339305E-02
  2.4586845E-01  6.26595158131139942E+03  3.59501223765229172E+00  4.22412139356473856E-02  2.26248839861202325E-02
  2.4751140E-01  6.17466439428647027E+03  3.83088292058148339E+00  4.33977928995855564E-02  2.29210684800532326E-02
  2.4916533E-01  6.08607745526102644E+03  4.08112888254342998E+00  4.45862106562208427E-02  2.32210326986953056E-02
  2.5083031E-01  6.00012617377315473E+03  4.34509983902850472E+00  4.58073495730787691E-02  2.35248222964185641E-02
  2.5250640E-01  5.91674430681202193E+03  4.62212453781318633E+00  4.70621166515886591E-02  2.38324834100472824E-02
  2.5419369E-01  5.83586409657183503E+03  4.91151200268540578E+00  4.83514442189929144E-02  2.41440626620458808E-02
  2.5589225E-01  5.75741640901411665E+03  5.21255281631980516E+00  4.96762906396985143E-02  2.44596071637041418E-02
  2.5760215E-01  5.68133087293982408E+03  5.52452043978607676E+00  5.10376410466096067E-02  2.47791645182496925E-02
  2.5932347E-01  5.60753601928841999E+03  5.84667256609955466E+00  5.24365080929905455E-02  2.51027828239348584E-02
  2.6105629E-01  5.53595942037341320E+03  6.17825250510963464E+00  5.38739327254306732E-02  2.54305106770889612E-02
  2.6280068E-01  5.46652782876868878E+03  6.51849059693402566E+00  5.53509849784892746E-02  2.57623971751146479E-02
  2.6455672E-01  5.39916731556536433E+03  6.86660565106704457E+00  5.68687647916205699E-02  2.60984919194325489E-02
  2.6632449E-01  5.33380340772218369E+03  7.22180640822864817E+00  5.84284028489868851E-02  2.64388450183792034E-02
  2.6810407E-01  5.27036122423960660E+03  7.58329302195250321E+00  6.00310614427937844E-02  2.67835070900670699E-02
  2.6989553E-01  5.20876561089005736E+03  7.95025855685044380E+00  6.16779353607868966E-02  2.71325292651626200E-02
  2.7169895E-01  5.14894127324517740E+03  8.32189050045539602E+00  6.33702527985747499E-02  2.74859631896221535E-02
  2.7351442E-01  5.09081290774996160E+03  8.69737228551271713E+00  6.51092762974513073E-02  2.78438610273612254E-02
  2.7534202E-01  5.03430533060269590E+03  9.07588481956512894E+00  6.68963037084174539E-02  2.82062754628660088E-02
  2.7718182E-01  4.97934360419920722E+03  9.45660801863427736E+00  6.87326691831119108E-02  2.85732597037239820E-02
  2.7903390E-01  4.92585316092157336E+03  9.83872234183566619E+00  7.06197441923794023E-02  2.89448674830930959E-02
  2.8089836E-01  4.87375992405400848E+03  1.02214103237351104E+01  7.25589385732290926E-02  2.93211530620955153E-02
  2.8277527E-01  4.82299042561974329E+03  1.06038581012725750E+01  7.45517016049462161E-02  2.97021712321469886E-02
  2.8466471E-01  4.77347192094143520E+03  1.09852569320866049E+01  7.65995231151470057E-02  3.00879773171769636E-02
  2.8656678E-01  4.72513249974354494E+03  1.13648047011145437E+01  7.87039346165750581E-02  3.04786271757733970E-02
  2.8848154E-01  4.67790119362607675E+03  1.17417074123756571E+01  8.08665104754719005E-02  3.08741772032828689E-02
  2.9040910E-01  4.63170807973985302E+03  1.21151806628434393E+01  8.30888691123621570E-02  3.12746843337503716E-02
  2.9234952E-01  4.58648438052175879E+03  1.24844510954192796E+01  8.53726742361158863E-02  3.16802060418094958E-02
  2.9430291E-01  4.54216255934831861E+03  1.28487578280247643E+01  8.77196361121792834E-02  3.20908003444743614E-02
  2.9626934E-01  4.49867641198289766E+03  1.32073538559119292E+01  9.01315128658743137E-02  3.25065258028062534E-02
  2.9824891E-01  4.45596115370109510E+03  1.35595074243387437E+01  9.26101118217003833E-02  3.29274415234923207E-02
  3.0024170E-01  4.41395350199395943E+03  1.39045033688335415E+01  9.51572908795798311E-02  3.33536071602997392E-02
  3.0224779E-01  4.37259175476275141E+03  1.42416444203672192E+01  9.77749599290256982E-02  3.37850829154411544E-02
  3.0426729E-01  4.33181586392059853E+03  1.45702524727748788E+01  1.00465082302221009E-01  3.42219295407940188E-02
  3.0630027E-01  4.29156750434300466E+03  1.48896698099167146E+01  1.03229676267022716E-01  3.46642083390006905E-02
  3.0834683E-01  4.25179013811034019E+03  1.51992602901169782E+01  1.06070816560934353E-01  3.51119811644610008E-02
  3.1040706E-01  4.21242907400205058E+03  1.54984104855222764E+01  1.08990635967101818E-01  3.55653104241812207E-02
  3.1248104E-01  4.17343152221059700E+03  1.57865307741110712E+01  1.11991326933423535E-01  3.60242590784778244E-02
  3.1456888E-01  4.13474664425837091E+03  1.60630563821969439E+01  1.15075143235873437E-01  3.64888906415504199E-02
  3.1667066E-01  4.09632559811076044E+03  1.63274483753660462E+01  1.18244401687177883E-01  3.69592691819080749E-02
  3.1878648E-01  4.05812157848593006E+03  1.65791945958875147E+01  1.21501483891993375E-01  3.74354593226550875E-02
  3.2091643E-01  4.02008985237595880E+03  1.68178105447495732E+01  1.24848838049770719E-01  3.79175262415981443E-02
  3.2306061E-01  3.98218778980378056E+03  1.70428402065892328E+01  1.28288980806499892E-01  3.84055356711962073E-02
  3.2521910E-01  3.94437488985193295E+03  1.72538568159053085E+01  1.31824499156572073E-01  3.88995538983781877E-02
  3.2739201E-01  3.90661280199981502E+03  1.74504635630229963E+01  1.35458052396006473E-01  3.93996477641526816E-02
  3.2957944E-01  3.86886534282748107E+03  1.76322942384502568E+01  1.39192374128312368E-01  3.99058846630491598E-02
  3.3178147E-01  3.83109850814594029E+03  1.77990138143515146E+01  1.43030274324295797E-01  4.04183325423808359E-02
  3.3399821E-01  3.79328048062115249E+03  1.79503189619902805E+01  1.46974641437128184E-01  4.09370599013372805E-02
  3.3622975E-01  3.75538163296935454E+03  1.80859385041276681E+01  1.51028444574029919E-01  4.14621357898564552E-02
  3.3847620E-01  3.71737452680872684E+03  1.82056338014820192E+01  1.55194735725934591E-01  4.19936298072934797E-02
  3.4073765E-01  3.67923390726043817E+03  1.83091990724903404E+01  1.59476652056538964E-01  4.25316121009347778E-02
  3.4301420E-01  3.64093669339241160E+03  1.83964616457208052E+01  1.63877418252155738E-01  4.30761533642415109E-02
  3.4530596E-01  3.60246196461379350E+03  1.84672821444430646E+01  1.68400348933805760E-01  4.36273248349019413E-02
  3.4761303E-01  3.56379094312976122E+03  1.85215546029799540E+01  1.73048851133029868E-01  4.41851982926761769E-02
  3.4993550E-01  3.52490697256929070E+03  1.85592065145906986E+01  1.77826426832897511E-01  4.47498460569891385E-02
  3.5227348E-01  3.48579549290653631E+03  1.85801988107832621E+01  1.82736675575733282E-01  4.53213409842937662E-02
  3.5462708E-01  3.44644401180059367E+03  1.85845257720811787E+01  1.87783297139085370E-01  4.58997564651792631E-02
  3.5699640E-01  3.40684207248304301E+03  1.85722148704130596E+01  1.92970094281499055E-01  4.64851664212846960E-02
  3.5938154E-01  3.36698121832067636E+03  1.85433265434121992E+01  1.98300975559670217E-01  4.70776453018839913E-02
  3.6178261E-01  3.32685495419186600E+03  1.84979539010755616E+01  2.03779958218562068E-01  4.76772680802479559E-02
  3.6419971E-01  3.28645870481406291E+03  1.84362223653579456E+01  2.09411171156114212E-01  4.82841102497461316E-02
  3.6663296E-01  3.24578977016122963E+03  1.83582892434136795E+01  2.15198857964163826E-01  4.88982478196539339E-02
  3.6908246E-01  3.20484727811300945E+03  1.82643432353469883E+01  2.21147380047235192E-01  4.95197573106894925E-02
  3.7154832E-01  3.16363213448126498E+03  1.81546038774702154E+01  2.27261219820848959E-01  5.01487157502359462E-02
  3.7403065E-01  3.12214697056026580E+03  1.80293209222135005E+01  2.33544983991043065E-01  5.07852006673171208E-02
  3.7652955E-01  3.08039608834384580E+03  1.78887736559662862E+01  2.40003406916787121E-01  5.14292900872160008E-02
  3.7904515E-01  3.03838540356095064E+03  1.77332701562810904E+01  2.46641354056987561E-01  5.20810625258071244E-02
  3.8157755E-01  2.99612238667742804E+03  1.75631464900093803E+01  2.53463825503804419E-01  5.27405969835807731E-02
  3.8412685E-01  2.95361600201358851E+03  1.73787658540819585E+01  2.60475959603989227E-01  5.34079729393294386E-02
  3.8669319E-01  2.91087664512588208E+03  1.71805176607888335E+01  2.67683036669973395E-01  5.40832703434860271E-02
  3.8927666E-01  2.86791607860582189E+03  1.69688165695555000E+01  2.75090482782420376E-01  5.47665696111390016E-02
  3.9187739E-01  2.82474736644702762E+03  1.67441014673514452E+01  2.82703873685985874E-01  5.54579516147226878E-02
  3.9449549E-01  2.78138480712794080E+03  1.65068344000024041E+01  2.90528938780001633E-01  5.61574976762974493E-02
  3.9713107E-01  2.73784386556601794E+03  1.62574994568146280E+01  2.98571565205793477E-01  5.68652895594941032E-02
  3.9978426E-01  2.69414110409447949E+03  1.59966016110478115E+01  3.06837802032362383E-01  5.75814094611209401E-02
  4.0245517E-01  2.65029411261057339E+03  1.57246655189010838E+01  3.15333864542122311E-01  5.83059400023132751E-02
  4.0514391E-01  2.60632143805247006E+03  1.54422342797925687E+01  3.24066138618361921E-01  5.90389642193740807E-02
  4.0785061E-01  2.56224251335611825E+03  1.51498681608298895E+01  3.33041185236136961E-01  5.97805655542083883E-02
  4.1057539E-01  2.51807758604259652E+03  1.48481432884744926E+01  3.42265745058193349E-01  6.05308278442585612E-02
  4.1331836E-01  2.47384764659647271E+03  1.45376503104889174E+01  3.51746743137554607E-01  6.12898353121845707E-02
  4.1607966E-01  2.42957435678476349E+03  1.42189930313532535E+01  3.61491293728380125E-01  6.20576725550400984E-02
  4.1885939E-01  2.38527997807071824E+03  1.38927870244055320E+01  3.71506705206599785E-01  6.28344245329773288E-02
  4.2165769E-01  2.34098730028396039E+03  1.35596582240090093E+01  3.81800485101848885E-01  6.36201765576459161E-02
  4.2447468E-01  2.29671957069417294E+03  1.32202415011182168E+01  3.92380345242185902E-01  6.44150142800287012E-02
  4.2731049E-01  2.25250042366128991E+03  1.28751792256244180E+01  4.03254207012929855E-01  6.52190236779138788E-02
  4.3016523E-01  2.20835381096364790E+03  1.25251198188897490E+01  4.14430206731040918E-01  6.60322910428919468E-02
  4.3303904E-01  2.16430393304288964E+03  1.21707162998872942E+01  4.25916701136240583E-01  6.68549029667965394E-02
  4.3593204E-01  2.12037517127163574E+03  1.18126248283282269E+01  4.37722273000106576E-01  6.76869463278667038E-02
  4.3884437E-01  2.07659202134437010E+03  1.14515032481652828E+01  4.49855736854274546E-01  6.85285082762824987E-02
  4.4177614E-01  2.03297902802193948E+03  1.10880096348141350E+01  4.62326144838721087E-01  6.93796762191964539E-02
  4.4472749E-01  1.98956072131978090E+03  1.07228008493807856E+01  4.75142792671070568E-01  7.02405378054161422E-02
  4.4769856E-01  1.94636155428179677E+03  1.03565311031692548E+01  4.88315225737771752E-01  7.11111809095012343E-02
  4.5068947E-01  1.90340584246242133E+03  9.98985053569544235E+00  5.01853245307772977E-01  7.19916936152876358E-02
  4.5370035E-01  1.86071770523455712E+03  9.62340380938128348E+00  5.15766914869284387E-01  7.28821641990633623E-02
  4.5673134E-01  1.81832100902820321E+03  9.25782872413337188E+00  5.30066566590083554E-01  7.37826811120879111E-02
  4.5978258E-01  1.77623931251567660E+03  8.89375485497550500E+00  5.44762807901534307E-01  7.46933329626484205E-02
  4.6285419E-01  1.73449581407500409E+03  8.53180221596234034E+00  5.59866528206529712E-01  7.56142084976337975E-02
  4.6594631E-01  1.69311330118859587E+03  8.17257995368839119E+00  5.75388905711174514E-01  7.65453965834108074E-02
  4.6905909E-01  1.65211410201140006E+03  7.81668507375893462E+00  5.91341414379974672E-01  7.74869861863636128E-02
  4.7219266E-01  1.61152003934990603E+03  7.46470120380305602E+00  6.07735831014070915E-01  7.84390663527842202E-02
  4.7534715E-01  1.57135238667088470E+03  7.11719739676309793E+00  6.24584242451744043E-01  7.94017261881763414E-02
  4.7852272E-01  1.53163182635396265E+03  6.77472697838447147E+00  6.41899052890254396E-01  8.03750548361110845E-02
  4.8171949E-01  1.49237841009728368E+03  6.43782644312486774E+00  6.59692991327860190E-01  8.13591414564679843E-02
  4.8493761E-01  1.45361152143868685E+03  6.10701440290277020E+00  6.77979119124419216E-01  8.23540752030668816E-02
  4.8817722E-01  1.41534984034316221E+03  5.78279059331340939E+00  6.96770837678840849E-01  8.33599452008501607E-02
  4.9143847E-01  1.37761130979756308E+03  5.46563494215475476E+00  7.16081896221307468E-01  8.43768405224523815E-02
  4.9472151E-01  1.34041310435780997E+03  5.15600670517006510E+00  7.35926399717731883E-01  8.54048501640989610E-02
  4.9802646E-01  1.30377160060136384E+03  4.85434367387585564E+00  7.56318816883680967E-01  8.64440630211360667E-02
  5.0135349E-01  1.26770234944565232E+03  4.56106146019987868E+00  7.77273988304613805E-01  8.74945678628336332E-02
  5.0470274E-01  1.23222005031550884E+03  4.27655286223616304E+00  7.98807134658685580E-01  8.85564533066655196E-02
  5.0807436E-01  1.19733852716471756E+03  4.00118731483239998E+00  8.20933865038227517E-01  8.96298077920904962E-02
  5.1146850E-01  1.16307070638404753E+03  3.73531042785985701E+00  8.43670185365240188E-01  9.07147195535725898E-02
  5.1488530E-01  1.12942859666398022E+03  3.47924361382719205E+00  8.67032506895940913E-01  9.18112765933040142E-02
  5.1832493E-01  1.09642327091128413E+03  3.23328380509009783E+00  8.91037654808865653E-01  9.29195666531990455E-02
  5.2178752E-01  1.06406485035681590E+03  2.99770325915437663E+00  9.15702876870318927E-01  9.40396771862480746E-02
  5.2527324E-01  1.03236249102857937E+03  2.77274944857376848E+00  9.41045852170515063E-01  9.51716953275638655E-02
  5.2878224E-01  1.00132437279399551E+03  2.55864502980453334E+00  9.67084699923150715E-01  9.63157078647205178E-02
  5.3231468E-01  9.70957691204466187E+02  2.35558788310376910E+00  9.93837988320282362E-01  9.74718012074602264E-02
  5.3587071E-01  9.41268652394877336E+02  2.16375121335186948E+00  1.02132474343387303E+00  9.86400613571045970E-02
  5.3945049E-01  9.12262471294383431E+02  1.98328369976425489E+00  1.04956445815461730E+00  9.98205738752773741E-02
  5.4305417E-01  8.83943373395454273E+02  1.81430968098138212E+00  1.07857710115767902E+00  1.01013423852059914E-01
  5.4668193E-01  8.56314600296716549E+02  1.65692936130290214E+00  1.10838312588433707E+00  1.02218695873853960E-01
  5.5033391E-01  8.29378419175957902E+02  1.51121902412824172E+00  1.13900347952764958E+00  1.03436473990500585E-01
  5.5401028E-01  8.03136136268271684E+02  1.37723124009574227E+00  1.17045961200907422E+00  1.04666841682086745E-01
  5.5771121E-01  7.77588114315350026E+02  1.25499506015118301E+00  1.20277348493241054E+00  1.05909881825274041E-01
  5.6143685E-01  7.52733793823484120E+02  1.14451618770673669E+00  1.23596758049996835E+00  1.07165676658995387E-01
  5.6518738E-01  7.28571717832392437E+02  1.04577712890912067E+00  1.27006491037505298E+00  1.08434307749985970E-01
  5.6896295E-01  7.05099559761598812E+02  9.58737325430886633E-01  1.30508902447372011E+00  1.09715855957759928E-01
  5.7276374E-01  6.82314153787648479E+02  8.83333279471177901E-01  1.34106401966730671E+00  1.11010401399085024E-01
  5.7658991E-01  6.60211527126157762E+02  8.19478685193059775E-01  1.37801454837620385E+00  1.12318023412304943E-01
  5.8044164E-01  6.38786933556664735E+02  7.67064584041266984E-01  1.41596582703401963E+00  1.13638800521224201E-01
  5.8431909E-01  6.18034887545311904E+02  7.25959562802998892E-01  1.45494364439962198E+00  1.14972810398519781E-01
  5.8822244E-01  5.97949198386740136E+02  6.96010012745847506E-01  1.49497436969333863E+00  1.16320129829140542E-01
  5.9215185E-01  5.78523003891368489E+02  6.77040465796548974E-01  1.53608496053204857E+00  1.17680834673212692E-01
  5.9610751E-01  5.59748803277742354E+02  6.68854019860079529E-01  1.57830297063594749E+00  1.19054999828783814E-01
  6.0008959E-01  5.41618489070932355E+02  6.71232860608236725E-01  1.62165655727862412E+00  1.20442699194474007E-01
  6.0409827E-01  5.24123377942279262E+02  6.83938882001325243E-01  1.66617448844972005E+00  1.21844005631700794E-01
  6.0813371E-01  5.07254240540692820E+02  7.06714403047528639E-01  1.71188614969798625E+00  1.23258990927065645E-01
  6.1219611E-01  4.91001330449514512E+02  7.39282974314325880E-01  1.75882155062055157E+00  1.24687725754564133E-01
  6.1628564E-01  4.75354412455600709E+02  7.81350264758446489E-01  1.80701133096193667E+00  1.26130279637580167E-01
  6.2040248E-01  4.60302790338658383E+02  8.32605017638553324E-01  1.85648676628442622E+00  1.27586720911143869E-01
  6.2454681E-01  4.45835334382524195E+02  8.92720063533353647E-01  1.90727977316931985E+00  1.29057116684185041E-01
  6.2871883E-01  4.31940508785276279E+02  9.61353378633852174E-01  1.95942291390580681E+00  1.30541532801655868E-01
  6.3291870E-01  4.18606399108200776E+02  1.03814917728069611E+00  2.01294940062218464E+00  1.32040033807162671E-01
  6.3714663E-01  4.05820739859567311E+02  1.12273902890191368E+00  2.06789309881162975E+00  1.33552682905676068E-01
  6.4140279E-01  3.93570942266431530E+02  1.21474299088402438E+00  2.12428853020167230E+00  1.35079541926306335E-01
  6.4568738E-01  3.81844122248429187E+02  1.31377075030165291E+00  2.18217087491420969E+00  1.36620671285816869E-01
  6.5000059E-01  3.70627128572986919E+02  1.41942276869084028E+00  2.24157597286001087E+00  1.38176129952258059E-01
  6.5434260E-01  3.59906571145435976E+02  1.53129142516491701E+00  2.30254032430822786E+00  1.39745975409145518E-01
  6.5871361E-01  3.49668849367661551E+02  1.64896215406514601E+00  2.36510108956912379E+00  1.41330263620347452E-01
  6.6311381E-01  3.39900180485459543E+02  1.77201457403100382E+00  2.42929608772419359E+00  1.42929048995282637E-01
  6.6754340E-01  3.30586627837822903E+02  1.90002360591815500E+00  2.49516379433508284E+00  1.44542384355170861E-01
  6.7200257E-01  3.21714128917564835E+02  2.03256057734396078E+00  2.56274333805924259E+00  1.46170320899969924E-01
  6.7649152E-01  3.13268523153272611E+02  2.16919431190998324E+00  2.63207449609623012E+00  1.47812908176009006E-01
  6.8101046E-01  3.05235579325782965E+02  2.30949220133900646E+00  2.70319768838532148E+00  1.49470194044907218E-01
  6.8555957E-01  2.97601022536317032E+02  2.45302125884965161E+00  2.77615397047128409E+00  1.51142224653469548E-01
  6.9013907E-01  2.90350560649362365E+02  2.59934915217640450E+00  2.85098502495073580E+00  1.52829044404571956E-01
  6.9474915E-01  2.83469910139982744E+02  2.74804521469863205E+00  2.92773315140787060E+00  1.54530695929660900E-01
  6.9939002E-01  2.76944821280987298E+02  2.89868143313588300E+00  3.00644125474421164E+00  1.56247220062416120E-01
  7.0406189E-01  2.70761102612472882E+02  3.05083341031109301E+00  3.08715283180198918E+00  1.57978655813998919E-01
  7.0876495E-01  2.64904644642225264E+02  3.20408130147877790E+00  3.16991195617738342E+00  1.59725040350069042E-01
  7.1349943E-01  2.59361442731126260E+02  3.35801072271316814E+00  3.25476326111415482E+00  1.61486408969231249E-01
  7.1826553E-01  2.54117619123854638E+02  3.51221362988386732E+00  3.34175192036421409E+00  1.63262795083772894E-01
  7.2306345E-01  2.49159444089462255E+02  3.66628916672394567E+00  3.43092362689679886E+00  1.65054230202224289E-01
  7.2789343E-01  2.44473356141399080E+02  3.81984448052086289E+00  3.52232456933244764E+00  1.66860743913993470E-01
  7.3275565E-01  2.40045981311113763E+02  3.97249550399430928E+00  3.61600140597341557E+00  1.68682363876571900E-01
  7.3765036E-01  2.35864151452563902E+02  4.12386770192722807E+00  3.71200123629706136E+00  1.70519115805066124E-01
  7.4257775E-01  2.31914921558820595E+02  4.27359678116203412E+00  3.81037156977286928E+00  1.72371023464227668E-01
  7.4753805E-01  2.28185586075584439E+02  4.42132936264753518E+00  3.91116029185895231E+00  1.74238108663541669E-01
  7.5253148E-01  2.24663694198777961E+02  4.56672361425249118E+00  4.01441562702853982E+00  1.76120391255178865E-01
  7.5755826E-01  2.21337064146552137E+02  4.70944984315323190E+00  4.12018609867072527E+00  1.78017889134807261E-01
  7.6261861E-01  2.18193796399279051E+02  4.84919104671790002E+00  4.22852048570477557E+00  1.79930618246173651E-01
  7.6771275E-01  2.15222285902755317E+02  4.98564342087661672E+00  4.33946777574193554E+00  1.81858592588832052E-01
  7.7284092E-01  2.12411233233300948E+02  5.11851682512273243E+00  4.45307711462169920E+00  1.83801824229653438E-01
  7.7800334E-01  2.09749654725721030E+02  5.24753520341373214E+00  4.56939775214572474E+00  1.85760323318368864E-01
  7.8320023E-01  2.07226891567239022E+02  5.37243696036848828E+00  4.68847898382510220E+00  1.87734098106831532E-01
  7.8843184E-01  2.04832617863963691E+02  5.49297529235012849E+00  4.81037008845204372E+00  1.89723154972978592E-01
  7.9369838E-01  2.02556847688025329E+02  5.60891847314444547E+00  4.93512026130157100E+00  1.91727498449159262E-01
  7.9900010E-01  2.00389941116446323E+02  5.72005009412660037E+00  5.06277854276224204E+00  1.93747131254929650E-01
  8.0433722E-01  1.98322609275703485E+02  5.82616925899468363E+00  5.19339374219047123E+00  1.95782054335229688E-01
  8.0970999E-01  1.96345918407687918E+02  5.92709073328634162E+00  5.32701435677754720E+00  1.97832266903587323E-01
  8.1511864E-01  1.94451292975484023E+02  6.02264504907674869E+00  5.46368848521261441E+00  1.99897766490412909E-01
  8.2056342E-01  1.92630517830329723E+02  6.11267856543869481E+00  5.60346373592052149E+00  2.01978548997546276E-01
  8.2604456E-01  1.90875739462366568E+02  6.19705348536912393E+00  5.74638712964910159E+00  2.04074608758306769E-01
  8.3156230E-01  1.89179466360806998E+02  6.27564783006892846E+00  5.89250499617453638E+00  2.06185938603778735E-01
  8.3711690E-01  1.87534568511077794E+02  6.34835537159937857E+00  6.04186286489133551E+00  2.08312529935728880E-01
  8.4270859E-01  1.85934276057937325E+02  6.41508552506237706E+00  6.19450534904794203E+00  2.10454372805795403E-01
  8.4833763E-01  1.84372177166395971E+02  6.47576320160762986E+00  6.35047602338670636E+00  2.12611456002124222E-01
  8.5400427E-01  1.82842215112877170E+02  6.53032862365571365E+00  6.50981729494437023E+00  2.14783767143041843E-01
  8.5970874E-01  1.81338684641067402E+02  6.57873710384751931E+00  6.67257026676584175E+00  2.16971292777908609E-01
  8.6545132E-01  1.79856227618631436E+02  6.62095878933456383E+00  6.83877459428365864E+00  2.19174018496339940E-01
  8.7123225E-01  1.78389828031227665E+02  6.65697837308750806E+00  7.00846833411451886E+00  2.21391929045196278E-01
  8.7705179E-01  1.76934806351825046E+02  6.68679477398658850E+00  7.18168778502328387E+00  2.23625008453708113E-01
  8.8291019E-01  1.75486813324352539E+02  6.71042078752652138E+00  7.35846732080676791E+00  2.25873240167780487E-01
  8.8880772E-01  1.74041823200641772E+02  6.72788270900129426E+00  7.53883921485146580E+00  2.28136607192870600E-01
  8.9474464E-01  1.72596126470417659E+02  6.73921993108645268E+00  7.72283345612128702E+00  2.30415092245976172E-01
  9.0072121E-01  1.71146322124779601E+02  6.74448451777419855E+00  7.91047755633646066E+00  2.32708677917621010E-01
  9.0673769E-01  1.69689309492809116E+02  6.74374075661734373E+00  8.10179634811069249E+00  2.35017346843251262E-01
  9.1279436E-01  1.68222279691617757E+02  6.73706469126642471E+00  8.29681177381863577E+00  2.37341081884846677E-01
  9.1889148E-01  1.66742706729696124E+02  6.72454363628313700E+00  8.49554266497715815E+00  2.39679866323112362E-01
  9.2502931E-01  1.65248338302672039E+02  6.70627567619678633E+00  8.69800451193147417E+00  2.42033684059961368E-01
  9.3120814E-01  1.63737186320905352E+02  6.68236915077318105E+00  8.90420922365107081E+00  2.44402519832428583E-01
  9.3742824E-01  1.62207517206710293E+02  6.65294212842796906E+00  9.11416487745476545E+00  2.46786359437661029E-01
  9.4368987E-01  1.60657841998680851E+02  6.61812186969330440E+00  9.32787545849921429E+00  2.49185189969163112E-01
  9.4999333E-01  1.59086906300067142E+02  6.57804428261773921E+00  9.54534058888576276E+00  2.51599000065327205E-01
  9.5633889E-01  1.57493680106288394E+02  6.53285337192632198E+00  9.76655524626202798E+00  2.54027780169788941E-01
  9.6272682E-01  1.55877347546004557E+02  6.48270068372667740E+00  9.99150947181775351E+00  2.56471522803878915E-01
  9.6915742E-01  1.54237296569379509E+02  6.42774474749971425E+00  1.02201880676032282E+01  2.58930222852091940E-01
  9.7563096E-01  1.52573108615028275E+02  6.36815051704791735E+00  1.04525702831300293E+01  2.61403877860071077E-01
  9.8214774E-01  1.50884548286250151E+02  6.30408881201946691E+00  1.06886294912459761E+01  2.63892488345378595E-01
  9.8870804E-01  1.49171553066144156E+02  6.23573576156511411E+00  1.09283328533167676E+01  2.66396058122018276E-01
  9.9531216E-01  1.47434223098777409E+02  6.16327225161140291E+00  1.11716409737886124E+01  2.68914594637829352E-01
  1.0019604E+00  1.45672811062999784E+02  6.08688337717029260E+00  1.14185075442513391E+01  2.71448109325618248E-01
  1.0086530E+00  1.43887712163563378E+02  6.00675790103233620E+00  1.16688789771757921E+01  2.73996617968142564E-01
  1.0153903E+00  1.42079454262391920E+02  5.92308772011631568E+00  1.19226940295529822E+01  2.76560141076383048E-01
  1.0221726E+00  1.40248688172139083E+02  5.83606734067680399E+00  1.21798834167258683E+01  2.79138704282327565E-01
  1.0290003E+00  1.38396178131588158E+02  5.74589336349381608E+00  1.24403694167728052E+01  2.81732338745338984E-01
  1.0358735E+00  1.36522792481389388E+02  5.65276398009476733E+00  1.27040654658727199E+01  2.84341081572297594E-01
  1.0427926E+00  1.34629494557431173E+02  5.55687848098249049E+00  1.29708757451647347E+01  2.86964976252268356E-01
  1.0497579E+00  1.32717333816743263E+02  5.45843677676837924E+00  1.32406947597010944E+01  2.89604073104752058E-01
  1.0567698E+00  1.30787437209823963E+02  5.35763893303500183E+00  1.35134069101845871E+01  2.92258429741438952E-01
  1.0638284E+00  1.28841000812339644E+02  5.25468471967675477E+00  1.37888860582853248E+01  2.94928111542435867E-01
  1.0709343E+00  1.26879281723070591E+02  5.14977317539680168E+00  1.40669950864411657E+01  2.97613192145356587E-01
  1.0780875E+00  1.24903590251268298E+02  5.04310218796376653E+00  1.43475854531616704E+01  3.00313753947878570E-01
  1.0852886E+00  1.22915282379581100E+02  4.93486809076443933E+00  1.46304967449862744E+01  3.03029888623628008E-01
  1.0925377E+00  1.20915752520574131E+02  4.82526527611819844E+00  1.49155562263796231E+01  3.05761697649973962E-01
  1.0998353E+00  1.18906426584202109E+02  4.71448582574996866E+00  1.52025783889951498E+01  3.08509292848872130E-01
  1.1071816E+00  1.16888755338774573E+02  4.60271915876027826E+00  1.54913645018941022E+01  3.11272796939130736E-01
  1.1145769E+00  1.14864208081195585E+02  4.49015169736225950E+00  1.57817021644714721E+01  3.14052344099485792E-01
  1.1220217E+00  1.12834266615270124E+02  4.37696655059514939E+00  1.60733648640196769E+01  3.16848080542953991E-01
  1.1295162E+00  1.10800419538723617E+02  4.26334321617132339E+00  1.63661115400496975E+01  3.19660165100639493E-01
  1.1370607E+00  1.08764156838664235E+02  4.14945730055390882E+00  1.66596861576872648E+01  3.22488769814405107E-01
  1.1446556E+00  1.06726964794455299E+02  4.03548025730581372E+00  1.69538172926765434E+01  3.25334080538076442E-01
  1.1523012E+00  1.04690321185287672E+02  3.92157914370875904E+00  1.72482177307477436E+01  3.28196297545643501E-01
  1.1599979E+00  1.02655690800338178E+02  3.80791639559701656E+00  1.75425840843405005E+01  3.31075636145174101E-01
  1.1677460E+00  1.00624521246909836E+02  3.69464962030176780E+00  1.78365964299267041E+01  3.33972327297994975E-01
  1.1755459E+00  9.85982390515243878E+01  3.58193140756940576E+00  1.81299179694384698E+01  3.36886618240990310E-01
  1.1833978E+00  9.65782460500014395E+01  3.46990915826483359E+00  1.84221947195804887E+01  3.39818773110894146E-01
  1.1913022E+00  9.45659160600063160E+01  3.35872493063927724E+00  1.87130552330976698E+01  3.42769073569228200E-01
  1.1992594E+00  9.25625918295648518E+01  3.24851530390862253E+00  1.90021103563655629E+01  3.45737819425256943E-01
  1.2072697E+00  9.05695822548893119E+01  3.13941125884349281E+00  1.92889530279869916E+01  3.48725329256311334E-01
  1.2153335E+00  8.85881598599882807E+01  3.03153807505587114E+00  1.95731581234026208E+01  3.51731941022477623E-01
  1.2234512E+00  8.66195585303120197E+01  2.92501524463152585E+00  1.98542823508570514E+01  3.54758012673400791E-01
  1.2316231E+00  8.46649714925329988E+01  2.81995640172449225E+00  2.01318642044104053E+01  3.57803922745747460E-01
  1.2398495E+00  8.27255495318622707E+01  2.71646926771884889E+00  2.04054239800406165E+01  3.60870070947820198E-01
  1.2481309E+00  8.08023994382698589E+01  2.61465561153372850E+00  2.06744638612427671E+01  3.63956878728558753E-01
  1.2564676E+00  7.88965826729738922E+01  2.51461122462116560E+00  2.09384680809035828E+01  3.67064789828903115E-01
  1.2648600E+00  7.70091142459893376E+01  2.41642591020104902E+00  2.11969031666023895E+01  3.70194270811479653E-01
  1.2733084E+00  7.51409617956177271E+01  2.32018348625455229E+00  2.14492182768639665E+01  3.73345811565020613E-01
  1.2818133E+00  7.32930448608973535E+01  2.22596180177514702E+00  2.16948456362647804E+01  3.76519925781262033E-01
  1.2903750E+00  7.14662343374939013E+01  2.13383276578066550E+00  2.19332010776648261E+01  3.79717151398802244E-01
  1.2989938E+00  6.96613521079382281E+01  2.04386238856229063E+00  2.21636847001965869E+01  3.82938051010994318E-01
  1.3076702E+00  6.78791708369795401E+01  1.95611083464410784E+00  2.23856816519966912E+01  3.86183212233422224E-01
  1.3164046E+00  6.61204139227225909E+01  1.87063248692359041E+00  2.25985630469927159E+01  3.89453248025263155E-01
  1.3251972E+00  6.43857555946664633E+01  1.78747602144090179E+00  2.28016870253694677E+01  3.92748796961653823E-01
  1.3340487E+00  6.26758211494711901E+01  1.70668449223890573E+00  2.29943999676144983E+01  3.96070523450287260E-01
  1.3429592E+00  6.09911873155774487E+01  1.62829542576164554E+00  2.31760378722812739E+01  3.99419117886979813E-01
  1.3519292E+00  5.93323827380874675E+01  1.55234092423105197E+00  2.33459279078007995E+01  4.02795296745775633E-01
  1.3609592E+00  5.76998885753332331E+01  1.47884777745692531E+00  2.35033901488064032E+01  4.06199802596405257E-01
  1.3700494E+00  5.60941391973160606E+01  1.40783758252072277E+00  2.36477395074999066E+01  4.09633404042377025E-01
  1.3792004E+00  5.45155229833790003E+01  1.33932687077627044E+00  2.37782878705715390E+01  4.13096895575091771E-01
  1.3884124E+00  5.29643832021599508E+01  1.27332724162912547E+00  2.38943464520717370E+01  4.16591097334980232E-01
  1.3976860E+00  5.14410189709382877E+01  1.20984550253271994E+00  2.39952283724040356E+01  4.20116854773349591E-01
  1.4070216E+00  4.99456862913622359E+01  1.14888381466819145E+00  2.40802514732509110E+01  4.23675038207784238E-01
  1.4164195E+00  4.84785991457631411E+01  1.09043984377372372E+00  2.41487413777296602E+01  4.27266542261563298E-01
  1.4258801E+00  4.70399306522491543E+01  1.03450691558025376E+00  2.42000348043872577E+01  4.30892285181460721E-01
  1.4354039E+00  4.56298142704111456E+01  9.81074175347488198E-01  2.42334831427512150E+01  4.34553208023208237E-01
  1.4449914E+00  4.42483450512184007E+01  9.30126750980970751E-01  2.42484562970274524E+01  4.38250273695952375E-01
  1.4546428E+00  4.28955809249599582E+01  8.81645919220893637E-01  2.42443468031471170E+01  4.41984465858388353E-01
  1.4643588E+00  4.15715440211460887E+01  8.35609274418192660E-01  2.42205742226715763E+01  4.45756787655022357E-01
  1.4741396E+00  4.02762220146549410E+01  7.91990899413590133E-01  2.41765898150282652E+01  4.49568260283031873E-01
  1.4839857E+00  3.90095694927726058E+01  7.50761538045126242E-01  2.41118814871260767E+01  4.53419921381322089E-01
  1.4938976E+00  3.77715093378504605E+01  7.11888768832063645E-01  2.40259790165337996E+01  4.57312823229580778E-01
  1.5038757E+00  3.65619341206669830E+01  6.75337179390062881E-01  2.39184595410422816E+01  4.61248030746693627E-01
  1.5139205E+00  3.53807074999433127E+01  6.41068541142168491E-01  2.37889533035120166E+01  4.65226619279616838E-01
  1.5240323E+00  3.42276656235109726E+01  6.09041983914943574E-01  2.36371496363550122E+01  4.69249672169129495E-01
  1.5342116E+00  3.31026185270792794E+01  5.79214170012999796E-01  2.34628031647439386E+01  4.73318278082678900E-01
  1.5444590E+00  3.20053515267369875E+01  5.51539467384506765E-01  2.32657402015896437E+01  4.77433528102634175E-01
  1.5547748E+00  3.09356266015263586E+01  5.25970121507302713E-01  2.30458653003912772E+01  4.81596512557186551E-01
  1.5651594E+00  2.98931837628212023E+01  5.02456425632266557E-01  2.28031679241302712E+01  4.85808317584382754E-01
  1.5756135E+00  2.88777424073286326E+01  4.80946889044767789E-01  2.25377291793374397E+01  4.90070021415366042E-01
  1.5861373E+00  2.78890026508554172E+01  4.61388403015302428E-01  2.22497285541824255E+01  4.94382690365591904E-01
  1.5967314E+00  2.69266466402739901E+01  4.43726404123240548E-01  2.19394505877724697E+01  4.98747374523703824E-01
  1.6073963E+00  2.59903398412256514E+01  4.27905034658911776E-01  2.16072913846440713E+01  5.03165103124557977E-01
  1.6181324E+00  2.50797322993997511E+01  4.13867299820132539E-01  2.12537648735206375E+01  5.07636879595255164E-01
  1.6289403E+00  2.41944598735082010E+01  4.01555221433300080E-01  2.08795086925877911E+01  5.12163676264820511E-01
  1.6398203E+00  2.33341454381411566E+01  3.90909987949559223E-01  2.04852895646060915E+01  5.16746428724029316E-01
  1.6507729E+00  2.24984000550230263E+01  3.81872100476717102E-01  2.00720080038949931E+01  5.21386029826831243E-01
  1.6617987E+00  2.16868241113456257E+01  3.74381514625784728E-01  1.96407021733361802E+01  5.26083323323252916E-01
  1.6728982E+00  2.08990084240087270E+01  3.68377777967425490E-01  1.91925506827613646E+01  5.30839097112804303E-01
  1.6840718E+00  2.01345353088670862E+01  3.63800162907060187E-01  1.87288740901175004E+01  5.35654076112773270E-01
  1.6953200E+00  1.93929796141665634E+01  3.60587794807375239E-01  1.82511348332698020E+01  5.40528914731779442E-01
  1.7066433E+00  1.86739097175536486E+01  3.58679775202390139E-01  1.77609352828727509E+01  5.45464188941403139E-01
  1.7180422E+00  1.79768884862375238E+01  3.58015299964640876E-01  1.72600135649494746E+01  5.50460387942919960E-01
  1.7295173E+00  1.73014741999580615E+01  3.58533772307069343E-01  1.67502367552552585E+01  5.55517905423441594E-01
  1.7410690E+00  1.66472214365699500E+01  3.60174910519327818E-01  1.62335909956369733E+01  5.60637030397472147E-01
  1.7526979E+00  1.60136819202330258E+01  3.62878850357937877E-01  1.57121680248922644E+01  5.65817937636648338E-01
  1.7644044E+00  1.54004053322269723E+01  3.66586242030852383E-01  1.51881475524749021E+01  5.71060677685782725E-01
  1.7761892E+00  1.48069400845516199E+01  3.71238341737512523E-01  1.46637748321318497E+01  5.76365166467776913E-01
  1.7880526E+00  1.42328340566112086E+01  3.76777097747301837E-01  1.41413327134358724E+01  5.81731174486662339E-01
  1.7999952E+00  1.36776352952700471E+01  3.83145231020874721E-01  1.36231073614412423E+01  5.87158315632043903E-01
  1.8120176E+00  1.31408926787247342E+01  3.90286310400983993E-01  1.31113467374064498E+01  5.92646035598920151E-01
  1.8241203E+00  1.26221565446780151E+01  3.98144822421398759E-01  1.26082108257899108E+01  5.98193599936341025E-01
  1.8363039E+00  1.21209792833231926E+01  4.06666235803174070E-01  1.21157124734300510E+01  6.03800081739933936E-01
  1.8485688E+00  1.16369158957697589E+01  4.15797060730157098E-01  1.16356475748485195E+01  6.09464349013280282E-01
  1.8609156E+00  1.11695245185172745E+01  4.25484903013725435E-01  1.11695131916754349E+01  6.15185051719742360E-01
  1.8733449E+00  1.07183669146487528E+01  4.35678513275677137E-01  1.07184120329123402E+01  6.20960608554229410E-01
  1.8858572E+00  1.02830089324757736E+01  4.46327831297653299E-01  1.02829415445983159E+01  6.26789193471692929E-01
  1.8984530E+00  9.86302093234953681E+00  4.57384025698030827E-01  9.86306566075563751E+00  6.32668722008467022E-01
  1.9111330E+00  9.45797818239645238E+00  4.68799529111035396E-01  9.45797818239645238E+00  6.38596837440365550E-01
  1.9238977E+00  9.06746122399099441E+00  4.80528069057729268E-01  9.06746122399099441E+00  6.44570896831305085E-01
  1.9367476E+00  8.69105620774164578E+00  4.92524694701531374E-01  8.69105620774164578E+00  6.50587957023963215E-01
  1.9496833E+00  8.32835520083395231E+00  5.04745799692066011E-01  8.32835520083395231E+00  6.56644760638492642E-01
  1.9627055E+00  7.97895646657440594E+00  5.17149141303628324E-01  7.97895646657440594E+00  6.62737722148009745E-01
  1.9758145E+00  7.64246471698238850E+00  5.29693856073668701E-01  7.64246471698238850E+00  6.68862914105505690E-01
  1.9890112E+00  7.31849133933208140E+00  5.42340472151281006E-01  7.31849133933208140E+00  6.75016053611637079E-01
  2.0022960E+00  7.00665459751794817E+00  5.55050918556296957E-01  7.00665459751794817E+00  6.81192489111864807E-01
  2.0156695E+00  6.70657980915624918E+00  5.67788531547528619E-01  6.70657980915624918E+00  6.87387187624313722E-01
  2.0291323E+00  6.41789949935800230E+00  5.80518058293687078E-01  6.41789949935800230E+00  6.93594722512373085E-01
  2.0426851E+00  6.14025353209423841E+00  5.93205658027315952E-01  6.14025353209423841E+00  6.99809261917751169E-01
  2.0563283E+00  5.87328922010282906E+00  6.05818900854582898E-01  5.87328922010282906E+00  7.06024557982064760E-01
  2.0700627E+00  5.61666141430362842E+00  6.18326764385727312E-01  5.61666141430362842E+00  7.12233937000990913E-01
  2.0838888E+00  5.37003257367483933E+00  6.30699628334782325E-01  5.37003257367483933E+00  7.18430290655145853E-01
  2.0978072E+00  5.13307281656080683E+00  6.42909267227494752E-01  5.13307281656080683E+00  7.24606068477362864E-01
  2.1118186E+00  4.90545995439341009E+00  6.54928841348398683E-01  4.90545995439341009E+00  7.30753271731081622E-01
  2.1259236E+00  4.68687950878604465E+00  6.66732886039142270E-01  4.68687950878604465E+00  7.36863448874794269E-01
  2.1401227E+00  4.47702471297595128E+00  6.78297299456315450E-01  4.47702471297595128E+00  7.42927692808245554E-01
  2.1544168E+00  4.27559649857767976E+00  6.89599328883301776E-01  4.27559649857767976E+00  7.48936640102233486E-01
  2.1688062E+00  4.08230346859254389E+00  7.00617555679267756E-01  4.08230346859254389E+00  7.54880472422222115E-01
  2.1832918E+00  3.89686185762490123E+00  7.11331878946934948E-01  3.89686185762490123E+00  7.60748920375371451E-01
  2.1978741E+00  3.71899548022016502E+00  7.21723497984780860E-01  3.71899548022016502E+00  7.66531270010268773E-01
  2.2125538E+00  3.54843566822743428E+00  7.31774893586238928E-01  3.54843566822743428E+00  7.72216372212722435E-01
  2.2273316E+00  3.38492119807861913E+00  7.41469808247649298E-01  3.38492119807861913E+00  7.77792655256430043E-01
  2.2422080E+00  3.22819820883257380E+00  7.50793225334053571E-01  3.22819820883257380E+00  7.83248140764340794E-01
  2.2571838E+00  3.07802011181419699E+00  7.59731347252035838E-01  3.07802011181419699E+00  7.88570463350145134E-01
  2.2722596E+00  2.93414749265771801E+00  7.68271572681060833E-01  2.93414749265771801E+00  7.93746894221391663E-01
  2.2874361E+00  2.79634800651639503E+00  7.76402472904116792E-01  2.79634800651639503E+00  7.98764369019365650E-01
  2.3027140E+00  2.66439626717660438E+00  7.84113767282081375E-01  2.66439626717660438E+00  8.03609520180999737E-01
  2.3180939E+00  2.53807373078615006E+00  7.91396297919721992E-01  2.53807373078615006E+00  8.08268714115658593E-01
  2.3335765E+00  2.41716857485937542E+00  7.98242003561794977E-01  2.41716857485937542E+00  8.12728093477074642E-01
  2.3491625E+00  2.30147557319661367E+00  8.04643892766724989E-01  2.30147557319661367E+00  8.16973624820424460E-01
  2.3648526E+00  2.19079596731806481E+00  8.10596016403007491E-01  2.19079596731806481E+00  8.20991151925455354E-01
  2.3806475E+00  2.08493733497208478E+00  8.16093439510863661E-01  2.08493733497208478E+00  8.24766455056256675E-01
  2.3965479E+00  1.98371345625248630E+00  8.21132212581694665E-01  1.98371345625248630E+00  8.28285316430001139E-01
  2.4125544E+00  1.88694417781542190E+00  8.25709342299307147E-01  1.88694417781542190E+00  8.31533592140198508E-01
  2.4286679E+00  1.79445527565665808E+00  8.29822761792110897E-01  1.79445527565665808E+00  8.34497290771684552E-01
  2.4448890E+00  1.70607831688150546E+00  8.33471300450823849E-01  1.70607831688150546E+00  8.37162658930198034E-01
  2.4612184E+00  1.62165052085985995E+00  8.36654653358858469E-01  1.62165052085985995E+00  8.39516273874719943E-01
  2.4776569E+00  1.54101462013173007E+00  8.39373350387628725E-01  1.54101462013173007E+00  8.41545143421797204E-01
  2.4942052E+00  1.46401872140355827E+00  8.41628725013403245E-01  1.46401872140355827E+00  8.43236813267090213E-01
  2.5108640E+00  1.39051616693840741E+00  8.43422882903675397E-01  1.39051616693840741E+00  8.44579481821686961E-01
  2.5276340E+00  1.32036539662322916E+00  8.44758670329583738E-01  1.32036539662322916E+00  8.45562122640107439E-01
  2.5445161E+00  1.25342981096878447E+00  8.45639642457224450E-01  1.25342981096878447E+00  8.46174614471682629E-01
  2.5615109E+00  1.18957763527081961E+00  8.46070031568026626E-01  1.18957763527081961E+00  8.46407878923523760E-01
  2.5786192E+00  1.12868178514366435E+00  8.46054715265444179E-01  1.12868178514366435E+00  8.46254025696036027E-01
  2.5958418E+00  1.07061973361015750E+00  8.45599184715871477E-01  1.07061973361015750E+00  8.45706505297293409E-01
  2.6131793E+00  1.01527337991417665E+00  8.44709512974997967E-01  1.01527337991417665E+00  8.44760269111405782E-01
  2.6306327E+00  9.62528920204511529E-01  8.43392323452792469E-01  9.62528920204511529E-01  8.43411936669587581E-01
  2.6482027E+00  9.12276720217406911E-01  8.41654758562419891E-01  9.12276720217406911E-01  8.41659969934786756E-01
  2.6658900E+00  8.64411190070551227E-01  8.39504448600559172E-01  8.64411190070551227E-01  8.39504854401490475E-01
  2.6836954E+00  8.18830661267226034E-01  8.36949480908635413E-01  8.18830661267226034E-01  8.36949286819195337E-01
  2.7016197E+00  7.75437265991764990E-01  8.33998369355477553E-01  7.75437265991764990E-01  8.33998369355447577E-01
  2.7196637E+00  7.34136818765883992E-01  8.30660024184312284E-01  7.34136818765883992E-01  8.30660024184316059E-01
  2.7378283E+00  6.94838700524676667E-01  8.26943722268844050E-01  6.94838700524676667E-01  8.26943722268844050E-01
  2.7561142E+00  6.57455745156343307E-01  8.22859077812226003E-01  6.57455745156343307E-01  8.22859077812226003E-01
  2.7745222E+00  6.21904128542141166E-01  8.18416013529478903E-01  6.21904128542141166E-01  8.18416013529478903E-01
  2.7930531E+00  5.88103260122555538E-01  8.13624732348209867E-01  5.88103260122555538E-01  8.13624732348209867E-01
  2.8117078E+00  5.55975677005878910E-01  8.08495689657887651E-01  5.55975677005878910E-01  8.08495689657887651E-01
  2.8304871E+00  5.25446940629973325E-01  8.03039566143856964E-01  5.25446940629973325E-01  8.03039566143856964E-01
  2.8493918E+00  4.96445535977945329E-01  7.97267241230871004E-01  4.96445535977945329E-01  7.97267241230871004E-01
  2.8684227E+00  4.68902773343115364E-01  7.91189767163701596E-01  4.68902773343115364E-01  7.91189767163701596E-01
  2.8875808E+00  4.42752692633727241E-01  7.84818343753110104E-01  4.42752692633727241E-01  7.84818343753110104E-01
  2.9068668E+00  4.17931970200518810E-01  7.78164293806623109E-01  4.17931970200518810E-01  7.78164293806623109E-01
  2.9262816E+00  3.94379828166593227E-01  7.71239039265352533E-01  3.94379828166593227E-01  7.71239039265352533E-01
  2.9458261E+00  3.72037946233474970E-01  7.64054078068658105E-01  3.72037946233474970E-01  7.64054078068658105E-01
  2.9655011E+00  3.50850375943110970E-01  7.56620961760629540E-01  3.50850375943110970E-01  7.56620961760629540E-01
  2.9853075E+00  3.30763457339404654E-01  7.48951273853263988E-01  3.30763457339404654E-01  7.48951273853263988E-01
  3.0052462E+00  3.11725738027860522E-01  7.41056608964241192E-01  3.11725738027860522E-01  7.41056608964241192E-01
  3.0253180E+00  2.93687894587491227E-01  7.32948552716764734E-01  2.93687894587491227E-01  7.32948552716764734E-01
  3.0455239E+00  2.76602656245712841E-01  7.24638662390511112E-01  2.76602656245712841E-01  7.24638662390511112E-01
  3.0658648E+00  2.60424730858656084E-01  7.16138449705268076E-01  2.60424730858656084E-01  7.16138449705268076E-01
  3.0863415E+00  2.45110733098175770E-01  7.07459359753867312E-01  2.45110733098175770E-01  7.07459359753867312E-01
  3.1069550E+00  2.30619114793915392E-01  6.98612756381834732E-01  2.30619114793915392E-01  6.98612756381834732E-01
  3.1277061E+00  2.16910097442503891E-01  6.89609908107151837E-01  2.16910097442503891E-01  6.89609908107151837E-01
  3.1485958E+00  2.03945606771318122E-01  6.80461969565995251E-01  2.03945606771318122E-01  6.80461969565995251E-01
  3.1696251E+00  1.91689209340101724E-01  6.71179968420335227E-01  1.91689209340101724E-01  6.71179968420335227E-01
  3.1907947E+00  1.80106051145665302E-01  6.61774791542946383E-01  1.80106051145665302E-01  6.61774791542946383E-01
  3.2121058E+00  1.69162798160308464E-01  6.52257172223107640E-01  1.69162798160308464E-01  6.52257172223107640E-01
  3.2335592E+00  1.58827578767834737E-01  6.42637678138030743E-01  1.58827578767834737E-01  6.42637678138030743E-01
  3.2551559E+00  1.49069928046879796E-01  6.32926700076018922E-01  1.49069928046879796E-01  6.32926700076018922E-01
  3.2768968E+00  1.39860733855440900E-01  6.23134441489114010E-01  1.39860733855440900E-01  6.23134441489114010E-01
  3.2987829E+00  1.31172184670054703E-01  6.13270908797310721E-01  1.31172184670054703E-01  6.13270908797310721E-01
  3.3208152E+00  1.22977719133235672E-01  6.03345902461228545E-01  1.22977719133235672E-01  6.03345902461228545E-01
  3.3429946E+00  1.15251977263996469E-01  5.93369008806151843E-01  1.15251977263996469E-01  5.93369008806151843E-01
  3.3653222E+00  1.07970753286300722E-01  5.83349592583512155E-01  1.07970753286300722E-01  5.83349592583512155E-01
  3.3877988E+00  1.01110950031217423E-01  5.73296790255918620E-01  1.01110950031217423E-01  5.73296790255918620E-01
  3.4104256E+00  9.46505348694591242E-02  5.63219503992230308E-01  9.46505348694591242E-02  5.63219503992230308E-01
  3.4332035E+00  8.85684971314239095E-02  5.53126396354800098E-01  8.85684971314239095E-02  5.53126396354800098E-01
  3.4561335E+00  8.28448069728345976E-02  5.43025885661443830E-01  8.28448069728345976E-02  5.43025885661443830E-01
  3.4792167E+00  7.74603756451111708E-02  5.32926142006450165E-01  7.74603756451111708E-02  5.32926142006450165E-01
  3.5024540E+00  7.23970171301392823E-02  5.22835083919577559E-01  7.23970171301392823E-02  5.22835083919577559E-01
  3.5258466E+00  6.76374111001499106E-02  5.12760375643363076E-01  6.76374111001499106E-02  5.12760375643363076E-01
  3.5493953E+00  6.31650671644856526E-02  5.02709425010361199E-01  6.31650671644856526E-02  5.02709425010361199E-01
  3.5731014E+00  5.89642903655997960E-02  4.92689381896584511E-01  5.89642903655997960E-02  4.92689381896584511E-01
  3.5969657E+00  5.50201478878058065E-02  4.82707137230853678E-01  5.50201478878058065E-02  4.82707137230853678E-01
  3.6209895E+00  5.13184369431238588E-02  4.72769322537438419E-01  5.13184369431238588E-02  4.72769322537438419E-01
  3.6451736E+00  4.78456537993681985E-02  4.62882309987515561E-01  4.78456537993681985E-02  4.62882309987515561E-01
  3.6695193E+00  4.45889639167127080E-02  4.53052212938186205E-01  4.45889639167127080E-02  4.53052212938186205E-01
  3.6940276E+00  4.15361731596472286E-02  4.43284886933062838E-01  4.15361731596472286E-02  4.43284886933062838E-01
  3.7186996E+00  3.86757000521841948E-02  4.33585931140048619E-01  3.86757000521841948E-02  4.33585931140048619E-01
  3.7435364E+00  3.59965490450868120E-02  4.23960690202844881E-01  3.59965490450868120E-02  4.23960690202844881E-01
  3.7685390E+00  3.34882847645957618E-02  4.14414256479631260E-01  3.34882847645957618E-02  4.14414256479631260E-01
  3.7937086E+00  3.11410072129911716E-02  4.04951472643558352E-01  3.11410072129911716E-02  4.04951472643558352E-01
  3.8190463E+00  2.89453278921977253E-02  3.95576934620909038E-01  2.89453278921977253E-02  3.95576934620909038E-01
  3.8445533E+00  2.68923468222555008E-02  3.86294994839571193E-01  2.68923468222555008E-02  3.86294994839571193E-01
  3.8702305E+00  2.49736304273593390E-02  3.77109765763452010E-01  2.49736304273593390E-02  3.77109765763452010E-01
  3.8960793E+00  2.31811902628554257E-02  3.68025123687263367E-01  2.31811902628554257E-02  3.68025123687263367E-01
  3.9221007E+00  2.15074625571973314E-02  3.59044712765436480E-01  2.15074625571973314E-02  3.59044712765436480E-01
  3.9482959E+00  1.99452885438687021E-02  3.50171949252075398E-01  1.99452885438687021E-02  3.50171949252075398E-01
  3.9746661E+00  1.84878955582341922E-02  3.41410025925998784E-01  1.84878955582341922E-02  3.41410025925998784E-01
  4.0012123E+00  1.71288788759671046E-02  3.32761916677232428E-01  1.71288788759671046E-02  3.32761916677232428E-01
  4.0279359E+00  1.58621842696333691E-02  3.24230381232827936E-01  1.58621842696333691E-02  3.24230381232827936E-01
  4.0548379E+00  1.46820912598866083E-02  3.15817969989867053E-01  1.46820912598866083E-02  3.15817969989867053E-01
  4.0819196E+00  1.35831970405398666E-02  3.07527029041071986E-01  1.35831970405398666E-02  3.07527029041071986E-01
  4.1091822E+00  1.25604010550488861E-02  2.99359704962916029E-01  1.25604010550488861E-02  2.99359704962916029E-01
  4.1366269E+00  1.16088902032743611E-02  2.91317950023259831E-01  1.16088902032743611E-02  2.91317950023259831E-01
  4.1642548E+00  1.07241246589218249E-02  2.83403527416201451E-01  1.07241246589218249E-02  2.83403527416201451E-01
  4.1920673E+00  9.90182427666437201E-03  2.75618016165037893E-01  9.90182427666437201E-03  2.75618016165037893E-01
  4.2200655E+00  9.13795556990028117E-03  2.67962816335956089E-01  9.13795556990028117E-03  2.67962816335956089E-01
  4.2482507E+00  8.42871924034341996E-03  2.60439154145222673E-01  8.42871924034341996E-03  2.60439154145222673E-01
  4.2766241E+00  7.77053824056928889E-03  2.53048087052494208E-01  7.77053824056928889E-03  2.53048087052494208E-01
  4.3051870E+00  7.16004635156741644E-03  2.45790508820531273E-01  7.16004635156741644E-03  2.45790508820531273E-01
  4.3339407E+00  6.59407725764382495E-03  2.38667154533346110E-01  6.59407725764382495E-03  2.38667154533346110E-01
  4.3628864E+00  6.06965410144622193E-03  2.31678605564193507E-01  6.06965410144622193E-03  2.31678605564193507E-01
  4.3920255E+00  5.58397950232219966E-03  2.24825294487353999E-01  5.58397950232219966E-03  2.24825294487353999E-01
  4.4213592E+00  5.13442602163725545E-03  2.18107509929773041E-01  5.13442602163725545E-03  2.18107509929773041E-01
  4.4508887E+00  4.71852705907148135E-03  2.11525401358744480E-01  4.71852705907148135E-03  2.11525401358744480E-01
  4.4806155E+00  4.33396816431866685E-03  2.05078983803864995E-01  4.33396816431866685E-03  2.05078983803864995E-01
  4.5105408E+00  3.97857874901186726E-03  1.98768142513339185E-01  3.97857874901186726E-03  1.98768142513339185E-01
  4.5406660E+00  3.65032418406969648E-03  1.92592637544483136E-01  3.65032418406969648E-03  1.92592637544483136E-01
  4.5709924E+00  3.34729826805108769E-03  1.86552108290485047E-01  3.34729826805108769E-03  1.86552108290485047E-01
  4.6015213E+00  3.06771605247953142E-03  1.80646077945771449E-01  3.06771605247953142E-03  1.80646077945771449E-01
  4.6322541E+00  2.80990701046535856E-03  1.74873957912762279E-01  2.80990701046535856E-03  1.74873957912762279E-01
  4.6631922E+00  2.57230853533269585E-03  1.69235052154320026E-01  2.57230853533269585E-03  1.69235052154320026E-01
  4.6943368E+00  2.35345975631148048E-03  1.63728561495308900E-01  2.35345975631148048E-03  1.63728561495308900E-01
  4.7256895E+00  2.15199565872075836E-03  1.58353587877511109E-01  2.15199565872075836E-03  1.58353587877511109E-01
  4.7572516E+00  1.96664149642962601E-03  1.53109138572577769E-01  1.96664149642962601E-03  1.53109138572577769E-01
  4.7890245E+00  1.79620748472829805E-03  1.47994130356651654E-01  1.79620748472829805E-03  1.47994130356651654E-01
  4.8210095E+00  1.63958376209459491E-03  1.43007393650514320E-01  1.63958376209459491E-03  1.43007393650514320E-01
  4.8532082E+00  1.49573560969128508E-03  1.38147676629136906E-01  1.49573560969128508E-03  1.38147676629136906E-01
  4.8856220E+00  1.36369891776050062E-03  1.33413649303206788E-01  1.36369891776050062E-03  1.33413649303206788E-01
  4.9182522E+00  1.24257588842922244E-03  1.28803907574941229E-01  1.24257588842922244E-03  1.28803907574941229E-01
  4.9511003E+00  1.13153096476637416E-03  1.24316977270374468E-01  1.13153096476637416E-03  1.24316977270374468E-01
  4.9841678E+00  1.02978697625549310E-03  1.19951318148522168E-01  1.02978697625549310E-03  1.19951318148522168E-01
  5.0174562E+00  9.36621491181718674E-04  1.15705327887972054E-01  9.36621491181718674E-04  1.15705327887972054E-01
  5.0509669E+00  8.51363366733721787E-04  1.11577346050363901E-01  8.51363366733721787E-04  1.11577346050363901E-01
  5.0847014E+00  7.73389487941391045E-04  1.07565658019101146E-01  7.73389487941391045E-04  1.07565658019101146E-01
  5.1186612E+00  7.02121686874509088E-04  1.03668498911678564E-01  7.02121686874509088E-04  1.03668498911678564E-01
  5.1528478E+00  6.37023833819707198E-04  9.98840574624364763E-02  6.37023833819707198E-04  9.98840574624364763E-02
  5.1872627E+00  5.77599092453429824E-04  9.62104798723447951E-02  5.77599092453429824E-04  9.62104798723447951E-02
  5.2219074E+00  5.23387331311206600E-04  9.26458736219193113E-02  5.23387331311206600E-04  9.26458736219193113E-02
  5.2567836E+00  4.73962684132403641E-04  8.91883112424039226E-02  4.73962684132403641E-04  8.91883112424039226E-02
  5.2918926E+00  4.28931251933804510E-04  8.58358340401549624E-02  4.28931251933804510E-04  8.58358340401549624E-02
  5.3272362E+00  3.87928939931603907E-04  8.25864557689839490E-02  3.87928939931603907E-04  8.25864557689839490E-02
  5.3628158E+00  3.50619422689984507E-04  7.94381662444650916E-02  3.50619422689984507E-04  7.94381662444650916E-02
  5.3986330E+00  3.16692231128111641E-04  7.63889348942714264E-02  3.16692231128111641E-04  7.63889348942714264E-02
  5.4346894E+00  2.85860955263914714E-04  7.34367142387328392E-02  2.85860955263914714E-04  7.34367142387328392E-02
  5.4709867E+00  2.57861556811795419E-04  7.05794432952432382E-02  2.57861556811795419E-04  7.05794432952432382E-02
  5.5075263E+00  2.32450785985592080E-04  6.78150509006838903E-02  2.32450785985592080E-04  6.78150509006838903E-02
  5.5443100E+00  2.09404697084557832E-04  6.51414589460068139E-02  2.09404697084557832E-04  6.51414589460068139E-02
  5.5813394E+00  1.88517257660611269E-04  6.25565855171894281E-02  1.88517257660611269E-04  6.25565855171894281E-02
  5.6186160E+00  1.69599046279987533E-04  6.00583479374179330E-02  1.69599046279987533E-04  6.00583479374179330E-02
  5.6561416E+00  1.52476034100100776E-04  5.76446657053207995E-02  1.52476034100100776E-04  5.76446657053207995E-02
  5.6939179E+00  1.36988445685232694E-04  5.53134633246383858E-02  1.36988445685232694E-04  5.53134633246383858E-02
  5.7319464E+00  1.22989694681141873E-04  5.30626730212796216E-02  1.22989694681141873E-04  5.30626730212796216E-02
  5.7702289E+00  1.10345390159175734E-04  5.08902373439112932E-02  1.10345390159175734E-04  5.08902373439112932E-02
  5.8087671E+00  9.89324096257807717E-05  4.87941116448701098E-02  9.89324096257807717E-05  4.87941116448701098E-02
  5.8475627E+00  8.86380348729750596E-05  4.67722664388543971E-02  8.86380348729750596E-05  4.67722664388543971E-02
  5.8866174E+00  7.93591470191426659E-05  4.48226896370239186E-02  7.93591470191426659E-05  4.48226896370239186E-02
  5.9259329E+00  7.10014772585627278E-05  4.29433886549950641E-02  7.10014772585627278E-05  4.29433886549950641E-02
  5.9655109E+00  6.34789100014288433E-05  4.11323923936305069E-02  6.34789100014288433E-05  4.11323923936305069E-02
  6.0053533E+00  5.67128352443164682E-05  3.93877530919247779E-02  5.67128352443164682E-05  3.93877530919247779E-02
  6.0454618E+00  5.06315471643787170E-05  3.77075480520869255E-02  5.06315471643787170E-05  3.77075480520869255E-02
  6.0858382E+00  4.51696860784039757E-05  3.60898812371113625E-02  4.51696860784039757E-05  3.60898812371113625E-02
  6.1264842E+00  4.02677210510633726E-05  3.45328847417407034E-02  4.02677210510633726E-05  3.45328847417407034E-02
  6.1674017E+00  3.58714705748277847E-05  3.30347201382598585E-02  3.58714705748277847E-05  3.30347201382598585E-02
  6.2085925E+00  3.19316588772029967E-05  3.15935796987865461E-02  3.19316588772029967E-05  3.15935796987865461E-02
  6.2500583E+00  2.84035055394561483E-05  3.02076874962264735E-02  2.84035055394561483E-05  3.02076874962264735E-02
  6.2918011E+00  2.52463462347287624E-05  2.88753003864787930E-02  2.52463462347287624E-05  2.88753003864787930E-02
  6.3338227E+00  2.24232825123843956E-05  2.75947088746788458E-02  2.24232825123843956E-05  2.75947088746788458E-02
  6.3761249E+00  1.99008586698943696E-05  2.63642378686204243E-02  1.99008586698943696E-05  2.63642378686204243E-02
  6.4187097E+00  1.76487638634306936E-05  2.51822473228464350E-02  1.76487638634306936E-05  2.51822473228464350E-02
  6.4615788E+00  1.56395577136541292E-05  2.40471327769886285E-02  1.56395577136541292E-05  2.40471327769886285E-02
  6.5047343E+00  1.38484177642054926E-05  2.29573257922554043E-02  1.38484177642054926E-05  2.29573257922554043E-02
  6.5481780E+00  1.22529072470264136E-05  2.19112942901160193E-02  1.22529072470264136E-05  2.19112942901160193E-02
  6.5919118E+00  1.08327617010217676E-05  2.09075427973230525E-02  1.08327617010217676E-05  2.09075427973230525E-02
  6.6359377E+00  9.56969307883876731E-06  1.99446126016533457E-02  9.56969307883876731E-06  1.99446126016533457E-02
  6.6802577E+00  8.44721006067060854E-06  1.90210818227171258E-02  8.44721006067060854E-06  1.90210818227171258E-02
  6.7248736E+00  7.45045337419248201E-06  1.81355654023153019E-02  7.45045337419248201E-06  1.81355654023153019E-02
  6.7697875E+00  6.56604499605691772E-06  1.72867150189184096E-02  6.56604499605691772E-06  1.72867150189184096E-02
  6.8150014E+00  5.78195018288322221E-06  1.64732189307643453E-02  5.78195018288322221E-06  1.64732189307643453E-02
  6.8605173E+00  5.08735134854201374E-06  1.56938017521474626E-02  5.08735134854201374E-06  1.56938017521474626E-02
  6.9063371E+00  4.47253286982953798E-06  1.49472241674725639E-02  4.47253286982953798E-06  1.49472241674725639E-02
  6.9524629E+00  3.92877596444415531E-06  1.42322825875541448E-02  3.92877596444415531E-06  1.42322825875541448E-02
  6.9988968E+00  3.44826284366901042E-06  1.35478087526345568E-02  3.44826284366901042E-06  1.35478087526345568E-02
  7.0456409E+00  3.02398939742228504E-06  1.28926692865586195E-02  3.02398939742228504E-06  1.28926692865586195E-02
  7.0926971E+00  2.64968572146269089E-06  1.22657652063955739E-02  2.64968572146269089E-06  1.22657652063955739E-02
  7.1400675E+00  2.31974384568107772E-06  1.16660313917776749E-02  2.31974384568107772E-06  1.16660313917776749E-02
  7.1877544E+00  2.02915206865640751E-06  1.10924360180973611E-02  2.02915206865640751E-06  1.10924360180973611E-02
  7.2357597E+00  1.77343534713400107E-06  1.05439799575715934E-02  1.77343534713400107E-06  1.05439799575715934E-02
  7.2840857E+00  1.54860122991933843E-06  1.00196961521154607E-02  1.54860122991933843E-06  1.00196961521154607E-02
  7.3327343E+00  1.35109086396710883E-06  9.51864896177513804E-03  1.35109086396710883E-06  9.51864896177513804E-03
  7.3817079E+00  1.17773463631874700E-06  9.03993349235836414E-03  1.17773463631874700E-06  9.03993349235836414E-03
  7.4310086E+00  1.02571204910219766E-06  8.58267490576827656E-03  1.02571204910219766E-06  8.58267490576827656E-03
  7.4806386E+00  8.92515456166633174E-07  8.14602771635246532E-03  8.92515456166633174E-07  8.14602771635246532E-03
  7.5306000E+00  7.75917319197412984E-07  7.72917507643636897E-03  7.75917319197412984E-07  7.72917507643636897E-03
  7.5808950E+00  6.73940668446174869E-07  7.33132805405968622E-03  6.73940668446174869E-07  7.33132805405968622E-03
  7.6315260E+00  5.84832478617862538E-07  6.95172490572160476E-03  5.84832478617862538E-07  6.95172490572160476E-03
  7.6824951E+00  5.07039694090190554E-07  6.58963034680002530E-03  5.07039694090190554E-07  6.58963034680002530E-03
  7.7338047E+00  4.39187659593150950E-07  6.24433482211480574E-03  4.39187659593150950E-07  6.24433482211480574E-03
  7.7854569E+00  3.80060732844575584E-07  5.91515377891530577E-03  3.80060732844575584E-07  5.91515377891530577E-03
  7.8374540E+00  3.28584874516517085E-07  5.60142694441912586E-03  3.28584874516517085E-07  5.60142694441912586E-03
  7.8897985E+00  2.83812028380674443E-07  5.30251760981249355E-03  2.83812028380674443E-07  5.30251760981249355E-03
  7.9424925E+00  2.44906120639393509E-07  5.01781192245824136E-03  2.44906120639393509E-07  5.01781192245824136E-03
  7.9955385E+00  2.11130522371530567E-07  4.74671818788972334E-03  2.11130522371530567E-07  4.74671818788972334E-03
  8.0489387E+00  1.81836832787840817E-07  4.48866618296903715E-03  1.81836832787840817E-07  4.48866618296903715E-03
  8.1026956E+00  1.56454853675520240E-07  4.24310648142817680E-03  1.56454853675520240E-07  4.24310648142817680E-03
  8.1568115E+00  1.34483637086544276E-07  4.00950979285635313E-03  1.34483637086544276E-07  4.00950979285635313E-03
  8.2112888E+00  1.15483499057292434E-07  3.78736631601497365E-03  1.15483499057292434E-07  3.78736631601497365E-03
  8.2661299E+00  9.90689020036602283E-08  3.57618510721758372E-03  9.90689020036602283E-08  3.57618510721758372E-03
  8.3213374E+00  8.49021174771558565E-08  3.37549346437831469E-03  8.49021174771558565E-08  3.37549346437831469E-03
  8.3769135E+00  7.26875892510526115E-08  3.18483632716880672E-03  7.26875892510526115E-08  3.18483632716880672E-03
  8.4328608E+00  6.21669242875936845E-08  3.00377569361626618E-03  6.21669242875936845E-08  3.00377569361626618E-03
  8.4891817E+00  5.31144460683203788E-08  2.83189005334748322E-03  5.31144460683203788E-08  2.83189005334748322E-03
  8.5458788E+00  4.53332510989550049E-08  2.66877383756575909E-03  4.53332510989550049E-08  2.66877383756575909E-03
  8.6029546E+00  3.86517151739387048E-08  2.51403688576352100E-03  3.86517151739387048E-08  2.51403688576352100E-03
  8.6604115E+00  3.29204012461653819E-08  2.36730392906503917E-03  3.29204012461653819E-08  2.36730392906503917E-03
  8.7182522E+00  2.80093255354719323E-08  2.22821409002083590E-03  2.80093255354719323E-08  2.22821409002083590E-03
  8.7764792E+00  2.38055428623625705E-08  2.09642039860735620E-03  2.38055428623625705E-08  2.09642039860735620E-03
  8.8350951E+00  2.02110161464021407E-08  1.97158932411353478E-03  2.02110161464021407E-08  1.97158932411353478E-03
  8.8941024E+00  1.71407385946872742E-08  1.85340032254929028E-03  1.71407385946872742E-08  1.85340032254929028E-03
  8.9535038E+00  1.45210803550818533E-08  1.74154539916952246E-03  1.45210803550818533E-08  1.74154539916952246E-03
  9.0133020E+00  1.22883343498458272E-08  1.63572868566308591E-03  1.22883343498458272E-08  1.63572868566308591E-03
  9.0734995E+00  1.03874386643039453E-08  1.53566603153665218E-03  1.03874386643039453E-08  1.53566603153665218E-03
  9.1340990E+00  8.77085526650574949E-09  1.44108460919973951E-03  8.77085526650574949E-09  1.44108460919973951E-03
  9.1951033E+00  7.39758700003795618E-09  1.35172253224200662E-03  7.39758700003795618E-09  1.35172253224200662E-03
  9.2565150E+00  6.23231674409142825E-09  1.26732848639238087E-03  6.23231674409142825E-09  1.26732848639238087E-03
  9.3183368E+00  5.24465439171672236E-09  1.18766137264197697E-03  5.24465439171672236E-09  1.18766137264197697E-03
  9.3805716E+00  4.40847887668586989E-09  1.11248996201884537E-03  4.40847887668586989E-09  1.11248996201884537E-03
  9.4432219E+00  3.70136389777428913E-09  1.04159256151336145E-03  3.70136389777428913E-09  1.04159256151336145E-03
  9.5062907E+00  3.10407726154031710E-09  9.74756690659500744E-04  3.10407726154031710E-09  9.74756690659500744E-04
  9.5697807E+00  2.60014490457705750E-09  9.11778768295349999E-04  2.60014490457705750E-09  9.11778768295349999E-04
  9.6336948E+00  2.17547167631278759E-09  8.52463809045490460E-04  2.17547167631278759E-09  8.52463809045490460E-04
  9.6980356E+00  1.81801187525499103E-09  7.96625129083365223E-04  1.81801187525499103E-09  7.96625129083365223E-04
  9.7628063E+00  1.51748334566307804E-09  7.44084060756365975E-04  1.51748334566307804E-09  7.44084060756365975E-04
  9.8280094E+00  1.26511966759467298E-09  6.94669675679733599E-04  1.26511966759467298E-09  6.94669675679733599E-04
  9.8936481E+00  1.05345561986498709E-09  6.48218515925433228E-04  1.05345561986498709E-09  6.48218515925433228E-04
  9.9597251E+00  8.76141670680859735E-10  6.04574332959400694E-04  8.76141670680859735E-10  6.04574332959400694E-04
  1.0026243E+01  7.27783761807371588E-10  5.63587834003243253E-04  7.27783761807371588E-10  5.63587834003243253E-04
  1.0093206E+01  6.03805105691096805E-10  5.25116435519103479E-04  6.03805105691096805E-10  5.25116435519103479E-04
  1.0160616E+01  5.00327116981309882E-10  4.89024023542195658E-04  5.00327116981309882E-10  4.89024023542195658E-04
  1.0228476E+01  4.14066955768000006E-10  4.55180720605301574E-04  4.14066955768000006E-10  4.55180720605301574E-04
  1.0296789E+01  3.42249474498491996E-10  4.23462659022324388E-04  3.42249474498491996E-10  4.23462659022324388E-04
  1.0365559E+01  2.82531638365662771E-10  3.93751760319227193E-04  2.82531638365662771E-10  3.93751760319227193E-04
  1.0434787E+01  2.32937733973199525E-10  3.65935520618247906E-04  2.32937733973199525E-10  3.65935520618247906E-04
  1.0504478E+01  1.91803896877560461E-10  3.39906801800340160E-04  1.91803896877560461E-10  3.39906801800340160E-04
  1.0574635E+01  1.57730678418594282E-10  3.15563628287986403E-04  1.57730678418594282E-10  3.15563628287986403E-04
  1.0645260E+01  1.29542538990567502E-10  2.92808989304275090E-04  1.29542538990567502E-10  2.92808989304275090E-04
  1.0716357E+01  1.06253301185278202E-10  2.71550646479456895E-04  1.06253301185278202E-10  2.71550646479456895E-04
  1.0787928E+01  8.70367243976026497E-11  2.51700946688112389E-04  8.70367243976026497E-11  2.51700946688112389E-04
  1.0859978E+01  7.12014746161501992E-11  2.33176640010881076E-04  7.12014746161501992E-11  2.33176640010881076E-04
  1.0932509E+01  5.81698610993837102E-11  2.15898702725389176E-04  5.81698610993837102E-11  2.15898702725389176E-04
  1.1005524E+01  4.74597971302579430E-11  1.99792165238532208E-04  4.74597971302579430E-11  1.99792165238532208E-04
  1.1079027E+01  3.86695165393148890E-11  1.84785944880068339E-04  3.86695165393148890E-11  1.84785944880068339E-04
  1.1153021E+01  3.14646425114310304E-11  1.70812683483701714E-04  3.14646425114310304E-11  1.70812683483701714E-04
  1.1227509E+01  2.55672615221333122E-11  1.57808589686375878E-04  2.55672615221333122E-11  1.57808589686375878E-04
  1.1302494E+01  2.07467041302094502E-11  1.45713285880772809E-04  2.07467041302094502E-11  1.45713285880772809E-04
  1.1377980E+01  1.68117767094459852E-11  1.34469659759255301E-04  1.68117767094459852E-11  1.34469659759255301E-04
  1.1453970E+01  1.36042248524563851E-11  1.24023720389247131E-04  1.36042248524563851E-11  1.24023720389247131E-04
  1.1530468E+01  1.09932408470309440E-11  1.14324458761737324E-04  1.09932408470309440E-11  1.14324458761737324E-04
  1.1607477E+01  8.87085494813690809E-12  1.05323712755544304E-04  8.87085494813690809E-12  1.05323712755544304E-04
  1.1685000E+01  7.14807370845528308E-12  9.69760364596212391E-05  7.14807370845528308E-12  9.69760364596212391E-05
  1.1763041E+01  5.75164888135218144E-12  8.92385737957589962E-05  5.75164888135218144E-12  8.92385737957589962E-05
  1.1841603E+01  4.62137780621376843E-12  8.20709363830076640E-05  4.62137780621376843E-12  8.20709363830076640E-05
  1.1920690E+01  3.70785110750583650E-12  7.54350855838461880E-05  3.70785110750583650E-12  7.54350855838461880E-05
  1.2000305E+01  2.97057631869848109E-12  6.92952186709043478E-05  2.97057631869848109E-12  6.92952186709043478E-05
  1.2080451E+01  2.37641697125873757E-12  6.36176590509270160E-05  2.37641697125873757E-12  6.36176590509270160E-05
  1.2161133E+01  1.89829602118915936E-12  5.83707504809260122E-05  1.89829602118915936E-12  5.83707504809260122E-05
  1.2242354E+01  1.51412044225605130E-12  5.35247552094280795E-05  1.51412044225605130E-12  5.35247552094280795E-05
  1.2324117E+01  1.20589058850354574E-12  4.90517559733990826E-05  1.20589058850354574E-12  4.90517559733990826E-05
  1.2406426E+01  9.58963685983101302E-13  4.49255617793455913E-05  9.58963685983101302E-13  4.49255617793455913E-05
  1.2489285E+01  7.61445699694716225E-13  4.11216173949856284E-05  7.61445699694716225E-13  4.11216173949856284E-05
  1.2572698E+01  6.03689961930916201E-13  3.76169164756081454E-05  6.03689961930916201E-13  3.76169164756081454E-05
  1.2656667E+01  4.77884450907380906E-13  3.43899182472673658E-05  4.77884450907380906E-13  3.43899182472673658E-05
  1.2741197E+01  3.77712567243691414E-13  3.14204676670942263E-05  3.77712567243691414E-13  3.14204676670942263E-05
  1.2826292E+01  2.98074751055870028E-13  2.86897189790580381E-05  2.98074751055870028E-13  2.86897189790580381E-05
  1.2911955E+01  2.34860383391679243E-13  2.61800625819921703E-05  2.34860383391679243E-13  2.61800625819921703E-05
  1.2998191E+01  1.84761181927402698E-13  2.38750551251711016E-05  1.84761181927402698E-13  2.38750551251711016E-05
  1.3085002E+01  1.45118783202653333E-13  2.17593527454074207E-05  1.45118783202653333E-13  2.17593527454074207E-05
  1.3172393E+01  1.13800445792258933E-13  1.98186473586341790E-05  1.13800445792258933E-13  1.98186473586341790E-05
  1.3260367E+01  8.90978479347324913E-14  1.80396059179390133E-05  8.90978479347324913E-14  1.80396059179390133E-05
  1.3348929E+01  6.96448210065785226E-14  1.64098125493891198E-05  6.96448210065785226E-14  1.64098125493891198E-05
  1.3438083E+01  5.43505838763513974E-14  1.49177134765318135E-05  5.43505838763513974E-14  1.49177134765318135E-05
  1.3527832E+01  4.23456455576473002E-14  1.35525646441233717E-05  4.23456455576473002E-14  1.35525646441233717E-05
  1.3618181E+01  3.29380441882848743E-14  1.23043819516206572E-05  3.29380441882848743E-14  1.23043819516206572E-05
  1.3709132E+01  2.55780056906684942E-14  1.11638940071254989E-05  2.55780056906684942E-14  1.11638940071254989E-05
  1.3800692E+01  1.98294494614374755E-14  1.01224973127643867E-05  1.98294494614374755E-14  1.01224973127643867E-05
  1.3892862E+01  1.53470528651508446E-14  9.17221379306032017E-06  1.53470528651508446E-14  9.17221379306032017E-06
  1.3985649E+01  1.18578210795036587E-14  8.30565057854667509E-06  1.18578210795036587E-14  8.30565057854667509E-06
  1.4079055E+01  9.14630229375036063E-15  7.51596195775587577E-06  9.14630229375036063E-15  7.51596195775587577E-06
  1.4173085E+01  7.04274739389617453E-15  6.79681341178905220E-06  7.04274739389617453E-15  6.79681341178905220E-06
  1.4267743E+01  5.41364393952650934E-15  6.14234764684962051E-06  5.41364393952650934E-15  6.14234764684962051E-06
  1.4363033E+01  4.15416135044499742E-15  5.54715254148519796E-06  4.15416135044499742E-15  5.54715254148519796E-06
  1.4458959E+01  3.18213186924311080E-15  5.00623092676909340E-06  3.18213186924311080E-15  5.00623092676909340E-06
  1.4555526E+01  2.43326345901326851E-15  4.51497211923320950E-06  2.43326345901326851E-15  4.51497211923320950E-06
  1.4652738E+01  1.85733917043804231E-15  4.06912512808291206E-06  1.85733917043804231E-15  4.06912512808291206E-06
  1.4750599E+01  1.41520502465228913E-15  3.66477346003491419E-06  1.41520502465228913E-15  3.66477346003491419E-06
  1.4849114E+01  1.07638705940254600E-15  3.29831144699701374E-06  1.07638705940254600E-15  3.29831144699701374E-06
  1.4948287E+01  8.17209490623835359E-16  2.96642202378269279E-06  8.17209490623835359E-16  2.96642202378269279E-06
  1.5048122E+01  6.19311282584742658E-16  2.66605588508665797E-06  6.19311282584742658E-16  2.66605588508665797E-06
  1.5148624E+01  4.68478895699287203E-16  2.39441195302005049E-06  4.68478895699287203E-16  2.39441195302005049E-06
  1.5249797E+01  3.53729495498782524E-16  2.14891908863873280E-06  3.53729495498782524E-16  2.14891908863873280E-06
  1.5351646E+01  2.66592200856724102E-16  1.92721898305411724E-06  2.66592200856724102E-16  1.92721898305411724E-06
  1.5454175E+01  2.00545632167514354E-16  1.72715016589616585E-06  2.00545632167514354E-16  1.72715016589616585E-06
  1.5557389E+01  1.50578587870732461E-16  1.54673307110119985E-06  1.50578587870732461E-16  1.54673307110119985E-06
  1.5661292E+01  1.12847536223835357E-16  1.38415610219497917E-06  1.12847536223835357E-16  1.38415610219497917E-06
  1.5765889E+01  8.44100891026571948E-17  1.23776264144700103E-06  8.44100891026571948E-17  1.23776264144700103E-06
  1.5871185E+01  6.30179946087388602E-17  1.10603894946634947E-06  6.30179946087388602E-17  1.10603894946634947E-06
  1.5977184E+01  4.69566634809646022E-17  9.87602903984044680E-07  4.69566634809646022E-17  9.87602903984044680E-07
  1.6083891E+01  3.49210073806963000E-17  8.81193528724592486E-07  3.49210073806963000E-17  8.81193528724592486E-07
  1.6191310E+01  2.59195578156778740E-17  7.85661265398118659E-07  2.59195578156778740E-17  7.85661265398118659E-07
  1.6299447E+01  1.92005679594888736E-17  6.99958943937733771E-07  1.92005679594888736E-17  6.99958943937733771E-07
  1.6408306E+01  1.41951686307987870E-17  6.23133408165142172E-07  1.41951686307987870E-17  6.23133408165142172E-07
  1.6517892E+01  1.04737287157871590E-17  5.54317756084354280E-07  1.04737287157871590E-17  5.54317756084354280E-07
  1.6628210E+01  7.71241908017268939E-18  4.92724155971445588E-07  7.71241908017268939E-18  4.92724155971445588E-07
  1.6739265E+01  5.66764532159000657E-18  4.37637201351052862E-07  5.66764532159000657E-18  4.37637201351052862E-07
  1.6851061E+01  4.15653672698191351E-18  3.88407769820133274E-07  4.15653672698191351E-18  3.88407769820133274E-07
  1.6963604E+01  3.04208694013128166E-18  3.44447352494505002E-07  3.04208694013128166E-18  3.44447352494505002E-07
  1.7076899E+01  2.22186030073440183E-18  3.05222822615169373E-07  2.22186030073440183E-18  3.05222822615169373E-07
  1.7190950E+01  1.61942578525328479E-18  2.70251613552865395E-07  1.61942578525328479E-18  2.70251613552865395E-07
  1.7305764E+01  1.17787316397036209E-18  2.39097278093905768E-07  1.17787316397036209E-18  2.39097278093905768E-07
  1.7421343E+01  8.54915402601541532E-19  2.11365402475502793E-07  8.54915402601541532E-19  2.11365402475502793E-07
  1.7537695E+01  6.19196955127449757E-19  1.86699850162572340E-07  6.19196955127449757E-19  1.86699850162572340E-07
  1.7654824E+01  4.47516873016381975E-19  1.64779311823017908E-07  4.47516873016381975E-19  1.64779311823017908E-07
  1.7772735E+01  3.22744449355302462E-19  1.45314139363057248E-07  3.22744449355302462E-19  1.45314139363057248E-07
  1.7891434E+01  2.32258011970588344E-19  1.28043443227835315E-07  2.32258011970588344E-19  1.28043443227835315E-07
  1.8010925E+01  1.66778064077322610E-19  1.12732433458243331E-07  1.66778064077322610E-19  1.12732433458243331E-07
  1.8131215E+01  1.19497042476199544E-19  9.91699862209327380E-08  1.19497042476199544E-19  9.91699862209327380E-08
  1.8252307E+01  8.54317000006002120E-20  8.71664186969072186E-08  8.54317000006002120E-20  8.71664186969072186E-08
  1.8374209E+01  6.09422126454385923E-20  7.65514563262392873E-08  6.09422126454385923E-20  7.65514563262392873E-08
  1.8496925E+01  4.33758737621401573E-20  6.71723774623325049E-08  4.33758737621401573E-20  6.71723774623325049E-08
  1.8620460E+01  3.08036817795328402E-20  5.88923214913462321E-08  3.08036817795328402E-20  5.88923214913462321E-08
  1.8744820E+01  2.18260363677156541E-20  5.15887474216840386E-08  2.18260363677156541E-20  5.15887474216840386E-08
  1.8870011E+01  1.54297329807067400E-20  4.51520308462216378E-08  1.54297329807067400E-20  4.51520308462216378E-08
  1.8996038E+01  1.08829497961608279E-20  3.94841880282996471E-08  1.08829497961608279E-20  3.94841880282996471E-08
  1.9122907E+01  7.65830862821842238E-21  3.44977166627678161E-08  7.65830862821842238E-21  3.44977166627678161E-08
  1.9250623E+01  5.37663338133881999E-21  3.01145436171406667E-08  5.37663338133881999E-21  3.01145436171406667E-08
  1.9379191E+01  3.76593271605428957E-21  2.62650706672814482E-08  3.76593271605428957E-21  2.62650706672814482E-08
  1.9508619E+01  2.63155509093391359E-21  2.28873099084893807E-08  2.63155509093391359E-21  2.28873099084893807E-08
  1.9638911E+01  1.83452363605932538E-21  1.99261011481514904E-08  1.83452363605932538E-21  1.99261011481514904E-08
  1.9770073E+01  1.27584584351247157E-21  1.73324041722646299E-08  1.27584584351247157E-21  1.73324041722646299E-08
  1.9902111E+01  8.85177169612624574E-22  1.50626593266125604E-08  8.85177169612624574E-22  1.50626593266125604E-08
  2.0035031E+01  6.12649848163022559E-22  1.30782103661125483E-08  6.12649848163022559E-22  1.30782103661125483E-08
  2.0168839E+01  4.22997254813434905E-22  1.13447840045619480E-08  4.22997254813434905E-22  1.13447840045619480E-08
  2.0303540E+01  2.91339103385237112E-22  9.83202104328158701E-09  2.91339103385237112E-22  9.83202104328158701E-09
  2.0439141E+01  2.00165346240453499E-22  8.51305437280750178E-09  2.00165346240453499E-22  8.51305437280750178E-09
  2.0575648E+01  1.37183130439741807E-22  7.36412952835460961E-09  1.37183130439741807E-22  7.36412952835460961E-09
  2.0713066E+01  9.37836221847435112E-23  6.36426383884849246E-09  9.37836221847435112E-23  6.36426383884849246E-09
  2.0851402E+01  6.39529372017799250E-23  5.49494054250307912E-09  6.39529372017799250E-23  5.49494054250307912E-09
  2.0990662E+01  4.35004611659018561E-23  4.73983455065815035E-09  4.35004611659018561E-23  4.73983455065815035E-09
  2.1130852E+01  2.95134325426308009E-23  4.08456682731751886E-09  2.95134325426308009E-23  4.08456682731751886E-09
  2.1271979E+01  1.99724182963827981E-23  3.51648461598384596E-09  1.99724182963827981E-23  3.51648461598384596E-09
  2.1414047E+01  1.34809089159869702E-23  3.02446498926363991E-09  1.34809089159869702E-23  3.02446498926363991E-09
  2.1557065E+01  9.07565038371833814E-24  2.59873942161294508E-09  9.07565038371833814E-24  2.59873942161294508E-09
  2.1701038E+01  6.09394910105767097E-24  2.23073729275216743E-09  6.09394910105767097E-24  2.23073729275216743E-09
  2.1845972E+01  4.08107650387880715E-24  1.91294641984191325E-09  4.08107650387880715E-24  1.91294641984191325E-09
  2.1991875E+01  2.72582402212187970E-24  1.63878889162168646E-09  2.72582402212187970E-24  1.63878889162168646E-09
  2.2138751E+01  1.81576794050676274E-24  1.40251063842268145E-09  1.81576794050676274E-24  1.40251063842268145E-09
  2.2286609E+01  1.20629757888530627E-24  1.19908331927458417E-09  1.20629757888530627E-24  1.19908331927458417E-09
  2.2435454E+01  7.99230909502578869E-25  1.02411724220484629E-09  7.99230909502578869E-25  1.02411724220484629E-09
  2.2585293E+01  5.28089657680396953E-25  8.73784157169403121E-10  5.28089657680396953E-25  8.73784157169403121E-10
  2.2736133E+01  3.47977301213271584E-25  7.44748873707219367E-10  3.47977301213271584E-25  7.44748873707219367E-10
  2.2887981E+01  2.28660826123808602E-25  6.34108758187268794E-10  2.28660826123808602E-25  6.34108758187268794E-10
  2.3040842E+01  1.49838995486255453E-25  5.39340259164875497E-10  1.49838995486255453E-25  5.39340259164875497E-10
  2.3194725E+01  9.79133022739111404E-26  4.58251694592105139E-10  9.79133022739111404E-26  4.58251694592105139E-10
  2.3349635E+01  6.38019771139397166E-26  3.88941612102839879E-10  6.38019771139397166E-26  3.88941612102839879E-10
  2.3505580E+01  4.14566254362855074E-26  3.29762103933903080E-10  4.14566254362855074E-26  3.29762103933903080E-10
  2.3662566E+01  2.68604233072904683E-26  2.79286521830833624E-10  2.68604233072904683E-26  2.79286521830833624E-10
  2.3820601E+01  1.73533177255860886E-26  2.36281095062769001E-10  1.73533177255860886E-26  2.36281095062769001E-10
  2.3979691E+01  1.11787837600647981E-26  1.99680006936053394E-10  1.11787837600647981E-26  1.99680006936053394E-10
  2.4139844E+01  7.18026572897485364E-27  1.68563532421973065E-10  7.18026572897485364E-27  1.68563532421973065E-10
  2.4301066E+01  4.59845456909692716E-27  1.42138882133018992E-10  4.59845456909692716E-27  1.42138882133018992E-10
  2.4463365E+01  2.93629810101161716E-27  1.19723436296737210E-10  2.93629810101161716E-27  1.19723436296737210E-10
  2.4626748E+01  1.86937586315361953E-27  1.00730086960374898E-10  1.86937586315361953E-27  1.00730086960374898E-10
  2.4791222E+01  1.18656814194532261E-27  8.46544377561543183E-11  1.18656814194532261E-27  8.46544377561543183E-11
  2.4956794E+01  7.50895615146679970E-28  7.10636384834484017E-11  7.50895615146679970E-28  7.10636384834484017E-11
  2.5123473E+01  4.73749201225996794E-28  5.95866568135406173E-11  4.73749201225996794E-28  5.95866568135406173E-11
  2.5291264E+01  2.97982389575953696E-28  4.99058118629556352E-11  2.97982389575953696E-28  4.99058118629556352E-11
  2.5460177E+01  1.86851668160871280E-28  4.17494144596912231E-11  1.86851668160871280E-28  4.17494144596912231E-11
  2.5630217E+01  1.16804254390338107E-28  3.48853768695671322E-11  1.16804254390338107E-28  3.48853768695671322E-11
  2.5801393E+01  7.27891440146396849E-29  2.91156707640162609E-11  7.27891440146396849E-29  2.91156707640162609E-11
  2.5973712E+01  4.52180405095582509E-29  2.42715264858237428E-11  4.52180405095582509E-29  2.42715264858237428E-11
  2.6147182E+01  2.80017314741648733E-29  2.02092793782223295E-11  2.80017314741648733E-29  2.02092793782223295E-11
  2.6321811E+01  1.72852967829221320E-29  1.68067802428854411E-11  1.72852967829221320E-29  1.68067802428854411E-11
  2.6497606E+01  1.06359998720830629E-29  1.39602970273137814E-11  1.06359998720830629E-29  1.39602970273137814E-11
  2.6674574E+01  6.52348991610782989E-30  1.15818437420983992E-11  6.52348991610782989E-30  1.15818437420983992E-11
  2.6852725E+01  3.98815890707712128E-30  9.59688049180550950E-12  3.98815890707712128E-30  9.59688049180550950E-12
  2.7032066E+01  2.43022360567035980E-30  7.94233547703724455E-12  2.43022360567035980E-30  7.94233547703724455E-12
  2.7212604E+01  1.47601852715161240E-30  6.56490598647864828E-12  1.47601852715161240E-30  6.56490598647864828E-12
  2.7394348E+01  8.93510341410440372E-31  5.41960083406268987E-12  8.93510341410440372E-31  5.41960083406268987E-12
  2.7577306E+01  5.39088294601792246E-31  4.46849148677798252E-12  5.39088294601792246E-31  4.46849148677798252E-12
  2.7761486E+01  3.24162701842879176E-31  3.67964334438109758E-12  3.24162701842879176E-31  3.67964334438109758E-12
  2.7946896E+01  1.94267084183672160E-31  3.02620233829507597E-12  1.94267084183672160E-31  3.02620233829507597E-12
  2.8133544E+01  1.16026872462146050E-31  2.48561527004084560E-12  1.16026872462146050E-31  2.48561527004084560E-12
  2.8321439E+01  6.90607384930117599E-32  2.03896512457349404E-12  6.90607384930117599E-32  2.03896512457349404E-12
  2.8510589E+01  4.09644512330115875E-32  1.67040525753489850E-12  4.09644512330115875E-32  1.67040525753489850E-12
  2.8701002E+01  2.42145437396358666E-32  1.36667863361265664E-12  2.42145437396358666E-32  1.36667863361265664E-12
  2.8892686E+01  1.42635823145199522E-32  1.11670571754842459E-12  1.42635823145199522E-32  1.11670571754842459E-12
  2.9085651E+01  8.37247401323926667E-33  9.11248982191309118E-13  8.37247401323926667E-33  9.11248982191309118E-13
  2.9279905E+01  4.89713177011499906E-33  7.42600834605599076E-13  4.89713177011499906E-33  7.42600834605599076E-13
  2.9475456E+01  2.85418627675251823E-33  6.04351763027817822E-13  2.85418627675251823E-33  6.04351763027817822E-13
  2.9672313E+01  1.65754064108378687E-33  4.91176317890539279E-13  1.65754064108378687E-33  4.91176317890539279E-13
  2.9870484E+01  9.59129311494142933E-34  3.98649715724578036E-13  9.59129311494142933E-34  3.98649715724578036E-13
  3.0069979E+01  5.52982271860916963E-34  3.23110558614827119E-13  5.52982271860916963E-34  3.23110558614827119E-13
  3.0270807E+01  3.17655072145667487E-34  2.61524353607741948E-13  3.17655072145667487E-34  2.61524353607741948E-13
  3.0472976E+01  1.81802649778445008E-34  2.11383118190539656E-13  1.81802649778445008E-34  2.11383118190539656E-13
  3.0676495E+01  1.03665361911619145E-34  1.70616658519781453E-13  1.03665361911619145E-34  1.70616658519781453E-13
  3.0881373E+01  5.88905104635088211E-35  1.37518557302012386E-13  5.88905104635088211E-35  1.37518557302012386E-13
  3.1087620E+01  3.33291505769901718E-35  1.10684219315966313E-13  3.33291505769901718E-35  1.10684219315966313E-13
  3.1295244E+01  1.87914144315541879E-35  8.89591064185261305E-14  1.87914144315541879E-35  8.89591064185261305E-14
  3.1504254E+01  1.05545555825193172E-35  7.13955594790355846E-14  1.05545555825193172E-35  7.13955594790355846E-14
  3.1714661E+01  5.90547145171146812E-36  5.72168356213321588E-14  5.90547145171146812E-36  5.72168356213321588E-14
  3.1926472E+01  3.29148708334219943E-36  4.57871966216678251E-14  3.29148708334219943E-36  4.57871966216678251E-14
  3.2139699E+01  1.82743288294600560E-36  3.65870649886957400E-14  1.82743288294600560E-36  3.65870649886957400E-14
  3.2354349E+01  1.01062743106067931E-36  2.91924184977017924E-14  1.01062743106067931E-36  2.91924184977017924E-14
  3.2570433E+01  5.56710852137762721E-37  2.32577248187295012E-14  5.56710852137762721E-37  2.32577248187295012E-14
  3.2787960E+01  3.05453968914159510E-37  1.85018287652553083E-14  3.05453968914159510E-37  1.85018287652553083E-14
  3.3006940E+01  1.66927440788354042E-37  1.46962985990830790E-14  1.66927440788354042E-37  1.46962985990830790E-14
  3.3227383E+01  9.08581545565690066E-38  1.16558172974278731E-14  9.08581545565690066E-38  1.16558172974278731E-14
  3.3449298E+01  4.92543016514225216E-38  9.23027186698981610E-15  4.92543016514225216E-38  9.23027186698981610E-15
  3.3672694E+01  2.65922491393789321E-38  7.29825050454845417E-15  2.65922491393789321E-38  7.29825050454845417E-15
  3.3897583E+01  1.42982275346602262E-38  5.76170521574331797E-15  1.42982275346602262E-38  5.76170521574331797E-15
  3.4123974E+01  7.65626000720170041E-39  4.54157775024025660E-15  7.65626000720170041E-39  4.54157775024025660E-15
  3.4351877E+01  4.08268618315523941E-39  3.57422053741005904E-15  4.08268618315523941E-39  3.57422053741005904E-15
  3.4581301E+01  2.16799394191465164E-39  2.80847269170059002E-15  2.16799394191465164E-39  2.80847269170059002E-15
  3.4812258E+01  1.14641186631555596E-39  2.20327493850862405E-15  1.14641186631555596E-39  2.20327493850862405E-15
  3.5044758E+01  6.03644913930708385E-40  1.72572720432507709E-15  6.03644913930708385E-40  1.72572720432507709E-15
  3.5278810E+01  3.16496070814605040E-40  1.34950922830510025E-15  3.16496070814605040E-40  1.34950922830510025E-15
  3.5514426E+01  1.65229869595144782E-40  1.05359840441034885E-15  1.65229869595144782E-40  1.05359840441034885E-15
  3.5751615E+01  8.58874543674449255E-41  8.21230594045867042E-16  8.58874543674449255E-41  8.21230594045867042E-16
  3.5990388E+01  4.44507633989989415E-41  6.39059231885470862E-16  4.44507633989989415E-41  6.39059231885470862E-16
  3.6230756E+01  2.29046860881661257E-41  4.96475998297249814E-16  2.29046860881661257E-41  4.96475998297249814E-16
  3.6472729E+01  1.17503907938446612E-41  3.85062917443678296E-16  1.17503907938446612E-41  3.85062917443678296E-16
  3.6716318E+01  6.00136798490152915E-42  2.98151185979635582E-16  6.00136798490152915E-42  2.98151185979635582E-16
  3.6961534E+01  3.05144278393547397E-42  2.30466533007431976E-16  3.05144278393547397E-42  2.30466533007431976E-16
  3.7208388E+01  1.54455789968804977E-42  1.77844617046595345E-16  1.54455789968804977E-42  1.77844617046595345E-16
  3.7456890E+01  7.78276676694136993E-43  1.37003014079745764E-16  7.78276676694136993E-43  1.37003014079745764E-16
  3.7707052E+01  3.90374538846301919E-43  1.05358854373848186E-16  3.90374538846301919E-43  1.05358854373848186E-16
  3.7958885E+01  1.94909628838018577E-43  8.08832185197105300E-17  1.94909628838018577E-43  8.08832185197105300E-17
  3.8212400E+01  9.68670454155066959E-44  6.19850832634004149E-17  9.68670454155066959E-44  6.19850832634004149E-17
  3.8467608E+01  4.79177345788718540E-44  4.74189804551431360E-17  4.79177345788718540E-44  4.74189804551431360E-17
  3.8724520E+01  2.35928492908800767E-44  3.62116520763687260E-17  2.35928492908800767E-44  3.62116520763687260E-17
  3.8983148E+01  1.15615147065366362E-44  2.76038958789700359E-17  1.15615147065366362E-44  2.76038958789700359E-17
  3.9243504E+01  5.63878516053048370E-45  2.10045370250692491E-17  5.63878516053048370E-45  2.10045370250692491E-17
  3.9505598E+01  2.73702636378313991E-45  1.59540621434456602E-17  2.73702636378313991E-45  1.59540621434456602E-17
  3.9769442E+01  1.32215110096555189E-45  1.20959389311466424E-17  1.32215110096555189E-45  1.20959389311466424E-17
  4.0035049E+01  6.35591151850223463E-46  9.15403785305535157E-18  6.35591151850223463E-46  9.15403785305535157E-18
  4.0302430E+01  3.04057069194537690E-46  6.91488992772061066E-18  3.04057069194537690E-46  6.91488992772061066E-18
  4.0571596E+01  1.44743360687485983E-46  5.21377024072667989E-18  1.44743360687485983E-46  5.21377024072667989E-18
  4.0842560E+01  6.85636867002690468E-47  3.92380234100227289E-18  6.85636867002690468E-47  3.92380234100227289E-18
  4.1115334E+01  3.23167155873885919E-47  2.94744357633749872E-18  3.23167155873885919E-47  2.94744357633749872E-18
  4.1389930E+01  1.51559547392854821E-47  2.20984348992354987E-18  1.51559547392854821E-47  2.20984348992354987E-18
  4.1666359E+01  7.07209032819452706E-48  1.65367296864637030E-18  7.07209032819452706E-48  1.65367296864637030E-18
  4.1944635E+01  3.28326549470971978E-48  1.23510606203039040E-18  3.28326549470971978E-48  1.23510606203039040E-18
  4.2224769E+01  1.51650238933929690E-48  9.20703463784698797E-19  1.51650238933929690E-48  9.20703463784698797E-19
  4.2506774E+01  6.96857818786638315E-49  6.84999957187673494E-19  6.96857818786638315E-49  6.84999957187673494E-19
  4.2790662E+01  3.18562188105407789E-49  5.08640413466581701E-19  3.18562188105407789E-49  5.08640413466581701E-19
  4.3076447E+01  1.44869890328391922E-49  3.76942412146435972E-19  1.44869890328391922E-49  3.76942412146435972E-19
  4.3364140E+01  6.55361129092770447E-50  2.78790006721447339E-19  6.55361129092770447E-50  2.78790006721447339E-19
  4.3653754E+01  2.94907997498850954E-50  2.05784020930163277E-19  2.94907997498850954E-50  2.05784020930163277E-19
  4.3945303E+01  1.32001942922647603E-50  1.51590679964103998E-19  1.32001942922647603E-50  1.51590679964103998E-19
  4.4238799E+01  5.87687527499857471E-51  1.11443277465419559E-19  5.87687527499857471E-51  1.11443277465419559E-19
  4.4534255E+01  2.60237196618222269E-51  8.17616885149316833E-20  2.60237196618222269E-51  8.17616885149316833E-20
  4.4831684E+01  1.14612833438032096E-51  5.98624472957913521E-20  1.14612833438032096E-51  5.98624472957913521E-20
  4.5131100E+01  5.02021433872966036E-52  4.37382822743193578E-20  5.02021433872966036E-52  4.37382822743193578E-20
  4.5432515E+01  2.18686444146153886E-52  3.18908120210738380E-20  2.18686444146153886E-52  3.18908120210738380E-20
  4.5735943E+01  9.47358755549071764E-53  2.32038447471132851E-20  9.47358755549071764E-53  2.32038447471132851E-20
  4.6041398E+01  4.08113598706141938E-53  1.68476263698790836E-20  4.08113598706141938E-53  1.68476263698790836E-20
  4.6348893E+01  1.74827140791320248E-53  1.22066286063513291E-20  1.74827140791320248E-53  1.22066286063513291E-20
  4.6658442E+01  7.44699202970584943E-54  8.82520443377762515E-21  7.44699202970584943E-54  8.82520443377762515E-21
  4.6970058E+01  3.15413781026241860E-54  6.36677657236563695E-21  3.15413781026241860E-54  6.36677657236563695E-21
  4.7283755E+01  1.32828590876674378E-54  4.58325426901901278E-21  1.32828590876674378E-54  4.58325426901901278E-21
  4.7599547E+01  5.56156301433517428E-55  3.29216409770567399E-21  5.56156301433517428E-55  3.29216409770567399E-21
  4.7917448E+01  2.31515307739306388E-55  2.35958599487266329E-21  2.31515307739306388E-55  2.35958599487266329E-21
  4.8237473E+01  9.58127169384192964E-56  1.68744857708660945E-21  9.58127169384192964E-56  1.68744857708660945E-21
  4.8559634E+01  3.94194099743884143E-56  1.20409078699281987E-21  3.94194099743884143E-56  1.20409078699281987E-21
  4.8883948E+01  1.61221669098397833E-56  8.57265552697171534E-22  1.61221669098397833E-56  8.57265552697171534E-22
  4.9210427E+01  6.55459296870340191E-57  6.08965132078831199E-22  6.55459296870340191E-57  6.08965132078831199E-22
  4.9539087E+01  2.64886385453322964E-57  4.31602361589282567E-22  2.64886385453322964E-57  4.31602361589282567E-22
  4.9869942E+01  1.06401461949526645E-57  3.05198857821421051E-22  1.06401461949526645E-57  3.05198857821421051E-22
  5.0203006E+01  4.24807265332487448E-58  2.15319335889674347E-22  4.24807265332487448E-58  2.15319335889674347E-22
  5.0538295E+01  1.68567898072491973E-58  1.51557516902607234E-22  1.68567898072491973E-58  1.51557516902607234E-22
  5.0875823E+01  6.64780838822535682E-59  1.06428880359586775E-22  6.64780838822535682E-59  1.06428880359586775E-22
  5.1215605E+01  2.60546214929380848E-59  7.45628098777516448E-23  2.60546214929380848E-59  7.45628098777516448E-23
  5.1557657E+01  1.01478850925513412E-59  5.21145447868187951E-23  1.01478850925513412E-59  5.21145447868187951E-23
  5.1901993E+01  3.92764773692992652E-60  3.63381360874010638E-23  3.92764773692992652E-60  3.63381360874010638E-23
  5.2248629E+01  1.51055772937237613E-60  2.52770520174018085E-23  1.51055772937237613E-60  2.52770520174018085E-23
  5.2597579E+01  5.77259913575090968E-61  1.75405531488146992E-23  5.77259913575090968E-61  1.75405531488146992E-23
  5.2948861E+01  2.19187652918577642E-61  1.21424467010483781E-23  2.19187652918577642E-61  1.21424467010483781E-23
  5.3302488E+01  8.26899245512672779E-62  8.38509727679999262E-24  8.26899245512672779E-62  8.38509727679999262E-24
  5.3658477E+01  3.09928852286443886E-62  5.77619514357400016E-24  3.09928852286443886E-62  5.77619514357400016E-24
  5.4016844E+01  1.15405171856949819E-62  3.96917536833124049E-24  1.15405171856949819E-62  3.96917536833124049E-24
  5.4377604E+01  4.26897100203420346E-63  2.72067192831160130E-24  4.26897100203420346E-63  2.72067192831160130E-24
  5.4740774E+01  1.56868769578502874E-63  1.86021118791026213E-24  1.56868769578502874E-63  1.86021118791026213E-24
  5.5106368E+01  5.72592530206128658E-64  1.26867738790544195E-24  5.72592530206128658E-64  1.26867738790544195E-24
  5.5474405E+01  2.07601832962481986E-64  8.63049393103752526E-25  2.07601832962481986E-64  8.63049393103752526E-25
  5.5844900E+01  7.47606873447687915E-65  5.85609607949322868E-25  7.47606873447687915E-65  5.85609607949322868E-25
  5.6217869E+01  2.67394287769633171E-65  3.96334027906298089E-25  2.67394287769633171E-65  3.96334027906298089E-25
  5.6593329E+01  9.49833989758608039E-66  2.67539333112746945E-25  9.49833989758608039E-66  2.67539333112746945E-25
  5.6971296E+01  3.35073355130681338E-66  1.80127270133065713E-25  3.35073355130681338E-66  1.80127270133065713E-25
  5.7351788E+01  1.17383859758365971E-66  1.20956504693329596E-25  1.17383859758365971E-66  1.20956504693329596E-25
  5.7734821E+01  4.08350204375534562E-67  8.10082513286851649E-26  4.08350204375534562E-67  8.10082513286851649E-26
  5.8120412E+01  1.41056719462168180E-67  5.41092904112907866E-26  1.41056719462168180E-67  5.41092904112907866E-26
  5.8508578E+01  4.83803743147685422E-68  3.60453483669725322E-26  4.83803743147685422E-68  3.60453483669725322E-26
  5.8899337E+01  1.64753630518852822E-68  2.39471329334530774E-26  1.64753630518852822E-68  2.39471329334530774E-26
  5.9292706E+01  5.57024338809487980E-69  1.58663424251709287E-26  5.57024338809487980E-69  1.58663424251709287E-26
  5.9688701E+01  1.86966968902189365E-69  1.04836610120058202E-26  1.86966968902189365E-69  1.04836610120058202E-26
  6.0087342E+01  6.22996833384153970E-70  6.90799830686077508E-27  6.22996833384153970E-70  6.90799830686077508E-27
  6.0488644E+01  2.06070381843955777E-70  4.53925189471199768E-27  2.06070381843955777E-70  4.53925189471199768E-27
  6.0892627E+01  6.76600779430648759E-71  2.97443009469028141E-27  6.76600779430648759E-71  2.97443009469028141E-27
  6.1299308E+01  2.20503169414813159E-71  1.94357889290087050E-27  2.20503169414813159E-71  1.94357889290087050E-27
  6.1708705E+01  7.13248212406945148E-72  1.26640120419075631E-27  7.13248212406945148E-72  1.26640120419075631E-27
  6.2120837E+01  2.28974960875543064E-72  8.22816407705905872E-28  2.28974960875543064E-72  8.22816407705905872E-28
  6.2535720E+01  7.29515487726784342E-73  5.33075544357782307E-28  7.29515487726784342E-73  5.33075544357782307E-28
  6.2953375E+01  2.30652346689871998E-73  3.44366111156534787E-28  2.30652346689871998E-73  3.44366111156534787E-28
  6.3373819E+01  7.23661608744828796E-74  2.21814265529185713E-28  7.23661608744828796E-74  2.21814265529185713E-28
  6.3797071E+01  2.25291485604491500E-74  1.42458213353385621E-28  2.25291485604491500E-74  1.42458213353385621E-28
  6.4223150E+01  6.95925493603604282E-75  9.12233342823887767E-29  6.95925493603604282E-75  9.12233342823887767E-29
  6.4652074E+01  2.13287990646707427E-75  5.82419944886891914E-29  2.13287990646707427E-75  5.82419944886891914E-29
  6.5083863E+01  6.48533703074222976E-76  3.70740256742875947E-29  6.48533703074222976E-76  3.70740256742875947E-29
  6.5518536E+01  1.95631066777455078E-76  2.35286911527072906E-29  1.95631066777455078E-76  2.35286911527072906E-29
  6.5956112E+01  5.85408044232731649E-77  1.48871496398611949E-29  5.85408044232731649E-77  1.48871496398611949E-29
  6.6396610E+01  1.73768652395674329E-77  9.39079346215317794E-30  1.73768652395674329E-77  9.39079346215317794E-30
  6.6840050E+01  0.00000000000000000E+00  5.90556024476538960E-30  0.00000000000000000E+00  5.90556024476538960E-30
  6.7286452E+01  0.00000000000000000E+00  3.70236362353574632E-30  0.00000000000000000E+00  3.70236362353574632E-30
  6.7735835E+01  0.00000000000000000E+00  2.31391391519938370E-30  0.00000000000000000E+00  2.31391391519938370E-30
  6.8188219E+01  0.00000000000000000E+00  1.44163871825619663E-30  0.00000000000000000E+00  1.44163871825619663E-30
  6.8643625E+01  0.00000000000000000E+00  8.95359982619057564E-31  0.00000000000000000E+00  8.95359982619057564E-31
  6.9102072E+01  0.00000000000000000E+00  5.54321538597996544E-31  0.00000000000000000E+00  5.54321538597996544E-31
  6.9563581E+01  0.00000000000000000E+00  3.42089249099846523E-31  0.00000000000000000E+00  3.42089249099846523E-31
  7.0028172E+01  0.00000000000000000E+00  2.10436659842072877E-31  0.00000000000000000E+00  2.10436659842072877E-31
  7.0495866E+01  0.00000000000000000E+00  1.29032263410930072E-31  0.00000000000000000E+00  1.29032263410930072E-31
  7.0966683E+01  0.00000000000000000E+00  7.88607214192173095E-32  0.00000000000000000E+00  7.88607214192173095E-32
  7.1440645E+01  0.00000000000000000E+00  4.80395791100749750E-32  0.00000000000000000E+00  4.80395791100749750E-32
  7.1917773E+01  0.00000000000000000E+00  2.91678278628341219E-32  0.00000000000000000E+00  2.91678278628341219E-32
  7.2398087E+01  0.00000000000000000E+00  1.76508561137149518E-32  0.00000000000000000E+00  1.76508561137149518E-32
  7.2881609E+01  0.00000000000000000E+00  1.06457068222018944E-32  0.00000000000000000E+00  1.06457068222018944E-32
  7.3368360E+01  0.00000000000000000E+00  6.39912209522984874E-33  0.00000000000000000E+00  6.39912209522984874E-33
  7.3858362E+01  0.00000000000000000E+00  3.83348203027146429E-33  0.00000000000000000E+00  3.83348203027146429E-33
  7.4351636E+01  0.00000000000000000E+00  2.28867080855252484E-33  0.00000000000000000E+00  2.28867080855252484E-33
  7.4848205E+01  0.00000000000000000E+00  1.36169408869857698E-33  0.00000000000000000E+00  1.36169408869857698E-33
  7.5348090E+01  0.00000000000000000E+00  8.07366531748755618E-34  0.00000000000000000E+00  8.07366531748755618E-34
  7.5851314E+01  0.00000000000000000E+00  4.77030050982041759E-34  0.00000000000000000E+00  4.77030050982041759E-34
  7.6357899E+01  0.00000000000000000E+00  2.80857452886684193E-34  0.00000000000000000E+00  2.80857452886684193E-34
  7.6867867E+01  0.00000000000000000E+00  1.64776155151200958E-34  0.00000000000000000E+00  1.64776155151200958E-34
  7.7381241E+01  0.00000000000000000E+00  9.63171425398418628E-35  0.00000000000000000E+00  9.63171425398418628E-35
  7.7898043E+01  0.00000000000000000E+00  5.61003982018471810E-35  0.00000000000000000E+00  5.61003982018471810E-35
  7.8418297E+01  0.00000000000000000E+00  3.25722469555889535E-35  0.00000000000000000E+00  3.25722469555889535E-35
  7.8942026E+01  0.00000000000000000E+00  1.88454122990079396E-35  0.00000000000000000E+00  1.88454122990079396E-35
  7.9469252E+01  0.00000000000000000E+00  1.08737684952010530E-35  0.00000000000000000E+00  1.08737684952010530E-35
  8.0000000E+01  0.00000000000000000E+00  6.22170546874123331E-36  0.00000000000000000E+00  6.22170546874123331E-36
