  0.0000000E+00  0.0000000E+00  0.0000000E+00  6.7133797E+00
  8.8911955E-07 -3.0322903E-06 -9.0012971E-06  6.7133905E+00
  1.7841772E-06 -6.0848322E-06 -1.8062711E-05  6.7133909E+00
  2.6852126E-06 -9.1577609E-06 -2.7184639E-05  6.7133895E+00
  3.5922658E-06 -1.2251213E-05 -3.6367493E-05  6.7133899E+00
  4.5053768E-06 -1.5365324E-05 -4.5611680E-05  6.7133910E+00
  5.4245861E-06 -1.8500234E-05 -5.4917594E-05  6.7133895E+00
  6.3499346E-06 -2.1656081E-05 -6.4285665E-05  6.7133894E+00
  7.2814630E-06 -2.4833005E-05 -7.3716313E-05  6.7133910E+00
  8.2192129E-06 -2.8031146E-05 -8.3209925E-05  6.7133898E+00
  9.1632256E-06 -3.1250646E-05 -9.2766947E-05  6.7133894E+00
  1.0113543E-05 -3.4491648E-05 -1.0238781E-04  6.7133907E+00
  1.1070207E-05 -3.7754296E-05 -1.1207292E-04  6.7133902E+00
  1.2033261E-05 -4.1038734E-05 -1.2182271E-04  6.7133899E+00
  1.3002746E-05 -4.4345107E-05 -1.3163762E-04  6.7133905E+00
  1.3978707E-05 -4.7673562E-05 -1.4151806E-04  6.7133894E+00
  1.4961185E-05 -5.1024247E-05 -1.5146451E-04  6.7133894E+00
  1.5950225E-05 -5.4397310E-05 -1.6147740E-04  6.7133909E+00
  1.6945870E-05 -5.7792901E-05 -1.7155714E-04  6.7133903E+00
  1.7948165E-05 -6.1211169E-05 -1.8170419E-04  6.7133895E+00
  1.8957154E-05 -6.4652267E-05 -1.9191903E-04  6.7133897E+00
  1.9972882E-05 -6.8116347E-05 -2.0220210E-04  6.7133907E+00
  2.0995393E-05 -7.1603562E-05 -2.1255383E-04  6.7133902E+00
  2.2024733E-05 -7.5114067E-05 -2.2297468E-04  6.7133894E+00
  2.3060948E-05 -7.8648017E-05 -2.3346517E-04  6.7133904E+00
  2.4104084E-05 -8.2205569E-05 -2.4402569E-04  6.7133901E+00
  2.5154186E-05 -8.5786881E-05 -2.5465673E-04  6.7133897E+00
  2.6211301E-05 -8.9392112E-05 -2.6535881E-04  6.7133904E+00
  2.7275476E-05 -9.3021420E-05 -2.7613233E-04  6.7133899E+00
  2.8346759E-05 -9.6674967E-05 -2.8697782E-04  6.7133902E+00
  2.9425197E-05 -1.0035291E-04 -2.9789574E-04  6.7133901E+00
  3.0510836E-05 -1.0405543E-04 -3.0888655E-04  6.7133894E+00
  3.1603727E-05 -1.0778267E-04 -3.1995082E-04  6.7133904E+00
  3.2703917E-05 -1.1153480E-04 -3.3108895E-04  6.7133901E+00
  3.3811454E-05 -1.1531199E-04 -3.4230145E-04  6.7133896E+00
  3.4926388E-05 -1.1911441E-04 -3.5358888E-04  6.7133904E+00
  3.6048768E-05 -1.2294222E-04 -3.6495167E-04  6.7133903E+00
  3.7178645E-05 -1.2679560E-04 -3.7639034E-04  6.7133899E+00
  3.8316067E-05 -1.3067471E-04 -3.8790540E-04  6.7133896E+00
  3.9461086E-05 -1.3457973E-04 -3.9949739E-04  6.7133900E+00
  4.0613752E-05 -1.3851083E-04 -4.1116680E-04  6.7133903E+00
  4.1774116E-05 -1.4246818E-04 -4.2291412E-04  6.7133901E+00
  4.2942230E-05 -1.4645197E-04 -4.3473991E-04  6.7133899E+00
  4.4118146E-05 -1.5046236E-04 -4.4664469E-04  6.7133902E+00
  4.5301915E-05 -1.5449953E-04 -4.5862895E-04  6.7133899E+00
  4.6493589E-05 -1.5856367E-04 -4.7069327E-04  6.7133899E+00
  4.7693223E-05 -1.6265495E-04 -4.8283818E-04  6.7133905E+00
  4.8900869E-05 -1.6677356E-04 -4.9506416E-04  6.7133899E+00
  5.0116580E-05 -1.7091967E-04 -5.0737179E-04  6.7133896E+00
  5.1340410E-05 -1.7509347E-04 -5.1976167E-04  6.7133901E+00
  5.2572414E-05 -1.7929515E-04 -5.3223427E-04  6.7133902E+00
  5.3812646E-05 -1.8352489E-04 -5.4479017E-04  6.7133901E+00
  5.5061161E-05 -1.8778287E-04 -5.5742992E-04  6.7133900E+00
  5.6318014E-05 -1.9206930E-04 -5.7015408E-04  6.7133899E+00
  5.7583261E-05 -1.9638435E-04 -5.8296325E-04  6.7133901E+00
  5.8856959E-05 -2.0072822E-04 -5.9585795E-04  6.7133902E+00
  6.0139163E-05 -2.0510110E-04 -6.0883876E-04  6.7133901E+00
  6.1429931E-05 -2.0950319E-04 -6.2190627E-04  6.7133899E+00
  6.2729319E-05 -2.1393468E-04 -6.3506106E-04  6.7133900E+00
  6.4037385E-05 -2.1839576E-04 -6.4830369E-04  6.7133899E+00
  6.5354187E-05 -2.2288664E-04 -6.6163478E-04  6.7133899E+00
  6.6679784E-05 -2.2740751E-04 -6.7505493E-04  6.7133903E+00
  6.8014234E-05 -2.3195857E-04 -6.8856465E-04  6.7133900E+00
  6.9357596E-05 -2.3654003E-04 -7.0216461E-04  6.7133898E+00
  7.0709930E-05 -2.4115209E-04 -7.1585543E-04  6.7133900E+00
  7.2071296E-05 -2.4579495E-04 -7.2963769E-04  6.7133903E+00
  7.3441754E-05 -2.5046881E-04 -7.4351194E-04  6.7133899E+00
  7.4821365E-05 -2.5517390E-04 -7.5747889E-04  6.7133898E+00
  7.6210190E-05 -2.5991040E-04 -7.7153914E-04  6.7133901E+00
  7.7608290E-05 -2.6467854E-04 -7.8569324E-04  6.7133897E+00
  7.9015728E-05 -2.6947852E-04 -7.9994194E-04  6.7133902E+00
  8.0432565E-05 -2.7431057E-04 -8.1428577E-04  6.7133904E+00
  8.1858865E-05 -2.7917488E-04 -8.2872534E-04  6.7133897E+00
  8.3294690E-05 -2.8407168E-04 -8.4326141E-04  6.7133899E+00
  8.4740105E-05 -2.8900118E-04 -8.5789458E-04  6.7133902E+00
  8.6195174E-05 -2.9396361E-04 -8.7262542E-04  6.7133899E+00
  8.7659960E-05 -2.9895918E-04 -8.8745467E-04  6.7133900E+00
  8.9134529E-05 -3.0398811E-04 -9.0238299E-04  6.7133902E+00
  9.0618946E-05 -3.0905063E-04 -9.1741093E-04  6.7133898E+00
  9.2113278E-05 -3.1414695E-04 -9.3253930E-04  6.7133899E+00
  9.3617589E-05 -3.1927732E-04 -9.4776872E-04  6.7133902E+00
  9.5131947E-05 -3.2444195E-04 -9.6309981E-04  6.7133900E+00
  9.6656419E-05 -3.2964107E-04 -9.7853331E-04  6.7133900E+00
  9.8191072E-05 -3.3487492E-04 -9.9406987E-04  6.7133900E+00
  9.9735974E-05 -3.4014372E-04 -1.0097102E-03  6.7133900E+00
  1.0129119E-04 -3.4544770E-04 -1.0254550E-03  6.7133901E+00
  1.0285680E-04 -3.5078712E-04 -1.0413049E-03  6.7133898E+00
  1.0443287E-04 -3.5616219E-04 -1.0572607E-03  6.7133898E+00
  1.0601945E-04 -3.6157316E-04 -1.0733231E-03  6.7133902E+00
  1.0761664E-04 -3.6702027E-04 -1.0894928E-03  6.7133901E+00
  1.0922449E-04 -3.7250375E-04 -1.1057704E-03  6.7133899E+00
  1.1084308E-04 -3.7802386E-04 -1.1221567E-03  6.7133898E+00
  1.1247248E-04 -3.8358084E-04 -1.1386525E-03  6.7133900E+00
  1.1411277E-04 -3.8917493E-04 -1.1552585E-03  6.7133902E+00
  1.1576401E-04 -3.9480638E-04 -1.1719753E-03  6.7133901E+00
  1.1742627E-04 -4.0047544E-04 -1.1888038E-03  6.7133898E+00
  1.1909964E-04 -4.0618236E-04 -1.2057447E-03  6.7133901E+00
  1.2078418E-04 -4.1192740E-04 -1.2227987E-03  6.7133900E+00
  1.2247998E-04 -4.1771081E-04 -1.2399666E-03  6.7133898E+00
  1.2418710E-04 -4.2353284E-04 -1.2572493E-03  6.7133901E+00
  1.2590562E-04 -4.2939375E-04 -1.2746473E-03  6.7133900E+00
  1.2763562E-04 -4.3529381E-04 -1.2921615E-03  6.7133899E+00
  1.2937717E-04 -4.4123327E-04 -1.3097927E-03  6.7133900E+00
  1.3113035E-04 -4.4721240E-04 -1.3275416E-03  6.7133901E+00
  1.3289524E-04 -4.5323147E-04 -1.3454091E-03  6.7133900E+00
  1.3467192E-04 -4.5929073E-04 -1.3633958E-03  6.7133898E+00
  1.3646047E-04 -4.6539046E-04 -1.3815028E-03  6.7133899E+00
  1.3826096E-04 -4.7153092E-04 -1.3997307E-03  6.7133901E+00
  1.4007347E-04 -4.7771240E-04 -1.4180803E-03  6.7133901E+00
  1.4189809E-04 -4.8393516E-04 -1.4365524E-03  6.7133897E+00
  1.4373490E-04 -4.9019948E-04 -1.4551479E-03  6.7133899E+00
  1.4558397E-04 -4.9650564E-04 -1.4738676E-03  6.7133901E+00
  1.4744540E-04 -5.0285391E-04 -1.4927123E-03  6.7133899E+00
  1.4931925E-04 -5.0924458E-04 -1.5116829E-03  6.7133898E+00
  1.5120562E-04 -5.1567794E-04 -1.5307802E-03  6.7133898E+00
  1.5310459E-04 -5.2215425E-04 -1.5500051E-03  6.7133901E+00
  1.5501624E-04 -5.2867383E-04 -1.5693583E-03  6.7133900E+00
  1.5694066E-04 -5.3523694E-04 -1.5888407E-03  6.7133899E+00
  1.5887793E-04 -5.4184389E-04 -1.6084534E-03  6.7133900E+00
  1.6082813E-04 -5.4849496E-04 -1.6281969E-03  6.7133898E+00
  1.6279137E-04 -5.5519045E-04 -1.6480723E-03  6.7133897E+00
  1.6476771E-04 -5.6193066E-04 -1.6680806E-03  6.7133902E+00
  1.6675726E-04 -5.6871588E-04 -1.6882224E-03  6.7133900E+00
  1.6876009E-04 -5.7554642E-04 -1.7084987E-03  6.7133897E+00
  1.7077630E-04 -5.8242258E-04 -1.7289104E-03  6.7133899E+00
  1.7280597E-04 -5.8934466E-04 -1.7494585E-03  6.7133900E+00
  1.7484920E-04 -5.9631298E-04 -1.7701438E-03  6.7133898E+00
  1.7690607E-04 -6.0332783E-04 -1.7909673E-03  6.7133899E+00
  1.7897668E-04 -6.1038953E-04 -1.8119298E-03  6.7133900E+00
  1.8106113E-04 -6.1749839E-04 -1.8330323E-03  6.7133898E+00
  1.8315949E-04 -6.2465474E-04 -1.8542758E-03  6.7133899E+00
  1.8527186E-04 -6.3185887E-04 -1.8756611E-03  6.7133900E+00
  1.8739835E-04 -6.3911112E-04 -1.8971893E-03  6.7133898E+00
  1.8953903E-04 -6.4641181E-04 -1.9188612E-03  6.7133898E+00
  1.9169402E-04 -6.5376125E-04 -1.9406779E-03  6.7133899E+00
  1.9386339E-04 -6.6115978E-04 -1.9626403E-03  6.7133900E+00
  1.9604726E-04 -6.6860772E-04 -1.9847494E-03  6.7133899E+00
  1.9824571E-04 -6.7610540E-04 -2.0070061E-03  6.7133898E+00
  2.0045884E-04 -6.8365316E-04 -2.0294115E-03  6.7133898E+00
  2.0268675E-04 -6.9125132E-04 -2.0519665E-03  6.7133898E+00
  2.0492954E-04 -6.9890023E-04 -2.0746721E-03  6.7133899E+00
  2.0718731E-04 -7.0660023E-04 -2.0975294E-03  6.7133899E+00
  2.0946016E-04 -7.1435165E-04 -2.1205394E-03  6.7133899E+00
  2.1174819E-04 -7.2215484E-04 -2.1437030E-03  6.7133897E+00
  2.1405150E-04 -7.3001014E-04 -2.1670213E-03  6.7133898E+00
  2.1637019E-04 -7.3791791E-04 -2.1904954E-03  6.7133898E+00
  2.1870437E-04 -7.4587849E-04 -2.2141262E-03  6.7133898E+00
  2.2105414E-04 -7.5389223E-04 -2.2379149E-03  6.7133899E+00
  2.2341960E-04 -7.6195950E-04 -2.2618624E-03  6.7133898E+00
  2.2580086E-04 -7.7008065E-04 -2.2859698E-03  6.7133897E+00
  2.2819802E-04 -7.7825603E-04 -2.3102383E-03  6.7133898E+00
  2.3061120E-04 -7.8648601E-04 -2.3346689E-03  6.7133898E+00
  2.3304049E-04 -7.9477096E-04 -2.3592626E-03  6.7133897E+00
  2.3548600E-04 -8.0311124E-04 -2.3840206E-03  6.7133898E+00
  2.3794785E-04 -8.1150723E-04 -2.4089439E-03  6.7133898E+00
  2.4042613E-04 -8.1995928E-04 -2.4340336E-03  6.7133898E+00
  2.4292097E-04 -8.2846779E-04 -2.4592910E-03  6.7133898E+00
  2.4543248E-04 -8.3703312E-04 -2.4847170E-03  6.7133897E+00
  2.4796075E-04 -8.4565565E-04 -2.5103128E-03  6.7133898E+00
  2.5050591E-04 -8.5433578E-04 -2.5360796E-03  6.7133898E+00
  2.5306807E-04 -8.6307387E-04 -2.5620184E-03  6.7133897E+00
  2.5564734E-04 -8.7187032E-04 -2.5881306E-03  6.7133897E+00
  2.5824384E-04 -8.8072552E-04 -2.6144171E-03  6.7133898E+00
  2.6085768E-04 -8.8963986E-04 -2.6408791E-03  6.7133898E+00
  2.6348897E-04 -8.9861374E-04 -2.6675179E-03  6.7133896E+00
  2.6613784E-04 -9.0764755E-04 -2.6943346E-03  6.7133897E+00
  2.6880440E-04 -9.1674169E-04 -2.7213304E-03  6.7133898E+00
  2.7148877E-04 -9.2589657E-04 -2.7485064E-03  6.7133897E+00
  2.7419106E-04 -9.3511260E-04 -2.7758641E-03  6.7133897E+00
  2.7691141E-04 -9.4439017E-04 -2.8034043E-03  6.7133897E+00
  2.7964992E-04 -9.5372970E-04 -2.8311286E-03  6.7133896E+00
  2.8240672E-04 -9.6313161E-04 -2.8590380E-03  6.7133897E+00
  2.8518193E-04 -9.7259631E-04 -2.8871338E-03  6.7133897E+00
  2.8797568E-04 -9.8212423E-04 -2.9154172E-03  6.7133897E+00
  2.9078809E-04 -9.9171577E-04 -2.9438895E-03  6.7133896E+00
  2.9361927E-04 -1.0013714E-03 -2.9725520E-03  6.7133896E+00
  2.9646937E-04 -1.0110915E-03 -3.0014059E-03  6.7133897E+00
  2.9933850E-04 -1.0208765E-03 -3.0304525E-03  6.7133897E+00
  3.0222680E-04 -1.0307268E-03 -3.0596931E-03  6.7133897E+00
  3.0513438E-04 -1.0406430E-03 -3.0891290E-03  6.7133895E+00
  3.0806139E-04 -1.0506254E-03 -3.1187614E-03  6.7133895E+00
  3.1100794E-04 -1.0606744E-03 -3.1485919E-03  6.7133897E+00
  3.1397417E-04 -1.0707906E-03 -3.1786215E-03  6.7133896E+00
  3.1696021E-04 -1.0809743E-03 -3.2088516E-03  6.7133895E+00
  3.1996619E-04 -1.0912260E-03 -3.2392837E-03  6.7133895E+00
  3.2299225E-04 -1.1015462E-03 -3.2699190E-03  6.7133896E+00
  3.2603852E-04 -1.1119353E-03 -3.3007589E-03  6.7133896E+00
  3.2910514E-04 -1.1223938E-03 -3.3318048E-03  6.7133895E+00
  3.3219223E-04 -1.1329222E-03 -3.3630580E-03  6.7133896E+00
  3.3529994E-04 -1.1435209E-03 -3.3945200E-03  6.7133895E+00
  3.3842841E-04 -1.1541903E-03 -3.4261921E-03  6.7133895E+00
  3.4157777E-04 -1.1649310E-03 -3.4580757E-03  6.7133895E+00
  3.4474817E-04 -1.1757435E-03 -3.4901722E-03  6.7133895E+00
  3.4793974E-04 -1.1866281E-03 -3.5224831E-03  6.7133896E+00
  3.5115262E-04 -1.1975855E-03 -3.5550098E-03  6.7133895E+00
  3.5438696E-04 -1.2086160E-03 -3.5877537E-03  6.7133895E+00
  3.5764291E-04 -1.2197202E-03 -3.6207164E-03  6.7133895E+00
  3.6092060E-04 -1.2308986E-03 -3.6538991E-03  6.7133894E+00
  3.6422018E-04 -1.2421516E-03 -3.6873035E-03  6.7133894E+00
  3.6754179E-04 -1.2534798E-03 -3.7209310E-03  6.7133895E+00
  3.7088559E-04 -1.2648836E-03 -3.7547830E-03  6.7133894E+00
  3.7425172E-04 -1.2763636E-03 -3.7888612E-03  6.7133894E+00
  3.7764034E-04 -1.2879203E-03 -3.8231669E-03  6.7133894E+00
  3.8105158E-04 -1.2995541E-03 -3.8577018E-03  6.7133894E+00
  3.8448561E-04 -1.3112657E-03 -3.8924673E-03  6.7133893E+00
  3.8794257E-04 -1.3230555E-03 -3.9274650E-03  6.7133894E+00
  3.9142262E-04 -1.3349240E-03 -3.9626964E-03  6.7133894E+00
  3.9492591E-04 -1.3468717E-03 -3.9981631E-03  6.7133893E+00
  3.9845260E-04 -1.3588993E-03 -4.0338667E-03  6.7133894E+00
  4.0200284E-04 -1.3710072E-03 -4.0698088E-03  6.7133893E+00
  4.0557679E-04 -1.3831959E-03 -4.1059908E-03  6.7133893E+00
  4.0917462E-04 -1.3954661E-03 -4.1424146E-03  6.7133893E+00
  4.1279647E-04 -1.4078182E-03 -4.1790816E-03  6.7133893E+00
  4.1644251E-04 -1.4202528E-03 -4.2159935E-03  6.7133893E+00
  4.2011290E-04 -1.4327705E-03 -4.2531518E-03  6.7133892E+00
  4.2380780E-04 -1.4453717E-03 -4.2905584E-03  6.7133892E+00
  4.2752738E-04 -1.4580571E-03 -4.3282148E-03  6.7133893E+00
  4.3127180E-04 -1.4708273E-03 -4.3661227E-03  6.7133892E+00
  4.3504123E-04 -1.4836827E-03 -4.4042838E-03  6.7133892E+00
  4.3883584E-04 -1.4966240E-03 -4.4426997E-03  6.7133892E+00
  4.4265578E-04 -1.5096517E-03 -4.4813722E-03  6.7133892E+00
  4.4650124E-04 -1.5227664E-03 -4.5203030E-03  6.7133891E+00
  4.5037238E-04 -1.5359687E-03 -4.5594937E-03  6.7133891E+00
  4.5426938E-04 -1.5492591E-03 -4.5989462E-03  6.7133891E+00
  4.5819240E-04 -1.5626384E-03 -4.6386623E-03  6.7133891E+00
  4.6214162E-04 -1.5761070E-03 -4.6786435E-03  6.7133891E+00
  4.6611722E-04 -1.5896655E-03 -4.7188918E-03  6.7133891E+00
  4.7011937E-04 -1.6033146E-03 -4.7594089E-03  6.7133891E+00
  4.7414825E-04 -1.6170549E-03 -4.8001965E-03  6.7133890E+00
  4.7820404E-04 -1.6308869E-03 -4.8412566E-03  6.7133890E+00
  4.8228691E-04 -1.6448113E-03 -4.8825910E-03  6.7133890E+00
  4.8639705E-04 -1.6588287E-03 -4.9242013E-03  6.7133890E+00
  4.9053464E-04 -1.6729397E-03 -4.9660896E-03  6.7133889E+00
  4.9469987E-04 -1.6871450E-03 -5.0082576E-03  6.7133890E+00
  4.9889291E-04 -1.7014451E-03 -5.0507072E-03  6.7133889E+00
  5.0311396E-04 -1.7158407E-03 -5.0934404E-03  6.7133889E+00
  5.0736320E-04 -1.7303325E-03 -5.1364590E-03  6.7133889E+00
  5.1164081E-04 -1.7449211E-03 -5.1797648E-03  6.7133889E+00
  5.1594700E-04 -1.7596070E-03 -5.2233599E-03  6.7133888E+00
  5.2028194E-04 -1.7743911E-03 -5.2672461E-03  6.7133889E+00
  5.2464584E-04 -1.7892739E-03 -5.3114255E-03  6.7133888E+00
  5.2903888E-04 -1.8042561E-03 -5.3558998E-03  6.7133888E+00
  5.3346126E-04 -1.8193384E-03 -5.4006713E-03  6.7133888E+00
  5.3791318E-04 -1.8345214E-03 -5.4457417E-03  6.7133887E+00
  5.4239483E-04 -1.8498058E-03 -5.4911132E-03  6.7133887E+00
  5.4690641E-04 -1.8651923E-03 -5.5367876E-03  6.7133887E+00
  5.5144812E-04 -1.8806815E-03 -5.5827671E-03  6.7133887E+00
  5.5602017E-04 -1.8962742E-03 -5.6290537E-03  6.7133887E+00
  5.6062275E-04 -1.9119711E-03 -5.6756494E-03  6.7133886E+00
  5.6525606E-04 -1.9277727E-03 -5.7225563E-03  6.7133886E+00
  5.6992033E-04 -1.9436799E-03 -5.7697765E-03  6.7133886E+00
  5.7461574E-04 -1.9596933E-03 -5.8173121E-03  6.7133886E+00
  5.7934251E-04 -1.9758137E-03 -5.8651651E-03  6.7133885E+00
  5.8410085E-04 -1.9920418E-03 -5.9133377E-03  6.7133885E+00
  5.8889098E-04 -2.0083782E-03 -5.9618321E-03  6.7133885E+00
  5.9371309E-04 -2.0248237E-03 -6.0106503E-03  6.7133885E+00
  5.9856740E-04 -2.0413791E-03 -6.0597946E-03  6.7133884E+00
  6.0345414E-04 -2.0580450E-03 -6.1092671E-03  6.7133884E+00
  6.0837352E-04 -2.0748222E-03 -6.1590699E-03  6.7133884E+00
  6.1332574E-04 -2.0917115E-03 -6.2092054E-03  6.7133884E+00
  6.1831105E-04 -2.1087136E-03 -6.2596758E-03  6.7133883E+00
  6.2332965E-04 -2.1258292E-03 -6.3104832E-03  6.7133883E+00
  6.2838176E-04 -2.1430592E-03 -6.3616299E-03  6.7133883E+00
  6.3346762E-04 -2.1604042E-03 -6.4131183E-03  6.7133882E+00
  6.3858744E-04 -2.1778651E-03 -6.4649505E-03  6.7133882E+00
  6.4374146E-04 -2.1954425E-03 -6.5171288E-03  6.7133882E+00
  6.4892990E-04 -2.2131374E-03 -6.5696557E-03  6.7133882E+00
  6.5415299E-04 -2.2309504E-03 -6.6225333E-03  6.7133881E+00
  6.5941096E-04 -2.2488824E-03 -6.6757641E-03  6.7133881E+00
  6.6470405E-04 -2.2669342E-03 -6.7293505E-03  6.7133881E+00
  6.7003249E-04 -2.2851065E-03 -6.7832947E-03  6.7133881E+00
  6.7539652E-04 -2.3034002E-03 -6.8375991E-03  6.7133880E+00
  6.8079637E-04 -2.3218161E-03 -6.8922663E-03  6.7133880E+00
  6.8623228E-04 -2.3403550E-03 -6.9472985E-03  6.7133880E+00
  6.9170450E-04 -2.3590177E-03 -7.0026983E-03  6.7133879E+00
  6.9721327E-04 -2.3778050E-03 -7.0584681E-03  6.7133879E+00
  7.0275883E-04 -2.3967178E-03 -7.1146103E-03  6.7133878E+00
  7.0834142E-04 -2.4157569E-03 -7.1711276E-03  6.7133878E+00
  7.1396130E-04 -2.4349232E-03 -7.2280222E-03  6.7133878E+00
  7.1961871E-04 -2.4542174E-03 -7.2852968E-03  6.7133877E+00
  7.2531391E-04 -2.4736405E-03 -7.3429540E-03  6.7133877E+00
  7.3104714E-04 -2.4931934E-03 -7.4009963E-03  6.7133877E+00
  7.3681866E-04 -2.5128768E-03 -7.4594261E-03  6.7133876E+00
  7.4262873E-04 -2.5326917E-03 -7.5182462E-03  6.7133876E+00
  7.4847760E-04 -2.5526390E-03 -7.5774592E-03  6.7133875E+00
  7.5436553E-04 -2.5727194E-03 -7.6370676E-03  6.7133875E+00
  7.6029279E-04 -2.5929340E-03 -7.6970741E-03  6.7133875E+00
  7.6625964E-04 -2.6132835E-03 -7.7574813E-03  6.7133874E+00
  7.7226633E-04 -2.6337690E-03 -7.8182920E-03  6.7133874E+00
  7.7831314E-04 -2.6543913E-03 -7.8795089E-03  6.7133873E+00
  7.8440033E-04 -2.6751513E-03 -7.9411345E-03  6.7133873E+00
  7.9052818E-04 -2.6960500E-03 -8.0031718E-03  6.7133873E+00
  7.9669696E-04 -2.7170882E-03 -8.0656234E-03  6.7133872E+00
  8.0290693E-04 -2.7382670E-03 -8.1284920E-03  6.7133872E+00
  8.0915838E-04 -2.7595872E-03 -8.1917806E-03  6.7133871E+00
  8.1545158E-04 -2.7810497E-03 -8.2554918E-03  6.7133871E+00
  8.2178681E-04 -2.8026557E-03 -8.3196286E-03  6.7133871E+00
  8.2816435E-04 -2.8244059E-03 -8.3841936E-03  6.7133870E+00
  8.3458448E-04 -2.8463014E-03 -8.4491899E-03  6.7133869E+00
  8.4104749E-04 -2.8683431E-03 -8.5146203E-03  6.7133869E+00
  8.4755367E-04 -2.8905320E-03 -8.5804876E-03  6.7133868E+00
  8.5410329E-04 -2.9128691E-03 -8.6467949E-03  6.7133868E+00
  8.6069666E-04 -2.9353554E-03 -8.7135450E-03  6.7133868E+00
  8.6733407E-04 -2.9579919E-03 -8.7807409E-03  6.7133867E+00
  8.7401580E-04 -2.9807795E-03 -8.8483855E-03  6.7133866E+00
  8.8074216E-04 -3.0037194E-03 -8.9164820E-03  6.7133866E+00
  8.8751344E-04 -3.0268124E-03 -8.9850332E-03  6.7133865E+00
  8.9432995E-04 -3.0500597E-03 -9.0540423E-03  6.7133865E+00
  9.0119198E-04 -3.0734623E-03 -9.1235123E-03  6.7133864E+00
  9.0809984E-04 -3.0970211E-03 -9.1934462E-03  6.7133864E+00
  9.1505383E-04 -3.1207373E-03 -9.2638471E-03  6.7133863E+00
  9.2205427E-04 -3.1446119E-03 -9.3347183E-03  6.7133863E+00
  9.2910146E-04 -3.1686459E-03 -9.4060628E-03  6.7133862E+00
  9.3619571E-04 -3.1928404E-03 -9.4778837E-03  6.7133861E+00
  9.4333735E-04 -3.2171965E-03 -9.5501844E-03  6.7133861E+00
  9.5052668E-04 -3.2417153E-03 -9.6229679E-03  6.7133860E+00
  9.5776403E-04 -3.2663979E-03 -9.6962375E-03  6.7133860E+00
  9.6504971E-04 -3.2912453E-03 -9.7699964E-03  6.7133859E+00
  9.7238405E-04 -3.3162586E-03 -9.8442479E-03  6.7133858E+00
  9.7976738E-04 -3.3414390E-03 -9.9189954E-03  6.7133858E+00
  9.8720001E-04 -3.3667875E-03 -9.9942420E-03  6.7133857E+00
  9.9468229E-04 -3.3923054E-03 -1.0069991E-02  6.7133856E+00
  1.0022145E-03 -3.4179937E-03 -1.0146246E-02  6.7133856E+00
  1.0097971E-03 -3.4438535E-03 -1.0223011E-02  6.7133855E+00
  1.0174303E-03 -3.4698861E-03 -1.0300288E-02  6.7133855E+00
  1.0251145E-03 -3.4960925E-03 -1.0378081E-02  6.7133854E+00
  1.0328499E-03 -3.5224739E-03 -1.0456394E-02  6.7133853E+00
  1.0406371E-03 -3.5490315E-03 -1.0535229E-02  6.7133852E+00
  1.0484763E-03 -3.5757665E-03 -1.0614592E-02  6.7133852E+00
  1.0563678E-03 -3.6026801E-03 -1.0694484E-02  6.7133851E+00
  1.0643120E-03 -3.6297734E-03 -1.0774910E-02  6.7133850E+00
  1.0723093E-03 -3.6570476E-03 -1.0855873E-02  6.7133849E+00
  1.0803600E-03 -3.6845040E-03 -1.0937376E-02  6.7133849E+00
  1.0884644E-03 -3.7121438E-03 -1.1019424E-02  6.7133848E+00
  1.0966230E-03 -3.7399681E-03 -1.1102020E-02  6.7133847E+00
  1.1048361E-03 -3.7679783E-03 -1.1185168E-02  6.7133846E+00
  1.1131040E-03 -3.7961756E-03 -1.1268871E-02  6.7133845E+00
  1.1214272E-03 -3.8245612E-03 -1.1353133E-02  6.7133845E+00
  1.1298059E-03 -3.8531363E-03 -1.1437958E-02  6.7133844E+00
  1.1382406E-03 -3.8819023E-03 -1.1523349E-02  6.7133843E+00
  1.1467316E-03 -3.9108604E-03 -1.1609310E-02  6.7133842E+00
  1.1552793E-03 -3.9400119E-03 -1.1695846E-02  6.7133841E+00
  1.1638841E-03 -3.9693582E-03 -1.1782959E-02  6.7133840E+00
  1.1725464E-03 -3.9989004E-03 -1.1870655E-02  6.7133839E+00
  1.1812666E-03 -4.0286399E-03 -1.1958936E-02  6.7133838E+00
  1.1900449E-03 -4.0585780E-03 -1.2047806E-02  6.7133837E+00
  1.1988819E-03 -4.0887161E-03 -1.2137271E-02  6.7133837E+00
  1.2077780E-03 -4.1190554E-03 -1.2227332E-02  6.7133836E+00
  1.2167334E-03 -4.1495974E-03 -1.2317995E-02  6.7133835E+00
  1.2257487E-03 -4.1803433E-03 -1.2409264E-02  6.7133834E+00
  1.2348241E-03 -4.2112946E-03 -1.2501142E-02  6.7133833E+00
  1.2439602E-03 -4.2424526E-03 -1.2593634E-02  6.7133832E+00
  1.2531573E-03 -4.2738187E-03 -1.2686744E-02  6.7133831E+00
  1.2624158E-03 -4.3053943E-03 -1.2780475E-02  6.7133830E+00
  1.2717361E-03 -4.3371808E-03 -1.2874832E-02  6.7133829E+00
  1.2811187E-03 -4.3691795E-03 -1.2969820E-02  6.7133828E+00
  1.2905640E-03 -4.4013920E-03 -1.3065442E-02  6.7133826E+00
  1.3000723E-03 -4.4338196E-03 -1.3161702E-02  6.7133825E+00
  1.3096441E-03 -4.4664638E-03 -1.3258606E-02  6.7133824E+00
  1.3192799E-03 -4.4993260E-03 -1.3356156E-02  6.7133823E+00
  1.3289800E-03 -4.5324076E-03 -1.3454358E-02  6.7133822E+00
  1.3387449E-03 -4.5657102E-03 -1.3553216E-02  6.7133821E+00
  1.3485750E-03 -4.5992352E-03 -1.3652735E-02  6.7133820E+00
  1.3584708E-03 -4.6329842E-03 -1.3752917E-02  6.7133818E+00
  1.3684327E-03 -4.6669585E-03 -1.3853769E-02  6.7133817E+00
  1.3784611E-03 -4.7011597E-03 -1.3955295E-02  6.7133816E+00
  1.3885564E-03 -4.7355893E-03 -1.4057498E-02  6.7133815E+00
  1.3987192E-03 -4.7702489E-03 -1.4160384E-02  6.7133813E+00
  1.4089499E-03 -4.8051400E-03 -1.4263958E-02  6.7133812E+00
  1.4192489E-03 -4.8402640E-03 -1.4368223E-02  6.7133811E+00
  1.4296167E-03 -4.8756227E-03 -1.4473184E-02  6.7133810E+00
  1.4400537E-03 -4.9112175E-03 -1.4578846E-02  6.7133808E+00
  1.4505604E-03 -4.9470501E-03 -1.4685214E-02  6.7133807E+00
  1.4611373E-03 -4.9831219E-03 -1.4792293E-02  6.7133806E+00
  1.4717848E-03 -5.0194347E-03 -1.4900086E-02  6.7133804E+00
  1.4825035E-03 -5.0559899E-03 -1.5008599E-02  6.7133803E+00
  1.4932937E-03 -5.0927894E-03 -1.5117838E-02  6.7133801E+00
  1.5041560E-03 -5.1298345E-03 -1.5227805E-02  6.7133800E+00
  1.5150908E-03 -5.1671271E-03 -1.5338507E-02  6.7133799E+00
  1.5260987E-03 -5.2046688E-03 -1.5449949E-02  6.7133797E+00
  1.5371801E-03 -5.2424612E-03 -1.5562135E-02  6.7133795E+00
  1.5483355E-03 -5.2805060E-03 -1.5675069E-02  6.7133794E+00
  1.5595654E-03 -5.3188048E-03 -1.5788759E-02  6.7133792E+00
  1.5708703E-03 -5.3573595E-03 -1.5903207E-02  6.7133791E+00
  1.5822507E-03 -5.3961716E-03 -1.6018420E-02  6.7133789E+00
  1.5937071E-03 -5.4352430E-03 -1.6134402E-02  6.7133788E+00
  1.6052400E-03 -5.4745753E-03 -1.6251159E-02  6.7133786E+00
  1.6168500E-03 -5.5141703E-03 -1.6368696E-02  6.7133784E+00
  1.6285374E-03 -5.5540297E-03 -1.6487018E-02  6.7133783E+00
  1.6403030E-03 -5.5941554E-03 -1.6606129E-02  6.7133781E+00
  1.6521471E-03 -5.6345490E-03 -1.6726037E-02  6.7133779E+00
  1.6640703E-03 -5.6752124E-03 -1.6846745E-02  6.7133777E+00
  1.6760732E-03 -5.7161474E-03 -1.6968259E-02  6.7133776E+00
  1.6881562E-03 -5.7573557E-03 -1.7090585E-02  6.7133774E+00
  1.7003199E-03 -5.7988393E-03 -1.7213728E-02  6.7133772E+00
  1.7125648E-03 -5.8405999E-03 -1.7337693E-02  6.7133770E+00
  1.7248916E-03 -5.8826395E-03 -1.7462486E-02  6.7133768E+00
  1.7373006E-03 -5.9249598E-03 -1.7588113E-02  6.7133766E+00
  1.7497925E-03 -5.9675627E-03 -1.7714579E-02  6.7133765E+00
  1.7623679E-03 -6.0104502E-03 -1.7841889E-02  6.7133763E+00
  1.7750272E-03 -6.0536241E-03 -1.7970049E-02  6.7133761E+00
  1.7877711E-03 -6.0970863E-03 -1.8099066E-02  6.7133759E+00
  1.8006001E-03 -6.1408388E-03 -1.8228944E-02  6.7133756E+00
  1.8135148E-03 -6.1848835E-03 -1.8359689E-02  6.7133754E+00
  1.8265158E-03 -6.2292224E-03 -1.8491308E-02  6.7133752E+00
  1.8396035E-03 -6.2738574E-03 -1.8623806E-02  6.7133750E+00
  1.8527787E-03 -6.3187905E-03 -1.8757188E-02  6.7133748E+00
  1.8660419E-03 -6.3640237E-03 -1.8891462E-02  6.7133746E+00
  1.8793936E-03 -6.4095590E-03 -1.9026632E-02  6.7133744E+00
  1.8928345E-03 -6.4553984E-03 -1.9162705E-02  6.7133741E+00
  1.9063652E-03 -6.5015439E-03 -1.9299686E-02  6.7133739E+00
  1.9199863E-03 -6.5479976E-03 -1.9437583E-02  6.7133737E+00
  1.9336983E-03 -6.5947616E-03 -1.9576400E-02  6.7133734E+00
  1.9475019E-03 -6.6418379E-03 -1.9716145E-02  6.7133732E+00
  1.9613977E-03 -6.6892286E-03 -1.9856823E-02  6.7133730E+00
  1.9753863E-03 -6.7369358E-03 -1.9998440E-02  6.7133727E+00
  1.9894683E-03 -6.7849616E-03 -2.0141003E-02  6.7133725E+00
  2.0036444E-03 -6.8333082E-03 -2.0284519E-02  6.7133722E+00
  2.0179151E-03 -6.8819776E-03 -2.0428992E-02  6.7133720E+00
  2.0322811E-03 -6.9309721E-03 -2.0574431E-02  6.7133717E+00
  2.0467431E-03 -6.9802939E-03 -2.0720841E-02  6.7133714E+00
  2.0613017E-03 -7.0299450E-03 -2.0868229E-02  6.7133712E+00
  2.0759576E-03 -7.0799277E-03 -2.1016601E-02  6.7133709E+00
  2.0907112E-03 -7.1302442E-03 -2.1165964E-02  6.7133706E+00
  2.1055635E-03 -7.1808968E-03 -2.1316324E-02  6.7133704E+00
  2.1205149E-03 -7.2318877E-03 -2.1467689E-02  6.7133701E+00
  2.1355662E-03 -7.2832191E-03 -2.1620065E-02  6.7133698E+00
  2.1507180E-03 -7.3348933E-03 -2.1773458E-02  6.7133695E+00
  2.1659710E-03 -7.3869127E-03 -2.1927876E-02  6.7133692E+00
  2.1813259E-03 -7.4392794E-03 -2.2083325E-02  6.7133689E+00
  2.1967833E-03 -7.4919959E-03 -2.2239812E-02  6.7133686E+00
  2.2123439E-03 -7.5450645E-03 -2.2397344E-02  6.7133683E+00
  2.2280085E-03 -7.5984875E-03 -2.2555928E-02  6.7133680E+00
  2.2437777E-03 -7.6522673E-03 -2.2715572E-02  6.7133677E+00
  2.2596522E-03 -7.7064063E-03 -2.2876282E-02  6.7133674E+00
  2.2756327E-03 -7.7609068E-03 -2.3038065E-02  6.7133671E+00
  2.2917200E-03 -7.8157714E-03 -2.3200928E-02  6.7133667E+00
  2.3079147E-03 -7.8710023E-03 -2.3364879E-02  6.7133664E+00
  2.3242175E-03 -7.9266021E-03 -2.3529925E-02  6.7133661E+00
  2.3406293E-03 -7.9825733E-03 -2.3696074E-02  6.7133657E+00
  2.3571506E-03 -8.0389182E-03 -2.3863332E-02  6.7133654E+00
  2.3737823E-03 -8.0956395E-03 -2.4031707E-02  6.7133650E+00
  2.3905251E-03 -8.1527396E-03 -2.4201206E-02  6.7133647E+00
  2.4073796E-03 -8.2102210E-03 -2.4371838E-02  6.7133643E+00
  2.4243468E-03 -8.2680863E-03 -2.4543609E-02  6.7133640E+00
  2.4414273E-03 -8.3263381E-03 -2.4716527E-02  6.7133636E+00
  2.4586218E-03 -8.3849789E-03 -2.4890600E-02  6.7133632E+00
  2.4759312E-03 -8.4440114E-03 -2.5065836E-02  6.7133628E+00
  2.4933562E-03 -8.5034381E-03 -2.5242242E-02  6.7133625E+00
  2.5108975E-03 -8.5632617E-03 -2.5419826E-02  6.7133621E+00
  2.5285560E-03 -8.6234848E-03 -2.5598596E-02  6.7133617E+00
  2.5463325E-03 -8.6841102E-03 -2.5778560E-02  6.7133613E+00
  2.5642276E-03 -8.7451404E-03 -2.5959726E-02  6.7133609E+00
  2.5822423E-03 -8.8065783E-03 -2.6142102E-02  6.7133604E+00
  2.6003773E-03 -8.8684264E-03 -2.6325695E-02  6.7133600E+00
  2.6186334E-03 -8.9306876E-03 -2.6510515E-02  6.7133596E+00
  2.6370114E-03 -8.9933647E-03 -2.6696570E-02  6.7133592E+00
  2.6555122E-03 -9.0564603E-03 -2.6883866E-02  6.7133587E+00
  2.6741365E-03 -9.1199773E-03 -2.7072414E-02  6.7133583E+00
  2.6928853E-03 -9.1839185E-03 -2.7262221E-02  6.7133579E+00
  2.7117592E-03 -9.2482868E-03 -2.7453296E-02  6.7133574E+00
  2.7307592E-03 -9.3130850E-03 -2.7645646E-02  6.7133569E+00
  2.7498861E-03 -9.3783159E-03 -2.7839281E-02  6.7133565E+00
  2.7691407E-03 -9.4439824E-03 -2.8034210E-02  6.7133560E+00
  2.7885239E-03 -9.5100876E-03 -2.8230440E-02  6.7133555E+00
  2.8080366E-03 -9.5766342E-03 -2.8427981E-02  6.7133550E+00
  2.8276796E-03 -9.6436252E-03 -2.8626841E-02  6.7133546E+00
  2.8474538E-03 -9.7110637E-03 -2.8827029E-02  6.7133541E+00
  2.8673600E-03 -9.7789525E-03 -2.9028554E-02  6.7133536E+00
  2.8873992E-03 -9.8472948E-03 -2.9231425E-02  6.7133530E+00
  2.9075722E-03 -9.9160935E-03 -2.9435651E-02  6.7133525E+00
  2.9278800E-03 -9.9853516E-03 -2.9641241E-02  6.7133520E+00
  2.9483234E-03 -1.0055072E-02 -2.9848203E-02  6.7133515E+00
  2.9689033E-03 -1.0125259E-02 -3.0056548E-02  6.7133509E+00
  2.9896207E-03 -1.0195914E-02 -3.0266285E-02  6.7133504E+00
  3.0104764E-03 -1.0267041E-02 -3.0477422E-02  6.7133498E+00
  3.0314714E-03 -1.0338643E-02 -3.0689969E-02  6.7133493E+00
  3.0526066E-03 -1.0410723E-02 -3.0903936E-02  6.7133487E+00
  3.0738830E-03 -1.0483285E-02 -3.1119331E-02  6.7133481E+00
  3.0953015E-03 -1.0556331E-02 -3.1336165E-02  6.7133475E+00
  3.1168630E-03 -1.0629865E-02 -3.1554448E-02  6.7133469E+00
  3.1385686E-03 -1.0703890E-02 -3.1774188E-02  6.7133463E+00
  3.1604191E-03 -1.0778409E-02 -3.1995395E-02  6.7133457E+00
  3.1824155E-03 -1.0853427E-02 -3.2218080E-02  6.7133451E+00
  3.2045588E-03 -1.0928945E-02 -3.2442252E-02  6.7133445E+00
  3.2268501E-03 -1.1004967E-02 -3.2667921E-02  6.7133438E+00
  3.2492901E-03 -1.1081498E-02 -3.2895098E-02  6.7133432E+00
  3.2718801E-03 -1.1158539E-02 -3.3123791E-02  6.7133425E+00
  3.2946210E-03 -1.1236095E-02 -3.3354012E-02  6.7133419E+00
  3.3175137E-03 -1.1314169E-02 -3.3585770E-02  6.7133412E+00
  3.3405593E-03 -1.1392764E-02 -3.3819076E-02  6.7133405E+00
  3.3637588E-03 -1.1471885E-02 -3.4053940E-02  6.7133398E+00
  3.3871133E-03 -1.1551533E-02 -3.4290373E-02  6.7133391E+00
  3.4106237E-03 -1.1631714E-02 -3.4528385E-02  6.7133384E+00
  3.4342912E-03 -1.1712430E-02 -3.4767986E-02  6.7133377E+00
  3.4581167E-03 -1.1793685E-02 -3.5009188E-02  6.7133370E+00
  3.4821013E-03 -1.1875483E-02 -3.5252000E-02  6.7133362E+00
  3.5062461E-03 -1.1957827E-02 -3.5496434E-02  6.7133355E+00
  3.5305522E-03 -1.2040721E-02 -3.5742500E-02  6.7133347E+00
  3.5550206E-03 -1.2124169E-02 -3.5990209E-02  6.7133340E+00
  3.5796525E-03 -1.2208174E-02 -3.6239573E-02  6.7133332E+00
  3.6044488E-03 -1.2292740E-02 -3.6490603E-02  6.7133324E+00
  3.6294108E-03 -1.2377870E-02 -3.6743308E-02  6.7133316E+00
  3.6545394E-03 -1.2463570E-02 -3.6997702E-02  6.7133308E+00
  3.6798359E-03 -1.2549841E-02 -3.7253794E-02  6.7133300E+00
  3.7053013E-03 -1.2636689E-02 -3.7511597E-02  6.7133291E+00
  3.7309368E-03 -1.2724117E-02 -3.7771121E-02  6.7133283E+00
  3.7567435E-03 -1.2812129E-02 -3.8032378E-02  6.7133274E+00
  3.7827226E-03 -1.2900728E-02 -3.8295381E-02  6.7133265E+00
  3.8088752E-03 -1.2989920E-02 -3.8560139E-02  6.7133257E+00
  3.8352024E-03 -1.3079707E-02 -3.8826666E-02  6.7133248E+00
  3.8617055E-03 -1.3170093E-02 -3.9094973E-02  6.7133239E+00
  3.8883856E-03 -1.3261084E-02 -3.9365071E-02  6.7133229E+00
  3.9152438E-03 -1.3352681E-02 -3.9636974E-02  6.7133220E+00
  3.9422814E-03 -1.3444891E-02 -3.9910692E-02  6.7133211E+00
  3.9694996E-03 -1.3537717E-02 -4.0186238E-02  6.7133201E+00
  3.9968996E-03 -1.3631162E-02 -4.0463625E-02  6.7133192E+00
  4.0244826E-03 -1.3725232E-02 -4.0742864E-02  6.7133182E+00
  4.0522498E-03 -1.3819929E-02 -4.1023968E-02  6.7133172E+00
  4.0802025E-03 -1.3915260E-02 -4.1306949E-02  6.7133162E+00
  4.1083418E-03 -1.4011226E-02 -4.1591820E-02  6.7133151E+00
  4.1366691E-03 -1.4107834E-02 -4.1878593E-02  6.7133141E+00
  4.1651855E-03 -1.4205087E-02 -4.2167282E-02  6.7133131E+00
  4.1938924E-03 -1.4302990E-02 -4.2457898E-02  6.7133120E+00
  4.2227911E-03 -1.4401546E-02 -4.2750455E-02  6.7133109E+00
  4.2518827E-03 -1.4500761E-02 -4.3044966E-02  6.7133098E+00
  4.2811686E-03 -1.4600638E-02 -4.3341444E-02  6.7133087E+00
  4.3106501E-03 -1.4701182E-02 -4.3639902E-02  6.7133076E+00
  4.3403285E-03 -1.4802398E-02 -4.3940353E-02  6.7133064E+00
  4.3702052E-03 -1.4904289E-02 -4.4242811E-02  6.7133053E+00
  4.4002813E-03 -1.5006861E-02 -4.4547288E-02  6.7133041E+00
  4.4305583E-03 -1.5110119E-02 -4.4853799E-02  6.7133029E+00
  4.4610376E-03 -1.5214065E-02 -4.5162357E-02  6.7133017E+00
  4.4917204E-03 -1.5318706E-02 -4.5472975E-02  6.7133005E+00
  4.5226081E-03 -1.5424046E-02 -4.5785668E-02  6.7132993E+00
  4.5537021E-03 -1.5530090E-02 -4.6100449E-02  6.7132980E+00
  4.5850038E-03 -1.5636841E-02 -4.6417332E-02  6.7132968E+00
  4.6165145E-03 -1.5744306E-02 -4.6736331E-02  6.7132955E+00
  4.6482356E-03 -1.5852488E-02 -4.7057461E-02  6.7132942E+00
  4.6801687E-03 -1.5961393E-02 -4.7380735E-02  6.7132928E+00
  4.7123150E-03 -1.6071025E-02 -4.7706169E-02  6.7132915E+00
  4.7446759E-03 -1.6181389E-02 -4.8033775E-02  6.7132901E+00
  4.7772531E-03 -1.6292490E-02 -4.8363569E-02  6.7132888E+00
  4.8100477E-03 -1.6404333E-02 -4.8695566E-02  6.7132874E+00
  4.8430615E-03 -1.6516924E-02 -4.9029780E-02  6.7132860E+00
  4.8762956E-03 -1.6630266E-02 -4.9366226E-02  6.7132845E+00
  4.9097518E-03 -1.6744365E-02 -4.9704918E-02  6.7132831E+00
  4.9434314E-03 -1.6859226E-02 -5.0045873E-02  6.7132816E+00
  4.9773359E-03 -1.6974854E-02 -5.0389104E-02  6.7132801E+00
  5.0114669E-03 -1.7091255E-02 -5.0734628E-02  6.7132786E+00
  5.0458258E-03 -1.7208432E-02 -5.1082459E-02  6.7132771E+00
  5.0804142E-03 -1.7326393E-02 -5.1432613E-02  6.7132755E+00
  5.1152336E-03 -1.7445141E-02 -5.1785105E-02  6.7132739E+00
  5.1502855E-03 -1.7564682E-02 -5.2139952E-02  6.7132723E+00
  5.1855716E-03 -1.7685022E-02 -5.2497167E-02  6.7132707E+00
  5.2210933E-03 -1.7806165E-02 -5.2856769E-02  6.7132691E+00
  5.2568522E-03 -1.7928117E-02 -5.3218772E-02  6.7132674E+00
  5.2928499E-03 -1.8050884E-02 -5.3583192E-02  6.7132657E+00
  5.3290881E-03 -1.8174471E-02 -5.3950046E-02  6.7132640E+00
  5.3655683E-03 -1.8298883E-02 -5.4319350E-02  6.7132623E+00
  5.4022921E-03 -1.8424126E-02 -5.4691121E-02  6.7132605E+00
  5.4392612E-03 -1.8550205E-02 -5.5065373E-02  6.7132588E+00
  5.4764772E-03 -1.8677127E-02 -5.5442126E-02  6.7132570E+00
  5.5139418E-03 -1.8804896E-02 -5.5821394E-02  6.7132551E+00
  5.5516566E-03 -1.8933518E-02 -5.6203195E-02  6.7132533E+00
  5.5896232E-03 -1.9062999E-02 -5.6587545E-02  6.7132514E+00
  5.6278434E-03 -1.9193345E-02 -5.6974463E-02  6.7132495E+00
  5.6663189E-03 -1.9324562E-02 -5.7363964E-02  6.7132476E+00
  5.7050513E-03 -1.9456655E-02 -5.7756066E-02  6.7132456E+00
  5.7440425E-03 -1.9589630E-02 -5.8150786E-02  6.7132436E+00
  5.7832940E-03 -1.9723493E-02 -5.8548143E-02  6.7132416E+00
  5.8228077E-03 -1.9858250E-02 -5.8948153E-02  6.7132396E+00
  5.8625852E-03 -1.9993907E-02 -5.9350835E-02  6.7132375E+00
  5.9026285E-03 -2.0130471E-02 -5.9756205E-02  6.7132354E+00
  5.9429391E-03 -2.0267946E-02 -6.0164283E-02  6.7132333E+00
  5.9835190E-03 -2.0406339E-02 -6.0575085E-02  6.7132312E+00
  6.0243699E-03 -2.0545656E-02 -6.0988631E-02  6.7132290E+00
  6.0654936E-03 -2.0685904E-02 -6.1404939E-02  6.7132268E+00
  6.1068920E-03 -2.0827089E-02 -6.1824026E-02  6.7132246E+00
  6.1485669E-03 -2.0969216E-02 -6.2245913E-02  6.7132223E+00
  6.1905201E-03 -2.1112293E-02 -6.2670616E-02  6.7132200E+00
  6.2327535E-03 -2.1256325E-02 -6.3098156E-02  6.7132177E+00
  6.2752689E-03 -2.1401319E-02 -6.3528551E-02  6.7132153E+00
  6.3180683E-03 -2.1547282E-02 -6.3961819E-02  6.7132129E+00
  6.3611536E-03 -2.1694219E-02 -6.4397982E-02  6.7132105E+00
  6.4045266E-03 -2.1842137E-02 -6.4837056E-02  6.7132080E+00
  6.4481892E-03 -2.1991044E-02 -6.5279063E-02  6.7132055E+00
  6.4921435E-03 -2.2140944E-02 -6.5724022E-02  6.7132030E+00
  6.5363913E-03 -2.2291846E-02 -6.6171952E-02  6.7132005E+00
  6.5809347E-03 -2.2443756E-02 -6.6622873E-02  6.7131979E+00
  6.6257755E-03 -2.2596680E-02 -6.7076805E-02  6.7131952E+00
  6.6709158E-03 -2.2750626E-02 -6.7533768E-02  6.7131926E+00
  6.7163576E-03 -2.2905599E-02 -6.7993783E-02  6.7131899E+00
  6.7621028E-03 -2.3061608E-02 -6.8456870E-02  6.7131871E+00
  6.8081536E-03 -2.3218658E-02 -6.8923049E-02  6.7131844E+00
  6.8545120E-03 -2.3376758E-02 -6.9392341E-02  6.7131816E+00
  6.9011799E-03 -2.3535913E-02 -6.9864767E-02  6.7131787E+00
  6.9481596E-03 -2.3696131E-02 -7.0340348E-02  6.7131758E+00
  6.9954530E-03 -2.3857419E-02 -7.0819104E-02  6.7131729E+00
  7.0430622E-03 -2.4019784E-02 -7.1301057E-02  6.7131699E+00
  7.0909894E-03 -2.4183233E-02 -7.1786229E-02  6.7131669E+00
  7.1392367E-03 -2.4347775E-02 -7.2274641E-02  6.7131639E+00
  7.1878063E-03 -2.4513414E-02 -7.2766314E-02  6.7131608E+00
  7.2367002E-03 -2.4680161E-02 -7.3261270E-02  6.7131577E+00
  7.2859206E-03 -2.4848020E-02 -7.3759531E-02  6.7131545E+00
  7.3354698E-03 -2.5017001E-02 -7.4261120E-02  6.7131513E+00
  7.3853499E-03 -2.5187110E-02 -7.4766057E-02  6.7131480E+00
  7.4355631E-03 -2.5358356E-02 -7.5274367E-02  6.7131447E+00
  7.4861117E-03 -2.5530745E-02 -7.5786071E-02  6.7131414E+00
  7.5369979E-03 -2.5704285E-02 -7.6301192E-02  6.7131380E+00
  7.5882239E-03 -2.5878984E-02 -7.6819752E-02  6.7131345E+00
  7.6397921E-03 -2.6054850E-02 -7.7341775E-02  6.7131311E+00
  7.6917046E-03 -2.6231890E-02 -7.7867284E-02  6.7131275E+00
  7.7439639E-03 -2.6410113E-02 -7.8396302E-02  6.7131239E+00
  7.7965722E-03 -2.6589526E-02 -7.8928853E-02  6.7131203E+00
  7.8495318E-03 -2.6770137E-02 -7.9464960E-02  6.7131166E+00
  7.9028452E-03 -2.6951954E-02 -8.0004646E-02  6.7131129E+00
  7.9565146E-03 -2.7134985E-02 -8.0547936E-02  6.7131091E+00
  8.0105424E-03 -2.7319239E-02 -8.1094854E-02  6.7131053E+00
  8.0649311E-03 -2.7504724E-02 -8.1645424E-02  6.7131014E+00
  8.1196830E-03 -2.7691447E-02 -8.2199670E-02  6.7130975E+00
  8.1748006E-03 -2.7879417E-02 -8.2757617E-02  6.7130935E+00
  8.2302863E-03 -2.8068642E-02 -8.3319290E-02  6.7130895E+00
  8.2861425E-03 -2.8259131E-02 -8.3884713E-02  6.7130854E+00
  8.3423718E-03 -2.8450892E-02 -8.4453912E-02  6.7130812E+00
  8.3989767E-03 -2.8643934E-02 -8.5026911E-02  6.7130770E+00
  8.4559595E-03 -2.8838265E-02 -8.5603736E-02  6.7130728E+00
  8.5133230E-03 -2.9033893E-02 -8.6184413E-02  6.7130685E+00
  8.5710695E-03 -2.9230829E-02 -8.6768968E-02  6.7130641E+00
  8.6292018E-03 -2.9429079E-02 -8.7357425E-02  6.7130596E+00
  8.6877222E-03 -2.9628653E-02 -8.7949812E-02  6.7130551E+00
  8.7466336E-03 -2.9829560E-02 -8.8546154E-02  6.7130506E+00
  8.8059383E-03 -3.0031809E-02 -8.9146478E-02  6.7130460E+00
  8.8656391E-03 -3.0235409E-02 -8.9750810E-02  6.7130413E+00
  8.9257387E-03 -3.0440368E-02 -9.0359178E-02  6.7130365E+00
  8.9862396E-03 -3.0646696E-02 -9.0971608E-02  6.7130317E+00
  9.0471446E-03 -3.0854401E-02 -9.1588126E-02  6.7130269E+00
  9.1084564E-03 -3.1063494E-02 -9.2208762E-02  6.7130219E+00
  9.1701776E-03 -3.1273984E-02 -9.2833541E-02  6.7130169E+00
  9.2323111E-03 -3.1485878E-02 -9.3462492E-02  6.7130118E+00
  9.2948595E-03 -3.1699188E-02 -9.4095643E-02  6.7130067E+00
  9.3578257E-03 -3.1913923E-02 -9.4733021E-02  6.7130015E+00
  9.4212124E-03 -3.2130091E-02 -9.5374655E-02  6.7129962E+00
  9.4850224E-03 -3.2347704E-02 -9.6020572E-02  6.7129909E+00
  9.5492586E-03 -3.2566769E-02 -9.6670803E-02  6.7129854E+00
  9.6139238E-03 -3.2787297E-02 -9.7325375E-02  6.7129799E+00
  9.6790209E-03 -3.3009298E-02 -9.7984317E-02  6.7129744E+00
  9.7445527E-03 -3.3232782E-02 -9.8647660E-02  6.7129687E+00
  9.8105222E-03 -3.3457758E-02 -9.9315431E-02  6.7129630E+00
  9.8769323E-03 -3.3684236E-02 -9.9987660E-02  6.7129572E+00
  9.9437859E-03 -3.3912227E-02 -1.0066438E-01  6.7129513E+00
  1.0011086E-02 -3.4141741E-02 -1.0134561E-01  6.7129454E+00
  1.0078836E-02 -3.4372787E-02 -1.0203140E-01  6.7129393E+00
  1.0147038E-02 -3.4605376E-02 -1.0272176E-01  6.7129332E+00
  1.0215695E-02 -3.4839518E-02 -1.0341673E-01  6.7129270E+00
  1.0284811E-02 -3.5075224E-02 -1.0411635E-01  6.7129207E+00
  1.0354389E-02 -3.5312504E-02 -1.0482063E-01  6.7129143E+00
  1.0424431E-02 -3.5551368E-02 -1.0552962E-01  6.7129079E+00
  1.0494942E-02 -3.5791828E-02 -1.0624334E-01  6.7129013E+00
  1.0565923E-02 -3.6033894E-02 -1.0696182E-01  6.7128947E+00
  1.0637378E-02 -3.6277576E-02 -1.0768510E-01  6.7128880E+00
  1.0709310E-02 -3.6522885E-02 -1.0841321E-01  6.7128812E+00
  1.0781723E-02 -3.6769832E-02 -1.0914618E-01  6.7128743E+00
  1.0854619E-02 -3.7018429E-02 -1.0988405E-01  6.7128673E+00
  1.0928003E-02 -3.7268685E-02 -1.1062684E-01  6.7128602E+00
  1.1001876E-02 -3.7520613E-02 -1.1137459E-01  6.7128530E+00
  1.1076243E-02 -3.7774224E-02 -1.1212733E-01  6.7128457E+00
  1.1151106E-02 -3.8029527E-02 -1.1288510E-01  6.7128383E+00
  1.1226469E-02 -3.8286536E-02 -1.1364793E-01  6.7128308E+00
  1.1302336E-02 -3.8545261E-02 -1.1441585E-01  6.7128232E+00
  1.1378709E-02 -3.8805714E-02 -1.1518889E-01  6.7128156E+00
  1.1455593E-02 -3.9067906E-02 -1.1596710E-01  6.7128078E+00
  1.1532990E-02 -3.9331849E-02 -1.1675050E-01  6.7127999E+00
  1.1610904E-02 -3.9597554E-02 -1.1753913E-01  6.7127919E+00
  1.1689338E-02 -3.9865034E-02 -1.1833303E-01  6.7127838E+00
  1.1768296E-02 -4.0134300E-02 -1.1913223E-01  6.7127755E+00
  1.1847781E-02 -4.0405364E-02 -1.1993676E-01  6.7127672E+00
  1.1927798E-02 -4.0678239E-02 -1.2074667E-01  6.7127588E+00
  1.2008348E-02 -4.0952935E-02 -1.2156198E-01  6.7127502E+00
  1.2089437E-02 -4.1229466E-02 -1.2238273E-01  6.7127416E+00
  1.2171067E-02 -4.1507843E-02 -1.2320896E-01  6.7127328E+00
  1.2253242E-02 -4.1788080E-02 -1.2404071E-01  6.7127239E+00
  1.2335966E-02 -4.2070188E-02 -1.2487801E-01  6.7127148E+00
  1.2419243E-02 -4.2354179E-02 -1.2572090E-01  6.7127057E+00
  1.2503076E-02 -4.2640067E-02 -1.2656942E-01  6.7126964E+00
  1.2587468E-02 -4.2927864E-02 -1.2742360E-01  6.7126870E+00
  1.2672425E-02 -4.3217583E-02 -1.2828348E-01  6.7126775E+00
  1.2757948E-02 -4.3509237E-02 -1.2914911E-01  6.7126679E+00
  1.2844043E-02 -4.3802838E-02 -1.3002051E-01  6.7126581E+00
  1.2930713E-02 -4.4098400E-02 -1.3089773E-01  6.7126482E+00
  1.3017962E-02 -4.4395935E-02 -1.3178080E-01  6.7126381E+00
  1.3105793E-02 -4.4695458E-02 -1.3266977E-01  6.7126279E+00
  1.3194211E-02 -4.4996980E-02 -1.3356468E-01  6.7126176E+00
  1.3283220E-02 -4.5300516E-02 -1.3446555E-01  6.7126072E+00
  1.3372823E-02 -4.5606079E-02 -1.3537244E-01  6.7125966E+00
  1.3463024E-02 -4.5913682E-02 -1.3628539E-01  6.7125858E+00
  1.3553828E-02 -4.6223339E-02 -1.3720443E-01  6.7125750E+00
  1.3645239E-02 -4.6535064E-02 -1.3812960E-01  6.7125639E+00
  1.3737259E-02 -4.6848871E-02 -1.3906095E-01  6.7125527E+00
  1.3829895E-02 -4.7164773E-02 -1.3999851E-01  6.7125414E+00
  1.3923149E-02 -4.7482784E-02 -1.4094234E-01  6.7125299E+00
  1.4017026E-02 -4.7802919E-02 -1.4189246E-01  6.7125183E+00
  1.4111529E-02 -4.8125192E-02 -1.4284892E-01  6.7125065E+00
  1.4206664E-02 -4.8449617E-02 -1.4381177E-01  6.7124945E+00
  1.4302435E-02 -4.8776208E-02 -1.4478105E-01  6.7124824E+00
  1.4398845E-02 -4.9104980E-02 -1.4575680E-01  6.7124702E+00
  1.4495899E-02 -4.9435947E-02 -1.4673905E-01  6.7124577E+00
  1.4593601E-02 -4.9769124E-02 -1.4772787E-01  6.7124451E+00
  1.4691955E-02 -5.0104526E-02 -1.4872328E-01  6.7124323E+00
  1.4790967E-02 -5.0442168E-02 -1.4972534E-01  6.7124194E+00
  1.4890639E-02 -5.0782064E-02 -1.5073408E-01  6.7124062E+00
  1.4990978E-02 -5.1124229E-02 -1.5174956E-01  6.7123929E+00
  1.5091986E-02 -5.1468680E-02 -1.5277182E-01  6.7123795E+00
  1.5193669E-02 -5.1815431E-02 -1.5380090E-01  6.7123658E+00
  1.5296032E-02 -5.2164496E-02 -1.5483684E-01  6.7123520E+00
  1.5399077E-02 -5.2515893E-02 -1.5587970E-01  6.7123379E+00
  1.5502811E-02 -5.2869636E-02 -1.5692952E-01  6.7123237E+00
  1.5607238E-02 -5.3225741E-02 -1.5798635E-01  6.7123093E+00
  1.5712363E-02 -5.3584224E-02 -1.5905023E-01  6.7122947E+00
  1.5818189E-02 -5.3945101E-02 -1.6012121E-01  6.7122799E+00
  1.5924722E-02 -5.4308387E-02 -1.6119934E-01  6.7122649E+00
  1.6031967E-02 -5.4674099E-02 -1.6228466E-01  6.7122497E+00
  1.6139928E-02 -5.5042253E-02 -1.6337723E-01  6.7122343E+00
  1.6248610E-02 -5.5412865E-02 -1.6447709E-01  6.7122186E+00
  1.6358017E-02 -5.5785952E-02 -1.6558428E-01  6.7122028E+00
  1.6468156E-02 -5.6161530E-02 -1.6669887E-01  6.7121868E+00
  1.6579030E-02 -5.6539616E-02 -1.6782089E-01  6.7121705E+00
  1.6690644E-02 -5.6920226E-02 -1.6895040E-01  6.7121541E+00
  1.6803004E-02 -5.7303377E-02 -1.7008745E-01  6.7121374E+00
  1.6916115E-02 -5.7689087E-02 -1.7123209E-01  6.7121204E+00
  1.7029980E-02 -5.8077372E-02 -1.7238436E-01  6.7121033E+00
  1.7144607E-02 -5.8468250E-02 -1.7354432E-01  6.7120859E+00
  1.7259999E-02 -5.8861738E-02 -1.7471203E-01  6.7120683E+00
  1.7376161E-02 -5.9257853E-02 -1.7588752E-01  6.7120504E+00
  1.7493099E-02 -5.9656612E-02 -1.7707086E-01  6.7120324E+00
  1.7610819E-02 -6.0058035E-02 -1.7826210E-01  6.7120140E+00
  1.7729324E-02 -6.0462137E-02 -1.7946128E-01  6.7119954E+00
  1.7848621E-02 -6.0868938E-02 -1.8066846E-01  6.7119766E+00
  1.7968715E-02 -6.1278455E-02 -1.8188370E-01  6.7119575E+00
  1.8089610E-02 -6.1690706E-02 -1.8310705E-01  6.7119382E+00
  1.8211314E-02 -6.2105709E-02 -1.8433856E-01  6.7119186E+00
  1.8333830E-02 -6.2523484E-02 -1.8557829E-01  6.7118987E+00
  1.8457164E-02 -6.2944047E-02 -1.8682629E-01  6.7118786E+00
  1.8581322E-02 -6.3367419E-02 -1.8808262E-01  6.7118582E+00
  1.8706309E-02 -6.3793617E-02 -1.8934732E-01  6.7118375E+00
  1.8832131E-02 -6.4222661E-02 -1.9062047E-01  6.7118166E+00
  1.8958793E-02 -6.4654570E-02 -1.9190211E-01  6.7117953E+00
  1.9086301E-02 -6.5089362E-02 -1.9319230E-01  6.7117738E+00
  1.9214661E-02 -6.5527057E-02 -1.9449110E-01  6.7117520E+00
  1.9343878E-02 -6.5967675E-02 -1.9579856E-01  6.7117299E+00
  1.9473958E-02 -6.6411234E-02 -1.9711474E-01  6.7117075E+00
  1.9604906E-02 -6.6857755E-02 -1.9843971E-01  6.7116848E+00
  1.9736730E-02 -6.7307257E-02 -1.9977351E-01  6.7116618E+00
  1.9869433E-02 -6.7759759E-02 -2.0111621E-01  6.7116385E+00
  2.0003023E-02 -6.8215283E-02 -2.0246787E-01  6.7116149E+00
  2.0137505E-02 -6.8673849E-02 -2.0382855E-01  6.7115909E+00
  2.0272886E-02 -6.9135475E-02 -2.0519830E-01  6.7115666E+00
  2.0409170E-02 -6.9600184E-02 -2.0657719E-01  6.7115420E+00
  2.0546365E-02 -7.0067995E-02 -2.0796528E-01  6.7115171E+00
  2.0684476E-02 -7.0538930E-02 -2.0936262E-01  6.7114919E+00
  2.0823509E-02 -7.1013008E-02 -2.1076929E-01  6.7114663E+00
  2.0963471E-02 -7.1490251E-02 -2.1218534E-01  6.7114403E+00
  2.1104368E-02 -7.1970681E-02 -2.1361083E-01  6.7114140E+00
  2.1246205E-02 -7.2454318E-02 -2.1504583E-01  6.7113874E+00
  2.1388990E-02 -7.2941184E-02 -2.1649041E-01  6.7113604E+00
  2.1532729E-02 -7.3431300E-02 -2.1794461E-01  6.7113330E+00
  2.1677427E-02 -7.3924688E-02 -2.1940852E-01  6.7113053E+00
  2.1823092E-02 -7.4421370E-02 -2.2088219E-01  6.7112772E+00
  2.1969730E-02 -7.4921368E-02 -2.2236569E-01  6.7112487E+00
  2.2117347E-02 -7.5424704E-02 -2.2385908E-01  6.7112198E+00
  2.2265950E-02 -7.5931399E-02 -2.2536243E-01  6.7111905E+00
  2.2415546E-02 -7.6441478E-02 -2.2687581E-01  6.7111609E+00
  2.2566140E-02 -7.6954962E-02 -2.2839928E-01  6.7111308E+00
  2.2717740E-02 -7.7471873E-02 -2.2993291E-01  6.7111004E+00
  2.2870353E-02 -7.7992235E-02 -2.3147677E-01  6.7110695E+00
  2.3023985E-02 -7.8516072E-02 -2.3303092E-01  6.7110383E+00
  2.3178643E-02 -7.9043404E-02 -2.3459543E-01  6.7110066E+00
  2.3334334E-02 -7.9574258E-02 -2.3617038E-01  6.7109744E+00
  2.3491065E-02 -8.0108655E-02 -2.3775583E-01  6.7109419E+00
  2.3648843E-02 -8.0646619E-02 -2.3935185E-01  6.7109089E+00
  2.3807674E-02 -8.1188174E-02 -2.4095851E-01  6.7108755E+00
  2.3967566E-02 -8.1733345E-02 -2.4257588E-01  6.7108416E+00
  2.4128526E-02 -8.2282155E-02 -2.4420404E-01  6.7108072E+00
  2.4290561E-02 -8.2834628E-02 -2.4584305E-01  6.7107724E+00
  2.4453678E-02 -8.3390789E-02 -2.4749299E-01  6.7107372E+00
  2.4617884E-02 -8.3950663E-02 -2.4915393E-01  6.7107014E+00
  2.4783188E-02 -8.4514274E-02 -2.5082595E-01  6.7106652E+00
  2.4949595E-02 -8.5081647E-02 -2.5250911E-01  6.7106285E+00
  2.5117113E-02 -8.5652807E-02 -2.5420349E-01  6.7105913E+00
  2.5285751E-02 -8.6227780E-02 -2.5590916E-01  6.7105536E+00
  2.5455514E-02 -8.6806591E-02 -2.5762621E-01  6.7105154E+00
  2.5626412E-02 -8.7389265E-02 -2.5935470E-01  6.7104767E+00
  2.5798450E-02 -8.7975829E-02 -2.6109472E-01  6.7104374E+00
  2.5971638E-02 -8.8566307E-02 -2.6284633E-01  6.7103977E+00
  2.6145983E-02 -8.9160728E-02 -2.6460961E-01  6.7103574E+00
  2.6321491E-02 -8.9759115E-02 -2.6638465E-01  6.7103165E+00
  2.6498172E-02 -9.0361497E-02 -2.6817152E-01  6.7102751E+00
  2.6676033E-02 -9.0967900E-02 -2.6997030E-01  6.7102332E+00
  2.6855082E-02 -9.1578350E-02 -2.7178107E-01  6.7101907E+00
  2.7035327E-02 -9.2192874E-02 -2.7360391E-01  6.7101476E+00
  2.7216775E-02 -9.2811500E-02 -2.7543889E-01  6.7101039E+00
  2.7399435E-02 -9.3434255E-02 -2.7728610E-01  6.7100597E+00
  2.7583315E-02 -9.4061166E-02 -2.7914562E-01  6.7100148E+00
  2.7768424E-02 -9.4692262E-02 -2.8101753E-01  6.7099694E+00
  2.7954768E-02 -9.5327570E-02 -2.8290192E-01  6.7099233E+00
  2.8142357E-02 -9.5967118E-02 -2.8479886E-01  6.7098767E+00
  2.8331199E-02 -9.6610934E-02 -2.8670845E-01  6.7098294E+00
  2.8521302E-02 -9.7259047E-02 -2.8863075E-01  6.7097814E+00
  2.8712675E-02 -9.7911486E-02 -2.9056586E-01  6.7097329E+00
  2.8905326E-02 -9.8568279E-02 -2.9251387E-01  6.7096836E+00
  2.9099263E-02 -9.9229455E-02 -2.9447485E-01  6.7096337E+00
  2.9294496E-02 -9.9895044E-02 -2.9644890E-01  6.7095832E+00
  2.9491032E-02 -1.0056508E-01 -2.9843610E-01  6.7095319E+00
  2.9688882E-02 -1.0123958E-01 -3.0043653E-01  6.7094800E+00
  2.9888052E-02 -1.0191858E-01 -3.0245030E-01  6.7094274E+00
  3.0088553E-02 -1.0260212E-01 -3.0447747E-01  6.7093741E+00
  3.0290393E-02 -1.0329021E-01 -3.0651815E-01  6.7093200E+00
  3.0493580E-02 -1.0398290E-01 -3.0857242E-01  6.7092652E+00
  3.0698125E-02 -1.0468021E-01 -3.1064037E-01  6.7092097E+00
  3.0904036E-02 -1.0538218E-01 -3.1272210E-01  6.7091535E+00
  3.1111322E-02 -1.0608883E-01 -3.1481769E-01  6.7090965E+00
  3.1319993E-02 -1.0680019E-01 -3.1692724E-01  6.7090387E+00
  3.1530057E-02 -1.0751630E-01 -3.1905083E-01  6.7089801E+00
  3.1741524E-02 -1.0823719E-01 -3.2118856E-01  6.7089208E+00
  3.1954404E-02 -1.0896289E-01 -3.2334053E-01  6.7088607E+00
  3.2168705E-02 -1.0969344E-01 -3.2550683E-01  6.7087997E+00
  3.2384437E-02 -1.1042885E-01 -3.2768756E-01  6.7087380E+00
  3.2601610E-02 -1.1116918E-01 -3.2988280E-01  6.7086754E+00
  3.2820234E-02 -1.1191444E-01 -3.3209266E-01  6.7086120E+00
  3.3040318E-02 -1.1266468E-01 -3.3431723E-01  6.7085477E+00
  3.3261871E-02 -1.1341992E-01 -3.3655661E-01  6.7084826E+00
  3.3484904E-02 -1.1418021E-01 -3.3881089E-01  6.7084166E+00
  3.3709427E-02 -1.1494556E-01 -3.4108019E-01  6.7083497E+00
  3.3935450E-02 -1.1571602E-01 -3.4336459E-01  6.7082819E+00
  3.4162981E-02 -1.1649163E-01 -3.4566419E-01  6.7082132E+00
  3.4392033E-02 -1.1727240E-01 -3.4797910E-01  6.7081435E+00
  3.4622614E-02 -1.1805839E-01 -3.5030941E-01  6.7080730E+00
  3.4854735E-02 -1.1884962E-01 -3.5265524E-01  6.7080015E+00
  3.5088407E-02 -1.1964613E-01 -3.5501667E-01  6.7079290E+00
  3.5323639E-02 -1.2044795E-01 -3.5739382E-01  6.7078555E+00
  3.5560442E-02 -1.2125513E-01 -3.5978679E-01  6.7077811E+00
  3.5798827E-02 -1.2206768E-01 -3.6219568E-01  6.7077057E+00
  3.6038803E-02 -1.2288566E-01 -3.6462059E-01  6.7076293E+00
  3.6280383E-02 -1.2370910E-01 -3.6706164E-01  6.7075518E+00
  3.6523575E-02 -1.2453803E-01 -3.6951893E-01  6.7074733E+00
  3.6768392E-02 -1.2537249E-01 -3.7199257E-01  6.7073937E+00
  3.7014845E-02 -1.2621251E-01 -3.7448266E-01  6.7073131E+00
  3.7262943E-02 -1.2705814E-01 -3.7698932E-01  6.7072314E+00
  3.7512698E-02 -1.2790941E-01 -3.7951265E-01  6.7071486E+00
  3.7764121E-02 -1.2876636E-01 -3.8205276E-01  6.7070647E+00
  3.8017223E-02 -1.2962902E-01 -3.8460976E-01  6.7069797E+00
  3.8272015E-02 -1.3049744E-01 -3.8718377E-01  6.7068935E+00
  3.8528510E-02 -1.3137165E-01 -3.8977490E-01  6.7068062E+00
  3.8786717E-02 -1.3225170E-01 -3.9238325E-01  6.7067176E+00
  3.9046649E-02 -1.3313761E-01 -3.9500895E-01  6.7066280E+00
  3.9308316E-02 -1.3402943E-01 -3.9765211E-01  6.7065371E+00
  3.9571732E-02 -1.3492720E-01 -4.0031284E-01  6.7064449E+00
  3.9836906E-02 -1.3583096E-01 -4.0299126E-01  6.7063516E+00
  4.0103852E-02 -1.3674074E-01 -4.0568748E-01  6.7062570E+00
  4.0372580E-02 -1.3765660E-01 -4.0840162E-01  6.7061611E+00
  4.0643103E-02 -1.3857856E-01 -4.1113381E-01  6.7060640E+00
  4.0915433E-02 -1.3950667E-01 -4.1388415E-01  6.7059655E+00
  4.1189582E-02 -1.4044097E-01 -4.1665277E-01  6.7058657E+00
  4.1465561E-02 -1.4138150E-01 -4.1943979E-01  6.7057646E+00
  4.1743384E-02 -1.4232830E-01 -4.2224533E-01  6.7056621E+00
  4.2023062E-02 -1.4328142E-01 -4.2506951E-01  6.7055583E+00
  4.2304609E-02 -1.4424089E-01 -4.2791246E-01  6.7054531E+00
  4.2588035E-02 -1.4520676E-01 -4.3077429E-01  6.7053464E+00
  4.2873354E-02 -1.4617907E-01 -4.3365513E-01  6.7052383E+00
  4.3160579E-02 -1.4715787E-01 -4.3655511E-01  6.7051288E+00
  4.3449723E-02 -1.4814319E-01 -4.3947435E-01  6.7050178E+00
  4.3740797E-02 -1.4913508E-01 -4.4241298E-01  6.7049053E+00
  4.4033815E-02 -1.5013358E-01 -4.4537113E-01  6.7047913E+00
  4.4328790E-02 -1.5113875E-01 -4.4834891E-01  6.7046758E+00
  4.4625736E-02 -1.5215061E-01 -4.5134648E-01  6.7045587E+00
  4.4924664E-02 -1.5316922E-01 -4.5436394E-01  6.7044401E+00
  4.5225589E-02 -1.5419463E-01 -4.5740144E-01  6.7043198E+00
  4.5528524E-02 -1.5522686E-01 -4.6045910E-01  6.7041980E+00
  4.5833481E-02 -1.5626598E-01 -4.6353706E-01  6.7040745E+00
  4.6140476E-02 -1.5731203E-01 -4.6663545E-01  6.7039494E+00
  4.6449521E-02 -1.5836505E-01 -4.6975440E-01  6.7038226E+00
  4.6760630E-02 -1.5942509E-01 -4.7289405E-01  6.7036941E+00
  4.7073816E-02 -1.6049220E-01 -4.7605453E-01  6.7035638E+00
  4.7389095E-02 -1.6156642E-01 -4.7923599E-01  6.7034318E+00
  4.7706479E-02 -1.6264780E-01 -4.8243855E-01  6.7032981E+00
  4.8025982E-02 -1.6373639E-01 -4.8566236E-01  6.7031626E+00
  4.8347620E-02 -1.6483224E-01 -4.8890755E-01  6.7030252E+00
  4.8671405E-02 -1.6593539E-01 -4.9217427E-01  6.7028860E+00
  4.8997353E-02 -1.6704589E-01 -4.9546265E-01  6.7027449E+00
  4.9325478E-02 -1.6816380E-01 -4.9877284E-01  6.7026020E+00
  4.9655795E-02 -1.6928915E-01 -5.0210498E-01  6.7024571E+00
  4.9988317E-02 -1.7042200E-01 -5.0545922E-01  6.7023103E+00
  5.0323060E-02 -1.7156241E-01 -5.0883569E-01  6.7021615E+00
  5.0660039E-02 -1.7271041E-01 -5.1223454E-01  6.7020107E+00
  5.0999269E-02 -1.7386607E-01 -5.1565592E-01  6.7018580E+00
  5.1340764E-02 -1.7502942E-01 -5.1909998E-01  6.7017031E+00
  5.1684539E-02 -1.7620053E-01 -5.2256686E-01  6.7015462E+00
  5.2030611E-02 -1.7737944E-01 -5.2605671E-01  6.7013872E+00
  5.2378994E-02 -1.7856621E-01 -5.2956969E-01  6.7012260E+00
  5.2729704E-02 -1.7976088E-01 -5.3310593E-01  6.7010627E+00
  5.3082756E-02 -1.8096352E-01 -5.3666561E-01  6.7008972E+00
  5.3438165E-02 -1.8217416E-01 -5.4024885E-01  6.7007295E+00
  5.3795949E-02 -1.8339287E-01 -5.4385583E-01  6.7005596E+00
  5.4156122E-02 -1.8461970E-01 -5.4748670E-01  6.7003873E+00
  5.4518700E-02 -1.8585471E-01 -5.5114160E-01  6.7002128E+00
  5.4883701E-02 -1.8709794E-01 -5.5482070E-01  6.7000359E+00
  5.5251138E-02 -1.8834945E-01 -5.5852416E-01  6.6998567E+00
  5.5621030E-02 -1.8960930E-01 -5.6225213E-01  6.6996750E+00
  5.5993392E-02 -1.9087755E-01 -5.6600477E-01  6.6994909E+00
  5.6368241E-02 -1.9215423E-01 -5.6978224E-01  6.6993044E+00
  5.6745593E-02 -1.9343943E-01 -5.7358470E-01  6.6991153E+00
  5.7125466E-02 -1.9473318E-01 -5.7741232E-01  6.6989237E+00
  5.7507876E-02 -1.9603555E-01 -5.8126526E-01  6.6987296E+00
  5.7892839E-02 -1.9734659E-01 -5.8514368E-01  6.6985328E+00
  5.8280374E-02 -1.9866636E-01 -5.8904774E-01  6.6983335E+00
  5.8670497E-02 -1.9999493E-01 -5.9297763E-01  6.6981314E+00
  5.9063225E-02 -2.0133234E-01 -5.9693349E-01  6.6979267E+00
  5.9458577E-02 -2.0267865E-01 -6.0091550E-01  6.6977192E+00
  5.9856568E-02 -2.0403393E-01 -6.0492383E-01  6.6975089E+00
  6.0257218E-02 -2.0539823E-01 -6.0895864E-01  6.6972958E+00
  6.0660544E-02 -2.0677162E-01 -6.1302012E-01  6.6970798E+00
  6.1066563E-02 -2.0815415E-01 -6.1710843E-01  6.6968610E+00
  6.1475294E-02 -2.0954588E-01 -6.2122374E-01  6.6966392E+00
  6.1886754E-02 -2.1094688E-01 -6.2536624E-01  6.6964145E+00
  6.2300963E-02 -2.1235720E-01 -6.2953609E-01  6.6961868E+00
  6.2717938E-02 -2.1377691E-01 -6.3373347E-01  6.6959560E+00
  6.3137698E-02 -2.1520608E-01 -6.3795855E-01  6.6957221E+00
  6.3560261E-02 -2.1664475E-01 -6.4221153E-01  6.6954851E+00
  6.3985646E-02 -2.1809300E-01 -6.4649257E-01  6.6952449E+00
  6.4413873E-02 -2.1955089E-01 -6.5080186E-01  6.6950015E+00
  6.4844959E-02 -2.2101848E-01 -6.5513958E-01  6.6947548E+00
  6.5278925E-02 -2.2249584E-01 -6.5950592E-01  6.6945049E+00
  6.5715788E-02 -2.2398302E-01 -6.6390104E-01  6.6942516E+00
  6.6155570E-02 -2.2548011E-01 -6.6832515E-01  6.6939949E+00
  6.6598288E-02 -2.2698715E-01 -6.7277843E-01  6.6937348E+00
  6.7043964E-02 -2.2850422E-01 -6.7726106E-01  6.6934711E+00
  6.7492615E-02 -2.3003139E-01 -6.8177323E-01  6.6932040E+00
  6.7944263E-02 -2.3156871E-01 -6.8631514E-01  6.6929333E+00
  6.8398928E-02 -2.3311626E-01 -6.9088696E-01  6.6926590E+00
  6.8856629E-02 -2.3467411E-01 -6.9548890E-01  6.6923810E+00
  6.9317387E-02 -2.3624232E-01 -7.0012115E-01  6.6920992E+00
  6.9781222E-02 -2.3782095E-01 -7.0478390E-01  6.6918138E+00
  7.0248155E-02 -2.3941009E-01 -7.0947734E-01  6.6915244E+00
  7.0718207E-02 -2.4100980E-01 -7.1420167E-01  6.6912313E+00
  7.1191397E-02 -2.4262014E-01 -7.1895709E-01  6.6909342E+00
  7.1667748E-02 -2.4424119E-01 -7.2374380E-01  6.6906331E+00
  7.2147281E-02 -2.4587302E-01 -7.2856200E-01  6.6903280E+00
  7.2630016E-02 -2.4751571E-01 -7.3341188E-01  6.6900188E+00
  7.3115975E-02 -2.4916931E-01 -7.3829365E-01  6.6897055E+00
  7.3605179E-02 -2.5083391E-01 -7.4320751E-01  6.6893880E+00
  7.4097651E-02 -2.5250957E-01 -7.4815366E-01  6.6890662E+00
  7.4593412E-02 -2.5419637E-01 -7.5313232E-01  6.6887402E+00
  7.5092484E-02 -2.5589438E-01 -7.5814368E-01  6.6884098E+00
  7.5594889E-02 -2.5760368E-01 -7.6318796E-01  6.6880749E+00
  7.6100649E-02 -2.5932434E-01 -7.6826536E-01  6.6877356E+00
  7.6609787E-02 -2.6105643E-01 -7.7337609E-01  6.6873918E+00
  7.7122326E-02 -2.6280003E-01 -7.7852037E-01  6.6870433E+00
  7.7638287E-02 -2.6455522E-01 -7.8369840E-01  6.6866902E+00
  7.8157695E-02 -2.6632207E-01 -7.8891040E-01  6.6863324E+00
  7.8680571E-02 -2.6810066E-01 -7.9415659E-01  6.6859698E+00
  7.9206940E-02 -2.6989107E-01 -7.9943717E-01  6.6856024E+00
  7.9736824E-02 -2.7169337E-01 -8.0475237E-01  6.6852300E+00
  8.0270247E-02 -2.7350764E-01 -8.1010241E-01  6.6848527E+00
  8.0807232E-02 -2.7533396E-01 -8.1548750E-01  6.6844703E+00
  8.1347804E-02 -2.7717241E-01 -8.2090786E-01  6.6840828E+00
  8.1891986E-02 -2.7902307E-01 -8.2636372E-01  6.6836901E+00
  8.2439802E-02 -2.8088601E-01 -8.3185530E-01  6.6832922E+00
  8.2991277E-02 -2.8276133E-01 -8.3738282E-01  6.6828890E+00
  8.3546436E-02 -2.8464910E-01 -8.4294651E-01  6.6824804E+00
  8.4105301E-02 -2.8654940E-01 -8.4854660E-01  6.6820663E+00
  8.4667900E-02 -2.8846232E-01 -8.5418331E-01  6.6816467E+00
  8.5234256E-02 -2.9038793E-01 -8.5985687E-01  6.6812215E+00
  8.5804394E-02 -2.9232632E-01 -8.6556751E-01  6.6807906E+00
  8.6378340E-02 -2.9427758E-01 -8.7131546E-01  6.6803539E+00
  8.6956119E-02 -2.9624179E-01 -8.7710096E-01  6.6799115E+00
  8.7537757E-02 -2.9821903E-01 -8.8292424E-01  6.6794631E+00
  8.8123279E-02 -3.0020939E-01 -8.8878554E-01  6.6790087E+00
  8.8712712E-02 -3.0221295E-01 -8.9468508E-01  6.6785483E+00
  8.9306082E-02 -3.0422981E-01 -9.0062312E-01  6.6780817E+00
  8.9903414E-02 -3.0626004E-01 -9.0659988E-01  6.6776088E+00
  9.0504736E-02 -3.0830374E-01 -9.1261560E-01  6.6771297E+00
  9.1110074E-02 -3.1036099E-01 -9.1867054E-01  6.6766442E+00
  9.1719455E-02 -3.1243189E-01 -9.2476493E-01  6.6761522E+00
  9.2332906E-02 -3.1451651E-01 -9.3089901E-01  6.6756536E+00
  9.2950453E-02 -3.1661496E-01 -9.3707303E-01  6.6751484E+00
  9.3572125E-02 -3.1872732E-01 -9.4328723E-01  6.6746364E+00
  9.4197949E-02 -3.2085368E-01 -9.4954187E-01  6.6741176E+00
  9.4827953E-02 -3.2299413E-01 -9.5583719E-01  6.6735919E+00
  9.5462164E-02 -3.2514877E-01 -9.6217344E-01  6.6730592E+00
  9.6100610E-02 -3.2731769E-01 -9.6855087E-01  6.6725193E+00
  9.6743321E-02 -3.2950098E-01 -9.7496973E-01  6.6719723E+00
  9.7390324E-02 -3.3169873E-01 -9.8143028E-01  6.6714179E+00
  9.8041649E-02 -3.3391104E-01 -9.8793278E-01  6.6708562E+00
  9.8697323E-02 -3.3613801E-01 -9.9447747E-01  6.6702870E+00
  9.9357376E-02 -3.3837972E-01 -1.0010646E+00  6.6697101E+00
  1.0002184E-01 -3.4063628E-01 -1.0076945E+00  6.6691256E+00
  1.0069074E-01 -3.4290778E-01 -1.0143673E+00  6.6685333E+00
  1.0136410E-01 -3.4519433E-01 -1.0210834E+00  6.6679331E+00
  1.0204197E-01 -3.4749600E-01 -1.0278430E+00  6.6673249E+00
  1.0272436E-01 -3.4981292E-01 -1.0346463E+00  6.6667086E+00
  1.0341131E-01 -3.5214517E-01 -1.0414936E+00  6.6660841E+00
  1.0410284E-01 -3.5449285E-01 -1.0483853E+00  6.6654512E+00
  1.0479900E-01 -3.5685606E-01 -1.0553215E+00  6.6648099E+00
  1.0549980E-01 -3.5923491E-01 -1.0623025E+00  6.6641601E+00
  1.0620529E-01 -3.6162950E-01 -1.0693286E+00  6.6635016E+00
  1.0691548E-01 -3.6403993E-01 -1.0764001E+00  6.6628344E+00
  1.0763042E-01 -3.6646629E-01 -1.0835172E+00  6.6621582E+00
  1.0835014E-01 -3.6890870E-01 -1.0906802E+00  6.6614730E+00
  1.0907466E-01 -3.7136726E-01 -1.0978894E+00  6.6607788E+00
  1.0980402E-01 -3.7384207E-01 -1.1051451E+00  6.6600752E+00
  1.1053825E-01 -3.7633324E-01 -1.1124475E+00  6.6593623E+00
  1.1127738E-01 -3.7884088E-01 -1.1197969E+00  6.6586399E+00
  1.1202145E-01 -3.8136508E-01 -1.1271936E+00  6.6579079E+00
  1.1277049E-01 -3.8390596E-01 -1.1346379E+00  6.6571662E+00
  1.1352454E-01 -3.8646363E-01 -1.1421300E+00  6.6564145E+00
  1.1428362E-01 -3.8903819E-01 -1.1496703E+00  6.6556529E+00
  1.1504776E-01 -3.9162975E-01 -1.1572589E+00  6.6548811E+00
  1.1581702E-01 -3.9423842E-01 -1.1648963E+00  6.6540991E+00
  1.1659141E-01 -3.9686432E-01 -1.1725827E+00  6.6533066E+00
  1.1737097E-01 -3.9950755E-01 -1.1803183E+00  6.6525036E+00
  1.1815573E-01 -4.0216822E-01 -1.1881035E+00  6.6516899E+00
  1.1894574E-01 -4.0484646E-01 -1.1959386E+00  6.6508654E+00
  1.1974103E-01 -4.0754236E-01 -1.2038238E+00  6.6500300E+00
  1.2054163E-01 -4.1025605E-01 -1.2117594E+00  6.6491834E+00
  1.2134757E-01 -4.1298763E-01 -1.2197458E+00  6.6483256E+00
  1.2215890E-01 -4.1573723E-01 -1.2277832E+00  6.6474563E+00
  1.2297564E-01 -4.1850496E-01 -1.2358718E+00  6.6465755E+00
  1.2379784E-01 -4.2129093E-01 -1.2440121E+00  6.6456830E+00
  1.2462553E-01 -4.2409527E-01 -1.2522043E+00  6.6447786E+00
  1.2545875E-01 -4.2691808E-01 -1.2604487E+00  6.6438623E+00
  1.2629753E-01 -4.2975950E-01 -1.2687456E+00  6.6429337E+00
  1.2714192E-01 -4.3261963E-01 -1.2770953E+00  6.6419928E+00
  1.2799194E-01 -4.3549860E-01 -1.2854981E+00  6.6410394E+00
  1.2884764E-01 -4.3839653E-01 -1.2939543E+00  6.6400733E+00
  1.2970906E-01 -4.4131353E-01 -1.3024642E+00  6.6390944E+00
  1.3057623E-01 -4.4424974E-01 -1.3110281E+00  6.6381025E+00
  1.3144919E-01 -4.4720527E-01 -1.3196464E+00  6.6370975E+00
  1.3232798E-01 -4.5018025E-01 -1.3283192E+00  6.6360791E+00
  1.3321264E-01 -4.5317480E-01 -1.3370470E+00  6.6350471E+00
  1.3410321E-01 -4.5618905E-01 -1.3458299E+00  6.6340015E+00
  1.3499973E-01 -4.5922311E-01 -1.3546685E+00  6.6329420E+00
  1.3590223E-01 -4.6227712E-01 -1.3635628E+00  6.6318685E+00
  1.3681076E-01 -4.6535121E-01 -1.3725134E+00  6.6307807E+00
  1.3772536E-01 -4.6844550E-01 -1.3815204E+00  6.6296785E+00
  1.3864607E-01 -4.7156012E-01 -1.3905841E+00  6.6285616E+00
  1.3957293E-01 -4.7469520E-01 -1.3997050E+00  6.6274300E+00
  1.4050597E-01 -4.7785086E-01 -1.4088832E+00  6.6262833E+00
  1.4144525E-01 -4.8102725E-01 -1.4181192E+00  6.6251214E+00
  1.4239080E-01 -4.8422448E-01 -1.4274132E+00  6.6239442E+00
  1.4334267E-01 -4.8744270E-01 -1.4367656E+00  6.6227513E+00
  1.4430089E-01 -4.9068203E-01 -1.4461765E+00  6.6215427E+00
  1.4526552E-01 -4.9394261E-01 -1.4556465E+00  6.6203180E+00
  1.4623658E-01 -4.9722457E-01 -1.4651758E+00  6.6190771E+00
  1.4721413E-01 -5.0052805E-01 -1.4747647E+00  6.6178198E+00
  1.4819821E-01 -5.0385319E-01 -1.4844134E+00  6.6165458E+00
  1.4918886E-01 -5.0720011E-01 -1.4941225E+00  6.6152549E+00
  1.5018613E-01 -5.1056896E-01 -1.5038921E+00  6.6139470E+00
  1.5119006E-01 -5.1395987E-01 -1.5137226E+00  6.6126218E+00
  1.5220069E-01 -5.1737299E-01 -1.5236142E+00  6.6112790E+00
  1.5321808E-01 -5.2080845E-01 -1.5335674E+00  6.6099184E+00
  1.5424226E-01 -5.2426639E-01 -1.5435825E+00  6.6085399E+00
  1.5527327E-01 -5.2774695E-01 -1.5536597E+00  6.6071431E+00
  1.5631118E-01 -5.3125028E-01 -1.5637994E+00  6.6057279E+00
  1.5735601E-01 -5.3477651E-01 -1.5740019E+00  6.6042940E+00
  1.5840783E-01 -5.3832580E-01 -1.5842675E+00  6.6028411E+00
  1.5946667E-01 -5.4189827E-01 -1.5945966E+00  6.6013690E+00
  1.6053257E-01 -5.4549409E-01 -1.6049894E+00  6.5998774E+00
  1.6160560E-01 -5.4911339E-01 -1.6154463E+00  6.5983662E+00
  1.6268580E-01 -5.5275633E-01 -1.6259677E+00  6.5968350E+00
  1.6377321E-01 -5.5642304E-01 -1.6365538E+00  6.5952836E+00
  1.6486788E-01 -5.6011367E-01 -1.6472049E+00  6.5937117E+00
  1.6596986E-01 -5.6382838E-01 -1.6579215E+00  6.5921190E+00
  1.6707921E-01 -5.6756731E-01 -1.6687037E+00  6.5905054E+00
  1.6819596E-01 -5.7133061E-01 -1.6795520E+00  6.5888704E+00
  1.6932017E-01 -5.7511843E-01 -1.6904666E+00  6.5872139E+00
  1.7045188E-01 -5.7893093E-01 -1.7014479E+00  6.5855355E+00
  1.7159116E-01 -5.8276826E-01 -1.7124962E+00  6.5838351E+00
  1.7273805E-01 -5.8663057E-01 -1.7236118E+00  6.5821122E+00
  1.7389259E-01 -5.9051801E-01 -1.7347950E+00  6.5803666E+00
  1.7505485E-01 -5.9443074E-01 -1.7460462E+00  6.5785980E+00
  1.7622486E-01 -5.9836891E-01 -1.7573657E+00  6.5768061E+00
  1.7740270E-01 -6.0233268E-01 -1.7687537E+00  6.5749906E+00
  1.7858839E-01 -6.0632221E-01 -1.7802107E+00  6.5731512E+00
  1.7978201E-01 -6.1033765E-01 -1.7917370E+00  6.5712876E+00
  1.8098360E-01 -6.1437917E-01 -1.8033327E+00  6.5693995E+00
  1.8219321E-01 -6.1844692E-01 -1.8149984E+00  6.5674865E+00
  1.8341091E-01 -6.2254105E-01 -1.8267342E+00  6.5655484E+00
  1.8463673E-01 -6.2666175E-01 -1.8385406E+00  6.5635848E+00
  1.8587074E-01 -6.3080915E-01 -1.8504178E+00  6.5615954E+00
  1.8711300E-01 -6.3498343E-01 -1.8623661E+00  6.5595799E+00
  1.8836355E-01 -6.3918475E-01 -1.8743858E+00  6.5575379E+00
  1.8962245E-01 -6.4341327E-01 -1.8864774E+00  6.5554690E+00
  1.9088976E-01 -6.4766916E-01 -1.8986410E+00  6.5533730E+00
  1.9216553E-01 -6.5195258E-01 -1.9108769E+00  6.5512495E+00
  1.9344983E-01 -6.5626370E-01 -1.9231856E+00  6.5490982E+00
  1.9474270E-01 -6.6060268E-01 -1.9355673E+00  6.5469186E+00
  1.9604420E-01 -6.6496970E-01 -1.9480222E+00  6.5447104E+00
  1.9735440E-01 -6.6936492E-01 -1.9605508E+00  6.5424732E+00
  1.9867335E-01 -6.7378850E-01 -1.9731533E+00  6.5402068E+00
  2.0000111E-01 -6.7824063E-01 -1.9858300E+00  6.5379106E+00
  2.0133773E-01 -6.8272146E-01 -1.9985812E+00  6.5355844E+00
  2.0268328E-01 -6.8723118E-01 -2.0114072E+00  6.5332277E+00
  2.0403782E-01 -6.9176995E-01 -2.0243084E+00  6.5308402E+00
  2.0540141E-01 -6.9633794E-01 -2.0372849E+00  6.5284214E+00
  2.0677410E-01 -7.0093533E-01 -2.0503371E+00  6.5259710E+00
  2.0815596E-01 -7.0556229E-01 -2.0634653E+00  6.5234886E+00
  2.0954705E-01 -7.1021900E-01 -2.0766698E+00  6.5209737E+00
  2.1094743E-01 -7.1490564E-01 -2.0899508E+00  6.5184259E+00
  2.1235716E-01 -7.1962237E-01 -2.1033087E+00  6.5158448E+00
  2.1377630E-01 -7.2436938E-01 -2.1167436E+00  6.5132301E+00
  2.1520493E-01 -7.2914684E-01 -2.1302560E+00  6.5105812E+00
  2.1664310E-01 -7.3395494E-01 -2.1438460E+00  6.5078977E+00
  2.1809087E-01 -7.3879384E-01 -2.1575140E+00  6.5051793E+00
  2.1954831E-01 -7.4366374E-01 -2.1712602E+00  6.5024254E+00
  2.2101548E-01 -7.4856480E-01 -2.1850849E+00  6.4996356E+00
  2.2249245E-01 -7.5349722E-01 -2.1989883E+00  6.4968094E+00
  2.2397929E-01 -7.5846117E-01 -2.2129707E+00  6.4939465E+00
  2.2547606E-01 -7.6345683E-01 -2.2270323E+00  6.4910463E+00
  2.2698282E-01 -7.6848440E-01 -2.2411735E+00  6.4881083E+00
  2.2849964E-01 -7.7354405E-01 -2.2553944E+00  6.4851321E+00
  2.3002660E-01 -7.7863596E-01 -2.2696954E+00  6.4821172E+00
  2.3156376E-01 -7.8376032E-01 -2.2840765E+00  6.4790632E+00
  2.3311118E-01 -7.8891732E-01 -2.2985382E+00  6.4759694E+00
  2.3466893E-01 -7.9410715E-01 -2.3130805E+00  6.4728355E+00
  2.3623709E-01 -7.9932998E-01 -2.3277038E+00  6.4696609E+00
  2.3781572E-01 -8.0458601E-01 -2.3424083E+00  6.4664451E+00
  2.3940490E-01 -8.0987543E-01 -2.3571942E+00  6.4631876E+00
  2.4100469E-01 -8.1519842E-01 -2.3720617E+00  6.4598878E+00
  2.4261516E-01 -8.2055517E-01 -2.3870110E+00  6.4565454E+00
  2.4423639E-01 -8.2594587E-01 -2.4020423E+00  6.4531596E+00
  2.4586845E-01 -8.3137072E-01 -2.4171558E+00  6.4497300E+00
  2.4751140E-01 -8.3682990E-01 -2.4323518E+00  6.4462560E+00
  2.4916533E-01 -8.4232360E-01 -2.4476303E+00  6.4427371E+00
  2.5083031E-01 -8.4785202E-01 -2.4629917E+00  6.4391727E+00
  2.5250640E-01 -8.5341535E-01 -2.4784360E+00  6.4355623E+00
  2.5419369E-01 -8.5901377E-01 -2.4939635E+00  6.4319052E+00
  2.5589225E-01 -8.6464750E-01 -2.5095743E+00  6.4282009E+00
  2.5760215E-01 -8.7031671E-01 -2.5252686E+00  6.4244489E+00
  2.5932347E-01 -8.7602160E-01 -2.5410465E+00  6.4206485E+00
  2.6105629E-01 -8.8176237E-01 -2.5569081E+00  6.4167991E+00
  2.6280068E-01 -8.8753921E-01 -2.5728537E+00  6.4129001E+00
  2.6455672E-01 -8.9335232E-01 -2.5888834E+00  6.4089509E+00
  2.6632449E-01 -8.9920189E-01 -2.6049972E+00  6.4049510E+00
  2.6810407E-01 -9.0508812E-01 -2.6211953E+00  6.4008996E+00
  2.6989553E-01 -9.1101120E-01 -2.6374779E+00  6.3967961E+00
  2.7169895E-01 -9.1697134E-01 -2.6538449E+00  6.3926400E+00
  2.7351442E-01 -9.2296873E-01 -2.6702966E+00  6.3884305E+00
  2.7534202E-01 -9.2900356E-01 -2.6868330E+00  6.3841670E+00
  2.7718182E-01 -9.3507605E-01 -2.7034541E+00  6.3798489E+00
  2.7903390E-01 -9.4118637E-01 -2.7201602E+00  6.3754754E+00
  2.8089836E-01 -9.4733474E-01 -2.7369511E+00  6.3710460E+00
  2.8277527E-01 -9.5352135E-01 -2.7538270E+00  6.3665599E+00
  2.8466471E-01 -9.5974639E-01 -2.7707880E+00  6.3620164E+00
  2.8656678E-01 -9.6601008E-01 -2.7878339E+00  6.3574148E+00
  2.8848154E-01 -9.7231260E-01 -2.8049650E+00  6.3527545E+00
  2.9040910E-01 -9.7865416E-01 -2.8221812E+00  6.3480347E+00
  2.9234952E-01 -9.8503496E-01 -2.8394825E+00  6.3432548E+00
  2.9430291E-01 -9.9145520E-01 -2.8568688E+00  6.3384139E+00
  2.9626934E-01 -9.9791507E-01 -2.8743403E+00  6.3335113E+00
  2.9824891E-01 -1.0044148E+00 -2.8918968E+00  6.3285464E+00
  3.0024170E-01 -1.0109545E+00 -2.9095384E+00  6.3235184E+00
  3.0224779E-01 -1.0175345E+00 -2.9272649E+00  6.3184264E+00
  3.0426729E-01 -1.0241549E+00 -2.9450764E+00  6.3132698E+00
  3.0630027E-01 -1.0308160E+00 -2.9629727E+00  6.3080478E+00
  3.0834683E-01 -1.0375179E+00 -2.9809538E+00  6.3027595E+00
  3.1040706E-01 -1.0442608E+00 -2.9990195E+00  6.2974043E+00
  3.1248104E-01 -1.0510449E+00 -3.0171698E+00  6.2919812E+00
  3.1456888E-01 -1.0578705E+00 -3.0354045E+00  6.2864896E+00
  3.1667066E-01 -1.0647378E+00 -3.0537236E+00  6.2809286E+00
  3.1878648E-01 -1.0716468E+00 -3.0721268E+00  6.2752973E+00
  3.2091643E-01 -1.0785979E+00 -3.0906140E+00  6.2695950E+00
  3.2306061E-01 -1.0855912E+00 -3.1091850E+00  6.2638208E+00
  3.2521910E-01 -1.0926270E+00 -3.1278397E+00  6.2579739E+00
  3.2739201E-01 -1.0997054E+00 -3.1465777E+00  6.2520534E+00
  3.2957944E-01 -1.1068266E+00 -3.1653990E+00  6.2460584E+00
  3.3178147E-01 -1.1139908E+00 -3.1843033E+00  6.2399882E+00
  3.3399821E-01 -1.1211983E+00 -3.2032902E+00  6.2338417E+00
  3.3622975E-01 -1.1284491E+00 -3.2223596E+00  6.2276182E+00
  3.3847620E-01 -1.1357436E+00 -3.2415112E+00  6.2213167E+00
  3.4073765E-01 -1.1430819E+00 -3.2607446E+00  6.2149363E+00
  3.4301420E-01 -1.1504641E+00 -3.2800596E+00  6.2084761E+00
  3.4530596E-01 -1.1578906E+00 -3.2994558E+00  6.2019353E+00
  3.4761303E-01 -1.1653615E+00 -3.3189329E+00  6.1953128E+00
  3.4993550E-01 -1.1728769E+00 -3.3384904E+00  6.1886077E+00
  3.5227348E-01 -1.1804371E+00 -3.3581281E+00  6.1818192E+00
  3.5462708E-01 -1.1880423E+00 -3.3778454E+00  6.1749462E+00
  3.5699640E-01 -1.1956926E+00 -3.3976420E+00  6.1679877E+00
  3.5938154E-01 -1.2033883E+00 -3.4175174E+00  6.1609429E+00
  3.6178261E-01 -1.2111295E+00 -3.4374711E+00  6.1538107E+00
  3.6419971E-01 -1.2189164E+00 -3.4575027E+00  6.1465902E+00
  3.6663296E-01 -1.2267492E+00 -3.4776117E+00  6.1392803E+00
  3.6908246E-01 -1.2346281E+00 -3.4977975E+00  6.1318800E+00
  3.7154832E-01 -1.2425533E+00 -3.5180595E+00  6.1243884E+00
  3.7403065E-01 -1.2505249E+00 -3.5383972E+00  6.1168044E+00
  3.7652955E-01 -1.2585432E+00 -3.5588100E+00  6.1091270E+00
  3.7904515E-01 -1.2666083E+00 -3.5792973E+00  6.1013551E+00
  3.8157755E-01 -1.2747203E+00 -3.5998584E+00  6.0934878E+00
  3.8412685E-01 -1.2828796E+00 -3.6204927E+00  6.0855238E+00
  3.8669319E-01 -1.2910862E+00 -3.6411995E+00  6.0774623E+00
  3.8927666E-01 -1.2993403E+00 -3.6619780E+00  6.0693021E+00
  3.9187739E-01 -1.3076421E+00 -3.6828275E+00  6.0610421E+00
  3.9449549E-01 -1.3159918E+00 -3.7037473E+00  6.0526813E+00
  3.9713107E-01 -1.3243895E+00 -3.7247365E+00  6.0442185E+00
  3.9978426E-01 -1.3328354E+00 -3.7457944E+00  6.0356527E+00
  4.0245517E-01 -1.3413297E+00 -3.7669200E+00  6.0269827E+00
  4.0514391E-01 -1.3498725E+00 -3.7881126E+00  6.0182074E+00
  4.0785061E-01 -1.3584640E+00 -3.8093712E+00  6.0093257E+00
  4.1057539E-01 -1.3671044E+00 -3.8306949E+00  6.0003365E+00
  4.1331836E-01 -1.3757938E+00 -3.8520827E+00  5.9912386E+00
  4.1607966E-01 -1.3845323E+00 -3.8735336E+00  5.9820308E+00
  4.1885939E-01 -1.3933201E+00 -3.8950467E+00  5.9727120E+00
  4.2165769E-01 -1.4021575E+00 -3.9166208E+00  5.9632811E+00
  4.2447468E-01 -1.4110444E+00 -3.9382549E+00  5.9537368E+00
  4.2731049E-01 -1.4199811E+00 -3.9599479E+00  5.9440780E+00
  4.3016523E-01 -1.4289676E+00 -3.9816986E+00  5.9343034E+00
  4.3303904E-01 -1.4380042E+00 -4.0035059E+00  5.9244120E+00
  4.3593204E-01 -1.4470910E+00 -4.0253686E+00  5.9144025E+00
  4.3884437E-01 -1.4562281E+00 -4.0472853E+00  5.9042736E+00
  4.4177614E-01 -1.4654157E+00 -4.0692549E+00  5.8940241E+00
  4.4472749E-01 -1.4746538E+00 -4.0912760E+00  5.8836529E+00
  4.4769856E-01 -1.4839426E+00 -4.1133473E+00  5.8731587E+00
  4.5068947E-01 -1.4932822E+00 -4.1354674E+00  5.8625403E+00
  4.5370035E-01 -1.5026727E+00 -4.1576348E+00  5.8517964E+00
  4.5673134E-01 -1.5121143E+00 -4.1798481E+00  5.8409257E+00
  4.5978258E-01 -1.5216070E+00 -4.2021059E+00  5.8299271E+00
  4.6285419E-01 -1.5311510E+00 -4.2244066E+00  5.8187992E+00
  4.6594631E-01 -1.5407464E+00 -4.2467486E+00  5.8075408E+00
  4.6905909E-01 -1.5503932E+00 -4.2691303E+00  5.7961505E+00
  4.7219266E-01 -1.5600916E+00 -4.2915501E+00  5.7846273E+00
  4.7534715E-01 -1.5698416E+00 -4.3140063E+00  5.7729696E+00
  4.7852272E-01 -1.5796433E+00 -4.3364971E+00  5.7611763E+00
  4.8171949E-01 -1.5894969E+00 -4.3590208E+00  5.7492461E+00
  4.8493761E-01 -1.5994023E+00 -4.3815755E+00  5.7371776E+00
  4.8817722E-01 -1.6093597E+00 -4.4041595E+00  5.7249696E+00
  4.9143847E-01 -1.6193691E+00 -4.4267708E+00  5.7126208E+00
  4.9472151E-01 -1.6294307E+00 -4.4494074E+00  5.7001298E+00
  4.9802646E-01 -1.6395443E+00 -4.4720675E+00  5.6874953E+00
  5.0135349E-01 -1.6497102E+00 -4.4947489E+00  5.6747161E+00
  5.0470274E-01 -1.6599283E+00 -4.5174496E+00  5.6617907E+00
  5.0807436E-01 -1.6701987E+00 -4.5401675E+00  5.6487179E+00
  5.1146850E-01 -1.6805214E+00 -4.5629003E+00  5.6354964E+00
  5.1488530E-01 -1.6908965E+00 -4.5856459E+00  5.6221248E+00
  5.1832493E-01 -1.7013239E+00 -4.6084021E+00  5.6086018E+00
  5.2178752E-01 -1.7118038E+00 -4.6311664E+00  5.5949261E+00
  5.2527324E-01 -1.7223360E+00 -4.6539366E+00  5.5810963E+00
  5.2878224E-01 -1.7329207E+00 -4.6767102E+00  5.5671111E+00
  5.3231468E-01 -1.7435577E+00 -4.6994848E+00  5.5529692E+00
  5.3587071E-01 -1.7542472E+00 -4.7222578E+00  5.5386693E+00
  5.3945049E-01 -1.7649890E+00 -4.7450268E+00  5.5242100E+00
  5.4305417E-01 -1.7757832E+00 -4.7677891E+00  5.5095900E+00
  5.4668193E-01 -1.7866297E+00 -4.7905419E+00  5.4948079E+00
  5.5033391E-01 -1.7975286E+00 -4.8132827E+00  5.4798625E+00
  5.5401028E-01 -1.8084796E+00 -4.8360087E+00  5.4647525E+00
  5.5771121E-01 -1.8194829E+00 -4.8587169E+00  5.4494764E+00
  5.6143685E-01 -1.8305382E+00 -4.8814046E+00  5.4340330E+00
  5.6518738E-01 -1.8416457E+00 -4.9040688E+00  5.4184210E+00
  5.6896295E-01 -1.8528051E+00 -4.9267066E+00  5.4026391E+00
  5.7276374E-01 -1.8640164E+00 -4.9493148E+00  5.3866859E+00
  5.7658991E-01 -1.8752796E+00 -4.9718904E+00  5.3705602E+00
  5.8044164E-01 -1.8865944E+00 -4.9944303E+00  5.3542608E+00
  5.8431909E-01 -1.8979608E+00 -5.0169311E+00  5.3377862E+00
  5.8822244E-01 -1.9093786E+00 -5.0393898E+00  5.3211352E+00
  5.9215185E-01 -1.9208478E+00 -5.0618028E+00  5.3043066E+00
  5.9610751E-01 -1.9323682E+00 -5.0841669E+00  5.2872990E+00
  6.0008959E-01 -1.9439396E+00 -5.1064786E+00  5.2701113E+00
  6.0409827E-01 -1.9555619E+00 -5.1287344E+00  5.2527423E+00
  6.0813371E-01 -1.9672348E+00 -5.1509307E+00  5.2351905E+00
  6.1219611E-01 -1.9789583E+00 -5.1730639E+00  5.2174550E+00
  6.1628564E-01 -1.9907321E+00 -5.1951304E+00  5.1995344E+00
  6.2040248E-01 -2.0025560E+00 -5.2171264E+00  5.1814275E+00
  6.2454681E-01 -2.0144297E+00 -5.2390481E+00  5.1631332E+00
  6.2871883E-01 -2.0263531E+00 -5.2608917E+00  5.1446504E+00
  6.3291870E-01 -2.0383259E+00 -5.2826531E+00  5.1259777E+00
  6.3714663E-01 -2.0503479E+00 -5.3043285E+00  5.1071142E+00
  6.4140279E-01 -2.0624188E+00 -5.3259138E+00  5.0880587E+00
  6.4568738E-01 -2.0745382E+00 -5.3474049E+00  5.0688101E+00
  6.5000059E-01 -2.0867060E+00 -5.3687977E+00  5.0493673E+00
  6.5434260E-01 -2.0989217E+00 -5.3900878E+00  5.0297292E+00
  6.5871361E-01 -2.1111852E+00 -5.4112711E+00  5.0098948E+00
  6.6311381E-01 -2.1234959E+00 -5.4323431E+00  4.9898632E+00
  6.6754340E-01 -2.1358537E+00 -5.4532995E+00  4.9696332E+00
  6.7200257E-01 -2.1482581E+00 -5.4741358E+00  4.9492039E+00
  6.7649152E-01 -2.1607087E+00 -5.4948475E+00  4.9285744E+00
  6.8101046E-01 -2.1732052E+00 -5.5154299E+00  4.9077437E+00
  6.8555957E-01 -2.1857470E+00 -5.5358785E+00  4.8867109E+00
  6.9013907E-01 -2.1983339E+00 -5.5561884E+00  4.8654752E+00
  6.9474915E-01 -2.2109654E+00 -5.5763550E+00  4.8440356E+00
  6.9939002E-01 -2.2236409E+00 -5.5963734E+00  4.8223915E+00
  7.0406189E-01 -2.2363601E+00 -5.6162387E+00  4.8005419E+00
  7.0876495E-01 -2.2491223E+00 -5.6359459E+00  4.7784862E+00
  7.1349943E-01 -2.2619272E+00 -5.6554901E+00  4.7562237E+00
  7.1826553E-01 -2.2747742E+00 -5.6748662E+00  4.7337536E+00
  7.2306345E-01 -2.2876626E+00 -5.6940690E+00  4.7110752E+00
  7.2789343E-01 -2.3005920E+00 -5.7130933E+00  4.6881881E+00
  7.3275565E-01 -2.3135618E+00 -5.7319340E+00  4.6650915E+00
  7.3765036E-01 -2.3265713E+00 -5.7505857E+00  4.6417850E+00
  7.4257775E-01 -2.3396200E+00 -5.7690431E+00  4.6182680E+00
  7.4753805E-01 -2.3527071E+00 -5.7873007E+00  4.5945402E+00
  7.5253148E-01 -2.3658320E+00 -5.8053532E+00  4.5706011E+00
  7.5755826E-01 -2.3789940E+00 -5.8231950E+00  4.5464503E+00
  7.6261861E-01 -2.3921924E+00 -5.8408205E+00  4.5220875E+00
  7.6771275E-01 -2.4054265E+00 -5.8582241E+00  4.4975124E+00
  7.7284092E-01 -2.4186954E+00 -5.8754002E+00  4.4727248E+00
  7.7800334E-01 -2.4319985E+00 -5.8923431E+00  4.4477246E+00
  7.8320023E-01 -2.4453349E+00 -5.9090470E+00  4.4225116E+00
  7.8843184E-01 -2.4587037E+00 -5.9255061E+00  4.3970858E+00
  7.9369838E-01 -2.4721042E+00 -5.9417146E+00  4.3714471E+00
  7.9900010E-01 -2.4855354E+00 -5.9576666E+00  4.3455955E+00
  8.0433722E-01 -2.4989964E+00 -5.9733562E+00  4.3195312E+00
  8.0970999E-01 -2.5124864E+00 -5.9887774E+00  4.2932544E+00
  8.1511864E-01 -2.5260042E+00 -6.0039241E+00  4.2667652E+00
  8.2056342E-01 -2.5395491E+00 -6.0187905E+00  4.2400640E+00
  8.2604456E-01 -2.5531199E+00 -6.0333704E+00  4.2131511E+00
  8.3156230E-01 -2.5667156E+00 -6.0476577E+00  4.1860269E+00
  8.3711690E-01 -2.5803351E+00 -6.0616463E+00  4.1586918E+00
  8.4270859E-01 -2.5939773E+00 -6.0753300E+00  4.1311466E+00
  8.4833763E-01 -2.6076412E+00 -6.0887028E+00  4.1033916E+00
  8.5400427E-01 -2.6213255E+00 -6.1017583E+00  4.0754278E+00
  8.5970874E-01 -2.6350291E+00 -6.1144903E+00  4.0472558E+00
  8.6545132E-01 -2.6487507E+00 -6.1268927E+00  4.0188765E+00
  8.7123225E-01 -2.6624891E+00 -6.1389592E+00  3.9902909E+00
  8.7705179E-01 -2.6762431E+00 -6.1506836E+00  3.9614998E+00
  8.8291019E-01 -2.6900112E+00 -6.1620595E+00  3.9325045E+00
  8.8880772E-01 -2.7037921E+00 -6.1730807E+00  3.9033061E+00
  8.9474464E-01 -2.7175845E+00 -6.1837410E+00  3.8739059E+00
  9.0072121E-01 -2.7313869E+00 -6.1940341E+00  3.8443051E+00
  9.0673769E-01 -2.7451979E+00 -6.2039537E+00  3.8145053E+00
  9.1279436E-01 -2.7590160E+00 -6.2134936E+00  3.7845080E+00
  9.1889148E-01 -2.7728396E+00 -6.2226475E+00  3.7543148E+00
  9.2502931E-01 -2.7866673E+00 -6.2314092E+00  3.7239273E+00
  9.3120814E-01 -2.8004973E+00 -6.2397726E+00  3.6933475E+00
  9.3742824E-01 -2.8143280E+00 -6.2477314E+00  3.6625773E+00
  9.4368987E-01 -2.8281579E+00 -6.2552795E+00  3.6316185E+00
  9.4999333E-01 -2.8419850E+00 -6.2624108E+00  3.6004734E+00
  9.5633889E-01 -2.8558078E+00 -6.2691192E+00  3.5691442E+00
  9.6272682E-01 -2.8696243E+00 -6.2753987E+00  3.5376332E+00
  9.6915742E-01 -2.8834328E+00 -6.2812433E+00  3.5059428E+00
  9.7563096E-01 -2.8972312E+00 -6.2866470E+00  3.4740756E+00
  9.8214774E-01 -2.9110179E+00 -6.2916039E+00  3.4420342E+00
  9.8870804E-01 -2.9247906E+00 -6.2961084E+00  3.4098213E+00
  9.9531216E-01 -2.9385474E+00 -6.3001544E+00  3.3774399E+00
  1.0019604E+00 -2.9522864E+00 -6.3037365E+00  3.3448929E+00
  1.0086530E+00 -2.9660052E+00 -6.3068490E+00  3.3121835E+00
  1.0153903E+00 -2.9797018E+00 -6.3094863E+00  3.2793148E+00
  1.0221726E+00 -2.9933740E+00 -6.3116431E+00  3.2462902E+00
  1.0290003E+00 -3.0070195E+00 -6.3133139E+00  3.2131132E+00
  1.0358735E+00 -3.0206360E+00 -6.3144935E+00  3.1797874E+00
  1.0427926E+00 -3.0342212E+00 -6.3151768E+00  3.1463165E+00
  1.0497579E+00 -3.0477726E+00 -6.3153586E+00  3.1127043E+00
  1.0567698E+00 -3.0612879E+00 -6.3150342E+00  3.0789548E+00
  1.0638284E+00 -3.0747644E+00 -6.3141986E+00  3.0450721E+00
  1.0709343E+00 -3.0881996E+00 -6.3128473E+00  3.0110603E+00
  1.0780875E+00 -3.1015909E+00 -6.3109756E+00  2.9769240E+00
  1.0852886E+00 -3.1149357E+00 -6.3085792E+00  2.9426675E+00
  1.0925377E+00 -3.1282312E+00 -6.3056537E+00  2.9082955E+00
  1.0998353E+00 -3.1414746E+00 -6.3021952E+00  2.8738127E+00
  1.1071816E+00 -3.1546631E+00 -6.2981996E+00  2.8392240E+00
  1.1145769E+00 -3.1677937E+00 -6.2936631E+00  2.8045344E+00
  1.1220217E+00 -3.1808637E+00 -6.2885822E+00  2.7697490E+00
  1.1295162E+00 -3.1938698E+00 -6.2829533E+00  2.7348733E+00
  1.1370607E+00 -3.2068090E+00 -6.2767733E+00  2.6999124E+00
  1.1446556E+00 -3.2196783E+00 -6.2700391E+00  2.6648721E+00
  1.1523012E+00 -3.2324743E+00 -6.2627477E+00  2.6297580E+00
  1.1599979E+00 -3.2451939E+00 -6.2548966E+00  2.5945759E+00
  1.1677460E+00 -3.2578337E+00 -6.2464832E+00  2.5593317E+00
  1.1755459E+00 -3.2703904E+00 -6.2375053E+00  2.5240316E+00
  1.1833978E+00 -3.2828603E+00 -6.2279609E+00  2.4886817E+00
  1.1913022E+00 -3.2952402E+00 -6.2178481E+00  2.4532885E+00
  1.1992594E+00 -3.3075262E+00 -6.2071654E+00  2.4178582E+00
  1.2072697E+00 -3.3197149E+00 -6.1959114E+00  2.3823977E+00
  1.2153335E+00 -3.3318024E+00 -6.1840850E+00  2.3469134E+00
  1.2234512E+00 -3.3437851E+00 -6.1716852E+00  2.3114124E+00
  1.2316231E+00 -3.3556589E+00 -6.1587116E+00  2.2759015E+00
  1.2398495E+00 -3.3674200E+00 -6.1451637E+00  2.2403878E+00
  1.2481309E+00 -3.3790643E+00 -6.1310414E+00  2.2048785E+00
  1.2564676E+00 -3.3905879E+00 -6.1163447E+00  2.1693809E+00
  1.2648600E+00 -3.4019864E+00 -6.1010742E+00  2.1339024E+00
  1.2733084E+00 -3.4132558E+00 -6.0852303E+00  2.0984504E+00
  1.2818133E+00 -3.4243916E+00 -6.0688141E+00  2.0630325E+00
  1.2903750E+00 -3.4353896E+00 -6.0518267E+00  2.0276564E+00
  1.2989938E+00 -3.4462452E+00 -6.0342694E+00  1.9923299E+00
  1.3076702E+00 -3.4569540E+00 -6.0161439E+00  1.9570607E+00
  1.3164046E+00 -3.4675112E+00 -5.9974522E+00  1.9218567E+00
  1.3251972E+00 -3.4779123E+00 -5.9781963E+00  1.8867259E+00
  1.3340487E+00 -3.4881524E+00 -5.9583787E+00  1.8516763E+00
  1.3429592E+00 -3.4982268E+00 -5.9380020E+00  1.8167158E+00
  1.3519292E+00 -3.5081304E+00 -5.9170690E+00  1.7818526E+00
  1.3609592E+00 -3.5178582E+00 -5.8955827E+00  1.7470947E+00
  1.3700494E+00 -3.5274053E+00 -5.8735464E+00  1.7124501E+00
  1.3792004E+00 -3.5367663E+00 -5.8509636E+00  1.6779268E+00
  1.3884124E+00 -3.5459360E+00 -5.8278377E+00  1.6435330E+00
  1.3976860E+00 -3.5549091E+00 -5.8041725E+00  1.6092766E+00
  1.4070216E+00 -3.5636802E+00 -5.7799718E+00  1.5751654E+00
  1.4164195E+00 -3.5722437E+00 -5.7552397E+00  1.5412073E+00
  1.4258801E+00 -3.5805940E+00 -5.7299799E+00  1.5074100E+00
  1.4354039E+00 -3.5887254E+00 -5.7041967E+00  1.4737812E+00
  1.4449914E+00 -3.5966323E+00 -5.6778940E+00  1.4403282E+00
  1.4546428E+00 -3.6043086E+00 -5.6510759E+00  1.4070583E+00
  1.4643588E+00 -3.6117485E+00 -5.6237460E+00  1.3739786E+00
  1.4741396E+00 -3.6189459E+00 -5.5959084E+00  1.3410958E+00
  1.4839857E+00 -3.6258947E+00 -5.5675664E+00  1.3084167E+00
  1.4938976E+00 -3.6325887E+00 -5.5387234E+00  1.2759473E+00
  1.5038757E+00 -3.6390216E+00 -5.5093823E+00  1.2436937E+00
  1.5139205E+00 -3.6451869E+00 -5.4795459E+00  1.2116614E+00
  1.5240323E+00 -3.6510783E+00 -5.4492161E+00  1.1798555E+00
  1.5342116E+00 -3.6566891E+00 -5.4183947E+00  1.1482807E+00
  1.5444590E+00 -3.6620127E+00 -5.3870826E+00  1.1169412E+00
  1.5547748E+00 -3.6670423E+00 -5.3552801E+00  1.0858407E+00
  1.5651594E+00 -3.6717711E+00 -5.3229865E+00  1.0549822E+00
  1.5756135E+00 -3.6761922E+00 -5.2902005E+00  1.0243682E+00
  1.5861373E+00 -3.6802985E+00 -5.2569196E+00  9.9400034E-01
  1.5967314E+00 -3.6840830E+00 -5.2231400E+00  9.6387969E-01
  1.6073963E+00 -3.6875384E+00 -5.1888570E+00  9.3400647E-01
  1.6181324E+00 -3.6906575E+00 -5.1540643E+00  9.0438010E-01
  1.6289403E+00 -3.6934329E+00 -5.1187542E+00  8.7499914E-01
  1.6398203E+00 -3.6958571E+00 -5.0829175E+00  8.4586123E-01
  1.6507729E+00 -3.6979226E+00 -5.0465432E+00  8.1696308E-01
  1.6617987E+00 -3.6996218E+00 -5.0096184E+00  7.8830044E-01
  1.6728982E+00 -3.7009469E+00 -4.9721287E+00  7.5986804E-01
  1.6840718E+00 -3.7018901E+00 -4.9340574E+00  7.3165963E-01
  1.6953200E+00 -3.7024436E+00 -4.8953859E+00  7.0366793E-01
  1.7066433E+00 -3.7025994E+00 -4.8560934E+00  6.7588465E-01
  1.7180422E+00 -3.7023494E+00 -4.8161570E+00  6.4830048E-01
  1.7295173E+00 -3.7016855E+00 -4.7755516E+00  6.2090509E-01
  1.7410690E+00 -3.7005994E+00 -4.7342497E+00  5.9368714E-01
  1.7526979E+00 -3.6990830E+00 -4.6922217E+00  5.6663426E-01
  1.7644044E+00 -3.6971277E+00 -4.6494351E+00  5.3973304E-01
  1.7761892E+00 -3.6947253E+00 -4.6058551E+00  5.1296891E-01
  1.7880526E+00 -3.6918671E+00 -4.5614436E+00  4.8632606E-01
  1.7999952E+00 -3.6885445E+00 -4.5161593E+00  4.5978725E-01
  1.8120176E+00 -3.6847489E+00 -4.4699568E+00  4.3333346E-01
  1.8241203E+00 -3.6804716E+00 -4.4227856E+00  4.0694352E-01
  1.8363039E+00 -3.6757038E+00 -4.3745893E+00  3.8059360E-01
  1.8485688E+00 -3.6704366E+00 -4.3253041E+00  3.5425651E-01
  1.8609156E+00 -3.6646610E+00 -4.2748573E+00  3.2790110E-01
  1.8733449E+00 -3.6583682E+00 -4.2231878E+00  3.0150326E-01
  1.8858572E+00 -3.6515491E+00 -4.1699675E+00  2.7489804E-01
  1.8984530E+00 -3.6441945E+00 -4.1148094E+00  2.4789391E-01
  1.9111330E+00 -3.6362953E+00 -4.0630212E+00  2.2328424E-01
  1.9238977E+00 -3.6278424E+00 -4.0205916E+00  2.0414242E-01
  1.9367476E+00 -3.6188265E+00 -3.9832270E+00  1.8815070E-01
  1.9496833E+00 -3.6092384E+00 -3.9459397E+00  1.7269537E-01
  1.9627055E+00 -3.5990687E+00 -3.9088827E+00  1.5785050E-01
  1.9758145E+00 -3.5883081E+00 -3.8722943E+00  1.4373124E-01
  1.9890112E+00 -3.5769472E+00 -3.8361597E+00  1.3032231E-01
  2.0022960E+00 -3.5649766E+00 -3.8004833E+00  1.1761832E-01
  2.0156695E+00 -3.5523870E+00 -3.7652683E+00  1.0561320E-01
  2.0291323E+00 -3.5391688E+00 -3.7305163E+00  9.4300190E-02
  2.0426851E+00 -3.5253126E+00 -3.6962279E+00  8.3671850E-02
  2.0563283E+00 -3.5108091E+00 -3.6624017E+00  7.3720049E-02
  2.0700627E+00 -3.4956487E+00 -3.6290352E+00  6.4435970E-02
  2.0838888E+00 -3.4798220E+00 -3.5961241E+00  5.5810107E-02
  2.0978072E+00 -3.4633196E+00 -3.5636625E+00  4.7832275E-02
  2.1118186E+00 -3.4461321E+00 -3.5316430E+00  4.0491609E-02
  2.1259236E+00 -3.4282500E+00 -3.5000565E+00  3.3776604E-02
  2.1401227E+00 -3.4096640E+00 -3.4688929E+00  2.7675463E-02
  2.1544168E+00 -3.3903649E+00 -3.4381422E+00  2.2176441E-02
  2.1688062E+00 -3.3703432E+00 -3.4077940E+00  1.7267899E-02
  2.1832918E+00 -3.3495899E+00 -3.3778380E+00  1.2938315E-02
  2.1978741E+00 -3.3280956E+00 -3.3482640E+00  9.1762942E-03
  2.2125538E+00 -3.3058514E+00 -3.3190617E+00  5.9705838E-03
  2.2273316E+00 -3.2828482E+00 -3.2902208E+00  3.3100811E-03
  2.2422080E+00 -3.2590770E+00 -3.2617314E+00  1.1838412E-03
  2.2571838E+00 -3.2345290E+00 -3.2335834E+00 -4.1891643E-04
  2.2722596E+00 -3.2091954E+00 -3.2057670E+00 -1.5088033E-03
  2.2874361E+00 -3.1830677E+00 -3.1782726E+00 -2.0962592E-03
  2.3027140E+00 -3.1561372E+00 -3.1510906E+00 -2.1915501E-03
  2.3180939E+00 -3.1289447E+00 -3.1242119E+00 -2.0416804E-03
  2.3335765E+00 -3.1020335E+00 -3.0976274E+00 -1.8881235E-03
  2.3491625E+00 -3.0753985E+00 -3.0713282E+00 -1.7326618E-03
  2.3648526E+00 -3.0490352E+00 -3.0453059E+00 -1.5769975E-03
  2.3806475E+00 -3.0229391E+00 -3.0195521E+00 -1.4227460E-03
  2.3965479E+00 -2.9971059E+00 -2.9940588E+00 -1.2714299E-03
  2.4125544E+00 -2.9715312E+00 -2.9688183E+00 -1.1244717E-03
  2.4286679E+00 -2.9462111E+00 -2.9438233E+00 -9.8318747E-04
  2.4448890E+00 -2.9211416E+00 -2.9190664E+00 -8.4877921E-04
  2.4612184E+00 -2.8963189E+00 -2.8945411E+00 -7.2232678E-04
  2.4776569E+00 -2.8717394E+00 -2.8702410E+00 -6.0477884E-04
  2.4942052E+00 -2.8473994E+00 -2.8461599E+00 -4.9694288E-04
  2.5108640E+00 -2.8232954E+00 -2.8222924E+00 -3.9947386E-04
  2.5276340E+00 -2.7994241E+00 -2.7986333E+00 -3.1286158E-04
  2.5445161E+00 -2.7757822E+00 -2.7751780E+00 -2.3741655E-04
  2.5615109E+00 -2.7523663E+00 -2.7519225E+00 -1.7325422E-04
  2.5786192E+00 -2.7291734E+00 -2.7288633E+00 -1.2027754E-04
  2.5958418E+00 -2.7062004E+00 -2.7059975E+00 -7.8157707E-05
  2.6131793E+00 -2.6834443E+00 -2.6833232E+00 -4.6313004E-05
  2.6306327E+00 -2.6609020E+00 -2.6608391E+00 -2.3885769E-05
  2.6482027E+00 -2.6385707E+00 -2.6385449E+00 -9.7172922E-06
  2.6658900E+00 -2.6164474E+00 -2.6164412E+00 -2.3206702E-06
  2.6836954E+00 -2.5945294E+00 -2.5945298E+00  1.2627411E-07
  2.7016197E+00 -2.5728139E+00 -2.5728143E+00  1.3977262E-07
  2.7196637E+00 -2.5512980E+00 -2.5512979E+00 -6.2659479E-08
  2.7378283E+00 -2.5299791E+00 -2.5299790E+00 -4.4339891E-08
  2.7561142E+00 -2.5088544E+00 -2.5088543E+00 -4.4036445E-08
  2.7745222E+00 -2.4879213E+00 -2.4879212E+00 -4.3735176E-08
  2.7930531E+00 -2.4671770E+00 -2.4671769E+00 -4.3435864E-08
  2.8117078E+00 -2.4466189E+00 -2.4466188E+00 -4.3138580E-08
  2.8304871E+00 -2.4262444E+00 -2.4262443E+00 -4.2843334E-08
  2.8493918E+00 -2.4060507E+00 -2.4060506E+00 -4.2549962E-08
  2.8684227E+00 -2.3860353E+00 -2.3860352E+00 -4.2258707E-08
  2.8875808E+00 -2.3661955E+00 -2.3661954E+00 -4.1969415E-08
  2.9068668E+00 -2.3465287E+00 -2.3465286E+00 -4.1682004E-08
  2.9262816E+00 -2.3270322E+00 -2.3270320E+00 -4.1396603E-08
  2.9458261E+00 -2.3077033E+00 -2.3077032E+00 -4.1113132E-08
  2.9655011E+00 -2.2885394E+00 -2.2885393E+00 -4.0831648E-08
  2.9853075E+00 -2.2695379E+00 -2.2695378E+00 -4.0551407E-08
  3.0052462E+00 -2.2506960E+00 -2.2506959E+00 -4.0284194E-08
  3.0253180E+00 -2.2320110E+00 -2.2320109E+00 -3.9898139E-08
  3.0455239E+00 -2.2134802E+00 -2.2134801E+00 -3.9961792E-08
  3.0658648E+00 -2.1951009E+00 -2.1951008E+00 -4.0142896E-08
  3.0863415E+00 -2.1768703E+00 -2.1768702E+00 -3.9414248E-08
  3.1069550E+00 -2.1587857E+00 -2.1587856E+00 -3.8808277E-08
  3.1277061E+00 -2.1408442E+00 -2.1408440E+00 -3.8651574E-08
  3.1485958E+00 -2.1230429E+00 -2.1230428E+00 -3.8376199E-08
  3.1696251E+00 -2.1053792E+00 -2.1053791E+00 -3.8105392E-08
  3.1907947E+00 -2.0878500E+00 -2.0878499E+00 -3.7844154E-08
  3.2121058E+00 -2.0704525E+00 -2.0704524E+00 -3.7583223E-08
  3.2335592E+00 -2.0531838E+00 -2.0531837E+00 -3.7322299E-08
  3.2551559E+00 -2.0360408E+00 -2.0360407E+00 -3.7064256E-08
  3.2768968E+00 -2.0190208E+00 -2.0190206E+00 -3.6807700E-08
  3.2987829E+00 -2.0021205E+00 -2.0021204E+00 -3.6553095E-08
  3.3208152E+00 -1.9853371E+00 -1.9853370E+00 -3.6300000E-08
  3.3429946E+00 -1.9686675E+00 -1.9686673E+00 -3.6048696E-08
  3.3653222E+00 -1.9521086E+00 -1.9521085E+00 -3.5799264E-08
  3.3877988E+00 -1.9356573E+00 -1.9356572E+00 -3.5551381E-08
  3.4104256E+00 -1.9193107E+00 -1.9193106E+00 -3.5305147E-08
  3.4332035E+00 -1.9030656E+00 -1.9030655E+00 -3.5060683E-08
  3.4561335E+00 -1.8869189E+00 -1.8869187E+00 -3.4817779E-08
  3.4792167E+00 -1.8708675E+00 -1.8708674E+00 -3.4576570E-08
  3.5024540E+00 -1.8549083E+00 -1.8549082E+00 -3.4336994E-08
  3.5258466E+00 -1.8390384E+00 -1.8390382E+00 -3.4098947E-08
  3.5493953E+00 -1.8232545E+00 -1.8232544E+00 -3.3862538E-08
  3.5731014E+00 -1.8075538E+00 -1.8075537E+00 -3.3627734E-08
  3.5969657E+00 -1.7919332E+00 -1.7919330E+00 -3.3394428E-08
  3.6209895E+00 -1.7763897E+00 -1.7763896E+00 -3.3162671E-08
  3.6451736E+00 -1.7609206E+00 -1.7609205E+00 -3.2932453E-08
  3.6695193E+00 -1.7455229E+00 -1.7455228E+00 -3.2703740E-08
  3.6940276E+00 -1.7301940E+00 -1.7301939E+00 -3.2476528E-08
  3.7186996E+00 -1.7149311E+00 -1.7149310E+00 -3.2250720E-08
  3.7435364E+00 -1.6997317E+00 -1.6997316E+00 -3.2026448E-08
  3.7685390E+00 -1.6845934E+00 -1.6845933E+00 -3.1803596E-08
  3.7937086E+00 -1.6695138E+00 -1.6695137E+00 -3.1582143E-08
  3.8190463E+00 -1.6544908E+00 -1.6544906E+00 -3.1362198E-08
  3.8445533E+00 -1.6395222E+00 -1.6395221E+00 -3.1143562E-08
  3.8702305E+00 -1.6246062E+00 -1.6246061E+00 -3.0926450E-08
  3.8960793E+00 -1.6097412E+00 -1.6097411E+00 -3.0710279E-08
  3.9221007E+00 -1.5949256E+00 -1.5949255E+00 -3.0496191E-08
  3.9482959E+00 -1.5801581E+00 -1.5801580E+00 -3.0283771E-08
  3.9746661E+00 -1.5654377E+00 -1.5654376E+00 -3.0070525E-08
  4.0012123E+00 -1.5507635E+00 -1.5507633E+00 -2.9856837E-08
  4.0279359E+00 -1.5361349E+00 -1.5361347E+00 -2.9681781E-08
  4.0548379E+00 -1.5215515E+00 -1.5215514E+00 -2.9379873E-08
  4.0819196E+00 -1.5070134E+00 -1.5070133E+00 -2.9053153E-08
  4.1091822E+00 -1.4925208E+00 -1.4925206E+00 -2.8977239E-08
  4.1366269E+00 -1.4780740E+00 -1.4780739E+00 -2.8860344E-08
  4.1642548E+00 -1.4636740E+00 -1.4636739E+00 -2.8630119E-08
  4.1920673E+00 -1.4493218E+00 -1.4493217E+00 -2.8433858E-08
  4.2200655E+00 -1.4350188E+00 -1.4350187E+00 -2.8235049E-08
  4.2482507E+00 -1.4207667E+00 -1.4207666E+00 -2.8037970E-08
  4.2766241E+00 -1.4065676E+00 -1.4065675E+00 -2.7842207E-08
  4.3051870E+00 -1.3924237E+00 -1.3924236E+00 -2.7647758E-08
  4.3339407E+00 -1.3783377E+00 -1.3783375E+00 -2.7454628E-08
  4.3628864E+00 -1.3643124E+00 -1.3643123E+00 -2.7262788E-08
  4.3920255E+00 -1.3503511E+00 -1.3503510E+00 -2.7072241E-08
  4.4213592E+00 -1.3364572E+00 -1.3364571E+00 -2.6882984E-08
  4.4508887E+00 -1.3226345E+00 -1.3226344E+00 -2.6694987E-08
  4.4806155E+00 -1.3088869E+00 -1.3088868E+00 -2.6508248E-08
  4.5105408E+00 -1.2952186E+00 -1.2952185E+00 -2.6322767E-08
  4.5406660E+00 -1.2816341E+00 -1.2816339E+00 -2.6138510E-08
  4.5709924E+00 -1.2681378E+00 -1.2681377E+00 -2.5955494E-08
  4.6015213E+00 -1.2547347E+00 -1.2547346E+00 -2.5773693E-08
  4.6322541E+00 -1.2414296E+00 -1.2414295E+00 -2.5593082E-08
  4.6631922E+00 -1.2282275E+00 -1.2282273E+00 -2.5413692E-08
  4.6943368E+00 -1.2151335E+00 -1.2151333E+00 -2.5235492E-08
  4.7256895E+00 -1.2021527E+00 -1.2021526E+00 -2.5058441E-08
  4.7572516E+00 -1.1892905E+00 -1.1892904E+00 -2.4882589E-08
  4.7890245E+00 -1.1765520E+00 -1.1765519E+00 -2.4707892E-08
  4.8210095E+00 -1.1639423E+00 -1.1639422E+00 -2.4534367E-08
  4.8532082E+00 -1.1514667E+00 -1.1514665E+00 -2.4361996E-08
  4.8856220E+00 -1.1391300E+00 -1.1391299E+00 -2.4190701E-08
  4.9182522E+00 -1.1269374E+00 -1.1269373E+00 -2.4020589E-08
  4.9511003E+00 -1.1148935E+00 -1.1148934E+00 -2.3851634E-08
  4.9841678E+00 -1.1030030E+00 -1.1030029E+00 -2.3683693E-08
  5.0174562E+00 -1.0912704E+00 -1.0912703E+00 -2.3516820E-08
  5.0509669E+00 -1.0796998E+00 -1.0796997E+00 -2.3351013E-08
  5.0847014E+00 -1.0682952E+00 -1.0682951E+00 -2.3186289E-08
  5.1186612E+00 -1.0570604E+00 -1.0570603E+00 -2.3022662E-08
  5.1528478E+00 -1.0459987E+00 -1.0459986E+00 -2.2860123E-08
  5.1872627E+00 -1.0351134E+00 -1.0351133E+00 -2.2698634E-08
  5.2219074E+00 -1.0244071E+00 -1.0244070E+00 -2.2538233E-08
  5.2567836E+00 -1.0138825E+00 -1.0138824E+00 -2.2378894E-08
  5.2918926E+00 -1.0035416E+00 -1.0035415E+00 -2.2220573E-08
  5.3272362E+00 -9.9338614E-01 -9.9338602E-01 -2.2063316E-08
  5.3628158E+00 -9.8341755E-01 -9.8341743E-01 -2.1907089E-08
  5.3986330E+00 -9.7363683E-01 -9.7363672E-01 -2.1751861E-08
  5.4346894E+00 -9.6404460E-01 -9.6404448E-01 -2.1597665E-08
  5.4709867E+00 -9.5464107E-01 -9.5464095E-01 -2.1444453E-08
  5.5075263E+00 -9.4542606E-01 -9.4542594E-01 -2.1292259E-08
  5.5443100E+00 -9.3639900E-01 -9.3639888E-01 -2.1141045E-08
  5.5813394E+00 -9.2755889E-01 -9.2755878E-01 -2.0990811E-08
  5.6186160E+00 -9.1890437E-01 -9.1890425E-01 -2.0841576E-08
  5.6561416E+00 -9.1043363E-01 -9.1043352E-01 -2.0693269E-08
  5.6939179E+00 -9.0214452E-01 -9.0214440E-01 -2.0545942E-08
  5.7319464E+00 -8.9403445E-01 -8.9403433E-01 -2.0399615E-08
  5.7702289E+00 -8.8610048E-01 -8.8610037E-01 -2.0254210E-08
  5.8087671E+00 -8.7833929E-01 -8.7833917E-01 -2.0109754E-08
  5.8475627E+00 -8.7074717E-01 -8.7074705E-01 -1.9966271E-08
  5.8866174E+00 -8.6332009E-01 -8.6331997E-01 -1.9823691E-08
  5.9259329E+00 -8.5605365E-01 -8.5605354E-01 -1.9682084E-08
  5.9655109E+00 -8.4894314E-01 -8.4894302E-01 -1.9541415E-08
  6.0053533E+00 -8.4198350E-01 -8.4198339E-01 -1.9401658E-08
  6.0454618E+00 -8.3516941E-01 -8.3516930E-01 -1.9262872E-08
  6.0858382E+00 -8.2849524E-01 -8.2849513E-01 -1.9124976E-08
  6.1264842E+00 -8.2195510E-01 -8.2195498E-01 -1.8987993E-08
  6.1674017E+00 -8.1554284E-01 -8.1554272E-01 -1.8851958E-08
  6.2085925E+00 -8.0925209E-01 -8.0925198E-01 -1.8716830E-08
  6.2500583E+00 -8.0307628E-01 -8.0307616E-01 -1.8582570E-08
  6.2918011E+00 -7.9700862E-01 -7.9700851E-01 -1.8449245E-08
  6.3338227E+00 -7.9104219E-01 -7.9104208E-01 -1.8316803E-08
  6.3761249E+00 -7.8516991E-01 -7.8516979E-01 -1.8185211E-08
  6.4187097E+00 -7.7938456E-01 -7.7938445E-01 -1.8054551E-08
  6.4615788E+00 -7.7367886E-01 -7.7367875E-01 -1.7924762E-08
  6.5047343E+00 -7.6804545E-01 -7.6804533E-01 -1.7795807E-08
  6.5481780E+00 -7.6247690E-01 -7.6247679E-01 -1.7667723E-08
  6.5919118E+00 -7.5696580E-01 -7.5696568E-01 -1.7540515E-08
  6.6359377E+00 -7.5150470E-01 -7.5150459E-01 -1.7414155E-08
  6.6802577E+00 -7.4608623E-01 -7.4608612E-01 -1.7288611E-08
  6.7248736E+00 -7.4070306E-01 -7.4070294E-01 -1.7163920E-08
  6.7697875E+00 -7.3534792E-01 -7.3534781E-01 -1.7040089E-08
  6.8150014E+00 -7.3001370E-01 -7.3001359E-01 -1.6917062E-08
  6.8605173E+00 -7.2469340E-01 -7.2469328E-01 -1.6794830E-08
  6.9063371E+00 -7.1938018E-01 -7.1938006E-01 -1.6673433E-08
  6.9524629E+00 -7.1406739E-01 -7.1406728E-01 -1.6552852E-08
  6.9988968E+00 -7.0874861E-01 -7.0874850E-01 -1.6433060E-08
  7.0456409E+00 -7.0341764E-01 -7.0341752E-01 -1.6314078E-08
  7.0926971E+00 -6.9806852E-01 -6.9806841E-01 -1.6195873E-08
  7.1400675E+00 -6.9269561E-01 -6.9269549E-01 -1.6078456E-08
  7.1877544E+00 -6.8729351E-01 -6.8729340E-01 -1.5961843E-08
  7.2357597E+00 -6.8185719E-01 -6.8185708E-01 -1.5845967E-08
  7.2840857E+00 -6.7638192E-01 -6.7638180E-01 -1.5730873E-08
  7.3327343E+00 -6.7086330E-01 -6.7086318E-01 -1.5616568E-08
  7.3817079E+00 -6.6529731E-01 -6.6529720E-01 -1.5502988E-08
  7.4310086E+00 -6.5968030E-01 -6.5968019E-01 -1.5390183E-08
  7.4806386E+00 -6.5400898E-01 -6.5400886E-01 -1.5278136E-08
  7.5306000E+00 -6.4828043E-01 -6.4828032E-01 -1.5166820E-08
  7.5808950E+00 -6.4249215E-01 -6.4249204E-01 -1.5056256E-08
  7.6315260E+00 -6.3664200E-01 -6.3664189E-01 -1.4946401E-08
  7.6824951E+00 -6.3072824E-01 -6.3072813E-01 -1.4837302E-08
  7.7338047E+00 -6.2474951E-01 -6.2474939E-01 -1.4728941E-08
  7.7854569E+00 -6.1870483E-01 -6.1870471E-01 -1.4621267E-08
  7.8374540E+00 -6.1259361E-01 -6.1259349E-01 -1.4514320E-08
  7.8897985E+00 -6.0641561E-01 -6.0641549E-01 -1.4408089E-08
  7.9424925E+00 -6.0017096E-01 -6.0017085E-01 -1.4302541E-08
  7.9955385E+00 -5.9386015E-01 -5.9386003E-01 -1.4197709E-08
  8.0489387E+00 -5.8748398E-01 -5.8748386E-01 -1.4093570E-08
  8.1026956E+00 -5.8104359E-01 -5.8104348E-01 -1.3990104E-08
  8.1568115E+00 -5.7454043E-01 -5.7454032E-01 -1.3887334E-08
  8.2112888E+00 -5.6797624E-01 -5.6797613E-01 -1.3785243E-08
  8.2661299E+00 -5.6135303E-01 -5.6135291E-01 -1.3683822E-08
  8.3213374E+00 -5.5467306E-01 -5.5467294E-01 -1.3583075E-08
  8.3769135E+00 -5.4793884E-01 -5.4793873E-01 -1.3482980E-08
  8.4328608E+00 -5.4115312E-01 -5.4115301E-01 -1.3383557E-08
  8.4891817E+00 -5.3431881E-01 -5.3431870E-01 -1.3284790E-08
  8.5458788E+00 -5.2743904E-01 -5.2743893E-01 -1.3186661E-08
  8.6029546E+00 -5.2051708E-01 -5.2051697E-01 -1.3089186E-08
  8.6604115E+00 -5.1355636E-01 -5.1355625E-01 -1.2992352E-08
  8.7182522E+00 -5.0656044E-01 -5.0656033E-01 -1.2896141E-08
  8.7764792E+00 -4.9953296E-01 -4.9953285E-01 -1.2800569E-08
  8.8350951E+00 -4.9247769E-01 -4.9247758E-01 -1.2705626E-08
  8.8941024E+00 -4.8539844E-01 -4.8539833E-01 -1.2611292E-08
  8.9535038E+00 -4.7829909E-01 -4.7829898E-01 -1.2517588E-08
  9.0133020E+00 -4.7118357E-01 -4.7118346E-01 -1.2424492E-08
  9.0734995E+00 -4.6405581E-01 -4.6405570E-01 -1.2332009E-08
  9.1340990E+00 -4.5691977E-01 -4.5691966E-01 -1.2240133E-08
  9.1951033E+00 -4.4977940E-01 -4.4977929E-01 -1.2148847E-08
  9.2565150E+00 -4.4263863E-01 -4.4263852E-01 -1.2058169E-08
  9.3183368E+00 -4.3550137E-01 -4.3550126E-01 -1.1968084E-08
  9.3805716E+00 -4.2837147E-01 -4.2837136E-01 -1.1878578E-08
  9.4432219E+00 -4.2125275E-01 -4.2125264E-01 -1.1789664E-08
  9.5062907E+00 -4.1414896E-01 -4.1414885E-01 -1.1701330E-08
  9.5697807E+00 -4.0706379E-01 -4.0706368E-01 -1.1613570E-08
  9.6336948E+00 -4.0000083E-01 -4.0000072E-01 -1.1526393E-08
  9.6980356E+00 -3.9296361E-01 -3.9296350E-01 -1.1439785E-08
  9.7628063E+00 -3.8595556E-01 -3.8595545E-01 -1.1353736E-08
  9.8280094E+00 -3.7898002E-01 -3.7897991E-01 -1.1268264E-08
  9.8936481E+00 -3.7204021E-01 -3.7204010E-01 -1.1183341E-08
  9.9597251E+00 -3.6513926E-01 -3.6513915E-01 -1.1098980E-08
  1.0026243E+01 -3.5828019E-01 -3.5828008E-01 -1.1015178E-08
  1.0093206E+01 -3.5146591E-01 -3.5146580E-01 -1.0931914E-08
  1.0160616E+01 -3.4469921E-01 -3.4469910E-01 -1.0849204E-08
  1.0228476E+01 -3.3798277E-01 -3.3798266E-01 -1.0767038E-08
  1.0296789E+01 -3.3131915E-01 -3.3131904E-01 -1.0685402E-08
  1.0365559E+01 -3.2471080E-01 -3.2471069E-01 -1.0604309E-08
  1.0434787E+01 -3.1816003E-01 -3.1815992E-01 -1.0523751E-08
  1.0504478E+01 -3.1166906E-01 -3.1166895E-01 -1.0443712E-08
  1.0574635E+01 -3.0523998E-01 -3.0523987E-01 -1.0364210E-08
  1.0645260E+01 -2.9887475E-01 -2.9887464E-01 -1.0285217E-08
  1.0716357E+01 -2.9257525E-01 -2.9257514E-01 -1.0206756E-08
  1.0787928E+01 -2.8634320E-01 -2.8634309E-01 -1.0128814E-08
  1.0859978E+01 -2.8018026E-01 -2.8018015E-01 -1.0051373E-08
  1.0932509E+01 -2.7408792E-01 -2.7408782E-01 -9.9744509E-09
  1.1005524E+01 -2.6806762E-01 -2.6806751E-01 -9.8980369E-09
  1.1079027E+01 -2.6212065E-01 -2.6212055E-01 -9.8221171E-09
  1.1153021E+01 -2.5624823E-01 -2.5624812E-01 -9.7467034E-09
  1.1227509E+01 -2.5045144E-01 -2.5045133E-01 -9.6717888E-09
  1.1302494E+01 -2.4473129E-01 -2.4473118E-01 -9.5973593E-09
  1.1377980E+01 -2.3908869E-01 -2.3908858E-01 -9.5234282E-09
  1.1453970E+01 -2.3352445E-01 -2.3352434E-01 -9.4499829E-09
  1.1530468E+01 -2.2803929E-01 -2.2803919E-01 -9.3770163E-09
  1.1607477E+01 -2.2263385E-01 -2.2263374E-01 -9.3045385E-09
  1.1685000E+01 -2.1730867E-01 -2.1730856E-01 -9.2325306E-09
  1.1763041E+01 -2.1206422E-01 -2.1206412E-01 -9.1610023E-09
  1.1841603E+01 -2.0690089E-01 -2.0690078E-01 -9.0899490E-09
  1.1920690E+01 -2.0181899E-01 -2.0181888E-01 -9.0193594E-09
  1.2000305E+01 -1.9681874E-01 -1.9681863E-01 -8.9492397E-09
  1.2080451E+01 -1.9190033E-01 -1.9190022E-01 -8.8795870E-09
  1.2161133E+01 -1.8706384E-01 -1.8706373E-01 -8.8103857E-09
  1.2242354E+01 -1.8230930E-01 -1.8230920E-01 -8.7416474E-09
  1.2324117E+01 -1.7763669E-01 -1.7763659E-01 -8.6733625E-09
  1.2406426E+01 -1.7304592E-01 -1.7304581E-01 -8.6055237E-09
  1.2489285E+01 -1.6853682E-01 -1.6853672E-01 -8.5381423E-09
  1.2572698E+01 -1.6410921E-01 -1.6410910E-01 -8.4712062E-09
  1.2656667E+01 -1.5976282E-01 -1.5976271E-01 -8.4047041E-09
  1.2741197E+01 -1.5549734E-01 -1.5549723E-01 -8.3386504E-09
  1.2826292E+01 -1.5131242E-01 -1.5131232E-01 -8.2730278E-09
  1.2911955E+01 -1.4720766E-01 -1.4720756E-01 -8.2078447E-09
  1.2998191E+01 -1.4318262E-01 -1.4318251E-01 -8.1430935E-09
  1.3085002E+01 -1.3923680E-01 -1.3923669E-01 -8.0787650E-09
  1.3172393E+01 -1.3536969E-01 -1.3536958E-01 -8.0148680E-09
  1.3260367E+01 -1.3158072E-01 -1.3158061E-01 -7.9513941E-09
  1.3348929E+01 -1.2786930E-01 -1.2786919E-01 -7.8883340E-09
  1.3438083E+01 -1.2423479E-01 -1.2423469E-01 -7.8257011E-09
  1.3527832E+01 -1.2067655E-01 -1.2067644E-01 -7.7634815E-09
  1.3618181E+01 -1.1719387E-01 -1.1719377E-01 -7.7016653E-09
  1.3709132E+01 -1.1378605E-01 -1.1378594E-01 -7.6402652E-09
  1.3800692E+01 -1.1045233E-01 -1.1045222E-01 -7.5792666E-09
  1.3892862E+01 -1.0719195E-01 -1.0719184E-01 -7.5186797E-09
  1.3985649E+01 -1.0400412E-01 -1.0400401E-01 -7.4584923E-09
  1.4079055E+01 -1.0088803E-01 -1.0088793E-01 -7.3986946E-09
  1.4173085E+01 -9.7842848E-02 -9.7842744E-02 -7.3392998E-09
  1.4267743E+01 -9.4867725E-02 -9.4867621E-02 -7.2802991E-09
  1.4363033E+01 -9.1961796E-02 -9.1961692E-02 -7.2216817E-09
  1.4458959E+01 -8.9124179E-02 -8.9124075E-02 -7.1634581E-09
  1.4555526E+01 -8.6353978E-02 -8.6353874E-02 -7.1056231E-09
  1.4652738E+01 -8.3650285E-02 -8.3650182E-02 -7.0481618E-09
  1.4750599E+01 -8.1012181E-02 -8.1012078E-02 -6.9910899E-09
  1.4849114E+01 -7.8438733E-02 -7.8438630E-02 -6.9343932E-09
  1.4948287E+01 -7.5929003E-02 -7.5928900E-02 -6.8780663E-09
  1.5048122E+01 -7.3482042E-02 -7.3481939E-02 -6.8221195E-09
  1.5148624E+01 -7.1096893E-02 -7.1096790E-02 -6.7665383E-09
  1.5249797E+01 -6.8772594E-02 -6.8772492E-02 -6.7113311E-09
  1.5351646E+01 -6.6508178E-02 -6.6508076E-02 -6.6564901E-09
  1.5454175E+01 -6.4302673E-02 -6.4302571E-02 -6.6020050E-09
  1.5557389E+01 -6.2155102E-02 -6.2155001E-02 -6.5478878E-09
  1.5661292E+01 -6.0064488E-02 -6.0064386E-02 -6.4941280E-09
  1.5765889E+01 -5.8029850E-02 -5.8029748E-02 -6.4407185E-09
  1.5871185E+01 -5.6050206E-02 -5.6050105E-02 -6.3876681E-09
  1.5977184E+01 -5.4124575E-02 -5.4124474E-02 -6.3349692E-09
  1.6083891E+01 -5.2251976E-02 -5.2251875E-02 -6.2826148E-09
  1.6191310E+01 -5.0431427E-02 -5.0431326E-02 -6.2306129E-09
  1.6299447E+01 -4.8661952E-02 -4.8661851E-02 -6.1789555E-09
  1.6408306E+01 -4.6942573E-02 -4.6942472E-02 -6.1276340E-09
  1.6517892E+01 -4.5272317E-02 -4.5272217E-02 -6.0766586E-09
  1.6628210E+01 -4.3650216E-02 -4.3650116E-02 -6.0260161E-09
  1.6739265E+01 -4.2075304E-02 -4.2075204E-02 -5.9757130E-09
  1.6851061E+01 -4.0546621E-02 -4.0546521E-02 -5.9257455E-09
  1.6963604E+01 -3.9063212E-02 -3.9063112E-02 -5.8760994E-09
  1.7076899E+01 -3.7624127E-02 -3.7624028E-02 -5.8267919E-09
  1.7190950E+01 -3.6228425E-02 -3.6228326E-02 -5.7778073E-09
  1.7305764E+01 -3.4875168E-02 -3.4875069E-02 -5.7291425E-09
  1.7421343E+01 -3.3563429E-02 -3.3563330E-02 -5.6808039E-09
  1.7537695E+01 -3.2292285E-02 -3.2292186E-02 -5.6327867E-09
  1.7654824E+01 -3.1060823E-02 -3.1060724E-02 -5.5850828E-09
  1.7772735E+01 -2.9868139E-02 -2.9868040E-02 -5.5376993E-09
  1.7891434E+01 -2.8713336E-02 -2.8713238E-02 -5.4906253E-09
  1.8010925E+01 -2.7595528E-02 -2.7595430E-02 -5.4438663E-09
  1.8131215E+01 -2.6513836E-02 -2.6513738E-02 -5.3974199E-09
  1.8252307E+01 -2.5467393E-02 -2.5467295E-02 -5.3512741E-09
  1.8374209E+01 -2.4455341E-02 -2.4455244E-02 -5.3054391E-09
  1.8496925E+01 -2.3476833E-02 -2.3476736E-02 -5.2599079E-09
  1.8620460E+01 -2.2531031E-02 -2.2530934E-02 -5.2146740E-09
  1.8744820E+01 -2.1617109E-02 -2.1617012E-02 -5.1697440E-09
  1.8870011E+01 -2.0734251E-02 -2.0734155E-02 -5.1251125E-09
  1.8996038E+01 -1.9881655E-02 -1.9881558E-02 -5.0807706E-09
  1.9122907E+01 -1.9058526E-02 -1.9058430E-02 -5.0367281E-09
  1.9250623E+01 -1.8264084E-02 -1.8263987E-02 -4.9929793E-09
  1.9379191E+01 -1.7497559E-02 -1.7497463E-02 -4.9495141E-09
  1.9508619E+01 -1.6758193E-02 -1.6758097E-02 -4.9063417E-09
  1.9638911E+01 -1.6045241E-02 -1.6045146E-02 -4.8634503E-09
  1.9770073E+01 -1.5357970E-02 -1.5357875E-02 -4.8208487E-09
  1.9902111E+01 -1.4695658E-02 -1.4695563E-02 -4.7785279E-09
  2.0035031E+01 -1.4057595E-02 -1.4057500E-02 -4.7364848E-09
  2.0168839E+01 -1.3443086E-02 -1.3442992E-02 -4.6947231E-09
  2.0303540E+01 -1.2851447E-02 -1.2851352E-02 -4.6532385E-09
  2.0439141E+01 -1.2282004E-02 -1.2281910E-02 -4.6120212E-09
  2.0575648E+01 -1.1734100E-02 -1.1734006E-02 -4.5710846E-09
  2.0713066E+01 -1.1207087E-02 -1.1206993E-02 -4.5304175E-09
  2.0851402E+01 -1.0700332E-02 -1.0700238E-02 -4.4900150E-09
  2.0990662E+01 -1.0213213E-02 -1.0213120E-02 -4.4498847E-09
  2.1130852E+01 -9.7451215E-03 -9.7450283E-03 -4.4100154E-09
  2.1271979E+01 -9.2954608E-03 -9.2953679E-03 -4.3704144E-09
  2.1414047E+01 -8.8636474E-03 -8.8635547E-03 -4.3310758E-09
  2.1557065E+01 -8.4491101E-03 -8.4490176E-03 -4.2919931E-09
  2.1701038E+01 -8.0512902E-03 -8.0511979E-03 -4.2531715E-09
  2.1845972E+01 -7.6696413E-03 -7.6695492E-03 -4.2146091E-09
  2.1991875E+01 -7.3036296E-03 -7.3035377E-03 -4.1762964E-09
  2.2138751E+01 -6.9527334E-03 -6.9526418E-03 -4.1382425E-09
  2.2286609E+01 -6.6164433E-03 -6.6163519E-03 -4.1004404E-09
  2.2435454E+01 -6.2942621E-03 -6.2941710E-03 -4.0628835E-09
  2.2585293E+01 -5.9857046E-03 -5.9856137E-03 -4.0255800E-09
  2.2736133E+01 -5.6902974E-03 -5.6902068E-03 -3.9885224E-09
  2.2887981E+01 -5.4075793E-03 -5.4074889E-03 -3.9517071E-09
  2.3040842E+01 -5.1371005E-03 -5.1370102E-03 -3.9151388E-09
  2.3194725E+01 -4.8784229E-03 -4.8783329E-03 -3.8788087E-09
  2.3349635E+01 -4.6311199E-03 -4.6310302E-03 -3.8427228E-09
  2.3505580E+01 -4.3947764E-03 -4.3946869E-03 -3.8068767E-09
  2.3662566E+01 -4.1689884E-03 -4.1688992E-03 -3.7712621E-09
  2.3820601E+01 -3.9533629E-03 -3.9532739E-03 -3.7358878E-09
  2.3979691E+01 -3.7475180E-03 -3.7474293E-03 -3.7007486E-09
  2.4139844E+01 -3.5510826E-03 -3.5509941E-03 -3.6658375E-09
  2.4301066E+01 -3.3636960E-03 -3.3636077E-03 -3.6311603E-09
  2.4463365E+01 -3.1850082E-03 -3.1849202E-03 -3.5967139E-09
  2.4626748E+01 -3.0146795E-03 -3.0145917E-03 -3.5624917E-09
  2.4791222E+01 -2.8523803E-03 -2.8522928E-03 -3.5285005E-09
  2.4956794E+01 -2.6977909E-03 -2.6977037E-03 -3.4947289E-09
  2.5123473E+01 -2.5506017E-03 -2.5505147E-03 -3.4611845E-09
  2.5291264E+01 -2.4105124E-03 -2.4104257E-03 -3.4278630E-09
  2.5460177E+01 -2.2772324E-03 -2.2771460E-03 -3.3947592E-09
  2.5630217E+01 -2.1504803E-03 -2.1503941E-03 -3.3618764E-09
  2.5801393E+01 -2.0299838E-03 -2.0298979E-03 -3.3292111E-09
  2.5973712E+01 -1.9154796E-03 -1.9153940E-03 -3.2967593E-09
  2.6147182E+01 -1.8067131E-03 -1.8066278E-03 -3.2645254E-09
  2.6321811E+01 -1.7034383E-03 -1.7033532E-03 -3.2325042E-09
  2.6497606E+01 -1.6054174E-03 -1.6053326E-03 -3.2006915E-09
  2.6674574E+01 -1.5124212E-03 -1.5123366E-03 -3.1690923E-09
  2.6852725E+01 -1.4242280E-03 -1.4241438E-03 -3.1377023E-09
  2.7032066E+01 -1.3406245E-03 -1.3405405E-03 -3.1065164E-09
  2.7212604E+01 -1.2614045E-03 -1.2613208E-03 -3.0755411E-09
  2.7394348E+01 -1.1863697E-03 -1.1862863E-03 -3.0447662E-09
  2.7577306E+01 -1.1153287E-03 -1.1152456E-03 -3.0141980E-09
  2.7761486E+01 -1.0480975E-03 -1.0480147E-03 -2.9838324E-09
  2.7946896E+01 -9.8449896E-04 -9.8441642E-04 -2.9536635E-09
  2.8133544E+01 -9.2436250E-04 -9.2428025E-04 -2.9236990E-09
  2.8321439E+01 -8.6752424E-04 -8.6744228E-04 -2.8939311E-09
  2.8510589E+01 -8.1382665E-04 -8.1374498E-04 -2.8643571E-09
  2.8701002E+01 -7.6311836E-04 -7.6303700E-04 -2.8349814E-09
  2.8892686E+01 -7.1525405E-04 -7.1517299E-04 -2.8058013E-09
  2.9085651E+01 -6.7009639E-04 -6.7001563E-04 -2.7768102E-09
  2.9279905E+01 -6.2748939E-04 -6.2740893E-04 -2.7480142E-09
  2.9475456E+01 -5.8735740E-04 -5.8727724E-04 -2.7194085E-09
  2.9672313E+01 -2.8884219E-04 -2.8876234E-04 -2.6909737E-09
  2.9870484E+01 -3.0321991E-04 -3.0314038E-04 -2.6627392E-09
  3.0069979E+01 -3.2855120E-04 -3.2847197E-04 -2.6346946E-09
  3.0270807E+01 -3.5080942E-04 -3.5073051E-04 -2.6068425E-09
  3.0472976E+01 -3.6119677E-04 -3.6111817E-04 -2.5791764E-09
  3.0676495E+01 -3.5904369E-04 -3.5896541E-04 -2.5516894E-09
  3.0881373E+01 -3.4784749E-04 -3.4776953E-04 -2.5243854E-09
  3.1087620E+01 -3.3147505E-04 -3.3139742E-04 -2.4972613E-09
  3.1295244E+01 -3.1272921E-04 -3.1265190E-04 -2.4703127E-09
  3.1504254E+01 -2.9330355E-04 -2.9322657E-04 -2.4435446E-09
  3.1714661E+01 -2.7411967E-04 -2.7404302E-04 -2.4169535E-09
  3.1926472E+01 -2.5563960E-04 -2.5556328E-04 -2.3905345E-09
  3.2139699E+01 -2.3807243E-04 -2.3799645E-04 -2.3642940E-09
  3.2354349E+01 -2.2149430E-04 -2.2141865E-04 -2.3382236E-09
  3.2570433E+01 -2.0591380E-04 -2.0583849E-04 -2.3123285E-09
  3.2787960E+01 -1.9130644E-04 -1.9123147E-04 -2.2866043E-09
  3.3006940E+01 -1.7763239E-04 -1.7755776E-04 -2.2610463E-09
  3.3227383E+01 -1.6484545E-04 -1.6477117E-04 -2.2356605E-09
  3.3449298E+01 -1.5289763E-04 -1.5282369E-04 -2.2104429E-09
  3.3672694E+01 -1.4174128E-04 -1.4166769E-04 -2.1853898E-09
  3.3897583E+01 -1.3133019E-04 -1.3125695E-04 -2.1605039E-09
  3.4123974E+01 -1.2162002E-04 -1.2154714E-04 -2.1357820E-09
  3.4351877E+01 -1.1256853E-04 -1.1249601E-04 -2.1112219E-09
  3.4581301E+01 -1.0413558E-04 -1.0406342E-04 -2.0868266E-09
  3.4812258E+01 -9.6283122E-05 -9.6211318E-05 -2.0625920E-09
  3.5044758E+01 -8.8975118E-05 -8.8903678E-05 -2.0385150E-09
  3.5278810E+01 -8.2177490E-05 -8.2106417E-05 -2.0145994E-09
  3.5514426E+01 -7.5858022E-05 -7.5787318E-05 -1.9908399E-09
  3.5751615E+01 -6.9986285E-05 -6.9915953E-05 -1.9672397E-09
  3.5990388E+01 -6.4533551E-05 -6.4463593E-05 -1.9437952E-09
  3.6230756E+01 -5.9472719E-05 -5.9403137E-05 -1.9205035E-09
  3.6472729E+01 -5.4778233E-05 -5.4709031E-05 -1.8973679E-09
  3.6716318E+01 -5.0426013E-05 -5.0357192E-05 -1.8743857E-09
  3.6961534E+01 -4.6393378E-05 -4.6324942E-05 -1.8515523E-09
  3.7208388E+01 -4.2658981E-05 -4.2590931E-05 -1.8288733E-09
  3.7456890E+01 -3.9202740E-05 -3.9135080E-05 -1.8063435E-09
  3.7707052E+01 -3.6005777E-05 -3.5938509E-05 -1.7839602E-09
  3.7958885E+01 -3.3050351E-05 -3.2983478E-05 -1.7617287E-09
  3.8212400E+01 -3.0319808E-05 -3.0253332E-05 -1.7396441E-09
  3.8467608E+01 -2.7798513E-05 -2.7732438E-05 -1.7177013E-09
  3.8724520E+01 -2.5471808E-05 -2.5406135E-05 -1.6959070E-09
  3.8983148E+01 -2.3325950E-05 -2.3260683E-05 -1.6742542E-09
  3.9243504E+01 -2.1348067E-05 -2.1283207E-05 -1.6527463E-09
  3.9505598E+01 -1.9526108E-05 -1.9461659E-05 -1.6313810E-09
  3.9769442E+01 -1.7848798E-05 -1.7784764E-05 -1.6101543E-09
  4.0035049E+01 -1.6305597E-05 -1.6241979E-05 -1.5890714E-09
  4.0302430E+01 -1.4886655E-05 -1.4823455E-05 -1.5681280E-09
  4.0571596E+01 -1.3582772E-05 -1.3519995E-05 -1.5473207E-09
  4.0842560E+01 -1.2385366E-05 -1.2323014E-05 -1.5266527E-09
  4.1115334E+01 -1.1286431E-05 -1.1224506E-05 -1.5061223E-09
  4.1389930E+01 -1.0278504E-05 -1.0217010E-05 -1.4857250E-09
  4.1666359E+01 -9.3546380E-06 -9.2935775E-06 -1.4654646E-09
  4.1944635E+01 -8.5083624E-06 -8.4477383E-06 -1.4453363E-09
  4.2224769E+01 -7.7336603E-06 -7.6734755E-06 -1.4253423E-09
  4.2506774E+01 -7.0249381E-06 -6.9651956E-06 -1.4054815E-09
  4.2790662E+01 -6.3769993E-06 -6.3177021E-06 -1.3857497E-09
  4.3076447E+01 -5.7850200E-06 -5.7261711E-06 -1.3661503E-09
  4.3364140E+01 -5.2445249E-06 -5.1861273E-06 -1.3466798E-09
  4.3653754E+01 -4.7513647E-06 -4.6934215E-06 -1.3273368E-09
  4.3945303E+01 -4.3016957E-06 -4.2442099E-06 -1.3081227E-09
  4.4238799E+01 -3.8919589E-06 -3.8349335E-06 -1.2890356E-09
  4.4534255E+01 -3.5188616E-06 -3.4622999E-06 -1.2700729E-09
  4.4831684E+01 -3.1793598E-06 -3.1232647E-06 -1.2512363E-09
  4.5131100E+01 -2.8706408E-06 -2.8150156E-06 -1.2325254E-09
  4.5432515E+01 -2.5901080E-06 -2.5349558E-06 -1.2139360E-09
  4.5735943E+01 -2.3353658E-06 -2.2806897E-06 -1.1954715E-09
  4.6041398E+01 -2.1042053E-06 -2.0500087E-06 -1.1771271E-09
  4.6348893E+01 -1.8945919E-06 -1.8408779E-06 -1.1589065E-09
  4.6658442E+01 -1.7046523E-06 -1.6514241E-06 -1.1408056E-09
  4.6970058E+01 -1.5326630E-06 -1.4799239E-06 -1.1228232E-09
  4.7283755E+01 -1.3770400E-06 -1.3247932E-06 -1.1049618E-09
  4.7599547E+01 -1.2363279E-06 -1.1845768E-06 -1.0872180E-09
  4.7917448E+01 -1.1091909E-06 -1.0579389E-06 -1.0695902E-09
  4.8237473E+01 -9.9440386E-07 -9.4365418E-07 -1.0520801E-09
  4.8559634E+01 -8.9084372E-07 -8.4059975E-07 -1.0346860E-09
  4.8883948E+01 -7.9748190E-07 -7.4774710E-07 -1.0174056E-09
  4.9210427E+01 -7.1337728E-07 -6.6415500E-07 -1.0002409E-09
  4.9539087E+01 -6.3766893E-07 -5.8896271E-07 -9.8318765E-10
  4.9869942E+01 -5.6957055E-07 -5.2138377E-07 -9.6624883E-10
  5.0203006E+01 -5.0836387E-07 -4.6070005E-07 -9.4942162E-10
  5.0538295E+01 -4.5339365E-07 -4.0625639E-07 -9.3270384E-10
  5.0875823E+01 -4.0406285E-07 -3.5745555E-07 -9.1609914E-10
  5.1215605E+01 -3.5982723E-07 -3.1375347E-07 -8.9960388E-10
  5.1557657E+01 -3.2019150E-07 -2.7465496E-07 -8.8321585E-10
  5.1901993E+01 -2.8470549E-07 -2.3970970E-07 -8.6693772E-10
  5.2248629E+01 -9.1489483E-10  4.3536531E-08 -8.5076732E-10
  5.2597579E+01 -9.0419405E-10  4.2999130E-08 -8.3470236E-10
  5.2948861E+01 -8.9345065E-10  4.2458140E-08 -8.1874454E-10
  5.3302488E+01 -8.8263619E-10  4.1913541E-08 -8.0289267E-10
  5.3658477E+01 -8.7163698E-10  4.1365304E-08 -7.8714386E-10
  5.4016844E+01 -8.6060936E-10  4.0813404E-08 -7.7150034E-10
  5.4377604E+01 -8.4941121E-10  4.0257824E-08 -7.5595892E-10
  5.4740774E+01 -8.3818463E-10  3.9698524E-08 -7.4052129E-10
  5.5106368E+01 -8.2691543E-10  3.9135497E-08 -7.2518682E-10
  5.5474405E+01 -8.1543305E-10  3.8568700E-08 -7.0995143E-10
  5.5844900E+01 -8.0395068E-10  3.7998127E-08 -6.9481865E-10
  5.6217869E+01 -7.9236884E-10  3.7423742E-08 -6.7978584E-10
  5.6593329E+01 -7.8058804E-10  3.6845513E-08 -6.6485047E-10
  5.6971296E+01 -7.6880724E-10  3.6263430E-08 -6.5001570E-10
  5.7351788E+01 -7.5691275E-10  3.5677459E-08 -6.3527875E-10
  5.7734821E+01 -7.4481932E-10  3.5087574E-08 -6.2063747E-10
  5.8120412E+01 -7.3274009E-10  3.4493748E-08 -6.0609495E-10
  5.8508578E+01 -7.2041928E-10  3.3895962E-08 -5.9164625E-10
  5.8899337E+01 -7.0809847E-10  3.3294178E-08 -5.7729472E-10
  5.9292706E+01 -6.9566397E-10  3.2688376E-08 -5.6303790E-10
  5.9688701E+01 -6.8305894E-10  3.2078528E-08 -5.4887418E-10
  6.0087342E+01 -6.7043970E-10  3.1464602E-08 -5.3480551E-10
  6.0488644E+01 -6.5772099E-10  3.0846582E-08 -5.2083004E-10
  6.0892627E+01 -6.4481753E-10  3.0224431E-08 -5.0694558E-10
  6.1299308E+01 -6.3191408E-10  2.9598123E-08 -4.9315462E-10
  6.1708705E+01 -6.1888272E-10  2.8967634E-08 -4.7945450E-10
  6.2120837E+01 -6.0568084E-10  2.8332934E-08 -4.6584394E-10
  6.2535720E+01 -5.9245053E-10  2.7693993E-08 -4.5232458E-10
  6.2953375E+01 -5.7913496E-10  2.7050792E-08 -4.3889508E-10
  6.3373819E+01 -5.6557781E-10  2.6403288E-08 -4.2555217E-10
  6.3797071E+01 -5.5196381E-10  2.5751461E-08 -4.1229832E-10
  6.4223150E+01 -5.3819349E-10  2.5095286E-08 -3.9913146E-10
  6.4652074E+01 -5.2439475E-10  2.4434726E-08 -3.8605290E-10
  6.5083863E+01 -5.1043969E-10  2.3769754E-08 -3.7306012E-10
  6.5518536E+01 -4.9629989E-10  2.3100341E-08 -3.6015214E-10
  6.5956112E+01 -4.8213167E-10  2.2426459E-08 -3.4733082E-10
  6.6396610E+01 -4.6784976E-10  2.1748072E-08 -3.3459422E-10
  6.6840050E+01 -4.5335469E-10  2.1065159E-08 -3.2194041E-10
  6.7286452E+01 -4.3883119E-10  2.0377680E-08 -3.0937151E-10
  6.7735835E+01 -4.2419401E-10  1.9685615E-08 -2.9688582E-10
  6.8188219E+01 -4.0934367E-10  1.8988921E-08 -2.8448117E-10
  6.8643625E+01 -3.9449333E-10  1.8287579E-08 -2.7216035E-10
  6.9102072E+01 -3.7951509E-10  1.7581549E-08 -2.5992077E-10
  6.9563581E+01 -3.6432368E-10  1.6870811E-08 -2.4776088E-10
  7.0028172E+01 -3.4908965E-10  1.6155322E-08 -2.3568246E-10
  7.0495866E+01 -3.3364245E-10  1.5435056E-08 -2.2368260E-10
  7.0966683E+01 -3.1819525E-10  1.4709975E-08 -2.1176375E-10
  7.1440645E+01 -3.0262015E-10  1.3980056E-08 -1.9992368E-10
  7.1917773E+01 -2.8686031E-10  1.3245263E-08 -1.8816104E-10
  7.2398087E+01 -2.7105784E-10  1.2505563E-08 -1.7647732E-10
  7.2881609E+01 -2.5512747E-10  1.1760921E-08 -1.6487079E-10
  7.3368360E+01 -2.3898394E-10  1.1011306E-08 -1.5333980E-10
  7.3858362E+01 -2.2282620E-10  1.0256681E-08 -1.4188654E-10
  7.4351636E+01 -2.0651214E-10  9.4970218E-09 -1.3050868E-10
  7.4848205E+01 -1.8997071E-10  8.7322860E-09 -1.1920469E-10
  7.5348090E+01 -1.7338664E-10  7.9624449E-09 -1.0797661E-10
  7.5851314E+01 -1.5660362E-10  7.1874631E-09 -9.6821878E-11
  7.6357899E+01 -1.3976376E-10  6.4073014E-09 -8.5741819E-11
  7.6867867E+01 -1.2279600E-10  5.6219278E-09 -7.4735049E-11
  7.7381241E+01 -1.0564349E-10  4.8313069E-09 -6.3800352E-11
  7.7898043E+01 -8.8434149E-11  4.0354102E-09 -5.2938998E-11
  7.8418297E+01 -7.1082695E-11  3.2341987E-09 -4.2149364E-11
  7.8942026E+01 -5.3489657E-11  2.4276368E-09 -3.1429728E-11
  7.9469252E+01 -3.5868197E-11  1.6156783E-09 -2.0782207E-11
  8.0000000E+01 -1.8047785E-11  7.9830897E-10 -1.0204459E-11
