#         r          wfn in order of s, p, d ... 
  0.0000000E+00  0.0000000E+00  0.0000000E+00  0.0000000E+00  0.0000000E+00  0.0000000E+00  0.0000000E+00  0.0000000E+00  0.0000000E+00  0.0000000E+00  0.0000000E+00  0.0000000E+00
  8.8911955E-07  1.2576488E-03 -4.2491799E-04  1.8677618E-04 -8.3998265E-05  2.6797841E-05  3.1763969E-08 -1.4591037E-08  6.2752435E-09 -1.5281903E-09  5.1617023E-14 -1.9573933E-14
  1.7841772E-06  2.4052748E-03 -8.1266139E-04  3.5721187E-04 -1.6064776E-04  5.1251215E-05  1.0330524E-07 -4.7454111E-08  2.0408838E-08 -4.9701003E-09  3.2025561E-13 -1.2144563E-13
  2.6852126E-06  3.5192168E-03 -1.1890226E-03  5.2264433E-04 -2.3504716E-04  7.4986744E-05  2.0642802E-07 -9.4824424E-08  4.0781639E-08 -9.9314245E-09  9.3498954E-13 -3.5456180E-13
  3.5922658E-06  4.6142663E-03 -1.5589992E-03  6.8527032E-04 -3.0818441E-04  9.8319609E-05  3.3791483E-07 -1.5522401E-07  6.6758011E-08 -1.6257369E-08  2.0048305E-12 -7.6026126E-13
  4.5053768E-06  5.6970424E-03 -1.9248277E-03  8.4607286E-04 -3.8050160E-04  1.2139085E-04  4.9591822E-07 -2.2780424E-07  9.7972978E-08 -2.3859052E-08  3.6299032E-12 -1.3765129E-12
  5.4245861E-06  6.7717805E-03 -2.2879390E-03  1.0056809E-03 -4.5228159E-04  1.4429071E-04  6.7917748E-07 -3.1198601E-07  1.3417748E-07 -3.2675821E-08  5.9056310E-12 -2.2395026E-12
  6.3499346E-06  7.8409600E-03 -2.6491707E-03  1.1644628E-03 -5.2368999E-04  1.6707203E-04  8.8682958E-07 -4.0737287E-07  1.7520102E-07 -4.2666156E-08  8.9245145E-12 -3.3843081E-12
  7.2814630E-06  8.9063480E-03 -3.0091200E-03  1.3226808E-03 -5.9484483E-04  1.8977244E-04  1.1182467E-06 -5.1367644E-07  2.2091958E-07 -5.3799852E-08  1.2777377E-11 -4.8453710E-12
  8.2192129E-06  9.9692794E-03 -3.3682379E-03  1.4805332E-03 -6.6583525E-04  2.1242041E-04  1.3729579E-06 -6.3068038E-07  2.7124010E-07 -6.6054251E-08  1.7554207E-11 -6.6568164E-12
  9.1632256E-06  1.1030778E-02 -3.7268700E-03  1.6381721E-03 -7.3672960E-04  2.3503772E-04  1.6506121E-06 -7.5822346E-07  3.2609325E-07 -7.9412468E-08  2.3344674E-11 -8.8526479E-12
  1.0113543E-05  1.2091660E-02 -4.0852927E-03  1.7957188E-03 -8.0758251E-04  2.5764181E-04  1.9509467E-06 -8.9618509E-07  3.8542716E-07 -9.3861870E-08  3.0238562E-11 -1.1466914E-11
  1.1070207E-05  1.3152595E-02 -4.4437314E-03  1.9532725E-03 -8.7843853E-04  2.8024690E-04  2.2737689E-06 -1.0444766E-06  4.4920372E-07 -1.0939318E-07  3.8326097E-11 -1.4533829E-11
  1.2033261E-05  1.4214137E-02 -4.8023738E-03  2.1109156E-03 -9.4933477E-04  3.0286482E-04  2.6189419E-06 -1.2030352E-06  5.1739591E-07 -1.2599981E-07  4.7698198E-11 -1.8087871E-11
  1.3002746E-05  1.5276757E-02 -5.1613789E-03  2.2687180E-03 -1.0203026E-03  3.2550558E-04  2.9863748E-06 -1.3718192E-06  5.8998579E-07 -1.4367740E-07  5.8446693E-11 -2.2163862E-11
  1.3978707E-05  1.6340859E-02 -5.5208831E-03  2.4267397E-03 -1.0913691E-03  3.4817781E-04  3.3760151E-06 -1.5508045E-06  6.6696298E-07 -1.6242341E-07  7.0664502E-11 -2.6797041E-11
  1.4961185E-05  1.7406795E-02 -5.8810052E-03  2.5850329E-03 -1.1625577E-03  3.7088899E-04  3.7878427E-06 -1.7399818E-06  7.4832355E-07 -1.8223690E-07  8.4445795E-11 -3.2023116E-11
  1.5950225E-05  1.8474874E-02 -6.2418499E-03  2.7436436E-03 -1.2338891E-03  3.9364572E-04  4.2218658E-06 -1.9393549E-06  8.3406906E-07 -2.0311823E-07  9.9886130E-11 -3.7878326E-11
  1.6945870E-05  1.9545371E-02 -6.6035100E-03  2.9026127E-03 -1.3053816E-03  4.1645386E-04  4.6781165E-06 -2.1489386E-06  9.2420589E-07 -2.2506898E-07  1.1708258E-10 -4.4399481E-11
  1.7948165E-05  2.0618533E-02 -6.9660688E-03  3.0619767E-03 -1.3770517E-03  4.3931866E-04  5.1566484E-06 -2.3687574E-06  1.0187447E-06 -2.4809171E-07  1.3613384E-10 -5.1624011E-11
  1.8957154E-05  2.1694583E-02 -7.3296017E-03  3.2217687E-03 -1.4489143E-03  4.6224487E-04  5.6575345E-06 -2.5988450E-06  1.1176997E-06 -2.7218993E-07  1.5714034E-10 -5.9589999E-11
  1.9972882E-05  2.2773724E-02 -7.6941769E-03  3.3820188E-03 -1.5209829E-03  4.8523679E-04  6.1808643E-06 -2.8392424E-06  1.2210888E-06 -2.9736796E-07  1.8020436E-10 -6.8336227E-11
  2.0995393E-05  2.3856140E-02 -8.0598573E-03  3.5427546E-03 -1.5932699E-03  5.0829840E-04  6.7267432E-06 -3.0899981E-06  1.3289328E-06 -3.2363086E-07  2.0543006E-10 -7.7902204E-11
  2.2024733E-05  2.4942004E-02 -8.4267007E-03  3.7040014E-03 -1.6657867E-03  5.3143333E-04  7.2952906E-06 -3.3511669E-06  1.4412552E-06 -3.5098439E-07  2.3292366E-10 -8.8328202E-11
  2.3060948E-05  2.6031474E-02 -8.7947604E-03  3.8657828E-03 -1.7385440E-03  5.5464495E-04  7.8866386E-06 -3.6228096E-06  1.5580821E-06 -3.7943489E-07  2.6279346E-10 -9.9655289E-11
  2.4104084E-05  2.7124696E-02 -9.1640864E-03  4.0281207E-03 -1.8115515E-03  5.7793641E-04  8.5009316E-06 -3.9049923E-06  1.6794421E-06 -4.0898932E-07  2.9514992E-10 -1.1192536E-10
  2.5154186E-05  2.8221810E-02 -9.5347253E-03  4.1910355E-03 -1.8848184E-03  6.0131064E-04  9.1383249E-06 -4.1977866E-06  1.8053659E-06 -4.3965515E-07  3.3010578E-10 -1.2518117E-10
  2.6211301E-05  2.9322945E-02 -9.9067207E-03  4.3545465E-03 -1.9583535E-03  6.2477040E-04  9.7989843E-06 -4.5012685E-06  1.9358862E-06 -4.7144035E-07  3.6777612E-10 -1.3946635E-10
  2.7275476E-05  3.0428222E-02 -1.0280114E-02  4.5186719E-03 -2.0321648E-03  6.4831830E-04  1.0483085E-05 -4.8155188E-06  2.0710377E-06 -5.0435337E-07  4.0827844E-10 -1.5482546E-10
  2.8346759E-05  3.1537759E-02 -1.0654944E-02  4.6834287E-03 -2.1062601E-03  6.7195680E-04  1.1190813E-05 -5.1406222E-06  2.2108569E-06 -5.3840311E-07  4.5173270E-10 -1.7130400E-10
  2.9425197E-05  3.2651663E-02 -1.1031248E-02  4.8488332E-03 -2.1806467E-03  6.9568824E-04  1.1922360E-05 -5.4766677E-06  2.3553820E-06 -5.7359887E-07  4.9826146E-10 -1.8894843E-10
  3.0510836E-05  3.3770041E-02 -1.1409062E-02  5.0149011E-03 -2.2553316E-03  7.1951483E-04  1.2677929E-05 -5.8237481E-06  2.5046530E-06 -6.0995037E-07  5.4798991E-10 -2.0780624E-10
  3.1603727E-05  3.4892992E-02 -1.1788418E-02  5.1816472E-03 -2.3303215E-03  7.4343873E-04  1.3457730E-05 -6.1819598E-06  2.6587113E-06 -6.4746771E-07  6.0104597E-10 -2.2792594E-10
  3.2703917E-05  3.6020613E-02 -1.2169350E-02  5.3490856E-03 -2.4056227E-03  7.6746196E-04  1.4261980E-05 -6.5514028E-06  2.8175999E-06 -6.8616137E-07  6.5756032E-10 -2.4935707E-10
  3.3811454E-05  3.7152994E-02 -1.2551889E-02  5.5172301E-03 -2.4812415E-03  7.9158649E-04  1.5090905E-05 -6.9321806E-06  2.9813633E-06 -7.2604218E-07  7.1766653E-10 -2.7215030E-10
  3.4926388E-05  3.8290226E-02 -1.2936064E-02  5.6860939E-03 -2.5571837E-03  8.1581420E-04  1.5944736E-05 -7.3243997E-06  3.1500474E-06 -7.6712130E-07  7.8150112E-10 -2.9635739E-10
  3.6048768E-05  3.9432394E-02 -1.3321905E-02  5.8556895E-03 -2.6334551E-03  8.4014693E-04  1.6823714E-05 -7.7281701E-06  3.3236994E-06 -8.0941025E-07  8.4920362E-10 -3.2203126E-10
  3.7178645E-05  4.0579581E-02 -1.3709439E-02  6.0260295E-03 -2.7100612E-03  8.6458643E-04  1.7728083E-05 -8.1436047E-06  3.5023680E-06 -8.5292086E-07  9.2091663E-10 -3.4922598E-10
  3.8316067E-05  4.1731867E-02 -1.4098694E-02  6.1971256E-03 -2.7870073E-03  8.8913443E-04  1.8658097E-05 -8.5708198E-06  3.6861031E-06 -8.9766530E-07  9.9678597E-10 -3.7799684E-10
  3.9461086E-05  4.2889331E-02 -1.4489696E-02  6.3689894E-03 -2.8642988E-03  9.1379257E-04  1.9614015E-05 -9.0099342E-06  3.8749558E-06 -9.4365602E-07  1.0769607E-09 -4.0840038E-10
  4.0613752E-05  4.4052048E-02 -1.4882471E-02  6.5416324E-03 -2.9419405E-03  9.3856249E-04  2.0596102E-05 -9.4610699E-06  4.0689786E-06 -9.9090580E-07  1.1615931E-09 -4.4049435E-10
  4.1774116E-05  4.5220093E-02 -1.5277043E-02  6.7150654E-03 -3.0199376E-03  9.6344575E-04  2.1604629E-05 -9.9243518E-06  4.2682252E-06 -1.0394277E-06  1.2508390E-09 -4.7433785E-10
  4.2942230E-05  4.6393538E-02 -1.5673438E-02  6.8892991E-03 -3.0982948E-03  9.8844390E-04  2.2639876E-05 -1.0399907E-05  4.4727504E-06 -1.0892351E-06  1.3448578E-09 -5.0999127E-10
  4.4118146E-05  4.7572454E-02 -1.6071678E-02  7.0643442E-03 -3.1770168E-03  1.0135585E-03  2.3702124E-05 -1.0887867E-05  4.6826105E-06 -1.1403417E-06  1.4438121E-09 -5.4751636E-10
  4.5301915E-05  4.8756911E-02 -1.6471788E-02  7.2402109E-03 -3.2561083E-03  1.0387909E-03  2.4791665E-05 -1.1388364E-05  4.8978625E-06 -1.1927614E-06  1.5478685E-09 -5.8697624E-10
  4.6493589E-05  4.9946977E-02 -1.6873791E-02  7.4169092E-03 -3.3355738E-03  1.0641426E-03  2.5908794E-05 -1.1901535E-05  5.1185650E-06 -1.2465084E-06  1.6571972E-09 -6.2843549E-10
  4.7693223E-05  5.1142718E-02 -1.7277708E-02  7.5944492E-03 -3.4154178E-03  1.0896151E-03  2.7053813E-05 -1.2427517E-05  5.3447776E-06 -1.3015972E-06  1.7719724E-09 -6.7196008E-10
  4.8900869E-05  5.2344200E-02 -1.7683563E-02  7.7728404E-03 -3.4956447E-03  1.1152097E-03  2.8227029E-05 -1.2966452E-05  5.5765610E-06 -1.3580428E-06  1.8923718E-09 -7.1761751E-10
  5.0116580E-05  5.3551488E-02 -1.8091376E-02  7.9520926E-03 -3.5762587E-03  1.1409279E-03  2.9428756E-05 -1.3518484E-05  5.8139772E-06 -1.4158600E-06  2.0185775E-09 -7.6547678E-10
  5.1340410E-05  5.4764646E-02 -1.8501170E-02  8.1322151E-03 -3.6572641E-03  1.1667709E-03  3.0659312E-05 -1.4083760E-05  6.0570891E-06 -1.4750643E-06  2.1507754E-09 -8.1560843E-10
  5.2572414E-05  5.5983736E-02 -1.8912966E-02  8.3132173E-03 -3.7386651E-03  1.1927401E-03  3.1919023E-05 -1.4662429E-05  6.3059609E-06 -1.5356713E-06  2.2891559E-09 -8.6808458E-10
  5.3812646E-05  5.7208820E-02 -1.9326784E-02  8.4951083E-03 -3.8204658E-03  1.2188368E-03  3.3208219E-05 -1.5254642E-05  6.5606580E-06 -1.5976969E-06  2.4339133E-09 -9.2297900E-10
  5.5061161E-05  5.8439961E-02 -1.9742646E-02  8.6778973E-03 -3.9026704E-03  1.2450624E-03  3.4527236E-05 -1.5860554E-05  6.8212467E-06 -1.6611573E-06  2.5852466E-09 -9.8036706E-10
  5.6318014E-05  5.9677218E-02 -2.0160571E-02  8.8615933E-03 -3.9852828E-03  1.2714181E-03  3.5876415E-05 -1.6480322E-05  7.0877947E-06 -1.7260689E-06  2.7433589E-09 -1.0403259E-09
  5.7583261E-05  6.0920652E-02 -2.0580580E-02  9.0462051E-03 -4.0683071E-03  1.2979051E-03  3.7256106E-05 -1.7114106E-05  7.3603705E-06 -1.7924485E-06  2.9084581E-09 -1.1029343E-09
  5.8856959E-05  6.2170321E-02 -2.1002693E-02  9.2317415E-03 -4.1517472E-03  1.3245249E-03  3.8666660E-05 -1.7762069E-05  7.6390440E-06 -1.8603130E-06  3.0807567E-09 -1.1682728E-09
  6.0139163E-05  6.3426286E-02 -2.1426930E-02  9.4182113E-03 -4.2356070E-03  1.3512785E-03  4.0108437E-05 -1.8424374E-05  7.9238862E-06 -1.9296798E-06  3.2604720E-09 -1.2364238E-09
  6.1429931E-05  6.4688604E-02 -2.1853311E-02  9.6056231E-03 -4.3198905E-03  1.3781673E-03  4.1581802E-05 -1.9101190E-05  8.2149691E-06 -2.0005663E-06  3.4478260E-09 -1.3074716E-09
  6.2729319E-05  6.5957334E-02 -2.2281855E-02  9.7939856E-03 -4.4046014E-03  1.4051925E-03  4.3087125E-05 -1.9792687E-05  8.5123660E-06 -2.0729905E-06  3.6430458E-09 -1.3815022E-09
  6.4037385E-05  6.7232533E-02 -2.2712581E-02  9.9833072E-03 -4.4897438E-03  1.4323553E-03  4.4624783E-05 -2.0499037E-05  8.8161510E-06 -2.1469703E-06  3.8463636E-09 -1.4586038E-09
  6.5354187E-05  6.8514258E-02 -2.3145509E-02  1.0173596E-02 -4.5753212E-03  1.4596569E-03  4.6195157E-05 -2.1220417E-05  9.1263998E-06 -2.2225243E-06  4.0580165E-09 -1.5388661E-09
  6.6679784E-05  6.9802566E-02 -2.3580658E-02  1.0364862E-02 -4.6613377E-03  1.4870985E-03  4.7798635E-05 -2.1957004E-05  9.4431890E-06 -2.2996710E-06  4.2782472E-09 -1.6223813E-09
  6.8014234E-05  7.1097515E-02 -2.4018047E-02  1.0557112E-02 -4.7477968E-03  1.5146814E-03  4.9435611E-05 -2.2708979E-05  9.7665962E-06 -2.3784294E-06  4.5073036E-09 -1.7092434E-09
  6.9357596E-05  7.2399159E-02 -2.4457696E-02  1.0750354E-02 -4.8347024E-03  1.5424067E-03  5.1106485E-05 -2.3476526E-05  1.0096701E-05 -2.4588187E-06  4.7454392E-09 -1.7995485E-09
  7.0709930E-05  7.3707557E-02 -2.4899622E-02  1.0944598E-02 -4.9220582E-03  1.5702757E-03  5.2811662E-05 -2.4259831E-05  1.0433582E-05 -2.5408585E-06  4.9929131E-09 -1.8933948E-09
  7.2071296E-05  7.5022762E-02 -2.5343845E-02  1.1139851E-02 -5.0098679E-03  1.5982894E-03  5.4551552E-05 -2.5059083E-05  1.0777322E-05 -2.6245684E-06  5.2499901E-09 -1.9908829E-09
  7.3441754E-05  7.6344832E-02 -2.5790384E-02  1.1336121E-02 -5.0981353E-03  1.6264492E-03  5.6326574E-05 -2.5874473E-05  1.1128003E-05 -2.7099687E-06  5.5169409E-09 -2.0921152E-09
  7.4821365E-05  7.7673821E-02 -2.6239257E-02  1.1533418E-02 -5.1868640E-03  1.6547561E-03  5.8137151E-05 -2.6706197E-05  1.1485708E-05 -2.7970796E-06  5.7940422E-09 -2.1971968E-09
  7.6210190E-05  7.9009785E-02 -2.6690483E-02  1.1731748E-02 -5.2760577E-03  1.6832114E-03  5.9983712E-05 -2.7554450E-05  1.1850523E-05 -2.8859218E-06  6.0815767E-09 -2.3062348E-09
  7.7608290E-05  8.0352780E-02 -2.7144081E-02  1.1931121E-02 -5.3657201E-03  1.7118162E-03  6.1866692E-05 -2.8419435E-05  1.2222533E-05 -2.9765163E-06  6.3798336E-09 -2.4193390E-09
  7.9015728E-05  8.1702859E-02 -2.7600069E-02  1.2131544E-02 -5.4558548E-03  1.7405717E-03  6.3786533E-05 -2.9301352E-05  1.2601825E-05 -3.0688843E-06  6.6891081E-09 -2.5366213E-09
  8.0432565E-05  8.3060079E-02 -2.8058466E-02  1.2333026E-02 -5.5464656E-03  1.7694791E-03  6.5743683E-05 -3.0200408E-05  1.2988489E-05 -3.1630474E-06  7.0097022E-09 -2.6581962E-09
  8.1858865E-05  8.4424495E-02 -2.8519289E-02  1.2535574E-02 -5.6375560E-03  1.7985395E-03  6.7738595E-05 -3.1116811E-05  1.3382613E-05 -3.2590273E-06  7.3419244E-09 -2.7841806E-09
  8.3294690E-05  8.5796161E-02 -2.8982559E-02  1.2739197E-02 -5.7291298E-03  1.8277541E-03  6.9771729E-05 -3.2050773E-05  1.3784290E-05 -3.3568463E-06  7.6860900E-09 -2.9146942E-09
  8.4740105E-05  8.7175132E-02 -2.9448292E-02  1.2943903E-02 -5.8211906E-03  1.8571241E-03  7.1843553E-05 -3.3002509E-05  1.4193609E-05 -3.4565267E-06  8.0425212E-09 -3.0498592E-09
  8.6195174E-05  8.8561462E-02 -2.9916509E-02  1.3149700E-02 -5.9137420E-03  1.8866505E-03  7.3954539E-05 -3.3972234E-05  1.4610667E-05 -3.5580914E-06  8.4115472E-09 -3.1898004E-09
  8.7659960E-05  8.9955208E-02 -3.0387226E-02  1.3356596E-02 -6.0067877E-03  1.9163347E-03  7.6105167E-05 -3.4960170E-05  1.5035556E-05 -3.6615634E-06  8.7935046E-09 -3.3346453E-09
  8.9134529E-05  9.1356423E-02 -3.0860463E-02  1.3564600E-02 -6.1003313E-03  1.9461777E-03  7.8295922E-05 -3.5966540E-05  1.5468373E-05 -3.7669661E-06  9.1887371E-09 -3.4845245E-09
  9.0618946E-05  9.2765162E-02 -3.1336237E-02  1.3773718E-02 -6.1943764E-03  1.9761807E-03  8.0527296E-05 -3.6991570E-05  1.5909215E-05 -3.8743231E-06  9.5975960E-09 -3.6395710E-09
  9.2113278E-05  9.4181481E-02 -3.1814569E-02  1.3983960E-02 -6.2889268E-03  2.0063449E-03  8.2799789E-05 -3.8035489E-05  1.6358181E-05 -3.9836585E-06  1.0020440E-08 -3.7999211E-09
  9.3617589E-05  9.5605433E-02 -3.2295475E-02  1.4195334E-02 -6.3839860E-03  2.0366715E-03  8.5113907E-05 -3.9098530E-05  1.6815371E-05 -4.0949967E-06  1.0457637E-08 -3.9657138E-09
  9.5131947E-05  9.7037075E-02 -3.2778974E-02  1.4407847E-02 -6.4795577E-03  2.0671615E-03  8.7470161E-05 -4.0180927E-05  1.7280886E-05 -4.2083622E-06  1.0909560E-08 -4.1370912E-09
  9.6656419E-05  9.8476460E-02 -3.3265086E-02  1.4621508E-02 -6.5756456E-03  2.0978162E-03  8.9869072E-05 -4.1282920E-05  1.7754829E-05 -4.3237800E-06  1.1376593E-08 -4.3141985E-09
  9.8191072E-05  9.9923644E-02 -3.3753827E-02  1.4836325E-02 -6.6722533E-03  2.1286368E-03  9.2311164E-05 -4.2404750E-05  1.8237303E-05 -4.4412755E-06  1.1859127E-08 -4.4971841E-09
  9.9735974E-05  1.0137868E-01 -3.4245218E-02  1.5052306E-02 -6.7693845E-03  2.1596243E-03  9.4796972E-05 -4.3546663E-05  1.8728414E-05 -4.5608744E-06  1.2357562E-08 -4.6861995E-09
  1.0129119E-04  1.0284163E-01 -3.4739276E-02  1.5269459E-02 -6.8670428E-03  2.1907800E-03  9.7327036E-05 -4.4708905E-05  1.9228269E-05 -4.6826026E-06  1.2872305E-08 -4.8813996E-09
  1.0285680E-04  1.0431254E-01 -3.5236020E-02  1.5487793E-02 -6.9652320E-03  2.2221051E-03  9.9901902E-05 -4.5891729E-05  1.9736976E-05 -4.8064863E-06  1.3403775E-08 -5.0829424E-09
  1.0443287E-04  1.0579147E-01 -3.5735468E-02  1.5707315E-02 -7.0639556E-03  2.2536007E-03  1.0252212E-04 -4.7095389E-05  2.0254643E-05 -4.9325524E-06  1.3952397E-08 -5.2909897E-09
  1.0601945E-04  1.0727848E-01 -3.6237640E-02  1.5928033E-02 -7.1632174E-03  2.2852679E-03  1.0518827E-04 -4.8320144E-05  2.0781383E-05 -5.0608279E-06  1.4518606E-08 -5.5057065E-09
  1.0761664E-04  1.0877361E-01 -3.6742554E-02  1.6149957E-02 -7.2630210E-03  2.3171081E-03  1.0790089E-04 -4.9566254E-05  2.1317308E-05 -5.1913400E-06  1.5102847E-08 -5.7272614E-09
  1.0922449E-04  1.1027693E-01 -3.7250229E-02  1.6373094E-02 -7.3633703E-03  2.3491223E-03  1.1066059E-04 -5.0833985E-05  2.1862531E-05 -5.3241166E-06  1.5705574E-08 -5.9558266E-09
  1.1084308E-04  1.1178850E-01 -3.7760683E-02  1.6597452E-02 -7.4642687E-03  2.3813117E-03  1.1346793E-04 -5.2123603E-05  2.2417167E-05 -5.4591856E-06  1.6327251E-08 -6.1915781E-09
  1.1247248E-04  1.1330836E-01 -3.8273935E-02  1.6823040E-02 -7.5657202E-03  2.4136775E-03  1.1632350E-04 -5.3435383E-05  2.2981335E-05 -5.5965757E-06  1.6968353E-08 -6.4346957E-09
  1.1411277E-04  1.1483657E-01 -3.8790005E-02  1.7049866E-02 -7.6677284E-03  2.4462209E-03  1.1922792E-04 -5.4769597E-05  2.3555151E-05 -5.7363155E-06  1.7629363E-08 -6.6853629E-09
  1.1576401E-04  1.1637320E-01 -3.9308910E-02  1.7277938E-02 -7.7702970E-03  2.4789431E-03  1.2218178E-04 -5.6126525E-05  2.4138736E-05 -5.8784343E-06  1.8310776E-08 -6.9437671E-09
  1.1742627E-04  1.1791829E-01 -3.9830670E-02  1.7507265E-02 -7.8734298E-03  2.5118454E-03  1.2518570E-04 -5.7506450E-05  2.4732212E-05 -6.0229617E-06  1.9013096E-08 -7.2101000E-09
  1.1909964E-04  1.1947191E-01 -4.0355304E-02  1.7737854E-02 -7.9771305E-03  2.5449287E-03  1.2824029E-04 -5.8909656E-05  2.5335700E-05 -6.1699275E-06  1.9736840E-08 -7.4845571E-09
  1.2078418E-04  1.2103410E-01 -4.0882832E-02  1.7969715E-02 -8.0814029E-03  2.5781945E-03  1.3134620E-04 -6.0336434E-05  2.5949327E-05 -6.3193621E-06  2.0482534E-08 -7.7673382E-09
  1.2247998E-04  1.2260493E-01 -4.1413271E-02  1.8202855E-02 -8.1862507E-03  2.6116439E-03  1.3450406E-04 -6.1787077E-05  2.6573217E-05 -6.4712963E-06  2.1250716E-08 -8.0586473E-09
  1.2418710E-04  1.2418445E-01 -4.1946641E-02  1.8437284E-02 -8.2916778E-03  2.6452780E-03  1.3771452E-04 -6.3261882E-05  2.7207499E-05 -6.6257610E-06  2.2041936E-08 -8.3586928E-09
  1.2590562E-04  1.2577272E-01 -4.2482962E-02  1.8673009E-02 -8.3976879E-03  2.6790982E-03  1.4097822E-04 -6.4761150E-05  2.7852301E-05 -6.7827879E-06  2.2856755E-08 -8.6676874E-09
  1.2763562E-04  1.2736980E-01 -4.3022252E-02  1.8910039E-02 -8.5042849E-03  2.7131056E-03  1.4429584E-04 -6.6285185E-05  2.8507756E-05 -6.9424089E-06  2.3695746E-08 -8.9858486E-09
  1.2937717E-04  1.2897575E-01 -4.3564532E-02  1.9148382E-02 -8.6114725E-03  2.7473014E-03  1.4766805E-04 -6.7834295E-05  2.9173995E-05 -7.1046562E-06  2.4559494E-08 -9.3133981E-09
  1.3113035E-04  1.3059061E-01 -4.4109820E-02  1.9388048E-02 -8.7192547E-03  2.7816868E-03  1.5109552E-04 -6.9408794E-05  2.9851153E-05 -7.2695625E-06  2.5448596E-08 -9.6505628E-09
  1.3289524E-04  1.3221446E-01 -4.4658136E-02  1.9629044E-02 -8.8276351E-03  2.8162632E-03  1.5457894E-04 -7.1008997E-05  3.0539366E-05 -7.4371610E-06  2.6363664E-08 -9.9975739E-09
  1.3467192E-04  1.3384735E-01 -4.5209499E-02  1.9871379E-02 -8.9366177E-03  2.8510317E-03  1.5811901E-04 -7.2635225E-05  3.1238771E-05 -7.6074853E-06  2.7305320E-08 -1.0354668E-08
  1.3646047E-04  1.3548933E-01 -4.5763929E-02  2.0115061E-02 -9.0462064E-03  2.8859935E-03  1.6171644E-04 -7.4287802E-05  3.1949509E-05 -7.7805693E-06  2.8274201E-08 -1.0722086E-08
  1.3826096E-04  1.3714047E-01 -4.6321445E-02  2.0360100E-02 -9.1564051E-03  2.9211499E-03  1.6537194E-04 -7.5967057E-05  3.2671721E-05 -7.9564474E-06  2.9270956E-08 -1.1100075E-08
  1.4007347E-04  1.3880082E-01 -4.6882068E-02  2.0606504E-02 -9.2672175E-03  2.9565021E-03  1.6908624E-04 -7.7673322E-05  3.3405549E-05 -8.1351545E-06  3.0296249E-08 -1.1488885E-08
  1.4189809E-04  1.4047045E-01 -4.7445817E-02  2.0854282E-02 -9.3786477E-03  2.9920514E-03  1.7286007E-04 -7.9406934E-05  3.4151139E-05 -8.3167258E-06  3.1350757E-08 -1.1888775E-08
  1.4373490E-04  1.4214940E-01 -4.8012712E-02  2.1103442E-02 -9.4906996E-03  3.0277990E-03  1.7669417E-04 -8.1168235E-05  3.4908637E-05 -8.5011971E-06  3.2435172E-08 -1.2300006E-08
  1.4558397E-04  1.4383775E-01 -4.8582773E-02  2.1353993E-02 -9.6033771E-03  3.0637462E-03  1.8058929E-04 -8.2957569E-05  3.5678191E-05 -8.6886045E-06  3.3550201E-08 -1.2722847E-08
  1.4744540E-04  1.4553555E-01 -4.9156020E-02  2.1605944E-02 -9.7166841E-03  3.0998942E-03  1.8454619E-04 -8.4775286E-05  3.6459953E-05 -8.8789847E-06  3.4696564E-08 -1.3157570E-08
  1.4931925E-04  1.4724286E-01 -4.9732473E-02  2.1859304E-02 -9.8306246E-03  3.1362444E-03  1.8856566E-04 -8.6621741E-05  3.7254074E-05 -9.0723747E-06  3.5874997E-08 -1.3604455E-08
  1.5120562E-04  1.4895974E-01 -5.0312152E-02  2.2114082E-02 -9.9452026E-03  3.1727979E-03  1.9264845E-04 -8.8497291E-05  3.8060709E-05 -9.2688122E-06  3.7086253E-08 -1.4063787E-08
  1.5310459E-04  1.5068625E-01 -5.0895077E-02  2.2370286E-02 -1.0060422E-02  3.2095561E-03  1.9679538E-04 -9.0402301E-05  3.8880013E-05 -9.4683351E-06  3.8331098E-08 -1.4535856E-08
  1.5501624E-04  1.5242245E-01 -5.1481269E-02  2.2627925E-02 -1.0176287E-02  3.2465202E-03  2.0100723E-04 -9.2337137E-05  3.9712145E-05 -9.6709818E-06  3.9610316E-08 -1.5020961E-08
  1.5694066E-04  1.5416840E-01 -5.2070748E-02  2.2887009E-02 -1.0292802E-02  3.2836916E-03  2.0528481E-04 -9.4302171E-05  4.0557265E-05 -9.8767915E-06  4.0924708E-08 -1.5519404E-08
  1.5887793E-04  1.5592417E-01 -5.2663535E-02  2.3147546E-02 -1.0409970E-02  3.3210714E-03  2.0962895E-04 -9.6297781E-05  4.1415535E-05 -1.0085804E-05  4.2275088E-08 -1.6031495E-08
  1.6082813E-04  1.5768980E-01 -5.3259650E-02  2.3409546E-02 -1.0527796E-02  3.3586610E-03  2.1404048E-04 -9.8324348E-05  4.2287119E-05 -1.0298058E-05  4.3662292E-08 -1.6557550E-08
  1.6279137E-04  1.5946538E-01 -5.3859114E-02  2.3673017E-02 -1.0646283E-02  3.3964618E-03  2.1852023E-04 -1.0038226E-04  4.3172184E-05 -1.0513595E-05  4.5087170E-08 -1.7097892E-08
  1.6476771E-04  1.6125095E-01 -5.4461947E-02  2.3937969E-02 -1.0765436E-02  3.4344749E-03  2.2306907E-04 -1.0247190E-04  4.4070896E-05 -1.0732456E-05  4.6550590E-08 -1.7652850E-08
  1.6675726E-04  1.6304658E-01 -5.5068170E-02  2.4204410E-02 -1.0885260E-02  3.4727018E-03  2.2768784E-04 -1.0459368E-04  4.4983427E-05 -1.0954682E-05  4.8053440E-08 -1.8222761E-08
  1.6876009E-04  1.6485233E-01 -5.5677804E-02  2.4472350E-02 -1.1005757E-02  3.5111437E-03  2.3237743E-04 -1.0674798E-04  4.5909949E-05 -1.1180315E-05  4.9596624E-08 -1.8807968E-08
  1.7077630E-04  1.6666827E-01 -5.6290871E-02  2.4741799E-02 -1.1126932E-02  3.5498019E-03  2.3713872E-04 -1.0893523E-04  4.6850637E-05 -1.1409399E-05  5.1181068E-08 -1.9408820E-08
  1.7280597E-04  1.6849445E-01 -5.6907391E-02  2.5012764E-02 -1.1248790E-02  3.5886779E-03  2.4197259E-04 -1.1115582E-04  4.7805668E-05 -1.1641974E-05  5.2807713E-08 -2.0025677E-08
  1.7484920E-04  1.7033094E-01 -5.7527385E-02  2.5285256E-02 -1.1371334E-02  3.6277728E-03  2.4687996E-04 -1.1341017E-04  4.8775219E-05 -1.1878087E-05  5.4477523E-08 -2.0658903E-08
  1.7690607E-04  1.7217780E-01 -5.8150874E-02  2.5559284E-02 -1.1494569E-02  3.6670881E-03  2.5186175E-04 -1.1569871E-04  4.9759474E-05 -1.2117779E-05  5.6191480E-08 -2.1308870E-08
  1.7897668E-04  1.7403510E-01 -5.8777881E-02  2.5834858E-02 -1.1618499E-02  3.7066251E-03  2.5691888E-04 -1.1802187E-04  5.0758614E-05 -1.2361097E-05  5.7950587E-08 -2.1975959E-08
  1.8106113E-04  1.7590290E-01 -5.9408426E-02  2.6111986E-02 -1.1743128E-02  3.7463851E-03  2.6205229E-04 -1.2038006E-04  5.1772826E-05 -1.2608085E-05  5.9755869E-08 -2.2660559E-08
  1.8315949E-04  1.7778126E-01 -6.0042530E-02  2.6390678E-02 -1.1868460E-02  3.7863696E-03  2.6726294E-04 -1.2277374E-04  5.2802297E-05 -1.2858790E-05  6.1608371E-08 -2.3363065E-08
  1.8527186E-04  1.7967026E-01 -6.0680216E-02  2.6670944E-02 -1.1994500E-02  3.8265797E-03  2.7255178E-04 -1.2520334E-04  5.3847219E-05 -1.3113256E-05  6.3509158E-08 -2.4083883E-08
  1.8739835E-04  1.8156994E-01 -6.1321505E-02  2.6952793E-02 -1.2121252E-02  3.8670170E-03  2.7791980E-04 -1.2766931E-04  5.4907783E-05 -1.3371533E-05  6.5459320E-08 -2.4823424E-08
  1.8953903E-04  1.8348038E-01 -6.1966419E-02  2.7236235E-02 -1.2248720E-02  3.9076828E-03  2.8336797E-04 -1.3017211E-04  5.5984185E-05 -1.3633666E-05  6.7459967E-08 -2.5582111E-08
  1.9169402E-04  1.8540164E-01 -6.2614980E-02  2.7521279E-02 -1.2376909E-02  3.9485785E-03  2.8889730E-04 -1.3271219E-04  5.7076623E-05 -1.3899704E-05  6.9512235E-08 -2.6360373E-08
  1.9386339E-04  1.8733380E-01 -6.3267209E-02  2.7807935E-02 -1.2505823E-02  3.9897054E-03  2.9450881E-04 -1.3529003E-04  5.8185295E-05 -1.4169696E-05  7.1617279E-08 -2.7158649E-08
  1.9604726E-04  1.8927690E-01 -6.3923129E-02  2.8096213E-02 -1.2635465E-02  4.0310650E-03  3.0020351E-04 -1.3790608E-04  5.9310406E-05 -1.4443691E-05  7.3776281E-08 -2.7977388E-08
  1.9824571E-04  1.9123103E-01 -6.4582762E-02  2.8386122E-02 -1.2765842E-02  4.0726586E-03  3.0598244E-04 -1.4056082E-04  6.0452159E-05 -1.4721739E-05  7.5990447E-08 -2.8817046E-08
  2.0045884E-04  1.9319624E-01 -6.5246130E-02  2.8677672E-02 -1.2896956E-02  4.1144877E-03  3.1184666E-04 -1.4325475E-04  6.1610762E-05 -1.5003890E-05  7.8261008E-08 -2.9678090E-08
  2.0268675E-04  1.9517261E-01 -6.5913255E-02  2.8970873E-02 -1.3028813E-02  4.1565536E-03  3.1779722E-04 -1.4598834E-04  6.2786426E-05 -1.5290196E-05  8.0589217E-08 -3.0560995E-08
  2.0492954E-04  1.9716019E-01 -6.6584160E-02  2.9265735E-02 -1.3161417E-02  4.1988577E-03  3.2383521E-04 -1.4876210E-04  6.3979362E-05 -1.5580709E-05  8.2976358E-08 -3.1466249E-08
  2.0718731E-04  1.9915906E-01 -6.7258868E-02  2.9562267E-02 -1.3294772E-02  4.2414016E-03  3.2996170E-04 -1.5157652E-04  6.5189786E-05 -1.5875480E-05  8.5423737E-08 -3.2394347E-08
  2.0946016E-04  2.0116929E-01 -6.7937401E-02  2.9860481E-02 -1.3428883E-02  4.2841865E-03  3.3617782E-04 -1.5443210E-04  6.6417916E-05 -1.6174563E-05  8.7932688E-08 -3.3345794E-08
  2.1174819E-04  2.0319094E-01 -6.8619782E-02  3.0160385E-02 -1.3563754E-02  4.3272140E-03  3.4248466E-04 -1.5732937E-04  6.7663973E-05 -1.6478012E-05  9.0504574E-08 -3.4321108E-08
  2.1405150E-04  2.0522408E-01 -6.9306033E-02  3.0461989E-02 -1.3699389E-02  4.3704855E-03  3.4888336E-04 -1.6026884E-04  6.8928180E-05 -1.6785881E-05  9.3140784E-08 -3.5320815E-08
  2.1637019E-04  2.0726877E-01 -6.9996178E-02  3.0765304E-02 -1.3835794E-02  4.4140023E-03  3.5537507E-04 -1.6325104E-04  7.0210763E-05 -1.7098225E-05  9.5842737E-08 -3.6345452E-08
  2.1870437E-04  2.0932510E-01 -7.0690240E-02  3.1070341E-02 -1.3972973E-02  4.4577661E-03  3.6196095E-04 -1.6627649E-04  7.1511952E-05 -1.7415100E-05  9.8611878E-08 -3.7395570E-08
  2.2105414E-04  2.1139312E-01 -7.1388241E-02  3.1377108E-02 -1.4110931E-02  4.5017782E-03  3.6864216E-04 -1.6934575E-04  7.2831976E-05 -1.7736562E-05  1.0144968E-07 -3.8471727E-08
  2.2341960E-04  2.1347291E-01 -7.2090206E-02  3.1685616E-02 -1.4249671E-02  4.5460401E-03  3.7541990E-04 -1.7245934E-04  7.4171072E-05 -1.8062668E-05  1.0435766E-07 -3.9574495E-08
  2.2580086E-04  2.1556453E-01 -7.2796157E-02  3.1995876E-02 -1.4389199E-02  4.5905533E-03  3.8229536E-04 -1.7561783E-04  7.5529477E-05 -1.8393477E-05  1.0733735E-07 -4.0704457E-08
  2.2819802E-04  2.1766806E-01 -7.3506118E-02  3.2307897E-02 -1.4529519E-02  4.6353192E-03  3.8926977E-04 -1.7882178E-04  7.6907431E-05 -1.8729046E-05  1.1039032E-07 -4.1862209E-08
  2.3061120E-04  2.1978356E-01 -7.4220112E-02  3.2621691E-02 -1.4670636E-02  4.6803393E-03  3.9634435E-04 -1.8207175E-04  7.8305178E-05 -1.9069435E-05  1.1351817E-07 -4.3048356E-08
  2.3304049E-04  2.2191111E-01 -7.4938163E-02  3.2937267E-02 -1.4812555E-02  4.7256151E-03  4.0352035E-04 -1.8536831E-04  7.9722964E-05 -1.9414705E-05  1.1672253E-07 -4.4263519E-08
  2.3548600E-04  2.2405078E-01 -7.5660295E-02  3.3254636E-02 -1.4955280E-02  4.7711482E-03  4.1079904E-04 -1.8871204E-04  8.1161037E-05 -1.9764915E-05  1.2000507E-07 -4.5508329E-08
  2.3794785E-04  2.2620263E-01 -7.6386532E-02  3.3573809E-02 -1.5098816E-02  4.8169400E-03  4.1818168E-04 -1.9210354E-04  8.2619652E-05 -2.0120127E-05  1.2336749E-07 -4.6783432E-08
  2.4042613E-04  2.2836675E-01 -7.7116897E-02  3.3894795E-02 -1.5243167E-02  4.8629920E-03  4.2566959E-04 -1.9554338E-04  8.4099063E-05 -2.0480404E-05  1.2681152E-07 -4.8089485E-08
  2.4292097E-04  2.3054320E-01 -7.7851416E-02  3.4217606E-02 -1.5388339E-02  4.9093057E-03  4.3326405E-04 -1.9903219E-04  8.5599529E-05 -2.0845809E-05  1.3033894E-07 -4.9427160E-08
  2.4543248E-04  2.3273205E-01 -7.8590111E-02  3.4542253E-02 -1.5534336E-02  4.9558827E-03  4.4096641E-04 -2.0257056E-04  8.7121313E-05 -2.1216405E-05  1.3395155E-07 -5.0797142E-08
  2.4796075E-04  2.3493338E-01 -7.9333007E-02  3.4868744E-02 -1.5681164E-02  5.0027246E-03  4.4877800E-04 -2.0615911E-04  8.8664678E-05 -2.1592256E-05  1.3765120E-07 -5.2200129E-08
  2.5050591E-04  2.3714725E-01 -8.0080129E-02  3.5197093E-02 -1.5828826E-02  5.0498327E-03  4.5670018E-04 -2.0979846E-04  9.0229894E-05 -2.1973429E-05  1.4143976E-07 -5.3636835E-08
  2.5306807E-04  2.3937375E-01 -8.0831501E-02  3.5527309E-02 -1.5977328E-02  5.0972087E-03  4.6473432E-04 -2.1348925E-04  9.1817232E-05 -2.2359989E-05  1.4531915E-07 -5.5107987E-08
  2.5564734E-04  2.4161295E-01 -8.1587148E-02  3.5859402E-02 -1.6126674E-02  5.1448542E-03  4.7288183E-04 -2.1723212E-04  9.3426968E-05 -2.2752004E-05  1.4929134E-07 -5.6614328E-08
  2.5824384E-04  2.4386492E-01 -8.2347095E-02  3.6193385E-02 -1.6276870E-02  5.1927706E-03  4.8114410E-04 -2.2102772E-04  9.5059379E-05 -2.3149540E-05  1.5335831E-07 -5.8156615E-08
  2.6085768E-04  2.4612973E-01 -8.3111366E-02  3.6529267E-02 -1.6427920E-02  5.2409596E-03  4.8952256E-04 -2.2487669E-04  9.6714748E-05 -2.3552668E-05  1.5752211E-07 -5.9735620E-08
  2.6348897E-04  2.4840745E-01 -8.3879986E-02  3.6867061E-02 -1.6579829E-02  5.2894227E-03  4.9801866E-04 -2.2877971E-04  9.8393360E-05 -2.3961456E-05  1.6178481E-07 -6.1352131E-08
  2.6613784E-04  2.5069818E-01 -8.4652980E-02  3.7206776E-02 -1.6732602E-02  5.3381615E-03  5.0663386E-04 -2.3273744E-04  1.0009550E-04 -2.4375974E-05  1.6614853E-07 -6.3006954E-08
  2.6880440E-04  2.5300197E-01 -8.5430374E-02  3.7548424E-02 -1.6886245E-02  5.3871775E-03  5.1536964E-04 -2.3675056E-04  1.0182147E-04 -2.4796295E-05  1.7061545E-07 -6.4700907E-08
  2.7148877E-04  2.5531890E-01 -8.6212193E-02  3.7892016E-02 -1.7040762E-02  5.4364725E-03  5.2422749E-04 -2.4081977E-04  1.0357156E-04 -2.5222489E-05  1.7518775E-07 -6.6434829E-08
  2.7419106E-04  2.5764906E-01 -8.6998462E-02  3.8237563E-02 -1.7196158E-02  5.4860479E-03  5.3320894E-04 -2.4494576E-04  1.0534607E-04 -2.5654630E-05  1.7986770E-07 -6.8209573E-08
  2.7691141E-04  2.5999251E-01 -8.7789207E-02  3.8585076E-02 -1.7352438E-02  5.5359054E-03  5.4231552E-04 -2.4912923E-04  1.0714530E-04 -2.6092792E-05  1.8465760E-07 -7.0026010E-08
  2.7964992E-04  2.6234933E-01 -8.8584453E-02  3.8934567E-02 -1.7509608E-02  5.5860466E-03  5.5154878E-04 -2.5337090E-04  1.0896956E-04 -2.6537049E-05  1.8955978E-07 -7.1885029E-08
  2.8240672E-04  2.6471961E-01 -8.9384226E-02  3.9286047E-02 -1.7667671E-02  5.6364731E-03  5.6091029E-04 -2.5767149E-04  1.1081916E-04 -2.6987478E-05  1.9457664E-07 -7.3787537E-08
  2.8518193E-04  2.6710341E-01 -9.0188553E-02  3.9639527E-02 -1.7826635E-02  5.6871866E-03  5.7040165E-04 -2.6203174E-04  1.1269442E-04 -2.7444155E-05  1.9971061E-07 -7.5734458E-08
  2.8797568E-04  2.6950081E-01 -9.0997458E-02  3.9995018E-02 -1.7986502E-02  5.7381886E-03  5.8002447E-04 -2.6645237E-04  1.1459565E-04 -2.7907157E-05  2.0496419E-07 -7.7726735E-08
  2.9078809E-04  2.7191190E-01 -9.1810968E-02  4.0352533E-02 -1.8147280E-02  5.7894809E-03  5.8978039E-04 -2.7093415E-04  1.1652318E-04 -2.8376562E-05  2.1033991E-07 -7.9765332E-08
  2.9361927E-04  2.7433675E-01 -9.2629109E-02  4.0712082E-02 -1.8308972E-02  5.8410650E-03  5.9967104E-04 -2.7547783E-04  1.1847733E-04 -2.8852452E-05  2.1584036E-07 -8.1851230E-08
  2.9646937E-04  2.7677544E-01 -9.3451908E-02  4.1073677E-02 -1.8471585E-02  5.8929426E-03  6.0969811E-04 -2.8008418E-04  1.2045844E-04 -2.9334905E-05  2.2146819E-07 -8.3985430E-08
  2.9933850E-04  2.7922805E-01 -9.4279391E-02  4.1437329E-02 -1.8635122E-02  5.9451154E-03  6.1986328E-04 -2.8475398E-04  1.2246683E-04 -2.9824003E-05  2.2722607E-07 -8.6168955E-08
  3.0222680E-04  2.8169465E-01 -9.5111584E-02  4.1803052E-02 -1.8799591E-02  5.9975851E-03  6.3016828E-04 -2.8948801E-04  1.2450285E-04 -3.0319829E-05  2.3311678E-07 -8.8402846E-08
  3.0513438E-04  2.8417534E-01 -9.5948514E-02  4.2170855E-02 -1.8964995E-02  6.0503533E-03  6.4061483E-04 -2.9428707E-04  1.2656683E-04 -3.0822466E-05  2.3914309E-07 -9.0688167E-08
  3.0806139E-04  2.8667018E-01 -9.6790209E-02  4.2540751E-02 -1.9131340E-02  6.1034218E-03  6.5120469E-04 -2.9915197E-04  1.2865914E-04 -3.1331999E-05  2.4530789E-07 -9.3026001E-08
  3.1100794E-04  2.8917925E-01 -9.7636694E-02  4.2912751E-02 -1.9298631E-02  6.1567921E-03  6.6193964E-04 -3.0408353E-04  1.3078010E-04 -3.1848513E-05  2.5161408E-07 -9.5417456E-08
  3.1397417E-04  2.9170265E-01 -9.8487997E-02  4.3286868E-02 -1.9466874E-02  6.2104661E-03  6.7282147E-04 -3.0908256E-04  1.3293010E-04 -3.2372094E-05  2.5806464E-07 -9.7863660E-08
  3.1696021E-04  2.9424045E-01 -9.9344144E-02  4.3663113E-02 -1.9636074E-02  6.2644454E-03  6.8385201E-04 -3.1414991E-04  1.3510947E-04 -3.2902831E-05  2.6466260E-07 -1.0036576E-07
  3.1996619E-04  2.9679273E-01 -1.0020516E-01  4.4041499E-02 -1.9806237E-02  6.3187317E-03  6.9503310E-04 -3.1928643E-04  1.3731859E-04 -3.3440812E-05  2.7141106E-07 -1.0292494E-07
  3.2299225E-04  2.9935957E-01 -1.0107108E-01  4.4422037E-02 -1.9977368E-02  6.3733268E-03  7.0636661E-04 -3.2449296E-04  1.3955782E-04 -3.3986127E-05  2.7831319E-07 -1.0554239E-07
  3.2603852E-04  3.0194106E-01 -1.0194193E-01  4.4804739E-02 -2.0149471E-02  6.4282323E-03  7.1785442E-04 -3.2977039E-04  1.4182754E-04 -3.4538867E-05  2.8537219E-07 -1.0821933E-07
  3.2910514E-04  3.0453728E-01 -1.0281773E-01  4.5189617E-02 -2.0322554E-02  6.4834501E-03  7.2949845E-04 -3.3511958E-04  1.4412813E-04 -3.5099123E-05  2.9259135E-07 -1.1095701E-07
  3.3219223E-04  3.0714831E-01 -1.0369851E-01  4.5576685E-02 -2.0496620E-02  6.5389819E-03  7.4130063E-04 -3.4054143E-04  1.4645997E-04 -3.5666989E-05  2.9997403E-07 -1.1375670E-07
  3.3529994E-04  3.0977423E-01 -1.0458431E-01  4.5965953E-02 -2.0671677E-02  6.5948293E-03  7.5326292E-04 -3.4603683E-04  1.4882344E-04 -3.6242559E-05  3.0752365E-07 -1.1661969E-07
  3.3842841E-04  3.1241513E-01 -1.0547514E-01  4.6357434E-02 -2.0847728E-02  6.6509943E-03  7.6538731E-04 -3.5160670E-04  1.5121894E-04 -3.6825928E-05  3.1524369E-07 -1.1954732E-07
  3.4157777E-04  3.1507110E-01 -1.0637104E-01  4.6751141E-02 -2.1024780E-02  6.7074785E-03  7.7767580E-04 -3.5725196E-04  1.5364686E-04 -3.7417194E-05  3.2313770E-07 -1.2254092E-07
  3.4474817E-04  3.1774221E-01 -1.0727203E-01  4.7147085E-02 -2.1202838E-02  6.7642837E-03  7.9013042E-04 -3.6297355E-04  1.5610761E-04 -3.8016454E-05  3.3120932E-07 -1.2560187E-07
  3.4793974E-04  3.2042855E-01 -1.0817814E-01  4.7545280E-02 -2.1381909E-02  6.8214118E-03  8.0275324E-04 -3.6877240E-04  1.5860159E-04 -3.8623806E-05  3.3946225E-07 -1.2873158E-07
  3.5115262E-04  3.2313021E-01 -1.0908941E-01  4.7945738E-02 -2.1561996E-02  6.8788644E-03  8.1554633E-04 -3.7464948E-04  1.6112922E-04 -3.9239352E-05  3.4790025E-07 -1.3193148E-07
  3.5438696E-04  3.2584727E-01 -1.1000586E-01  4.8348470E-02 -2.1743107E-02  6.9366434E-03  8.2851180E-04 -3.8060575E-04  1.6369090E-04 -3.9863192E-05  3.5652718E-07 -1.3520302E-07
  3.5764291E-04  3.2857982E-01 -1.1092751E-01  4.8753491E-02 -2.1925247E-02  6.9947506E-03  8.4165178E-04 -3.8664220E-04  1.6628706E-04 -4.0495429E-05  3.6534696E-07 -1.3854769E-07
  3.6092060E-04  3.3132795E-01 -1.1185440E-01  4.9160812E-02 -2.2108421E-02  7.0531879E-03  8.5496844E-04 -3.9275981E-04  1.6891814E-04 -4.1136167E-05  3.7436359E-07 -1.4196702E-07
  3.6422018E-04  3.3409174E-01 -1.1278656E-01  4.9570446E-02 -2.2292635E-02  7.1119569E-03  8.6846396E-04 -3.9895959E-04  1.7158455E-04 -4.1785512E-05  3.8358117E-07 -1.4546255E-07
  3.6754179E-04  3.3687127E-01 -1.1372401E-01  4.9982407E-02 -2.2477895E-02  7.1710596E-03  8.8214056E-04 -4.0524255E-04  1.7428674E-04 -4.2443569E-05  3.9300385E-07 -1.4903586E-07
  3.7088559E-04  3.3966664E-01 -1.1466679E-01  5.0396705E-02 -2.2664207E-02  7.2304978E-03  8.9600047E-04 -4.1160974E-04  1.7702515E-04 -4.3110447E-05  4.0263588E-07 -1.5268857E-07
  3.7425172E-04  3.4247794E-01 -1.1561492E-01  5.0813356E-02 -2.2851576E-02  7.2902734E-03  9.1004596E-04 -4.1806218E-04  1.7980023E-04 -4.3786254E-05  4.1248160E-07 -1.5642231E-07
  3.7764034E-04  3.4530525E-01 -1.1656844E-01  5.1232371E-02 -2.3040008E-02  7.3503881E-03  9.2427932E-04 -4.2460093E-04  1.8261243E-04 -4.4471101E-05  4.2254542E-07 -1.6023876E-07
  3.8105158E-04  3.4814866E-01 -1.1752736E-01  5.1653763E-02 -2.3229509E-02  7.4108439E-03  9.3870289E-04 -4.3122706E-04  1.8546220E-04 -4.5165101E-05  4.3283184E-07 -1.6413962E-07
  3.8448561E-04  3.5100825E-01 -1.1849173E-01  5.2077546E-02 -2.3420086E-02  7.4716425E-03  9.5331900E-04 -4.3794165E-04  1.8835003E-04 -4.5868365E-05  4.4334548E-07 -1.6812666E-07
  3.8794257E-04  3.5388413E-01 -1.1946157E-01  5.2503732E-02 -2.3611743E-02  7.5327860E-03  9.6813005E-04 -4.4474579E-04  1.9127637E-04 -4.6581009E-05  4.5409100E-07 -1.7220163E-07
  3.9142262E-04  3.5677638E-01 -1.2043691E-01  5.2932335E-02 -2.3804486E-02  7.5942761E-03  9.8313845E-04 -4.5164060E-04  1.9424170E-04 -4.7303149E-05  4.6507320E-07 -1.7636635E-07
  3.9492591E-04  3.5968508E-01 -1.2141779E-01  5.3363368E-02 -2.3998322E-02  7.6561148E-03  9.9834662E-04 -4.5862719E-04  1.9724651E-04 -4.8034901E-05  4.7629694E-07 -1.8062268E-07
  3.9845260E-04  3.6261033E-01 -1.2240423E-01  5.3796843E-02 -2.4193257E-02  7.7183040E-03  1.0137570E-03 -4.6570669E-04  2.0029127E-04 -4.8776385E-05  4.8776721E-07 -1.8497249E-07
  4.0200284E-04  3.6555223E-01 -1.2339625E-01  5.4232775E-02 -2.4389296E-02  7.7808454E-03  1.0293722E-03 -4.7288025E-04  2.0337650E-04 -4.9527722E-05  4.9948907E-07 -1.8941772E-07
  4.0557679E-04  3.6851085E-01 -1.2439391E-01  5.4671177E-02 -2.4586446E-02  7.8437412E-03  1.0451947E-03 -4.8014905E-04  2.0650267E-04 -5.0289031E-05  5.1146769E-07 -1.9396031E-07
  4.0917462E-04  3.7148630E-01 -1.2539721E-01  5.5112062E-02 -2.4784712E-02  7.9069931E-03  1.0612270E-03 -4.8751424E-04  2.0967031E-04 -5.1060438E-05  5.2370835E-07 -1.9860228E-07
  4.1279647E-04  3.7447866E-01 -1.2640620E-01  5.5555443E-02 -2.4984101E-02  7.9706032E-03  1.0774717E-03 -4.9497703E-04  2.1287992E-04 -5.1842067E-05  5.3621643E-07 -2.0334566E-07
  4.1644251E-04  3.7748803E-01 -1.2742091E-01  5.6001334E-02 -2.5184619E-02  8.0345733E-03  1.0939315E-03 -5.0253862E-04  2.1613203E-04 -5.2634044E-05  5.4899740E-07 -2.0819253E-07
  4.2011290E-04  3.8051450E-01 -1.2844135E-01  5.6449748E-02 -2.5386271E-02  8.0989054E-03  1.1106090E-03 -5.1020023E-04  2.1942715E-04 -5.3436496E-05  5.6205688E-07 -2.1314502E-07
  4.2380780E-04  3.8355816E-01 -1.2946758E-01  5.6900700E-02 -2.5589064E-02  8.1636015E-03  1.1275069E-03 -5.1796309E-04  2.2276582E-04 -5.4249553E-05  5.7540055E-07 -2.1820528E-07
  4.2752738E-04  3.8661911E-01 -1.3049961E-01  5.7354202E-02 -2.5793003E-02  8.2286634E-03  1.1446279E-03 -5.2582846E-04  2.2614858E-04 -5.5073347E-05  5.8903424E-07 -2.2337553E-07
  4.3127180E-04  3.8969744E-01 -1.3153749E-01  5.7810269E-02 -2.5998096E-02  8.2940932E-03  1.1619748E-03 -5.3379760E-04  2.2957596E-04 -5.5908009E-05  6.0296389E-07 -2.2865801E-07
  4.3504123E-04  3.9279325E-01 -1.3258123E-01  5.8268915E-02 -2.6204349E-02  8.3598929E-03  1.1795504E-03 -5.4187179E-04  2.3304853E-04 -5.6753675E-05  6.1719553E-07 -2.3405502E-07
  4.3883584E-04  3.9590663E-01 -1.3363088E-01  5.8730152E-02 -2.6411767E-02  8.4260644E-03  1.1973575E-03 -5.5005233E-04  2.3656683E-04 -5.7610478E-05  6.3173535E-07 -2.3956889E-07
  4.4265578E-04  3.9903767E-01 -1.3468646E-01  5.9193995E-02 -2.6620356E-02  8.4926097E-03  1.2153989E-03 -5.5834053E-04  2.4013144E-04 -5.8478558E-05  6.4658964E-07 -2.4520202E-07
  4.4650124E-04  4.0218647E-01 -1.3574800E-01  5.9660458E-02 -2.6830124E-02  8.5595308E-03  1.2336776E-03 -5.6673772E-04  2.4374293E-04 -5.9358054E-05  6.6176481E-07 -2.5095684E-07
  4.5037238E-04  4.0535313E-01 -1.3681554E-01  6.0129555E-02 -2.7041076E-02  8.6268297E-03  1.2521964E-03 -5.7524524E-04  2.4740186E-04 -6.0249105E-05  6.7726740E-07 -2.5683583E-07
  4.5426938E-04  4.0853774E-01 -1.3788911E-01  6.0601300E-02 -2.7253218E-02  8.6945085E-03  1.2709584E-03 -5.8386447E-04  2.5110884E-04 -6.1151856E-05  6.9310410E-07 -2.6284152E-07
  4.5819240E-04  4.1174040E-01 -1.3896874E-01  6.1075707E-02 -2.7466558E-02  8.7625691E-03  1.2899664E-03 -5.9259676E-04  2.5486445E-04 -6.2066449E-05  7.0928170E-07 -2.6897649E-07
  4.6214162E-04  4.1496120E-01 -1.4005447E-01  6.1552790E-02 -2.7681101E-02  8.8310136E-03  1.3092237E-03 -6.0144353E-04  2.5866929E-04 -6.2993032E-05  7.2580715E-07 -2.7524337E-07
  4.6611722E-04  4.1820025E-01 -1.4114632E-01  6.2032563E-02 -2.7896853E-02  8.8998440E-03  1.3287332E-03 -6.1040618E-04  2.6252396E-04 -6.3931752E-05  7.4268752E-07 -2.8164485E-07
  4.7011937E-04  4.2145764E-01 -1.4224433E-01  6.2515041E-02 -2.8113822E-02  8.9690624E-03  1.3484981E-03 -6.1948614E-04  2.6642910E-04 -6.4882759E-05  7.5993003E-07 -2.8818366E-07
  4.7414825E-04  4.2473348E-01 -1.4334853E-01  6.3000237E-02 -2.8332013E-02  9.0386707E-03  1.3685214E-03 -6.2868486E-04  2.7038530E-04 -6.5846204E-05  7.7754203E-07 -2.9486260E-07
  4.7820404E-04  4.2802785E-01 -1.4445896E-01  6.3488167E-02 -2.8551433E-02  9.1086712E-03  1.3888065E-03 -6.3800380E-04  2.7439322E-04 -6.6822241E-05  7.9553104E-07 -3.0168451E-07
  4.8228691E-04  4.3134085E-01 -1.4557564E-01  6.3978845E-02 -2.8772089E-02  9.1790657E-03  1.4093564E-03 -6.4744445E-04  2.7845347E-04 -6.7811025E-05  8.1390470E-07 -3.0865229E-07
  4.8639705E-04  4.3467260E-01 -1.4669861E-01  6.4472284E-02 -2.8993986E-02  9.2498565E-03  1.4301746E-03 -6.5700830E-04  2.8256672E-04 -6.8812713E-05  8.3267082E-07 -3.1576890E-07
  4.9053464E-04  4.3802318E-01 -1.4782790E-01  6.4968501E-02 -2.9217132E-02  9.3210456E-03  1.4512642E-03 -6.6669687E-04  2.8673361E-04 -6.9827464E-05  8.5183736E-07 -3.2303736E-07
  4.9469987E-04  4.4139270E-01 -1.4896355E-01  6.5467508E-02 -2.9441533E-02  9.3926350E-03  1.4726287E-03 -6.7651171E-04  2.9095480E-04 -7.0855440E-05  8.7141242E-07 -3.3046075E-07
  4.9889291E-04  4.4478125E-01 -1.5010559E-01  6.5969321E-02 -2.9667196E-02  9.4646270E-03  1.4942714E-03 -6.8645436E-04  2.9523096E-04 -7.1896803E-05  8.9140429E-07 -3.3804220E-07
  5.0311396E-04  4.4818894E-01 -1.5125406E-01  6.6473955E-02 -2.9894127E-02  9.5370235E-03  1.5161958E-03 -6.9652641E-04  2.9956277E-04 -7.2951718E-05  9.1182140E-07 -3.4578492E-07
  5.0736320E-04  4.5161588E-01 -1.5240898E-01  6.6981424E-02 -3.0122332E-02  9.6098267E-03  1.5384052E-03 -7.0672945E-04  3.0395092E-04 -7.4020352E-05  9.3267236E-07 -3.5369216E-07
  5.1164081E-04  4.5506215E-01 -1.5357039E-01  6.7491743E-02 -3.0351820E-02  9.6830387E-03  1.5609034E-03 -7.1706508E-04  3.0839610E-04 -7.5102875E-05  9.5396593E-07 -3.6176726E-07
  5.1594700E-04  4.5852787E-01 -1.5473832E-01  6.8004927E-02 -3.0582595E-02  9.7566616E-03  1.5836937E-03 -7.2753495E-04  3.1289901E-04 -7.6199457E-05  9.7571107E-07 -3.7001361E-07
  5.2028194E-04  4.6201313E-01 -1.5591281E-01  6.8520991E-02 -3.0814665E-02  9.8306977E-03  1.6067798E-03 -7.3814072E-04  3.1746036E-04 -7.7310272E-05  9.9791689E-07 -3.7843466E-07
  5.2464584E-04  4.6551804E-01 -1.5709389E-01  6.9039949E-02 -3.1048037E-02  9.9051489E-03  1.6301653E-03 -7.4888404E-04  3.2208088E-04 -7.8435495E-05  1.0205927E-06 -3.8703394E-07
  5.2903888E-04  4.6904271E-01 -1.5828160E-01  6.9561817E-02 -3.1282717E-02  9.9800175E-03  1.6538540E-03 -7.5976662E-04  3.2676129E-04 -7.9575303E-05  1.0437480E-06 -3.9581506E-07
  5.3346126E-04  4.7258723E-01 -1.5947597E-01  7.0086610E-02 -3.1518712E-02  1.0055306E-02  1.6778495E-03 -7.7079018E-04  3.3150233E-04 -8.0729877E-05  1.0673924E-06 -4.0478167E-07
  5.3791318E-04  4.7615171E-01 -1.6067704E-01  7.0614343E-02 -3.1756029E-02  1.0131016E-02  1.7021557E-03 -7.8195644E-04  3.3630474E-04 -8.1899397E-05  1.0915359E-06 -4.1393753E-07
  5.4239483E-04  4.7973625E-01 -1.6188484E-01  7.1145031E-02 -3.1994674E-02  1.0207149E-02  1.7267763E-03 -7.9326717E-04  3.4116929E-04 -8.3084048E-05  1.1161884E-06 -4.2328643E-07
  5.4690641E-04  4.8334096E-01 -1.6309940E-01  7.1678689E-02 -3.2234656E-02  1.0283709E-02  1.7517152E-03 -8.0472414E-04  3.4609674E-04 -8.4284016E-05  1.1413602E-06 -4.3283228E-07
  5.5144812E-04  4.8696595E-01 -1.6432076E-01  7.2215332E-02 -3.2475979E-02  1.0360697E-02  1.7769765E-03 -8.1632916E-04  3.5108786E-04 -8.5499490E-05  1.1670618E-06 -4.4257903E-07
  5.5602017E-04  4.9061132E-01 -1.6554895E-01  7.2754976E-02 -3.2718652E-02  1.0438115E-02  1.8025639E-03 -8.2808404E-04  3.5614343E-04 -8.6730661E-05  1.1933038E-06 -4.5253074E-07
  5.6062275E-04  4.9427717E-01 -1.6678401E-01  7.3297636E-02 -3.2962681E-02  1.0515966E-02  1.8284816E-03 -8.3999064E-04  3.6126425E-04 -8.7977722E-05  1.2200972E-06 -4.6269151E-07
  5.6525606E-04  4.9796361E-01 -1.6802598E-01  7.3843328E-02 -3.3208072E-02  1.0594252E-02  1.8547336E-03 -8.5205081E-04  3.6645112E-04 -8.9240868E-05  1.2474529E-06 -4.7306556E-07
  5.6992033E-04  5.0167075E-01 -1.6927489E-01  7.4392067E-02 -3.3454834E-02  1.0672975E-02  1.8813239E-03 -8.6426646E-04  3.7170486E-04 -9.0520297E-05  1.2753823E-06 -4.8365717E-07
  5.7461574E-04  5.0539870E-01 -1.7053077E-01  7.4943868E-02 -3.3702973E-02  1.0752137E-02  1.9082569E-03 -8.7663949E-04  3.7702629E-04 -9.1816211E-05  1.3038969E-06 -4.9447071E-07
  5.7934251E-04  5.0914757E-01 -1.7179366E-01  7.5498748E-02 -3.3952496E-02  1.0831741E-02  1.9355367E-03 -8.8917184E-04  3.8241623E-04 -9.3128811E-05  1.3330085E-06 -5.0551064E-07
  5.8410085E-04  5.1291745E-01 -1.7306360E-01  7.6056721E-02 -3.4203410E-02  1.0911789E-02  1.9631675E-03 -9.0186546E-04  3.8787554E-04 -9.4458302E-05  1.3627291E-06 -5.1678150E-07
  5.8889098E-04  5.1670846E-01 -1.7434062E-01  7.6617803E-02 -3.4455722E-02  1.0992282E-02  1.9911537E-03 -9.1472235E-04  3.9340507E-04 -9.5804894E-05  1.3930708E-06 -5.2828793E-07
  5.9371309E-04  5.2052071E-01 -1.7562476E-01  7.7182011E-02 -3.4709439E-02  1.1073224E-02  2.0194997E-03 -9.2774451E-04  3.9900568E-04 -9.7168795E-05  1.4240461E-06 -5.4003464E-07
  5.9856740E-04  5.2435431E-01 -1.7691605E-01  7.7749359E-02 -3.4964568E-02  1.1154616E-02  2.0482099E-03 -9.4093398E-04  4.0467824E-04 -9.8550220E-05  1.4556678E-06 -5.5202646E-07
  6.0345414E-04  5.2820936E-01 -1.7821454E-01  7.8319864E-02 -3.5221116E-02  1.1236461E-02  2.0772887E-03 -9.5429281E-04  4.1042364E-04 -9.9949383E-05  1.4879487E-06 -5.6426830E-07
  6.0837352E-04  5.3208598E-01 -1.7952025E-01  7.8893542E-02 -3.5479091E-02  1.1318761E-02  2.1067407E-03 -9.6782308E-04  4.1624278E-04 -1.0136650E-04  1.5209021E-06 -5.7676516E-07
  6.1332574E-04  5.3598428E-01 -1.8083322E-01  7.9470408E-02 -3.5738500E-02  1.1401519E-02  2.1365705E-03 -9.8152690E-04  4.2213655E-04 -1.0280180E-04  1.5545414E-06 -5.8952215E-07
  6.1831105E-04  5.3990436E-01 -1.8215349E-01  8.0050478E-02 -3.5999349E-02  1.1484736E-02  2.1667827E-03 -9.9540641E-04  4.2810589E-04 -1.0425550E-04  1.5888804E-06 -6.0254448E-07
  6.2332965E-04  5.4384634E-01 -1.8348110E-01  8.0633769E-02 -3.6261646E-02  1.1568414E-02  2.1973820E-03 -1.0094638E-03  4.3415172E-04 -1.0572782E-04  1.6239331E-06 -6.1583745E-07
  6.2838176E-04  5.4781033E-01 -1.8481607E-01  8.1220296E-02 -3.6525399E-02  1.1652558E-02  2.2283733E-03 -1.0237012E-03  4.4027498E-04 -1.0721900E-04  1.6597137E-06 -6.2940647E-07
  6.3346762E-04  5.5179644E-01 -1.8615846E-01  8.1810076E-02 -3.6790613E-02  1.1737167E-02  2.2597612E-03 -1.0381208E-03  4.4647661E-04 -1.0872927E-04  1.6962368E-06 -6.4325707E-07
  6.3858744E-04  5.5580478E-01 -1.8750829E-01  8.2403125E-02 -3.7057298E-02  1.1822246E-02  2.2915507E-03 -1.0527249E-03  4.5275759E-04 -1.1025886E-04  1.7335172E-06 -6.5739487E-07
  6.4374146E-04  5.5983547E-01 -1.8886561E-01  8.2999458E-02 -3.7325459E-02  1.1907795E-02  2.3237468E-03 -1.0675158E-03  4.5911889E-04 -1.1180801E-04  1.7715701E-06 -6.7182561E-07
  6.4892990E-04  5.6388861E-01 -1.9023045E-01  8.3599093E-02 -3.7595104E-02  1.1993819E-02  2.3563543E-03 -1.0824957E-03  4.6556150E-04 -1.1337697E-04  1.8104108E-06 -6.8655513E-07
  6.5415299E-04  5.6796433E-01 -1.9160284E-01  8.4202045E-02 -3.7866242E-02  1.2080318E-02  2.3893784E-03 -1.0976670E-03  4.7208641E-04 -1.1496596E-04  1.8500552E-06 -7.0158940E-07
  6.5941096E-04  5.7206272E-01 -1.9298283E-01  8.4808331E-02 -3.8138878E-02  1.2167295E-02  2.4228242E-03 -1.1130320E-03  4.7869464E-04 -1.1657525E-04  1.8905191E-06 -7.1693450E-07
  6.6470405E-04  5.7618392E-01 -1.9437045E-01  8.5417967E-02 -3.8413020E-02  1.2254752E-02  2.4566969E-03 -1.1285932E-03  4.8538721E-04 -1.1820507E-04  1.9318191E-06 -7.3259664E-07
  6.7003249E-04  5.8032803E-01 -1.9576573E-01  8.6030970E-02 -3.8688676E-02  1.2342693E-02  2.4910017E-03 -1.1443528E-03  4.9216515E-04 -1.1985568E-04  1.9739717E-06 -7.4858212E-07
  6.7539652E-04  5.8449516E-01 -1.9716873E-01  8.6647356E-02 -3.8965853E-02  1.2431119E-02  2.5257440E-03 -1.1603134E-03  4.9902952E-04 -1.2152735E-04  2.0169939E-06 -7.6489740E-07
  6.8079637E-04  5.8868543E-01 -1.9857947E-01  8.7267141E-02 -3.9244558E-02  1.2520032E-02  2.5609290E-03 -1.1764774E-03  5.0598137E-04 -1.2322031E-04  2.0609031E-06 -7.8154904E-07
  6.8623228E-04  5.9289896E-01 -1.9999799E-01  8.7890343E-02 -3.9524799E-02  1.2609436E-02  2.5965622E-03 -1.1928473E-03  5.1302179E-04 -1.2493485E-04  2.1057169E-06 -7.9854375E-07
  6.9170450E-04  5.9713586E-01 -2.0142434E-01  8.8516977E-02 -3.9806584E-02  1.2699331E-02  2.6326492E-03 -1.2094256E-03  5.2015185E-04 -1.2667121E-04  2.1514534E-06 -8.1588836E-07
  6.9721327E-04  6.0139625E-01 -2.0285854E-01  8.9147061E-02 -4.0089920E-02  1.2789722E-02  2.6691955E-03 -1.2262150E-03  5.2737266E-04 -1.2842968E-04  2.1981309E-06 -8.3358983E-07
  7.0275883E-04  6.0568024E-01 -2.0430064E-01  8.9780611E-02 -4.0374814E-02  1.2880609E-02  2.7062068E-03 -1.2432180E-03  5.3468534E-04 -1.3021052E-04  2.2457681E-06 -8.5165526E-07
  7.0834142E-04  6.0998796E-01 -2.0575067E-01  9.0417644E-02 -4.0661274E-02  1.2971997E-02  2.7436887E-03 -1.2604371E-03  5.4209100E-04 -1.3201400E-04  2.2943842E-06 -8.7009189E-07
  7.1396130E-04  6.1431951E-01 -2.0720868E-01  9.1058176E-02 -4.0949307E-02  1.3063886E-02  2.7816470E-03 -1.2778752E-03  5.4959080E-04 -1.3384041E-04  2.3439985E-06 -8.8890710E-07
  7.1961871E-04  6.1867501E-01 -2.0867470E-01  9.1702225E-02 -4.1238921E-02  1.3156279E-02  2.8200877E-03 -1.2955348E-03  5.5718589E-04 -1.3569002E-04  2.3946310E-06 -9.0810842E-07
  7.2531391E-04  6.2305459E-01 -2.1014877E-01  9.2349808E-02 -4.1530124E-02  1.3249179E-02  2.8590165E-03 -1.3134187E-03  5.6487743E-04 -1.3756312E-04  2.4463018E-06 -9.2770352E-07
  7.3104714E-04  6.2745835E-01 -2.1163093E-01  9.3000940E-02 -4.1822923E-02  1.3342589E-02  2.8984395E-03 -1.3315296E-03  5.7266661E-04 -1.3946000E-04  2.4990316E-06 -9.4770022E-07
  7.3681866E-04  6.3188642E-01 -2.1312122E-01  9.3655640E-02 -4.2117326E-02  1.3436510E-02  2.9383628E-03 -1.3498703E-03  5.8055463E-04 -1.4138095E-04  2.5528414E-06 -9.6810650E-07
  7.4262873E-04  6.3633892E-01 -2.1461967E-01  9.4313924E-02 -4.2413340E-02  1.3530945E-02  2.9787925E-03 -1.3684436E-03  5.8854270E-04 -1.4332626E-04  2.6077527E-06 -9.8893049E-07
  7.4847760E-04  6.4081597E-01 -2.1612633E-01  9.4975809E-02 -4.2710973E-02  1.3625896E-02  3.0197348E-03 -1.3872525E-03  5.9663205E-04 -1.4529624E-04  2.6637873E-06 -1.0101805E-06
  7.5436553E-04  6.4531768E-01 -2.1764123E-01  9.5641312E-02 -4.3010233E-02  1.3721367E-02  3.0611961E-03 -1.4062997E-03  6.0482392E-04 -1.4729119E-04  2.7209676E-06 -1.0318649E-06
  7.6029279E-04  6.4984417E-01 -2.1916441E-01  9.6310451E-02 -4.3311127E-02  1.3817359E-02  3.1031825E-03 -1.4255882E-03  6.1311957E-04 -1.4931141E-04  2.7793161E-06 -1.0539924E-06
  7.6625964E-04  6.5439557E-01 -2.2069592E-01  9.6983242E-02 -4.3613664E-02  1.3913875E-02  3.1457007E-03 -1.4451210E-03  6.2152028E-04 -1.5135721E-04  2.8388562E-06 -1.0765718E-06
  7.7226633E-04  6.5897199E-01 -2.2223579E-01  9.7659703E-02 -4.3917850E-02  1.4010917E-02  3.1887572E-03 -1.4649010E-03  6.3002732E-04 -1.5342890E-04  2.8996113E-06 -1.0996120E-06
  7.7831314E-04  6.6357356E-01 -2.2378407E-01  9.8339850E-02 -4.4223694E-02  1.4108487E-02  3.2323584E-03 -1.4849313E-03  6.3864200E-04 -1.5552682E-04  2.9616057E-06 -1.1231221E-06
  7.8440033E-04  6.6820039E-01 -2.2534078E-01  9.9023702E-02 -4.4531203E-02  1.4206590E-02  3.2765112E-03 -1.5052150E-03  6.4736565E-04 -1.5765126E-04  3.0248639E-06 -1.1471115E-06
  7.9052818E-04  6.7285260E-01 -2.2690597E-01  9.9711275E-02 -4.4840385E-02  1.4305225E-02  3.3212223E-03 -1.5257552E-03  6.5619959E-04 -1.5980257E-04  3.0894108E-06 -1.1715896E-06
  7.9669696E-04  6.7753033E-01 -2.2847968E-01  1.0040259E-01 -4.5151248E-02  1.4404397E-02  3.3664984E-03 -1.5465549E-03  6.6514519E-04 -1.6198107E-04  3.1552720E-06 -1.1965662E-06
  8.0290693E-04  6.8223368E-01 -2.3006195E-01  1.0109766E-01 -4.5463799E-02  1.4504108E-02  3.4123467E-03 -1.5676174E-03  6.7420381E-04 -1.6418709E-04  3.2224735E-06 -1.2220510E-06
  8.0915838E-04  6.8696279E-01 -2.3165282E-01  1.0179650E-01 -4.5778047E-02  1.4604360E-02  3.4587739E-03 -1.5889460E-03  6.8337683E-04 -1.6642097E-04  3.2910419E-06 -1.2480542E-06
  8.1545158E-04  6.9171777E-01 -2.3325233E-01  1.0249913E-01 -4.6094000E-02  1.4705155E-02  3.5057874E-03 -1.6105438E-03  6.9266566E-04 -1.6868306E-04  3.3610042E-06 -1.2745860E-06
  8.2178681E-04  6.9649874E-01 -2.3486052E-01  1.0320557E-01 -4.6411664E-02  1.4806497E-02  3.5533942E-03 -1.6324142E-03  7.0207171E-04 -1.7097369E-04  3.4323879E-06 -1.3016569E-06
  8.2816435E-04  7.0130584E-01 -2.3647743E-01  1.0391584E-01 -4.6731048E-02  1.4908387E-02  3.6016016E-03 -1.6545605E-03  7.1159643E-04 -1.7329322E-04  3.5052212E-06 -1.3292775E-06
  8.3458448E-04  7.0613917E-01 -2.3810310E-01  1.0462994E-01 -4.7052160E-02  1.5010829E-02  3.6504170E-03 -1.6769860E-03  7.2124126E-04 -1.7564200E-04  3.5795327E-06 -1.3574587E-06
  8.4104749E-04  7.1099887E-01 -2.3973756E-01  1.0534791E-01 -4.7375008E-02  1.5113824E-02  3.6998478E-03 -1.6996943E-03  7.3100768E-04 -1.7802039E-04  3.6553516E-06 -1.3862115E-06
  8.4755367E-04  7.1588506E-01 -2.4138087E-01  1.0606976E-01 -4.7699599E-02  1.5217376E-02  3.7499015E-03 -1.7226888E-03  7.4089718E-04 -1.8042875E-04  3.7327078E-06 -1.4155473E-06
  8.5410329E-04  7.2079787E-01 -2.4303305E-01  1.0679551E-01 -4.8025942E-02  1.5321486E-02  3.8005859E-03 -1.7459729E-03  7.5091126E-04 -1.8286746E-04  3.8116316E-06 -1.4454776E-06
  8.6069666E-04  7.2573741E-01 -2.4469416E-01  1.0752517E-01 -4.8354044E-02  1.5426157E-02  3.8519086E-03 -1.7695503E-03  7.6105145E-04 -1.8533687E-04  3.8921539E-06 -1.4760141E-06
  8.6733407E-04  7.3070381E-01 -2.4636422E-01  1.0825876E-01 -4.8683913E-02  1.5531393E-02  3.9038774E-03 -1.7934244E-03  7.7131930E-04 -1.8783737E-04  3.9743063E-06 -1.5071689E-06
  8.7401580E-04  7.3569719E-01 -2.4804329E-01  1.0899629E-01 -4.9015558E-02  1.5637194E-02  3.9565002E-03 -1.8175991E-03  7.8171636E-04 -1.9036934E-04  4.0581210E-06 -1.5389540E-06
  8.8074216E-04  7.4071769E-01 -2.4973139E-01  1.0973780E-01 -4.9348986E-02  1.5743565E-02  4.0097852E-03 -1.8420778E-03  7.9224421E-04 -1.9293316E-04  4.1436308E-06 -1.5713819E-06
  8.8751344E-04  7.4576543E-01 -2.5142858E-01  1.1048329E-01 -4.9684205E-02  1.5850506E-02  4.0637402E-03 -1.8668644E-03  8.0290447E-04 -1.9552923E-04  4.2308692E-06 -1.6044654E-06
  8.9432995E-04  7.5084052E-01 -2.5313489E-01  1.1123278E-01 -5.0021223E-02  1.5958022E-02  4.1183737E-03 -1.8919627E-03  8.1369875E-04 -1.9815793E-04  4.3198702E-06 -1.6382173E-06
  9.0119198E-04  7.5594311E-01 -2.5485036E-01  1.1198629E-01 -5.0360048E-02  1.6066114E-02  4.1736938E-03 -1.9173763E-03  8.2462869E-04 -2.0081967E-04  4.4106685E-06 -1.6726508E-06
  9.0809984E-04  7.6107330E-01 -2.5657504E-01  1.1274384E-01 -5.0700689E-02  1.6174786E-02  4.2297090E-03 -1.9431093E-03  8.3569595E-04 -2.0351485E-04  4.5032997E-06 -1.7077794E-06
  9.1505383E-04  7.6623124E-01 -2.5830896E-01  1.1350544E-01 -5.1043152E-02  1.6284038E-02  4.2864277E-03 -1.9691654E-03  8.4690221E-04 -2.0624388E-04  4.5977999E-06 -1.7436168E-06
  9.2205427E-04  7.7141704E-01 -2.6005217E-01  1.1427112E-01 -5.1387447E-02  1.6393875E-02  4.3438587E-03 -1.9955487E-03  8.5824917E-04 -2.0900717E-04  4.6942059E-06 -1.7801769E-06
  9.2910146E-04  7.7663083E-01 -2.6180470E-01  1.1504089E-01 -5.1733580E-02  1.6504299E-02  4.4020106E-03 -2.0222632E-03  8.6973855E-04 -2.1180515E-04  4.7925551E-06 -1.8174740E-06
  9.3619571E-04  7.8187275E-01 -2.6356660E-01  1.1581476E-01 -5.2081561E-02  1.6615312E-02  4.4608921E-03 -2.0493128E-03  8.8137209E-04 -2.1463823E-04  4.8928860E-06 -1.8555226E-06
  9.4333735E-04  7.8714290E-01 -2.6533791E-01  1.1659277E-01 -5.2431397E-02  1.6726917E-02  4.5205124E-03 -2.0767018E-03  8.9315156E-04 -2.1750686E-04  4.9952376E-06 -1.8943375E-06
  9.5052668E-04  7.9244143E-01 -2.6711866E-01  1.1737492E-01 -5.2783096E-02  1.6839116E-02  4.5808803E-03 -2.1044342E-03  9.0507875E-04 -2.2041145E-04  5.0996496E-06 -1.9339337E-06
  9.5776403E-04  7.9776847E-01 -2.6890891E-01  1.1816123E-01 -5.3136666E-02  1.6951912E-02  4.6420050E-03 -2.1325143E-03  9.1715545E-04 -2.2335246E-04  5.2061625E-06 -1.9743267E-06
  9.6504971E-04  8.0312413E-01 -2.7070869E-01  1.1895172E-01 -5.3492116E-02  1.7065307E-02  4.7038958E-03 -2.1609463E-03  9.2938349E-04 -2.2633032E-04  5.3148178E-06 -2.0155322E-06
  9.7238405E-04  8.0850854E-01 -2.7251804E-01  1.1974641E-01 -5.3849452E-02  1.7179304E-02  4.7665621E-03 -2.1897345E-03  9.4176473E-04 -2.2934549E-04  5.4256576E-06 -2.0575661E-06
  9.7976738E-04  8.1392184E-01 -2.7433700E-01  1.2054531E-01 -5.4208685E-02  1.7293907E-02  4.8300133E-03 -2.2188832E-03  9.5430104E-04 -2.3239842E-04  5.5387248E-06 -2.1004447E-06
  9.8720001E-04  8.1936415E-01 -2.7616562E-01  1.2134845E-01 -5.4569820E-02  1.7409116E-02  4.8942590E-03 -2.2483969E-03  9.6699431E-04 -2.3548958E-04  5.6540634E-06 -2.1441847E-06
  9.9468229E-04  8.2483560E-01 -2.7800393E-01  1.2215585E-01 -5.4932868E-02  1.7524935E-02  4.9593090E-03 -2.2782801E-03  9.7984646E-04 -2.3861943E-04  5.7717178E-06 -2.1888030E-06
  1.0022145E-03  8.3033632E-01 -2.7985198E-01  1.2296751E-01 -5.5297834E-02  1.7641367E-02  5.0251730E-03 -2.3085371E-03  9.9285943E-04 -2.4178844E-04  5.8917337E-06 -2.2343167E-06
  1.0097971E-03  8.3586644E-01 -2.8170981E-01  1.2378346E-01 -5.5664729E-02  1.7758413E-02  5.0918611E-03 -2.3391727E-03  1.0060352E-03 -2.4499710E-04  6.0141575E-06 -2.2807437E-06
  1.0174303E-03  8.4142608E-01 -2.8357746E-01  1.2460372E-01 -5.6033559E-02  1.7876077E-02  5.1593832E-03 -2.3701914E-03  1.0193757E-03 -2.4824588E-04  6.1390365E-06 -2.3281017E-06
  1.0251145E-03  8.4701537E-01 -2.8545496E-01  1.2542830E-01 -5.6404333E-02  1.7994361E-02  5.2277496E-03 -2.4015980E-03  1.0328830E-03 -2.5153528E-04  6.2664190E-06 -2.3764091E-06
  1.0328499E-03  8.5263445E-01 -2.8734237E-01  1.2625723E-01 -5.6777059E-02  1.8113268E-02  5.2969705E-03 -2.4333970E-03  1.0465592E-03 -2.5486580E-04  6.3963541E-06 -2.4256846E-06
  1.0406371E-03  8.5828345E-01 -2.8923973E-01  1.2709051E-01 -5.7151744E-02  1.8232799E-02  5.3670565E-03 -2.4655934E-03  1.0604062E-03 -2.5823793E-04  6.5288919E-06 -2.4759471E-06
  1.0484763E-03  8.6396248E-01 -2.9114706E-01  1.2792817E-01 -5.7528398E-02  1.8352959E-02  5.4380181E-03 -2.4981921E-03  1.0744262E-03 -2.6165218E-04  6.6640836E-06 -2.5272161E-06
  1.0563678E-03  8.6967169E-01 -2.9306443E-01  1.2877023E-01 -5.7907028E-02  1.8473749E-02  5.5098659E-03 -2.5311978E-03  1.0886213E-03 -2.6510907E-04  6.8019813E-06 -2.5795112E-06
  1.0643120E-03  8.7541119E-01 -2.9499186E-01  1.2961670E-01 -5.8287642E-02  1.8595172E-02  5.5826109E-03 -2.5646155E-03  1.1029936E-03 -2.6860911E-04  6.9426381E-06 -2.6328527E-06
  1.0723093E-03  8.8118113E-01 -2.9692939E-01  1.3046761E-01 -5.8670248E-02  1.8717231E-02  5.6562639E-03 -2.5984504E-03  1.1175453E-03 -2.7215284E-04  7.0861080E-06 -2.6872610E-06
  1.0803600E-03  8.8698162E-01 -2.9887708E-01  1.3132296E-01 -5.9054855E-02  1.8839927E-02  5.7308360E-03 -2.6327075E-03  1.1322785E-03 -2.7574079E-04  7.2324465E-06 -2.7427572E-06
  1.0884644E-03  8.9281281E-01 -3.0083496E-01  1.3218279E-01 -5.9441470E-02  1.8963265E-02  5.8063384E-03 -2.6673919E-03  1.1471956E-03 -2.7937350E-04  7.3817096E-06 -2.7993625E-06
  1.0966230E-03  8.9867482E-01 -3.0280307E-01  1.3304710E-01 -5.9830101E-02  1.9087245E-02  5.8827826E-03 -2.7025088E-03  1.1622986E-03 -2.8305150E-04  7.5339548E-06 -2.8570986E-06
  1.1048361E-03  9.0456777E-01 -3.0478145E-01  1.3391591E-01 -6.0220757E-02  1.9211872E-02  5.9601799E-03 -2.7380636E-03  1.1775900E-03 -2.8677537E-04  7.6892406E-06 -2.9159879E-06
  1.1131040E-03  9.1049181E-01 -3.0677015E-01  1.3478924E-01 -6.0613446E-02  1.9337146E-02  6.0385421E-03 -2.7740615E-03  1.1930720E-03 -2.9054564E-04  7.8476265E-06 -2.9760529E-06
  1.1214272E-03  9.1644705E-01 -3.0876920E-01  1.3566712E-01 -6.1008175E-02  1.9463072E-02  6.1178808E-03 -2.8105080E-03  1.2087468E-03 -2.9436290E-04  8.0091734E-06 -3.0373166E-06
  1.1298059E-03  9.2243363E-01 -3.1077865E-01  1.3654955E-01 -6.1404953E-02  1.9589651E-02  6.1982080E-03 -2.8474086E-03  1.2246170E-03 -2.9822771E-04  8.1739431E-06 -3.0998025E-06
  1.1382406E-03  9.2845168E-01 -3.1279853E-01  1.3743656E-01 -6.1803787E-02  1.9716887E-02  6.2795358E-03 -2.8847687E-03  1.2406848E-03 -3.0214065E-04  8.3419990E-06 -3.1635346E-06
  1.1467316E-03  9.3450134E-01 -3.1482890E-01  1.3832816E-01 -6.2204687E-02  1.9844781E-02  6.3618763E-03 -2.9225940E-03  1.2569526E-03 -3.0610231E-04  8.5134052E-06 -3.2285373E-06
  1.1552793E-03  9.4058272E-01 -3.1686978E-01  1.3922437E-01 -6.2607659E-02  1.9973336E-02  6.4452419E-03 -2.9608902E-03  1.2734230E-03 -3.1011329E-04  8.6882276E-06 -3.2948355E-06
  1.1638841E-03  9.4669596E-01 -3.1892123E-01  1.4012522E-01 -6.3012711E-02  2.0102555E-02  6.5296451E-03 -2.9996629E-03  1.2900983E-03 -3.1417418E-04  8.8665329E-06 -3.3624545E-06
  1.1725464E-03  9.5284119E-01 -3.2098328E-01  1.4103071E-01 -6.3419853E-02  2.0232440E-02  6.6150985E-03 -3.0389180E-03  1.3069810E-03 -3.1828559E-04  9.0483895E-06 -3.4314203E-06
  1.1812666E-03  9.5901854E-01 -3.2305597E-01  1.4194086E-01 -6.3829091E-02  2.0362994E-02  6.7016149E-03 -3.0786614E-03  1.3240738E-03 -3.2244813E-04  9.2338667E-06 -3.5017591E-06
  1.1900449E-03  9.6522814E-01 -3.2513935E-01  1.4285570E-01 -6.4240434E-02  2.0494219E-02  6.7892073E-03 -3.1188989E-03  1.3413791E-03 -3.2666244E-04  9.4230356E-06 -3.5734980E-06
  1.1988819E-03  9.7147013E-01 -3.2723345E-01  1.4377523E-01 -6.4653889E-02  2.0626119E-02  6.8778888E-03 -3.1596368E-03  1.3588995E-03 -3.3092913E-04  9.6159683E-06 -3.6466642E-06
  1.2077780E-03  9.7774462E-01 -3.2933831E-01  1.4469949E-01 -6.5069465E-02  2.0758695E-02  6.9676726E-03 -3.2008809E-03  1.3766376E-03 -3.3524886E-04  9.8127385E-06 -3.7212857E-06
  1.2167334E-03  9.8405175E-01 -3.3145398E-01  1.4562848E-01 -6.5487170E-02  2.0891950E-02  7.0585722E-03 -3.2426375E-03  1.3945962E-03 -3.3962225E-04  1.0013421E-05 -3.7973910E-06
  1.2257487E-03  9.9039166E-01 -3.3358050E-01  1.4656223E-01 -6.5907011E-02  2.1025886E-02  7.1506011E-03 -3.2849128E-03  1.4127779E-03 -3.4404998E-04  1.0218093E-05 -3.8750092E-06
  1.2348241E-03  9.9676446E-01 -3.3571791E-01  1.4750074E-01 -6.6328997E-02  2.1160506E-02  7.2437731E-03 -3.3277131E-03  1.4311853E-03 -3.4853269E-04  1.0426832E-05 -3.9541697E-06
  1.2439602E-03  1.0031703E+00 -3.3786624E-01  1.4844405E-01 -6.6753135E-02  2.1295813E-02  7.3381021E-03 -3.3710449E-03  1.4498213E-03 -3.5307105E-04  1.0639718E-05 -4.0349028E-06
  1.2531573E-03  1.0096093E+00 -3.4002554E-01  1.4939216E-01 -6.7179433E-02  2.1431809E-02  7.4336023E-03 -3.4149145E-03  1.4686886E-03 -3.5766575E-04  1.0856832E-05 -4.1172392E-06
  1.2624158E-03  1.0160816E+00 -3.4219585E-01  1.5034509E-01 -6.7607899E-02  2.1568497E-02  7.5302877E-03 -3.4593286E-03  1.4877900E-03 -3.6231747E-04  1.1078256E-05 -4.2012103E-06
  1.2717361E-03  1.0225873E+00 -3.4437721E-01  1.5130287E-01 -6.8038540E-02  2.1705879E-02  7.6281729E-03 -3.5042936E-03  1.5071285E-03 -3.6702690E-04  1.1304075E-05 -4.2868480E-06
  1.2811187E-03  1.0291265E+00 -3.4656966E-01  1.5226550E-01 -6.8471366E-02  2.1843957E-02  7.7272725E-03 -3.5498165E-03  1.5267068E-03 -3.7179474E-04  1.1534374E-05 -4.3741849E-06
  1.2905640E-03  1.0356995E+00 -3.4877324E-01  1.5323302E-01 -6.8906383E-02  2.1982734E-02  7.8276011E-03 -3.5959038E-03  1.5465278E-03 -3.7662170E-04  1.1769242E-05 -4.4632542E-06
  1.3000723E-03  1.0423062E+00 -3.5098798E-01  1.5420542E-01 -6.9343599E-02  2.2122213E-02  7.9291739E-03 -3.6425626E-03  1.5665946E-03 -3.8150851E-04  1.2008767E-05 -4.5540897E-06
  1.3096441E-03  1.0489469E+00 -3.5321394E-01  1.5518273E-01 -6.9783022E-02  2.2262396E-02  8.0320058E-03 -3.6897996E-03  1.5869102E-03 -3.8645589E-04  1.2253040E-05 -4.6467260E-06
  1.3192799E-03  1.0556216E+00 -3.5545114E-01  1.5616498E-01 -7.0224660E-02  2.2403286E-02  8.1361121E-03 -3.7376220E-03  1.6074774E-03 -3.9146456E-04  1.2502155E-05 -4.7411981E-06
  1.3289800E-03  1.0623305E+00 -3.5769963E-01  1.5715216E-01 -7.0668520E-02  2.2544884E-02  8.2415085E-03 -3.7860369E-03  1.6282995E-03 -3.9653529E-04  1.2756205E-05 -4.8375421E-06
  1.3387449E-03  1.0690738E+00 -3.5995945E-01  1.5814431E-01 -7.1114611E-02  2.2687194E-02  8.3482105E-03 -3.8350514E-03  1.6493794E-03 -4.0166882E-04  1.3015288E-05 -4.9357944E-06
  1.3485750E-03  1.0758515E+00 -3.6223064E-01  1.5914144E-01 -7.1562939E-02  2.2830217E-02  8.4562340E-03 -3.8846728E-03  1.6707203E-03 -4.0686592E-04  1.3279500E-05 -5.0359922E-06
  1.3584708E-03  1.0826638E+00 -3.6451323E-01  1.6014357E-01 -7.2013512E-02  2.2973957E-02  8.5655950E-03 -3.9349086E-03  1.6923255E-03 -4.1212735E-04  1.3548943E-05 -5.1381736E-06
  1.3684327E-03  1.0895108E+00 -3.6680727E-01  1.6115071E-01 -7.2466339E-02  2.3118415E-02  8.6763099E-03 -3.9857661E-03  1.7141980E-03 -4.1745390E-04  1.3823719E-05 -5.2423772E-06
  1.3784611E-03  1.0963926E+00 -3.6911280E-01  1.6216288E-01 -7.2921425E-02  2.3263595E-02  8.7883949E-03 -4.0372529E-03  1.7363412E-03 -4.2284635E-04  1.4103931E-05 -5.3486426E-06
  1.3885564E-03  1.1033094E+00 -3.7142984E-01  1.6318009E-01 -7.3378780E-02  2.3409498E-02  8.9018668E-03 -4.0893767E-03  1.7587583E-03 -4.2830551E-04  1.4389686E-05 -5.4570100E-06
  1.3987192E-03  1.1102612E+00 -3.7375845E-01  1.6420237E-01 -7.3838411E-02  2.3556126E-02  9.0167425E-03 -4.1421451E-03  1.7814526E-03 -4.3383219E-04  1.4681092E-05 -5.5675202E-06
  1.4089499E-03  1.1172483E+00 -3.7609866E-01  1.6522973E-01 -7.4300324E-02  2.3703483E-02  9.1330388E-03 -4.1955660E-03  1.8044276E-03 -4.3942720E-04  1.4978258E-05 -5.6802153E-06
  1.4192489E-03  1.1242707E+00 -3.7845051E-01  1.6626219E-01 -7.4764528E-02  2.3851571E-02  9.2507731E-03 -4.2496473E-03  1.8276865E-03 -4.4509138E-04  1.5281298E-05 -5.7951377E-06
  1.4296167E-03  1.1313286E+00 -3.8081403E-01  1.6729976E-01 -7.5231030E-02  2.4000392E-02  9.3699627E-03 -4.3043970E-03  1.8512329E-03 -4.5082556E-04  1.5590326E-05 -5.9123309E-06
  1.4400537E-03  1.1384221E+00 -3.8318927E-01  1.6834246E-01 -7.5699837E-02  2.4149948E-02  9.4906254E-03 -4.3598231E-03  1.8750702E-03 -4.5663058E-04  1.5905459E-05 -6.0318392E-06
  1.4505604E-03  1.1455513E+00 -3.8557627E-01  1.6939030E-01 -7.6170956E-02  2.4300241E-02  9.6127790E-03 -4.4159340E-03  1.8992020E-03 -4.6250732E-04  1.6226815E-05 -6.1537077E-06
  1.4611373E-03  1.1527164E+00 -3.8797505E-01  1.7044331E-01 -7.6644396E-02  2.4451275E-02  9.7364416E-03 -4.4727379E-03  1.9236318E-03 -4.6845663E-04  1.6554516E-05 -6.2779824E-06
  1.4717848E-03  1.1599174E+00 -3.9038566E-01  1.7150149E-01 -7.7120162E-02  2.4603051E-02  9.8616314E-03 -4.5302431E-03  1.9483633E-03 -4.7447939E-04  1.6888686E-05 -6.4047102E-06
  1.4825035E-03  1.1671545E+00 -3.9280814E-01  1.7256487E-01 -7.7598262E-02  2.4755571E-02  9.9883670E-03 -4.5884583E-03  1.9734000E-03 -4.8057650E-04  1.7229451E-05 -6.5339389E-06
  1.4932937E-03  1.1744279E+00 -3.9524252E-01  1.7363347E-01 -7.8078704E-02  2.4908839E-02  1.0116667E-02 -4.6473919E-03  1.9987457E-03 -4.8674885E-04  1.7576938E-05 -6.6657172E-06
  1.5041560E-03  1.1817376E+00 -3.9768884E-01  1.7470728E-01 -7.8561495E-02  2.5062855E-02  1.0246550E-02 -4.7070526E-03  2.0244041E-03 -4.9299736E-04  1.7931280E-05 -6.8000948E-06
  1.5150908E-03  1.1890837E+00 -4.0014713E-01  1.7578634E-01 -7.9046641E-02  2.5217623E-02  1.0378036E-02 -4.7674493E-03  2.0503790E-03 -4.9932295E-04  1.8292609E-05 -6.9371223E-06
  1.5260987E-03  1.1964665E+00 -4.0261744E-01  1.7687066E-01 -7.9534150E-02  2.5373145E-02  1.0511145E-02 -4.8285909E-03  2.0766743E-03 -5.0572655E-04  1.8661062E-05 -7.0768513E-06
  1.5371801E-03  1.2038859E+00 -4.0509980E-01  1.7796025E-01 -8.0024028E-02  2.5529422E-02  1.0645894E-02 -4.8904864E-03  2.1032938E-03 -5.1220909E-04  1.9036778E-05 -7.2193344E-06
  1.5483355E-03  1.2113422E+00 -4.0759424E-01  1.7905513E-01 -8.0516283E-02  2.5686458E-02  1.0782305E-02 -4.9531448E-03  2.1302414E-03 -5.1877155E-04  1.9419897E-05 -7.3646253E-06
  1.5595654E-03  1.2188354E+00 -4.1010080E-01  1.8015532E-01 -8.1010921E-02  2.5844253E-02  1.0920398E-02 -5.0165755E-03  2.1575210E-03 -5.2541487E-04  1.9810564E-05 -7.5127786E-06
  1.5708703E-03  1.2263657E+00 -4.1261952E-01  1.8126082E-01 -8.1507950E-02  2.6002812E-02  1.1060193E-02 -5.0807877E-03  2.1851368E-03 -5.3214005E-04  2.0208926E-05 -7.6638499E-06
  1.5822507E-03  1.2339333E+00 -4.1515042E-01  1.8237166E-01 -8.2007375E-02  2.6162134E-02  1.1201710E-02 -5.1457909E-03  2.2130928E-03 -5.3894806E-04  2.0615132E-05 -7.8178962E-06
  1.5937071E-03  1.2415381E+00 -4.1769356E-01  1.8348785E-01 -8.2509205E-02  2.6322224E-02  1.1344970E-02 -5.2115947E-03  2.2413930E-03 -5.4583992E-04  2.1029336E-05 -7.9749753E-06
  1.6052400E-03  1.2491803E+00 -4.2024895E-01  1.8460941E-01 -8.3013445E-02  2.6483082E-02  1.1489995E-02 -5.2782087E-03  2.2700417E-03 -5.5281662E-04  2.1451693E-05 -8.1351461E-06
  1.6168500E-03  1.2568602E+00 -4.2281664E-01  1.8573634E-01 -8.3520101E-02  2.6644712E-02  1.1636805E-02 -5.3456426E-03  2.2990430E-03 -5.5987921E-04  2.1882360E-05 -8.2984688E-06
  1.6285374E-03  1.2645777E+00 -4.2539666E-01  1.8686867E-01 -8.4029182E-02  2.6807114E-02  1.1785423E-02 -5.4139065E-03  2.3284012E-03 -5.6702870E-04  2.2321501E-05 -8.4650048E-06
  1.6403030E-03  1.2723329E+00 -4.2798904E-01  1.8800640E-01 -8.4540692E-02  2.6970292E-02  1.1935870E-02 -5.4830102E-03  2.3581206E-03 -5.7426616E-04  2.2769280E-05 -8.6348165E-06
  1.6521471E-03  1.2801261E+00 -4.3059382E-01  1.8914956E-01 -8.5054639E-02  2.7134246E-02  1.2088168E-02 -5.5529640E-03  2.3882055E-03 -5.8159263E-04  2.3225865E-05 -8.8079676E-06
  1.6640703E-03  1.2879573E+00 -4.3321103E-01  1.9029816E-01 -8.5571029E-02  2.7298980E-02  1.2242339E-02 -5.6237781E-03  2.4186604E-03 -5.8900921E-04  2.3691426E-05 -8.9845230E-06
  1.6760732E-03  1.2958267E+00 -4.3584070E-01  1.9145220E-01 -8.6089867E-02  2.7464495E-02  1.2398407E-02 -5.6954629E-03  2.4494898E-03 -5.9651696E-04  2.4166139E-05 -9.1645490E-06
  1.6881562E-03  1.3037343E+00 -4.3848287E-01  1.9261172E-01 -8.6611162E-02  2.7630794E-02  1.2556393E-02 -5.7680288E-03  2.4806980E-03 -6.0411700E-04  2.4650181E-05 -9.3481128E-06
  1.7003199E-03  1.3116803E+00 -4.4113756E-01  1.9377671E-01 -8.7134917E-02  2.7797877E-02  1.2716322E-02 -5.8414865E-03  2.5122898E-03 -6.1181043E-04  2.5143734E-05 -9.5352834E-06
  1.7125648E-03  1.3196648E+00 -4.4380482E-01  1.9494719E-01 -8.7661141E-02  2.7965748E-02  1.2878216E-02 -5.9158467E-03  2.5442697E-03 -6.1959837E-04  2.5646983E-05 -9.7261308E-06
  1.7248916E-03  1.3276878E+00 -4.4648466E-01  1.9612318E-01 -8.8189838E-02  2.8134407E-02  1.3042099E-02 -5.9911204E-03  2.5766424E-03 -6.2748197E-04  2.6160115E-05 -9.9207264E-06
  1.7373006E-03  1.3357496E+00 -4.4917713E-01  1.9730469E-01 -8.8721014E-02  2.8303858E-02  1.3207995E-02 -6.0673184E-03  2.6094127E-03 -6.3546238E-04  2.6683323E-05 -1.0119143E-05
  1.7497925E-03  1.3438502E+00 -4.5188225E-01  1.9849173E-01 -8.9254676E-02  2.8474101E-02  1.3375929E-02 -6.1444519E-03  2.6425852E-03 -6.4354076E-04  2.7216803E-05 -1.0321455E-05
  1.7623679E-03  1.3519897E+00 -4.5460006E-01  1.9968432E-01 -8.9790830E-02  2.8645139E-02  1.3545925E-02 -6.2225322E-03  2.6761649E-03 -6.5171830E-04  2.7760753E-05 -1.0527738E-05
  1.7750272E-03  1.3601683E+00 -4.5733058E-01  2.0088247E-01 -9.0329480E-02  2.8816974E-02  1.3718008E-02 -6.3015707E-03  2.7101566E-03 -6.5999617E-04  2.8315378E-05 -1.0738069E-05
  1.7877711E-03  1.3683860E+00 -4.6007384E-01  2.0208618E-01 -9.0870633E-02  2.8989606E-02  1.3892202E-02 -6.3815788E-03  2.7445654E-03 -6.6837560E-04  2.8880885E-05 -1.0952526E-05
  1.8006001E-03  1.3766430E+00 -4.6282988E-01  2.0329548E-01 -9.1414294E-02  2.9163039E-02  1.4068534E-02 -6.4625683E-03  2.7793962E-03 -6.7685780E-04  2.9457484E-05 -1.1171190E-05
  1.8135148E-03  1.3849394E+00 -4.6559872E-01  2.0451038E-01 -9.1960469E-02  2.9337274E-02  1.4247029E-02 -6.5445510E-03  2.8146540E-03 -6.8544400E-04  3.0045391E-05 -1.1394142E-05
  1.8265158E-03  1.3932752E+00 -4.6838039E-01  2.0573088E-01 -9.2509163E-02  2.9512312E-02  1.4427713E-02 -6.6275387E-03  2.8503441E-03 -6.9413546E-04  3.0644826E-05 -1.1621466E-05
  1.8396035E-03  1.4016506E+00 -4.7117492E-01  2.0695701E-01 -9.3060382E-02  2.9688155E-02  1.4610612E-02 -6.7115435E-03  2.8864716E-03 -7.0293344E-04  3.1256012E-05 -1.1853247E-05
  1.8527787E-03  1.4100657E+00 -4.7398234E-01  2.0818876E-01 -9.3614130E-02  2.9864805E-02  1.4795754E-02 -6.7965778E-03  2.9230417E-03 -7.1183922E-04  3.1879178E-05 -1.2089570E-05
  1.8660419E-03  1.4185206E+00 -4.7680267E-01  2.0942616E-01 -9.4170413E-02  3.0042263E-02  1.4983164E-02 -6.8826537E-03  2.9600598E-03 -7.2085409E-04  3.2514555E-05 -1.2330524E-05
  1.8793936E-03  1.4270154E+00 -4.7963594E-01  2.1066921E-01 -9.4729235E-02  3.0220532E-02  1.5172870E-02 -6.9697838E-03  2.9975313E-03 -7.2997936E-04  3.3162380E-05 -1.2576199E-05
  1.8928345E-03  1.4355501E+00 -4.8248218E-01  2.1191793E-01 -9.5290602E-02  3.0399612E-02  1.5364900E-02 -7.0579809E-03  3.0354615E-03 -7.3921636E-04  3.3822895E-05 -1.2826686E-05
  1.9063652E-03  1.4441250E+00 -4.8534141E-01  2.1317232E-01 -9.5854519E-02  3.0579506E-02  1.5559281E-02 -7.1472575E-03  3.0738561E-03 -7.4856642E-04  3.4496347E-05 -1.3082079E-05
  1.9199863E-03  1.4527400E+00 -4.8821366E-01  2.1443240E-01 -9.6420990E-02  3.0760214E-02  1.5756043E-02 -7.2376268E-03  3.1127204E-03 -7.5803090E-04  3.5182984E-05 -1.3342473E-05
  1.9336983E-03  1.4613954E+00 -4.9109895E-01  2.1569818E-01 -9.6990020E-02  3.0941738E-02  1.5955212E-02 -7.3291018E-03  3.1520603E-03 -7.6761117E-04  3.5883065E-05 -1.3607964E-05
  1.9475019E-03  1.4700911E+00 -4.9399732E-01  2.1696967E-01 -9.7561613E-02  3.1124080E-02  1.6156819E-02 -7.4216956E-03  3.1918814E-03 -7.7730862E-04  3.6596848E-05 -1.3878652E-05
  1.9613977E-03  1.4788273E+00 -4.9690877E-01  2.1824687E-01 -9.8135775E-02  3.1307241E-02  1.6360893E-02 -7.5154219E-03  3.2321893E-03 -7.8712465E-04  3.7324600E-05 -1.4154637E-05
  1.9753863E-03  1.4876041E+00 -4.9983334E-01  2.1952980E-01 -9.8712508E-02  3.1491223E-02  1.6567462E-02 -7.6102940E-03  3.2729901E-03 -7.9706068E-04  3.8066591E-05 -1.4436022E-05
  1.9894683E-03  1.4964216E+00 -5.0277105E-01  2.2081847E-01 -9.9291818E-02  3.1676026E-02  1.6776557E-02 -7.7063257E-03  3.3142895E-03 -8.0711815E-04  3.8823096E-05 -1.4722911E-05
  2.0036444E-03  1.5052799E+00 -5.0572192E-01  2.2211288E-01 -9.9873709E-02  3.1861653E-02  1.6988209E-02 -7.8035310E-03  3.3560935E-03 -8.1729850E-04  3.9594399E-05 -1.5015412E-05
  2.0179151E-03  1.5141790E+00 -5.0868597E-01  2.2341305E-01 -1.0045818E-01  3.2048103E-02  1.7202447E-02 -7.9019237E-03  3.3984082E-03 -8.2760321E-04  4.0380783E-05 -1.5313632E-05
  2.0322811E-03  1.5231190E+00 -5.1166322E-01  2.2471898E-01 -1.0104525E-01  3.2235380E-02  1.7419302E-02 -8.0015181E-03  3.4412397E-03 -8.3803377E-04  4.1182543E-05 -1.5617682E-05
  2.0467431E-03  1.5321001E+00 -5.1465370E-01  2.2603068E-01 -1.0163490E-01  3.2423483E-02  1.7638807E-02 -8.1023286E-03  3.4845941E-03 -8.4859167E-04  4.1999975E-05 -1.5927677E-05
  2.0613017E-03  1.5411223E+00 -5.1765743E-01  2.2734816E-01 -1.0222716E-01  3.2612414E-02  1.7860993E-02 -8.2043697E-03  3.5284777E-03 -8.5927844E-04  4.2833384E-05 -1.6243729E-05
  2.0759576E-03  1.5501858E+00 -5.2067442E-01  2.2867144E-01 -1.0282201E-01  3.2802174E-02  1.8085891E-02 -8.3076561E-03  3.5728968E-03 -8.7009562E-04  4.3683077E-05 -1.6565958E-05
  2.0907112E-03  1.5592905E+00 -5.2370469E-01  2.3000051E-01 -1.0341946E-01  3.2992764E-02  1.8313534E-02 -8.4122026E-03  3.6178577E-03 -8.8104476E-04  4.4549371E-05 -1.6894481E-05
  2.1055635E-03  1.5684367E+00 -5.2674826E-01  2.3133538E-01 -1.0401952E-01  3.3184186E-02  1.8543955E-02 -8.5180243E-03  3.6633671E-03 -8.9212744E-04  4.5432587E-05 -1.7229422E-05
  2.1205149E-03  1.5776242E+00 -5.2980516E-01  2.3267606E-01 -1.0462219E-01  3.3376439E-02  1.8777187E-02 -8.6251364E-03  3.7094313E-03 -9.0334524E-04  4.6333052E-05 -1.7570904E-05
  2.1355662E-03  1.5868534E+00 -5.3287538E-01  2.3402256E-01 -1.0522747E-01  3.3569526E-02  1.9013264E-02 -8.7335543E-03  3.7560571E-03 -9.1469979E-04  4.7251100E-05 -1.7919054E-05
  2.1507180E-03  1.5961242E+00 -5.3595896E-01  2.3537488E-01 -1.0583537E-01  3.3763447E-02  1.9252219E-02 -8.8432936E-03  3.8032510E-03 -9.2619271E-04  4.8187070E-05 -1.8274000E-05
  2.1659710E-03  1.6054366E+00 -5.3905591E-01  2.3673304E-01 -1.0644588E-01  3.3958203E-02  1.9494088E-02 -8.9543699E-03  3.8510199E-03 -9.3782564E-04  4.9141311E-05 -1.8635875E-05
  2.1813259E-03  1.6147909E+00 -5.4216625E-01  2.3809703E-01 -1.0705902E-01  3.4153795E-02  1.9738904E-02 -9.0667992E-03  3.8993706E-03 -9.4960026E-04  5.0114174E-05 -1.9004813E-05
  2.1967833E-03  1.6241870E+00 -5.4528998E-01  2.3946686E-01 -1.0767478E-01  3.4350223E-02  1.9986702E-02 -9.1805976E-03  3.9483101E-03 -9.6151825E-04  5.1106021E-05 -1.9380948E-05
  2.2123439E-03  1.6336251E+00 -5.4842712E-01  2.4084254E-01 -1.0829316E-01  3.4547488E-02  2.0237519E-02 -9.2957815E-03  3.9978453E-03 -9.7358131E-04  5.2117217E-05 -1.9764422E-05
  2.2280085E-03  1.6431051E+00 -5.5157768E-01  2.4222407E-01 -1.0891417E-01  3.4745592E-02  2.0491390E-02 -9.4123672E-03  4.0479833E-03 -9.8579117E-04  5.3148137E-05 -2.0155376E-05
  2.2437777E-03  1.6526272E+00 -5.5474168E-01  2.4361146E-01 -1.0953781E-01  3.4944534E-02  2.0748351E-02 -9.5303714E-03  4.0987313E-03 -9.9814958E-04  5.4199163E-05 -2.0553954E-05
  2.2596522E-03  1.6621915E+00 -5.5791913E-01  2.4500471E-01 -1.1016408E-01  3.5144315E-02  2.1008440E-02 -9.6498111E-03  4.1500965E-03 -1.0106583E-03  5.5270682E-05 -2.0960303E-05
  2.2756327E-03  1.6717980E+00 -5.6111004E-01  2.4640382E-01 -1.1079299E-01  3.5344936E-02  2.1271693E-02 -9.7707031E-03  4.2020863E-03 -1.0233191E-03  5.6363091E-05 -2.1374575E-05
  2.2917200E-03  1.6814467E+00 -5.6431442E-01  2.4780880E-01 -1.1142452E-01  3.5546397E-02  2.1538148E-02 -9.8930649E-03  4.2547081E-03 -1.0361338E-03  5.7476794E-05 -2.1796921E-05
  2.3079147E-03  1.6911378E+00 -5.6753228E-01  2.4921966E-01 -1.1205870E-01  3.5748699E-02  2.1807844E-02 -1.0016914E-02  4.3079694E-03 -1.0491043E-03  5.8612201E-05 -2.2227498E-05
  2.3242175E-03  1.7008713E+00 -5.7076362E-01  2.5063639E-01 -1.1269551E-01  3.5951842E-02  2.2080818E-02 -1.0142268E-02  4.3618777E-03 -1.0622323E-03  5.9769731E-05 -2.2666465E-05
  2.3406293E-03  1.7106473E+00 -5.7400845E-01  2.5205899E-01 -1.1333496E-01  3.6155827E-02  2.2357110E-02 -1.0269144E-02  4.4164408E-03 -1.0755197E-03  6.0949812E-05 -2.3113983E-05
  2.3571506E-03  1.7204657E+00 -5.7726679E-01  2.5348748E-01 -1.1397705E-01  3.6360653E-02  2.2636758E-02 -1.0397561E-02  4.4716663E-03 -1.0889685E-03  6.2152880E-05 -2.3570219E-05
  2.3737823E-03  1.7303268E+00 -5.8053864E-01  2.5492185E-01 -1.1462178E-01  3.6566321E-02  2.2919803E-02 -1.0527537E-02  4.5275622E-03 -1.1025806E-03  6.3379378E-05 -2.4035339E-05
  2.3905251E-03  1.7402304E+00 -5.8382399E-01  2.5636210E-01 -1.1526915E-01  3.6772831E-02  2.3206285E-02 -1.0659090E-02  4.5841363E-03 -1.1163578E-03  6.4629758E-05 -2.4509516E-05
  2.4073796E-03  1.7501768E+00 -5.8712286E-01  2.5780823E-01 -1.1591916E-01  3.6980184E-02  2.3496245E-02 -1.0792239E-02  4.6413968E-03 -1.1303021E-03  6.5904481E-05 -2.4992924E-05
  2.4243468E-03  1.7601659E+00 -5.9043525E-01  2.5926025E-01 -1.1657181E-01  3.7188378E-02  2.3789724E-02 -1.0927003E-02  4.6993516E-03 -1.1444155E-03  6.7204016E-05 -2.5485742E-05
  2.4414273E-03  1.7701977E+00 -5.9376117E-01  2.6071815E-01 -1.1722711E-01  3.7397415E-02  2.4086763E-02 -1.1063402E-02  4.7580091E-03 -1.1587000E-03  6.8528843E-05 -2.5988151E-05
  2.4586218E-03  1.7802724E+00 -5.9710060E-01  2.6218194E-01 -1.1788504E-01  3.7607295E-02  2.4387406E-02 -1.1201453E-02  4.8173775E-03 -1.1731577E-03  6.9879449E-05 -2.6500335E-05
  2.4759312E-03  1.7903900E+00 -6.0045357E-01  2.6365161E-01 -1.1854562E-01  3.7818016E-02  2.4691693E-02 -1.1341177E-02  4.8774652E-03 -1.1877905E-03  7.1256332E-05 -2.7022485E-05
  2.4933562E-03  1.8005504E+00 -6.0382005E-01  2.6512717E-01 -1.1920883E-01  3.8029579E-02  2.4999669E-02 -1.1482594E-02  4.9382807E-03 -1.2026006E-03  7.2659998E-05 -2.7554790E-05
  2.5108975E-03  1.8107539E+00 -6.0720006E-01  2.6660860E-01 -1.1987469E-01  3.8241984E-02  2.5311376E-02 -1.1625724E-02  4.9998326E-03 -1.2175900E-03  7.4090963E-05 -2.8097448E-05
  2.5285560E-03  1.8210003E+00 -6.1059359E-01  2.6809592E-01 -1.2054318E-01  3.8455231E-02  2.5626860E-02 -1.1770586E-02  5.0621296E-03 -1.2327608E-03  7.5549753E-05 -2.8650658E-05
  2.5463325E-03  1.8312897E+00 -6.1400064E-01  2.6958911E-01 -1.2121431E-01  3.8669318E-02  2.5946164E-02 -1.1917202E-02  5.1251804E-03 -1.2481152E-03  7.7036906E-05 -2.9214623E-05
  2.5642276E-03  1.8416222E+00 -6.1742120E-01  2.7108817E-01 -1.2188807E-01  3.8884246E-02  2.6269334E-02 -1.2065591E-02  5.1889940E-03 -1.2636553E-03  7.8552967E-05 -2.9789551E-05
  2.5822423E-03  1.8519978E+00 -6.2085527E-01  2.7259311E-01 -1.2256447E-01  3.9100015E-02  2.6596416E-02 -1.2215775E-02  5.2535793E-03 -1.2793834E-03  8.0098493E-05 -3.0375652E-05
  2.6003773E-03  1.8624165E+00 -6.2430284E-01  2.7410392E-01 -1.2324351E-01  3.9316622E-02  2.6927455E-02 -1.2367775E-02  5.3189454E-03 -1.2953016E-03  8.1674052E-05 -3.0973143E-05
  2.6186334E-03  1.8728783E+00 -6.2776391E-01  2.7562058E-01 -1.2392517E-01  3.9534069E-02  2.7262497E-02 -1.2521612E-02  5.3851014E-03 -1.3114122E-03  8.3280223E-05 -3.1582241E-05
  2.6370114E-03  1.8833834E+00 -6.3123846E-01  2.7714311E-01 -1.2460946E-01  3.9752354E-02  2.7601591E-02 -1.2677308E-02  5.4520568E-03 -1.3277174E-03  8.4917594E-05 -3.2203172E-05
  2.6555122E-03  1.8939316E+00 -6.3472649E-01  2.7867149E-01 -1.2529638E-01  3.9971476E-02  2.7944784E-02 -1.2834885E-02  5.5198207E-03 -1.3442196E-03  8.6586767E-05 -3.2836162E-05
  2.6741365E-03  1.9045230E+00 -6.3822799E-01  2.8020572E-01 -1.2598592E-01  4.0191435E-02  2.8292124E-02 -1.2994364E-02  5.5884029E-03 -1.3609210E-03  8.8288354E-05 -3.3481444E-05
  2.6928853E-03  1.9151576E+00 -6.4174294E-01  2.8174579E-01 -1.2667808E-01  4.0412229E-02  2.8643659E-02 -1.3155769E-02  5.6578127E-03 -1.3778239E-03  9.0022979E-05 -3.4139254E-05
  2.7117592E-03  1.9258355E+00 -6.4527133E-01  2.8329169E-01 -1.2737286E-01  4.0633858E-02  2.8999440E-02 -1.3319121E-02  5.7280600E-03 -1.3949308E-03  9.1791277E-05 -3.4809833E-05
  2.7307592E-03  1.9365566E+00 -6.4881316E-01  2.8484342E-01 -1.2807025E-01  4.0856321E-02  2.9359516E-02 -1.3484443E-02  5.7991546E-03 -1.4122440E-03  9.3593897E-05 -3.5493428E-05
  2.7498861E-03  1.9473210E+00 -6.5236840E-01  2.8640097E-01 -1.2877026E-01  4.1079616E-02  2.9723937E-02 -1.3651760E-02  5.8711064E-03 -1.4297660E-03  9.5431498E-05 -3.6190288E-05
  2.7691407E-03  1.9581286E+00 -6.5593703E-01  2.8796434E-01 -1.2947287E-01  4.1303742E-02  3.0092754E-02 -1.3821093E-02  5.9439254E-03 -1.4474991E-03  9.7304753E-05 -3.6900668E-05
  2.7885239E-03  1.9689796E+00 -6.5951905E-01  2.8953350E-01 -1.3017808E-01  4.1528699E-02  3.0466019E-02 -1.3992467E-02  6.0176218E-03 -1.4654459E-03  9.9214349E-05 -3.7624830E-05
  2.8080366E-03  1.9798737E+00 -6.6311443E-01  2.9110846E-01 -1.3088589E-01  4.1754483E-02  3.0843785E-02 -1.4165905E-02  6.0922059E-03 -1.4836089E-03  1.0116098E-04 -3.8363036E-05
  2.8276796E-03  1.9908112E+00 -6.6672315E-01  2.9268921E-01 -1.3159629E-01  4.1981095E-02  3.1226103E-02 -1.4341432E-02  6.1676879E-03 -1.5019905E-03  1.0314537E-04 -3.9115558E-05
  2.8474538E-03  2.0017919E+00 -6.7034519E-01  2.9427572E-01 -1.3230929E-01  4.2208533E-02  3.1613026E-02 -1.4519071E-02  6.2440785E-03 -1.5205934E-03  1.0516823E-04 -3.9882671E-05
  2.8673600E-03  2.0128159E+00 -6.7398053E-01  2.9586800E-01 -1.3302487E-01  4.2436794E-02  3.2004610E-02 -1.4698849E-02  6.3213881E-03 -1.5394201E-03  1.0723031E-04 -4.0664655E-05
  2.8873992E-03  2.0238831E+00 -6.7762914E-01  2.9746603E-01 -1.3374302E-01  4.2665877E-02  3.2400908E-02 -1.4880789E-02  6.3996276E-03 -1.5584733E-03  1.0933235E-04 -4.1461795E-05
  2.9075722E-03  2.0349935E+00 -6.8129101E-01  2.9906980E-01 -1.3446375E-01  4.2895781E-02  3.2801976E-02 -1.5064916E-02  6.4788077E-03 -1.5777554E-03  1.1147514E-04 -4.2274383E-05
  2.9278800E-03  2.0461471E+00 -6.8496609E-01  3.0067929E-01 -1.3518705E-01  4.3126503E-02  3.3207868E-02 -1.5251257E-02  6.5589395E-03 -1.5972694E-03  1.1365944E-04 -4.3102716E-05
  2.9483234E-03  2.0573440E+00 -6.8865438E-01  3.0229449E-01 -1.3591290E-01  4.3358042E-02  3.3618642E-02 -1.5439837E-02  6.6400340E-03 -1.6170178E-03  1.1588606E-04 -4.3947096E-05
  2.9689033E-03  2.0685840E+00 -6.9235583E-01  3.0391539E-01 -1.3664131E-01  4.3590395E-02  3.4034354E-02 -1.5630683E-02  6.7221024E-03 -1.6370033E-03  1.1815581E-04 -4.4807830E-05
  2.9896207E-03  2.0798671E+00 -6.9607041E-01  3.0554198E-01 -1.3737227E-01  4.3823561E-02  3.4455062E-02 -1.5823819E-02  6.8051560E-03 -1.6572287E-03  1.2046952E-04 -4.5685234E-05
  3.0104764E-03  2.0911933E+00 -6.9979811E-01  3.0717423E-01 -1.3810577E-01  4.4057536E-02  3.4880825E-02 -1.6019274E-02  6.8892064E-03 -1.6776969E-03  1.2282802E-04 -4.6579626E-05
  3.0314714E-03  2.1025627E+00 -7.0353887E-01  3.0881214E-01 -1.3884180E-01  4.4292320E-02  3.5311700E-02 -1.6217074E-02  6.9742649E-03 -1.6984106E-03  1.2523219E-04 -4.7491332E-05
  3.0526066E-03  2.1139750E+00 -7.0729267E-01  3.1045568E-01 -1.3958036E-01  4.4527908E-02  3.5747747E-02 -1.6417246E-02  7.0603435E-03 -1.7193727E-03  1.2768290E-04 -4.8420686E-05
  3.0738830E-03  2.1254304E+00 -7.1105947E-01  3.1210483E-01 -1.4032143E-01  4.4764299E-02  3.6189027E-02 -1.6619818E-02  7.1474538E-03 -1.7405860E-03  1.3018103E-04 -4.9368025E-05
  3.0953015E-03  2.1369287E+00 -7.1483924E-01  3.1375959E-01 -1.4106502E-01  4.5001491E-02  3.6635600E-02 -1.6824818E-02  7.2356079E-03 -1.7620535E-03  1.3272750E-04 -5.0333694E-05
  3.1168630E-03  2.1484699E+00 -7.1863193E-01  3.1541993E-01 -1.4181110E-01  4.5239479E-02  3.7087528E-02 -1.7032273E-02  7.3248178E-03 -1.7837781E-03  1.3532324E-04 -5.1318044E-05
  3.1385686E-03  2.1600540E+00 -7.2243750E-01  3.1708583E-01 -1.4255968E-01  4.5478262E-02  3.7544873E-02 -1.7242213E-02  7.4150958E-03 -1.8057628E-03  1.3796918E-04 -5.2321434E-05
  3.1604191E-03  2.1716809E+00 -7.2625591E-01  3.1875727E-01 -1.4331074E-01  4.5717837E-02  3.8007698E-02 -1.7454665E-02  7.5064542E-03 -1.8280106E-03  1.4066630E-04 -5.3344229E-05
  3.1824155E-03  2.1833506E+00 -7.3008712E-01  3.2043423E-01 -1.4406428E-01  4.5958201E-02  3.8476065E-02 -1.7669660E-02  7.5989055E-03 -1.8505246E-03  1.4341557E-04 -5.4386801E-05
  3.2045588E-03  2.1950629E+00 -7.3393109E-01  3.2211669E-01 -1.4482027E-01  4.6199349E-02  3.8950040E-02 -1.7887226E-02  7.6924623E-03 -1.8733077E-03  1.4621800E-04 -5.5449527E-05
  3.2268501E-03  2.2068179E+00 -7.3778775E-01  3.2380463E-01 -1.4557873E-01  4.6441280E-02  3.9429688E-02 -1.8107393E-02  7.7871374E-03 -1.8963632E-03  1.4907459E-04 -5.6532795E-05
  3.2492901E-03  2.2186155E+00 -7.4165708E-01  3.2549802E-01 -1.4633962E-01  4.6683990E-02  3.9915073E-02 -1.8330191E-02  7.8829437E-03 -1.9196942E-03  1.5198639E-04 -5.7636997E-05
  3.2718801E-03  2.2304555E+00 -7.4553901E-01  3.2719684E-01 -1.4710294E-01  4.6927475E-02  4.0406262E-02 -1.8555650E-02  7.9798942E-03 -1.9433037E-03  1.5495445E-04 -5.8762535E-05
  3.2946210E-03  2.2423379E+00 -7.4943349E-01  3.2890107E-01 -1.4786869E-01  4.7171732E-02  4.0903322E-02 -1.8783801E-02  8.0780020E-03 -1.9671951E-03  1.5797986E-04 -5.9909817E-05
  3.3175137E-03  2.2542627E+00 -7.5334047E-01  3.3061068E-01 -1.4863685E-01  4.7416757E-02  4.1406322E-02 -1.9014676E-02  8.1772806E-03 -1.9913716E-03  1.6106370E-04 -6.1079259E-05
  3.3405593E-03  2.2662297E+00 -7.5725990E-01  3.3232564E-01 -1.4940740E-01  4.7662546E-02  4.1915328E-02 -1.9248305E-02  8.2777434E-03 -2.0158365E-03  1.6420711E-04 -6.2271284E-05
  3.3637588E-03  2.2782389E+00 -7.6119172E-01  3.3404593E-01 -1.5018034E-01  4.7909096E-02  4.2430411E-02 -1.9484720E-02  8.3794039E-03 -2.0405930E-03  1.6741121E-04 -6.3486326E-05
  3.3871133E-03  2.2902901E+00 -7.6513586E-01  3.3577152E-01 -1.5095565E-01  4.8156402E-02  4.2951641E-02 -1.9723953E-02  8.4822760E-03 -2.0656446E-03  1.7067716E-04 -6.4724823E-05
  3.4106237E-03  2.3023833E+00 -7.6909228E-01  3.3750238E-01 -1.5173332E-01  4.8404460E-02  4.3479088E-02 -1.9966036E-02  8.5863734E-03 -2.0909945E-03  1.7400616E-04 -6.5987226E-05
  3.4342912E-03  2.3145184E+00 -7.7306089E-01  3.3923848E-01 -1.5251334E-01  4.8653266E-02  4.4012824E-02 -2.0211002E-02  8.6917104E-03 -2.1166463E-03  1.7739940E-04 -6.7273990E-05
  3.4581167E-03  2.3266953E+00 -7.7704165E-01  3.4097980E-01 -1.5329569E-01  4.8902815E-02  4.4552921E-02 -2.0458885E-02  8.7983010E-03 -2.1426034E-03  1.8085811E-04 -6.8585581E-05
  3.4821013E-03  2.3389138E+00 -7.8103448E-01  3.4272629E-01 -1.5408036E-01  4.9153103E-02  4.5099451E-02 -2.0709717E-02  8.9061596E-03 -2.1688692E-03  1.8438355E-04 -6.9922473E-05
  3.5062461E-03  2.3511739E+00 -7.8503932E-01  3.4447793E-01 -1.5486733E-01  4.9404126E-02  4.5652490E-02 -2.0963532E-02  9.0153008E-03 -2.1954474E-03  1.8797699E-04 -7.1285151E-05
  3.5305522E-03  2.3634754E+00 -7.8905610E-01  3.4623469E-01 -1.5565659E-01  4.9655878E-02  4.6212111E-02 -2.1220365E-02  9.1257391E-03 -2.2223415E-03  1.9163973E-04 -7.2674106E-05
  3.5550206E-03  2.3758182E+00 -7.9308473E-01  3.4799653E-01 -1.5644812E-01  4.9908355E-02  4.6778389E-02 -2.1480249E-02  9.2374894E-03 -2.2495550E-03  1.9537309E-04 -7.4089841E-05
  3.5796525E-03  2.3882023E+00 -7.9712516E-01  3.4976342E-01 -1.5724191E-01  5.0161552E-02  4.7351402E-02 -2.1743220E-02  9.3505667E-03 -2.2770916E-03  1.9917842E-04 -7.5532866E-05
  3.6044488E-03  2.4006273E+00 -8.0117730E-01  3.5153532E-01 -1.5803795E-01  5.0415463E-02  4.7931226E-02 -2.2009313E-02  9.4649860E-03 -2.3049551E-03  2.0305709E-04 -7.7003703E-05
  3.6294108E-03  2.4130933E+00 -8.0524108E-01  3.5331220E-01 -1.5883620E-01  5.0670083E-02  4.8517938E-02 -2.2278563E-02  9.5807626E-03 -2.3331491E-03  2.0701051E-04 -7.8502881E-05
  3.6545394E-03  2.4256001E+00 -8.0931641E-01  3.5509401E-01 -1.5963667E-01  5.0925407E-02  4.9111618E-02 -2.2551007E-02  9.6979121E-03 -2.3616774E-03  2.1104010E-04 -8.0030943E-05
  3.6798359E-03  2.4381476E+00 -8.1340321E-01  3.5688073E-01 -1.6043933E-01  5.1181429E-02  4.9712344E-02 -2.2826680E-02  9.8164500E-03 -2.3905438E-03  2.1514731E-04 -8.1588438E-05
  3.7053013E-03  2.4507355E+00 -8.1750140E-01  3.5867230E-01 -1.6124416E-01  5.1438144E-02  5.0320198E-02 -2.3105620E-02  9.9363920E-03 -2.4197521E-03  2.1933362E-04 -8.3175929E-05
  3.7309368E-03  2.4633637E+00 -8.2161090E-01  3.6046869E-01 -1.6205114E-01  5.1695545E-02  5.0935260E-02 -2.3387863E-02  1.0057754E-02 -2.4493062E-03  2.2360055E-04 -8.4793986E-05
  3.7567435E-03  2.4760322E+00 -8.2573160E-01  3.6226987E-01 -1.6286026E-01  5.1953627E-02  5.1557612E-02 -2.3673447E-02  1.0180552E-02 -2.4792101E-03  2.2794962E-04 -8.6443193E-05
  3.7827226E-03  2.4887406E+00 -8.2986343E-01  3.6407578E-01 -1.6367150E-01  5.2212383E-02  5.2187338E-02 -2.3962410E-02  1.0304803E-02 -2.5094676E-03  2.3238241E-04 -8.8124143E-05
  3.8088752E-03  2.5014889E+00 -8.3400629E-01  3.6588639E-01 -1.6448484E-01  5.2471808E-02  5.2824521E-02 -2.4254790E-02  1.0430523E-02 -2.5400829E-03  2.3690051E-04 -8.9837441E-05
  3.8352024E-03  2.5142769E+00 -8.3816009E-01  3.6770164E-01 -1.6530025E-01  5.2731894E-02  5.3469245E-02 -2.4550625E-02  1.0557728E-02 -2.5710599E-03  2.4150554E-04 -9.1583703E-05
  3.8617055E-03  2.5271044E+00 -8.4232472E-01  3.6952150E-01 -1.6611771E-01  5.2992636E-02  5.4121596E-02 -2.4849956E-02  1.0686436E-02 -2.6024027E-03  2.4619915E-04 -9.3363556E-05
  3.8883856E-03  2.5399712E+00 -8.4650008E-01  3.7134592E-01 -1.6693722E-01  5.3254026E-02  5.4781661E-02 -2.5152820E-02  1.0816663E-02 -2.6341155E-03  2.5098305E-04 -9.5177641E-05
  3.9152438E-03  2.5528772E+00 -8.5068608E-01  3.7317485E-01 -1.6775873E-01  5.3516058E-02  5.5449526E-02 -2.5459259E-02  1.0948426E-02 -2.6662023E-03  2.5585894E-04 -9.7026608E-05
  3.9422814E-03  2.5658220E+00 -8.5488261E-01  3.7500824E-01 -1.6858224E-01  5.3778725E-02  5.6125281E-02 -2.5769312E-02  1.1081743E-02 -2.6986676E-03  2.6082857E-04 -9.8911122E-05
  3.9694996E-03  2.5788056E+00 -8.5908957E-01  3.7684604E-01 -1.6940772E-01  5.4042019E-02  5.6809013E-02 -2.6083020E-02  1.1216631E-02 -2.7315154E-03  2.6589373E-04 -1.0083186E-04
  3.9968996E-03  2.5918277E+00 -8.6330683E-01  3.7868821E-01 -1.7023514E-01  5.4305933E-02  5.7500814E-02 -2.6400425E-02  1.1353108E-02 -2.7647501E-03  2.7105624E-04 -1.0278951E-04
  4.0244826E-03  2.6048882E+00 -8.6753430E-01  3.8053469E-01 -1.7106449E-01  5.4570459E-02  5.8200774E-02 -2.6721567E-02  1.1491191E-02 -2.7983761E-03  2.7631795E-04 -1.0478477E-04
  4.0522498E-03  2.6179868E+00 -8.7177186E-01  3.8238542E-01 -1.7189574E-01  5.4835591E-02  5.8908985E-02 -2.7046489E-02  1.1630899E-02 -2.8323977E-03  2.8168073E-04 -1.0681835E-04
  4.0802025E-03  2.6311232E+00 -8.7601938E-01  3.8424036E-01 -1.7272886E-01  5.5101319E-02  5.9625540E-02 -2.7375233E-02  1.1772251E-02 -2.8668194E-03  2.8714652E-04 -1.0889100E-04
  4.1083418E-03  2.6442973E+00 -8.8027676E-01  3.8609945E-01 -1.7356383E-01  5.5367637E-02  6.0350532E-02 -2.7707841E-02  1.1915263E-02 -2.9016456E-03  2.9271727E-04 -1.1100344E-04
  4.1366691E-03  2.6575088E+00 -8.8454387E-01  3.8796262E-01 -1.7440062E-01  5.5634536E-02  6.1084057E-02 -2.8044359E-02  1.2059956E-02 -2.9368809E-03  2.9839497E-04 -1.1315644E-04
  4.1651855E-03  2.6707575E+00 -8.8882058E-01  3.8982984E-01 -1.7523921E-01  5.5902007E-02  6.1826211E-02 -2.8384828E-02  1.2206347E-02 -2.9725298E-03  3.0418166E-04 -1.1535077E-04
  4.1938924E-03  2.6840432E+00 -8.9310677E-01  3.9170103E-01 -1.7607957E-01  5.6170042E-02  6.2577089E-02 -2.8729293E-02  1.2354456E-02 -3.0085970E-03  3.1007941E-04 -1.1758720E-04
  4.2227911E-03  2.6973656E+00 -8.9740231E-01  3.9357614E-01 -1.7692168E-01  5.6438633E-02  6.3336790E-02 -2.9077798E-02  1.2504301E-02 -3.0450871E-03  3.1609031E-04 -1.1986654E-04
  4.2518827E-03  2.7107244E+00 -9.0170707E-01  3.9545510E-01 -1.7776550E-01  5.6707770E-02  6.4105413E-02 -2.9430390E-02  1.2655903E-02 -3.0820048E-03  3.2221652E-04 -1.2218960E-04
  4.2811686E-03  2.7241194E+00 -9.0602090E-01  3.9733786E-01 -1.7861101E-01  5.6977445E-02  6.4883057E-02 -2.9787112E-02  1.2809280E-02 -3.1193550E-03  3.2846023E-04 -1.2455721E-04
  4.3106501E-03  2.7375503E+00 -9.1034368E-01  3.9922434E-01 -1.7945818E-01  5.7247648E-02  6.5669822E-02 -3.0148012E-02  1.2964453E-02 -3.1571423E-03  3.3482367E-04 -1.2697022E-04
  4.3403285E-03  2.7510168E+00 -9.1467527E-01  4.0111449E-01 -1.8030698E-01  5.7518369E-02  6.6465812E-02 -3.0513135E-02  1.3121441E-02 -3.1953716E-03  3.4130910E-04 -1.2942949E-04
  4.3702052E-03  2.7645187E+00 -9.1901551E-01  4.0300824E-01 -1.8115738E-01  5.7789600E-02  6.7271128E-02 -3.0882529E-02  1.3280265E-02 -3.2340480E-03  3.4791884E-04 -1.3193589E-04
  4.4002813E-03  2.7780557E+00 -9.2336427E-01  4.0490552E-01 -1.8200935E-01  5.8061331E-02  6.8085874E-02 -3.1256240E-02  1.3440944E-02 -3.2731762E-03  3.5465524E-04 -1.3449031E-04
  4.4305583E-03  2.7916274E+00 -9.2772139E-01  4.0680626E-01 -1.8286285E-01  5.8333551E-02  6.8910155E-02 -3.1634317E-02  1.3603500E-02 -3.3127613E-03  3.6152070E-04 -1.3709367E-04
  4.4610376E-03  2.8052337E+00 -9.3208672E-01  4.0871040E-01 -1.8371786E-01  5.8606251E-02  6.9744077E-02 -3.2016808E-02  1.3767953E-02 -3.3528084E-03  3.6851766E-04 -1.3974690E-04
  4.4917204E-03  2.8188741E+00 -9.3646011E-01  4.1061785E-01 -1.8457435E-01  5.8879419E-02  7.0587747E-02 -3.2403761E-02  1.3934323E-02 -3.3933225E-03  3.7564863E-04 -1.4245093E-04
  4.5226081E-03  2.8325484E+00 -9.4084140E-01  4.1252856E-01 -1.8543227E-01  5.9153046E-02  7.1441273E-02 -3.2795227E-02  1.4102634E-02 -3.4343088E-03  3.8291612E-04 -1.4520673E-04
  4.5537021E-03  2.8462562E+00 -9.4523042E-01  4.1444244E-01 -1.8629161E-01  5.9427121E-02  7.2304764E-02 -3.3191254E-02  1.4272904E-02 -3.4757725E-03  3.9032273E-04 -1.4801527E-04
  4.5850038E-03  2.8599973E+00 -9.4962702E-01  4.1635941E-01 -1.8715231E-01  5.9701633E-02  7.3178331E-02 -3.3591893E-02  1.4445157E-02 -3.5177189E-03  3.9787109E-04 -1.5087756E-04
  4.6165145E-03  2.8737713E+00 -9.5403103E-01  4.1827941E-01 -1.8801436E-01  5.9976570E-02  7.4062085E-02 -3.3997194E-02  1.4619413E-02 -3.5601532E-03  4.0556387E-04 -1.5379462E-04
  4.6482356E-03  2.8875778E+00 -9.5844228E-01  4.2020236E-01 -1.8887770E-01  6.0251922E-02  7.4956137E-02 -3.4407209E-02  1.4795696E-02 -3.6030809E-03  4.1340381E-04 -1.5676746E-04
  4.6801687E-03  2.9014165E+00 -9.6286059E-01  4.2212817E-01 -1.8974232E-01  6.0527677E-02  7.5860602E-02 -3.4821990E-02  1.4974027E-02 -3.6465072E-03  4.2139368E-04 -1.5979716E-04
  4.7123150E-03  2.9152871E+00 -9.6728580E-01  4.2405676E-01 -1.9060816E-01  6.0803822E-02  7.6775594E-02 -3.5241588E-02  1.5154428E-02 -3.6904378E-03  4.2953633E-04 -1.6288478E-04
  4.7446759E-03  2.9291892E+00 -9.7171770E-01  4.2598805E-01 -1.9147519E-01  6.1080347E-02  7.7701229E-02 -3.5666057E-02  1.5336922E-02 -3.7348780E-03  4.3783464E-04 -1.6603142E-04
  4.7772531E-03  2.9431224E+00 -9.7615614E-01  4.2792196E-01 -1.9234338E-01  6.1357239E-02  7.8637624E-02 -3.6095449E-02  1.5521532E-02 -3.7798334E-03  4.4629154E-04 -1.6923820E-04
  4.8100477E-03  2.9570864E+00 -9.8060092E-01  4.2985840E-01 -1.9321269E-01  6.1634485E-02  7.9584897E-02 -3.6529819E-02  1.5708282E-02 -3.8253098E-03  4.5491002E-04 -1.7250623E-04
  4.8430615E-03  2.9710808E+00 -9.8505184E-01  4.3179729E-01 -1.9408307E-01  6.1912073E-02  8.0543167E-02 -3.6969220E-02  1.5897193E-02 -3.8713127E-03  4.6369315E-04 -1.7583670E-04
  4.8762956E-03  2.9851052E+00 -9.8950873E-01  4.3373853E-01 -1.9495448E-01  6.2189990E-02  8.1512554E-02 -3.7413708E-02  1.6088291E-02 -3.9178478E-03  4.7264402E-04 -1.7923076E-04
  4.9097518E-03  2.9991592E+00 -9.9397137E-01  4.3568204E-01 -1.9582689E-01  6.2468223E-02  8.2493180E-02 -3.7863338E-02  1.6281598E-02 -3.9649210E-03  4.8176579E-04 -1.8268962E-04
  4.9434314E-03  3.0132424E+00 -9.9843958E-01  4.3762772E-01 -1.9670025E-01  6.2746759E-02  8.3485167E-02 -3.8318166E-02  1.6477139E-02 -4.0125381E-03  4.9106169E-04 -1.8621450E-04
  4.9773359E-03  3.0273544E+00 -1.0029132E+00  4.3957548E-01 -1.9757453E-01  6.3025584E-02  8.4488640E-02 -3.8778247E-02  1.6674938E-02 -4.0607050E-03  5.0053501E-04 -1.8980665E-04
  5.0114669E-03  3.0414948E+00 -1.0073919E+00  4.4152522E-01 -1.9844967E-01  6.3304684E-02  8.5503724E-02 -3.9243639E-02  1.6875019E-02 -4.1094276E-03  5.1018907E-04 -1.9346733E-04
  5.0458258E-03  3.0556631E+00 -1.0118755E+00  4.4347686E-01 -1.9932563E-01  6.3584046E-02  8.6530544E-02 -3.9714400E-02  1.7077407E-02 -4.1587119E-03  5.2002729E-04 -1.9719783E-04
  5.0804142E-03  3.0698590E+00 -1.0163639E+00  4.4543029E-01 -2.0020238E-01  6.3863656E-02  8.7569229E-02 -4.0190587E-02  1.7282127E-02 -4.2085641E-03  5.3005313E-04 -2.0099946E-04
  5.1152336E-03  3.0840819E+00 -1.0208569E+00  4.4738541E-01 -2.0107986E-01  6.4143498E-02  8.8619906E-02 -4.0672259E-02  1.7489203E-02 -4.2589901E-03  5.4027012E-04 -2.0487357E-04
  5.1502855E-03  3.0983315E+00 -1.0253541E+00  4.4934212E-01 -2.0195803E-01  6.4423559E-02  8.9682707E-02 -4.1159475E-02  1.7698662E-02 -4.3099962E-03  5.5068187E-04 -2.0882152E-04
  5.1855716E-03  3.1126073E+00 -1.0298553E+00  4.5130032E-01 -2.0283684E-01  6.4703822E-02  9.0757761E-02 -4.1652294E-02  1.7910529E-02 -4.3615887E-03  5.6129202E-04 -2.1284470E-04
  5.2210933E-03  3.1269088E+00 -1.0343604E+00  4.5325990E-01 -2.0371624E-01  6.4984274E-02  9.1845202E-02 -4.2150777E-02  1.8124830E-02 -4.4137737E-03  5.7210432E-04 -2.1694451E-04
  5.2568522E-03  3.1412355E+00 -1.0388692E+00  4.5522076E-01 -2.0459620E-01  6.5264899E-02  9.2945163E-02 -4.2654985E-02  1.8341590E-02 -4.4665577E-03  5.8312256E-04 -2.2112240E-04
  5.2928499E-03  3.1555871E+00 -1.0433813E+00  4.5718279E-01 -2.0547665E-01  6.5545680E-02  9.4057778E-02 -4.3164978E-02  1.8560837E-02 -4.5199471E-03  5.9435062E-04 -2.2537985E-04
  5.3290881E-03  3.1699629E+00 -1.0478965E+00  4.5914588E-01 -2.0635754E-01  6.5826603E-02  9.5183185E-02 -4.3680819E-02  1.8782596E-02 -4.5739483E-03  6.0579242E-04 -2.2971833E-04
  5.3655683E-03  3.1843625E+00 -1.0524146E+00  4.6110991E-01 -2.0723883E-01  6.6107651E-02  9.6321520E-02 -4.4202571E-02  1.9006895E-02 -4.6285679E-03  6.1745199E-04 -2.3413937E-04
  5.4022921E-03  3.1987854E+00 -1.0569354E+00  4.6307478E-01 -2.0812047E-01  6.6388808E-02  9.7472923E-02 -4.4730295E-02  1.9233760E-02 -4.6838124E-03  6.2933341E-04 -2.3864453E-04
  5.4392612E-03  3.2132311E+00 -1.0614586E+00  4.6504037E-01 -2.0900241E-01  6.6670056E-02  9.8637533E-02 -4.5264057E-02  1.9463219E-02 -4.7396884E-03  6.4144084E-04 -2.4323537E-04
  5.4764772E-03  3.2276991E+00 -1.0659839E+00  4.6700656E-01 -2.0988458E-01  6.6951380E-02  9.9815491E-02 -4.5803919E-02  1.9695300E-02 -4.7962028E-03  6.5377852E-04 -2.4791351E-04
  5.5139418E-03  3.2421887E+00 -1.0705111E+00  4.6897324E-01 -2.1076694E-01  6.7232761E-02  1.0100694E-01 -4.6349947E-02  1.9930029E-02 -4.8533622E-03  6.6635077E-04 -2.5268058E-04
  5.5516566E-03  3.2566996E+00 -1.0750399E+00  4.7094028E-01 -2.1164943E-01  6.7514183E-02  1.0221203E-01 -4.6902206E-02  2.0167436E-02 -4.9111735E-03  6.7916199E-04 -2.5753825E-04
  5.5896232E-03  3.2712312E+00 -1.0795700E+00  4.7290756E-01 -2.1253200E-01  6.7795627E-02  1.0343089E-01 -4.7460762E-02  2.0407549E-02 -4.9696436E-03  6.9221665E-04 -2.6248821E-04
  5.6278434E-03  3.2857829E+00 -1.0841013E+00  4.7487495E-01 -2.1341458E-01  6.8077076E-02  1.0466368E-01 -4.8025682E-02  2.0650395E-02 -5.0287794E-03  7.0551930E-04 -2.6753220E-04
  5.6663189E-03  3.3003541E+00 -1.0886333E+00  4.7684234E-01 -2.1429714E-01  6.8358511E-02  1.0591055E-01 -4.8597032E-02  2.0896004E-02 -5.0885879E-03  7.1907460E-04 -2.7267197E-04
  5.7050513E-03  3.3149443E+00 -1.0931659E+00  4.7880959E-01 -2.1517959E-01  6.8639914E-02  1.0717164E-01 -4.9174880E-02  2.1144405E-02 -5.1490762E-03  7.3288727E-04 -2.7790931E-04
  5.7440425E-03  3.3295528E+00 -1.0976987E+00  4.8077658E-01 -2.1606189E-01  6.8921266E-02  1.0844710E-01 -4.9759295E-02  2.1395627E-02 -5.2102514E-03  7.4696212E-04 -2.8324605E-04
  5.7832940E-03  3.3441792E+00 -1.1022315E+00  4.8274316E-01 -2.1694398E-01  6.9202548E-02  1.0973710E-01 -5.0350346E-02  2.1649700E-02 -5.2721208E-03  7.6130406E-04 -2.8868405E-04
  5.8228077E-03  3.3588228E+00 -1.1067640E+00  4.8470921E-01 -2.1782579E-01  6.9483740E-02  1.1104177E-01 -5.0948102E-02  2.1906654E-02 -5.3346915E-03  7.7591807E-04 -2.9422520E-04
  5.8625852E-03  3.3734831E+00 -1.1112958E+00  4.8667459E-01 -2.1870727E-01  6.9764824E-02  1.1236128E-01 -5.1552633E-02  2.2166518E-02 -5.3979710E-03  7.9080925E-04 -2.9987142E-04
  5.9026285E-03  3.3881593E+00 -1.1158267E+00  4.8863917E-01 -2.1958835E-01  7.0045778E-02  1.1369577E-01 -5.2164010E-02  2.2429324E-02 -5.4619666E-03  8.0598276E-04 -3.0562468E-04
  5.9429391E-03  3.4028508E+00 -1.1203563E+00  4.9060280E-01 -2.2046897E-01  7.0326583E-02  1.1504542E-01 -5.2782304E-02  2.2695101E-02 -5.5266857E-03  8.2144388E-04 -3.1148697E-04
  5.9835190E-03  3.4175572E+00 -1.1248844E+00  4.9256534E-01 -2.2134906E-01  7.0607218E-02  1.1641037E-01 -5.3407588E-02  2.2963880E-02 -5.5921360E-03  8.3719798E-04 -3.1746034E-04
  6.0243699E-03  3.4322776E+00 -1.1294107E+00  4.9452666E-01 -2.2222856E-01  7.0887662E-02  1.1779079E-01 -5.4039934E-02  2.3235693E-02 -5.6583248E-03  8.5325051E-04 -3.2354684E-04
  6.0654936E-03  3.4470115E+00 -1.1339347E+00  4.9648659E-01 -2.2310740E-01  7.1167894E-02  1.1918684E-01 -5.4679414E-02  2.3510571E-02 -5.7252600E-03  8.6960705E-04 -3.2974860E-04
  6.1068920E-03  3.4617581E+00 -1.1384563E+00  4.9844500E-01 -2.2398552E-01  7.1447893E-02  1.2059868E-01 -5.5326104E-02  2.3788546E-02 -5.7929492E-03  8.8627326E-04 -3.3606775E-04
  6.1485669E-03  3.4765169E+00 -1.1429751E+00  5.0040173E-01 -2.2486284E-01  7.1727637E-02  1.2202648E-01 -5.5980077E-02  2.4069650E-02 -5.8614002E-03  9.0325491E-04 -3.4250649E-04
  6.1905201E-03  3.4912871E+00 -1.1474906E+00  5.0235663E-01 -2.2573930E-01  7.2007104E-02  1.2347040E-01 -5.6641409E-02  2.4353914E-02 -5.9306208E-03  9.2055788E-04 -3.4906704E-04
  6.2327535E-03  3.5060681E+00 -1.1520027E+00  5.0430956E-01 -2.2661483E-01  7.2286271E-02  1.2493061E-01 -5.7310175E-02  2.4641372E-02 -6.0006189E-03  9.3818814E-04 -3.5575166E-04
  6.2752689E-03  3.5208591E+00 -1.1565110E+00  5.0626034E-01 -2.2748936E-01  7.2565116E-02  1.2640728E-01 -5.7986452E-02  2.4932056E-02 -6.0714026E-03  9.5615178E-04 -3.6256267E-04
  6.3180683E-03  3.5356595E+00 -1.1610151E+00  5.0820883E-01 -2.2836282E-01  7.2843616E-02  1.2790058E-01 -5.8670317E-02  2.5225999E-02 -6.1429798E-03  9.7445501E-04 -3.6950241E-04
  6.3611536E-03  3.5504685E+00 -1.1655146E+00  5.1015485E-01 -2.2923512E-01  7.3121748E-02  1.2941068E-01 -5.9361847E-02  2.5523235E-02 -6.2153587E-03  9.9310414E-04 -3.7657328E-04
  6.4045266E-03  3.5652855E+00 -1.1700093E+00  5.1209826E-01 -2.3010621E-01  7.3399487E-02  1.3093776E-01 -6.0061120E-02  2.5823796E-02 -6.2885473E-03  1.0121056E-03 -3.8377772E-04
  6.4481892E-03  3.5801096E+00 -1.1744987E+00  5.1403888E-01 -2.3097599E-01  7.3676811E-02  1.3248198E-01 -6.0768217E-02  2.6127718E-02 -6.3625541E-03  1.0314659E-03 -3.9111820E-04
  6.4921435E-03  3.5949401E+00 -1.1789824E+00  5.1597655E-01 -2.3184441E-01  7.3953694E-02  1.3404353E-01 -6.1483215E-02  2.6435033E-02 -6.4373872E-03  1.0511918E-03 -3.9859725E-04
  6.5363913E-03  3.6097763E+00 -1.1834603E+00  5.1791109E-01 -2.3271138E-01  7.4230113E-02  1.3562258E-01 -6.2206196E-02  2.6745777E-02 -6.5130551E-03  1.0712899E-03 -4.0621744E-04
  6.5809347E-03  3.6246174E+00 -1.1879317E+00  5.1984234E-01 -2.3357682E-01  7.4506042E-02  1.3721931E-01 -6.2937240E-02  2.7059984E-02 -6.5895661E-03  1.0917673E-03 -4.1398138E-04
  6.6257755E-03  3.6394626E+00 -1.1923964E+00  5.2177012E-01 -2.3444065E-01  7.4781456E-02  1.3883391E-01 -6.3676429E-02  2.7377689E-02 -6.6669289E-03  1.1126310E-03 -4.2189175E-04
  6.6709158E-03  3.6543112E+00 -1.1968540E+00  5.2369426E-01 -2.3530280E-01  7.5056329E-02  1.4046654E-01 -6.4423846E-02  2.7698927E-02 -6.7451519E-03  1.1338881E-03 -4.2995125E-04
  6.7163576E-03  3.6691623E+00 -1.2013041E+00  5.2561456E-01 -2.3616318E-01  7.5330636E-02  1.4211741E-01 -6.5179572E-02  2.8023734E-02 -6.8242438E-03  1.1555458E-03 -4.3816265E-04
  6.7621028E-03  3.6840152E+00 -1.2057462E+00  5.2753087E-01 -2.3702171E-01  7.5604351E-02  1.4378669E-01 -6.5943691E-02  2.8352146E-02 -6.9042134E-03  1.1776117E-03 -4.4652876E-04
  6.8081536E-03  3.6988690E+00 -1.2101801E+00  5.2944298E-01 -2.3787831E-01  7.5877446E-02  1.4547457E-01 -6.6716289E-02  2.8684198E-02 -6.9850693E-03  1.2000933E-03 -4.5505243E-04
  6.8545120E-03  3.7137229E+00 -1.2146052E+00  5.3135072E-01 -2.3873289E-01  7.6149894E-02  1.4718124E-01 -6.7497448E-02  2.9019927E-02 -7.0668206E-03  1.2229982E-03 -4.6373660E-04
  6.9011799E-03  3.7285761E+00 -1.2190212E+00  5.3325389E-01 -2.3958537E-01  7.6421670E-02  1.4890688E-01 -6.8287256E-02  2.9359370E-02 -7.1494759E-03  1.2463343E-03 -4.7258421E-04
  6.9481596E-03  3.7434277E+00 -1.2234277E+00  5.3515231E-01 -2.4043565E-01  7.6692744E-02  1.5065169E-01 -6.9085797E-02  2.9702563E-02 -7.2330445E-03  1.2701096E-03 -4.8159829E-04
  6.9954530E-03  3.7582768E+00 -1.2278242E+00  5.3704578E-01 -2.4128367E-01  7.6963089E-02  1.5241587E-01 -6.9893160E-02  3.0049544E-02 -7.3175352E-03  1.2943322E-03 -4.9078192E-04
  7.0430622E-03  3.7731227E+00 -1.2322103E+00  5.3893410E-01 -2.4212932E-01  7.7232676E-02  1.5419960E-01 -7.0709430E-02  3.0400350E-02 -7.4029573E-03  1.3190103E-03 -5.0013823E-04
  7.0909894E-03  3.7879644E+00 -1.2365856E+00  5.4081709E-01 -2.4297251E-01  7.7501478E-02  1.5600308E-01 -7.1534698E-02  3.0755019E-02 -7.4893199E-03  1.3441523E-03 -5.0967039E-04
  7.1392367E-03  3.8028010E+00 -1.2409497E+00  5.4269453E-01 -2.4381315E-01  7.7769464E-02  1.5782651E-01 -7.2369050E-02  3.1113589E-02 -7.5766323E-03  1.3697668E-03 -5.1938165E-04
  7.1878063E-03  3.8176317E+00 -1.2453020E+00  5.4456623E-01 -2.4465116E-01  7.8036606E-02  1.5967009E-01 -7.3212577E-02  3.1476099E-02 -7.6649037E-03  1.3958625E-03 -5.2927532E-04
  7.2367002E-03  3.8324555E+00 -1.2496422E+00  5.4643198E-01 -2.4548644E-01  7.8302873E-02  1.6153401E-01 -7.4065369E-02  3.1842586E-02 -7.7541437E-03  1.4224483E-03 -5.3935475E-04
  7.2859206E-03  3.8472715E+00 -1.2539698E+00  5.4829157E-01 -2.4631889E-01  7.8568236E-02  1.6341849E-01 -7.4927517E-02  3.2213090E-02 -7.8443617E-03  1.4495332E-03 -5.4962337E-04
  7.3354698E-03  3.8620788E+00 -1.2582843E+00  5.5014478E-01 -2.4714842E-01  7.8832663E-02  1.6532372E-01 -7.5799112E-02  3.2587650E-02 -7.9355672E-03  1.4771264E-03 -5.6008465E-04
  7.3853499E-03  3.8768764E+00 -1.2625853E+00  5.5199142E-01 -2.4797493E-01  7.9096125E-02  1.6724990E-01 -7.6680247E-02  3.2966306E-02 -8.0277698E-03  1.5052372E-03 -5.7074213E-04
  7.4355631E-03  3.8916635E+00 -1.2668724E+00  5.5383126E-01 -2.4879833E-01  7.9358590E-02  1.6919725E-01 -7.7571013E-02  3.3349097E-02 -8.1209791E-03  1.5338752E-03 -5.8159943E-04
  7.4861117E-03  3.9064389E+00 -1.2711449E+00  5.5566408E-01 -2.4961851E-01  7.9620025E-02  1.7116598E-01 -7.8471505E-02  3.3736063E-02 -8.2152050E-03  1.5630501E-03 -5.9266022E-04
  7.5369979E-03  3.9212019E+00 -1.2754025E+00  5.5748967E-01 -2.5043538E-01  7.9880400E-02  1.7315629E-01 -7.9381817E-02  3.4127245E-02 -8.3104573E-03  1.5927716E-03 -6.0392823E-04
  7.5882239E-03  3.9359513E+00 -1.2796446E+00  5.5930779E-01 -2.5124883E-01  8.0139682E-02  1.7516839E-01 -8.0302043E-02  3.4522683E-02 -8.4067457E-03  1.6230499E-03 -6.1540727E-04
  7.6397921E-03  3.9506862E+00 -1.2838708E+00  5.6111823E-01 -2.5205877E-01  8.0397838E-02  1.7720250E-01 -8.1232279E-02  3.4922418E-02 -8.5040803E-03  1.6538951E-03 -6.2710120E-04
  7.6917046E-03  3.9654055E+00 -1.2880806E+00  5.6292075E-01 -2.5286508E-01  8.0654835E-02  1.7925883E-01 -8.2172621E-02  3.5326491E-02 -8.6024711E-03  1.6853178E-03 -6.3901397E-04
  7.7439639E-03  3.9801084E+00 -1.2922734E+00  5.6471513E-01 -2.5366766E-01  8.0910639E-02  1.8133759E-01 -8.3123166E-02  3.5734943E-02 -8.7019282E-03  1.7173283E-03 -6.5114959E-04
  7.7965722E-03  3.9947937E+00 -1.2964488E+00  5.6650112E-01 -2.5446641E-01  8.1165217E-02  1.8343901E-01 -8.4084012E-02  3.6147817E-02 -8.8024616E-03  1.7499376E-03 -6.6351214E-04
  7.8495318E-03  4.0094603E+00 -1.3006062E+00  5.6827850E-01 -2.5526122E-01  8.1418534E-02  1.8556331E-01 -8.5055256E-02  3.6565155E-02 -8.9040817E-03  1.7831566E-03 -6.7610576E-04
  7.9028452E-03  4.0241074E+00 -1.3047452E+00  5.7004702E-01 -2.5605198E-01  8.1670555E-02  1.8771070E-01 -8.6036998E-02  3.6986997E-02 -9.0067987E-03  1.8169964E-03 -6.8893470E-04
  7.9565146E-03  4.0387337E+00 -1.3088651E+00  5.7180644E-01 -2.5683858E-01  8.1921246E-02  1.8988141E-01 -8.7029336E-02  3.7413388E-02 -9.1106230E-03  1.8514684E-03 -7.0200325E-04
  8.0105424E-03  4.0533383E+00 -1.3129655E+00  5.7355651E-01 -2.5762091E-01  8.2170570E-02  1.9207566E-01 -8.8032371E-02  3.7844370E-02 -9.2155650E-03  1.8865841E-03 -7.1531578E-04
  8.0649311E-03  4.0679200E+00 -1.3170457E+00  5.7529699E-01 -2.5839886E-01  8.2418493E-02  1.9429367E-01 -8.9046204E-02  3.8279986E-02 -9.3216352E-03  1.9223554E-03 -7.2887677E-04
  8.1196830E-03  4.0824778E+00 -1.3211054E+00  5.7702763E-01 -2.5917231E-01  8.2664977E-02  1.9653568E-01 -9.0070935E-02  3.8720280E-02 -9.4288442E-03  1.9587942E-03 -7.4269073E-04
  8.1748006E-03  4.0970105E+00 -1.3251439E+00  5.7874817E-01 -2.5994115E-01  8.2909986E-02  1.9880191E-01 -9.1106668E-02  3.9165295E-02 -9.5372025E-03  1.9959126E-03 -7.5676229E-04
  8.2302863E-03  4.1115171E+00 -1.3291606E+00  5.8045836E-01 -2.6070526E-01  8.3153483E-02  2.0109259E-01 -9.2153505E-02  3.9615074E-02 -9.6467209E-03  2.0337231E-03 -7.7109613E-04
  8.2861425E-03  4.1259964E+00 -1.3331550E+00  5.8215794E-01 -2.6146453E-01  8.3395431E-02  2.0340796E-01 -9.3211549E-02  4.0069664E-02 -9.7574101E-03  2.0722382E-03 -7.8569705E-04
  8.3423718E-03  4.1404473E+00 -1.3371266E+00  5.8384665E-01 -2.6221884E-01  8.3635791E-02  2.0574824E-01 -9.4280904E-02  4.0529106E-02 -9.8692809E-03  2.1114709E-03 -8.0056990E-04
  8.3989767E-03  4.1548687E+00 -1.3410746E+00  5.8552422E-01 -2.6296806E-01  8.3874525E-02  2.0811367E-01 -9.5361674E-02  4.0993448E-02 -9.9823443E-03  2.1514342E-03 -8.1571963E-04
  8.4559595E-03  4.1692593E+00 -1.3449987E+00  5.8719038E-01 -2.6371207E-01  8.4111594E-02  2.1050449E-01 -9.6453966E-02  4.1462733E-02 -1.0096611E-02  2.1921413E-03 -8.3115128E-04
  8.5133230E-03  4.1836181E+00 -1.3488981E+00  5.8884487E-01 -2.6445076E-01  8.4346960E-02  2.1292094E-01 -9.7557885E-02  4.1937006E-02 -1.0212093E-02  2.2336058E-03 -8.4686997E-04
  8.5710695E-03  4.1979438E+00 -1.3527723E+00  5.9048741E-01 -2.6518400E-01  8.4580583E-02  2.1536325E-01 -9.8673538E-02  4.2416314E-02 -1.0328800E-02  2.2758415E-03 -8.6288092E-04
  8.6292018E-03  4.2122352E+00 -1.3566207E+00  5.9211773E-01 -2.6591166E-01  8.4812422E-02  2.1783167E-01 -9.9801031E-02  4.2900702E-02 -1.0446743E-02  2.3188624E-03 -8.7918942E-04
  8.6877222E-03  4.2264912E+00 -1.3604427E+00  5.9373555E-01 -2.6663362E-01  8.5042437E-02  2.2032643E-01 -1.0094047E-01  4.3390217E-02 -1.0565935E-02  2.3626827E-03 -8.9580089E-04
  8.7466336E-03  4.2407106E+00 -1.3642376E+00  5.9534058E-01 -2.6734975E-01  8.5270588E-02  2.2284779E-01 -1.0209197E-01  4.3884904E-02 -1.0686386E-02  2.4073169E-03 -9.1272081E-04
  8.8059383E-03  4.2548921E+00 -1.3680049E+00  5.9693254E-01 -2.6805992E-01  8.5496834E-02  2.2539598E-01 -1.0325564E-01  4.4384810E-02 -1.0808107E-02  2.4527798E-03 -9.2995477E-04
  8.8656391E-03  4.2690345E+00 -1.3717439E+00  5.9851115E-01 -2.6876400E-01  8.5721132E-02  2.2797126E-01 -1.0443158E-01  4.4889982E-02 -1.0931111E-02  2.4990864E-03 -9.4750846E-04
  8.9257387E-03  4.2831365E+00 -1.3754539E+00  6.0007611E-01 -2.6946186E-01  8.5943441E-02  2.3057387E-01 -1.0561990E-01  4.5400467E-02 -1.1055407E-02  2.5462520E-03 -9.6538766E-04
  8.9862396E-03  4.2971969E+00 -1.3791344E+00  6.0162713E-01 -2.7015337E-01  8.6163717E-02  2.3320407E-01 -1.0682073E-01  4.5916313E-02 -1.1181009E-02  2.5942921E-03 -9.8359826E-04
  9.0471446E-03  4.3112144E+00 -1.3827847E+00  6.0316392E-01 -2.7083839E-01  8.6381919E-02  2.3586210E-01 -1.0803416E-01  4.6437567E-02 -1.1307927E-02  2.6432225E-03 -1.0021463E-03
  9.1084564E-03  4.3251878E+00 -1.3864042E+00  6.0468617E-01 -2.7151678E-01  8.6598003E-02  2.3854821E-01 -1.0926031E-01  4.6964276E-02 -1.1436174E-02  2.6930593E-03 -1.0210377E-03
  9.1701776E-03  4.3391158E+00 -1.3899921E+00  6.0619358E-01 -2.7218841E-01  8.6811924E-02  2.4126267E-01 -1.1049929E-01  4.7496490E-02 -1.1565760E-02  2.7438190E-03 -1.0402789E-03
  9.2323111E-03  4.3529971E+00 -1.3935478E+00  6.0768585E-01 -2.7285314E-01  8.7023639E-02  2.4400573E-01 -1.1175122E-01  4.8034256E-02 -1.1696698E-02  2.7955180E-03 -1.0598761E-03
  9.2948595E-03  4.3668303E+00 -1.3970707E+00  6.0916267E-01 -2.7351083E-01  8.7233104E-02  2.4677764E-01 -1.1301621E-01  4.8577623E-02 -1.1828999E-02  2.8481735E-03 -1.0798356E-03
  9.3578257E-03  4.3806141E+00 -1.4005601E+00  6.1062372E-01 -2.7416134E-01  8.7440272E-02  2.4957867E-01 -1.1429438E-01  4.9126639E-02 -1.1962676E-02  2.9018026E-03 -1.1001641E-03
  9.4212124E-03  4.3943473E+00 -1.4040153E+00  6.1206871E-01 -2.7480453E-01  8.7645099E-02  2.5240907E-01 -1.1558583E-01  4.9681354E-02 -1.2097739E-02  2.9564228E-03 -1.1208682E-03
  9.4850224E-03  4.4080285E+00 -1.4074356E+00  6.1349729E-01 -2.7544025E-01  8.7847539E-02  2.5526911E-01 -1.1689069E-01  5.0241817E-02 -1.2234202E-02  3.0120520E-03 -1.1419546E-03
  9.5492586E-03  4.4216562E+00 -1.4108203E+00  6.1490917E-01 -2.7606835E-01  8.8047544E-02  2.5815904E-01 -1.1820907E-01  5.0808077E-02 -1.2372076E-02  3.0687084E-03 -1.1634302E-03
  9.6139238E-03  4.4352293E+00 -1.4141687E+00  6.1630401E-01 -2.7668870E-01  8.8245069E-02  2.6107914E-01 -1.1954108E-01  5.1380185E-02 -1.2511374E-02  3.1264104E-03 -1.1853020E-03
  9.6790209E-03  4.4487463E+00 -1.4174800E+00  6.1768149E-01 -2.7730114E-01  8.8440067E-02  2.6402967E-01 -1.2088685E-01  5.1958189E-02 -1.2652107E-02  3.1851768E-03 -1.2075771E-03
  9.7445527E-03  4.4622058E+00 -1.4207537E+00  6.1904128E-01 -2.7790553E-01  8.8632489E-02  2.6701089E-01 -1.2224649E-01  5.2542141E-02 -1.2794287E-02  3.2450267E-03 -1.2302628E-03
  9.8105222E-03  4.4756064E+00 -1.4239889E+00  6.2038304E-01 -2.7850171E-01  8.8822287E-02  2.7002309E-01 -1.2362012E-01  5.3132090E-02 -1.2937928E-02  3.3059795E-03 -1.2533664E-03
  9.8769323E-03  4.4889467E+00 -1.4271849E+00  6.2170645E-01 -2.7908953E-01  8.9009413E-02  2.7306651E-01 -1.2500785E-01  5.3728086E-02 -1.3083040E-02  3.3680550E-03 -1.2768953E-03
  9.9437859E-03  4.5022254E+00 -1.4303411E+00  6.2301116E-01 -2.7966884E-01  8.9193817E-02  2.7614144E-01 -1.2640981E-01  5.4330182E-02 -1.3229637E-02  3.4312734E-03 -1.3008573E-03
  1.0011086E-02  4.5154409E+00 -1.4334565E+00  6.2429683E-01 -2.8023949E-01  8.9375451E-02  2.7924816E-01 -1.2782612E-01  5.4938427E-02 -1.3377731E-02  3.4956549E-03 -1.3252599E-03
  1.0078836E-02  4.5285920E+00 -1.4365306E+00  6.2556312E-01 -2.8080131E-01  8.9554265E-02  2.8238692E-01 -1.2925690E-01  5.5552873E-02 -1.3527335E-02  3.5612206E-03 -1.3501113E-03
  1.0147038E-02  4.5416770E+00 -1.4395625E+00  6.2680969E-01 -2.8135415E-01  8.9730208E-02  2.8555802E-01 -1.3070226E-01  5.6173571E-02 -1.3678460E-02  3.6279915E-03 -1.3754192E-03
  1.0215695E-02  4.5546946E+00 -1.4425515E+00  6.2803618E-01 -2.8189785E-01  8.9903229E-02  2.8876172E-01 -1.3216233E-01  5.6800573E-02 -1.3831119E-02  3.6959891E-03 -1.4011919E-03
  1.0284811E-02  4.5676434E+00 -1.4454969E+00  6.2924223E-01 -2.8243226E-01  9.0073278E-02  2.9199830E-01 -1.3363723E-01  5.7433929E-02 -1.3985326E-02  3.7652354E-03 -1.4274378E-03
  1.0354389E-02  4.5805217E+00 -1.4483977E+00  6.3042750E-01 -2.8295720E-01  9.0240302E-02  2.9526804E-01 -1.3512708E-01  5.8073693E-02 -1.4141092E-02  3.8357526E-03 -1.4541651E-03
  1.0424431E-02  4.5933283E+00 -1.4512533E+00  6.3159162E-01 -2.8347252E-01  9.0404250E-02  2.9857123E-01 -1.3663200E-01  5.8719915E-02 -1.4298430E-02  3.9075633E-03 -1.4813824E-03
  1.0494942E-02  4.6060615E+00 -1.4540629E+00  6.3273424E-01 -2.8397805E-01  9.0565069E-02  3.0190813E-01 -1.3815212E-01  5.9372649E-02 -1.4457352E-02  3.9806906E-03 -1.5090986E-03
  1.0565923E-02  4.6187199E+00 -1.4568257E+00  6.3385498E-01 -2.8447363E-01  9.0722707E-02  3.0527905E-01 -1.3968756E-01  6.0031946E-02 -1.4617873E-02  4.0551579E-03 -1.5373224E-03
  1.0637378E-02  4.6313020E+00 -1.4595408E+00  6.3495347E-01 -2.8495909E-01  9.0877109E-02  3.0868425E-01 -1.4123843E-01  6.0697859E-02 -1.4780003E-02  4.1309891E-03 -1.5660629E-03
  1.0709310E-02  4.6438062E+00 -1.4622076E+00  6.3602936E-01 -2.8543426E-01  9.1028223E-02  3.1212403E-01 -1.4280488E-01  6.1370441E-02 -1.4943757E-02  4.2082082E-03 -1.5953293E-03
  1.0781723E-02  4.6562310E+00 -1.4648250E+00  6.3708226E-01 -2.8589898E-01  9.1175993E-02  3.1559867E-01 -1.4438701E-01  6.2049744E-02 -1.5109147E-02  4.2868401E-03 -1.6251308E-03
  1.0854619E-02  4.6685750E+00 -1.4673924E+00  6.3811179E-01 -2.8635306E-01  9.1320366E-02  3.1910845E-01 -1.4598495E-01  6.2735820E-02 -1.5276185E-02  4.3669097E-03 -1.6554770E-03
  1.0928003E-02  4.6808365E+00 -1.4699090E+00  6.3911759E-01 -2.8679634E-01  9.1461286E-02  3.2265367E-01 -1.4759883E-01  6.3428724E-02 -1.5444885E-02  4.4484426E-03 -1.6863775E-03
  1.1001876E-02  4.6930139E+00 -1.4723738E+00  6.4009925E-01 -2.8722865E-01  9.1598698E-02  3.2623461E-01 -1.4922878E-01  6.4128508E-02 -1.5615259E-02  4.5314646E-03 -1.7178420E-03
  1.1076243E-02  4.7051058E+00 -1.4747860E+00  6.4105640E-01 -2.8764981E-01  9.1732545E-02  3.2985157E-01 -1.5087491E-01  6.4835225E-02 -1.5787321E-02  4.6160020E-03 -1.7498807E-03
  1.1151106E-02  4.7171106E+00 -1.4771448E+00  6.4198866E-01 -2.8805964E-01  9.1862772E-02  3.3350483E-01 -1.5253736E-01  6.5548929E-02 -1.5961083E-02  4.7020817E-03 -1.7825036E-03
  1.1226469E-02  4.7290267E+00 -1.4794494E+00  6.4289561E-01 -2.8845796E-01  9.1989322E-02  3.3719469E-01 -1.5421624E-01  6.6269673E-02 -1.6136559E-02  4.7897309E-03 -1.8157210E-03
  1.1302336E-02  4.7408524E+00 -1.4816989E+00  6.4377689E-01 -2.8884461E-01  9.2112136E-02  3.4092144E-01 -1.5591169E-01  6.6997510E-02 -1.6313761E-02  4.8789773E-03 -1.8495434E-03
  1.1378709E-02  4.7525863E+00 -1.4838924E+00  6.4463207E-01 -2.8921939E-01  9.2231159E-02  3.4468537E-01 -1.5762384E-01  6.7732494E-02 -1.6492703E-02  4.9698490E-03 -1.8839814E-03
  1.1455593E-02  4.7642267E+00 -1.4860290E+00  6.4546077E-01 -2.8958212E-01  9.2346332E-02  3.4848679E-01 -1.5935280E-01  6.8474679E-02 -1.6673397E-02  5.0623747E-03 -1.9190460E-03
  1.1532990E-02  4.7757719E+00 -1.4881079E+00  6.4626258E-01 -2.8993262E-01  9.2457596E-02  3.5232597E-01 -1.6109870E-01  6.9224118E-02 -1.6855856E-02  5.1565836E-03 -1.9547481E-03
  1.1610904E-02  4.7872205E+00 -1.4901282E+00  6.4703710E-01 -2.9027072E-01  9.2564892E-02  3.5620323E-01 -1.6286167E-01  6.9980865E-02 -1.7040094E-02  5.2525052E-03 -1.9910989E-03
  1.1689338E-02  4.7985707E+00 -1.4920890E+00  6.4778391E-01 -2.9059621E-01  9.2668162E-02  3.6011885E-01 -1.6464185E-01  7.0744974E-02 -1.7226124E-02  5.3501695E-03 -2.0281098E-03
  1.1768296E-02  4.8098209E+00 -1.4939894E+00  6.4850261E-01 -2.9090892E-01  9.2767345E-02  3.6407314E-01 -1.6643934E-01  7.1516498E-02 -1.7413958E-02  5.4496073E-03 -2.0657924E-03
  1.1847781E-02  4.8209695E+00 -1.4958285E+00  6.4919277E-01 -2.9120866E-01  9.2862381E-02  3.6806639E-01 -1.6825429E-01  7.2295492E-02 -1.7603610E-02  5.5508496E-03 -2.1041585E-03
  1.1927798E-02  4.8320149E+00 -1.4976055E+00  6.4985399E-01 -2.9149523E-01  9.2953210E-02  3.7209890E-01 -1.7008682E-01  7.3082009E-02 -1.7795093E-02  5.6539280E-03 -2.1432200E-03
  1.2008348E-02  4.8429553E+00 -1.4993193E+00  6.5048584E-01 -2.9176845E-01  9.3039772E-02  3.7617097E-01 -1.7193705E-01  7.3876103E-02 -1.7988419E-02  5.7588748E-03 -2.1829891E-03
  1.2089437E-02  4.8537891E+00 -1.5009690E+00  6.5108790E-01 -2.9202813E-01  9.3122004E-02  3.8028291E-01 -1.7380512E-01  7.4677828E-02 -1.8183603E-02  5.8657225E-03 -2.2234781E-03
  1.2171067E-02  4.8645147E+00 -1.5025538E+00  6.5165974E-01 -2.9227407E-01  9.3199844E-02  3.8443501E-01 -1.7569114E-01  7.5487238E-02 -1.8380657E-02  5.9745044E-03 -2.2646997E-03
  1.2253242E-02  4.8751304E+00 -1.5040728E+00  6.5220094E-01 -2.9250607E-01  9.3273232E-02  3.8862757E-01 -1.7759526E-01  7.6304386E-02 -1.8579594E-02  6.0852542E-03 -2.3066666E-03
  1.2335966E-02  4.8856346E+00 -1.5055248E+00  6.5271106E-01 -2.9272395E-01  9.3342105E-02  3.9286090E-01 -1.7951759E-01  7.7129327E-02 -1.8780427E-02  6.1980064E-03 -2.3493918E-03
  1.2419243E-02  4.8960254E+00 -1.5069092E+00  6.5318967E-01 -2.9292750E-01  9.3406398E-02  3.9713530E-01 -1.8145826E-01  7.7962113E-02 -1.8983169E-02  6.3127958E-03 -2.3928884E-03
  1.2503076E-02  4.9063013E+00 -1.5082248E+00  6.5363633E-01 -2.9311653E-01  9.3466051E-02  4.0145107E-01 -1.8341739E-01  7.8802799E-02 -1.9187834E-02  6.4296579E-03 -2.4371700E-03
  1.2587468E-02  4.9164605E+00 -1.5094707E+00  6.5405061E-01 -2.9329084E-01  9.3520998E-02  4.0580851E-01 -1.8539513E-01  7.9651439E-02 -1.9394434E-02  6.5486287E-03 -2.4822501E-03
  1.2672425E-02  4.9265014E+00 -1.5106460E+00  6.5443207E-01 -2.9345023E-01  9.3571175E-02  4.1020793E-01 -1.8739159E-01  8.0508085E-02 -1.9602983E-02  6.6697449E-03 -2.5281427E-03
  1.2757948E-02  4.9364222E+00 -1.5117497E+00  6.5478025E-01 -2.9359450E-01  9.3616520E-02  4.1464963E-01 -1.8940689E-01  8.1372791E-02 -1.9813492E-02  6.7930437E-03 -2.5748618E-03
  1.2844043E-02  4.9462212E+00 -1.5127809E+00  6.5509472E-01 -2.9372344E-01  9.3656965E-02  4.1913392E-01 -1.9144117E-01  8.2245611E-02 -2.0025976E-02  6.9185631E-03 -2.6224216E-03
  1.2930713E-02  4.9558967E+00 -1.5137385E+00  6.5537502E-01 -2.9383685E-01  9.3692448E-02  4.2366109E-01 -1.9349455E-01  8.3126597E-02 -2.0240447E-02  7.0463414E-03 -2.6708369E-03
  1.3017962E-02  4.9654471E+00 -1.5146216E+00  6.5562071E-01 -2.9393452E-01  9.3722902E-02  4.2823145E-01 -1.9556716E-01  8.4015803E-02 -2.0456918E-02  7.1764178E-03 -2.7201224E-03
  1.3105793E-02  4.9748705E+00 -1.5154292E+00  6.5583133E-01 -2.9401626E-01  9.3748261E-02  4.3284531E-01 -1.9765913E-01  8.4913281E-02 -2.0675402E-02  7.3088321E-03 -2.7702930E-03
  1.3194211E-02  4.9841653E+00 -1.5161603E+00  6.5600642E-01 -2.9408185E-01  9.3768460E-02  4.3750297E-01 -1.9977057E-01  8.5819085E-02 -2.0895911E-02  7.4436246E-03 -2.8213641E-03
  1.3283220E-02  4.9933297E+00 -1.5168139E+00  6.5614552E-01 -2.9413108E-01  9.3783432E-02  4.4220473E-01 -2.0190161E-01  8.6733266E-02 -2.1118459E-02  7.5808363E-03 -2.8733512E-03
  1.3372823E-02  5.0023620E+00 -1.5173890E+00  6.5624818E-01 -2.9416375E-01  9.3793110E-02  4.4695090E-01 -2.0405238E-01  8.7655878E-02 -2.1343058E-02  7.7205091E-03 -2.9262701E-03
  1.3463024E-02  5.0112605E+00 -1.5178846E+00  6.5631393E-01 -2.9417965E-01  9.3797427E-02  4.5174178E-01 -2.0622300E-01  8.8586972E-02 -2.1569720E-02  7.8626852E-03 -2.9801368E-03
  1.3553828E-02  5.0200233E+00 -1.5182997E+00  6.5634231E-01 -2.9417856E-01  9.3796316E-02  4.5657767E-01 -2.0841360E-01  8.9526600E-02 -2.1798460E-02  8.0074078E-03 -3.0349676E-03
  1.3645239E-02  5.0286489E+00 -1.5186332E+00  6.5633285E-01 -2.9416028E-01  9.3789709E-02  4.6145888E-01 -2.1062430E-01  9.0474815E-02 -2.2029288E-02  8.1547207E-03 -3.0907791E-03
  1.3737259E-02  5.0371354E+00 -1.5188842E+00  6.5628508E-01 -2.9412459E-01  9.3777538E-02  4.6638571E-01 -2.1285522E-01  9.1431667E-02 -2.2262217E-02  8.3046682E-03 -3.1475880E-03
  1.3829895E-02  5.0454810E+00 -1.5190517E+00  6.5619852E-01 -2.9407127E-01  9.3759735E-02  4.7135846E-01 -2.1510648E-01  9.2397208E-02 -2.2497261E-02  8.4572956E-03 -3.2054114E-03
  1.3923149E-02  5.0536841E+00 -1.5191345E+00  6.5607272E-01 -2.9400012E-01  9.3736230E-02  4.7637743E-01 -2.1737821E-01  9.3371488E-02 -2.2734430E-02  8.6126489E-03 -3.2642667E-03
  1.4017026E-02  5.0617430E+00 -1.5191317E+00  6.5590718E-01 -2.9391091E-01  9.3706957E-02  4.8144293E-01 -2.1967053E-01  9.4354559E-02 -2.2973738E-02  8.7707746E-03 -3.3241716E-03
  1.4111529E-02  5.0696557E+00 -1.5190423E+00  6.5570143E-01 -2.9380344E-01  9.3671844E-02  4.8655525E-01 -2.2198355E-01  9.5346470E-02 -2.3215197E-02  8.9317203E-03 -3.3851440E-03
  1.4206664E-02  5.0774207E+00 -1.5188651E+00  6.5545500E-01 -2.9367748E-01  9.3630823E-02  4.9171470E-01 -2.2431740E-01  9.6347273E-02 -2.3458819E-02  9.0955339E-03 -3.4472019E-03
  1.4302435E-02  5.0850361E+00 -1.5185992E+00  6.5516741E-01 -2.9353281E-01  9.3583824E-02  4.9692157E-01 -2.2667219E-01  9.7357015E-02 -2.3704615E-02  9.2622645E-03 -3.5103641E-03
  1.4398845E-02  5.0925002E+00 -1.5182434E+00  6.5483816E-01 -2.9336922E-01  9.3530777E-02  5.0217617E-01 -2.2904805E-01  9.8375747E-02 -2.3952599E-02  9.4319618E-03 -3.5746492E-03
  1.4495899E-02  5.0998113E+00 -1.5177968E+00  6.5446678E-01 -2.9318648E-01  9.3471612E-02  5.0747878E-01 -2.3144509E-01  9.9403518E-02 -2.4202781E-02  9.6046762E-03 -3.6400763E-03
  1.4593601E-02  5.1069676E+00 -1.5172583E+00  6.5405278E-01 -2.9298438E-01  9.3406259E-02  5.1282972E-01 -2.3386342E-01  1.0044038E-01 -2.4455174E-02  9.7804591E-03 -3.7066648E-03
  1.4691955E-02  5.1139673E+00 -1.5166268E+00  6.5359568E-01 -2.9276270E-01  9.3334647E-02  5.1822926E-01 -2.3630317E-01  1.0148637E-01 -2.4709788E-02  9.9593626E-03 -3.7744344E-03
  1.4790967E-02  5.1208088E+00 -1.5159013E+00  6.5309498E-01 -2.9252121E-01  9.3256705E-02  5.2367772E-01 -2.3876445E-01  1.0254154E-01 -2.4966636E-02  1.0141440E-02 -3.8434051E-03
  1.4890639E-02  5.1274902E+00 -1.5150806E+00  6.5255019E-01 -2.9225969E-01  9.3172362E-02  5.2917537E-01 -2.4124737E-01  1.0360595E-01 -2.5225730E-02  1.0326744E-02 -3.9135973E-03
  1.4990978E-02  5.1340098E+00 -1.5141638E+00  6.5196082E-01 -2.9197792E-01  9.3081547E-02  5.3472252E-01 -2.4375204E-01  1.0467963E-01 -2.5487080E-02  1.0515330E-02 -3.9850315E-03
  1.5091986E-02  5.1403660E+00 -1.5131497E+00  6.5132638E-01 -2.9167568E-01  9.2984188E-02  5.4031946E-01 -2.4627858E-01  1.0576264E-01 -2.5750697E-02  1.0707254E-02 -4.0577287E-03
  1.5193669E-02  5.1465568E+00 -1.5120373E+00  6.5064638E-01 -2.9135273E-01  9.2880215E-02  5.4596646E-01 -2.4882709E-01  1.0685501E-01 -2.6016593E-02  1.0902571E-02 -4.1317103E-03
  1.5296032E-02  5.1525807E+00 -1.5108255E+00  6.4992032E-01 -2.9100886E-01  9.2769554E-02  5.5166383E-01 -2.5139769E-01  1.0795680E-01 -2.6284779E-02  1.1101339E-02 -4.2069977E-03
  1.5399077E-02  5.1584359E+00 -1.5095132E+00  6.4914770E-01 -2.9064385E-01  9.2652135E-02  5.5741185E-01 -2.5399048E-01  1.0906804E-01 -2.6555265E-02  1.1303616E-02 -4.2836131E-03
  1.5502811E-02  5.1641206E+00 -1.5080993E+00  6.4832803E-01 -2.9025746E-01  9.2527885E-02  5.6321080E-01 -2.5660557E-01  1.1018879E-01 -2.6828062E-02  1.1509462E-02 -4.3615786E-03
  1.5607238E-02  5.1696332E+00 -1.5065828E+00  6.4746080E-01 -2.8984946E-01  9.2396733E-02  5.6906097E-01 -2.5924307E-01  1.1131909E-01 -2.7103181E-02  1.1718935E-02 -4.4409169E-03
  1.5712363E-02  5.1749719E+00 -1.5049625E+00  6.4654553E-01 -2.8941965E-01  9.2258605E-02  5.7496263E-01 -2.6190308E-01  1.1245897E-01 -2.7380632E-02  1.1932097E-02 -4.5216511E-03
  1.5818189E-02  5.1801349E+00 -1.5032374E+00  6.4558170E-01 -2.8896777E-01  9.2113429E-02  5.8091607E-01 -2.6458570E-01  1.1360848E-01 -2.7660424E-02  1.2149010E-02 -4.6038044E-03
  1.5924722E-02  5.1851207E+00 -1.5014064E+00  6.4456882E-01 -2.8849362E-01  9.1961134E-02  5.8692156E-01 -2.6729103E-01  1.1476767E-01 -2.7942569E-02  1.2369737E-02 -4.6874006E-03
  1.6031967E-02  5.1899274E+00 -1.4994683E+00  6.4350638E-01 -2.8799696E-01  9.1801646E-02  5.9297939E-01 -2.7001918E-01  1.1593657E-01 -2.8227076E-02  1.2594341E-02 -4.7724638E-03
  1.6139928E-02  5.1945535E+00 -1.4974222E+00  6.4239390E-01 -2.8747757E-01  9.1634892E-02  5.9908981E-01 -2.7277024E-01  1.1711522E-01 -2.8513955E-02  1.2822887E-02 -4.8590183E-03
  1.6248610E-02  5.1989971E+00 -1.4952668E+00  6.4123085E-01 -2.8693522E-01  9.1460801E-02  6.0525311E-01 -2.7554431E-01  1.1830366E-01 -2.8803214E-02  1.3055440E-02 -4.9470890E-03
  1.6358017E-02  5.2032567E+00 -1.4930011E+00  6.4001674E-01 -2.8636967E-01  9.1279300E-02  6.1146955E-01 -2.7834148E-01  1.1950194E-01 -2.9094864E-02  1.3292068E-02 -5.0367012E-03
  1.6468156E-02  5.2073305E+00 -1.4906240E+00  6.3875108E-01 -2.8578071E-01  9.1090315E-02  6.1773940E-01 -2.8116185E-01  1.2071008E-01 -2.9388914E-02  1.3532839E-02 -5.1278803E-03
  1.6579030E-02  5.2112169E+00 -1.4881345E+00  6.3743335E-01 -2.8516810E-01  9.0893774E-02  6.2406293E-01 -2.8400551E-01  1.2192813E-01 -2.9685372E-02  1.3777820E-02 -5.2206524E-03
  1.6690644E-02  5.2149142E+00 -1.4855313E+00  6.3606305E-01 -2.8453163E-01  9.0689604E-02  6.3044038E-01 -2.8687254E-01  1.2315612E-01 -2.9984247E-02  1.4027082E-02 -5.3150438E-03
  1.6803004E-02  5.2184207E+00 -1.4828134E+00  6.3463968E-01 -2.8387105E-01  9.0477733E-02  6.3687202E-01 -2.8976304E-01  1.2439409E-01 -3.0285548E-02  1.4280696E-02 -5.4110813E-03
  1.6916115E-02  5.2217349E+00 -1.4799798E+00  6.3316273E-01 -2.8318614E-01  9.0258087E-02  6.4335811E-01 -2.9267709E-01  1.2564207E-01 -3.0589283E-02  1.4538734E-02 -5.5087920E-03
  1.7029980E-02  5.2248551E+00 -1.4770292E+00  6.3163172E-01 -2.8247668E-01  9.0030595E-02  6.4989890E-01 -2.9561477E-01  1.2690009E-01 -3.0895460E-02  1.4801268E-02 -5.6082036E-03
  1.7144607E-02  5.2277797E+00 -1.4739607E+00  6.3004612E-01 -2.8174243E-01  8.9795184E-02  6.5649463E-01 -2.9857617E-01  1.2816819E-01 -3.1204087E-02  1.5068374E-02 -5.7093439E-03
  1.7259999E-02  5.2305070E+00 -1.4707731E+00  6.2840545E-01 -2.8098318E-01  8.9551780E-02  6.6314556E-01 -3.0156136E-01  1.2944639E-01 -3.1515170E-02  1.5340126E-02 -5.8122416E-03
  1.7376161E-02  5.2330355E+00 -1.4674653E+00  6.2670920E-01 -2.8019869E-01  8.9300312E-02  6.6985192E-01 -3.0457042E-01  1.3073474E-01 -3.1828719E-02  1.5616601E-02 -5.9169252E-03
  1.7493099E-02  5.2353636E+00 -1.4640362E+00  6.2495688E-01 -2.7938874E-01  8.9040708E-02  6.7661395E-01 -3.0760343E-01  1.3203325E-01 -3.2144739E-02  1.5897875E-02 -6.0234242E-03
  1.7610819E-02  5.2374897E+00 -1.4604847E+00  6.2314797E-01 -2.7855310E-01  8.8772896E-02  6.8343189E-01 -3.1066046E-01  1.3334196E-01 -3.2463237E-02  1.6184029E-02 -6.1317682E-03
  1.7729324E-02  5.2394122E+00 -1.4568098E+00  6.2128199E-01 -2.7769154E-01  8.8496802E-02  6.9030598E-01 -3.1374158E-01  1.3466089E-01 -3.2784221E-02  1.6475142E-02 -6.2419874E-03
  1.7848621E-02  5.2411296E+00 -1.4530103E+00  6.1935844E-01 -2.7680385E-01  8.8212356E-02  6.9723644E-01 -3.1684686E-01  1.3599008E-01 -3.3107695E-02  1.6771295E-02 -6.3541124E-03
  1.7968715E-02  5.2426403E+00 -1.4490852E+00  6.1737681E-01 -2.7588980E-01  8.7919486E-02  7.0422349E-01 -3.1997635E-01  1.3732953E-01 -3.3433667E-02  1.7072570E-02 -6.4681742E-03
  1.8089610E-02  5.2439428E+00 -1.4450333E+00  6.1533663E-01 -2.7494916E-01  8.7618121E-02  7.1126735E-01 -3.2313013E-01  1.3867928E-01 -3.3762141E-02  1.7379051E-02 -6.5842043E-03
  1.8211314E-02  5.2450357E+00 -1.4408537E+00  6.1323739E-01 -2.7398170E-01  8.7308189E-02  7.1836824E-01 -3.2630825E-01  1.4003936E-01 -3.4093124E-02  1.7690823E-02 -6.7022347E-03
  1.8333830E-02  5.2459174E+00 -1.4365451E+00  6.1107860E-01 -2.7298722E-01  8.6989619E-02  7.2552638E-01 -3.2951077E-01  1.4140977E-01 -3.4426620E-02  1.8007971E-02 -6.8222977E-03
  1.8457164E-02  5.2465864E+00 -1.4321066E+00  6.0885977E-01 -2.7196549E-01  8.6662341E-02  7.3274197E-01 -3.3273775E-01  1.4279055E-01 -3.4762633E-02  1.8330584E-02 -6.9444264E-03
  1.8581322E-02  5.2470413E+00 -1.4275370E+00  6.0658042E-01 -2.7091628E-01  8.6326284E-02  7.4001521E-01 -3.3598923E-01  1.4418170E-01 -3.5101169E-02  1.8658748E-02 -7.0686541E-03
  1.8706309E-02  5.2472807E+00 -1.4228353E+00  6.0424006E-01 -2.6983938E-01  8.5981378E-02  7.4734630E-01 -3.3926526E-01  1.4558326E-01 -3.5442231E-02  1.8992555E-02 -7.1950146E-03
  1.8832131E-02  5.2473030E+00 -1.4180004E+00  6.0183821E-01 -2.6873456E-01  8.5627554E-02  7.5473543E-01 -3.4256588E-01  1.4699522E-01 -3.5785824E-02  1.9332096E-02 -7.3235423E-03
  1.8958793E-02  5.2471069E+00 -1.4130313E+00  5.9937438E-01 -2.6760162E-01  8.5264742E-02  7.6218280E-01 -3.4589115E-01  1.4841761E-01 -3.6131949E-02  1.9677462E-02 -7.4542722E-03
  1.9086301E-02  5.2466911E+00 -1.4079268E+00  5.9684809E-01 -2.6644033E-01  8.4892872E-02  7.6968859E-01 -3.4924109E-01  1.4985045E-01 -3.6480611E-02  2.0028749E-02 -7.5872395E-03
  1.9214661E-02  5.2460540E+00 -1.4026860E+00  5.9425888E-01 -2.6525048E-01  8.4511877E-02  7.7725297E-01 -3.5261575E-01  1.5129373E-01 -3.6831812E-02  2.0386050E-02 -7.7224801E-03
  1.9343878E-02  5.2451944E+00 -1.3973078E+00  5.9160626E-01 -2.6403186E-01  8.4121688E-02  7.8487612E-01 -3.5601515E-01  1.5274747E-01 -3.7185555E-02  2.0749463E-02 -7.8600304E-03
  1.9473958E-02  5.2441110E+00 -1.3917912E+00  5.8888976E-01 -2.6278425E-01  8.3722237E-02  7.9255821E-01 -3.5943932E-01  1.5421168E-01 -3.7541841E-02  2.1119085E-02 -7.9999273E-03
  1.9604906E-02  5.2428023E+00 -1.3861350E+00  5.8610893E-01 -2.6150745E-01  8.3313457E-02  8.0029939E-01 -3.6288829E-01  1.5568637E-01 -3.7900671E-02  2.1495016E-02 -8.1422082E-03
  1.9736730E-02  5.2412672E+00 -1.3803383E+00  5.8326328E-01 -2.6020123E-01  8.2895282E-02  8.0809983E-01 -3.6636207E-01  1.5717154E-01 -3.8262047E-02  2.1877357E-02 -8.2869112E-03
  1.9869433E-02  5.2395043E+00 -1.3744001E+00  5.8035237E-01 -2.5886541E-01  8.2467643E-02  8.1595967E-01 -3.6986069E-01  1.5866719E-01 -3.8625969E-02  2.2266209E-02 -8.4340746E-03
  2.0003023E-02  5.2375123E+00 -1.3683193E+00  5.7737574E-01 -2.5749976E-01  8.2030477E-02  8.2387906E-01 -3.7338415E-01  1.6017333E-01 -3.8992438E-02  2.2661677E-02 -8.5837375E-03
  2.0137505E-02  5.2352902E+00 -1.3620949E+00  5.7433292E-01 -2.5610408E-01  8.1583717E-02  8.3185814E-01 -3.7693248E-01  1.6168996E-01 -3.9361453E-02  2.3063866E-02 -8.7359396E-03
  2.0272886E-02  5.2328366E+00 -1.3557259E+00  5.7122348E-01 -2.5467818E-01  8.1127299E-02  8.3989704E-01 -3.8050566E-01  1.6321706E-01 -3.9733014E-02  2.3472882E-02 -8.8907210E-03
  2.0409170E-02  5.2301503E+00 -1.3492114E+00  5.6804696E-01 -2.5322185E-01  8.0661159E-02  8.4799588E-01 -3.8410371E-01  1.6475465E-01 -4.0107120E-02  2.3888833E-02 -9.0481223E-03
  2.0546365E-02  5.2272303E+00 -1.3425503E+00  5.6480292E-01 -2.5173489E-01  8.0185234E-02  8.5615479E-01 -3.8772662E-01  1.6630271E-01 -4.0483768E-02  2.4311830E-02 -9.2081850E-03
  2.0684476E-02  5.2240753E+00 -1.3357416E+00  5.6149094E-01 -2.5021710E-01  7.9699460E-02  8.6437387E-01 -3.9137439E-01  1.6786123E-01 -4.0862958E-02  2.4741983E-02 -9.3709507E-03
  2.0823509E-02  5.2206843E+00 -1.3287844E+00  5.5811056E-01 -2.4866830E-01  7.9203776E-02  8.7265323E-01 -3.9504699E-01  1.6943021E-01 -4.1244686E-02  2.5179405E-02 -9.5364620E-03
  2.0963471E-02  5.2170561E+00 -1.3216777E+00  5.5466137E-01 -2.4708829E-01  7.8698120E-02  8.8099297E-01 -3.9874443E-01  1.7100963E-01 -4.1628950E-02  2.5624210E-02 -9.7047618E-03
  2.1104368E-02  5.2131898E+00 -1.3144206E+00  5.5114295E-01 -2.4547687E-01  7.8182432E-02  8.8939317E-01 -4.0246666E-01  1.7259949E-01 -4.2015745E-02  2.6076514E-02 -9.8758938E-03
  2.1246205E-02  5.2090843E+00 -1.3070120E+00  5.4755487E-01 -2.4383387E-01  7.7656652E-02  8.9785393E-01 -4.0621368E-01  1.7419976E-01 -4.2405068E-02  2.6536435E-02 -1.0049902E-02
  2.1388990E-02  5.2047385E+00 -1.2994512E+00  5.4389672E-01 -2.4215909E-01  7.7120720E-02  9.0637531E-01 -4.0998544E-01  1.7581042E-01 -4.2796914E-02  2.7004092E-02 -1.0226832E-02
  2.1532729E-02  5.2001515E+00 -1.2917371E+00  5.4016811E-01 -2.4045235E-01  7.6574579E-02  9.1495739E-01 -4.1378193E-01  1.7743146E-01 -4.3191279E-02  2.7479605E-02 -1.0406728E-02
  2.1677427E-02  5.1953224E+00 -1.2838688E+00  5.3636861E-01 -2.3871348E-01  7.6018172E-02  9.2360022E-01 -4.1760308E-01  1.7906286E-01 -4.3588156E-02  2.7963098E-02 -1.0589637E-02
  2.1823092E-02  5.1902503E+00 -1.2758454E+00  5.3249785E-01 -2.3694230E-01  7.5451441E-02  9.3230385E-01 -4.2144887E-01  1.8070458E-01 -4.3987539E-02  2.8454693E-02 -1.0775605E-02
  2.1969730E-02  5.1849341E+00 -1.2676662E+00  5.2855543E-01 -2.3513862E-01  7.4874332E-02  9.4106834E-01 -4.2531923E-01  1.8235660E-01 -4.4389422E-02  2.8954518E-02 -1.0964679E-02
  2.2117347E-02  5.1793732E+00 -1.2593300E+00  5.2454097E-01 -2.3330229E-01  7.4286789E-02  9.4989371E-01 -4.2921412E-01  1.8401890E-01 -4.4793796E-02  2.9462698E-02 -1.1156909E-02
  2.2265950E-02  5.1735666E+00 -1.2508362E+00  5.2045409E-01 -2.3143313E-01  7.3688759E-02  9.5877999E-01 -4.3313347E-01  1.8569143E-01 -4.5200655E-02  2.9979365E-02 -1.1352341E-02
  2.2415546E-02  5.1675136E+00 -1.2421838E+00  5.1629443E-01 -2.2953098E-01  7.3080191E-02  9.6772719E-01 -4.3707722E-01  1.8737417E-01 -4.5609989E-02  3.0504648E-02 -1.1551025E-02
  2.2566140E-02  5.1612134E+00 -1.2333720E+00  5.1206161E-01 -2.2759568E-01  7.2461031E-02  9.7673534E-01 -4.4104529E-01  1.8906708E-01 -4.6021789E-02  3.1038679E-02 -1.1753012E-02
  2.2717740E-02  5.1546652E+00 -1.2244000E+00  5.0775530E-01 -2.2562707E-01  7.1831230E-02  9.8580441E-01 -4.4503761E-01  1.9077012E-01 -4.6436046E-02  3.1581595E-02 -1.1958351E-02
  2.2870353E-02  5.1478685E+00 -1.2152669E+00  5.0337513E-01 -2.2362498E-01  7.1190738E-02  9.9493442E-01 -4.4905409E-01  1.9248324E-01 -4.6852749E-02  3.2133530E-02 -1.2167094E-02
  2.3023985E-02  5.1408224E+00 -1.2059720E+00  4.9892077E-01 -2.2158928E-01  7.0539508E-02  1.0041253E+00 -4.5309465E-01  1.9420641E-01 -4.7271887E-02  3.2694624E-02 -1.2379293E-02
  2.3178643E-02  5.1335264E+00 -1.1965144E+00  4.9439188E-01 -2.1951982E-01  6.9877492E-02  1.0133771E+00 -4.5715919E-01  1.9593957E-01 -4.7693448E-02  3.3265015E-02 -1.2595000E-02
  2.3334334E-02  5.1259798E+00 -1.1868935E+00  4.8978815E-01 -2.1741644E-01  6.9204644E-02  1.0226897E+00 -4.6124760E-01  1.9768268E-01 -4.8117419E-02  3.3844845E-02 -1.2814268E-02
  2.3491065E-02  5.1181822E+00 -1.1771084E+00  4.8510926E-01 -2.1527902E-01  6.8520920E-02  1.0320632E+00 -4.6535978E-01  1.9943568E-01 -4.8543788E-02  3.4434259E-02 -1.3037152E-02
  2.3648843E-02  5.1101330E+00 -1.1671585E+00  4.8035490E-01 -2.1310741E-01  6.7826277E-02  1.0414973E+00 -4.6949562E-01  2.0119851E-01 -4.8972540E-02  3.5033401E-02 -1.3263705E-02
  2.3807674E-02  5.1018316E+00 -1.1570429E+00  4.7552476E-01 -2.1090148E-01  6.7120673E-02  1.0509921E+00 -4.7365499E-01  2.0297112E-01 -4.9403661E-02  3.5642419E-02 -1.3493984E-02
  2.3967566E-02  5.0932778E+00 -1.1467610E+00  4.7061857E-01 -2.0866111E-01  6.6404066E-02  1.0605475E+00 -4.7783777E-01  2.0475344E-01 -4.9837136E-02  3.6261462E-02 -1.3728044E-02
  2.4128526E-02  5.0844709E+00 -1.1363121E+00  4.6563604E-01 -2.0638617E-01  6.5676419E-02  1.0701633E+00 -4.8204382E-01  2.0654541E-01 -5.0272949E-02  3.6890682E-02 -1.3965941E-02
  2.4290561E-02  5.0754107E+00 -1.1256956E+00  4.6057691E-01 -2.0407654E-01  6.4937694E-02  1.0798396E+00 -4.8627301E-01  2.0834697E-01 -5.0711082E-02  3.7530231E-02 -1.4207735E-02
  2.4453678E-02  5.0660968E+00 -1.1149107E+00  4.5544090E-01 -2.0173211E-01  6.4187853E-02  1.0895761E+00 -4.9052518E-01  2.1015803E-01 -5.1151519E-02  3.8180264E-02 -1.4453481E-02
  2.4617884E-02  5.0565290E+00 -1.1039569E+00  4.5022777E-01 -1.9935277E-01  6.3426862E-02  1.0993728E+00 -4.9480017E-01  2.1197853E-01 -5.1594240E-02  3.8840939E-02 -1.4703240E-02
  2.4783188E-02  5.0467069E+00 -1.0928335E+00  4.4493729E-01 -1.9693842E-01  6.2654689E-02  1.1092295E+00 -4.9909784E-01  2.1380839E-01 -5.2039227E-02  3.9512414E-02 -1.4957071E-02
  2.4949595E-02  5.0366303E+00 -1.0815399E+00  4.3956921E-01 -1.9448895E-01  6.1871301E-02  1.1191460E+00 -5.0341800E-01  2.1564753E-01 -5.2486460E-02  4.0194851E-02 -1.5215034E-02
  2.5117113E-02  5.0262992E+00 -1.0700756E+00  4.3412333E-01 -1.9200427E-01  6.1076669E-02  1.1291223E+00 -5.0776049E-01  2.1749586E-01 -5.2935919E-02  4.0888413E-02 -1.5477191E-02
  2.5285751E-02  5.0157132E+00 -1.0584400E+00  4.2859943E-01 -1.8948430E-01  6.0270764E-02  1.1391581E+00 -5.1212511E-01  2.1935330E-01 -5.3387580E-02  4.1593264E-02 -1.5743603E-02
  2.5455514E-02  5.0048724E+00 -1.0466327E+00  4.2299731E-01 -1.8692894E-01  5.9453559E-02  1.1492532E+00 -5.1651167E-01  2.2121975E-01 -5.3841423E-02  4.2309572E-02 -1.6014333E-02
  2.5626412E-02  4.9937766E+00 -1.0346529E+00  4.1731680E-01 -1.8433811E-01  5.8625030E-02  1.1594075E+00 -5.2091998E-01  2.2309513E-01 -5.4297423E-02  4.3037506E-02 -1.6289444E-02
  2.5798450E-02  4.9824260E+00 -1.0225004E+00  4.1155772E-01 -1.8171176E-01  5.7785154E-02  1.1696207E+00 -5.2534983E-01  2.2497932E-01 -5.4755557E-02  4.3777238E-02 -1.6569001E-02
  2.5971638E-02  4.9708204E+00 -1.0101746E+00  4.0571990E-01 -1.7904979E-01  5.6933908E-02  1.1798927E+00 -5.2980100E-01  2.2687224E-01 -5.5215799E-02  4.4528940E-02 -1.6853068E-02
  2.6145983E-02  4.9589600E+00 -9.9767508E-01  3.9980320E-01 -1.7635217E-01  5.6071275E-02  1.1902231E+00 -5.3427327E-01  2.2877377E-01 -5.5678124E-02  4.5292788E-02 -1.7141711E-02
  2.6321491E-02  4.9468450E+00 -9.8500141E-01  3.9380748E-01 -1.7361882E-01  5.5197235E-02  1.2006117E+00 -5.3876640E-01  2.3068381E-01 -5.6142504E-02  4.6068961E-02 -1.7434997E-02
  2.6498172E-02  4.9344754E+00 -9.7215320E-01  3.8773263E-01 -1.7084970E-01  5.4311774E-02  1.2110583E+00 -5.4328015E-01  2.3260225E-01 -5.6608912E-02  4.6857637E-02 -1.7732992E-02
  2.6676033E-02  4.9218515E+00 -9.5913009E-01  3.8157852E-01 -1.6804477E-01  5.3414878E-02  1.2215627E+00 -5.4781428E-01  2.3452896E-01 -5.7077319E-02  4.7658999E-02 -1.8035765E-02
  2.6855082E-02  4.9089735E+00 -9.4593172E-01  3.7534507E-01 -1.6520398E-01  5.2506536E-02  1.2321244E+00 -5.5236853E-01  2.3646382E-01 -5.7547696E-02  4.8473230E-02 -1.8343385E-02
  2.7035327E-02  4.8958417E+00 -9.3255778E-01  3.6903218E-01 -1.6232731E-01  5.1586737E-02  1.2427432E+00 -5.5694262E-01  2.3840672E-01 -5.8020010E-02  4.9300518E-02 -1.8655921E-02
  2.7216775E-02  4.8824566E+00 -9.1900797E-01  3.6263980E-01 -1.5941474E-01  5.0655475E-02  1.2534188E+00 -5.6153629E-01  2.4035752E-01 -5.8494232E-02  5.0141050E-02 -1.8973443E-02
  2.7399435E-02  4.8688185E+00 -9.0528203E-01  3.5616787E-01 -1.5646624E-01  4.9712745E-02  1.2641508E+00 -5.6614925E-01  2.4231609E-01 -5.8970329E-02  5.0995017E-02 -1.9296024E-02
  2.7583315E-02  4.8549277E+00 -8.9137972E-01  3.4961634E-01 -1.5348181E-01  4.8758542E-02  1.2749389E+00 -5.7078121E-01  2.4428229E-01 -5.9448265E-02  5.1862613E-02 -1.9623735E-02
  2.7768424E-02  4.8407850E+00 -8.7730082E-01  3.4298521E-01 -1.5046143E-01  4.7792868E-02  1.2857828E+00 -5.7543185E-01  2.4625599E-01 -5.9928008E-02  5.2744032E-02 -1.9956649E-02
  2.7954768E-02  4.8263906E+00 -8.6304514E-01  3.3627444E-01 -1.4740512E-01  4.6815722E-02  1.2966820E+00 -5.8010088E-01  2.4823703E-01 -6.0409520E-02  5.3639472E-02 -2.0294840E-02
  2.8142357E-02  4.8117454E+00 -8.4861254E-01  3.2948406E-01 -1.4431289E-01  4.5827109E-02  1.3076362E+00 -5.8478796E-01  2.5022527E-01 -6.0892766E-02  5.4549133E-02 -2.0638382E-02
  2.8331199E-02  4.7968498E+00 -8.3400288E-01  3.2261408E-01 -1.4118475E-01  4.4827036E-02  1.3186449E+00 -5.8949276E-01  2.5222056E-01 -6.1377708E-02  5.5473217E-02 -2.0987351E-02
  2.8521302E-02  4.7817046E+00 -8.1921607E-01  3.1566454E-01 -1.3802073E-01  4.3815511E-02  1.3297077E+00 -5.9421495E-01  2.5422272E-01 -6.1864305E-02  5.6411927E-02 -2.1341822E-02
  2.8712675E-02  4.7663105E+00 -8.0425204E-01  3.0863550E-01 -1.3482086E-01  4.2792544E-02  1.3408243E+00 -5.9895417E-01  2.5623161E-01 -6.2352519E-02  5.7365471E-02 -2.1701874E-02
  2.8905326E-02  4.7506683E+00 -7.8911075E-01  3.0152702E-01 -1.3158519E-01  4.1758150E-02  1.3519940E+00 -6.0371005E-01  2.5824706E-01 -6.2842309E-02  5.8334058E-02 -2.2067583E-02
  2.9099263E-02  4.7347789E+00 -7.7379219E-01  2.9433920E-01 -1.2831375E-01  4.0712346E-02  1.3632165E+00 -6.0848223E-01  2.6026888E-01 -6.3333630E-02  5.9317898E-02 -2.2439029E-02
  2.9294496E-02  4.7186431E+00 -7.5829640E-01  2.8707215E-01 -1.2500662E-01  3.9655149E-02  1.3744913E+00 -6.1327033E-01  2.6229691E-01 -6.3826442E-02  6.0317205E-02 -2.2816291E-02
  2.9491032E-02  4.7022618E+00 -7.4262343E-01  2.7972598E-01 -1.2166386E-01  3.8586581E-02  1.3858178E+00 -6.1807394E-01  2.6433097E-01 -6.4320698E-02  6.1332196E-02 -2.3199450E-02
  2.9688882E-02  4.6856361E+00 -7.2677336E-01  2.7230083E-01 -1.1828553E-01  3.7506667E-02  1.3971956E+00 -6.2289267E-01  2.6637086E-01 -6.4816353E-02  6.2363088E-02 -2.3588587E-02
  2.9888052E-02  4.6687670E+00 -7.1074633E-01  2.6479688E-01 -1.1487173E-01  3.6415434E-02  1.4086241E+00 -6.2772609E-01  2.6841640E-01 -6.5313359E-02  6.3410103E-02 -2.3983784E-02
  3.0088553E-02  4.6516556E+00 -6.9454250E-01  2.5721428E-01 -1.1142254E-01  3.5312911E-02  1.4201026E+00 -6.3257379E-01  2.7046738E-01 -6.5811670E-02  6.4473463E-02 -2.4385123E-02
  3.0290393E-02  4.6343030E+00 -6.7816205E-01  2.4955325E-01 -1.0793806E-01  3.4199131E-02  1.4316308E+00 -6.3743533E-01  2.7252362E-01 -6.6311234E-02  6.5553393E-02 -2.4792690E-02
  3.0493580E-02  4.6167105E+00 -6.6160521E-01  2.4181400E-01 -1.0441841E-01  3.3074129E-02  1.4432079E+00 -6.4231026E-01  2.7458490E-01 -6.6812003E-02  6.6650122E-02 -2.5206569E-02
  3.0698125E-02  4.5988792E+00 -6.4487224E-01  2.3399676E-01 -1.0086370E-01  3.1937944E-02  1.4548333E+00 -6.4719812E-01  2.7665101E-01 -6.7313923E-02  6.7763880E-02 -2.5626845E-02
  3.0904036E-02  4.5808106E+00 -6.2796344E-01  2.2610179E-01 -9.7274062E-02  3.0790618E-02  1.4665065E+00 -6.5209844E-01  2.7872174E-01 -6.7816942E-02  6.8894899E-02 -2.6053604E-02
  3.1111322E-02  4.5625058E+00 -6.1087915E-01  2.1812937E-01 -9.3649628E-02  2.9632194E-02  1.4782268E+00 -6.5701074E-01  2.8079686E-01 -6.8321004E-02  7.0043414E-02 -2.6486934E-02
  3.1319993E-02  4.5439664E+00 -5.9361973E-01  2.1007979E-01 -8.9990547E-02  2.8462721E-02  1.4899934E+00 -6.6193452E-01  2.8287615E-01 -6.8826056E-02  7.1209663E-02 -2.6926924E-02
  3.1530057E-02  4.5251939E+00 -5.7618560E-01  2.0195336E-01 -8.6296977E-02  2.7282249E-02  1.5018058E+00 -6.6686928E-01  2.8495937E-01 -6.9332039E-02  7.2393886E-02 -2.7373662E-02
  3.1741524E-02  4.5061896E+00 -5.5857720E-01  1.9375044E-01 -8.2569082E-02  2.6090832E-02  1.5136632E+00 -6.7181450E-01  2.8704629E-01 -6.9838894E-02  7.3596325E-02 -2.7827238E-02
  3.1954404E-02  4.4869553E+00 -5.4079501E-01  1.8547136E-01 -7.8807040E-02  2.4888527E-02  1.5255648E+00 -6.7676964E-01  2.8913667E-01 -7.0346564E-02  7.4817225E-02 -2.8287744E-02
  3.2168705E-02  4.4674924E+00 -5.2283956E-01  1.7711653E-01 -7.5011037E-02  2.3675394E-02  1.5375101E+00 -6.8173418E-01  2.9123025E-01 -7.0854985E-02  7.6056833E-02 -2.8755269E-02
  3.2384437E-02  4.4478028E+00 -5.0471141E-01  1.6868633E-01 -7.1181270E-02  2.2451498E-02  1.5494981E+00 -6.8670755E-01  2.9332678E-01 -7.1364097E-02  7.7315398E-02 -2.9229909E-02
  3.2601610E-02  4.4278881E+00 -4.8641117E-01  1.6018120E-01 -6.7317946E-02  2.1216905E-02  1.5615281E+00 -6.9168919E-01  2.9542600E-01 -7.1873835E-02  7.8593174E-02 -2.9711754E-02
  3.2820234E-02  4.4077501E+00 -4.6793947E-01  1.5160158E-01 -6.3421285E-02  1.9971686E-02  1.5735994E+00 -6.9667851E-01  2.9752766E-01 -7.2384134E-02  7.9890413E-02 -3.0200901E-02
  3.3040318E-02  4.3873906E+00 -4.4929701E-01  1.4294795E-01 -5.9491514E-02  1.8715915E-02  1.5857110E+00 -7.0167493E-01  2.9963147E-01 -7.2894928E-02  8.1207374E-02 -3.0697443E-02
  3.3261871E-02  4.3668116E+00 -4.3048451E-01  1.3422080E-01 -5.5528873E-02  1.7449669E-02  1.5978621E+00 -7.0667784E-01  3.0173716E-01 -7.3406148E-02  8.2544315E-02 -3.1201478E-02
  3.3484904E-02  4.3460149E+00 -4.1150273E-01  1.2542064E-01 -5.1533613E-02  1.6173029E-02  1.6100520E+00 -7.1168662E-01  3.0384444E-01 -7.3917726E-02  8.3901499E-02 -3.1713101E-02
  3.3709427E-02  4.3250026E+00 -3.9235248E-01  1.1654802E-01 -4.7505997E-02  1.4886081E-02  1.6222796E+00 -7.1670064E-01  3.0595304E-01 -7.4429590E-02  8.5279190E-02 -3.2232411E-02
  3.3935450E-02  4.3037768E+00 -3.7303462E-01  1.0760350E-01 -4.3446298E-02  1.3588912E-02  1.6345442E+00 -7.2171925E-01  3.0806264E-01 -7.4941668E-02  8.6677655E-02 -3.2759505E-02
  3.4162981E-02  4.2823395E+00 -3.5355004E-01  9.8587681E-02 -3.9354801E-02  1.2281614E-02  1.6468447E+00 -7.2674181E-01  3.1017297E-01 -7.5453887E-02  8.8097162E-02 -3.3294485E-02
  3.4392033E-02  4.2606929E+00 -3.3389969E-01  8.9501168E-02 -3.5231803E-02  1.0964284E-02  1.6591802E+00 -7.3176763E-01  3.1228370E-01 -7.5966170E-02  8.9537984E-02 -3.3837449E-02
  3.4622614E-02  4.2388392E+00 -3.1408454E-01  8.0344605E-02 -3.1077613E-02  9.6370202E-03  1.6715499E+00 -7.3679604E-01  3.1439452E-01 -7.6478443E-02  9.1000394E-02 -3.4388499E-02
  3.4854735E-02  4.2167807E+00 -2.9410563E-01  7.1118657E-02 -2.6892550E-02  8.2999271E-03  1.6839525E+00 -7.4182633E-01  3.1650512E-01 -7.6990625E-02  9.2484670E-02 -3.4947737E-02
  3.5088407E-02  4.1945196E+00 -2.7396403E-01  6.1824016E-02 -2.2676948E-02  6.9531117E-03  1.6963873E+00 -7.4685780E-01  3.1861517E-01 -7.7502638E-02  9.3991090E-02 -3.5515265E-02
  3.5323639E-02  4.1720585E+00 -2.5366085E-01  5.2461399E-02 -1.8431152E-02  5.5966853E-03  1.7088531E+00 -7.5188971E-01  3.2072435E-01 -7.8014401E-02  9.5519935E-02 -3.6091188E-02
  3.5560442E-02  4.1493996E+00 -2.3319727E-01  4.3031549E-02 -1.4155519E-02  4.2307633E-03  1.7213489E+00 -7.5692133E-01  3.2283230E-01 -7.8525829E-02  9.7071489E-02 -3.6675610E-02
  3.5798827E-02  4.1265455E+00 -2.1257450E-01  3.3535237E-02 -9.8504190E-03  2.8554648E-03  1.7338736E+00 -7.6195191E-01  3.2493870E-01 -7.9036840E-02  9.8646039E-02 -3.7268635E-02
  3.6038803E-02  4.1034987E+00 -1.9179379E-01  2.3973261E-02 -5.5162343E-03  1.4709134E-03  1.7464261E+00 -7.6698067E-01  3.2704318E-01 -7.9547347E-02  1.0024387E-01 -3.7870371E-02
  3.6280383E-02  4.0802618E+00 -1.7085645E-01  1.4346444E-02 -1.1533605E-03  7.7236493E-05  1.7590054E+00 -7.7200683E-01  3.2914540E-01 -8.0057263E-02  1.0186528E-01 -3.8480924E-02
  3.6523575E-02  4.0568373E+00 -1.4976383E-01  4.6556383E-03  3.2377940E-03 -1.3254341E-03  1.7716102E+00 -7.7702960E-01  3.3124498E-01 -8.0566498E-02  1.0351056E-01 -3.9100402E-02
  3.6768392E-02  4.0332281E+00 -1.2851734E-01 -5.0982765E-03  7.6568079E-03 -2.7369626E-03  1.7842394E+00 -7.8204816E-01  3.3334157E-01 -8.1074962E-02  1.0518000E-01 -3.9728912E-02
  3.7014845E-02  4.0094368E+00 -1.0711842E-01 -1.4914393E-02  1.2103246E-02 -4.1572088E-03  1.7968919E+00 -7.8706169E-01  3.3543478E-01 -8.1582563E-02  1.0687390E-01 -4.0366566E-02
  3.7262943E-02  3.9854663E+00 -8.5568578E-02 -2.4791774E-02  1.6576661E-02 -5.5860282E-03  1.8095663E+00 -7.9206935E-01  3.3752423E-01 -8.2089206E-02  1.0859257E-01 -4.1013472E-02
  3.7512698E-02  3.9613193E+00 -6.3869360E-02 -3.4729457E-02  2.1076591E-02 -7.0232720E-03  1.8222616E+00 -7.9707028E-01  3.3960953E-01 -8.2594797E-02  1.1033630E-01 -4.1669742E-02
  3.7764121E-02  3.9369987E+00 -4.2022364E-02 -4.4726448E-02  2.5602561E-02 -8.4687869E-03  1.8349764E+00 -8.0206361E-01  3.4169029E-01 -8.3099237E-02  1.1210540E-01 -4.2335487E-02
  3.8017223E-02  3.9125075E+00 -2.0029237E-02 -5.4781724E-02  3.0154082E-02 -9.9224155E-03  1.8477095E+00 -8.0704846E-01  3.4376611E-01 -8.3602429E-02  1.1390017E-01 -4.3010819E-02
  3.8272015E-02  3.8878487E+00  2.1083220E-03 -6.4894233E-02  3.4730650E-02 -1.1383996E-02  1.8604595E+00 -8.1202393E-01  3.4583656E-01 -8.4104271E-02  1.1572094E-01 -4.3695852E-02
  3.8528510E-02  3.8630252E+00  2.4388564E-02 -7.5062895E-02  3.9331750E-02 -1.2853361E-02  1.8732252E+00 -8.1698910E-01  3.4790124E-01 -8.4604662E-02  1.1756800E-01 -4.4390699E-02
  3.8786717E-02  3.8380403E+00  4.6809690E-02 -8.5286597E-02  4.3956850E-02 -1.4330339E-02  1.8860052E+00 -8.2194304E-01  3.4995973E-01 -8.5103498E-02  1.1944167E-01 -4.5095476E-02
  3.9046649E-02  3.8128969E+00  6.9369847E-02 -9.5564198E-02  4.8605405E-02 -1.5814756E-02  1.8987982E+00 -8.2688481E-01  3.5201160E-01 -8.5600672E-02  1.2134227E-01 -4.5810296E-02
  3.9308316E-02  3.7875983E+00  9.2067134E-02 -1.0589453E-01  5.3276855E-02 -1.7306431E-02  1.9116027E+00 -8.3181344E-01  3.5405640E-01 -8.6096079E-02  1.2327012E-01 -4.6535277E-02
  3.9571732E-02  3.7621477E+00  1.1489960E-01 -1.1627638E-01  5.7970626E-02 -1.8805178E-02  1.9244173E+00 -8.3672795E-01  3.5609369E-01 -8.6589610E-02  1.2522553E-01 -4.7270535E-02
  3.9836906E-02  3.7365483E+00  1.3786522E-01 -1.2670852E-01  6.2686130E-02 -2.0310808E-02  1.9372407E+00 -8.4162737E-01  3.5812303E-01 -8.7081153E-02  1.2720884E-01 -4.8016187E-02
  4.0103852E-02  3.7108036E+00  1.6096196E-01 -1.3718970E-01  6.7422763E-02 -2.1823126E-02  1.9500713E+00 -8.4651067E-01  3.6014395E-01 -8.7570596E-02  1.2922035E-01 -4.8772351E-02
  4.0372580E-02  3.6849167E+00  1.8418770E-01 -1.4771860E-01  7.2179907E-02 -2.3341934E-02  1.9629077E+00 -8.5137684E-01  3.6215599E-01 -8.8057826E-02  1.3126041E-01 -4.9539145E-02
  4.0643103E-02  3.6588912E+00  2.0754026E-01 -1.5829391E-01  7.6956929E-02 -2.4867027E-02  1.9757484E+00 -8.5622483E-01  3.6415868E-01 -8.8542726E-02  1.3332934E-01 -5.0316690E-02
  4.0915433E-02  3.6327304E+00  2.3101745E-01 -1.6891426E-01  8.1753180E-02 -2.6398197E-02  1.9885918E+00 -8.6105359E-01  3.6615155E-01 -8.9025180E-02  1.3542747E-01 -5.1105104E-02
  4.1189582E-02  3.6064379E+00  2.5461697E-01 -1.7957827E-01  8.6567997E-02 -2.7935229E-02  2.0014364E+00 -8.6586206E-01  3.6813410E-01 -8.9505068E-02  1.3755513E-01 -5.1904509E-02
  4.1465561E-02  3.5800171E+00  2.7833651E-01 -1.9028451E-01  9.1400702E-02 -2.9477905E-02  2.0142807E+00 -8.7064915E-01  3.7010584E-01 -8.9982269E-02  1.3971265E-01 -5.2715024E-02
  4.1743384E-02  3.5534717E+00  3.0217370E-01 -2.0103152E-01  9.6250601E-02 -3.1026002E-02  2.0271229E+00 -8.7541375E-01  3.7206627E-01 -9.0456661E-02  1.4190038E-01 -5.3536772E-02
  4.2023062E-02  3.5268053E+00  3.2612609E-01 -2.1181782E-01  1.0111698E-01 -3.2579290E-02  2.0399616E+00 -8.8015475E-01  3.7401489E-01 -9.0928119E-02  1.4411865E-01 -5.4369875E-02
  4.2304609E-02  3.5000214E+00  3.5019120E-01 -2.2264190E-01  1.0599913E-01 -3.4137538E-02  2.0527950E+00 -8.8487101E-01  3.7595118E-01 -9.1396518E-02  1.4636780E-01 -5.5214455E-02
  4.2588035E-02  3.4731237E+00  3.7436650E-01 -2.3350218E-01  1.1089629E-01 -3.5700505E-02  2.0656215E+00 -8.8956139E-01  3.7787462E-01 -9.1861729E-02  1.4864817E-01 -5.6070635E-02
  4.2873354E-02  3.4461161E+00  3.9864938E-01 -2.4439710E-01  1.1580772E-01 -3.7267948E-02  2.0784394E+00 -8.9422472E-01  3.7978468E-01 -9.2323623E-02  1.5096011E-01 -5.6938539E-02
  4.3160579E-02  3.4190022E+00  4.2303720E-01 -2.5532502E-01  1.2073264E-01 -3.8839619E-02  2.0912470E+00 -8.9885982E-01  3.8168082E-01 -9.2782069E-02  1.5330396E-01 -5.7818291E-02
  4.3449723E-02  3.3917858E+00  4.4752726E-01 -2.6628430E-01  1.2567026E-01 -4.0415265E-02  2.1040425E+00 -9.0346550E-01  3.8356252E-01 -9.3236933E-02  1.5568007E-01 -5.8710014E-02
  4.3740797E-02  3.3644707E+00  4.7211680E-01 -2.7727325E-01  1.3061978E-01 -4.1994626E-02  2.1168242E+00 -9.0804053E-01  3.8542920E-01 -9.3688081E-02  1.5808878E-01 -5.9613835E-02
  4.4033815E-02  3.3370608E+00  4.9680300E-01 -2.8829015E-01  1.3558039E-01 -4.3577438E-02  2.1295904E+00 -9.1258370E-01  3.8728032E-01 -9.4135376E-02  1.6053045E-01 -6.0529878E-02
  4.4328790E-02  3.3095601E+00  5.2158301E-01 -2.9933326E-01  1.4055124E-01 -4.5163432E-02  2.1423391E+00 -9.1709376E-01  3.8911532E-01 -9.4578680E-02  1.6300542E-01 -6.1458268E-02
  4.4625736E-02  3.2819723E+00  5.4645389E-01 -3.1040077E-01  1.4553149E-01 -4.6752335E-02  2.1550686E+00 -9.2156945E-01  3.9093362E-01 -9.5017853E-02  1.6551406E-01 -6.2399132E-02
  4.4924664E-02  3.2543015E+00  5.7141267E-01 -3.2149087E-01  1.5052026E-01 -4.8343866E-02  2.1677771E+00 -9.2600949E-01  3.9273465E-01 -9.5452754E-02  1.6805670E-01 -6.3352595E-02
  4.5225589E-02  3.2265516E+00  5.9645633E-01 -3.3260171E-01  1.5551668E-01 -4.9937741E-02  2.1804626E+00 -9.3041260E-01  3.9451781E-01 -9.5883238E-02  1.7063372E-01 -6.4318785E-02
  4.5528524E-02  3.1987267E+00  6.2158177E-01 -3.4373139E-01  1.6051985E-01 -5.1533670E-02  2.1931232E+00 -9.3477746E-01  3.9628253E-01 -9.6309161E-02  1.7324545E-01 -6.5297826E-02
  4.5833481E-02  3.1708307E+00  6.4678587E-01 -3.5487800E-01  1.6552884E-01 -5.3131359E-02  2.2057571E+00 -9.3910275E-01  3.9802819E-01 -9.6730376E-02  1.7589227E-01 -6.6289847E-02
  4.6140476E-02  3.1428678E+00  6.7206542E-01 -3.6603958E-01  1.7054273E-01 -5.4730506E-02  2.2183623E+00 -9.4338713E-01  3.9975420E-01 -9.7146735E-02  1.7857453E-01 -6.7294975E-02
  4.6449521E-02  3.1148420E+00  6.9741718E-01 -3.7721413E-01  1.7556057E-01 -5.6330807E-02  2.2309368E+00 -9.4762926E-01  4.0145993E-01 -9.7558086E-02  1.8129259E-01 -6.8313335E-02
  4.6760630E-02  3.0867573E+00  7.2283786E-01 -3.8839963E-01  1.8058139E-01 -5.7931951E-02  2.2434787E+00 -9.5182775E-01  4.0314478E-01 -9.7964278E-02  1.8404680E-01 -6.9345057E-02
  4.7073816E-02  3.0586181E+00  7.4832408E-01 -3.9959403E-01  1.8560422E-01 -5.9533621E-02  2.2559859E+00 -9.5598123E-01  4.0480811E-01 -9.8365158E-02  1.8683754E-01 -7.0390267E-02
  4.7389095E-02  3.0304283E+00  7.7387245E-01 -4.1079523E-01  1.9062805E-01 -6.1135498E-02  2.2684565E+00 -9.6008830E-01  4.0644929E-01 -9.8760570E-02  1.8966516E-01 -7.1449092E-02
  4.7706479E-02  3.0021922E+00  7.9947951E-01 -4.2200110E-01  1.9565187E-01 -6.2737253E-02  2.2808883E+00 -9.6414753E-01  4.0806768E-01 -9.9150356E-02  1.9253003E-01 -7.2521660E-02
  4.8025982E-02  2.9739139E+00  8.2514173E-01 -4.3320947E-01  2.0067466E-01 -6.4338556E-02  2.2932793E+00 -9.6815750E-01  4.0966263E-01 -9.9534360E-02  1.9543250E-01 -7.3608098E-02
  4.8347620E-02  2.9455976E+00  8.5085556E-01 -4.4441816E-01  2.0569537E-01 -6.5939070E-02  2.3056274E+00 -9.7211676E-01  4.1123350E-01 -9.9912419E-02  1.9837295E-01 -7.4708533E-02
  4.8671405E-02  2.9172476E+00  8.7661736E-01 -4.5562494E-01  2.1071293E-01 -6.7538452E-02  2.3179305E+00 -9.7602386E-01  4.1277961E-01 -1.0028437E-01  2.0135173E-01 -7.5823093E-02
  4.8997353E-02  2.8888682E+00  9.0242348E-01 -4.6682754E-01  2.1572626E-01 -6.9136355E-02  2.3301865E+00 -9.7987731E-01  4.1430030E-01 -1.0065006E-01  2.0436921E-01 -7.6951905E-02
  4.9325478E-02  2.8604634E+00  9.2827018E-01 -4.7802365E-01  2.2073428E-01 -7.0732427E-02  2.3423932E+00 -9.8367563E-01  4.1579490E-01 -1.0100931E-01  2.0742576E-01 -7.8095096E-02
  4.9655795E-02  2.8320376E+00  9.5415369E-01 -4.8921096E-01  2.2573587E-01 -7.2326310E-02  2.3545484E+00 -9.8741731E-01  4.1726273E-01 -1.0136196E-01  2.1052174E-01 -7.9252791E-02
  4.9988317E-02  2.8035952E+00  9.8007018E-01 -5.0038710E-01  2.3072991E-01 -7.3917641E-02  2.3666500E+00 -9.9110083E-01  4.1870310E-01 -1.0170784E-01  2.1365752E-01 -8.0425118E-02
  5.0323060E-02  2.7751402E+00  1.0060158E+00 -5.1154966E-01  2.3571525E-01 -7.5506051E-02  2.3786958E+00 -9.9472466E-01  4.2011532E-01 -1.0204678E-01  2.1683346E-01 -8.1612203E-02
  5.0660039E-02  2.7466770E+00  1.0319865E+00 -5.2269621E-01  2.4069073E-01 -7.7091169E-02  2.3906834E+00 -9.9828725E-01  4.2149869E-01 -1.0237861E-01  2.2004993E-01 -8.2814171E-02
  5.0999269E-02  2.7182100E+00  1.0579785E+00 -5.3382430E-01  2.4565518E-01 -7.8672615E-02  2.4026108E+00 -1.0017870E+00  4.2285251E-01 -1.0270316E-01  2.2330728E-01 -8.4031147E-02
  5.1340764E-02  2.6897434E+00  1.0839876E+00 -5.4493141E-01  2.5060742E-01 -8.0250006E-02  2.4144755E+00 -1.0052225E+00  4.2417606E-01 -1.0302025E-01  2.2660590E-01 -8.5263256E-02
  5.1684539E-02  2.6612814E+00  1.1100099E+00 -5.5601503E-01  2.5554622E-01 -8.1822954E-02  2.4262754E+00 -1.0085919E+00  4.2546863E-01 -1.0332971E-01  2.2994613E-01 -8.6510623E-02
  5.2030611E-02  2.6328284E+00  1.1360410E+00 -5.6707258E-01  2.6047038E-01 -8.3391065E-02  2.4380081E+00 -1.0118938E+00  4.2672949E-01 -1.0363136E-01  2.3332835E-01 -8.7773372E-02
  5.2378994E-02  2.6043888E+00  1.1620770E+00 -5.7810146E-01  2.6537865E-01 -8.4953941E-02  2.4496713E+00 -1.0151265E+00  4.2795792E-01 -1.0392502E-01  2.3675291E-01 -8.9051625E-02
  5.2729704E-02  2.5759667E+00  1.1881136E+00 -5.8909906E-01  2.7026979E-01 -8.6511178E-02  2.4612626E+00 -1.0182884E+00  4.2915318E-01 -1.0421051E-01  2.4022019E-01 -9.0345505E-02
  5.3082756E-02  2.5475665E+00  1.2141465E+00 -6.0006270E-01  2.7514252E-01 -8.8062368E-02  2.4727798E+00 -1.0213779E+00  4.3031454E-01 -1.0448765E-01  2.4373053E-01 -9.1655134E-02
  5.3438165E-02  2.5191924E+00  1.2401714E+00 -6.1098970E-01  2.7999556E-01 -8.9607098E-02  2.4842205E+00 -1.0243932E+00  4.3144125E-01 -1.0475626E-01  2.4728431E-01 -9.2980633E-02
  5.3795949E-02  2.4908488E+00  1.2661839E+00 -6.2187733E-01  2.8482762E-01 -9.1144950E-02  2.4955822E+00 -1.0273328E+00  4.3253255E-01 -1.0501616E-01  2.5088188E-01 -9.4322122E-02
  5.4156122E-02  2.4625399E+00  1.2921797E+00 -6.3272284E-01  2.8963738E-01 -9.2675501E-02  2.5068626E+00 -1.0301950E+00  4.3358770E-01 -1.0526715E-01  2.5452359E-01 -9.5679721E-02
  5.4518700E-02  2.4342701E+00  1.3181543E+00 -6.4352344E-01  2.9442351E-01 -9.4198324E-02  2.5180593E+00 -1.0329780E+00  4.3460592E-01 -1.0550906E-01  2.5820981E-01 -9.7053548E-02
  5.4883701E-02  2.4060434E+00  1.3441032E+00 -6.5427632E-01  2.9918468E-01 -9.5712986E-02  2.5291699E+00 -1.0356802E+00  4.3558647E-01 -1.0574169E-01  2.6194089E-01 -9.8443720E-02
  5.5251138E-02  2.3778642E+00  1.3700218E+00 -6.6497862E-01  3.0391953E-01 -9.7219051E-02  2.5401918E+00 -1.0382998E+00  4.3652856E-01 -1.0596486E-01  2.6571719E-01 -9.9850354E-02
  5.5621030E-02  2.3497368E+00  1.3959058E+00 -6.7562748E-01  3.0862668E-01 -9.8716077E-02  2.5511228E+00 -1.0408352E+00  4.3743143E-01 -1.0617838E-01  2.6953905E-01 -1.0127357E-01
  5.5993392E-02  2.3216653E+00  1.4217503E+00 -6.8621998E-01  3.1330476E-01 -1.0020362E-01  2.5619602E+00 -1.0432846E+00  4.3829429E-01 -1.0638205E-01  2.7340682E-01 -1.0271347E-01
  5.6368241E-02  2.2936539E+00  1.4475508E+00 -6.9675320E-01  3.1795236E-01 -1.0168123E-01  2.5727017E+00 -1.0456462E+00  4.3911636E-01 -1.0657569E-01  2.7732086E-01 -1.0417018E-01
  5.6745593E-02  2.2657068E+00  1.4733025E+00 -7.0722418E-01  3.2256808E-01 -1.0314844E-01  2.5833447E+00 -1.0479184E+00  4.3989686E-01 -1.0675910E-01  2.8128152E-01 -1.0564380E-01
  5.7125466E-02  2.2378282E+00  1.4990008E+00 -7.1762991E-01  3.2715049E-01 -1.0460481E-01  2.5938868E+00 -1.0500994E+00  4.4063499E-01 -1.0693209E-01  2.8528912E-01 -1.0713445E-01
  5.7507876E-02  2.2100222E+00  1.5246410E+00 -7.2796739E-01  3.3169815E-01 -1.0604987E-01  2.6043255E+00 -1.0521873E+00  4.4132996E-01 -1.0709446E-01  2.8934402E-01 -1.0864223E-01
  5.7892839E-02  2.1822929E+00  1.5502181E+00 -7.3823358E-01  3.3620961E-01 -1.0748316E-01  2.6146582E+00 -1.0541804E+00  4.4198096E-01 -1.0724602E-01  2.9344655E-01 -1.1016726E-01
  5.8280374E-02  2.1546444E+00  1.5757274E+00 -7.4842540E-01  3.4068341E-01 -1.0890419E-01  2.6248824E+00 -1.0560769E+00  4.4258721E-01 -1.0738657E-01  2.9759705E-01 -1.1170963E-01
  5.8670497E-02  2.1270808E+00  1.6011640E+00 -7.5853975E-01  3.4511808E-01 -1.1031250E-01  2.6349956E+00 -1.0578751E+00  4.4314789E-01 -1.0751592E-01  3.0179586E-01 -1.1326946E-01
  5.9063225E-02  2.0996061E+00  1.6265230E+00 -7.6857352E-01  3.4951213E-01 -1.1170760E-01  2.6449953E+00 -1.0595731E+00  4.4366220E-01 -1.0763386E-01  3.0604329E-01 -1.1484684E-01
  5.9458577E-02  2.0722243E+00  1.6517995E+00 -7.7852357E-01  3.5386406E-01 -1.1308902E-01  2.6548789E+00 -1.0611692E+00  4.4412933E-01 -1.0774021E-01  3.1033968E-01 -1.1644188E-01
  5.9856568E-02  2.0449394E+00  1.6769886E+00 -7.8838671E-01  3.5817235E-01 -1.1445627E-01  2.6646439E+00 -1.0626614E+00  4.4454845E-01 -1.0783475E-01  3.1468536E-01 -1.1805467E-01
  6.0257218E-02  2.0177553E+00  1.7020853E+00 -7.9815976E-01  3.6243550E-01 -1.1580886E-01  2.6742877E+00 -1.0640480E+00  4.4491877E-01 -1.0791730E-01  3.1908063E-01 -1.1968532E-01
  6.0660544E-02  1.9906760E+00  1.7270845E+00 -8.0783951E-01  3.6665197E-01 -1.1714629E-01  2.6838077E+00 -1.0653272E+00  4.4523946E-01 -1.0798764E-01  3.2352582E-01 -1.2133391E-01
  6.1066563E-02  1.9637053E+00  1.7519813E+00 -8.1742272E-01  3.7082021E-01 -1.1846807E-01  2.6932015E+00 -1.0664971E+00  4.4550970E-01 -1.0804559E-01  3.2802124E-01 -1.2300054E-01
  6.1475294E-02  1.9368471E+00  1.7767705E+00 -8.2690612E-01  3.7493868E-01 -1.1977370E-01  2.7024664E+00 -1.0675560E+00  4.4572867E-01 -1.0809093E-01  3.3256720E-01 -1.2468530E-01
  6.1886754E-02  1.9101051E+00  1.8014471E+00 -8.3628645E-01  3.7900581E-01 -1.2106268E-01  2.7115999E+00 -1.0685018E+00  4.4589555E-01 -1.0812347E-01  3.3716399E-01 -1.2638827E-01
  6.2300963E-02  1.8834831E+00  1.8260061E+00 -8.4556041E-01  3.8302003E-01 -1.2233449E-01  2.7205994E+00 -1.0693329E+00  4.4600952E-01 -1.0814301E-01  3.4181193E-01 -1.2810955E-01
  6.2717938E-02  1.8569849E+00  1.8504422E+00 -8.5472467E-01  3.8697977E-01 -1.2358864E-01  2.7294624E+00 -1.0700474E+00  4.4606975E-01 -1.0814935E-01  3.4651129E-01 -1.2984922E-01
  6.3137698E-02  1.8306140E+00  1.8747503E+00 -8.6377591E-01  3.9088344E-01 -1.2482461E-01  2.7381862E+00 -1.0706433E+00  4.4607542E-01 -1.0814228E-01  3.5126238E-01 -1.3160736E-01
  6.3560261E-02  1.8043742E+00  1.8989254E+00 -8.7271077E-01  3.9472944E-01 -1.2604189E-01  2.7467683E+00 -1.0711190E+00  4.4602571E-01 -1.0812160E-01  3.5606548E-01 -1.3338404E-01
  6.3985646E-02  1.7782691E+00  1.9229622E+00 -8.8152589E-01  3.9851616E-01 -1.2723996E-01  2.7552062E+00 -1.0714725E+00  4.4591978E-01 -1.0808711E-01  3.6092087E-01 -1.3517935E-01
  6.4413873E-02  1.7523020E+00  1.9468555E+00 -8.9021788E-01  4.0224200E-01 -1.2841830E-01  2.7634974E+00 -1.0717019E+00  4.4575683E-01 -1.0803861E-01  3.6582882E-01 -1.3699336E-01
  6.4844959E-02  1.7264766E+00  1.9706002E+00 -8.9878334E-01  4.0590535E-01 -1.2957639E-01  2.7716391E+00 -1.0718055E+00  4.4553601E-01 -1.0797590E-01  3.7078960E-01 -1.3882613E-01
  6.5278925E-02  1.7007963E+00  1.9941911E+00 -9.0721887E-01  4.0950457E-01 -1.3071371E-01  2.7796290E+00 -1.0717813E+00  4.4525651E-01 -1.0789878E-01  3.7580347E-01 -1.4067774E-01
  6.5715788E-02  1.6752645E+00  2.0176228E+00 -9.1552104E-01  4.1303804E-01 -1.3182974E-01  2.7874644E+00 -1.0716275E+00  4.4491750E-01 -1.0780704E-01  3.8087069E-01 -1.4254824E-01
  6.6155570E-02  1.6498844E+00  2.0408904E+00 -9.2368642E-01  4.1650412E-01 -1.3292394E-01  2.7951428E+00 -1.0713423E+00  4.4451818E-01 -1.0770049E-01  3.8599151E-01 -1.4443771E-01
  6.6598288E-02  1.6246595E+00  2.0639883E+00 -9.3171156E-01  4.1990118E-01 -1.3399580E-01  2.8026617E+00 -1.0709238E+00  4.4405771E-01 -1.0757892E-01  3.9116618E-01 -1.4634619E-01
  6.7043964E-02  1.5995928E+00  2.0869116E+00 -9.3959300E-01  4.2322757E-01 -1.3504477E-01  2.8100186E+00 -1.0703702E+00  4.4353528E-01 -1.0744213E-01  3.9639493E-01 -1.4827374E-01
  6.7492615E-02  1.5746876E+00  2.1096549E+00 -9.4732729E-01  4.2648165E-01 -1.3607034E-01  2.8172109E+00 -1.0696796E+00  4.4295008E-01 -1.0728994E-01  4.0167799E-01 -1.5022042E-01
  6.7944263E-02  1.5499469E+00  2.1322130E+00 -9.5491095E-01  4.2966177E-01 -1.3707197E-01  2.8242362E+00 -1.0688503E+00  4.4230130E-01 -1.0712213E-01  4.0701559E-01 -1.5218627E-01
  6.8398928E-02  1.5253739E+00  2.1545807E+00 -9.6234050E-01  4.3276627E-01 -1.3804913E-01  2.8310920E+00 -1.0678803E+00  4.4158813E-01 -1.0693852E-01  4.1240794E-01 -1.5417134E-01
  6.8856629E-02  1.5009715E+00  2.1767528E+00 -9.6961246E-01  4.3579349E-01 -1.3900129E-01  2.8377758E+00 -1.0667678E+00  4.4080976E-01 -1.0673889E-01  4.1785525E-01 -1.5617566E-01
  6.9317387E-02  1.4767426E+00  2.1987240E+00 -9.7672335E-01  4.3874179E-01 -1.3992791E-01  2.8442850E+00 -1.0655111E+00  4.3996539E-01 -1.0652307E-01  4.2335772E-01 -1.5819927E-01
  6.9781222E-02  1.4526902E+00  2.2204892E+00 -9.8366968E-01  4.4160951E-01 -1.4082846E-01  2.8506174E+00 -1.0641083E+00  4.3905423E-01 -1.0629086E-01  4.2891555E-01 -1.6024221E-01
  7.0248155E-02  1.4288169E+00  2.2420431E+00 -9.9044796E-01  4.4439499E-01 -1.4170241E-01  2.8567704E+00 -1.0625576E+00  4.3807549E-01 -1.0604206E-01  4.3452893E-01 -1.6230450E-01
  7.0718207E-02  1.4051255E+00  2.2633805E+00 -9.9705469E-01  4.4709657E-01 -1.4254922E-01  2.8627417E+00 -1.0608572E+00  4.3702837E-01 -1.0577647E-01  4.4019802E-01 -1.6438617E-01
  7.1191397E-02  1.3816188E+00  2.2844964E+00 -1.0034864E+00  4.4971260E-01 -1.4336836E-01  2.8685288E+00 -1.0590053E+00  4.3591210E-01 -1.0549392E-01  4.4592300E-01 -1.6648724E-01
  7.1667748E-02  1.3582992E+00  2.3053854E+00 -1.0097396E+00  4.5224142E-01 -1.4415931E-01  2.8741293E+00 -1.0570003E+00  4.3472590E-01 -1.0519421E-01  4.5170402E-01 -1.6860772E-01
  7.2147281E-02  1.3351694E+00  2.3260426E+00 -1.0158107E+00  4.5468139E-01 -1.4492152E-01  2.8795410E+00 -1.0548402E+00  4.3346900E-01 -1.0487715E-01  4.5754123E-01 -1.7074763E-01
  7.2630016E-02  1.3122318E+00  2.3464627E+00 -1.0216964E+00  4.5703085E-01 -1.4565447E-01  2.8847614E+00 -1.0525233E+00  4.3214063E-01 -1.0454255E-01  4.6343479E-01 -1.7290697E-01
  7.3115975E-02  1.2894888E+00  2.3666406E+00 -1.0273932E+00  4.5928816E-01 -1.4635764E-01  2.8897882E+00 -1.0500480E+00  4.3074005E-01 -1.0419024E-01  4.6938481E-01 -1.7508575E-01
  7.3605179E-02  1.2669427E+00  2.3865714E+00 -1.0328975E+00  4.6145168E-01 -1.4703048E-01  2.8946192E+00 -1.0474124E+00  4.2926649E-01 -1.0382003E-01  4.7539142E-01 -1.7728395E-01
  7.4097651E-02  1.2445958E+00  2.4062499E+00 -1.0382059E+00  4.6351978E-01 -1.4767248E-01  2.8992521E+00 -1.0446150E+00  4.2771923E-01 -1.0343174E-01  4.8145472E-01 -1.7950159E-01
  7.4593412E-02  1.2224502E+00  2.4256712E+00 -1.0433150E+00  4.6549082E-01 -1.4828311E-01  2.9036847E+00 -1.0416538E+00  4.2609753E-01 -1.0302519E-01  4.8757483E-01 -1.8173863E-01
  7.5092484E-02  1.2005081E+00  2.4448302E+00 -1.0482214E+00  4.6736318E-01 -1.4886186E-01  2.9079146E+00 -1.0385274E+00  4.2440065E-01 -1.0260020E-01  4.9375183E-01 -1.8399506E-01
  7.5594889E-02  1.1787714E+00  2.4637219E+00 -1.0529215E+00  4.6913525E-01 -1.4940819E-01  2.9119398E+00 -1.0352340E+00  4.2262789E-01 -1.0215661E-01  4.9998580E-01 -1.8627087E-01
  7.6100649E-02  1.1572422E+00  2.4823416E+00 -1.0574121E+00  4.7080542E-01 -1.4992161E-01  2.9157580E+00 -1.0317720E+00  4.2077855E-01 -1.0169423E-01  5.0627680E-01 -1.8856602E-01
  7.6609787E-02  1.1359223E+00  2.5006842E+00 -1.0616897E+00  4.7237210E-01 -1.5040158E-01  2.9193672E+00 -1.0281398E+00  4.1885191E-01 -1.0121291E-01  5.1262490E-01 -1.9088047E-01
  7.7122326E-02  1.1148135E+00  2.5187449E+00 -1.0657510E+00  4.7383368E-01 -1.5084760E-01  2.9227652E+00 -1.0243357E+00  4.1684731E-01 -1.0071246E-01  5.1903014E-01 -1.9321420E-01
  7.7638287E-02  1.0939176E+00  2.5365190E+00 -1.0695925E+00  4.7518860E-01 -1.5125917E-01  2.9259500E+00 -1.0203582E+00  4.1476405E-01 -1.0019274E-01  5.2549255E-01 -1.9556714E-01
  7.8157695E-02  1.0732361E+00  2.5540017E+00 -1.0732110E+00  4.7643529E-01 -1.5163578E-01  2.9289195E+00 -1.0162057E+00  4.1260149E-01 -9.9653580E-02  5.3201216E-01 -1.9793926E-01
  7.8680571E-02  1.0527708E+00  2.5711882E+00 -1.0766032E+00  4.7757219E-01 -1.5197694E-01  2.9316717E+00 -1.0118766E+00  4.1035897E-01 -9.9094818E-02  5.3858897E-01 -2.0033049E-01
  7.9206940E-02  1.0325230E+00  2.5880740E+00 -1.0797657E+00  4.7859776E-01 -1.5228214E-01  2.9342047E+00 -1.0073695E+00  4.0803585E-01 -9.8516302E-02  5.4522298E-01 -2.0274078E-01
  7.9736824E-02  1.0124942E+00  2.6046543E+00 -1.0826954E+00  4.7951047E-01 -1.5255090E-01  2.9365166E+00 -1.0026829E+00  4.0563149E-01 -9.7917881E-02  5.5191417E-01 -2.0517004E-01
  8.0270247E-02  9.9268577E-01  2.6209246E+00 -1.0853889E+00  4.8030882E-01 -1.5278272E-01  2.9386054E+00 -9.9781517E-01  4.0314530E-01 -9.7299405E-02  5.5866251E-01 -2.0761821E-01
  8.0807232E-02  9.7309890E-01  2.6368805E+00 -1.0878431E+00  4.8099129E-01 -1.5297714E-01  2.9404693E+00 -9.9276502E-01  4.0057666E-01 -9.6660731E-02  5.6546797E-01 -2.1008521E-01
  8.1347804E-02  9.5373480E-01  2.6525174E+00 -1.0900548E+00  4.8155641E-01 -1.5313368E-01  2.9421064E+00 -9.8753099E-01  3.9792500E-01 -9.6001716E-02  5.7233047E-01 -2.1257093E-01
  8.1891986E-02  9.3459457E-01  2.6678310E+00 -1.0920209E+00  4.8200271E-01 -1.5325186E-01  2.9435151E+00 -9.8211169E-01  3.9518975E-01 -9.5322223E-02  5.7924995E-01 -2.1507530E-01
  8.2439802E-02  9.1567924E-01  2.6828170E+00 -1.0937382E+00  4.8232875E-01 -1.5333122E-01  2.9446936E+00 -9.7650576E-01  3.9237034E-01 -9.4622119E-02  5.8622633E-01 -2.1759819E-01
  8.2991277E-02  8.9698974E-01  2.6974711E+00 -1.0952037E+00  4.8253310E-01 -1.5337131E-01  2.9456402E+00 -9.7071187E-01  3.8946623E-01 -9.3901272E-02  5.9325951E-01 -2.2013952E-01
  8.3546436E-02  8.7852694E-01  2.7117891E+00 -1.0964144E+00  4.8261435E-01 -1.5337167E-01  2.9463532E+00 -9.6472874E-01  3.8647692E-01 -9.3159558E-02  6.0034936E-01 -2.2269915E-01
  8.4105301E-02  8.6029162E-01  2.7257669E+00 -1.0973672E+00  4.8257112E-01 -1.5333186E-01  2.9468311E+00 -9.5855508E-01  3.8340188E-01 -9.2396854E-02  6.0749576E-01 -2.2527696E-01
  8.4667900E-02  8.4228448E-01  2.7394004E+00 -1.0980592E+00  4.8240204E-01 -1.5325144E-01  2.9470723E+00 -9.5218968E-01  3.8024063E-01 -9.1613044E-02  6.1469856E-01 -2.2787283E-01
  8.5234256E-02  8.2450615E-01  2.7526856E+00 -1.0984875E+00  4.8210577E-01 -1.5312999E-01  2.9470753E+00 -9.4563133E-01  3.7699269E-01 -9.0808015E-02  6.2195761E-01 -2.3048661E-01
  8.5804394E-02  8.0695718E-01  2.7656187E+00 -1.0986492E+00  4.8168098E-01 -1.5296709E-01  2.9468387E+00 -9.3887888E-01  3.7365763E-01 -8.9981657E-02  6.2927273E-01 -2.3311816E-01
  8.6378340E-02  7.8963802E-01  2.7781958E+00 -1.0985416E+00  4.8112640E-01 -1.5276231E-01  2.9463610E+00 -9.3193119E-01  3.7023499E-01 -8.9133869E-02  6.3664371E-01 -2.3576732E-01
  8.6956119E-02  7.7254906E-01  2.7904131E+00 -1.0981618E+00  4.8044074E-01 -1.5251526E-01  2.9456410E+00 -9.2478717E-01  3.6672437E-01 -8.8264552E-02  6.4407036E-01 -2.3843392E-01
  8.7537757E-02  7.5569062E-01  2.8022671E+00 -1.0975071E+00  4.7962277E-01 -1.5222553E-01  2.9446773E+00 -9.1744579E-01  3.6312538E-01 -8.7373611E-02  6.5155244E-01 -2.4111781E-01
  8.8123279E-02  7.3906291E-01  2.8137541E+00 -1.0965749E+00  4.7867127E-01 -1.5189275E-01  2.9434687E+00 -9.0990603E-01  3.5943763E-01 -8.6460958E-02  6.5908972E-01 -2.4381879E-01
  8.8712712E-02  7.2266610E-01  2.8248706E+00 -1.0953625E+00  4.7758506E-01 -1.5151653E-01  2.9420139E+00 -9.0216691E-01  3.5566078E-01 -8.5526511E-02  6.6668193E-01 -2.4653669E-01
  8.9306082E-02  7.0650025E-01  2.8356133E+00 -1.0938674E+00  4.7636298E-01 -1.5109651E-01  2.9403120E+00 -8.9422751E-01  3.5179449E-01 -8.4570191E-02  6.7432879E-01 -2.4927130E-01
  8.9903414E-02  6.9056536E-01  2.8459788E+00 -1.0920871E+00  4.7500391E-01 -1.5063233E-01  2.9383617E+00 -8.8608695E-01  3.4783846E-01 -8.3591926E-02  6.8203001E-01 -2.5202243E-01
  9.0504736E-02  6.7486135E-01  2.8559639E+00 -1.0900191E+00  4.7350676E-01 -1.5012363E-01  2.9361621E+00 -8.7774439E-01  3.4379241E-01 -8.2591651E-02  6.8978528E-01 -2.5478985E-01
  9.1110074E-02  6.5938807E-01  2.8655654E+00 -1.0876611E+00  4.7187046E-01 -1.4957009E-01  2.9337122E+00 -8.6919902E-01  3.3965606E-01 -8.1569304E-02  6.9759425E-01 -2.5757336E-01
  9.1719455E-02  6.4414528E-01  2.8747805E+00 -1.0850107E+00  4.7009398E-01 -1.4897138E-01  2.9310112E+00 -8.6045010E-01  3.3542919E-01 -8.0524831E-02  7.0545659E-01 -2.6037271E-01
  9.2332906E-02  6.2913267E-01  2.8836061E+00 -1.0820657E+00  4.6817633E-01 -1.4832718E-01  2.9280581E+00 -8.5149692E-01  3.3111157E-01 -7.9458183E-02  7.1337191E-01 -2.6318767E-01
  9.2950453E-02  6.1434987E-01  2.8920394E+00 -1.0788239E+00  4.6611657E-01 -1.4763719E-01  2.9248522E+00 -8.4233882E-01  3.2670301E-01 -7.8369318E-02  7.2133984E-01 -2.6601799E-01
  9.3572125E-02  5.9979642E-01  2.9000777E+00 -1.0752832E+00  4.6391376E-01 -1.4690112E-01  2.9213929E+00 -8.3297521E-01  3.2220337E-01 -7.7258201E-02  7.2935996E-01 -2.6886341E-01
  9.4197949E-02  5.8547180E-01  2.9077184E+00 -1.0714416E+00  4.6156702E-01 -1.4611870E-01  2.9176794E+00 -8.2340552E-01  3.1761249E-01 -7.6124802E-02  7.3743185E-01 -2.7172366E-01
  9.4827953E-02  5.7137541E-01  2.9149591E+00 -1.0672970E+00  4.5907551E-01 -1.4528965E-01  2.9137111E+00 -8.1362925E-01  3.1293027E-01 -7.4969098E-02  7.4555505E-01 -2.7459847E-01
  9.5462164E-02  5.5750657E-01  2.9217972E+00 -1.0628476E+00  4.5643843E-01 -1.4441372E-01  2.9094877E+00 -8.0364594E-01  3.0815662E-01 -7.3791074E-02  7.5372910E-01 -2.7748755E-01
  9.6100610E-02  5.4386456E-01  2.9282306E+00 -1.0580916E+00  4.5365501E-01 -1.4349068E-01  2.9050085E+00 -7.9345520E-01  3.0329150E-01 -7.2590722E-02  7.6195351E-01 -2.8039059E-01
  9.6743321E-02  5.3044856E-01  2.9342570E+00 -1.0530272E+00  4.5072453E-01 -1.4252030E-01  2.9002732E+00 -7.8305667E-01  2.9833487E-01 -7.1368039E-02  7.7022777E-01 -2.8330731E-01
  9.7390324E-02  5.1725769E-01  2.9398744E+00 -1.0476527E+00  4.4764632E-01 -1.4150237E-01  2.8952816E+00 -7.7245008E-01  2.9328673E-01 -7.0123031E-02  7.7855136E-01 -2.8623737E-01
  9.8041649E-02  5.0429102E-01  2.9450810E+00 -1.0419666E+00  4.4441974E-01 -1.4043669E-01  2.8900333E+00 -7.6163518E-01  2.8814712E-01 -6.8855712E-02  7.8692371E-01 -2.8918045E-01
  9.8697323E-02  4.9154754E-01  2.9498748E+00 -1.0359674E+00  4.4104420E-01 -1.3932308E-01  2.8845282E+00 -7.5061180E-01  2.8291610E-01 -6.7566101E-02  7.9534427E-01 -2.9213621E-01
  9.9357376E-02  4.7902617E-01  2.9542542E+00 -1.0296537E+00  4.3751915E-01 -1.3816137E-01  2.8787663E+00 -7.3937982E-01  2.7759377E-01 -6.6254228E-02  8.0381243E-01 -2.9510431E-01
  1.0002184E-01  4.6672578E-01  2.9582177E+00 -1.0230241E+00  4.3384411E-01 -1.3695142E-01  2.8727474E+00 -7.2793919E-01  2.7218024E-01 -6.4920128E-02  8.1232758E-01 -2.9808439E-01
  1.0069074E-01  4.5464517E-01  2.9617637E+00 -1.0160774E+00  4.3001862E-01 -1.3569308E-01  2.8664716E+00 -7.1628990E-01  2.6667568E-01 -6.3563846E-02  8.2088908E-01 -3.0107607E-01
  1.0136410E-01  4.4278307E-01  2.9648910E+00 -1.0088124E+00  4.2604228E-01 -1.3438625E-01  2.8599390E+00 -7.0443202E-01  2.6108027E-01 -6.2185433E-02  8.2949627E-01 -3.0407898E-01
  1.0204197E-01  4.3113818E-01  2.9675985E+00 -1.0012282E+00  4.2191475E-01 -1.3303080E-01  2.8531498E+00 -6.9236567E-01  2.5539424E-01 -6.0784950E-02  8.3814848E-01 -3.0709273E-01
  1.0272436E-01  4.1970910E-01  2.9698849E+00 -9.9332372E-01  4.1763572E-01 -1.3162667E-01  2.8461043E+00 -6.8009105E-01  2.4961783E-01 -5.9362466E-02  8.4684499E-01 -3.1011692E-01
  1.0341131E-01  4.0849441E-01  2.9717494E+00 -9.8509815E-01  4.1320496E-01 -1.3017377E-01  2.8388029E+00 -6.6760841E-01  2.4375134E-01 -5.7918057E-02  8.5558508E-01 -3.1315112E-01
  1.0410284E-01  3.9749261E-01  2.9731913E+00 -9.7655072E-01  4.0862227E-01 -1.2867207E-01  2.8312459E+00 -6.5491807E-01  2.3779509E-01 -5.6451811E-02  8.6436800E-01 -3.1619492E-01
  1.0479900E-01  3.8670216E-01  2.9742098E+00 -9.6768078E-01  4.0388750E-01 -1.2712152E-01  2.8234338E+00 -6.4202041E-01  2.3174944E-01 -5.4963821E-02  8.7319298E-01 -3.1924789E-01
  1.0549980E-01  3.7612146E-01  2.9748045E+00 -9.5848776E-01  3.9900058E-01 -1.2552211E-01  2.8153672E+00 -6.2891589E-01  2.2561479E-01 -5.3454192E-02  8.8205921E-01 -3.2230957E-01
  1.0620529E-01  3.6574884E-01  2.9749749E+00 -9.4897121E-01  3.9396149E-01 -1.2387384E-01  2.8070467E+00 -6.1560503E-01  2.1939156E-01 -5.1923036E-02  8.9096589E-01 -3.2537951E-01
  1.0691548E-01  3.5558263E-01  2.9747208E+00 -9.3913078E-01  3.8877024E-01 -1.2217674E-01  2.7984732E+00 -6.0208842E-01  2.1308022E-01 -5.0370474E-02  8.9991216E-01 -3.2845724E-01
  1.0763042E-01  3.4562105E-01  2.9740420E+00 -9.2896622E-01  3.8342694E-01 -1.2043085E-01  2.7896473E+00 -5.8836672E-01  2.0668127E-01 -4.8796638E-02  9.0889715E-01 -3.3154227E-01
  1.0835014E-01  3.3586232E-01  2.9729387E+00 -9.1847741E-01  3.7793171E-01 -1.1863622E-01  2.7805700E+00 -5.7444066E-01  2.0019526E-01 -4.7201668E-02  9.1791998E-01 -3.3463412E-01
  1.0907466E-01  3.2630459E-01  2.9714110E+00 -9.0766432E-01  3.7228478E-01 -1.1679294E-01  2.7712422E+00 -5.6031104E-01  1.9362276E-01 -4.5585715E-02  9.2697974E-01 -3.3773227E-01
  1.0980402E-01  3.1694597E-01  2.9694591E+00 -8.9652703E-01  3.6648641E-01 -1.1490110E-01  2.7616650E+00 -5.4597874E-01  1.8696440E-01 -4.3948938E-02  9.3607547E-01 -3.4083622E-01
  1.1053825E-01  3.0778454E-01  2.9670836E+00 -8.8506575E-01  3.6053693E-01 -1.1296084E-01  2.7518395E+00 -5.3144470E-01  1.8022082E-01 -4.2291506E-02  9.4520622E-01 -3.4394542E-01
  1.1127738E-01  2.9881831E-01  2.9642850E+00 -8.7328078E-01  3.5443673E-01 -1.1097228E-01  2.7417669E+00 -5.1670995E-01  1.7339274E-01 -4.0613600E-02  9.5437100E-01 -3.4705935E-01
  1.1202145E-01  2.9004528E-01  2.9610641E+00 -8.6117257E-01  3.4818626E-01 -1.0893559E-01  2.7314485E+00 -5.0177559E-01  1.6648087E-01 -3.8915407E-02  9.6356879E-01 -3.5017744E-01
  1.1277049E-01  2.8146341E-01  2.9574217E+00 -8.4874165E-01  3.4178605E-01 -1.0685096E-01  2.7208856E+00 -4.8664278E-01  1.5948601E-01 -3.7197129E-02  9.7279856E-01 -3.5329914E-01
  1.1352454E-01  2.7307059E-01  2.9533590E+00 -8.3598870E-01  3.3523669E-01 -1.0471859E-01  2.7100797E+00 -4.7131278E-01  1.5240897E-01 -3.5458973E-02  9.8205924E-01 -3.5642386E-01
  1.1428362E-01  2.6486471E-01  2.9488770E+00 -8.2291450E-01  3.2853881E-01 -1.0253870E-01  2.6990324E+00 -4.5578691E-01  1.4525060E-01 -3.3701162E-02  9.9134976E-01 -3.5955101E-01
  1.1504776E-01  2.5684363E-01  2.9439770E+00 -8.0951996E-01  3.2169315E-01 -1.0031155E-01  2.6877452E+00 -4.4006657E-01  1.3801181E-01 -3.1923924E-02  1.0006690E+00 -3.6268000E-01
  1.1581702E-01  2.4900514E-01  2.9386606E+00 -7.9580610E-01  3.1470047E-01 -9.8037406E-02  2.6762198E+00 -4.2415325E-01  1.3069354E-01 -3.0127502E-02  1.0100158E+00 -3.6581020E-01
  1.1659141E-01  2.4134704E-01  2.9329294E+00 -7.8177408E-01  3.0756165E-01 -9.5716559E-02  2.6644580E+00 -4.0804850E-01  1.2329678E-01 -2.8312147E-02  1.0193890E+00 -3.6894098E-01
  1.1737097E-01  2.3386708E-01  2.9267851E+00 -7.6742519E-01  3.0027760E-01 -9.3349328E-02  2.6524616E+00 -3.9175397E-01  1.1582255E-01 -2.6478120E-02  1.0287875E+00 -3.7207172E-01
  1.1815573E-01  2.2656300E-01  2.9202296E+00 -7.5276081E-01  2.9284931E-01 -9.0936051E-02  2.6402326E+00 -3.7527136E-01  1.0827192E-01 -2.4625696E-02  1.0382099E+00 -3.7520176E-01
  1.1894574E-01  2.1943249E-01  2.9132650E+00 -7.3778250E-01  2.8527785E-01 -8.8477092E-02  2.6277730E+00 -3.5860249E-01  1.0064602E-01 -2.2755158E-02  1.0476552E+00 -3.7833042E-01
  1.1974103E-01  2.1247323E-01  2.9058934E+00 -7.2249189E-01  2.7756436E-01 -8.5972836E-02  2.6150849E+00 -3.4174923E-01  9.2945985E-02 -2.0866802E-02  1.0571219E+00 -3.8145704E-01
  1.2054163E-01  2.0568290E-01  2.8981172E+00 -7.0689079E-01  2.6971002E-01 -8.3423694E-02  2.6021705E+00 -3.2471353E-01  8.5173034E-02 -1.8960933E-02  1.0666089E+00 -3.8458092E-01
  1.2134757E-01  1.9905912E-01  2.8899390E+00 -6.9098111E-01  2.6171614E-01 -8.0830099E-02  2.5890320E+00 -3.0749745E-01  7.7328409E-02 -1.7037869E-02  1.0761148E+00 -3.8770137E-01
  1.2215890E-01  1.9259952E-01  2.8813613E+00 -6.7476490E-01  2.5358405E-01 -7.8192510E-02  2.5756717E+00 -2.9010311E-01  6.9413400E-02 -1.5097938E-02  1.0856383E+00 -3.9081765E-01
  1.2297564E-01  1.8630170E-01  2.8723869E+00 -6.5824434E-01  2.4531518E-01 -7.5511408E-02  2.5620921E+00 -2.7253272E-01  6.1429346E-02 -1.3141480E-02  1.0951780E+00 -3.9392906E-01
  1.2379784E-01  1.8016325E-01  2.8630187E+00 -6.4142173E-01  2.3691104E-01 -7.2787300E-02  2.5482956E+00 -2.5478856E-01  5.3377626E-02 -1.1168847E-02  1.1047326E+00 -3.9703484E-01
  1.2462553E-01  1.7418175E-01  2.8532599E+00 -6.2429954E-01  2.2837319E-01 -7.0020718E-02  2.5342849E+00 -2.3687301E-01  4.5259668E-02 -9.1803997E-03  1.1143005E+00 -4.0013424E-01
  1.2545875E-01  1.6835476E-01  2.8431136E+00 -6.0688033E-01  2.1970329E-01 -6.7212217E-02  2.5200625E+00 -2.1878852E-01  3.7076945E-02 -7.1765132E-03  1.1238805E+00 -4.0322649E-01
  1.2629753E-01  1.6267983E-01  2.8325832E+00 -5.8916681E-01  2.1090305E-01 -6.4362380E-02  2.5056312E+00 -2.0053763E-01  2.8830974E-02 -5.1575725E-03  1.1334709E+00 -4.0631082E-01
  1.2714192E-01  1.5715450E-01  2.8216722E+00 -5.7116184E-01  2.0197428E-01 -6.1471812E-02  2.4909939E+00 -1.8212297E-01  2.0523320E-02 -3.1239745E-03  1.1430704E+00 -4.0938644E-01
  1.2799194E-01  1.5177633E-01  2.8103841E+00 -5.5286838E-01  1.9291886E-01 -5.8541145E-02  2.4761533E+00 -1.6354724E-01  1.2155592E-02 -1.0761279E-03  1.1526774E+00 -4.1245253E-01
  1.2884764E-01  1.4654283E-01  2.7987229E+00 -5.3428957E-01  1.8373873E-01 -5.5571036E-02  2.4611124E+00 -1.4481322E-01  3.7294482E-03  9.8554741E-04  1.1622904E+00 -4.1550829E-01
  1.2970906E-01  1.4145153E-01  2.7866924E+00 -5.1542865E-01  1.7443594E-01 -5.2562167E-02  2.4458744E+00 -1.2592380E-01 -4.7534096E-03  3.0606196E-03  1.1719079E+00 -4.1855288E-01
  1.3057623E-01  1.3649996E-01  2.7742967E+00 -4.9628900E-01  1.6501258E-01 -4.9515246E-02  2.4304421E+00 -1.0688193E-01 -1.3291232E-02  5.1486452E-03  1.1815282E+00 -4.2158547E-01
  1.3144919E-01  1.3168564E-01  2.7615399E+00 -4.7687416E-01  1.5547084E-01 -4.6431007E-02  2.4148190E+00 -8.7690651E-02 -2.1882223E-02  7.2491693E-03  1.1911497E+00 -4.2460519E-01
  1.3232798E-01  1.2700609E-01  2.7484264E+00 -4.5718777E-01  1.4581298E-01 -4.3310210E-02  2.3990081E+00 -6.8353083E-02 -3.0524541E-02  9.3617251E-03  1.2007708E+00 -4.2761118E-01
  1.3321264E-01  1.2245885E-01  2.7349606E+00 -4.3723363E-01  1.3604134E-01 -4.0153638E-02  2.3830128E+00 -4.8872435E-02 -3.9216298E-02  1.1485834E-02  1.2103899E+00 -4.3060257E-01
  1.3410321E-01  1.1804143E-01  2.7211471E+00 -4.1701567E-01  1.2615835E-01 -3.6962103E-02  2.3668365E+00 -2.9251997E-02 -4.7955557E-02  1.3621006E-02  1.2200053E+00 -4.3357846E-01
  1.3499973E-01  1.1375138E-01  2.7069907E+00 -3.9653795E-01  1.1616649E-01 -3.3736442E-02  2.3504826E+00 -9.4951412E-03 -5.6740337E-02  1.5766740E-02  1.2296152E+00 -4.3653794E-01
  1.3590223E-01  1.0958622E-01  2.6924961E+00 -3.7580468E-01  1.0606834E-01 -3.0477516E-02  2.3339547E+00  1.0394677E-02 -6.5568611E-02  1.7922521E-02  1.2392180E+00 -4.3948010E-01
  1.3681076E-01  1.0554352E-01  2.6776684E+00 -3.5482018E-01  9.5866556E-02 -2.7186215E-02  2.3172563E+00  3.0413920E-02 -7.4438303E-02  2.0087826E-02  1.2488119E+00 -4.4240402E-01
  1.3772536E-01  1.0162081E-01  2.6625126E+00 -3.3358892E-01  8.5563860E-02 -2.3863453E-02  2.3003912E+00  5.0558970E-02 -8.3347293E-02  2.2262116E-02  1.2583952E+00 -4.4530875E-01
  1.3864607E-01  9.7815670E-02  2.6470340E+00 -3.1211550E-01  7.5163062E-02 -2.0510169E-02  2.2833629E+00  7.0826126E-02 -9.2293415E-02  2.4444844E-02  1.2679660E+00 -4.4819335E-01
  1.3957293E-01  9.4125671E-02  2.6312378E+00 -2.9040466E-01  6.4667047E-02 -1.7127329E-02  2.2661754E+00  9.1211608E-02 -1.0127445E-01  2.6635450E-02  1.2775226E+00 -4.5105684E-01
  1.4050597E-01  9.0548402E-02  2.6151296E+00 -2.6846127E-01  5.4078777E-02 -1.3715924E-02  2.2488324E+00  1.1171155E-01 -1.1028816E-01  2.8833362E-02  1.2870630E+00 -4.5389826E-01
  1.4144525E-01  8.7081463E-02  2.5987148E+00 -2.4629032E-01  4.3401291E-02 -1.0276972E-02  2.2313378E+00  1.3232202E-01 -1.1933221E-01  3.1037998E-02  1.2965855E+00 -4.5671662E-01
  1.4239080E-01  8.3722472E-02  2.5819992E+00 -2.2389693E-01  3.2637706E-02 -6.8115143E-03  2.2136956E+00  1.5303900E-01 -1.2840427E-01  3.3248764E-02  1.3060882E+00 -4.5951092E-01
  1.4334267E-01  8.0469059E-02  2.5649886E+00 -2.0128638E-01  2.1791215E-02 -3.3206196E-03  2.1959099E+00  1.7385837E-01 -1.3750195E-01  3.5465053E-02  1.3155692E+00 -4.6228015E-01
  1.4430089E-01  7.7318875E-02  2.5476888E+00 -1.7846403E-01  1.0865086E-02  1.9461926E-04  2.1779846E+00  1.9477598E-01 -1.4662280E-01  3.7686249E-02  1.3250266E+00 -4.6502330E-01
  1.4526552E-01  7.4269585E-02  2.5301058E+00 -1.5543542E-01 -1.3733670E-04  3.7330839E-03  2.1599239E+00  2.1578757E-01 -1.5576434E-01  3.9911724E-02  1.3344584E+00 -4.6773933E-01
  1.4623658E-01  7.1318876E-02  2.5122457E+00 -1.3220618E-01 -1.1212632E-02  7.2936311E-03  2.1417319E+00  2.3688881E-01 -1.6492404E-01  4.2140839E-02  1.3438626E+00 -4.7042720E-01
  1.4721413E-01  6.8464452E-02  2.4941148E+00 -1.0878207E-01 -2.2357306E-02  1.0875093E-02  2.1234130E+00  2.5807529E-01 -1.7409933E-01  4.4372944E-02  1.3532374E+00 -4.7308586E-01
  1.4819821E-01  6.5704042E-02  2.4757193E+00 -8.5168986E-02 -3.3567790E-02  1.4476276E-02  2.1049712E+00  2.7934255E-01 -1.8328759E-01  4.6607378E-02  1.3625807E+00 -4.7571424E-01
  1.4918886E-01  6.3035394E-02  2.4570655E+00 -6.1372937E-02 -4.4840442E-02  1.8095963E-02  2.0864111E+00  3.0068602E-01 -1.9248618E-01  4.8843468E-02  1.3718905E+00 -4.7831128E-01
  1.5018613E-01  6.0456278E-02  2.4381600E+00 -3.7400056E-02 -5.6171546E-02  2.1732913E-02  2.0677369E+00  3.2210109E-01 -2.0169238E-01  5.1080533E-02  1.3811648E+00 -4.8087589E-01
  1.5119006E-01  5.7964490E-02  2.4190092E+00 -1.3256594E-02 -6.7557316E-02  2.5385861E-02  2.0489530E+00  3.4358307E-01 -2.1090345E-01  5.3317879E-02  1.3904016E+00 -4.8340697E-01
  1.5220069E-01  5.5557849E-02  2.3996200E+00  1.1051081E-02 -7.8993893E-02  2.9053518E-02  2.0300638E+00  3.6512719E-01 -2.2011662E-01  5.5554804E-02  1.3995987E+00 -4.8590343E-01
  1.5321808E-01  5.3234199E-02  2.3799988E+00  3.5516486E-02 -9.0477348E-02  3.2734570E-02  2.0110739E+00  3.8672862E-01 -2.2932906E-01  5.7790592E-02  1.4087541E+00 -4.8836415E-01
  1.5424226E-01  5.0991411E-02  2.3601526E+00  6.0133022E-02 -1.0200368E-01  3.6427683E-02  1.9919877E+00  4.0838247E-01 -2.3853790E-01  6.0024521E-02  1.4178657E+00 -4.9078802E-01
  1.5527327E-01  4.8827382E-02  2.3400882E+00  8.4893982E-02 -1.1356883E-01  4.0131498E-02  1.9728098E+00  4.3008377E-01 -2.4774024E-01  6.2255856E-02  1.4269314E+00 -4.9317389E-01
  1.5631118E-01  4.6740036E-02  2.3198125E+00  1.0979255E-01 -1.2516866E-01  4.3844633E-02  1.9535448E+00  4.5182748E-01 -2.5693314E-01  6.4483853E-02  1.4359491E+00 -4.9552064E-01
  1.5735601E-01  4.4727325E-02  2.2993325E+00  1.3482179E-01 -1.3679896E-01  4.7565686E-02  1.9341973E+00  4.7360853E-01 -2.6611361E-01  6.6707760E-02  1.4449166E+00 -4.9782710E-01
  1.5840783E-01  4.2787229E-02  2.2786553E+00  1.5997468E-01 -1.4845547E-01  5.1293232E-02  1.9147719E+00  4.9542176E-01 -2.7527863E-01  6.8926813E-02  1.4538319E+00 -5.0009213E-01
  1.5946667E-01  4.0917759E-02  2.2577880E+00  1.8524409E-01 -1.6013386E-01  5.5025824E-02  1.8952732E+00  5.1726194E-01 -2.8442515E-01  7.1140240E-02  1.4626926E+00 -5.0231457E-01
  1.6053257E-01  3.9116953E-02  2.2367376E+00  2.1062279E-01 -1.7182973E-01  5.8761995E-02  1.8757060E+00  5.3912382E-01 -2.9355007E-01  7.3347260E-02  1.4714967E+00 -5.0449323E-01
  1.6160560E-01  3.7382880E-02  2.2155116E+00  2.3610343E-01 -1.8353863E-01  6.2500256E-02  1.8560750E+00  5.6100207E-01 -3.0265027E-01  7.5547082E-02  1.4802419E+00 -5.0662693E-01
  1.6268580E-01  3.5713641E-02  2.1941170E+00  2.6167860E-01 -1.9525604E-01  6.6239100E-02  1.8363848E+00  5.8289129E-01 -3.1172258E-01  7.7738908E-02  1.4889261E+00 -5.0871450E-01
  1.6377321E-01  3.4107364E-02  2.1725612E+00  2.8734078E-01 -2.0697738E-01  6.9976999E-02  1.8166402E+00  6.0478605E-01 -3.2076381E-01  7.9921930E-02  1.4975470E+00 -5.1075473E-01
  1.6486788E-01  3.2562213E-02  2.1508516E+00  3.1308235E-01 -2.1869802E-01  7.3712405E-02  1.7968460E+00  6.2668086E-01 -3.2977072E-01  8.2095332E-02  1.5061024E+00 -5.1274642E-01
  1.6596986E-01  3.1076379E-02  2.1289954E+00  3.3889563E-01 -2.3041327E-01  7.7443752E-02  1.7770069E+00  6.4857018E-01 -3.3874005E-01  8.4258290E-02  1.5145901E+00 -5.1468837E-01
  1.6707921E-01  2.9648088E-02  2.1070002E+00  3.6477282E-01 -2.4211838E-01  8.1169456E-02  1.7571276E+00  6.7044842E-01 -3.4766852E-01  8.6409973E-02  1.5230079E+00 -5.1657935E-01
  1.6819596E-01  2.8275597E-02  2.0848732E+00  3.9070608E-01 -2.5380856E-01  8.4887916E-02  1.7372130E+00  6.9230995E-01 -3.5655279E-01  8.8549541E-02  1.5313534E+00 -5.1841814E-01
  1.6932017E-01  2.6957196E-02  2.0626220E+00  4.1668746E-01 -2.6547895E-01  8.8597511E-02  1.7172679E+00  7.1414909E-01 -3.6538952E-01  9.0676149E-02  1.5396245E+00 -5.2020353E-01
  1.7045188E-01  2.5691205E-02  2.0402540E+00  4.4270895E-01 -2.7712465E-01  9.2296607E-02  1.6972969E+00  7.3596011E-01 -3.7417533E-01  9.2788942E-02  1.5478188E+00 -5.2193427E-01
  1.7159116E-01  2.4475979E-02  2.0177767E+00  4.6876247E-01 -2.8874071E-01  9.5983551E-02  1.6773049E+00  7.5773726E-01 -3.8290679E-01  9.4887060E-02  1.5559341E+00 -5.2360914E-01
  1.7273805E-01  2.3309906E-02  1.9951975E+00  4.9483985E-01 -3.0032214E-01  9.9656676E-02  1.6572967E+00  7.7947474E-01 -3.9158049E-01  9.6969636E-02  1.5639681E+00 -5.2522688E-01
  1.7389259E-01  2.2191405E-02  1.9725240E+00  5.2093288E-01 -3.1186389E-01  1.0331430E-01  1.6372769E+00  8.0116671E-01 -4.0019297E-01  9.9035797E-02  1.5719185E+00 -5.2678625E-01
  1.7505485E-01  2.1118930E-02  1.9497636E+00  5.4703329E-01 -3.2336089E-01  1.0695473E-01  1.6172505E+00  8.2280729E-01 -4.0874074E-01  1.0108466E-01  1.5797830E+00 -5.2828600E-01
  1.7622486E-01  2.0090965E-02  1.9269238E+00  5.7313273E-01 -3.3480801E-01  1.1057625E-01  1.5972221E+00  8.4439059E-01 -4.1722029E-01  1.0311535E-01  1.5875594E+00 -5.2972488E-01
  1.7740270E-01  1.9106031E-02  1.9040120E+00  5.9922281E-01 -3.4620008E-01  1.1417714E-01  1.5771964E+00  8.6591068E-01 -4.2562811E-01  1.0512697E-01  1.5952453E+00 -5.3110162E-01
  1.7858839E-01  1.8162678E-02  1.8810358E+00  6.2529509E-01 -3.5753191E-01  1.1775566E-01  1.5571782E+00  8.8736160E-01 -4.3396064E-01  1.0711863E-01  1.6028384E+00 -5.3241498E-01
  1.7978201E-01  1.7259490E-02  1.8580025E+00  6.5134107E-01 -3.6879827E-01  1.2131008E-01  1.5371722E+00  9.0873736E-01 -4.4221432E-01  1.0908943E-01  1.6103365E+00 -5.3366368E-01
  1.8098360E-01  1.6395086E-02  1.8349196E+00  6.7735224E-01 -3.7999388E-01  1.2483863E-01  1.5171830E+00  9.3003197E-01 -4.5038557E-01  1.1103845E-01  1.6177371E+00 -5.3484647E-01
  1.8219321E-01  1.5568114E-02  1.8117945E+00  7.0332000E-01 -3.9111345E-01  1.2833954E-01  1.4972154E+00  9.5123939E-01 -4.5847079E-01  1.1296481E-01  1.6250382E+00 -5.3596207E-01
  1.8341091E-01  1.4777258E-02  1.7886346E+00  7.2923577E-01 -4.0215165E-01  1.3181104E-01  1.4772739E+00  9.7235358E-01 -4.6646638E-01  1.1486758E-01  1.6322372E+00 -5.3700923E-01
  1.8463673E-01  1.4021231E-02  1.7654472E+00  7.5509090E-01 -4.1310314E-01  1.3525135E-01  1.4573631E+00  9.9336850E-01 -4.7436869E-01  1.1674585E-01  1.6393320E+00 -5.3798667E-01
  1.8587074E-01  1.3298780E-02  1.7422395E+00  7.8087672E-01 -4.2396254E-01  1.3865868E-01  1.4374877E+00  1.0142781E+00 -4.8217411E-01  1.1859870E-01  1.6463203E+00 -5.3889313E-01
  1.8711300E-01  1.2608683E-02  1.7190189E+00  8.0658455E-01 -4.3472446E-01  1.4203121E-01  1.4176522E+00  1.0350762E+00 -4.8987897E-01  1.2042522E-01  1.6531997E+00 -5.3972734E-01
  1.8836355E-01  1.1949752E-02  1.6957926E+00  8.3220569E-01 -4.4538349E-01  1.4536717E-01  1.3978611E+00  1.0557569E+00 -4.9747963E-01  1.2222448E-01  1.6599680E+00 -5.4048804E-01
  1.8962245E-01  1.1320826E-02  1.6725677E+00  8.5773141E-01 -4.5593419E-01  1.4866472E-01  1.3781188E+00  1.0763139E+00 -5.0497243E-01  1.2399556E-01  1.6666229E+00 -5.4117396E-01
  1.9088976E-01  1.0720778E-02  1.6493514E+00  8.8315300E-01 -4.6637114E-01  1.5192207E-01  1.3584299E+00  1.0967413E+00 -5.1235369E-01  1.2573754E-01  1.6731621E+00 -5.4178385E-01
  1.9216553E-01  1.0148512E-02  1.6261507E+00  9.0846171E-01 -4.7668887E-01  1.5513738E-01  1.3387986E+00  1.1170329E+00 -5.1961975E-01  1.2744948E-01  1.6795835E+00 -5.4231645E-01
  1.9344983E-01  9.6029618E-03  1.6029726E+00  9.3364882E-01 -4.8688194E-01  1.5830886E-01  1.3192295E+00  1.1371827E+00 -5.2676694E-01  1.2913047E-01  1.6858846E+00 -5.4277050E-01
  1.9474270E-01  9.0830904E-03  1.5798242E+00  9.5870561E-01 -4.9694487E-01  1.6143467E-01  1.2997267E+00  1.1571846E+00 -5.3379159E-01  1.3077959E-01  1.6920634E+00 -5.4314475E-01
  1.9604420E-01  8.5878914E-03  1.5567122E+00  9.8362334E-01 -5.0687221E-01  1.6451300E-01  1.2802946E+00  1.1770326E+00 -5.4069002E-01  1.3239590E-01  1.6981176E+00 -5.4343795E-01
  1.9735440E-01  8.1163878E-03  1.5336434E+00  1.0083933E+00 -5.1665850E-01  1.6754203E-01  1.2609373E+00  1.1967206E+00 -5.4745857E-01  1.3397848E-01  1.7040449E+00 -5.4364888E-01
  1.9867335E-01  7.6676310E-03  1.5106247E+00  1.0330069E+00 -5.2629827E-01  1.7051994E-01  1.2416591E+00  1.2162425E+00 -5.5409358E-01  1.3552642E-01  1.7098433E+00 -5.4377629E-01
  2.0000111E-01  7.2407015E-03  1.4876627E+00  1.0574553E+00 -5.3578608E-01  1.7344492E-01  1.2224641E+00  1.2355925E+00 -5.6059140E-01  1.3703879E-01  1.7155104E+00 -5.4381895E-01
  2.0133773E-01  6.8347075E-03  1.4647639E+00  1.0817301E+00 -5.4511648E-01  1.7631516E-01  1.2033562E+00  1.2547644E+00 -5.6694839E-01  1.3851468E-01  1.7210443E+00 -5.4377565E-01
  2.0268328E-01  6.4487849E-03  1.4419348E+00  1.1058225E+00 -5.5428405E-01  1.7912886E-01  1.1843396E+00  1.2737525E+00 -5.7316090E-01  1.3995318E-01  1.7264426E+00 -5.4364517E-01
  2.0403782E-01  6.0820970E-03  1.4191819E+00  1.1297240E+00 -5.6328338E-01  1.8188421E-01  1.1654182E+00  1.2925506E+00 -5.7922533E-01  1.4135336E-01  1.7317034E+00 -5.4342631E-01
  2.0540141E-01  5.7338337E-03  1.3965114E+00  1.1534262E+00 -5.7210907E-01  1.8457942E-01  1.1465958E+00  1.3111531E+00 -5.8513807E-01  1.4271434E-01  1.7368245E+00 -5.4311787E-01
  2.0677410E-01  5.4032112E-03  1.3739297E+00  1.1769204E+00 -5.8075576E-01  1.8721271E-01  1.1278763E+00  1.3295540E+00 -5.9089553E-01  1.4403520E-01  1.7418038E+00 -5.4271867E-01
  2.0815596E-01  5.0894715E-03  1.3514428E+00  1.2001984E+00 -5.8921809E-01  1.8978231E-01  1.1092635E+00  1.3477475E+00 -5.9649415E-01  1.4531506E-01  1.7466394E+00 -5.4222753E-01
  2.0954705E-01  4.7918819E-03  1.3290568E+00  1.2232518E+00 -5.9749077E-01  1.9228645E-01  1.0907609E+00  1.3657279E+00 -6.0193037E-01  1.4655301E-01  1.7513292E+00 -5.4164330E-01
  2.1094743E-01  4.5097346E-03  1.3067776E+00  1.2460722E+00 -6.0556850E-01  1.9472338E-01  1.0723724E+00  1.3834895E+00 -6.0720068E-01  1.4774819E-01  1.7558711E+00 -5.4096481E-01
  2.1235716E-01  4.2423460E-03  1.2846109E+00  1.2686516E+00 -6.1344604E-01  1.9709136E-01  1.0541014E+00  1.4010265E+00 -6.1230158E-01  1.4889970E-01  1.7602633E+00 -5.4019092E-01
  2.1377630E-01  3.9890564E-03  1.2625627E+00  1.2909816E+00 -6.2111818E-01  1.9938866E-01  1.0359514E+00  1.4183335E+00 -6.1722959E-01  1.5000668E-01  1.7645038E+00 -5.3932051E-01
  2.1520493E-01  3.7492294E-03  1.2406383E+00  1.3130542E+00 -6.2857975E-01  2.0161357E-01  1.0179258E+00  1.4354048E+00 -6.2198127E-01  1.5106828E-01  1.7685906E+00 -5.3835247E-01
  2.1664310E-01  3.5222513E-03  1.2188434E+00  1.3348615E+00 -6.3582564E-01  2.0376440E-01  1.0000280E+00  1.4522350E+00 -6.2655321E-01  1.5208362E-01  1.7725220E+00 -5.3728569E-01
  2.1809087E-01  3.3075306E-03  1.1971833E+00  1.3563956E+00 -6.4285076E-01  2.0583947E-01  9.8226115E-01  1.4688186E+00 -6.3094203E-01  1.5305187E-01  1.7762960E+00 -5.3611908E-01
  2.1954831E-01  3.1044979E-03  1.1756632E+00  1.3776486E+00 -6.4965010E-01  2.0783713E-01  9.6462855E-01  1.4851503E+00 -6.3514440E-01  1.5397220E-01  1.7799109E+00 -5.3485159E-01
  2.2101548E-01  2.9126047E-03  1.1542883E+00  1.3986128E+00 -6.5621869E-01  2.0975572E-01  9.4713327E-01  1.5012248E+00 -6.3915699E-01  1.5484377E-01  1.7833648E+00 -5.3348215E-01
  2.2249245E-01  2.7313233E-03  1.1330636E+00  1.4192807E+00 -6.6255162E-01  2.1159363E-01  9.2977832E-01  1.5170369E+00 -6.4297656E-01  1.5566577E-01  1.7866561E+00 -5.3200972E-01
  2.2397929E-01  2.5601461E-03  1.1119940E+00  1.4396447E+00 -6.6864405E-01  2.1334926E-01  9.1256665E-01  1.5325815E+00 -6.4659986E-01  1.5643740E-01  1.7897830E+00 -5.3043330E-01
  2.2547606E-01  2.3985854E-03  1.0910842E+00  1.4596974E+00 -6.7449119E-01  2.1502105E-01  8.9550111E-01  1.5478534E+00 -6.5002373E-01  1.5715786E-01  1.7927438E+00 -5.2875186E-01
  2.2698282E-01  2.2461725E-03  1.0703388E+00  1.4794316E+00 -6.8008834E-01  2.1660743E-01  8.7858449E-01  1.5628477E+00 -6.5324501E-01  1.5782638E-01  1.7955370E+00 -5.2696443E-01
  2.2849964E-01  2.1024572E-03  1.0497624E+00  1.4988402E+00 -6.8543084E-01  2.1810689E-01  8.6181946E-01  1.5775596E+00 -6.5626064E-01  1.5844218E-01  1.7981609E+00 -5.2507005E-01
  2.3002660E-01  1.9670077E-03  1.0293592E+00  1.5179161E+00 -6.9051414E-01  2.1951792E-01  8.4520864E-01  1.5919842E+00 -6.5906756E-01  1.5900451E-01  1.8006140E+00 -5.2306777E-01
  2.3156376E-01  1.8394095E-03  1.0091336E+00  1.5366523E+00 -6.9533374E-01  2.2083905E-01  8.2875452E-01  1.6061168E+00 -6.6166280E-01  1.5951263E-01  1.8028948E+00 -5.2095666E-01
  2.3311118E-01  1.7192655E-03  9.8908960E-01  1.5550423E+00 -6.9988524E-01  2.2206885E-01  8.1245955E-01  1.6199529E+00 -6.6404341E-01  1.5996582E-01  1.8050018E+00 -5.1873582E-01
  2.3466893E-01  1.6061949E-03  9.6923112E-01  1.5730793E+00 -7.0416431E-01  2.2320590E-01  7.9632605E-01  1.6334878E+00 -6.6620652E-01  1.6036336E-01  1.8069336E+00 -5.1640437E-01
  2.3623709E-01  1.4998332E-03  9.4956198E-01  1.5907569E+00 -7.0816673E-01  2.2424882E-01  7.8035627E-01  1.6467172E+00 -6.6814932E-01  1.6070455E-01  1.8086888E+00 -5.1396145E-01
  2.3781572E-01  1.3998313E-03  9.3008586E-01  1.6080687E+00 -7.1188834E-01  2.2519626E-01  7.6455236E-01  1.6596367E+00 -6.6986904E-01  1.6098872E-01  1.8102661E+00 -5.1140623E-01
  2.3940490E-01  1.3058555E-03  9.1080626E-01  1.6250086E+00 -7.1532510E-01  2.2604691E-01  7.4891638E-01  1.6722422E+00 -6.7136299E-01  1.6121520E-01  1.8116641E+00 -5.0873788E-01
  2.4100469E-01  1.2175865E-03  8.9172657E-01  1.6415706E+00 -7.1847306E-01  2.2679948E-01  7.3345030E-01  1.6845296E+00 -6.7262853E-01  1.6138335E-01  1.8128818E+00 -5.0595563E-01
  2.4261516E-01  1.1347191E-03  8.7285003E-01  1.6577488E+00 -7.2132837E-01  2.2745275E-01  7.1815600E-01  1.6964948E+00 -6.7366311E-01  1.6149254E-01  1.8139178E+00 -5.0305871E-01
  2.4423639E-01  1.0569620E-03  8.5417972E-01  1.6735376E+00 -7.2388729E-01  2.2800549E-01  7.0303526E-01  1.7081340E+00 -6.7446422E-01  1.6154216E-01  1.8147710E+00 -5.0004637E-01
  2.4586845E-01  9.8403701E-04  8.3571859E-01  1.6889313E+00 -7.2614617E-01  2.2845654E-01  6.8808976E-01  1.7194435E+00 -6.7502944E-01  1.6153161E-01  1.8154403E+00 -4.9691792E-01
  2.4751140E-01  9.1567866E-04  8.1746944E-01  1.7039247E+00 -7.2810149E-01  2.2880477E-01  6.7332111E-01  1.7304196E+00 -6.7535642E-01  1.6146032E-01  1.8159247E+00 -4.9367266E-01
  2.4916533E-01  8.5163388E-04  7.9943492E-01  1.7185126E+00 -7.2974983E-01  2.2904909E-01  6.5873080E-01  1.7410588E+00 -6.7544286E-01  1.6132775E-01  1.8162233E+00 -4.9030994E-01
  2.5083031E-01  7.9166145E-04  7.8161754E-01  1.7326901E+00 -7.3108790E-01  2.2918845E-01  6.4432024E-01  1.7513577E+00 -6.7528658E-01  1.6113336E-01  1.8163350E+00 -4.8682912E-01
  2.5250640E-01  7.3553159E-04  7.6401966E-01  1.7464522E+00 -7.3211253E-01  2.2922186E-01  6.3009074E-01  1.7613130E+00 -6.7488544E-01  1.6087663E-01  1.8162590E+00 -4.8322962E-01
  2.5419369E-01  6.8302557E-04  7.4664349E-01  1.7597944E+00 -7.3282064E-01  2.2914835E-01  6.1604352E-01  1.7709217E+00 -6.7423741E-01  1.6055709E-01  1.8159944E+00 -4.7951085E-01
  2.5589225E-01  6.3393529E-04  7.2949112E-01  1.7727122E+00 -7.3320933E-01  2.2896700E-01  6.0217969E-01  1.7801807E+00 -6.7334051E-01  1.6017426E-01  1.8155405E+00 -4.7567228E-01
  2.5760215E-01  5.8806283E-04  7.1256445E-01  1.7852015E+00 -7.3327578E-01  2.2867694E-01  5.8850029E-01  1.7890872E+00 -6.7219288E-01  1.5972770E-01  1.8148966E+00 -4.7171340E-01
  2.5932347E-01  5.4522013E-04  6.9586528E-01  1.7972581E+00 -7.3301733E-01  2.2827735E-01  5.7500625E-01  1.7976385E+00 -6.7079272E-01  1.5921699E-01  1.8140621E+00 -4.6763372E-01
  2.6105629E-01  5.0522854E-04  6.7939523E-01  1.8088783E+00 -7.3243144E-01  2.2776747E-01  5.6169841E-01  1.8058318E+00 -6.6913832E-01  1.5864173E-01  1.8130362E+00 -4.6343281E-01
  2.6280068E-01  4.6791848E-04  6.6315581E-01  1.8200583E+00 -7.3151571E-01  2.2714655E-01  5.4857752E-01  1.8136649E+00 -6.6722808E-01  1.5800155E-01  1.8118185E+00 -4.5911024E-01
  2.6455672E-01  4.3312905E-04  6.4714834E-01  1.8307948E+00 -7.3026788E-01  2.2641393E-01  5.3564423E-01  1.8211354E+00 -6.6506046E-01  1.5729609E-01  1.8104085E+00 -4.5466564E-01
  2.6632449E-01  4.0070771E-04  6.3137405E-01  1.8410846E+00 -7.2868584E-01  2.2556898E-01  5.2289910E-01  1.8282411E+00 -6.6263405E-01  1.5652503E-01  1.8088057E+00 -4.5009865E-01
  2.6810407E-01  3.7050990E-04  6.1583400E-01  1.8509246E+00 -7.2676762E-01  2.2461112E-01  5.1034260E-01  1.8349801E+00 -6.5994750E-01  1.5568808E-01  1.8070099E+00 -4.4540897E-01
  2.6989553E-01  3.4239869E-04  6.0052911E-01  1.8603119E+00 -7.2451138E-01  2.2353985E-01  4.9797512E-01  1.8413504E+00 -6.5699958E-01  1.5478497E-01  1.8050206E+00 -4.4059631E-01
  2.7169895E-01  3.1624449E-04  5.8546017E-01  1.8692442E+00 -7.2191545E-01  2.2235469E-01  4.8579693E-01  1.8473503E+00 -6.5378915E-01  1.5381544E-01  1.8028377E+00 -4.3566043E-01
  2.7351442E-01  2.9192472E-04  5.7062783E-01  1.8777188E+00 -7.1897831E-01  2.2105523E-01  4.7380824E-01  1.8529783E+00 -6.5031517E-01  1.5277928E-01  1.8004609E+00 -4.3060113E-01
  2.7534202E-01  2.6932348E-04  5.5603260E-01  1.8857338E+00 -7.1569860E-01  2.1964112E-01  4.6200915E-01  1.8582330E+00 -6.4657670E-01  1.5167630E-01  1.7978902E+00 -4.2541823E-01
  2.7718182E-01  2.4833126E-04  5.4167486E-01  1.8932871E+00 -7.1207508E-01  2.1811206E-01  4.5039969E-01  1.8631130E+00 -6.4257291E-01  1.5050633E-01  1.7951254E+00 -4.2011160E-01
  2.7903390E-01  2.2884468E-04  5.2755486E-01  1.9003770E+00 -7.0810672E-01  2.1646780E-01  4.3897980E-01  1.8676173E+00 -6.3830307E-01  1.4926924E-01  1.7921667E+00 -4.1468115E-01
  2.8089836E-01  2.1076615E-04  5.1367272E-01  1.9070021E+00 -7.0379262E-01  2.1470817E-01  4.2774931E-01  1.8717449E+00 -6.3376655E-01  1.4796493E-01  1.7890140E+00 -4.0912680E-01
  2.8277527E-01  1.9400365E-04  5.0002841E-01  1.9131611E+00 -6.9913204E-01  2.1283304E-01  4.1670801E-01  1.8754951E+00 -6.2896284E-01  1.4659332E-01  1.7856675E+00 -4.0344855E-01
  2.8466471E-01  1.7847043E-04  4.8662181E-01  1.9188529E+00 -6.9412441E-01  2.1084235E-01  4.0585555E-01  1.8788671E+00 -6.2389153E-01  1.4515435E-01  1.7821274E+00 -3.9764642E-01
  2.8656678E-01  1.6408480E-04  4.7345264E-01  1.9240767E+00 -6.8876935E-01  2.0873608E-01  3.9519155E-01  1.8818606E+00 -6.1855233E-01  1.4364801E-01  1.7783939E+00 -3.9172045E-01
  2.8848154E-01  1.5076985E-04  4.6052051E-01  1.9288320E+00 -6.8306660E-01  2.0651431E-01  3.8471553E-01  1.8844751E+00 -6.1294504E-01  1.4207433E-01  1.7744674E+00 -3.8567075E-01
  2.9040910E-01  1.3845320E-04  4.4782492E-01  1.9331183E+00 -6.7701612E-01  2.0417714E-01  3.7442691E-01  1.8867106E+00 -6.0706960E-01  1.4043333E-01  1.7703483E+00 -3.7949747E-01
  2.9234952E-01  1.2706682E-04  4.3536524E-01  1.9369355E+00 -6.7061800E-01  2.0172477E-01  3.6432506E-01  1.8885669E+00 -6.0092604E-01  1.3872509E-01  1.7660370E+00 -3.7320077E-01
  2.9430291E-01  1.1654680E-04  4.2314073E-01  1.9402837E+00 -6.6387253E-01  1.9915742E-01  3.5440926E-01  1.8900444E+00 -5.9451453E-01  1.3694972E-01  1.7615341E+00 -3.6678088E-01
  2.9626934E-01  1.0683309E-04  4.1115052E-01  1.9431633E+00 -6.5678016E-01  1.9647542E-01  3.4467872E-01  1.8911433E+00 -5.8783533E-01  1.3510737E-01  1.7568401E+00 -3.6023807E-01
  2.9824891E-01  9.7869379E-05  3.9939365E-01  1.9455747E+00 -6.4934152E-01  1.9367914E-01  3.3513258E-01  1.8918640E+00 -5.8088883E-01  1.3319819E-01  1.7519557E+00 -3.5357263E-01
  3.0024170E-01  8.9602826E-05  3.8786904E-01  1.9475188E+00 -6.4155741E-01  1.9076900E-01  3.2576988E-01  1.8922073E+00 -5.7367554E-01  1.3122239E-01  1.7468816E+00 -3.4678492E-01
  3.0224779E-01  8.1983921E-05  3.7657552E-01  1.9489966E+00 -6.3342881E-01  1.8774552E-01  3.1658963E-01  1.8921739E+00 -5.6619608E-01  1.2918021E-01  1.7416186E+00 -3.3987533E-01
  3.0426729E-01  7.4966290E-05  3.6551179E-01  1.9500092E+00 -6.2495690E-01  1.8460926E-01  3.0759075E-01  1.8917648E+00 -5.5845121E-01  1.2707191E-01  1.7361676E+00 -3.3284429E-01
  3.0630027E-01  6.8506525E-05  3.5467646E-01  1.9505581E+00 -6.1614300E-01  1.8136086E-01  2.9877208E-01  1.8909811E+00 -5.5044178E-01  1.2489780E-01  1.7305294E+00 -3.2569228E-01
  3.0834683E-01  6.2564024E-05  3.4406806E-01  1.9506451E+00 -6.0698864E-01  1.7800101E-01  2.9013243E-01  1.8898242E+00 -5.4216879E-01  1.2265820E-01  1.7247050E+00 -3.1841982E-01
  3.1040706E-01  5.7100832E-05  3.3368501E-01  1.9502719E+00 -5.9749551E-01  1.7453049E-01  2.8167051E-01  1.8882954E+00 -5.3363335E-01  1.2035350E-01  1.7186956E+00 -3.1102748E-01
  3.1248104E-01  5.2081494E-05  3.2352563E-01  1.9494408E+00 -5.8766550E-01  1.7095012E-01  2.7338499E-01  1.8863963E+00 -5.2483668E-01  1.1798409E-01  1.7125021E+00 -3.0351587E-01
  3.1456888E-01  4.7472910E-05  3.1358816E-01  1.9481541E+00 -5.7750066E-01  1.6726082E-01  2.6527447E-01  1.8841289E+00 -5.1578015E-01  1.1555040E-01  1.7061258E+00 -2.9588564E-01
  3.1667066E-01  4.3244200E-05  3.0387077E-01  1.9464143E+00 -5.6700325E-01  1.6346354E-01  2.5733751E-01  1.8814948E+00 -5.0646523E-01  1.1305291E-01  1.6995680E+00 -2.8813751E-01
  3.1878648E-01  3.9366576E-05  2.9437153E-01  1.9442243E+00 -5.5617569E-01  1.5955932E-01  2.4957259E-01  1.8784963E+00 -4.9689353E-01  1.1049213E-01  1.6928299E+00 -2.8027220E-01
  3.2091643E-01  3.5813217E-05  2.8508842E-01  1.9415870E+00 -5.4502059E-01  1.5554928E-01  2.4197814E-01  1.8751357E+00 -4.8706677E-01  1.0786859E-01  1.6859129E+00 -2.7229053E-01
  3.2306061E-01  3.2559152E-05  2.7601936E-01  1.9385057E+00 -5.3354072E-01  1.5143457E-01  2.3455256E-01  1.8714151E+00 -4.7698681E-01  1.0518287E-01  1.6788184E+00 -2.6419332E-01
  3.2521910E-01  2.9581148E-05  2.6716220E-01  1.9349838E+00 -5.2173908E-01  1.4721645E-01  2.2729416E-01  1.8673374E+00 -4.6665563E-01  1.0243557E-01  1.6715480E+00 -2.5598147E-01
  3.2739201E-01  2.6857604E-05  2.5851471E-01  1.9310248E+00 -5.0961881E-01  1.4289622E-01  2.2020125E-01  1.8629051E+00 -4.5607532E-01  9.9627344E-02  1.6641033E+00 -2.4765591E-01
  3.2957944E-01  2.4368451E-05  2.5007459E-01  1.9266328E+00 -4.9718323E-01  1.3847525E-01  2.1327206E-01  1.8581211E+00 -4.4524812E-01  9.6758868E-02  1.6564857E+00 -2.3921760E-01
  3.3178147E-01  2.2095054E-05  2.4183949E-01  1.9218117E+00 -4.8443587E-01  1.3395499E-01  2.0650479E-01  1.8529883E+00 -4.3417637E-01  9.3830857E-02  1.6486972E+00 -2.3066759E-01
  3.3399821E-01  2.0020124E-05  2.3380698E-01  1.9165658E+00 -4.7138043E-01  1.2933696E-01  1.9989758E-01  1.8475101E+00 -4.2286256E-01  9.0844059E-02  1.6407393E+00 -2.2200694E-01
  3.3622975E-01  1.8127634E-05  2.2597458E-01  1.9108995E+00 -4.5802076E-01  1.2462273E-01  1.9344855E-01  1.8416897E+00 -4.1130929E-01  8.7799259E-02  1.6326140E+00 -2.1323678E-01
  3.3847620E-01  1.6402731E-05  2.1833977E-01  1.9048175E+00 -4.4436093E-01  1.1981395E-01  1.8715578E-01  1.8355305E+00 -3.9951929E-01  8.4697276E-02  1.6243231E+00 -2.0435826E-01
  3.4073765E-01  1.4831666E-05  2.1089996E-01  1.8983247E+00 -4.3040516E-01  1.1491234E-01  1.8101730E-01  1.8290361E+00 -3.8749540E-01  8.1538966E-02  1.6158685E+00 -1.9537261E-01
  3.4301420E-01  1.3401718E-05  2.0365252E-01  1.8914260E+00 -4.1615785E-01  1.0991967E-01  1.7503112E-01  1.8222102E+00 -3.7524060E-01  7.8325217E-02  1.6072523E+00 -1.8628108E-01
  3.4530596E-01  1.2101125E-05  1.9659476E-01  1.8841267E+00 -4.0162358E-01  1.0483779E-01  1.6919521E-01  1.8150569E+00 -3.6275800E-01  7.5056954E-02  1.5984765E+00 -1.7708499E-01
  3.4761303E-01  1.0919023E-05  1.8972397E-01  1.8764322E+00 -3.8680710E-01  9.9668624E-02  1.6350753E-01  1.8075800E+00 -3.5005081E-01  7.1735136E-02  1.5895432E+00 -1.6778569E-01
  3.4993550E-01  9.8453826E-06  1.8303740E-01  1.8683482E+00 -3.7171334E-01  9.4414140E-02  1.5796597E-01  1.7997837E+00 -3.3712238E-01  6.8360758E-02  1.5804547E+00 -1.5838458E-01
  3.5227348E-01  8.8709498E-06  1.7653224E-01  1.8598802E+00 -3.5634738E-01  8.9076387E-02  1.5256843E-01  1.7916723E+00 -3.2397617E-01  6.4934848E-02  1.5712132E+00 -1.4888312E-01
  3.5462708E-01  7.9871956E-06  1.7020567E-01  1.8510344E+00 -3.4071449E-01  8.3657473E-02  1.4731278E-01  1.7832503E+00 -3.1061577E-01  6.1458469E-02  1.5618209E+00 -1.3928281E-01
  3.5699640E-01  7.1862636E-06  1.6405483E-01  1.8418167E+00 -3.2482009E-01  7.8159573E-02  1.4219687E-01  1.7745221E+00 -2.9704489E-01  5.7932718E-02  1.5522803E+00 -1.2958518E-01
  3.5938154E-01  6.4609223E-06  1.5807684E-01  1.8322334E+00 -3.0866977E-01  7.2584921E-02  1.3721850E-01  1.7654925E+00 -2.8326734E-01  5.4358728E-02  1.5425937E+00 -1.1979183E-01
  3.6178261E-01  5.8045207E-06  1.5226878E-01  1.8222910E+00 -2.9226929E-01  6.6935817E-02  1.3237550E-01  1.7561662E+00 -2.6928708E-01  5.0737663E-02  1.5327637E+00 -1.0990440E-01
  3.6419971E-01  5.2109461E-06  1.4662773E-01  1.8119961E+00 -2.7562455E-01  6.1214622E-02  1.2766565E-01  1.7465483E+00 -2.5510816E-01  4.7070722E-02  1.5227926E+00 -9.9924576E-02
  3.6663296E-01  4.6745849E-06  1.4115075E-01  1.8013553E+00 -2.5874162E-01  5.5423758E-02  1.2308673E-01  1.7366436E+00 -2.4073476E-01  4.3359137E-02  1.5126832E+00 -8.9854086E-02
  3.6908246E-01  4.1902860E-06  1.3583486E-01  1.7903755E+00 -2.4162672E-01  4.9565708E-02  1.1863650E-01  1.7264574E+00 -2.2617116E-01  3.9604173E-02  1.5024381E+00 -7.9694710E-02
  3.7154832E-01  3.7533258E-06  1.3067709E-01  1.7790638E+00 -2.2428622E-01  4.3643013E-02  1.1431272E-01  1.7159949E+00 -2.1142176E-01  3.5807128E-02  1.4920598E+00 -6.9448270E-02
  3.7403065E-01  3.3593767E-06  1.2567446E-01  1.7674272E+00 -2.0672665E-01  3.7658272E-02  1.1011314E-01  1.7052615E+00 -1.9649108E-01  3.1969331E-02  1.4815513E+00 -5.9116636E-02
  3.7652955E-01  3.0044765E-06  1.2082397E-01  1.7554732E+00 -1.8895466E-01  3.1614144E-02  1.0603548E-01  1.6942627E+00 -1.8138374E-01  2.8092145E-02  1.4709151E+00 -4.8701721E-02
  3.7904515E-01  2.6850007E-06  1.1612263E-01  1.7432089E+00 -1.7097708E-01  2.5513341E-02  1.0207749E-01  1.6830041E+00 -1.6610446E-01  2.4176964E-02  1.4601543E+00 -3.8205484E-02
  3.8157755E-01  2.3976362E-06  1.1156743E-01  1.7306421E+00 -1.5280083E-01  1.9358633E-02  9.8236905E-02  1.6714913E+00 -1.5065809E-01  2.0225211E-02  1.4492716E+00 -2.7629927E-02
  3.8412685E-01  2.1393569E-06  1.0715539E-01  1.7177802E+00 -1.3443302E-01  1.3152842E-02  9.4511446E-02  1.6597302E+00 -1.3504955E-01  1.6238342E-02  1.4382700E+00 -1.6977097E-02
  3.8669319E-01  1.9074012E-06  1.0288349E-01  1.7046311E+00 -1.1588084E-01  6.8988439E-03  9.0898846E-02  1.6477265E+00 -1.1928389E-01  1.2217841E-02  1.4271524E+00 -6.2490840E-03
  3.8927666E-01  1.6992507E-06  9.8748757E-02  1.6912026E+00 -9.7151640E-02  5.9956577E-04  8.7396839E-02  1.6354864E+00 -1.0336625E-01  8.1652248E-03  1.4159219E+00  4.5519788E-03
  3.9187739E-01  1.5126108E-06  9.4748201E-02  1.6775027E+00 -7.8252886E-02 -5.7420152E-03  8.4003162E-02  1.6230157E+00 -8.7301871E-02  4.0820361E-03  1.4045815E+00  1.5423917E-02
  3.9449549E-01  1.3453925E-06  9.0878850E-02  1.6635393E+00 -5.9192164E-02 -1.2122873E-02  8.0715557E-02  1.6103206E+00 -7.1096081E-02 -3.0152374E-05  1.3931343E+00  2.6364513E-02
  3.9713107E-01  1.1956955E-06  8.7137743E-02  1.6493206E+00 -3.9977173E-02 -1.8539933E-02  7.7531773E-02  1.5974074E+00 -5.4754308E-02 -4.1697400E-03  1.3815835E+00  3.7371510E-02
  3.9978426E-01  1.0617926E-06  8.3521934E-02  1.6348549E+00 -2.0615727E-02 -2.4990078E-02  7.4449567E-02  1.5842823E+00 -3.8282069E-02 -8.3350991E-03  1.3699322E+00  4.8442610E-02
  4.0245517E-01  9.4211498E-07  8.0028491E-02  1.6201503E+00 -1.1157460E-03 -3.1470142E-02  7.1466705E-02  1.5709516E+00 -2.1684970E-02 -1.2524575E-02  1.3581836E+00  5.9575474E-02
  4.0514391E-01  8.3523938E-07  7.6654502E-02  1.6052152E+00  1.8514746E-02 -3.7976919E-02  6.8580968E-02  1.5574218E+00 -4.9687027E-03 -1.6736487E-02  1.3463410E+00  7.0767726E-02
  4.0785061E-01  7.3987523E-07  7.3397076E-02  1.5900581E+00  3.8267628E-02 -4.4507160E-02  6.5790144E-02  1.5436994E+00  1.1860960E-02 -2.0969130E-02  1.3344078E+00  8.2016951E-02
  4.1057539E-01  6.5485344E-07  7.0253342E-02  1.5746874E+00  5.8134685E-02 -5.1057579E-02  6.3092040E-02  1.5297908E+00  2.8798165E-02 -2.5220772E-02  1.3223871E+00  9.3320697E-02
  4.1331836E-01  5.7911587E-07  6.7220453E-02  1.5591116E+00  7.8107612E-02 -5.7624850E-02  6.0484476E-02  1.5157026E+00  4.5836981E-02 -2.9489659E-02  1.3102823E+00  1.0467647E-01
  4.1607966E-01  5.1170557E-07  6.4295589E-02  1.5433393E+00  9.8178021E-02 -6.4205610E-02  5.7965288E-02  1.5014416E+00  6.2971402E-02 -3.3774014E-02  1.2980969E+00  1.1608176E-01
  4.1885939E-01  4.5175788E-07  6.1475956E-02  1.5273790E+00  1.1833745E-01 -7.0796465E-02  5.5532330E-02  1.4870144E+00  8.0195352E-02 -3.8072036E-02  1.2858342E+00  1.2753399E-01
  4.2165769E-01  3.9849218E-07  5.8758789E-02  1.5112395E+00  1.3857734E-01 -7.7393985E-02  5.3183476E-02  1.4724276E+00  9.7502688E-02 -4.2381904E-02  1.2734976E+00  1.3903057E-01
  4.2447468E-01  3.5120436E-07  5.6141351E-02  1.4949294E+00  1.5888911E-01 -8.3994712E-02  5.0916619E-02  1.4576881E+00  1.1488720E-01 -4.6701775E-02  1.2610907E+00  1.5056889E-01
  4.2731049E-01  3.0925987E-07  5.3620941E-02  1.4784573E+00  1.7926406E-01 -9.0595157E-02  4.8729672E-02  1.4428026E+00  1.3234261E-01 -5.1029788E-02  1.2486168E+00  1.6214627E-01
  4.3016523E-01  2.7208734E-07  5.1194887E-02  1.4618320E+00  1.9969348E-01 -9.7191807E-02  4.6620573E-02  1.4277780E+00  1.4986260E-01 -5.5364059E-02  1.2360796E+00  1.7376003E-01
  4.3303904E-01  2.3917275E-07  4.8860552E-02  1.4450621E+00  2.2016857E-01 -1.0378112E-01  4.4587280E-02  1.4126210E+00  1.6744079E-01 -5.9702691E-02  1.2234824E+00  1.8540745E-01
  4.3593204E-01  2.1005409E-07  4.6615335E-02  1.4281563E+00  2.4068051E-01 -1.1035954E-01  4.2627776E-02  1.3973387E+00  1.8507072E-01 -6.4043765E-02  1.2108290E+00  1.9708579E-01
  4.3884437E-01  1.8431646E-07  4.4456671E-02  1.4111235E+00  2.6122043E-01 -1.1692347E-01  4.0740068E-02  1.3819377E+00  2.0274593E-01 -6.8385350E-02  1.1981227E+00  2.0879226E-01
  4.4177614E-01  1.6158764E-07  4.2382032E-02  1.3939721E+00  2.8177941E-01 -1.2346933E-01  3.8922191E-02  1.3664251E+00  2.2045989E-01 -7.2725497E-02  1.1853671E+00  2.2052407E-01
  4.4472749E-01  1.4153393E-07  4.0388929E-02  1.3767110E+00  3.0234853E-01 -1.2999348E-01  3.7172203E-02  1.3508077E+00  2.3820602E-01 -7.7062243E-02  1.1725660E+00  2.3227839E-01
  4.4769856E-01  1.2385652E-07  3.8474912E-02  1.3593487E+00  3.2291881E-01 -1.3649231E-01  3.5488192E-02  1.3350923E+00  2.5597772E-01 -8.1393611E-02  1.1597227E+00  2.4405236E-01
  4.5068947E-01  1.0828803E-07  3.6637571E-02  1.3418939E+00  3.4348129E-01 -1.4296215E-01  3.3868272E-02  1.3192860E+00  2.7376835E-01 -8.5717614E-02  1.1468410E+00  2.5584312E-01
  4.5370035E-01  9.4589452E-08  3.4874537E-02  1.3243552E+00  3.6402696E-01 -1.4939937E-01  3.2310586E-02  1.3033955E+00  2.9157125E-01 -9.0032251E-02  1.1339245E+00  2.6764776E-01
  4.5673134E-01  8.2547319E-08  3.3183483E-02  1.3067410E+00  3.8454683E-01 -1.5580030E-01  3.0813305E-02  1.2874277E+00  3.0937971E-01 -9.4335512E-02  1.1209767E+00  2.7946337E-01
  4.5978258E-01  7.1971178E-08  3.1562123E-02  1.2890600E+00  4.0503190E-01 -1.6216126E-01  2.9374631E-02  1.2713895E+00  3.2718704E-01 -9.8625377E-02  1.1080012E+00  2.9128702E-01
  4.6285419E-01  6.2691255E-08  3.0008214E-02  1.2713205E+00  4.2547318E-01 -1.6847860E-01  2.7992796E-02  1.2552877E+00  3.4498648E-01 -1.0289982E-01  1.0950017E+00  3.0311575E-01
  4.6594631E-01  5.4556354E-08  2.8519557E-02  1.2535309E+00  4.4586168E-01 -1.7474863E-01  2.6666061E-02  1.2391291E+00  3.6277131E-01 -1.0715680E-01  1.0819818E+00  3.1494659E-01
  4.6905909E-01  4.7431958E-08  2.7093996E-02  1.2356996E+00  4.6618844E-01 -1.8096770E-01  2.5392718E-02  1.2229205E+00  3.8053475E-01 -1.1139429E-01  1.0689450E+00  3.2677655E-01
  4.7219266E-01  4.1198498E-08  2.5729418E-02  1.2178348E+00  4.8644452E-01 -1.8713213E-01  2.4171092E-02  1.2066686E+00  3.9827005E-01 -1.1561023E-01  1.0558951E+00  3.3860264E-01
  4.7534715E-01  3.5749797E-08  2.4423756E-02  1.1999447E+00  5.0662099E-01 -1.9323825E-01  2.2999538E-02  1.1903801E+00  4.1597044E-01 -1.1980257E-01  1.0428355E+00  3.5042184E-01
  4.7852272E-01  3.0991666E-08  2.3174987E-02  1.1820373E+00  5.2670900E-01 -1.9928243E-01  2.1876444E-02  1.1740616E+00  4.3362917E-01 -1.2396926E-01  1.0297698E+00  3.6223113E-01
  4.8171949E-01  2.6840624E-08  2.1981131E-02  1.1641207E+00  5.4669969E-01 -2.0526101E-01  2.0800228E-02  1.1577199E+00  4.5123946E-01 -1.2810825E-01  1.0167016E+00  3.7402747E-01
  4.8493761E-01  2.3222763E-08  2.0840254E-02  1.1462027E+00  5.6658427E-01 -2.1117037E-01  1.9769342E-02  1.1413613E+00  4.6879458E-01 -1.3221748E-01  1.0036345E+00  3.8580783E-01
  4.8817722E-01  2.0072706E-08  1.9750467E-02  1.1282912E+00  5.8635401E-01 -2.1700690E-01  1.8782269E-02  1.1249924E+00  4.8628779E-01 -1.3629490E-01  9.9057197E-01  3.9756914E-01
  4.9143847E-01  1.7332688E-08  1.8709925E-02  1.1103940E+00  6.0600021E-01 -2.2276698E-01  1.7837526E-02  1.1086197E+00  5.0371236E-01 -1.4033844E-01  9.7751752E-01  4.0930835E-01
  4.9472151E-01  1.4951715E-08  1.7716829E-02  1.0925185E+00  6.2551427E-01 -2.2844705E-01  1.6933662E-02  1.0922494E+00  5.2106161E-01 -1.4434606E-01  9.6447464E-01  4.2102240E-01
  4.9802646E-01  1.2884820E-08  1.6769424E-02  1.0746723E+00  6.4488762E-01 -2.3404355E-01  1.6069258E-02  1.0758879E+00  5.3832886E-01 -1.4831571E-01  9.5144679E-01  4.3270822E-01
  5.0135349E-01  1.1092389E-08  1.5865997E-02  1.0568627E+00  6.6411179E-01 -2.3955294E-01  1.5242929E-02  1.0595414E+00  5.5550745E-01 -1.5224535E-01  9.3843740E-01  4.4436272E-01
  5.0470274E-01  9.5395598E-09  1.5004884E-02  1.0390969E+00  6.8317836E-01 -2.4497170E-01  1.4453320E-02  1.0432159E+00  5.7259078E-01 -1.5613293E-01  9.2544985E-01  4.5598284E-01
  5.0807436E-01  8.1956828E-09  1.4184461E-02  1.0213821E+00  7.0207901E-01 -2.5029637E-01  1.3699110E-02  1.0269176E+00  5.8957224E-01 -1.5997642E-01  9.1248752E-01  4.6756549E-01
  5.1146850E-01  7.0338420E-09  1.3403149E-02  1.0037252E+00  7.2080551E-01 -2.5552347E-01  1.2979012E-02  1.0106524E+00  6.0644530E-01 -1.6377379E-01  8.9955372E-01  4.7910758E-01
  5.1488530E-01  6.0304230E-09  1.2659415E-02  9.8613304E-01  7.3934970E-01 -2.6064960E-01  1.2291768E-02  9.9442610E-01  6.2320344E-01 -1.6752302E-01  8.8665174E-01  4.9060604E-01
  5.1832493E-01  5.1647308E-09  1.1951764E-02  9.6861228E-01  7.5770352E-01 -2.6567135E-01  1.1636155E-02  9.7824448E-01  6.3984019E-01 -1.7122210E-01  8.7378481E-01  5.0205776E-01
  5.2178752E-01  4.4186476E-09  1.1278748E-02  9.5116944E-01  7.7585903E-01 -2.7058536E-01  1.1010979E-02  9.6211318E-01  6.5634912E-01 -1.7486903E-01  8.6095612E-01  5.1345967E-01
  5.2527324E-01  3.7763287E-09  1.0638960E-02  9.3381090E-01  7.9380834E-01 -2.7538833E-01  1.0415081E-02  9.4603774E-01  6.7272384E-01 -1.7846181E-01  8.4816882E-01  5.2480867E-01
  5.2878224E-01  3.2239325E-09  1.0031033E-02  9.1654286E-01  8.1154371E-01 -2.8007695E-01  9.8473305E-03  9.3002359E-01  6.8895802E-01 -1.8199846E-01  8.3542601E-01  5.3610166E-01
  5.3231468E-01  2.7493801E-09  9.4536441E-03  8.9937135E-01  8.2905750E-01 -2.8464798E-01  9.3066300E-03  9.1407602E-01  7.0504537E-01 -1.8547702E-01  8.2273071E-01  5.4733556E-01
  5.3587071E-01  2.3421422E-09  8.9055093E-03  8.8230228E-01  8.4634215E-01 -2.8909822E-01  8.7919122E-03  8.9820023E-01  7.2097966E-01 -1.8889551E-01  8.1008593E-01  5.5850727E-01
  5.3945049E-01  1.9930503E-09  8.3853856E-03  8.6534134E-01  8.6339024E-01 -2.9342450E-01  8.3021403E-03  8.8240130E-01  7.3675470E-01 -1.9225200E-01  7.9749458E-01  5.6961370E-01
  5.4305417E-01  1.6941298E-09  7.8920692E-03  8.4849408E-01  8.8019447E-01 -2.9762371E-01  7.8363081E-03  8.6668416E-01  7.5236438E-01 -1.9554455E-01  7.8495953E-01  5.8065174E-01
  5.4668193E-01  1.4384521E-09  7.4243957E-03  8.3176587E-01  8.9674766E-01 -3.0169277E-01  7.3934391E-03  8.5105364E-01  7.6780264E-01 -1.9877124E-01  7.7248361E-01  5.9161832E-01
  5.5033391E-01  1.2200040E-09  6.9812389E-03  8.1516192E-01  9.1304273E-01 -3.0562865E-01  6.9725863E-03  8.3551444E-01  7.8306346E-01 -2.0193017E-01  7.6006956E-01  6.0251034E-01
  5.5401028E-01  1.0335728E-09  6.5615107E-03  7.9868725E-01  9.2907277E-01 -3.0942839E-01  6.5728321E-03  8.2007113E-01  7.9814093E-01 -2.0501946E-01  7.4772009E-01  6.1332472E-01
  5.5771121E-01  8.7464461E-10  6.1641597E-03  7.8234671E-01  9.4483097E-01 -3.1308905E-01  6.1932872E-03  8.0472815E-01  8.1302917E-01 -2.0803723E-01  7.3543782E-01  6.2405836E-01
  5.6143685E-01  7.3931535E-10  5.7881714E-03  7.6614499E-01  9.6031069E-01 -3.1660779E-01  5.8330912E-03  7.8948982E-01  8.2772241E-01 -2.1098165E-01  7.2322535E-01  6.3470821E-01
  5.6518738E-01  6.2421199E-10  5.4325668E-03  7.5008660E-01  9.7550542E-01 -3.1998178E-01  5.4914110E-03  7.7436033E-01  8.4221493E-01 -2.1385088E-01  7.1108518E-01  6.4527120E-01
  5.6896295E-01  5.2642376E-10  5.0964020E-03  7.3417589E-01  9.9040881E-01 -3.2320827E-01  5.1674413E-03  7.5934376E-01  8.5650110E-01 -2.1664312E-01  6.9901979E-01  6.5574428E-01
  5.7276374E-01  4.4344174E-10  4.7787675E-03  7.1841701E-01  1.0050147E+00 -3.2628460E-01  4.8604037E-03  7.4444404E-01  8.7057541E-01 -2.1935659E-01  6.8703159E-01  6.6612441E-01
  5.7658991E-01  3.7310582E-10  4.4787874E-03  7.0281399E-01  1.0193170E+00 -3.2920813E-01  4.5695461E-03  7.2966499E-01  8.8443241E-01 -2.2198953E-01  6.7512292E-01  6.7640857E-01
  5.8044164E-01  3.1355846E-10  4.1956185E-03  6.8737066E-01  1.0333098E+00 -3.3197632E-01  4.2941426E-03  7.1501031E-01  8.9806677E-01 -2.2454022E-01  6.6329610E-01  6.8659378E-01
  5.8431909E-01  2.6320411E-10  3.9284499E-03  6.7209068E-01  1.0469876E+00 -3.3458669E-01  4.0334927E-03  7.0048358E-01  9.1147325E-01 -2.2700696E-01  6.5155337E-01  6.9667706E-01
  5.8822244E-01  2.2067395E-10  3.6765018E-03  6.5697758E-01  1.0603448E+00 -3.3703685E-01  3.7869207E-03  6.8608823E-01  9.2464675E-01 -2.2938809E-01  6.3989693E-01  7.0665548E-01
  5.9215185E-01  1.8479504E-10  3.4390250E-03  6.4203469E-01  1.0733762E+00 -3.3932446E-01  3.5537755E-03  6.7182762E-01  9.3758227E-01 -2.3168196E-01  6.2832891E-01  7.1652612E-01
  5.9610751E-01  1.5456350E-10  3.2153002E-03  6.2726521E-01  1.0860765E+00 -3.4144729E-01  3.3334298E-03  6.5770494E-01  9.5027493E-01 -2.3388698E-01  6.1685142E-01  7.2628612E-01
  6.0008959E-01  1.2912118E-10  3.0046368E-03  6.1267214E-01  1.0984410E+00 -3.4340317E-01  3.1252796E-03  6.4372329E-01  9.6272000E-01 -2.3600159E-01  6.0546649E-01  7.3593264E-01
  6.0409827E-01  1.0773541E-10  2.8063727E-03  5.9825836E-01  1.1104650E+00 -3.4519003E-01  2.9287436E-03  6.2988564E-01  9.7491287E-01 -2.3802426E-01  5.9417611E-01  7.4546288E-01
  6.0813371E-01  8.9781402E-11  2.6198729E-03  5.8402656E-01  1.1221440E+00 -3.4680588E-01  2.7432630E-03  6.1619483E-01  9.8684906E-01 -2.3995349E-01  5.8298221E-01  7.5487409E-01
  6.1219611E-01  7.4727021E-11  2.4445292E-03  5.6997929E-01  1.1334737E+00 -3.4824882E-01  2.5683003E-03  6.0265358E-01  9.9852424E-01 -2.4178785E-01  5.7188668E-01  7.6416357E-01
  6.1628564E-01  6.2119619E-11  2.2797591E-03  5.5611892E-01  1.1444501E+00 -3.4951704E-01  2.4033394E-03  5.8926451E-01  1.0099342E+00 -2.4352591E-01  5.6089134E-01  7.7332867E-01
  6.2040248E-01  5.1574633E-11  2.1250053E-03  5.4244768E-01  1.1550694E+00 -3.5060882E-01  2.2478846E-03  5.7603008E-01  1.0210750E+00 -2.4516632E-01  5.4999796E-01  7.8236677E-01
  6.2454681E-01  4.2765754E-11  1.9797348E-03  5.2896763E-01  1.1653280E+00 -3.5152253E-01  2.1014602E-03  5.6295266E-01  1.0319427E+00 -2.4670775E-01  5.3920825E-01  7.9127532E-01
  6.2871883E-01  3.5416459E-11  1.8434378E-03  5.1568066E-01  1.1752227E+00 -3.5225666E-01  1.9636099E-03  5.5003446E-01  1.0425335E+00 -2.4814892E-01  5.2852386E-01  8.0005181E-01
  6.3291870E-01  2.9292705E-11  1.7156277E-03  5.0258853E-01  1.1847501E+00 -3.5280976E-01  1.8338965E-03  5.3727760E-01  1.0528440E+00 -2.4948860E-01  5.1794640E-01  8.0869380E-01
  6.3714663E-01  2.4196665E-11  1.5958396E-03  4.8969282E-01  1.1939076E+00 -3.5318050E-01  1.7119007E-03  5.2468406E-01  1.0628706E+00 -2.5072558E-01  5.0747739E-01  8.1719888E-01
  6.4140279E-01  1.9961333E-11  1.4836301E-03  4.7699497E-01  1.2026924E+00 -3.5336764E-01  1.5972215E-03  5.1225568E-01  1.0726101E+00 -2.5185873E-01  4.9711830E-01  8.2556472E-01
  6.4568738E-01  1.6445906E-11  1.3785762E-03  4.6449624E-01  1.2111020E+00 -3.5337004E-01  1.4894746E-03  4.9999420E-01  1.0820595E+00 -2.5288695E-01  4.8687056E-01  8.3378903E-01
  6.5000059E-01  1.3531831E-11  1.2802748E-03  4.5219775E-01  1.2191344E+00 -3.5318666E-01  1.3882928E-03  4.8790121E-01  1.0912157E+00 -2.5380918E-01  4.7673550E-01  8.4186959E-01
  6.5434260E-01  1.1119419E-11  1.1883420E-03  4.4010048E-01  1.2267876E+00 -3.5281656E-01  1.2933251E-03  4.7597819E-01  1.1000761E+00 -2.5462443E-01  4.6671440E-01  8.4980423E-01
  6.5871361E-01  9.1249514E-12  1.1024123E-03  4.2820523E-01  1.2340598E+00 -3.5225890E-01  1.2042357E-03  4.6422649E-01  1.1086379E+00 -2.5533172E-01  4.5680850E-01  8.5759084E-01
  6.6311381E-01  7.4782184E-12  1.0221380E-03  4.1651268E-01  1.2409496E+00 -3.5151294E-01  1.1207045E-03  4.5264733E-01  1.1168989E+00 -2.5593016E-01  4.4701893E-01  8.6522738E-01
  6.6754340E-01  6.1204169E-12  9.4718842E-04  4.0502335E-01  1.2474557E+00 -3.5057804E-01  1.0424257E-03  4.4124182E-01  1.1248567E+00 -2.5641889E-01  4.3734679E-01  8.7271186E-01
  6.7200257E-01  5.0023637E-12  8.7724943E-04  3.9373760E-01  1.2535771E+00 -3.4945367E-01  9.6910774E-04  4.3001093E-01  1.1325091E+00 -2.5679709E-01  4.2779310E-01  8.8004235E-01
  6.7649152E-01  4.0829780E-12  8.1202270E-04  3.8265566E-01  1.2593131E+00 -3.4813941E-01  9.0047261E-04  4.1895551E-01  1.1398544E+00 -2.5706400E-01  4.1835881E-01  8.8721700E-01
  6.8101046E-01  3.3279930E-12  7.5122508E-04  3.7177763E-01  1.2646630E+00 -3.4663491E-01  8.3625554E-04  4.0807630E-01  1.1468906E+00 -2.5721892E-01  4.0904482E-01  8.9423400E-01
  6.8555957E-01  2.7088653E-12  6.9458804E-04  3.6110346E-01  1.2696267E+00 -3.4493995E-01  7.7620440E-04  3.9737392E-01  1.1536163E+00 -2.5726119E-01  3.9985194E-01  9.0109162E-01
  6.9013907E-01  2.2018517E-12  6.4185701E-04  3.5063295E-01  1.2742040E+00 -3.4305442E-01  7.2007930E-04  3.8684885E-01  1.1600299E+00 -2.5719020E-01  3.9078093E-01  9.0778819E-01
  6.9474915E-01  1.7872284E-12  5.9279086E-04  3.4036581E-01  1.2783950E+00 -3.4097830E-01  6.6765208E-04  3.7650147E-01  1.1661303E+00 -2.5700540E-01  3.8183249E-01  9.1432210E-01
  6.9939002E-01  1.4486374E-12  5.4716129E-04  3.3030157E-01  1.2822003E+00 -3.3871166E-01  6.1870589E-04  3.6633205E-01  1.1719163E+00 -2.5670628E-01  3.7300722E-01  9.2069183E-01
  7.0406189E-01  1.1725270E-12  5.0475231E-04  3.2043966E-01  1.2856203E+00 -3.3625470E-01  5.7303476E-04  3.5634074E-01  1.1773871E+00 -2.5629238E-01  3.6430570E-01  9.2689590E-01
  7.0876495E-01  9.4768834E-13  4.6535971E-04  3.1077939E-01  1.2886559E+00 -3.3360772E-01  5.3044316E-04  3.4652758E-01  1.1825418E+00 -2.5576332E-01  3.5572841E-01  9.3293291E-01
  7.1349943E-01  7.6486288E-13  4.2879050E-04  3.0131994E-01  1.2913082E+00 -3.3077110E-01  4.9074558E-04  3.3689248E-01  1.1873799E+00 -2.5511874E-01  3.4727577E-01  9.3880152E-01
  7.1826553E-01  6.1641454E-13  3.9486246E-04  2.9206038E-01  1.2935785E+00 -3.2774535E-01  4.5376611E-04  3.2743528E-01  1.1919011E+00 -2.5435835E-01  3.3894816E-01  9.4450048E-01
  7.2306345E-01  4.9605433E-13  3.6340362E-04  2.8299965E-01  1.2954682E+00 -3.2453106E-01  4.1933810E-04  3.1815568E-01  1.1961051E+00 -2.5348190E-01  3.3074587E-01  9.5002858E-01
  7.2789343E-01  3.9861028E-13  3.3425179E-04  2.7413661E-01  1.2969792E+00 -3.2112896E-01  3.8730369E-04  3.0905330E-01  1.1999918E+00 -2.5248922E-01  3.2266913E-01  9.5538471E-01
  7.3275565E-01  3.1983532E-13  3.0725409E-04  2.6546998E-01  1.2981134E+00 -3.1753983E-01  3.5751350E-04  3.0012765E-01  1.2035613E+00 -2.5138016E-01  3.1471811E-01  9.6056782E-01
  7.3765036E-01  2.5624698E-13  2.8226655E-04  2.5699841E-01  1.2988729E+00 -3.1376459E-01  3.2982624E-04  2.9137814E-01  1.2068140E+00 -2.5015465E-01  3.0689293E-01  9.6557692E-01
  7.4257775E-01  2.0499405E-13  2.5915364E-04  2.4872042E-01  1.2992602E+00 -3.0980424E-01  3.0410832E-04  2.8280408E-01  1.2097503E+00 -2.4881265E-01  2.9919362E-01  9.7041111E-01
  7.4753805E-01  1.6374558E-13  2.3778787E-04  2.4063444E-01  1.2992777E+00 -3.0565991E-01  2.8023359E-04  2.7440469E-01  1.2123707E+00 -2.4735420E-01  2.9162018E-01  9.7506955E-01
  7.5253148E-01  1.3059887E-13  2.1804940E-04  2.3273884E-01  1.2989284E+00 -3.0133279E-01  2.5808292E-04  2.6617912E-01  1.2146762E+00 -2.4577936E-01  2.8417252E-01  9.7955148E-01
  7.5755826E-01  1.0400313E-13  1.9982565E-04  2.2503186E-01  1.2982151E+00 -2.9682420E-01  2.3754392E-04  2.5812638E-01  1.2166675E+00 -2.4408827E-01  2.7685052E-01  9.8385621E-01
  7.6261861E-01  8.2696313E-14  1.8301092E-04  2.1751167E-01  1.2971411E+00 -2.9213553E-01  2.1851061E-04  2.5024545E-01  1.2183460E+00 -2.4228112E-01  2.6965398E-01  9.8798312E-01
  7.6771275E-01  6.5652947E-14  1.6750605E-04  2.1017637E-01  1.2957098E+00 -2.8726830E-01  2.0088314E-04  2.4253520E-01  1.2197127E+00 -2.4035815E-01  2.6258266E-01  9.9193167E-01
  7.7284092E-01  5.2041068E-14  1.5321807E-04  2.0302397E-01  1.2939248E+00 -2.8222410E-01  1.8456747E-04  2.3499440E-01  1.2207692E+00 -2.3831963E-01  2.5563624E-01  9.9570139E-01
  7.7800334E-01  4.1186755E-14  1.4005988E-04  1.9605241E-01  1.2917898E+00 -2.7700461E-01  1.6947509E-04  2.2762179E-01  1.2215171E+00 -2.3616592E-01  2.4881437E-01  9.9929189E-01
  7.8320023E-01  3.2544969E-14  1.2794993E-04  1.8925956E-01  1.2893088E+00 -2.7161164E-01  1.5552278E-04  2.2041598E-01  1.2219581E+00 -2.3389740E-01  2.4211663E-01  1.0027029E+00
  7.8843184E-01  2.5675595E-14  1.1681191E-04  1.8264323E-01  1.2864859E+00 -2.6604705E-01  1.4263230E-04  2.1337556E-01  1.2220941E+00 -2.3151453E-01  2.3554255E-01  1.0059340E+00
  7.9369838E-01  2.0223809E-14  1.0657448E-04  1.7620116E-01  1.2833254E+00 -2.6031282E-01  1.3073017E-04  2.0649901E-01  1.2219273E+00 -2.2901780E-01  2.2909161E-01  1.0089852E+00
  7.9900010E-01  1.5904009E-14  9.7170979E-05  1.6993103E-01  1.2798318E+00 -2.5441099E-01  1.1974741E-04  1.9978476E-01  1.2214597E+00 -2.2640775E-01  2.2276323E-01  1.0118564E+00
  8.0433722E-01  1.2486675E-14  8.8539156E-05  1.6383047E-01  1.2760098E+00 -2.4834372E-01  1.0961933E-04  1.9323118E-01  1.2206938E+00 -2.2368499E-01  2.1655679E-01  1.0145474E+00
  8.0970999E-01  9.7876614E-15  8.0620936E-05  1.5789705E-01  1.2718642E+00 -2.4211324E-01  1.0028526E-04  1.8683657E-01  1.2196321E+00 -2.2085016E-01  2.1047162E-01  1.0170584E+00
  8.1511864E-01  7.6594622E-15  7.3362166E-05  1.5212831E-01  1.2673998E+00 -2.3572187E-01  9.1688384E-05  1.8059917E-01  1.2182772E+00 -2.1790396E-01  2.0450701E-01  1.0193895E+00
  8.2056342E-01  5.9841175E-15  6.6712387E-05  1.4652173E-01  1.2626219E+00 -2.2917199E-01  8.3775505E-05  1.7451717E-01  1.2166320E+00 -2.1484713E-01  1.9866217E-01  1.0215409E+00
  8.2604456E-01  4.6674501E-15  6.0624617E-05  1.4107475E-01  1.2575357E+00 -2.2246609E-01  7.6496854E-05  1.6858871E-01  1.2146993E+00 -2.1168047E-01  1.9293631E-01  1.0235127E+00
  8.3156230E-01  3.6343958E-15  5.5055142E-05  1.3578479E-01  1.2521466E+00 -2.1560674E-01  6.9805899E-05  1.6281187E-01  1.2124822E+00 -2.0840481E-01  1.8732857E-01  1.0253055E+00
  8.3711690E-01  2.8252240E-15  4.9963316E-05  1.3064921E-01  1.2464601E+00 -2.0859656E-01  6.3659164E-05  1.5718470E-01  1.2099840E+00 -2.0502106E-01  1.8183805E-01  1.0269195E+00
  8.4270859E-01  2.1924861E-15  4.5311376E-05  1.2566537E-01  1.2404820E+00 -2.0143826E-01  5.8016060E-05  1.5170518E-01  1.2072079E+00 -2.0153013E-01  1.7646382E-01  1.0283552E+00
  8.4833763E-01  1.6985535E-15  4.1064259E-05  1.2083057E-01  1.2342178E+00 -1.9413464E-01  5.2838714E-05  1.4637128E-01  1.2041574E+00 -1.9793301E-01  1.7120488E-01  1.0296132E+00
  8.5400427E-01  1.3136362E-15  3.7189436E-05  1.1614211E-01  1.2276737E+00 -1.8668855E-01  4.8091813E-05  1.4118090E-01  1.2008361E+00 -1.9423073E-01  1.6606024E-01  1.0306941E+00
  8.5970874E-01  1.0141905E-15  3.3656746E-05  1.1159726E-01  1.2208556E+00 -1.7910290E-01  4.3742456E-05  1.3613192E-01  1.1972477E+00 -1.9042434E-01  1.6102883E-01  1.0315986E+00
  8.6545132E-01  7.8164132E-16  3.0438251E-05  1.0719328E-01  1.2137696E+00 -1.7138071E-01  3.9760006E-05  1.3122220E-01  1.1933959E+00 -1.8651497E-01  1.5610956E-01  1.0323274E+00
  8.7123225E-01  6.0135934E-16  2.7508085E-05  1.0292741E-01  1.2064219E+00 -1.6352502E-01  3.6115961E-05  1.2644954E-01  1.1892847E+00 -1.8250376E-01  1.5130132E-01  1.0328813E+00
  8.7705179E-01  4.6184274E-16  2.4842322E-05  9.8796884E-02  1.1988189E+00 -1.5553896E-01  3.2783816E-05  1.2181174E-01  1.1849181E+00 -1.7839191E-01  1.4660294E-01  1.0332612E+00
  8.8291019E-01  3.5406469E-16  2.2418843E-05  9.4798925E-02  1.1909670E+00 -1.4742570E-01  2.9738946E-05  1.1730655E-01  1.1803002E+00 -1.7418065E-01  1.4201324E-01  1.0334680E+00
  8.8880772E-01  2.7095329E-16  2.0217221E-05  9.0930750E-02  1.1828726E+00 -1.3918850E-01  2.6958488E-05  1.1293173E-01  1.1754353E+00 -1.6987126E-01  1.3753100E-01  1.0335027E+00
  8.9474464E-01  2.0697811E-16  1.8218599E-05  8.7189577E-02  1.1745424E+00 -1.3083064E-01  2.4421227E-05  1.0868498E-01  1.1703276E+00 -1.6546505E-01  1.3315497E-01  1.0333664E+00
  9.0072121E-01  1.5782195E-16  1.6405585E-05  8.3572622E-02  1.1659829E+00 -1.2235549E-01  2.2107495E-05  1.0456402E-01  1.1649816E+00 -1.6096337E-01  1.2888389E-01  1.0330602E+00
  9.0673769E-01  1.2012078E-16  1.4762155E-05  8.0077107E-02  1.1572009E+00 -1.1376643E-01  1.9999069E-05  1.0056653E-01  1.1594018E+00 -1.5636761E-01  1.2471644E-01  1.0325853E+00
  9.1279436E-01  9.1258103E-17  1.3273547E-05  7.6700259E-02  1.1482031E+00 -1.0506693E-01  1.8079079E-05  9.6690184E-02  1.1535927E+00 -1.5167919E-01  1.2065132E-01  1.0319429E+00
  9.1889148E-01  6.9202527E-17  1.1926182E-05  7.3439313E-02  1.1389964E+00 -9.6260486E-02  1.6331918E-05  9.2932660E-02  1.1475591E+00 -1.4689957E-01  1.1668717E-01  1.0311343E+00
  9.2502931E-01  5.2379867E-17  1.0707573E-05  7.0291515E-02  1.1295876E+00 -8.7350645E-02  1.4743157E-05  8.9291613E-02  1.1413056E+00 -1.4203024E-01  1.1282263E-01  1.0301609E+00
  9.3120814E-01  3.9572491E-17  9.6062463E-06  6.7254126E-02  1.1199835E+00 -7.8340993E-02  1.3299467E-05  8.5764699E-02  1.1348371E+00 -1.3707273E-01  1.0905631E-01  1.0290240E+00
  9.3742824E-01  2.9840325E-17  8.6116707E-06  6.4324421E-02  1.1101912E+00 -6.9235161E-02  1.1988545E-05  8.2349569E-02  1.1281584E+00 -1.3202859E-01  1.0538681E-01  1.0277252E+00
  9.4368987E-01  2.2458950E-17  7.7141848E-06  6.1499693E-02  1.1002176E+00 -6.0036814E-02  1.0799042E-05  7.9043876E-02  1.1212745E+00 -1.2689941E-01  1.0181271E-01  1.0262658E+00
  9.4999333E-01  1.6871186E-17  6.9049332E-06  5.8777256E-02  1.0900696E+00 -5.0749655E-02  9.7204973E-06  7.5845274E-02  1.1141904E+00 -1.2168682E-01  9.8332564E-02  1.0246476E+00
  9.5633889E-01  1.2649302E-17  6.1758059E-06  5.6154445E-02  1.0797544E+00 -4.1377420E-02  8.7432771E-06  7.2751418E-02  1.1069111E+00 -1.1639245E-01  9.4944928E-02  1.0228720E+00
  9.6272682E-01  9.4655696E-18  5.5193809E-06  5.3628619E-02  1.0692788E+00 -3.1923875E-02  7.8585149E-06  6.9759973E-02  1.0994417E+00 -1.1101798E-01  9.1648338E-02  1.0209407E+00
  9.6915742E-01  7.0693681E-18  4.9288718E-06  5.1197163E-02  1.0586500E+00 -2.2392816E-02  7.0580572E-06  6.6868608E-02  1.0917874E+00 -1.0556511E-01  8.8441317E-02  1.0188555E+00
  9.7563096E-01  5.2694159E-18  4.3980783E-06  4.8857488E-02  1.0478750E+00 -1.2788065E-02  6.3344114E-06  6.4075003E-02  1.0839533E+00 -1.0003557E-01  8.5322382E-02  1.0166180E+00
  9.8214774E-01  3.9200062E-18  3.9213399E-06  4.6607037E-02  1.0369606E+00 -3.1134662E-03  5.6806979E-06  6.1376851E-02  1.0759447E+00 -9.4431117E-02  8.2290039E-02  1.0142301E+00
  9.8870804E-01  2.9103669E-18  3.4934934E-06  4.4443281E-02  1.0259141E+00  6.6271123E-03  5.0906049E-06  5.8771857E-02  1.0677669E+00 -8.8753518E-02  7.9342788E-02  1.0116935E+00
  9.9531216E-01  2.1564516E-18  3.1098331E-06  4.2363725E-02  1.0147423E+00  1.6429784E-02  4.5583457E-06  5.6257739E-02  1.0594252E+00 -8.3004574E-02  7.6479122E-02  1.0090102E+00
  1.0019604E+00  1.5946189E-18  2.7660735E-06  4.0365904E-02  1.0034523E+00  2.6290645E-02  4.0786195E-06  5.3832234E-02  1.0509248E+00 -7.7186106E-02  7.3697530E-02  1.0061821E+00
  1.0086530E+00  1.1767752E-18  2.4583154E-06  3.8447392E-02  9.9205092E-01  3.6205778E-02  3.6465744E-06  5.1493098E-02  1.0422712E+00 -7.1299954E-02  7.0996496E-02  1.0032111E+00
  1.0153903E+00  8.6664980E-19  2.1830139E-06  3.6605796E-02  9.8054514E-01  4.6171252E-02  3.2577728E-06  4.9238103E-02  1.0334696E+00 -6.5347978E-02  6.8374505E-02  1.0000991E+00
  1.0221726E+00  6.3694363E-19  1.9369488E-06  3.4838762E-02  9.6894183E-01  5.6183126E-02  2.9081592E-06  4.7065045E-02  1.0245255E+00 -5.9332057E-02  6.5830038E-02  9.9684825E-01
  1.0290003E+00  4.6715403E-19  1.7171975E-06  3.3143971E-02  9.5724783E-01  6.6237450E-02  2.5940304E-06  4.4971743E-02  1.0154442E+00 -5.3254088E-02  6.3361578E-02  9.9346053E-01
  1.0358735E+00  3.4191250E-19  1.5211096E-06  3.1519147E-02  9.4546991E-01  7.6330272E-02  2.3120078E-06  4.2956037E-02  1.0062311E+00 -4.7115984E-02  6.0967609E-02  9.8993803E-01
  1.0427926E+00  2.4972363E-19  1.3462839E-06  2.9962052E-02  9.3361483E-01  8.6457633E-02  2.0590110E-06  4.1015793E-02  9.9689172E-01 -4.0919672E-02  5.8646616E-02  9.8628287E-01
  1.0497579E+00  1.8200697E-19  1.1905463E-06  2.8470486E-02  9.2168926E-01  9.6615573E-02  1.8322342E-06  3.9148905E-02  9.8743134E-01 -3.4667095E-02  5.6397090E-02  9.8249718E-01
  1.0567698E+00  1.3237137E-19  1.0519307E-06  2.7042295E-02  9.0969984E-01  1.0680014E-01  1.6291236E-06  3.7353292E-02  9.7785539E-01 -2.8360211E-02  5.4217524E-02  9.7858313E-01
  1.0638284E+00  9.6066424E-20  9.2866019E-07  2.5675363E-02  8.9765313E-01  1.1700736E-01  1.4473566E-06  3.5626903E-02  9.6816925E-01 -2.2000986E-02  5.2106419E-02  9.7454292E-01
  1.0709343E+00  6.9568806E-20  8.1913024E-07  2.4367619E-02  8.8555562E-01  1.2723331E-01  1.2848230E-06  3.3967713E-02  9.5837829E-01 -1.5591402E-02  5.0062282E-02  9.7037877E-01
  1.0780875E+00  5.0270896E-20  7.2189354E-07  2.3117033E-02  8.7341374E-01  1.3747403E-01  1.1396067E-06  3.2373732E-02  9.4848788E-01 -9.1334498E-03  4.8083627E-02  9.6609293E-01
  1.0852886E+00  3.6246961E-20  6.3564556E-07  2.1921620E-02  8.6123384E-01  1.4772559E-01  1.0099698E-06  3.0842996E-02  9.3850335E-01 -2.6291284E-03  4.6168977E-02  9.6168765E-01
  1.0925377E+00  2.6077935E-20  5.5921151E-07  2.0779436E-02  8.4902218E-01  1.5798407E-01  8.9433698E-07  2.9373576E-02  9.2843003E-01  3.9195533E-03  4.4316865E-02  9.5716523E-01
  1.0998353E+00  1.8720398E-20  4.9153448E-07  1.9688585E-02  8.3678495E-01  1.6824556E-01  7.9128156E-07  2.7963575E-02  9.1827321E-01  1.0510579E-02  4.2525833E-02  9.5252798E-01
  1.1071816E+00  1.3408829E-20  4.3166437E-07  1.8647210E-02  8.2452827E-01  1.7850617E-01  6.9951276E-07  2.6611126E-02  9.0803816E-01  1.7141927E-02  4.0794435E-02  9.4777821E-01
  1.1145769E+00  9.5828369E-21  3.7874795E-07  1.7653502E-02  8.1225812E-01  1.8876202E-01  6.1786364E-07  2.5314400E-02  8.9773012E-01  2.3811568E-02  3.9121238E-02  9.4291829E-01
  1.1220217E+00  6.8331094E-21  3.3201961E-07  1.6705694E-02  7.9998045E-01  1.9900926E-01  5.4528012E-07  2.4071599E-02  8.8735429E-01  3.0517469E-02  3.7504820E-02  9.3795055E-01
  1.1295162E+00  4.8613531E-21  2.9079307E-07  1.5802064E-02  7.8770106E-01  2.0924405E-01  4.8081095E-07  2.2880961E-02  8.7691583E-01  3.7257595E-02  3.5943774E-02  9.3287739E-01
  1.1370607E+00  3.4506739E-21  2.5445366E-07  1.4940934E-02  7.7542569E-01  2.1946258E-01  4.2359839E-07  2.1740757E-02  8.6641987E-01  4.4029905E-02  3.4436706E-02  9.2770118E-01
  1.1446556E+00  2.4437233E-21  2.2245140E-07  1.4120669E-02  7.6315995E-01  2.2966107E-01  3.7286971E-07  2.0649296E-02  8.5587149E-01  5.0832359E-02  3.2982238E-02  9.2242433E-01
  1.1523012E+00  1.7266125E-21  1.9429464E-07  1.3339680E-02  7.5090938E-01  2.3983575E-01  3.2792939E-07  1.9604920E-02  8.4527573E-01  5.7662913E-02  3.1579007E-02  9.1704925E-01
  1.1599979E+00  1.2170986E-21  1.6954429E-07  1.2596418E-02  7.3867937E-01  2.4998290E-01  2.8815194E-07  1.8606008E-02  8.3463758E-01  6.4519527E-02  3.0225667E-02  9.1157835E-01
  1.1677460E+00  8.5592949E-22  1.4780855E-07  1.1889380E-02  7.2647524E-01  2.6009881E-01  2.5297539E-07  1.7650975E-02  8.2396198E-01  7.1400159E-02  2.8920886E-02  9.0601407E-01
  1.1755459E+00  6.0051622E-22  1.2873818E-07  1.1217106E-02  7.1430217E-01  2.7017982E-01  2.2189527E-07  1.6738272E-02  8.1325381E-01  7.8302769E-02  2.7663353E-02  9.0035885E-01
  1.1833978E+00  4.2031919E-22  1.1202218E-07  1.0578177E-02  7.0216525E-01  2.8022229E-01  1.9445914E-07  1.5866385E-02  8.0251789E-01  8.5225319E-02  2.6451771E-02  8.9461512E-01
  1.1913022E+00  2.9349083E-22  9.7383825E-08  9.9712164E-03  6.9006944E-01  2.9022263E-01  1.7026160E-07  1.5033837E-02  7.9175900E-01  9.2165776E-02  2.5284865E-02  8.8878534E-01
  1.1992594E+00  2.0443903E-22  8.4577166E-08  9.3948897E-03  6.7801959E-01  3.0017727E-01  1.4893974E-07  1.4239187E-02  7.8098185E-01  9.9122111E-02  2.4161377E-02  8.8287196E-01
  1.2072697E+00  1.4206270E-22  7.3383806E-08  8.8479036E-03  6.6602042E-01  3.1008269E-01  1.3016895E-07  1.3481029E-02  7.7019109E-01  1.0609230E-01  2.3080066E-02  8.7687742E-01
  1.2153335E+00  9.8477333E-23  6.3610006E-08  8.3290051E-03  6.5407655E-01  3.1993541E-01  1.1365920E-07  1.2757996E-02  7.5939129E-01  1.1307432E-01  2.2039714E-02  8.7080420E-01
  1.2234512E+00  6.8096598E-23  5.5084070E-08  7.8369815E-03  6.4219246E-01  3.2973198E-01  9.9151579E-08  1.2068754E-02  7.4858697E-01  1.2006617E-01  2.1039120E-02  8.6465474E-01
  1.2316231E+00  4.6972143E-23  4.7653986E-08  7.3706595E-03  6.3037251E-01  3.3946901E-01  8.6415147E-08  1.1412004E-02  7.3778257E-01  1.2706583E-01  2.0077104E-02  8.5843150E-01
  1.2398495E+00  3.2320197E-23  4.1185308E-08  6.9289047E-03  6.1862094E-01  3.4914315E-01  7.5244144E-08  1.0786484E-02  7.2698247E-01  1.3407131E-01  1.9152507E-02  8.5213693E-01
  1.2481309E+00  2.2182939E-23  3.5559242E-08  6.5106208E-03  6.0694187E-01  3.5875109E-01  6.5455402E-08  1.0190967E-02  7.1619097E-01  1.4108063E-01  1.8264191E-02  8.4577350E-01
  1.2564676E+00  1.5186874E-23  3.0670931E-08  6.1147493E-03  5.9533929E-01  3.6828957E-01  5.6886025E-08  9.6242599E-03  7.0541230E-01  1.4809181E-01  1.7411036E-02  8.3934364E-01
  1.2648600E+00  1.0370857E-23  2.6427914E-08  5.7402684E-03  5.8381705E-01  3.7775537E-01  4.9391284E-08  9.0852046E-03  6.9465061E-01  1.5510288E-01  1.6591946E-02  8.3284980E-01
  1.2733084E+00  7.0639959E-24  2.2748746E-08  5.3861925E-03  5.7237889E-01  3.8714535E-01  4.2842715E-08  8.5726769E-03  6.8390997E-01  1.6211189E-01  1.5805845E-02  8.2629442E-01
  1.2818133E+00  4.7991953E-24  1.9561754E-08  5.0515715E-03  5.6102841E-01  3.9645638E-01  3.7126404E-08  8.0855863E-03  6.7319437E-01  1.6911688E-01  1.5051679E-02  8.1967994E-01
  1.2903750E+00  3.2520795E-24  1.6803936E-08  4.7354899E-03  5.4976910E-01  4.0568542E-01  3.2141437E-08  7.6228756E-03  6.6250773E-01  1.7611594E-01  1.4328414E-02  8.1300876E-01
  1.2989938E+00  2.1979667E-24  1.4419967E-08  4.4370665E-03  5.3860430E-01  4.1482945E-01  2.7798506E-08  7.1835204E-03  6.5185388E-01  1.8310713E-01  1.3635038E-02  8.0628332E-01
  1.3076702E+00  1.4816334E-24  1.2361312E-08  4.1554528E-03  5.2753723E-01  4.2388553E-01  2.4018651E-08  6.7665287E-03  6.4123657E-01  1.9008857E-01  1.2970562E-02  7.9950601E-01
  1.3164046E+00  9.9612191E-25  1.0585443E-08  3.8898332E-03  5.1657097E-01  4.3285076E-01  2.0732132E-08  6.3709404E-03  6.3065946E-01  1.9705836E-01  1.2334017E-02  7.9267923E-01
  1.3251972E+00  6.6792649E-25  9.0551293E-09  3.6394233E-03  5.0570851E-01  4.4172231E-01  1.7877416E-08  5.9958266E-03  6.2012613E-01  2.0401462E-01  1.1724455E-02  7.8580537E-01
  1.3340487E+00  4.4666465E-25  7.7378177E-09  3.4034701E-03  4.9495265E-01  4.5049740E-01  1.5400261E-08  5.6402895E-03  6.0964008E-01  2.1095549E-01  1.1140952E-02  7.7888679E-01
  1.3429592E+00  2.9789518E-25  6.6050718E-09  3.1812503E-03  4.8430613E-01  4.5917331E-01  1.3252908E-08  5.3034615E-03  5.9920469E-01  2.1787914E-01  1.0582604E-02  7.7192586E-01
  1.3519292E+00  1.9813744E-25  5.6320794E-09  2.9720699E-03  4.7377150E-01  4.6774738E-01  1.1393342E-08  4.9845048E-03  5.8882331E-01  2.2478374E-01  1.0048529E-02  7.6492491E-01
  1.3609592E+00  1.3142650E-25  4.7972146E-09  2.7752635E-03  4.6335123E-01  4.7621700E-01  9.7846453E-09  4.6826106E-03  5.7849914E-01  2.3166748E-01  9.5378647E-03  7.5788629E-01
  1.3700494E+00  8.6937016E-26  4.0816486E-09  2.5901935E-03  4.5304763E-01  4.8457963E-01  8.3944093E-09  4.3969991E-03  5.6823534E-01  2.3852857E-01  9.0497723E-03  7.5081230E-01
  1.3792004E+00  5.7348744E-26  3.4690062E-09  2.4162491E-03  4.4286290E-01  4.9283281E-01  7.1942142E-09  4.1269181E-03  5.5803494E-01  2.4536525E-01  8.5834331E-03  7.4370524E-01
  1.3884124E+00  3.7725226E-26  2.9450620E-09  2.2528455E-03  4.3279913E-01  5.0097411E-01  6.1591648E-09  3.8716431E-03  5.4790090E-01  2.5217575E-01  8.1380498E-03  7.3656739E-01
  1.3976860E+00  2.4746916E-26  2.4974717E-09  2.0994235E-03  4.2285825E-01  5.0900118E-01  5.2674758E-09  3.6304762E-03  5.3783610E-01  2.5895835E-01  7.7128457E-03  7.2940101E-01
  1.4070216E+00  1.6187638E-26  2.1155357E-09  1.9554482E-03  4.1304209E-01  5.1691173E-01  4.5001042E-09  3.4027459E-03  5.2784330E-01  2.6571133E-01  7.3070650E-03  7.2220834E-01
  1.4164195E+00  1.0558709E-26  1.7899899E-09  1.8204087E-03  4.0335237E-01  5.2470353E-01  3.8404214E-09  3.1878062E-03  5.1792518E-01  2.7243300E-01  6.9199723E-03  7.1499162E-01
  1.4258801E+00  6.8674407E-27  1.5128229E-09  1.6938170E-03  3.9379066E-01  5.3237444E-01  3.2739229E-09  2.9850360E-03  5.0808435E-01  2.7912169E-01  6.5508526E-03  7.0775304E-01
  1.4354039E+00  4.4537663E-27  1.2771140E-09  1.5752074E-03  3.8435842E-01  5.3992235E-01  2.7879709E-09  2.7938384E-03  4.9832330E-01  2.8577575E-01  6.1990109E-03  7.0049478E-01
  1.4449914E+00  2.8800498E-27  1.0768917E-09  1.4641357E-03  3.7505701E-01  5.4734523E-01  2.3715659E-09  2.6136405E-03  4.8864443E-01  2.9239356E-01  5.8637721E-03  6.9321901E-01
  1.4546428E+00  1.8569672E-27  9.0700988E-10  1.3601785E-03  3.6588765E-01  5.5464113E-01  2.0151446E-09  2.4438922E-03  4.7905005E-01  2.9897350E-01  5.5444808E-03  6.8592786E-01
  1.4643588E+00  1.1938001E-27  7.6303821E-10  1.2629323E-03  3.5685147E-01  5.6180814E-01  1.7104021E-09  2.2840660E-03  4.6954240E-01  3.0551399E-01  5.2405009E-03  6.7862345E-01
  1.4741396E+00  7.6519772E-28  6.4116758E-10  1.1720132E-03  3.4794946E-01  5.6884444E-01  1.4501337E-09  2.1336560E-03  4.6012361E-01  3.1201347E-01  4.9512153E-03  6.7130787E-01
  1.4839857E+00  4.8901453E-28  5.3812664E-10  1.0870557E-03  3.3918251E-01  5.7574826E-01  1.2280967E-09  1.9921776E-03  4.5079570E-01  3.1847040E-01  4.6760260E-03  6.6398319E-01
  1.4938976E+00  3.1157835E-28  4.5110929E-10  1.0077123E-03  3.3055141E-01  5.8251791E-01  1.0388878E-09  1.8591669E-03  4.4156063E-01  3.2488327E-01  4.4143531E-03  6.5665144E-01
  1.5038757E+00  1.9792537E-28  3.7771132E-10  9.3365285E-04  3.2205683E-01  5.8915176E-01  8.7783524E-10  1.7341796E-03  4.3242025E-01  3.3125058E-01  4.1656352E-03  6.4931465E-01
  1.5139205E+00  1.2534748E-28  3.1587541E-10  8.6456358E-04  3.1369934E-01  5.9564825E-01  7.4090497E-10  1.6167910E-03  4.2337633E-01  3.3757087E-01  3.9293290E-03  6.4197481E-01
  1.5240323E+00  7.9140874E-29  2.6384313E-10  8.0014683E-04  3.0547939E-01  6.0200589E-01  6.2461714E-10  1.5065949E-03  4.1443055E-01  3.4384269E-01  3.7049084E-03  6.3463388E-01
  1.5342116E+00  4.9813642E-29  2.2011340E-10  7.4012018E-04  2.9739736E-01  6.0822325E-01  5.2597355E-10  1.4032035E-03  4.0558449E-01  3.5006463E-01  3.4918648E-03  6.2729380E-01
  1.5444590E+00  3.1257124E-29  1.8340638E-10  6.8421591E-04  2.8945350E-01  6.1429896E-01  4.4239403E-10  1.3062461E-03  3.9683964E-01  3.5623527E-01  3.2897067E-03  6.1995647E-01
  1.5547748E+00  1.9552126E-29  1.5263220E-10  6.3218036E-04  2.8164798E-01  6.2023175E-01  3.7166072E-10  1.2153693E-03  3.8819742E-01  3.6235327E-01  3.0979590E-03  6.1262379E-01
  1.5651594E+00  1.2191977E-29  1.2686393E-10  5.8377337E-04  2.7398086E-01  6.2602038E-01  3.1186941E-10  1.1302360E-03  3.7965915E-01  3.6841726E-01  2.9161631E-03  6.0529759E-01
  1.5756135E+00  7.5784493E-30  1.0531419E-10  5.3876767E-04  2.6645212E-01  6.3166370E-01  2.6138718E-10  1.0505245E-03  3.7122606E-01  3.7442593E-01  2.7438761E-03  5.9797971E-01
  1.5861373E+00  4.6957331E-30  8.7314996E-11  4.9694835E-04  2.5906164E-01  6.3716061E-01  2.1881535E-10  9.7592889E-04  3.6289930E-01  3.8037797E-01  2.5806711E-03  5.9067193E-01
  1.5967314E+00  2.9002407E-30  7.2300345E-11  4.5811231E-04  2.5180922E-01  6.4251010E-01  1.8295737E-10  9.0615750E-04  3.5467993E-01  3.8627213E-01  2.4261362E-03  5.8337603E-01
  1.6073963E+00  1.7855127E-30  5.9791287E-11  4.2206773E-04  2.4469456E-01  6.4771120E-01  1.5279080E-10  8.4093297E-04  3.4656894E-01  3.9210714E-01  2.2798745E-03  5.7609374E-01
  1.6181324E+00  1.0956724E-30  4.9383038E-11  3.8863355E-04  2.3771729E-01  6.5276302E-01  1.2744309E-10  7.7999149E-04  3.3856721E-01  3.9788179E-01  2.1415037E-03  5.6882676E-01
  1.6289403E+00  6.7015906E-31  4.0733941E-11  3.5763899E-04  2.3087696E-01  6.5766473E-01  1.0617045E-10  7.2308236E-04  3.3067556E-01  4.0359488E-01  2.0106556E-03  5.6157676E-01
  1.6398203E+00  4.0854978E-31  3.3555992E-11  3.2892305E-04  2.2417301E-01  6.6241558E-01  8.8339680E-11  6.6996742E-04  3.2289473E-01  4.0924524E-01  1.8869762E-03  5.5434538E-01
  1.6507729E+00  2.4824035E-31  2.7606738E-11  3.0233406E-04  2.1760485E-01  6.6701486E-01  7.3412379E-11  6.2042060E-04  3.1522537E-01  4.1483171E-01  1.7701246E-03  5.4713424E-01
  1.6617987E+00  1.5033165E-31  2.2682331E-11  2.7772925E-04  2.1117178E-01  6.7146195E-01  6.0931314E-11  5.7422742E-04  3.0766804E-01  4.2035319E-01  1.6597734E-03  5.3994491E-01
  1.6728982E+00  9.0733864E-32  1.8611619E-11  2.5497426E-04  2.0487303E-01  6.7575627E-01  5.0508678E-11  5.3118452E-04  3.0022326E-01  4.2580856E-01  1.5556080E-03  5.3277894E-01
  1.6840718E+00  5.4578242E-32  1.5251083E-11  2.3394279E-04  1.9870779E-01  6.7989733E-01  4.1815961E-11  4.9109919E-04  2.9289144E-01  4.3119676E-01  1.4573260E-03  5.2563784E-01
  1.6953200E+00  3.2718318E-32  1.2480543E-11  2.1451614E-04  1.9267515E-01  6.8388466E-01  3.4575239E-11  4.5378894E-04  2.8567293E-01  4.3651673E-01  1.3646374E-03  5.1852309E-01
  1.7066433E+00  1.9546715E-32  1.0199497E-11  1.9658287E-04  1.8677415E-01  6.8771791E-01  2.8551681E-11  4.1908104E-04  2.7856800E-01  4.4176746E-01  1.2772640E-03  5.1143614E-01
  1.7180422E+00  1.1637453E-32  8.3240096E-12  1.8003839E-04  1.8100377E-01  6.9139673E-01  2.3547127E-11  3.8681211E-04  2.7157685E-01  4.4694795E-01  1.1949390E-03  5.0437841E-01
  1.7295173E+00  6.9045193E-33  6.7840821E-12  1.6478463E-04  1.7536292E-01  6.9492089E-01  1.9394572E-11  3.5682772E-04  2.6469961E-01  4.5205721E-01  1.1174064E-03  4.9735127E-01
  1.7410690E+00  4.0821611E-33  5.5214153E-12  1.5072967E-04  1.6985047E-01  6.9829017E-01  1.5953459E-11  3.2898195E-04  2.5793635E-01  4.5709431E-01  1.0444215E-03  4.9035609E-01
  1.7526979E+00  2.4050148E-33  4.4875218E-12  1.3778743E-04  1.6446522E-01  7.0150445E-01  1.3105636E-11  3.0313706E-04  2.5128706E-01  4.6205831E-01  9.7574971E-04  4.8339416E-01
  1.7644044E+00  1.4119043E-33  3.6421287E-12  1.2587735E-04  1.5920592E-01  7.0456363E-01  1.0751925E-11  2.7916305E-04  2.4475166E-01  4.6694831E-01  9.1116657E-04  4.7646679E-01
  1.7761892E+00  8.2592967E-34  2.9518405E-12  1.1492408E-04  1.5407128E-01  7.0746770E-01  8.8091791E-12  2.5693736E-04  2.3833003E-01  4.7176343E-01  8.5045747E-04  4.6957521E-01
  1.7880526E+00  4.8141627E-34  2.3889956E-12  1.0485720E-04  1.4905995E-01  7.1021670E-01  7.2077866E-12  2.3634449E-04  2.3202195E-01  4.7650283E-01  7.9341727E-04  4.6272065E-01
  1.7999952E+00  2.7959400E-34  1.9307171E-12  9.5610915E-05  1.4417055E-01  7.1281072E-01  5.8895463E-12  2.1727563E-04  2.2582718E-01  4.8116566E-01  7.3984995E-04  4.5590429E-01
  1.8120176E+00  1.6179077E-34  1.5581120E-12  8.7123844E-05  1.3940164E-01  7.1524991E-01  4.8058625E-12  1.9962840E-04  2.1974538E-01  4.8575112E-01  6.8956836E-04  4.4912727E-01
  1.8241203E+00  9.3279846E-35  1.2556001E-12  7.9338714E-05  1.3475177E-01  7.1753446E-01  3.9162151E-12  1.8330649E-04  2.1377619E-01  4.9025843E-01  6.4239387E-04  4.4239072E-01
  1.8363039E+00  5.3582053E-35  1.0103515E-12  7.2202146E-05  1.3021941E-01  7.1966465E-01  3.1868639E-12  1.6821935E-04  2.0791916E-01  4.9468683E-01  5.9815610E-04  4.3569572E-01
  1.8485688E+00  3.0664617E-35  8.1181679E-13  6.5664421E-05  1.2580304E-01  7.2164079E-01  2.5897529E-12  1.5428194E-04  2.0217380E-01  4.9903557E-01  5.5669262E-04  4.2904332E-01
  1.8609156E+00  1.7483626E-35  6.5133396E-13  5.9679258E-05  1.2150108E-01  7.2346324E-01  2.1015836E-12  1.4141439E-04  1.9653958E-01  5.0330395E-01  5.1784866E-04  4.2243454E-01
  1.8733449E+00  9.9309394E-36  5.2180155E-13  5.4203609E-05  1.1731191E-01  7.2513242E-01  1.7030402E-12  1.2954179E-04  1.9101590E-01  5.0749127E-01  4.8147681E-04  4.1587036E-01
  1.8858572E+00  5.6195684E-36  4.1740603E-13  4.9197460E-05  1.1323392E-01  7.2664881E-01  1.3781261E-12  1.1859390E-04  1.8560212E-01  5.1159686E-01  4.4743678E-04  4.0935175E-01
  1.8984530E+00  3.1678039E-36  3.3339532E-13  4.4623643E-05  1.0926544E-01  7.2801292E-01  1.1136143E-12  1.0850488E-04  1.8029754E-01  5.1562008E-01  4.1559510E-04  4.0287962E-01
  1.9111330E+00  1.7788739E-36  2.6589086E-13  4.0447659E-05  1.0540480E-01  7.2922534E-01  8.9858336E-13  9.9213095E-05  1.7510142E-01  5.1956030E-01  3.8582489E-04  3.9645486E-01
  1.9238977E+00  9.9506688E-37  2.1173181E-13  3.6637511E-05  1.0165028E-01  7.3028668E-01  7.2402830E-13  9.0660872E-05  1.7001298E-01  5.2341692E-01  3.5800555E-04  3.9007833E-01
  1.9367476E+00  5.5445756E-37  1.6834617E-13  3.3163537E-05  9.8000178E-02  7.3119763E-01  5.8253522E-13  8.2794264E-05  1.6503141E-01  5.2718937E-01  3.3202256E-04  3.8375085E-01
  1.9496833E+00  3.0773850E-37  1.3364430E-13  2.9998269E-05  9.4452744E-02  7.3195889E-01  4.6800893E-13  7.5562856E-05  1.6015582E-01  5.3087708E-01  3.0776722E-04  3.7747323E-01
  1.9627055E+00  1.7013017E-37  1.0593104E-13  2.7116279E-05  9.1006229E-02  7.3257125E-01  3.7544576E-13  6.8919565E-05  1.5538532E-01  5.3447952E-01  2.8513639E-04  3.7124623E-01
  1.9758145E+00  9.3681801E-38  8.3833425E-14  2.4494053E-05  8.7658865E-02  7.3303552E-01  3.0074414E-13  6.2820446E-05  1.5071896E-01  5.3799618E-01  2.6403228E-04  3.6507058E-01
  1.9890112E+00  5.1379733E-38  6.6241149E-14  2.2109859E-05  8.4408877E-02  7.3335257E-01  2.4054692E-13  5.7224509E-05  1.4615576E-01  5.4142657E-01  2.4436222E-04  3.5894699E-01
  2.0022960E+00  2.8065929E-38  5.2257747E-14  1.9943624E-05  8.1254477E-02  7.3352330E-01  1.9211036E-13  5.2093551E-05  1.4169471E-01  5.4477023E-01  2.2603846E-04  3.5287612E-01
  2.0156695E+00  1.5268842E-38  4.1160546E-14  1.7976828E-05  7.8193873E-02  7.3354867E-01  1.5319544E-13  4.7391986E-05  1.3733475E-01  5.4802670E-01  2.0897792E-04  3.4685863E-01
  2.0291323E+00  8.2729420E-39  3.2367907E-14  1.6192389E-05  7.5225267E-02  7.3342969E-01  1.2197775E-13  4.3086690E-05  1.3307482E-01  5.5119558E-01  1.9310201E-04  3.4089513E-01
  2.0426851E+00  4.4640498E-39  2.5412451E-14  1.4574569E-05  7.2346855E-02  7.3316740E-01  9.6972986E-14  3.9146852E-05  1.2891381E-01  5.5427645E-01  1.7833640E-04  3.3498620E-01
  2.0563283E+00  2.3988393E-39  1.9919218E-14  1.3108876E-05  6.9556834E-02  7.3276289E-01  7.6975385E-14  3.5543830E-05  1.2485057E-01  5.5726893E-01  1.6461090E-04  3.2913241E-01
  2.0700627E+00  1.2837018E-39  1.5587884E-14  1.1781975E-05  6.6853401E-02  7.3221728E-01  6.1006977E-14  3.2251020E-05  1.2088395E-01  5.6017269E-01  1.5185917E-04  3.2333428E-01
  2.0838888E+00  6.8407820E-40  1.2178294E-14  1.0581608E-05  6.4234751E-02  7.3153177E-01  4.8275771E-14  2.9243726E-05  1.1701276E-01  5.6298737E-01  1.4001862E-04  3.1759232E-01
  2.0978072E+00  3.6300581E-40  9.4987275E-15  9.4965114E-06  6.1699086E-02  7.3070756E-01  3.8141391E-14  2.6499039E-05  1.1323579E-01  5.6571268E-01  1.2903021E-04  3.1190699E-01
  2.1118186E+00  1.9181174E-40  7.3963820E-15  8.5163467E-06  5.9244610E-02  7.2974591E-01  3.0086862E-14  2.3995723E-05  1.0955181E-01  5.6834831E-01  1.1883827E-04  3.0627875E-01
  2.1259236E+00  1.0092018E-40  5.7496759E-15  7.6316303E-06  5.6869534E-02  7.2864812E-01  2.3695495E-14  2.1714108E-05  1.0595958E-01  5.7089402E-01  1.0939034E-04  3.0070802E-01
  2.1401227E+00  5.2870013E-41  4.4620320E-15  6.8336696E-06  5.4572076E-02  7.2741552E-01  1.8631963E-14  1.9635984E-05  1.0245781E-01  5.7334956E-01  1.0063703E-04  2.9519519E-01
  2.1544168E+00  2.7577612E-41  3.4568650E-15  6.1145035E-06  5.2350463E-02  7.2604950E-01  1.4626849E-14  1.7744509E-05  9.9045229E-02  5.7571470E-01  9.2531865E-05  2.8974063E-01
  2.1688062E+00  1.4322107E-41  2.6735461E-15  5.4668465E-06  5.0202931E-02  7.2455148E-01  1.1464038E-14  1.6024113E-05  9.5720528E-02  5.7798925E-01  8.5031110E-05  2.8434467E-01
  2.1832918E+00  7.4053785E-42  2.0641608E-15  4.8840363E-06  4.8127730E-02  7.2292289E-01  8.9704550E-15  1.4460416E-05  9.2482392E-02  5.8017304E-01  7.8093670E-05  2.7900765E-01
  2.1978741E+00  3.8121034E-42  1.5909078E-15  4.3599858E-06  4.6123118E-02  7.2116525E-01  7.0077180E-15  1.3040145E-05  8.9329491E-02  5.8226592E-01  7.1680937E-05  2.7372984E-01
  2.2125538E+00  1.9536467E-42  1.2240161E-15  3.8891374E-06  4.4187372E-02  7.1928006E-01  5.4653670E-15  1.1751056E-05  8.6260485E-02  5.8426776E-01  6.5756661E-05  2.6851152E-01
  2.2273316E+00  9.9673135E-43  9.4007999E-16  3.4664213E-06  4.2318778E-02  7.1726890E-01  4.2553749E-15  1.0581866E-05  8.3274023E-02  5.8617844E-01  6.0286828E-05  2.6335292E-01
  2.2422080E+00  5.0622971E-43  7.2073070E-16  3.0872164E-06  4.0515643E-02  7.1513336E-01  3.3077091E-15  9.5221835E-06  8.0368744E-02  5.8799790E-01  5.5239545E-05  2.5825428E-01
  2.2571838E+00  2.5594175E-43  5.5157763E-16  2.7473136E-06  3.8776287E-02  7.1287507E-01  2.5667463E-15  8.5624433E-06  7.7543281E-02  5.8972607E-01  5.0584920E-05  2.5321578E-01
  2.2722596E+00  1.2880868E-43  4.2136703E-16  2.4428828E-06  3.7099048E-02  7.1049570E-01  1.9883821E-15  7.6938505E-06  7.4796260E-02  5.9136292E-01  4.6294957E-05  2.4823759E-01
  2.2874361E+00  6.4527674E-44  3.2131394E-16  2.1704412E-06  3.5482286E-02  7.0799695E-01  1.5377053E-15  6.9083227E-06  7.2126303E-02  5.9290842E-01  4.2343455E-05  2.4331986E-01
  2.3027140E+00  3.2175851E-44  2.4457298E-16  1.9268244E-06  3.3924375E-02  7.0538054E-01  1.1871288E-15  6.1984382E-06  6.9532025E-02  5.9436260E-01  3.8705901E-05  2.3846273E-01
  2.3180939E+00  1.5969209E-44  1.8581983E-16  1.7091600E-06  3.2423713E-02  7.0264822E-01  9.1489031E-16  5.5573872E-06  6.7012043E-02  5.9572549E-01  3.5359382E-05  2.3366628E-01
  2.3335765E+00  7.8884588E-45  1.4092077E-16  1.5148426E-06  3.0978718E-02  6.9980180E-01  7.0385253E-16  4.9789261E-06  6.4564967E-02  5.9699714E-01  3.2282489E-05  2.2893062E-01
  2.3491625E+00  3.8783080E-45  1.0667238E-16  1.3415107E-06  2.9587828E-02  6.9684309E-01  5.4054363E-16  4.4573348E-06  6.2189411E-02  5.9817762E-01  2.9455237E-05  2.2425579E-01
  2.3648526E+00  1.8976655E-45  8.0596784E-17  1.1870263E-06  2.8249505E-02  6.9377394E-01  4.1439183E-16  3.9873767E-06  5.9883986E-02  5.9926705E-01  2.6858975E-05  2.1964184E-01
  2.3806475E+00  9.2408092E-46  6.0780847E-17  1.0494548E-06  2.6962234E-02  6.9059621E-01  3.1711579E-16  3.5642618E-06  5.7647308E-02  6.0026554E-01  2.4476314E-05  2.1508878E-01
  2.3965479E+00  4.4781535E-46  4.5750273E-17  9.2704756E-07  2.5724520E-02  6.8731181E-01  2.4223989E-16  3.1836118E-06  5.5477993E-02  6.0117324E-01  2.2291048E-05  2.1059661E-01
  2.4125544E+00  2.1595939E-46  3.4371071E-17  8.1822508E-07  2.4534897E-02  6.8392266E-01  1.8470956E-16  2.8414279E-06  5.3374660E-02  6.0199033E-01  2.0288086E-05  2.0616532E-01
  2.4286679E+00  1.0363699E-46  2.5772668E-17  7.2156203E-07  2.3391919E-02  6.8043071E-01  1.4058656E-16  2.5340608E-06  5.1335936E-02  6.0271699E-01  1.8453384E-05  2.0179485E-01
  2.4448890E+00  4.9489422E-47  1.9287996E-17  6.3577327E-07  2.2294166E-02  6.7683794E-01  1.0680799E-16  2.2581828E-06  4.9360450E-02  6.0335345E-01  1.6773878E-05  1.9748515E-01
  2.4612184E+00  2.3515274E-47  1.4406904E-17  5.5970109E-07  2.1240243E-02  6.7314633E-01  8.0996053E-17  2.0107618E-06  4.7446839E-02  6.0389993E-01  1.5237428E-05  1.9323613E-01
  2.4776569E+00  1.1117646E-47  1.0740004E-17  4.9230346E-07  2.0228781E-02  6.6935791E-01  6.1308240E-17  1.7890374E-06  4.5593747E-02  6.0435669E-01  1.3832757E-05  1.8904770E-01
  2.4942052E+00  5.2298085E-48  7.9906633E-18  4.3264334E-07  1.9258436E-02  6.6547471E-01  4.6319448E-17  1.5904983E-06  4.3799825E-02  6.0472403E-01  1.2549398E-05  1.8491973E-01
  2.5108640E+00  2.4476746E-48  5.9333517E-18  3.7987882E-07  1.8327891E-02  6.6149878E-01  3.4929473E-17  1.4128622E-06  4.2063734E-02  6.0500224E-01  1.1377641E-05  1.8085210E-01
  2.5276340E+00  1.1397281E-48  4.3969398E-18  3.3325417E-07  1.7435852E-02  6.5743221E-01  2.6290533E-17  1.2540559E-06  4.0384144E-02  6.0519165E-01  1.0308486E-05  1.7684464E-01
  2.5445161E+00  5.2797470E-49  3.2518339E-18  2.9209157E-07  1.6581056E-02  6.5327708E-01  1.9750587E-17  1.1121983E-06  3.8759735E-02  6.0529261E-01  9.3335968E-06  1.7289718E-01
  2.5615109E+00  2.4331772E-49  2.4000915E-18  2.5578371E-07  1.5762262E-02  6.4903550E-01  1.4809090E-17  9.8558373E-07  3.7189199E-02  6.0530548E-01  8.4452545E-06  1.6900954E-01
  2.5786192E+00  1.1154947E-49  1.7678401E-18  2.2378687E-07  1.4978259E-02  6.4470960E-01  1.1082531E-17  8.7266677E-07  3.5671238E-02  6.0523067E-01  7.6363198E-06  1.6518151E-01
  2.5958418E+00  5.0871976E-50  1.2994739E-18  1.9561477E-07  1.4227860E-02  6.4030150E-01  8.2776334E-18  7.7204863E-07  3.4204568E-02  6.0506857E-01  6.9001927E-06  1.6141286E-01
  2.6131793E+00  2.3077629E-50  9.5322650E-19  1.7083287E-07  1.3509906E-02  6.3581337E-01  6.1705581E-18  6.8246415E-07  3.2787917E-02  6.0481963E-01  6.2307760E-06  1.5770337E-01
  2.6306327E+00  1.0413320E-50  6.9778658E-19  1.4905322E-07  1.2823265E-02  6.3124736E-01  4.5907969E-18  6.0277000E-07  3.1420027E-02  6.0448430E-01  5.6224413E-06  1.5405276E-01
  2.6482027E+00  4.6736541E-51  5.0973106E-19  1.2992982E-07  1.2166830E-02  6.2660565E-01  3.4087206E-18  5.3193387E-07  3.0099654E-02  6.0406306E-01  5.0699962E-06  1.5046078E-01
  2.6658900E+00  2.0863008E-51  3.7157416E-19  1.1315433E-07  1.1539522E-02  6.2189043E-01  2.5259730E-18  4.6902447E-07  2.8825567E-02  6.0355639E-01  4.5686540E-06  1.4692713E-01
  2.6836954E+00  9.2626207E-52  2.7028987E-19  9.8452287E-08  1.0940289E-02  6.1710388E-01  1.8680745E-18  4.1320235E-07  2.7596552E-02  6.0296483E-01  4.1140054E-06  1.4345153E-01
  2.7016197E+00  4.0898832E-52  1.9619492E-19  8.5579555E-08  1.0368104E-02  6.1224821E-01  1.3787391E-18  3.6371154E-07  2.6411411E-02  6.0228890E-01  3.7019913E-06  1.4003365E-01
  2.7196637E+00  1.7959379E-52  1.4210629E-19  7.4319220E-08  9.8219659E-03  6.0732562E-01  1.0155155E-18  3.1987178E-07  2.5268959E-02  6.0152916E-01  3.3288779E-06  1.3667316E-01
  2.7378283E+00  7.8425677E-53  1.0270704E-19  6.4478729E-08  9.3009016E-03  6.0233834E-01  7.4645081E-19  2.8107155E-07  2.4168031E-02  6.0068619E-01  2.9912330E-06  1.3336973E-01
  2.7561142E+00  3.4056095E-53  7.4069974E-20  5.5887318E-08  8.8039626E-03  5.9728857E-01  5.4754594E-19  2.4676154E-07  2.3107475E-02  5.9976058E-01  2.6859041E-06  1.3012300E-01
  2.7745222E+00  1.4705640E-53  5.3300711E-20  4.8393698E-08  8.3302263E-03  5.9217854E-01  4.0081015E-19  2.1644881E-07  2.2086160E-02  5.9875296E-01  2.4099973E-06  1.2693261E-01
  2.7930531E+00  6.3140539E-54  3.8270689E-20  4.1863963E-08  7.8787958E-03  5.8701047E-01  2.9278554E-19  1.8969135E-07  2.1102969E-02  5.9766395E-01  2.1608587E-06  1.2379817E-01
  2.8117078E+00  2.6955694E-54  2.7417993E-20  3.6179708E-08  7.4487991E-03  5.8178660E-01  2.1342596E-19  1.6609325E-07  2.0156805E-02  5.9649422E-01  1.9360556E-06  1.2071928E-01
  2.8304871E+00  1.1441767E-54  1.9599037E-20  3.1236343E-08  7.0393895E-03  5.7650915E-01  1.5524782E-19  1.4530012E-07  1.9246588E-02  5.9524442E-01  1.7333602E-06  1.1769555E-01
  2.8493918E+00  4.8285684E-55  1.3978385E-20  2.6941570E-08  6.6497448E-03  5.7118034E-01  1.1268816E-19  1.2699510E-07  1.8371256E-02  5.9391527E-01  1.5507339E-06  1.1472656E-01
  2.8684227E+00  2.0258557E-55  9.9470888E-21  2.3214021E-08  6.2790671E-03  5.6580240E-01  8.1620534E-20  1.1089510E-07  1.7529766E-02  5.9250745E-01  1.3863122E-06  1.1181189E-01
  2.8875808E+00  8.4497821E-56  7.0622833E-21  1.9982035E-08  5.9265828E-03  5.6037756E-01  5.8990584E-20  9.6747458E-08  1.6721094E-02  5.9102171E-01  1.2383916E-06  1.0895109E-01
  2.9068668E+00  3.5035737E-56  5.0026237E-21  1.7182569E-08  5.5915417E-03  5.5490804E-01  4.2542387E-20  8.4326866E-08  1.5944234E-02  5.8945879E-01  1.1054165E-06  1.0614371E-01
  2.9262816E+00  1.4440674E-56  3.5354725E-21  1.4760212E-08  5.2732173E-03  5.4939604E-01  3.0613332E-20  7.3432603E-08  1.5198199E-02  5.8781945E-01  9.8596781E-07  1.0338931E-01
  2.9458261E+00  5.9163747E-57  2.4927994E-21  1.2666316E-08  4.9709058E-03  5.4384379E-01  2.1980755E-20  6.3886014E-08  1.4482022E-02  5.8610447E-01  8.7875170E-07  1.0068740E-01
  2.9655011E+00  2.4093356E-57  1.7535199E-21  1.0858211E-08  4.6839261E-03  5.3825348E-01  1.5747496E-20  5.5528239E-08  1.3794754E-02  5.8431465E-01  7.8258960E-07  9.8037523E-02
  2.9853075E+00  9.7519971E-58  1.2305826E-21  9.2985144E-09  4.4116196E-03  5.3262731E-01  1.1256694E-20  4.8218151E-08  1.3135465E-02  5.8245080E-01  6.9640870E-07  9.5439181E-02
  3.0052462E+00  3.9230654E-58  8.6155059E-22  7.9545056E-09  4.1533493E-03  5.2696748E-01  8.0284964E-21  4.1830499E-08  1.2503247E-02  5.8051375E-01  6.1923330E-07  9.2891884E-02
  3.0253180E+00  1.5684626E-58  6.0174685E-22  6.7975774E-09  3.9084996E-03  5.2127615E-01  5.7131426E-21  3.6254228E-08  1.1897208E-02  5.7850436E-01  5.5017666E-07  9.0395128E-02
  3.0455239E+00  6.2318951E-59  4.1927888E-22  5.8027446E-09  3.6764762E-03  5.1555550E-01  4.0562699E-21  3.1390963E-08  1.1316478E-02  5.7642348E-01  4.8843357E-07  8.7948403E-02
  3.0658648E+00  2.4606171E-59  2.9143474E-22  4.9482090E-09  3.4567052E-03  5.0980769E-01  2.8733132E-21  2.7153650E-08  1.0760203E-02  5.7427199E-01  4.3327342E-07  8.5551192E-02
  3.0863415E+00  9.6544217E-60  2.0207928E-22  4.2149734E-09  3.2486330E-03  5.0403486E-01  2.0306580E-21  2.3465328E-08  1.0227553E-02  5.7205079E-01  3.8403384E-07  8.3202969E-02
  3.1069550E+00  3.7639777E-60  1.3977753E-22  3.5864996E-09  3.0517257E-03  4.9823915E-01  1.4317976E-21  2.0258023E-08  9.7177124E-03  5.6976079E-01  3.4011480E-07  8.0903202E-02
  3.1277061E+00  1.4580969E-60  9.6445273E-23  3.0484059E-09  2.8654688E-03  4.9242268E-01  1.0071885E-21  1.7471761E-08  9.2298887E-03  5.6740291E-01  3.0097320E-07  7.8651355E-02
  3.1485958E+00  5.6120846E-61  6.6381240E-23  2.5881993E-09  2.6893666E-03  4.8658755E-01  7.0683390E-22  1.5053679E-08  8.7633066E-03  5.6497809E-01  2.6611787E-07  7.6446882E-02
  3.1696251E+00  2.1460515E-61  4.5574657E-23  2.1950398E-09  2.5229419E-03  4.8073584E-01  4.9487405E-22  1.2957229E-08  8.3172100E-03  5.6248728E-01  2.3510497E-07  7.4289234E-02
  3.1907947E+00  8.1529301E-62  3.1211012E-23  1.8595323E-09  2.3657355E-03  4.7486965E-01  3.4564940E-22  1.1141463E-08  7.8908621E-03  5.5993146E-01  2.0753377E-07  7.2177856E-02
  3.2121058E+00  3.0769768E-62  2.1320206E-23  1.5735424E-09  2.2173058E-03  4.6899101E-01  2.4084289E-22  9.5703982E-09  7.4835448E-03  5.5731160E-01  1.8304274E-07  7.0112188E-02
  3.2335592E+00  1.1535881E-62  1.4526690E-23  1.3300360E-09  2.0772283E-03  4.6310198E-01  1.6741015E-22  8.2124475E-09  7.0945584E-03  5.5462871E-01  1.6130604E-07  6.8091665E-02
  3.2551559E+00  4.2960797E-63  9.8724809E-24  1.1229368E-09  1.9450950E-03  4.5720457E-01  1.1608408E-22  7.0399091E-09  6.7232220E-03  5.5188379E-01  1.4203020E-07  6.6115718E-02
  3.2768968E+00  1.5891598E-63  6.6921062E-24  9.4700221E-10  1.8205144E-03  4.5130078E-01  8.0297022E-23  6.0285157E-09  6.3688728E-03  5.4907786E-01  1.2495115E-07  6.4183775E-02
  3.2987829E+00  5.8386855E-64  4.5244808E-24  7.9771381E-10  1.7031106E-03  4.4539259E-01  5.5405767E-23  5.1570299E-09  6.0308663E-03  5.4621196E-01  1.0983149E-07  6.2295259E-02
  3.3208152E+00  2.1305570E-64  3.0509600E-24  6.7118213E-10  1.5925231E-03  4.3948197E-01  3.8135734E-23  4.4068859E-09  5.7085760E-03  5.4328714E-01  9.6457957E-08  6.0449590E-02
  3.3429946E+00  7.7211137E-65  2.0519111E-24  5.6406284E-10  1.4884063E-03  4.3357085E-01  2.6183257E-23  3.7618707E-09  5.4013928E-03  5.4030445E-01  8.4639154E-08  5.8646185E-02
  3.3653222E+00  2.7787749E-65  1.3763445E-24  4.7348376E-10  1.3904289E-03  4.2766115E-01  1.7931738E-23  3.2078404E-09  5.1087255E-03  5.3726498E-01  7.4203456E-08  5.6884460E-02
  3.3877988E+00  9.9309573E-66  9.2073498E-25  3.9698107E-10  1.2982740E-03  4.2175476E-01  1.2249573E-23  2.7324702E-09  4.8299999E-03  5.3416980E-01  6.4997100E-08  5.5163826E-02
  3.4104256E+00  3.5242824E-66  6.1428976E-25  3.3244381E-10  1.2116378E-03  4.1585355E-01  8.3466473E-24  2.3250313E-09  4.5646592E-03  5.3102001E-01  5.6882452E-08  5.3483694E-02
  3.4332035E+00  1.2418508E-66  4.0872879E-25  2.7806544E-10  1.1302301E-03  4.0995937E-01  5.6726798E-24  1.9761948E-09  4.3121629E-03  5.2781672E-01  4.9736425E-08  5.1843472E-02
  3.4561335E+00  4.3447452E-67  2.7121433E-25  2.3230185E-10  1.0537733E-03  4.0407404E-01  3.8454055E-24  1.6778579E-09  4.0719876E-03  5.2456104E-01  4.3449037E-08  5.0242569E-02
  3.4792167E+00  1.5091494E-67  1.7947237E-25  1.9383480E-10  9.8200202E-04  3.9819936E-01  2.5999571E-24  1.4229902E-09  3.8436257E-03  5.2125412E-01  3.7922109E-08  4.8680390E-02
  3.5024540E+00  5.2041502E-68  1.1843555E-25  1.6154025E-10  9.1466299E-04  3.9233708E-01  1.7532863E-24  1.2054988E-09  3.6265861E-03  5.1789708E-01  3.3068076E-08  4.7156340E-02
  3.5258466E+00  1.7815312E-68  7.7939472E-26  1.3446096E-10  8.5151438E-04  3.8648897E-01  1.1792191E-24  1.0201090E-09  3.4203930E-03  5.1449107E-01  2.8808912E-08  4.5669826E-02
  3.5493953E+00  6.0539557E-69  5.1146541E-26  1.1178269E-10  7.9232551E-04  3.8065672E-01  7.9101288E-25  8.6225981E-10  3.2245864E-03  5.1103726E-01  2.5075154E-08  4.4220252E-02
  3.5731014E+00  2.0420349E-69  3.3469588E-26  9.2813728E-11  7.3687644E-04  3.7484204E-01  5.2919075E-25  7.2801142E-10  3.0387213E-03  5.0753682E-01  2.1805022E-08  4.2807022E-02
  3.5969657E+00  6.8366112E-70  2.1839946E-26  7.6967195E-11  6.8495757E-04  3.6904657E-01  3.5307976E-25  6.1396481E-10  2.8623676E-03  5.0399093E-01  1.8943617E-08  4.1429544E-02
  3.6209895E+00  2.2716836E-70  1.4210573E-26  6.3745754E-11  6.3636931E-04  3.6327196E-01  2.3494029E-25  5.1719072E-10  2.6951099E-03  5.0040076E-01  1.6442205E-08  4.0087221E-02
  3.6451736E+00  7.4913351E-71  9.2198144E-27  5.2728496E-11  5.9092166E-04  3.5751980E-01  1.5590441E-25  4.3516767E-10  2.5365469E-03  4.9676753E-01  1.4257560E-08  3.8779463E-02
  3.6695193E+00  2.4516021E-71  5.9645123E-27  4.3559650E-11  5.4843389E-04  3.5179166E-01  1.0317337E-25  3.6572769E-10  2.3862915E-03  4.9309244E-01  1.2351385E-08  3.7505677E-02
  3.6940276E+00  7.9614988E-72  3.8473480E-27  3.5938883E-11  5.0873417E-04  3.4608910E-01  6.8089024E-26  3.0700896E-10  2.2439702E-03  4.8937669E-01  1.0689777E-08  3.6265272E-02
  3.7186996E+00  2.5654773E-72  2.4744192E-27  2.9612990E-11  4.7165920E-04  3.4041361E-01  4.4810343E-26  2.5741441E-10  2.1092228E-03  4.8562152E-01  9.2427529E-09  3.5057661E-02
  3.7435364E+00  8.2024616E-73  1.5867256E-27  2.4368775E-11  4.3705394E-04  3.3476668E-01  2.9407874E-26  2.1557574E-10  1.9817024E-03  4.8182814E-01  7.9838244E-09  3.3882257E-02
  3.7685390E+00  2.6019373E-73  1.0144685E-27  2.0026965E-11  4.0477121E-04  3.2914976E-01  1.9245316E-26  1.8032199E-10  1.8610745E-03  4.7799781E-01  6.8896113E-09  3.2738475E-02
  3.7937086E+00  8.1884118E-74  6.4665820E-28  1.6437010E-11  3.7467139E-04  3.2356427E-01  1.2558978E-26  1.5065234E-10  1.7470175E-03  4.7413175E-01  5.9394979E-09  3.1625734E-02
  3.8190463E+00  2.5563842E-74  4.1096213E-28  1.3472646E-11  3.4662214E-04  3.1801159E-01  8.1722791E-27  1.2571235E-10  1.6392216E-03  4.7023122E-01  5.1153240E-09  3.0543454E-02
  3.8445533E+00  7.9167928E-75  2.6038193E-28  1.1028123E-11  3.2049807E-04  3.1249307E-01  5.3025330E-27  1.0477349E-10  1.5373889E-03  4.6629747E-01  4.4011087E-09  2.9491060E-02
  3.8702305E+00  2.4318789E-75  1.6447242E-28  9.0149846E-12  2.9618042E-04  3.0701003E-01  3.4305718E-27  8.7215319E-11  1.4412332E-03  4.6233177E-01  3.7828025E-09  2.8467977E-02
  3.8960793E+00  7.4092906E-76  1.0357135E-28  7.3593464E-12  2.7355683E-04  3.0156377E-01  2.2130141E-27  7.2510098E-11  1.3504793E-03  4.5833537E-01  3.2480668E-09  2.7473637E-02
  3.9221007E+00  2.2388531E-76  6.5019182E-29  5.9995743E-12  2.5252102E-04  2.9615553E-01  1.4234031E-27  6.0209498E-11  1.2648631E-03  4.5430956E-01  2.7860763E-09  2.6507472E-02
  3.9482959E+00  6.7090464E-77  4.0690190E-29  4.8843260E-12  2.3297252E-04  2.9078653E-01  9.1282838E-28  4.9933124E-11  1.1841310E-03  4.5025561E-01  2.3873432E-09  2.5568921E-02
  3.9746661E+00  1.9936727E-77  2.5384885E-29  3.9708901E-12  2.1481643E-04  2.8545796E-01  5.8365914E-28  4.1358624E-11  1.1080397E-03  4.4617479E-01  2.0435608E-09  2.4657424E-02
  4.0012123E+00  5.8745707E-78  1.5786607E-29  3.2237832E-12  1.9796314E-04  2.8017097E-01  3.7207435E-28  3.4213177E-11  1.0363560E-03  4.4206839E-01  1.7474635E-09  2.3772427E-02
  4.0279359E+00  1.7163216E-78  9.7863624E-30  2.6135740E-12  1.8232813E-04  2.7492667E-01  2.3647854E-28  2.8266176E-11  9.6885627E-04  4.3793769E-01  1.4927032E-09  2.2913380E-02
  4.0548379E+00  0.0000000E+00  6.0473270E-30  2.1158786E-12  1.6783166E-04  2.6972615E-01  1.4984302E-28  2.3322943E-11  9.0532645E-04  4.3378398E-01  1.2737395E-09  2.2079737E-02
  4.0819196E+00  0.0000000E+00  3.7248256E-30  1.7105257E-12  1.5439860E-04  2.6457045E-01  9.4657556E-29  1.9219345E-11  8.4556151E-04  4.2960856E-01  1.0857416E-09  2.1270957E-02
  4.1091822E+00  0.0000000E+00  2.2868588E-30  1.3808524E-12  1.4195821E-04  2.5946057E-01  5.9612745E-29  1.5817179E-11  7.8936528E-04  4.2541270E-01  9.2450233E-10  2.0486503E-02
  4.1366269E+00  0.0000000E+00  1.3994399E-30  1.1131139E-12  1.3044388E-04  2.5439751E-01  3.7426489E-29  1.3000227E-11  7.3655015E-04  4.2119771E-01  7.8636122E-10  1.9725844E-02
  4.1642548E+00  0.0000000E+00  8.5357382E-31  8.9598864E-13  1.1979297E-04  2.4938219E-01  2.3424275E-29  1.0670887E-11  6.8693679E-04  4.1696487E-01  6.6813711E-10  1.8988453E-02
  4.1920673E+00  0.0000000E+00  5.1890791E-31  7.2016455E-13  1.0994657E-04  2.4441552E-01  1.4614746E-29  8.7472996E-12  6.4035387E-04  4.1271547E-01  5.6706834E-10  1.8273810E-02
  4.2200655E+00  0.0000000E+00  3.1440700E-31  5.7799372E-13  1.0084936E-04  2.3949837E-01  9.0896108E-30  7.1608987E-12  5.9663778E-04  4.0845081E-01  4.8076002E-10  1.7581398E-02
  4.2482507E+00  0.0000000E+00  1.8986159E-31  4.6320412E-13  9.2449393E-05  2.3463156E-01  5.6353255E-30  5.8543307E-12  5.5563239E-04  4.0417217E-01  4.0713763E-10  1.6910708E-02
  4.2766241E+00  0.0000000E+00  1.1426552E-31  3.7065968E-13  8.4697920E-05  2.2981589E-01  3.4825966E-30  4.7796853E-12  5.1718876E-04  3.9988084E-01  3.4440616E-10  1.6261234E-02
  4.3051870E+00  0.0000000E+00  6.8535668E-32  2.9616085E-13  7.7549233E-05  2.2505212E-01  2.1453020E-30  3.8969943E-12  4.8116491E-04  3.9557809E-01  2.9101416E-10  1.5632479E-02
  4.3339407E+00  0.0000000E+00  4.0966750E-32  2.3627892E-13  7.0960499E-05  2.2034097E-01  1.3172416E-30  3.1729610E-12  4.4742555E-04  3.9126521E-01  2.4562220E-10  1.5023947E-02
  4.3628864E+00  0.0000000E+00  2.4403370E-32  1.8821880E-13  6.4891603E-05  2.1568312E-01  8.0616647E-31  2.5798842E-12  4.1584184E-04  3.8694347E-01  2.0707523E-10  1.4435154E-02
  4.3920255E+00  0.0000000E+00  1.4486433E-32  1.4970536E-13  5.9305000E-05  2.1107922E-01  4.9176404E-31  2.0947487E-12  3.8629115E-04  3.8261413E-01  1.7437831E-10  1.3865617E-02
  4.4213592E+00  0.0000000E+00  8.5695173E-33  1.1888953E-13  5.4165576E-05  2.0652989E-01  2.9898677E-31  1.6984634E-12  3.5865683E-04  3.7827846E-01  1.4667538E-10  1.3314862E-02
  4.4508887E+00  0.0000000E+00  5.0515451E-33  9.4270830E-14  4.9440510E-05  2.0203570E-01  1.8117602E-31  1.3752097E-12  3.3282796E-04  3.7393771E-01  1.2323075E-10  1.2782420E-02
  4.4806155E+00  0.0000000E+00  2.9672495E-33  7.4633546E-14  4.5099142E-05  1.9759718E-01  1.0941913E-31  1.1119010E-12  3.0869915E-04  3.6959312E-01  1.0341291E-10  1.2267829E-02
  4.5105408E+00  0.0000000E+00  1.7367458E-33  5.8994204E-14  4.1112855E-05  1.9321484E-01  6.5859709E-32  8.9772576E-13  2.8617031E-04  3.6524594E-01  8.6680385E-11  1.1770633E-02
  4.5406660E+00  0.0000000E+00  1.0128856E-33  4.6558461E-14  3.7454952E-05  1.8888914E-01  3.9506680E-32  7.2376485E-13  2.6514643E-04  3.6089739E-01  7.2569469E-11  1.1290383E-02
  4.5709924E+00  0.0000000E+00  5.8859422E-34  3.6685745E-14  3.4100546E-05  1.8462052E-01  2.3617587E-32  5.8267098E-13  2.4553739E-04  3.5654869E-01  6.0683507E-11  1.0826635E-02
  4.6015213E+00  0.0000000E+00  3.4079442E-34  2.8860307E-14  3.1026452E-05  1.8040935E-01  1.4070346E-32  4.6840037E-13  2.2725772E-04  3.5220105E-01  5.0683616E-11  1.0378953E-02
  4.6322541E+00  0.0000000E+00  1.9659805E-34  2.2667561E-14  2.8211086E-05  1.7625600E-01  8.3534953E-33  3.7598873E-13  2.1022646E-04  3.4785566E-01  4.2280610E-11  9.9469090E-03
  4.6631922E+00  0.0000000E+00  1.1299662E-34  1.7774782E-14  2.5634366E-05  1.7216079E-01  4.9421484E-33  3.0136440E-13  1.9436693E-04  3.4351370E-01  3.5228014E-11  9.5300787E-03
  4.6943368E+00  0.0000000E+00  6.4705393E-35  1.3915369E-14  2.3277624E-05  1.6812401E-01  2.9136486E-33  2.4119281E-13  1.7960655E-04  3.3917634E-01  2.9316009E-11  9.1280466E-03
  4.7256895E+00  0.0000000E+00  3.6914193E-35  1.0876055E-14  2.1123513E-05  1.6414590E-01  1.7116753E-33  1.9274706E-13  1.6587664E-04  3.3484473E-01  2.4366198E-11  8.7404033E-03
  4.7572516E+00  0.0000000E+00  2.0980374E-35  8.4865197E-15  1.9155932E-05  1.6022667E-01  1.0019795E-33  1.5380055E-13  1.5311232E-04  3.3052002E-01  2.0227090E-11  8.3667466E-03
  4.7890245E+00  0.0000000E+00  1.1879249E-35  6.6109610E-15  1.7359939E-05  1.5636650E-01  5.8443887E-34  1.2253789E-13  1.4125224E-04  3.2620333E-01  1.6770198E-11  8.0066809E-03
  4.8210095E+00  0.0000000E+00  6.7005364E-36  5.1412833E-15  1.5721683E-05  1.5256555E-01  3.3966570E-34  9.7481213E-14  1.3023850E-04  3.2189577E-01  1.3886683E-11  7.6598176E-03
  4.8532082E+00  0.0000000E+00  3.7649899E-36  3.9915872E-15  1.4228330E-05  1.4882391E-01  1.9669172E-34  7.7429255E-14  1.2001643E-04  3.1759842E-01  1.1484465E-11  7.3257753E-03
  4.8856220E+00  0.0000000E+00  2.1073684E-36  3.0937270E-15  1.2867998E-05  1.4514167E-01  1.1348320E-34  6.1407082E-14  1.1053449E-04  3.1331236E-01  9.4857435E-12  7.0041792E-03
  4.9182522E+00  0.0000000E+00  1.1749738E-36  2.3937332E-15  1.1629694E-05  1.4151886E-01  6.5234533E-35  4.8624664E-14  1.0174409E-04  3.0903865E-01  7.8248609E-12  6.6946616E-03
  4.9511003E+00  0.0000000E+00  6.5255265E-37  1.8489365E-15  1.0503258E-05  1.3795551E-01  3.7360543E-35  3.8442805E-14  9.3599442E-05  3.0477831E-01  6.4464832E-12  6.3968619E-03
  4.9841678E+00  0.0000000E+00  3.6098661E-37  1.4256594E-15  9.4792984E-06  1.3445158E-01  2.1317074E-35  3.0345153E-14  8.6057455E-05  3.0053237E-01  5.3040347E-12  6.1104264E-03
  5.0174562E+00  0.0000000E+00  1.9890386E-37  1.0973675E-15  8.5491496E-06  1.3100702E-01  1.2117412E-35  2.3915247E-14  7.9077576E-05  2.9630181E-01  4.3583631E-12  5.8350082E-03
  5.0509669E+00  0.0000000E+00  1.0915918E-37  8.4319092E-16  7.7048155E-06  1.2762175E-01  6.8619734E-36  1.8817725E-14  7.2621671E-05  2.9208761E-01  3.5765991E-12  5.5702678E-03
  5.0847014E+00  0.0000000E+00  5.9666489E-38  6.4674373E-16  6.9389256E-06  1.2429566E-01  3.8710960E-36  1.4782963E-14  6.6653905E-05  2.8789073E-01  2.9311844E-12  5.3158723E-03
  5.1186612E+00  0.0000000E+00  3.2481948E-38  4.9518323E-16  6.2446903E-06  1.2102859E-01  2.1754718E-36  1.1594536E-14  6.1140620E-05  2.8371210E-01  2.3990442E-12  5.0714960E-03
  5.1528478E+00  0.0000000E+00  1.7610962E-38  3.7846167E-16  5.6158604E-06  1.1782037E-01  1.2178570E-36  9.0790012E-15  5.6050225E-05  2.7955262E-01  1.9608834E-12  4.8368199E-03
  5.1872627E+00  0.0000000E+00  9.5091470E-39  2.8873205E-16  5.0466878E-06  1.1467080E-01  6.7912733E-37  7.0975909E-15  5.1353089E-05  2.7541318E-01  1.6005890E-12  4.6115321E-03
  5.2219074E+00  0.0000000E+00  5.1133485E-39  2.1987711E-16  4.5318894E-06  1.1157965E-01  3.7723043E-37  5.5394584E-15  4.7021431E-05  2.7129465E-01  1.3047237E-12  4.3953276E-03
  5.2567836E+00  0.0000000E+00  2.7381826E-39  1.6713668E-16  4.0666134E-06  1.0854665E-01  2.0871390E-37  4.3162079E-15  4.3029228E-05  2.6719787E-01  1.0620967E-12  4.1879081E-03
  5.2918926E+00  0.0000000E+00  1.4601597E-39  1.2681335E-16  3.6464072E-06  1.0557152E-01  1.1502006E-37  3.3574638E-15  3.9352114E-05  2.6312365E-01  8.6340076E-13  3.9889823E-03
  5.3272362E+00  0.0000000E+00  7.7536624E-40  9.6040480E-17  3.2671878E-06  1.0265396E-01  6.3133766E-38  2.6072907E-15  3.5967291E-05  2.5907279E-01  7.0090533E-13  3.7982655E-03
  5.3628158E+00  0.0000000E+00  4.0998650E-40  7.2599651E-17  2.9252139E-06  9.9793615E-02  3.4514691E-38  2.0213050E-15  3.2853443E-05  2.5504606E-01  5.6819996E-13  3.6154800E-03
  5.3986330E+00  0.0000000E+00  2.1586182E-40  5.4777249E-17  2.6170601E-06  9.6990135E-02  1.8792676E-38  1.5643491E-15  2.9990648E-05  2.5104421E-01  4.5997469E-13  3.4403545E-03
  5.4346894E+00  0.0000000E+00  1.1316525E-40  4.1252093E-17  2.3395924E-06  9.4243135E-02  1.0190693E-38  1.2086206E-15  2.7360307E-05  2.4706796E-01  3.7183780E-13  3.2726245E-03
  5.4709867E+00  0.0000000E+00  5.9070223E-41  3.1007475E-17  2.0899459E-06  9.1552205E-02  5.5034783E-39  9.3217163E-16  2.4945057E-05  2.4311800E-01  3.0016217E-13  3.1120321E-03
  5.5075263E+00  0.0000000E+00  3.0699380E-41  2.3262479E-17  1.8655038E-06  8.8916919E-02  2.9599009E-39  7.1770567E-16  2.2728709E-05  2.3919502E-01  2.4195638E-13  2.9583258E-03
  5.5443100E+00  0.0000000E+00  1.5884851E-41  1.7418440E-17  1.6638774E-06  8.6336827E-02  1.5852994E-39  5.5161550E-16  2.0696173E-05  2.3529966E-01  1.9475688E-13  2.8112606E-03
  5.5813394E+00  0.0000000E+00  8.1830698E-42  1.3017292E-17  1.4828884E-06  8.3811457E-02  8.4552678E-40  4.2321505E-16  1.8833393E-05  2.3143255E-01  1.5653772E-13  2.6705980E-03
  5.6186160E+00  0.0000000E+00  4.1967764E-42  9.7092255E-18  1.3205517E-06  8.1340323E-02  4.4906897E-40  3.2412701E-16  1.7127289E-05  2.2759429E-01  1.2563525E-13  2.5361058E-03
  5.6561416E+00  0.0000000E+00  2.1427360E-42  7.2276222E-18  1.1750598E-06  7.8922915E-02  2.3749578E-40  2.4779567E-16  1.5565692E-05  2.2378547E-01  1.0068530E-13  2.4075579E-03
  5.6939179E+00  0.0000000E+00  1.0890843E-42  5.3696695E-18  1.0447683E-06  7.6558709E-02  1.2506719E-40  1.8909996E-16  1.4137292E-05  2.2000664E-01  8.0570954E-14  2.2847345E-03
  5.7319464E+00  0.0000000E+00  5.5103716E-43  3.9813947E-18  9.2818214E-07  7.4247163E-02  6.5578718E-41  1.4404667E-16  1.2831582E-05  2.1625832E-01  6.4379047E-14  2.1674218E-03
  5.7702289E+00  0.0000000E+00  2.7753221E-43  2.9461357E-18  8.2394348E-07  7.1987718E-02  3.4237478E-41  1.0952767E-16  1.1638810E-05  2.1254104E-01  5.1364126E-14  2.0554122E-03
  5.8087671E+00  0.0000000E+00  1.3913788E-43  2.1756764E-18  7.3081994E-07  6.9779803E-02  1.7797013E-41  8.3128138E-17  1.0549928E-05  2.0885528E-01  4.0918552E-14  1.9485040E-03
  5.8475627E+00  0.0000000E+00  6.9432563E-44  1.6034451E-18  6.4769395E-07  6.7622830E-02  9.2105608E-42  6.2975346E-17  9.5565505E-06  2.0520150E-01  3.2547772E-14  1.8465011E-03
  5.8866174E+00  0.0000000E+00  3.4486809E-44  1.1793040E-18  5.7355294E-07  6.5516198E-02  4.7457587E-42  4.7619635E-17  8.6509079E-06  2.0158014E-01  2.5849881E-14  1.7492134E-03
  5.9259329E+00  0.0000000E+00  1.7049079E-44  8.6557346E-19  5.0748019E-07  6.3459295E-02  2.4344046E-42  3.5940919E-17  7.8258087E-06  1.9799163E-01  2.0498765E-14  1.6564564E-03
  5.9655109E+00  0.0000000E+00  8.3886666E-45  6.3399030E-19  4.4864649E-07  6.1451495E-02  1.2431805E-42  2.7075378E-17  7.0746001E-06  1.9443637E-01  1.6230216E-14  1.5680512E-03
  6.0053533E+00  0.0000000E+00  4.1078532E-45  4.6339979E-19  3.9630243E-07  5.9492163E-02  6.3199939E-43  2.0358073E-17  6.3911322E-06  1.9091472E-01  1.2830507E-14  1.4838243E-03
  6.0454618E+00  0.0000000E+00  2.0019473E-45  3.3800068E-19  3.4977124E-07  5.7580655E-02  3.1983559E-43  1.5278128E-17  5.7697238E-06  1.8742705E-01  1.0127024E-14  1.4036077E-03
  6.0858382E+00  0.0000000E+00  9.7093866E-46  2.4601512E-19  3.0844236E-07  5.5716313E-02  1.6112061E-43  1.1443778E-17  5.2051307E-06  1.8397370E-01  7.9805674E-15  1.3272386E-03
  6.1264842E+00  0.0000000E+00  4.6861685E-46  1.7868264E-19  2.7176536E-07  5.3898475E-02  8.0793415E-44  8.5551769E-18  4.6925153E-06  1.8055498E-01  6.2790663E-15  1.2545594E-03
  6.1674017E+00  0.0000000E+00  2.2506938E-46  1.2950101E-19  2.3924449E-07  5.2126470E-02  4.0326239E-44  6.3832704E-18  4.2274185E-06  1.7717118E-01  4.9324323E-15  1.1854177E-03
  6.2085925E+00  0.0000000E+00  1.0756542E-46  9.3654355E-20  2.1043361E-07  5.0399620E-02  2.0034226E-44  4.7534240E-18  3.8057328E-06  1.7382259E-01  3.8683641E-15  1.1196659E-03
  6.2500583E+00  0.0000000E+00  5.1153093E-47  6.7583487E-20  1.8493160E-07  4.8717239E-02  9.9064166E-45  3.5327529E-18  3.4236774E-06  1.7050947E-01  3.0289286E-15  1.0571614E-03
  6.2918011E+00  0.0000000E+00  2.4204670E-47  4.8663656E-20  1.6237815E-07  4.7078638E-02  4.8753498E-45  2.6203402E-18  3.0777751E-06  1.6723205E-01  2.3677809E-15  9.9776643E-04
  6.3338227E+00  0.0000000E+00  1.1395660E-47  3.4963434E-20  1.4244984E-07  4.5483121E-02  2.3879545E-45  1.9396977E-18  2.7648298E-06  1.6399055E-01  1.8479067E-15  9.4134782E-04
  6.3761249E+00  0.0000000E+00  5.3379892E-48  2.5064687E-20  1.2485668E-07  4.3929991E-02  1.1640272E-45  1.4329683E-18  2.4819060E-06  1.6078518E-01  1.4397924E-15  8.8777701E-04
  6.4187097E+00  0.0000000E+00  2.4877031E-48  1.7928457E-20  1.0933885E-07  4.2418543E-02  5.6468040E-46  1.0564757E-18  2.2263098E-06  1.5761614E-01  1.1199438E-15  8.3692990E-04
  6.4615788E+00  0.0000000E+00  1.1534179E-48  1.2795272E-20  9.5663788E-08  4.0948073E-02  2.7260283E-46  7.7731467E-19  1.9955708E-06  1.5448358E-01  8.6968952E-16  7.8868678E-04
  6.5047343E+00  0.0000000E+00  5.3201831E-49  9.1112017E-21  8.3623517E-08  3.9517873E-02  1.3095784E-46  5.7074529E-19  1.7874251E-06  1.5138767E-01  6.7421603E-16  7.4293220E-04
  6.5481780E+00  0.0000000E+00  2.4411959E-49  6.4731362E-21  7.3032218E-08  3.8127233E-02  6.2602471E-47  4.1820616E-19  1.5997997E-06  1.4832855E-01  5.2179010E-16  6.9955488E-04
  6.5919118E+00  0.0000000E+00  1.1142922E-49  4.5883887E-21  6.3724018E-08  3.6775445E-02  2.9777998E-47  3.0579836E-19  1.4307979E-06  1.4530634E-01  4.0313415E-16  6.5844758E-04
  6.6359377E+00  0.0000000E+00  5.0594127E-50  3.2449305E-21  5.5550988E-08  3.5461796E-02  1.4093818E-47  2.2313643E-19  1.2786855E-06  1.4232115E-01  3.1092480E-16  6.1950705E-04
  6.6802577E+00  0.0000000E+00  2.2850181E-50  2.2895159E-21  4.8381323E-08  3.4185577E-02  6.6370634E-48  1.6247642E-19  1.1418781E-06  1.3937307E-01  2.3939120E-16  5.8263388E-04
  6.7248736E+00  0.0000000E+00  1.0264826E-50  1.6116408E-21  4.2097699E-08  3.2946077E-02  3.1097270E-48  1.1805615E-19  1.0189296E-06  1.3646218E-01  1.8399371E-16  5.4773241E-04
  6.7697875E+00  0.0000000E+00  4.5863762E-51  1.1318072E-21  3.6595775E-08  3.1742588E-02  1.4496138E-48  8.5597125E-20  9.0852064E-07  1.3358856E-01  1.4116750E-16  5.1471064E-04
  6.8150014E+00  0.0000000E+00  2.0381095E-51  7.9295654E-22  3.1782846E-08  3.0574403E-02  6.7228084E-49  6.1929247E-20  8.0944880E-07  1.3075226E-01  1.0811807E-16  4.8348011E-04
  6.8605173E+00  0.0000000E+00  9.0075895E-52  5.5423280E-22  2.7576628E-08  2.9440817E-02  3.1017160E-49  4.4708722E-20  7.2061897E-07  1.2795331E-01  8.2658688E-17  4.5395582E-04
  6.9063371E+00  0.0000000E+00  3.9590977E-52  3.8645065E-22  2.3904150E-08  2.8341128E-02  1.4236085E-49  3.2206405E-20  6.4103459E-07  1.2519175E-01  6.3081243E-17  4.2605614E-04
  6.9524629E+00  0.0000000E+00  1.7305080E-52  2.6881153E-22  2.0700769E-08  2.7274637E-02  6.4998099E-50  2.3149386E-20  5.6978947E-07  1.2246759E-01  4.8053859E-17  3.9970267E-04
  6.9988968E+00  0.0000000E+00  7.5218354E-53  1.8652917E-22  1.7909268E-08  2.6240648E-02  2.9520001E-50  1.6602655E-20  5.0606029E-07  1.1978083E-01  3.6539899E-17  3.7482018E-04
  7.0456409E+00  0.0000000E+00  3.2510960E-53  1.2911705E-22  1.5479061E-08  2.5238469E-02  1.3335881E-50  1.1880919E-20  4.4909960E-07  1.1713147E-01  2.7733978E-17  3.5133651E-04
  7.0926971E+00  0.0000000E+00  1.3972505E-53  8.9156151E-23  1.3365461E-08  2.4267413E-02  5.9923972E-51  8.4830209E-21  3.9822940E-07  1.1451949E-01  2.1011518E-17  3.2918246E-04
  7.1400675E+00  0.0000000E+00  5.9709017E-54  6.1410514E-23  1.1529036E-08  2.3326797E-02  2.6781612E-51  6.0432769E-21  3.5283516E-07  1.1194485E-01  1.5889044E-17  3.0829173E-04
  7.1877544E+00  0.0000000E+00  2.5369343E-54  4.2193997E-23  9.9350233E-09  2.2415943E-02  1.1904570E-51  4.2954571E-21  3.1236036E-07  1.0940752E-01  1.1992999E-17  2.8860077E-04
  7.2357597E+00  0.0000000E+00  1.0716784E-54  2.8917974E-23  8.5528078E-09  2.1534178E-02  5.2627782E-52  3.0461733E-21  2.7630142E-07  1.0690745E-01  9.0352897E-18  2.7004877E-04
  7.2840857E+00  0.0000000E+00  4.5007818E-55  1.9769106E-23  7.3554553E-09  2.0680836E-02  2.3137909E-52  2.1552692E-21  2.4420303E-07  1.0444456E-01  6.7941502E-18  2.5257751E-04
  7.3327343E+00  0.0000000E+00  1.8791508E-55  1.3480338E-23  6.3192929E-09  1.9855255E-02  1.0116354E-52  1.5214002E-21  2.1565388E-07  1.0201880E-01  5.0991933E-18  2.3613128E-04
  7.3817079E+00  0.0000000E+00  7.7995120E-56  9.1685737E-24  5.4235360E-09  1.9056781E-02  4.3984322E-53  1.0714544E-21  1.9028274E-07  9.9630067E-02  3.8197553E-18  2.2065684E-04
  7.4310086E+00  0.0000000E+00  3.2180076E-56  6.2198876E-24  4.6499546E-09  1.8284765E-02  1.9016415E-53  7.5281007E-22  1.6775479E-07  9.7278280E-02  2.8558261E-18  2.0610326E-04
  7.4806386E+00  0.0000000E+00  1.3197817E-56  4.2085796E-24  3.9825758E-09  1.7538566E-02  8.1752130E-54  5.2768147E-22  1.4776834E-07  9.4963333E-02  2.1310052E-18  1.9242194E-04
  7.5306000E+00  0.0000000E+00  5.3801451E-57  2.8402285E-24  3.4074186E-09  1.6817550E-02  3.4945544E-54  3.6899978E-22  1.3005179E-07  9.2685116E-02  1.5870409E-18  1.7956642E-04
  7.5808950E+00  0.0000000E+00  2.1799370E-57  1.9117368E-24  2.9122591E-09  1.6121088E-02  1.4852150E-54  2.5741940E-22  1.1436081E-07  9.0443506E-02  1.1796059E-18  1.6749240E-04
  7.6315260E+00  0.0000000E+00  8.7787582E-58  1.2833715E-24  2.4864204E-09  1.5448561E-02  6.2758706E-55  1.7914735E-22  1.0047581E-07  8.8238373E-02  8.7503446E-19  1.5615758E-04
  7.6824951E+00  0.0000000E+00  3.5135192E-58  8.5924780E-25  2.1205866E-09  1.4799356E-02  2.6365013E-55  1.2437310E-22  8.8199620E-08  8.6069578E-02  6.4780913E-19  1.4552164E-04
  7.7338047E+00  0.0000000E+00  1.3975020E-58  5.7374438E-25  1.8066387E-09  1.4172869E-02  1.1011168E-55  8.6135550E-23  7.7355328E-08  8.3936972E-02  4.7862660E-19  1.3554617E-04
  7.7854569E+00  0.0000000E+00  5.5238766E-59  3.8207149E-25  1.5375077E-09  1.3568504E-02  4.5716402E-56  5.9507429E-23  6.7784360E-08  8.1840397E-02  3.5291377E-19  1.2619454E-04
  7.8374540E+00  0.0000000E+00  2.1696885E-59  2.5374012E-25  1.3070459E-09  1.2985671E-02  1.8867994E-56  4.1009605E-23  5.9344699E-08  7.9779688E-02  2.5969075E-19  1.1743191E-04
  7.8897985E+00  0.0000000E+00  8.4682349E-60  1.6805214E-25  1.1099126E-09  1.2423791E-02  7.7406248E-57  2.8191516E-23  5.1909270E-08  7.7754669E-02  1.9070148E-19  1.0922510E-04
  7.9424925E+00  0.0000000E+00  3.2840562E-60  1.1099447E-25  9.4147312E-10  1.1882293E-02  3.1564893E-57  1.9331362E-23  4.5364470E-08  7.5765156E-02  1.3975129E-19  1.0154255E-04
  7.9955385E+00  0.0000000E+00  1.2654073E-60  7.3105889E-26  7.9771003E-10  1.1360611E-02  1.2793575E-57  1.3222404E-23  3.9608833E-08  7.3810959E-02  1.0220115E-19  9.4354262E-05
  8.0489387E+00  0.0000000E+00  4.8443088E-61  4.8016409E-26  6.7514484E-10  1.0858194E-02  5.1537092E-58  9.0210048E-24  3.4551817E-08  7.1891876E-02  7.4584383E-20  8.7631710E-05
  8.1026956E+00  0.0000000E+00  1.8424453E-61  3.1448877E-26  5.7076899E-10  1.0374493E-02  2.0633325E-58  6.1388722E-24  3.0112699E-08  7.0007699E-02  5.4315784E-20  8.1347814E-05
  8.1568115E+00  0.0000000E+00  6.9614224E-62  2.0539532E-26  4.8198335E-10  9.9089734E-03  8.2095737E-59  4.1668128E-24  2.6219581E-08  6.8158210E-02  3.9471546E-20  7.5476860E-05
  8.2112888E+00  0.0000000E+00  2.6128900E-62  1.3376351E-26  4.0654503E-10  9.4611064E-03  3.2460461E-59  2.8209385E-24  2.2808482E-08  6.6343186E-02  2.8623053E-20  6.9994448E-05
  8.2661299E+00  0.0000000E+00  9.7418846E-63  8.6863672E-27  3.4252079E-10  9.0303733E-03  1.2754160E-59  1.9048025E-24  1.9822519E-08  6.4562393E-02  2.0711680E-20  6.4877436E-05
  8.3213374E+00  0.0000000E+00  3.6077987E-63  5.6244978E-27  2.8824615E-10  8.6162643E-03  4.9795765E-60  1.2828190E-24  1.7211170E-08  6.2815590E-02  1.4954641E-20  6.0103887E-05
  8.3769135E+00  0.0000000E+00  1.3270816E-63  3.6313319E-27  2.4228977E-10  8.2182789E-03  1.9317743E-60  8.6165273E-25  1.4929604E-08  6.1102528E-02  1.0774364E-20  5.5653016E-05
  8.4328608E+00  0.0000000E+00  4.8482762E-64  2.3376329E-27  2.0342214E-10  7.8359256E-03  7.4460115E-61  5.7722205E-25  1.2938078E-08  5.9422952E-02  7.7456165E-21  5.1505142E-05
  8.4891817E+00  0.0000000E+00  1.7590963E-64  1.5003974E-27  1.7058843E-10  7.4687224E-03  2.8515045E-61  3.8564667E-25  1.1201393E-08  5.7776598E-02  5.5560048E-21  4.7641635E-05
  8.5458788E+00  0.0000000E+00  6.3384398E-65  9.6016822E-28  1.4288469E-10  7.1161965E-03  1.0848932E-61  2.5695938E-25  9.6884042E-09  5.6163193E-02  3.9765377E-21  4.4044875E-05
  8.6029546E+00  0.0000000E+00  2.2680016E-65  6.1261943E-28  1.1953722E-10  6.7778843E-03  4.1005477E-62  1.7074961E-25  8.3715837E-09  5.4582460E-02  2.8397298E-21  4.0698199E-05
  8.6604115E+00  0.0000000E+00  8.0584239E-66  3.8969776E-28  9.9884594E-11  6.4533318E-03  1.5396351E-62  1.1315336E-25  7.2266215E-09  5.3034113E-02  2.0233538E-21  3.7585864E-05
  8.7182522E+00  0.0000000E+00  2.8430202E-66  2.4714395E-28  8.3362028E-11  6.1420941E-03  5.7424046E-63  7.4779006E-26  6.2320718E-09  5.1517859E-02  1.4384111E-21  3.4693000E-05
  8.7764792E+00  0.0000000E+00  9.9588674E-67  1.5626013E-28  6.9487861E-11  5.8437359E-03  2.1273972E-63  4.9281939E-26  5.3690341E-09  5.0033399E-02  1.0202439E-21  3.2005569E-05
  8.8350951E+00  0.0000000E+00  3.4635145E-67  9.8494876E-29  5.7851817E-11  5.5578310E-03  7.8281794E-64  3.2388012E-26  4.6208681E-09  4.8580426E-02  7.2198493E-22  2.9510330E-05
  8.8941024E+00  0.0000000E+00  1.1958530E-67  6.1892408E-29  4.8104854E-11  5.2839626E-03  2.8609397E-64  2.1225654E-26  3.9729378E-09  4.7158627E-02  5.0974002E-22  2.7194796E-05
  8.9535038E+00  0.0000000E+00  4.0989129E-68  3.8771306E-29  3.9950395E-11  5.0217234E-03  1.0384141E-64  1.3871072E-26  3.4123834E-09  4.5767683E-02  3.5905344E-22  2.5047199E-05
  9.0133020E+00  0.0000000E+00  1.3946522E-68  2.4211612E-29  3.3136752E-11  4.7707152E-03  3.7430389E-65  9.0390509E-27  2.9279171E-09  4.4407269E-02  2.5232045E-22  2.3056457E-05
  9.0734995E+00  0.0000000E+00  4.7102659E-69  1.5071904E-29  2.7450602E-11  4.5305491E-03  1.3398240E-65  5.8734229E-27  2.5096416E-09  4.3077054E-02  1.7689763E-22  2.1212135E-05
  9.1340990E+00  0.0000000E+00  1.5790030E-69  9.3526450E-30  2.2711366E-11  4.3008455E-03  4.7623177E-66  3.8054585E-27  2.1488871E-09  4.1776700E-02  1.2372598E-22  1.9504419E-05
  9.1951033E+00  0.0000000E+00  5.2535631E-70  5.7851346E-30  1.8766376E-11  4.0812339E-03  1.6807902E-66  2.4584512E-27  1.8380676E-09  4.0505864E-02  8.6330097E-23  1.7924078E-05
  9.2565150E+00  0.0000000E+00  1.7347371E-70  3.5669405E-30  1.5486729E-11  3.8713529E-03  5.8899318E-67  1.5836042E-27  1.5705521E-09  3.9264199E-02  6.0092333E-23  1.6462440E-05
  9.3183368E+00  0.0000000E+00  5.6845634E-71  2.1921601E-30  1.2763724E-11  3.6708502E-03  2.0492057E-67  1.0170765E-27  1.3405504E-09  3.8051352E-02  4.1727697E-23  1.5111358E-05
  9.3805716E+00  0.0000000E+00  1.8484981E-71  1.3428677E-30  1.0505815E-11  3.4793825E-03  7.0780896E-68  6.5128935E-28  1.1430121E-09  3.6866963E-02  2.8904885E-23  1.3863187E-05
  9.4432219E+00  0.0000000E+00  5.9644968E-72  8.1991579E-31  8.6360088E-12  3.2966155E-03  2.4270470E-68  4.1581397E-28  9.7353667E-10  3.5710671E-02  1.9973422E-23  1.2710753E-05
  9.5062907E+00  0.0000000E+00  1.9095708E-72  4.9896579E-31  7.0896298E-12  3.1222235E-03  8.2612957E-69  2.6467947E-28  8.2829407E-10  3.4582109E-02  1.3767687E-23  1.1647332E-05
  9.5697807E+00  0.0000000E+00  6.0656706E-73  3.0264128E-31  5.8124257E-12  2.9558898E-03  2.7912708E-69  1.6796886E-28  7.0395422E-10  3.3480905E-02  9.4665030E-24  1.0666622E-05
  9.6336948E+00  0.0000000E+00  1.9115104E-73  1.8294970E-31  4.7589465E-12  2.7973063E-03  9.3608509E-70  1.0627126E-28  5.9762504E-10  3.2406683E-02  6.4927855E-24  9.7627238E-06
  9.6980356E+00  0.0000000E+00  5.9758918E-74  1.1022286E-31  3.8911676E-12  2.6461735E-03  3.1157582E-70  6.7030512E-29  5.0679756E-10  3.1359066E-02  4.4419958E-24  8.9301146E-06
  9.7628063E+00  0.0000000E+00  1.8532335E-74  6.6181742E-32  3.1773196E-12  2.5022004E-03  1.0292538E-70  4.2149268E-29  4.2929759E-10  3.0337670E-02  3.0312624E-24  8.1636301E-06
  9.8280094E+00  0.0000000E+00  5.7007468E-75  3.9602389E-32  2.5908950E-12  2.3651044E-03  3.3741665E-71  2.6421613E-29  3.6324312E-10  2.9342110E-02  2.0632879E-24  7.4584426E-06
  9.8936481E+00  0.0000000E+00  1.7393227E-75  2.3616269E-32  2.1098072E-12  2.2346110E-03  1.0976670E-71  1.6510923E-29  3.0700691E-10  2.8371999E-02  1.4008113E-24  6.8100425E-06
  9.9597251E+00  0.0000000E+00  5.2631732E-76  1.4034529E-32  1.7156781E-12  2.1104542E-03  3.5433110E-72  1.0285302E-29  2.5918359E-10  2.7426944E-02  9.4858337E-25  6.2142199E-06
  1.0026243E+01  0.0000000E+00  1.5794513E-76  8.3113388E-33  1.3932360E-12  1.9923757E-03  1.1348978E-72  6.3868577E-30  2.1856076E-10  2.6506553E-02  6.4067813E-25  5.6670469E-06
  1.0093206E+01  0.0000000E+00  4.7003221E-77  4.9047911E-33  1.1298106E-12  1.8801254E-03  3.6065086E-73  3.9534177E-30  1.8409372E-10  2.5610431E-02  4.3158392E-25  5.1648612E-06
  1.0160616E+01  0.0000000E+00  1.3870215E-77  2.8842715E-33  9.1490233E-13  1.7734608E-03  1.1370346E-73  2.4392940E-30  1.5488329E-10  2.4738180E-02  2.8996393E-25  4.7042503E-06
  1.0228476E+01  0.0000000E+00  4.0582989E-78  1.6900779E-33  7.3982308E-13  1.6721473E-03  3.5562339E-74  1.5002106E-30  1.3015644E-10  2.3889402E-02  1.9429802E-25  4.2820363E-06
  1.0296789E+01  0.0000000E+00  1.1772832E-78  9.8678541E-34  5.9739421E-13  1.5759577E-03  1.1033417E-74  9.1966049E-31  1.0924937E-10  2.3063698E-02  1.2984665E-25  3.8952618E-06
  1.0365559E+01  0.0000000E+00  0.0000000E+00  5.7408159E-34  4.8169266E-13  1.4846723E-03  3.3955153E-75  5.6192787E-31  9.1592732E-11  2.2260666E-02  8.6541279E-26  3.5411766E-06
  1.0434787E+01  0.0000000E+00  0.0000000E+00  3.3277363E-34  3.8783842E-13  1.3980786E-03  1.0364537E-75  3.4221719E-31  7.6698799E-11  2.1479905E-02  5.7522568E-26  3.2172244E-06
  1.0504478E+01  0.0000000E+00  0.0000000E+00  1.9219318E-34  3.1181660E-13  1.3159713E-03  3.1377259E-76  2.0772160E-31  6.4150225E-11  2.0721014E-02  3.8130081E-26  2.9210309E-06
  1.0574635E+01  0.0000000E+00  0.0000000E+00  1.1059363E-34  2.5032896E-13  1.2381522E-03  9.4204785E-77  1.2566387E-31  5.3590334E-11  1.9983590E-02  2.5205991E-26  2.6503924E-06
  1.0645260E+01  0.0000000E+00  0.0000000E+00  6.3403698E-35  2.0066988E-13  1.1644299E-03  2.8047589E-77  7.5766699E-32  4.4714665E-11  1.9267232E-02  1.6616456E-26  2.4032648E-06
  1.0716357E+01  0.0000000E+00  0.0000000E+00  3.6214339E-35  1.6062321E-13  1.0946196E-03  8.2804538E-78  4.5527697E-32  3.7263639E-11  1.8571537E-02  1.0923528E-26  2.1777532E-06
  1.0787928E+01  0.0000000E+00  0.0000000E+00  2.0607111E-35  1.2837639E-13  1.0285432E-03  2.4239289E-78  2.7264183E-32  3.1016218E-11  1.7896106E-02  7.1609378E-27  1.9721023E-06
  1.0859978E+01  0.0000000E+00  0.0000000E+00  1.1681894E-35  1.0244917E-13  9.6602920E-04  7.0349916E-79  1.6271172E-32  2.5784411E-11  1.7240538E-02  4.6811351E-27  1.7846872E-06
  1.0932509E+01  0.0000000E+00  0.0000000E+00  6.5971736E-36  8.1634531E-14  9.0691212E-04  0.0000000E+00  9.6770890E-33  2.1408531E-11  1.6604435E-02  3.0513958E-27  1.6140048E-06
  1.1005524E+01  0.0000000E+00  0.0000000E+00  3.7114187E-36  6.4949700E-14  8.5103275E-04  0.0000000E+00  5.7353521E-33  1.7753102E-11  1.5987398E-02  1.9833702E-27  1.4586654E-06
  1.1079027E+01  0.0000000E+00  0.0000000E+00  2.0799273E-36  5.1595738E-14  7.9823787E-04  0.0000000E+00  3.3873084E-33  1.4703332E-11  1.5389033E-02  1.2854599E-27  1.3173854E-06
  1.1153021E+01  0.0000000E+00  0.0000000E+00  1.1611043E-36  4.0924137E-14  7.4838009E-04  0.0000000E+00  1.9935101E-33  1.2162080E-11  1.4808945E-02  8.3071966E-28  1.1889795E-06
  1.1227509E+01  0.0000000E+00  0.0000000E+00  6.4565088E-37  3.2409313E-14  7.0131773E-04  0.0000000E+00  1.1690688E-33  1.0047243E-11  1.4246743E-02  5.3528267E-28  1.0723545E-06
  1.1302494E+01  0.0000000E+00  0.0000000E+00  3.5761546E-37  2.5625966E-14  6.5691467E-04  0.0000000E+00  6.8314059E-34  8.2895176E-12  1.3702036E-02  3.4390314E-28  9.6650240E-07
  1.1377980E+01  0.0000000E+00  0.0000000E+00  1.9729463E-37  2.0230485E-14  6.1504017E-04  0.0000000E+00  3.9775718E-34  6.8304804E-12  1.3174437E-02  2.2029510E-28  8.7049466E-07
  1.1453970E+01  0.0000000E+00  0.0000000E+00  1.0841343E-37  1.5945696E-14  5.7556876E-04  0.0000000E+00  2.3075620E-34  5.6209432E-12  1.2663563E-02  1.4069565E-28  7.8347647E-07
  1.1530468E+01  0.0000000E+00  0.0000000E+00  5.9334601E-38  1.2548368E-14  5.3838008E-04  0.0000000E+00  1.3338456E-34  4.6195470E-12  1.2169032E-02  8.9589060E-29  7.0466146E-07
  1.1607477E+01  0.0000000E+00  0.0000000E+00  3.2342849E-38  9.8590027E-15  5.0335872E-04  0.0000000E+00  7.6818159E-35  3.7915613E-12  1.1690464E-02  5.6874693E-29  6.3332673E-07
  1.1685000E+01  0.0000000E+00  0.0000000E+00  1.7558280E-38  7.7335002E-15  4.7039409E-04  0.0000000E+00  4.4077571E-35  3.1078605E-12  1.1227486E-02  3.5996820E-29  5.6880824E-07
  1.1763041E+01  0.0000000E+00  0.0000000E+00  9.4930796E-39  6.0563638E-15  4.3938029E-04  0.0000000E+00  2.5197417E-35  2.5440515E-12  1.0779725E-02  2.2713360E-29  5.1049642E-07
  1.1841603E+01  0.0000000E+00  0.0000000E+00  5.1114214E-39  4.7351732E-15  4.1021593E-04  0.0000000E+00  1.4350536E-35  2.0797322E-12  1.0346813E-02  1.4287685E-29  4.5783213E-07
  1.1920690E+01  0.0000000E+00  0.0000000E+00  2.7407759E-39  3.6960951E-15  3.8280401E-04  0.0000000E+00  8.1422227E-36  1.6978614E-12  9.9283866E-03  8.9597667E-30  4.1030288E-07
  1.2000305E+01  0.0000000E+00  0.0000000E+00  1.4634922E-39  2.8802423E-15  3.5705181E-04  0.0000000E+00  4.6022429E-36  1.3842244E-12  9.5240849E-03  5.6011450E-30  3.6743924E-07
  1.2080451E+01  0.0000000E+00  0.0000000E+00  7.7817992E-40  2.2407261E-15  3.3287067E-04  0.0000000E+00  2.5914133E-36  1.1269802E-12  9.1335518E-03  3.4905443E-30  3.2881161E-07
  1.2161133E+01  0.0000000E+00  0.0000000E+00  4.1203104E-40  1.7402737E-15  3.1017596E-04  0.0000000E+00  1.4535608E-36  9.1627896E-13  8.7564353E-03  2.1683859E-30  2.9402707E-07
  1.2242354E+01  0.0000000E+00  0.0000000E+00  2.1723393E-40  1.3493063E-15  2.8888685E-04  0.0000000E+00  8.1217170E-37  7.4393758E-13  8.3923879E-03  1.3427583E-30  2.6272656E-07
  1.2324117E+01  0.0000000E+00  0.0000000E+00  1.1404090E-40  1.0443905E-15  2.6892625E-04  0.0000000E+00  4.5203206E-37  6.0316894E-13  8.0410664E-03  8.2883439E-31  2.3458219E-07
  1.2406426E+01  0.0000000E+00  0.0000000E+00  5.9609587E-41  8.0699293E-16  2.5022063E-04  0.0000000E+00  2.5060280E-37  4.8834995E-13  7.7021324E-03  5.0996097E-31  2.0929477E-07
  1.2489285E+01  0.0000000E+00  0.0000000E+00  3.1022827E-41  6.2248094E-16  2.3269993E-04  0.0000000E+00  1.3838416E-37  3.9482896E-13  7.3752521E-03  3.1274906E-31  1.8659151E-07
  1.2572698E+01  0.0000000E+00  0.0000000E+00  1.6074724E-41  4.7932154E-16  2.1629741E-04  0.0000000E+00  7.6113027E-38  3.1876342E-13  7.0600965E-03  1.9117694E-31  1.6622387E-07
  1.2656667E+01  0.0000000E+00  0.0000000E+00  8.2925783E-42  3.6844052E-16  2.0094952E-04  0.0000000E+00  4.1695779E-38  2.5698365E-13  6.7563416E-03  1.1647853E-31  1.4796560E-07
  1.2741197E+01  0.0000000E+00  0.0000000E+00  4.2589889E-42  2.8271078E-16  1.8659584E-04  0.0000000E+00  2.2749607E-38  2.0687878E-13  6.4636682E-03  7.0732270E-32  1.3161090E-07
  1.2826292E+01  0.0000000E+00  0.0000000E+00  2.1776152E-42  2.1654432E-16  1.7317887E-04  0.0000000E+00  1.2362108E-38  1.6630132E-13  6.1817626E-03  4.2809578E-32  1.1697268E-07
  1.2911955E+01  0.0000000E+00  0.0000000E+00  1.1084094E-42  1.6556769E-16  1.6064399E-04  0.0000000E+00  6.6901532E-39  1.3348750E-13  5.9103158E-03  2.5822972E-32  1.0388106E-07
  1.2998191E+01  0.0000000E+00  0.0000000E+00  5.6163009E-43  1.2636407E-16  1.4893932E-04  0.0000000E+00  3.6057238E-39  1.0699080E-13  5.6490242E-03  1.5524001E-32  9.2181840E-08
  1.3085002E+01  0.0000000E+00  0.0000000E+00  2.8328146E-43  9.6268823E-17  1.3801559E-04  0.0000000E+00  1.9353058E-39  8.5626660E-14  5.3975895E-03  9.3008652E-33  8.1735225E-08
  1.3172393E+01  0.0000000E+00  0.0000000E+00  1.4222961E-43  7.3207669E-17  1.2782610E-04  0.0000000E+00  1.0344161E-39  6.8426457E-14  5.1557187E-03  5.5533545E-33  7.2414541E-08
  1.3260367E+01  0.0000000E+00  0.0000000E+00  7.1080796E-44  5.5568811E-17  1.1832652E-04  0.0000000E+00  5.5057587E-40  5.4599328E-14  4.9231241E-03  3.3043785E-33  6.4105112E-08
  1.3348929E+01  0.0000000E+00  0.0000000E+00  3.5358286E-44  4.2102120E-17  1.0947488E-04  0.0000000E+00  2.9181186E-40  4.3500519E-14  4.6995235E-03  1.9593701E-33  5.6703209E-08
  1.3438083E+01  0.0000000E+00  0.0000000E+00  1.7506241E-44  3.1839764E-17  1.0123140E-04  0.0000000E+00  1.5400686E-40  3.4605182E-14  4.4846401E-03  1.1577781E-33  5.0115078E-08
  1.3527832E+01  0.0000000E+00  0.0000000E+00  8.6266742E-45  2.4033852E-17  9.3558446E-05  0.0000000E+00  8.0931205E-41  2.7486727E-14  4.2782024E-03  6.8172001E-34  4.4256053E-08
  1.3618181E+01  0.0000000E+00  0.0000000E+00  4.2308597E-45  1.8107531E-17  8.6420411E-05  0.0000000E+00  4.2346556E-41  2.1798957E-14  4.0799446E-03  3.9998859E-34  3.9049736E-08
  1.3709132E+01  0.0000000E+00  0.0000000E+00  2.0650682E-45  1.3616702E-17  7.9783630E-05  0.0000000E+00  2.2061425E-41  1.7261351E-14  3.8896063E-03  2.3385164E-34  3.4427251E-08
  1.3800692E+01  0.0000000E+00  0.0000000E+00  1.0031050E-45  1.0220122E-17  7.3616293E-05  0.0000000E+00  1.1443255E-41  1.3646955E-14  3.7069326E-03  1.3623041E-34  3.0326553E-08
  1.3892862E+01  0.0000000E+00  0.0000000E+00  4.8489786E-46  7.6560736E-18  6.7888363E-05  0.0000000E+00  5.9095335E-42  1.0772442E-14  3.5316740E-03  7.9074789E-35  2.6691799E-08
  1.3985649E+01  0.0000000E+00  0.0000000E+00  2.3325526E-46  5.7242227E-18  6.2571490E-05  0.0000000E+00  3.0383051E-42  8.4899570E-15  3.3635866E-03  4.5732166E-35  2.3472770E-08
  1.4079055E+01  0.0000000E+00  0.0000000E+00  1.1165426E-46  4.2715133E-18  5.7638935E-05  0.0000000E+00  1.5551453E-42  6.6804417E-15  3.2024318E-03  2.6352062E-35  2.0624343E-08
  1.4173085E+01  0.0000000E+00  0.0000000E+00  5.3182303E-47  3.1812383E-18  5.3065492E-05  0.0000000E+00  7.9242608E-43  5.2481792E-15  3.0479768E-03  1.5128847E-35  1.8106010E-08
  1.4267743E+01  0.0000000E+00  0.0000000E+00  2.5205311E-47  2.3645811E-18  4.8827416E-05  0.0000000E+00  4.0195867E-43  4.1163407E-15  2.8999939E-03  8.6533568E-36  1.5881437E-08
  1.4363033E+01  0.0000000E+00  0.0000000E+00  1.1885983E-47  1.7540829E-18  4.4902349E-05  0.0000000E+00  2.0296701E-43  3.2233577E-15  2.7582609E-03  4.9310580E-36  1.3918064E-08
  1.4458959E+01  0.0000000E+00  0.0000000E+00  5.5767499E-48  1.2986082E-18  4.1269257E-05  0.0000000E+00  1.0201814E-43  2.5199711E-15  2.6225611E-03  2.7993768E-36  1.2186733E-08
  1.4555526E+01  0.0000000E+00  0.0000000E+00  2.6032451E-48  9.5947264E-19  3.7908356E-05  0.0000000E+00  5.1041523E-44  1.9668343E-15  2.4926829E-03  1.5832056E-36  1.0661364E-08
  1.4652738E+01  0.0000000E+00  0.0000000E+00  1.2089865E-48  7.0746936E-19  3.4801056E-05  0.0000000E+00  2.5418525E-44  1.5325704E-15  2.3684204E-03  8.9198368E-37  9.3186439E-09
  1.4750599E+01  0.0000000E+00  0.0000000E+00  5.5857937E-49  5.2059190E-19  3.1929895E-05  0.0000000E+00  1.2599222E-44  1.1921989E-15  2.2495725E-03  5.0062082E-37  8.1377547E-09
  1.4849114E+01  0.0000000E+00  0.0000000E+00  2.5673779E-49  3.8229232E-19  2.9278485E-05  0.0000000E+00  6.2156970E-45  9.2586541E-16  2.1359436E-03  2.7988657E-37  7.1001228E-09
  1.4948287E+01  0.0000000E+00  0.0000000E+00  1.1738713E-49  2.8015389E-19  2.6831451E-05  0.0000000E+00  3.0519304E-45  7.1781581E-16  2.0273434E-03  1.5587089E-37  6.1891919E-09
  1.5048122E+01  0.0000000E+00  0.0000000E+00  5.3390147E-50  2.0487772E-19  2.4574379E-05  0.0000000E+00  1.4913649E-45  5.5557070E-16  1.9235863E-03  8.6466191E-38  5.3902173E-09
  1.5148624E+01  0.0000000E+00  0.0000000E+00  2.4154373E-50  1.4951465E-19  2.2493766E-05  0.0000000E+00  7.2527621E-46  4.2926145E-16  1.8244921E-03  4.7776519E-38  4.6900798E-09
  1.5249797E+01  0.0000000E+00  0.0000000E+00  1.0869469E-50  1.0888240E-19  2.0576970E-05  0.0000000E+00  3.5100945E-46  3.3109740E-16  1.7298854E-03  2.6294078E-38  4.0771172E-09
  1.5351646E+01  0.0000000E+00  0.0000000E+00  4.8649975E-51  7.9124412E-20  1.8812158E-05  0.0000000E+00  1.6905015E-46  2.5493883E-16  1.6395960E-03  1.4413352E-38  3.5409724E-09
  1.5454175E+01  0.0000000E+00  0.0000000E+00  2.1657200E-51  5.7376757E-20  1.7188269E-05  0.0000000E+00  8.1017545E-47  1.9595554E-16  1.5534582E-03  7.8690776E-39  3.0724554E-09
  1.5557389E+01  0.0000000E+00  0.0000000E+00  9.5885046E-52  4.1517200E-20  1.5694964E-05  0.0000000E+00  3.8636221E-47  1.5035415E-16  1.4713114E-03  4.2788066E-39  2.6634200E-09
  1.5661292E+01  0.0000000E+00  0.0000000E+00  4.2219372E-52  2.9976467E-20  1.4322588E-05  0.0000000E+00  1.8333586E-47  1.1516076E-16  1.3929997E-03  2.3171253E-39  2.3066520E-09
  1.5765889E+01  0.0000000E+00  0.0000000E+00  1.8487075E-52  2.1596677E-20  1.3062128E-05  0.0000000E+00  8.6561045E-48  8.8048057E-17  1.3183716E-03  1.2496615E-39  1.9957682E-09
  1.5871185E+01  0.0000000E+00  0.0000000E+00  8.0501382E-53  1.5525343E-20  1.1905181E-05  0.0000000E+00  4.0663501E-48  6.7197948E-17  1.2472805E-03  6.7118031E-40  1.7251268E-09
  1.5977184E+01  0.0000000E+00  0.0000000E+00  3.4857811E-53  1.1136198E-20  1.0843910E-05  0.0000000E+00  1.9005490E-48  5.1192703E-17  1.1795842E-03  3.5898617E-40  1.4897454E-09
  1.6083891E+01  0.0000000E+00  0.0000000E+00  1.5008642E-53  7.9701732E-21  9.8710189E-06  0.0000000E+00  8.8375138E-49  3.8928774E-17  1.1151449E-03  1.9120343E-40  1.2852288E-09
  1.6191310E+01  0.0000000E+00  0.0000000E+00  6.4255435E-54  5.6915064E-21  8.9797130E-06  0.0000000E+00  4.0882971E-49  2.9548725E-17  1.0538292E-03  1.0140998E-40  1.1077032E-09
  1.6299447E+01  0.0000000E+00  0.0000000E+00  2.7351936E-54  4.0551683E-21  8.1636725E-06  0.0000000E+00  1.8814842E-49  2.2387565E-17  9.9550797E-04  5.3557500E-41  9.5375783E-10
  1.6408306E+01  0.0000000E+00  0.0000000E+00  1.1575998E-54  2.8827450E-21  7.4170221E-06  0.0000000E+00  8.6136809E-50  1.6930498E-17  9.4005623E-04  2.8164494E-41  8.2039259E-10
  1.6517892E+01  0.0000000E+00  0.0000000E+00  4.8708325E-55  2.0446203E-21  6.7343033E-06  0.0000000E+00  3.9227561E-50  1.2779740E-17  8.8735315E-04  1.4747316E-41  7.0497125E-10
  1.6628210E+01  0.0000000E+00  0.0000000E+00  2.0375321E-55  1.4468438E-21  6.1104483E-06  0.0000000E+00  1.7770196E-50  9.6284926E-18  8.3728195E-04  7.6884835E-42  6.0517958E-10
  1.6739265E+01  0.0000000E+00  0.0000000E+00  8.4731359E-56  1.0214721E-21  5.5407552E-06  0.0000000E+00  8.0071038E-51  7.2405772E-18  7.8972975E-04  3.9909124E-42  5.1898813E-10
  1.6851061E+01  0.0000000E+00  0.0000000E+00  3.5027097E-56  7.1948302E-22  5.0208648E-06  0.0000000E+00  3.5885985E-51  5.4345202E-18  7.4458756E-04  2.0625030E-42  4.4461894E-10
  1.6963604E+01  0.0000000E+00  0.0000000E+00  1.4393487E-56  5.0558833E-22  4.5467378E-06  0.0000000E+00  1.5996470E-51  4.0711477E-18  7.0175016E-04  1.0611941E-42  3.8051601E-10
  1.7076899E+01  0.0000000E+00  0.0000000E+00  5.8791055E-57  3.5444529E-22  4.1146347E-06  0.0000000E+00  7.0918058E-52  3.0439295E-18  6.6111601E-04  5.4357546E-43  3.2531898E-10
  1.7190950E+01  0.0000000E+00  0.0000000E+00  2.3868284E-57  2.4789639E-22  3.7210951E-06  0.0000000E+00  3.1268451E-52  2.2714796E-18  6.2258720E-04  2.7718923E-43  2.7783976E-10
  1.7305764E+01  0.0000000E+00  0.0000000E+00  9.6311245E-58  1.7296299E-22  3.3629197E-06  0.0000000E+00  1.3710586E-52  1.6917414E-18  5.8606930E-04  1.4071197E-43  2.3704178E-10
  1.7421343E+01  0.0000000E+00  0.0000000E+00  3.8624214E-58  1.2039022E-22  3.0371522E-06  0.0000000E+00  5.9784552E-53  1.2574896E-18  5.5147137E-04  7.1106703E-44  2.0202164E-10
  1.7537695E+01  0.0000000E+00  0.0000000E+00  1.5393947E-58  8.3594421E-23  2.7410632E-06  0.0000000E+00  2.5923177E-53  9.3285541E-19  5.1870576E-04  3.5768546E-44  1.7199284E-10
  1.7654824E+01  0.0000000E+00  0.0000000E+00  6.0971751E-59  5.7903452E-23  2.4721343E-06  0.0000000E+00  1.1177293E-53  6.9065016E-19  4.8768814E-04  1.7909756E-44  1.4627134E-10
  1.7772735E+01  0.0000000E+00  0.0000000E+00  2.3998062E-59  4.0009729E-23  2.2280434E-06  0.0000000E+00  4.7920014E-54  5.1030515E-19  4.5833731E-04  8.9261044E-45  1.2426288E-10
  1.7891434E+01  0.0000000E+00  0.0000000E+00  9.3858330E-60  2.7577421E-23  2.0066510E-06  0.0000000E+00  2.0427336E-54  3.7629118E-19  4.3057521E-04  4.4279666E-45  1.0545176E-10
  1.8010925E+01  0.0000000E+00  0.0000000E+00  3.6475290E-60  1.8961008E-23  1.8059874E-06  0.0000000E+00  8.6577181E-55  2.7690737E-19  4.0432677E-04  2.1862653E-45  8.9390909E-11
  1.8131215E+01  0.0000000E+00  0.0000000E+00  1.4084256E-60  1.3004143E-23  1.6242402E-06  0.0000000E+00  3.6481641E-55  2.0335508E-19  3.7951985E-04  1.0743444E-45  7.5693191E-11
  1.8252307E+01  0.0000000E+00  0.0000000E+00  5.4032877E-61  8.8962561E-24  1.4597432E-06  0.0000000E+00  1.5282931E-55  1.4903219E-19  3.5608515E-04  5.2542668E-46  6.4023743E-11
  1.8374209E+01  0.0000000E+00  0.0000000E+00  2.0594482E-61  6.0705884E-24  1.3109658E-06  0.0000000E+00  6.3647632E-56  1.0899429E-19  3.3395616E-04  2.5573752E-46  5.4093228E-11
  1.8496925E+01  0.0000000E+00  0.0000000E+00  7.7981518E-62  4.1318533E-24  1.1765027E-06  0.0000000E+00  2.6350147E-56  7.9546304E-20  3.1306903E-04  1.2387285E-46  4.5651928E-11
  1.8620460E+01  0.0000000E+00  0.0000000E+00  2.9333219E-62  2.8050602E-24  1.0550646E-06  0.0000000E+00  1.0844029E-56  5.7932570E-20  2.9336252E-04  5.9709395E-47  3.8484557E-11
  1.8744820E+01  0.0000000E+00  0.0000000E+00  1.0960593E-62  1.8993947E-24  9.4547006E-07  0.0000000E+00  4.4359506E-57  4.2102321E-20  2.7477792E-04  2.8640428E-47  3.2405726E-11
  1.8870011E+01  0.0000000E+00  0.0000000E+00  4.0681172E-63  1.2827926E-24  8.4663647E-07  0.0000000E+00  1.8036508E-57  3.0532586E-20  2.5725898E-04  1.3670108E-47  2.7255970E-11
  1.8996038E+01  0.0000000E+00  0.0000000E+00  1.4997422E-63  8.6408880E-25  7.5757314E-07  0.0000000E+00  7.2890199E-58  2.2094759E-20  2.4075180E-04  6.4923980E-48  2.2898278E-11
  1.9122907E+01  0.0000000E+00  0.0000000E+00  5.4913854E-64  5.8051486E-25  6.7737390E-07  0.0000000E+00  2.9276408E-58  1.5954269E-20  2.2520479E-04  3.0680624E-48  1.9215071E-11
  1.9250623E+01  0.0000000E+00  0.0000000E+00  1.9969522E-64  3.8896784E-25  6.0521061E-07  0.0000000E+00  1.1686361E-58  1.1495297E-20  2.1056857E-04  1.4425605E-48  1.6105560E-11
  1.9379191E+01  0.0000000E+00  0.0000000E+00  7.2119357E-65  2.5992720E-25  5.4032699E-07  0.0000000E+00  4.6359027E-59  8.2644286E-21  1.9679591E-04  6.7483803E-49  1.3483446E-11
  1.9508619E+01  0.0000000E+00  0.0000000E+00  2.5864989E-65  1.7322863E-25  4.8203292E-07  0.0000000E+00  1.8275253E-59  5.9285503E-21  1.8384168E-04  3.1408370E-49  1.1274930E-11
  1.9638911E+01  0.0000000E+00  0.0000000E+00  9.2114206E-66  1.1513561E-25  4.2969914E-07  0.0000000E+00  7.1589103E-60  4.2434669E-21  1.7166272E-04  1.4543074E-49  9.4169724E-12
  1.9770073E+01  0.0000000E+00  0.0000000E+00  3.2574084E-66  7.6315705E-26  3.8275232E-07  0.0000000E+00  2.7865384E-60  3.0305632E-21  1.6021783E-04  6.6991000E-50  7.8557878E-12
  1.9902111E+01  0.0000000E+00  0.0000000E+00  1.1437372E-66  5.0445729E-26  3.4067052E-07  0.0000000E+00  1.0776997E-60  2.1594821E-21  1.4946768E-04  3.0698029E-50  6.5455440E-12
  2.0035031E+01  0.0000000E+00  0.0000000E+00  3.9871789E-67  3.3253132E-26  3.0297893E-07  0.0000000E+00  4.1411877E-61  1.5352994E-21  1.3937472E-04  1.3993377E-50  5.4472313E-12
  2.0168839E+01  0.0000000E+00  0.0000000E+00  1.3799627E-67  2.1859033E-26  2.6924600E-07  0.0000000E+00  1.5809791E-61  1.0890484E-21  1.2990316E-04  6.3450738E-51  4.5276875E-12
  2.0303540E+01  0.0000000E+00  0.0000000E+00  4.7414111E-68  1.4328854E-26  2.3907974E-07  0.0000000E+00  5.9962656E-62  7.7073552E-22  1.2101887E-04  2.8617844E-51  3.7587556E-12
  2.0439141E+01  0.0000000E+00  0.0000000E+00  1.6171966E-68  9.3662546E-27  2.1212446E-07  0.0000000E+00  2.2592713E-62  5.4420302E-22  1.1268934E-04  1.2838287E-51  3.1165579E-12
  2.0575648E+01  0.0000000E+00  0.0000000E+00  5.4753139E-69  6.1050080E-27  1.8805759E-07  0.0000000E+00  8.4560544E-63  3.8336038E-22  1.0488361E-04  5.7283674E-52  2.5808703E-12
  2.0713066E+01  0.0000000E+00  0.0000000E+00  1.8400177E-69  3.9679304E-27  1.6658691E-07  0.0000000E+00  3.1438216E-63  2.6942474E-22  9.7572201E-05  2.5420956E-52  2.1345849E-12
  2.0851402E+01  0.0000000E+00  0.0000000E+00  6.1373001E-70  2.5715267E-27  1.4744786E-07  0.0000000E+00  1.1609605E-63  1.8890562E-22  9.0727082E-05  1.1219502E-52  1.7632477E-12
  2.0990662E+01  0.0000000E+00  0.0000000E+00  2.0316570E-70  1.6617239E-27  1.3040111E-07  0.0000000E+00  4.2581888E-64  1.3213645E-22  8.4321587E-05  4.9244671E-53  1.4546623E-12
  2.1130852E+01  0.0000000E+00  0.0000000E+00  6.6744607E-71  1.0706785E-27  1.1523039E-07  0.0000000E+00  1.5511671E-64  9.2206992E-23  7.8330379E-05  2.1494733E-53  1.1985505E-12
  2.1271979E+01  0.0000000E+00  0.0000000E+00  2.1759532E-71  6.8783336E-28  1.0174037E-07  0.0000000E+00  5.6117272E-65  6.4189147E-23  7.2729387E-05  9.3298586E-54  9.8626149E-13
  2.1414047E+01  0.0000000E+00  0.0000000E+00  7.0392290E-72  4.4057792E-28  8.9754826E-08  0.0000000E+00  2.0161213E-65  4.4576803E-23  6.7495759E-05  4.0269029E-54  8.1052360E-13
  2.1557065E+01  0.0000000E+00  0.0000000E+00  2.2595247E-72  2.8136429E-28  7.9114863E-08  0.0000000E+00  7.1927770E-66  3.0881527E-23  6.2607808E-05  1.7282361E-54  6.6523232E-13
  2.1701038E+01  0.0000000E+00  0.0000000E+00  7.1961402E-73  1.7914855E-28  6.9677368E-08  0.0000000E+00  2.5480844E-66  2.1341459E-23  5.8044966E-05  7.3748544E-55  5.4526966E-13
  2.1845972E+01  0.0000000E+00  0.0000000E+00  2.2737695E-73  1.1372266E-28  6.1313536E-08  0.0000000E+00  8.9628375E-67  1.4712206E-23  5.3787733E-05  3.1289939E-55  4.4635028E-13
  2.1991875E+01  0.0000000E+00  0.0000000E+00  7.1273989E-74  7.1971619E-29  5.3907540E-08  0.0000000E+00  3.1301760E-67  1.0117021E-23  4.9817636E-05  1.3198945E-55  3.6489083E-13
  2.2138751E+01  0.0000000E+00  0.0000000E+00  2.2162908E-74  4.5409558E-29  4.7355316E-08  0.0000000E+00  1.0853262E-67  6.9397131E-24  4.6117179E-05  5.5352738E-56  2.9789890E-13
  2.2286609E+01  0.0000000E+00  0.0000000E+00  6.8360690E-75  2.8562493E-29  4.1563446E-08  0.0000000E+00  3.7359128E-68  4.7482884E-24  4.2669804E-05  2.3077374E-56  2.4287887E-13
  2.2435454E+01  0.0000000E+00  0.0000000E+00  2.0914275E-75  1.7910132E-29  3.6448148E-08  0.0000000E+00  1.2765986E-68  3.2406496E-24  3.9459846E-05  9.5645146E-57  1.9775232E-13
  2.2585293E+01  0.0000000E+00  0.0000000E+00  6.3461198E-76  1.1195573E-29  3.1934343E-08  0.0000000E+00  4.3302136E-69  2.2060690E-24  3.6472496E-05  3.9404920E-57  1.6079053E-13
  2.2736133E+01  0.0000000E+00  0.0000000E+00  1.9097429E-76  6.9763711E-30  2.7954811E-08  0.0000000E+00  1.4579327E-69  1.4979274E-24  3.3693758E-05  1.6137285E-57  1.3055759E-13
  2.2887981E+01  0.0000000E+00  0.0000000E+00  5.6992081E-77  4.3335061E-30  2.4449426E-08  0.0000000E+00  4.8720801E-70  1.0144709E-24  3.1110413E-05  6.5687753E-58  1.0586267E-13
  2.3040842E+01  0.0000000E+00  0.0000000E+00  1.6865477E-77  2.6832839E-30  2.1364450E-08  0.0000000E+00  1.6159041E-70  6.8526428E-25  2.8709986E-05  2.6576236E-58  8.5719302E-14
  2.3194725E+01  0.0000000E+00  0.0000000E+00  4.9487830E-78  1.6561586E-30  1.8651904E-08  0.0000000E+00  5.3188294E-71  4.6167748E-25  2.6480703E-05  1.0686579E-58  6.9311517E-14
  2.3349635E+01  0.0000000E+00  0.0000000E+00  1.4397423E-78  1.0189103E-30  1.6268983E-08  0.0000000E+00  1.7373639E-71  3.1022284E-25  2.4411466E-05  4.2707196E-59  5.5965334E-14
  2.3505580E+01  0.0000000E+00  0.0000000E+00  0.0000000E+00  6.2482635E-31  1.4177537E-08  0.0000000E+00  5.6313738E-72  2.0790057E-25  2.2491814E-05  1.6961381E-59  4.5124834E-14
  2.3662566E+01  0.0000000E+00  0.0000000E+00  0.0000000E+00  3.8191135E-31  1.2343597E-08  0.0000000E+00  1.8111782E-72  1.3895580E-25  2.0711894E-05  6.6942165E-60  3.6332127E-14
  2.3820601E+01  0.0000000E+00  0.0000000E+00  0.0000000E+00  2.3266771E-31  1.0736940E-08  0.0000000E+00  5.7797005E-73  9.2625167E-26  1.9062432E-05  2.6254095E-60  2.9210605E-14
  2.3979691E+01  0.0000000E+00  0.0000000E+00  0.0000000E+00  1.4127665E-31  9.3307075E-09  0.0000000E+00  1.8298720E-73  6.1575060E-26  1.7534701E-05  1.0231359E-60  2.3450959E-14
  2.4139844E+01  0.0000000E+00  0.0000000E+00  0.0000000E+00  8.5497946E-32  8.1010466E-09  0.0000000E+00  5.7475248E-74  4.0822191E-26  1.6120497E-05  3.9617642E-61  1.8799521E-14
  2.4301066E+01  0.0000000E+00  0.0000000E+00  0.0000000E+00  5.1568237E-32  7.0267985E-09  0.0000000E+00  1.7908495E-74  2.6989540E-26  1.4812109E-05  1.5242029E-61  1.5048557E-14
  2.4463365E+01  0.0000000E+00  0.0000000E+00  0.0000000E+00  3.0998479E-32  6.0892101E-09  0.0000000E+00  5.5351379E-75  1.7794851E-26  1.3602293E-05  5.8260668E-62  1.2028196E-14
  2.4626748E+01  0.0000000E+00  0.0000000E+00  0.0000000E+00  1.8570350E-32  5.2716767E-09  0.0000000E+00  1.6969212E-75  1.1699956E-26  1.2484252E-05  2.2124128E-62  9.5997395E-15
  2.4791222E+01  0.0000000E+00  0.0000000E+00  0.0000000E+00  1.1086935E-32  4.5595099E-09  0.0000000E+00  5.1597805E-76  7.6711000E-27  1.1451608E-05  8.3463039E-63  7.6501044E-15
  2.4956794E+01  0.0000000E+00  0.0000000E+00  0.0000000E+00  6.5963628E-33  3.9397291E-09  0.0000000E+00  1.5559989E-76  5.0154103E-27  1.0498380E-05  3.1277977E-63  6.0872323E-15
  2.5123473E+01  0.0000000E+00  0.0000000E+00  0.0000000E+00  3.9110121E-33  3.4008741E-09  0.0000000E+00  4.6533715E-77  3.2698097E-27  9.6189647E-06  1.1643364E-63  4.8362930E-15
  2.5291264E+01  0.0000000E+00  0.0000000E+00  0.0000000E+00  2.3107620E-33  2.9328370E-09  0.0000000E+00  1.3799970E-77  2.1256777E-27  8.8081144E-06  4.3051902E-64  3.8365524E-15
  2.5460177E+01  0.0000000E+00  0.0000000E+00  0.0000000E+00  1.3604808E-33  2.5267114E-09  0.0000000E+00  4.0579975E-78  1.3779167E-27  8.0609169E-06  1.5810981E-64  3.0387921E-15
  2.5630217E+01  0.0000000E+00  0.0000000E+00  0.0000000E+00  7.9815955E-34  2.1746573E-09  0.0000000E+00  1.1831495E-78  8.9061657E-28  7.3727777E-06  5.7670831E-65  2.4031879E-15
  2.5801393E+01  0.0000000E+00  0.0000000E+00  0.0000000E+00  4.6659221E-34  1.8697805E-09  0.0000000E+00  0.0000000E+00  5.7397420E-28  6.7394014E-06  2.0891164E-65  1.8975656E-15
  2.5973712E+01  0.0000000E+00  0.0000000E+00  0.0000000E+00  2.7178488E-34  1.6060243E-09  0.0000000E+00  0.0000000E+00  3.6882410E-28  6.1567750E-06  7.5154677E-66  1.4959728E-15
  2.6147182E+01  0.0000000E+00  0.0000000E+00  0.0000000E+00  1.5774029E-34  1.3780735E-09  0.0000000E+00  0.0000000E+00  2.3629959E-28  5.6211516E-06  2.6848130E-66  1.1775079E-15
  2.6321811E+01  0.0000000E+00  0.0000000E+00  0.0000000E+00  9.1217655E-35  1.1812682E-09  0.0000000E+00  0.0000000E+00  1.5094364E-28  5.1290345E-06  9.5238863E-67  9.2536403E-16
  2.6497606E+01  0.0000000E+00  0.0000000E+00  0.0000000E+00  5.2556138E-35  1.0115271E-09  0.0000000E+00  0.0000000E+00  9.6131599E-29  4.6771629E-06  3.3545462E-67  7.2604811E-16
  2.6674574E+01  0.0000000E+00  0.0000000E+00  0.0000000E+00  3.0169319E-35  8.6527956E-10  0.0000000E+00  0.0000000E+00  6.1039123E-29  4.2624979E-06  1.1731400E-67  5.6874492E-16
  2.6852725E+01  0.0000000E+00  0.0000000E+00  0.0000000E+00  1.7254179E-35  7.3940482E-10  0.0000000E+00  0.0000000E+00  3.8639580E-29  3.8822087E-06  4.0732324E-68  4.4479952E-16
  2.7032066E+01  0.0000000E+00  0.0000000E+00  0.0000000E+00  9.8310269E-36  6.3117821E-10  0.0000000E+00  0.0000000E+00  2.4385387E-29  3.5336604E-06  1.4040367E-68  3.4729699E-16
  2.7212604E+01  0.0000000E+00  0.0000000E+00  0.0000000E+00  5.5804386E-36  5.3822340E-10  0.0000000E+00  0.0000000E+00  1.5342324E-29  3.2144019E-06  4.8044537E-69  2.7072159E-16
  2.7394348E+01  0.0000000E+00  0.0000000E+00  0.0000000E+00  3.1556700E-36  4.5847002E-10  0.0000000E+00  0.0000000E+00  9.6229432E-30  2.9221544E-06  1.6319694E-69  2.1068089E-16
  2.7577306E+01  0.0000000E+00  0.0000000E+00  0.0000000E+00  1.7776961E-36  3.9011623E-10  0.0000000E+00  0.0000000E+00  6.0168743E-30  2.6548008E-06  5.5024784E-70  1.6368277E-16
  2.7761486E+01  0.0000000E+00  0.0000000E+00  0.0000000E+00  9.9759649E-37  3.3159555E-10  0.0000000E+00  0.0000000E+00  3.7503441E-30  2.4103754E-06  1.8414449E-70  1.2695548E-16
  2.7946896E+01  0.0000000E+00  0.0000000E+00  0.0000000E+00  5.5766386E-37  2.8154762E-10  0.0000000E+00  0.0000000E+00  2.3302328E-30  2.1870541E-06  6.1162967E-71  9.8302776E-17
  2.8133544E+01  0.0000000E+00  0.0000000E+00  0.0000000E+00  3.1052667E-37  2.3879233E-10  0.0000000E+00  0.0000000E+00  1.4432657E-30  1.9831456E-06  2.0161508E-71  7.5987297E-17
  2.8321439E+01  0.0000000E+00  0.0000000E+00  0.0000000E+00  1.7223551E-37  2.0230707E-10  0.0000000E+00  0.0000000E+00  8.9105141E-31  1.7970827E-06  6.5953379E-72  5.8637056E-17
  2.8510589E+01  0.0000000E+00  0.0000000E+00  0.0000000E+00  9.5155155E-38  1.7120669E-10  0.0000000E+00  0.0000000E+00  5.4835198E-31  1.6274137E-06  2.1409442E-72  4.5170434E-17
  2.8701002E+01  0.0000000E+00  0.0000000E+00  0.0000000E+00  5.2361995E-38  1.4472587E-10  0.0000000E+00  0.0000000E+00  3.3636193E-31  1.4727955E-06  6.8960808E-73  3.4736200E-17
  2.8892686E+01  0.0000000E+00  0.0000000E+00  0.0000000E+00  2.8698724E-38  1.2220364E-10  0.0000000E+00  0.0000000E+00  2.0565324E-31  1.3319857E-06  2.2039523E-73  2.6665591E-17
  2.9085651E+01  0.0000000E+00  0.0000000E+00  0.0000000E+00  1.5666059E-38  1.0306980E-10  0.0000000E+00  0.0000000E+00  1.2532451E-31  1.2038364E-06  6.9884164E-74  2.0434119E-17
  2.9279905E+01  0.0000000E+00  0.0000000E+00  0.0000000E+00  8.5171802E-39  8.6832959E-11  0.0000000E+00  0.0000000E+00  7.6119972E-32  1.0872865E-06  2.1983951E-74  1.5631162E-17
  2.9475456E+01  0.0000000E+00  0.0000000E+00  0.0000000E+00  4.6116763E-39  7.3070247E-11  0.0000000E+00  0.0000000E+00  4.6080126E-32  9.8135803E-07  6.8605108E-75  1.1935815E-17
  2.9672313E+01  0.0000000E+00  0.0000000E+00  0.0000000E+00  2.4867760E-39  6.1418025E-11  0.0000000E+00  0.0000000E+00  2.7801703E-32  8.8514766E-07  2.1237528E-75  9.0977326E-18
  2.9870484E+01  0.0000000E+00  0.0000000E+00  0.0000000E+00  1.3354183E-39  5.1564078E-11  0.0000000E+00  0.0000000E+00  1.6717144E-32  7.9782376E-07  6.5211032E-76  6.9219649E-18
  3.0069979E+01  0.0000000E+00  0.0000000E+00  0.0000000E+00  7.1414859E-40  4.3240574E-11  0.0000000E+00  0.0000000E+00  1.0017881E-32  7.1861983E-07  1.9860051E-76  5.2569703E-18
  3.0270807E+01  0.0000000E+00  0.0000000E+00  0.0000000E+00  3.8031035E-40  3.6218047E-11  0.0000000E+00  0.0000000E+00  5.9827771E-33  6.4683037E-07  5.9986570E-77  3.9851644E-18
  3.0472976E+01  0.0000000E+00  0.0000000E+00  0.0000000E+00  2.0167573E-40  3.0300135E-11  0.0000000E+00  0.0000000E+00  3.5606797E-33  5.8180646E-07  1.7968591E-77  3.0154784E-18
  3.0676495E+01  0.0000000E+00  0.0000000E+00  0.0000000E+00  1.0649336E-40  2.5319003E-11  0.0000000E+00  0.0000000E+00  2.1118159E-33  5.2295167E-07  5.3374275E-78  2.2775089E-18
  3.0881373E+01  0.0000000E+00  0.0000000E+00  0.0000000E+00  5.5992816E-41  2.1131373E-11  0.0000000E+00  0.0000000E+00  1.2481365E-33  4.6971820E-07  1.5720966E-78  1.7169292E-18
  3.1087620E+01  0.0000000E+00  0.0000000E+00  0.0000000E+00  2.9313675E-41  1.7615070E-11  0.0000000E+00  0.0000000E+00  7.3509045E-34  4.2160328E-07  0.0000000E+00  1.2918966E-18
  3.1295244E+01  0.0000000E+00  0.0000000E+00  0.0000000E+00  1.5280011E-41  1.4666049E-11  0.0000000E+00  0.0000000E+00  4.3140088E-34  3.7814577E-07  0.0000000E+00  9.7024332E-19
  3.1504254E+01  0.0000000E+00  0.0000000E+00  0.0000000E+00  7.9301176E-42  1.2195803E-11  0.0000000E+00  0.0000000E+00  2.5227443E-34  3.3892304E-07  0.0000000E+00  7.2728663E-19
  3.1714661E+01  0.0000000E+00  0.0000000E+00  0.0000000E+00  4.0975592E-42  1.0129142E-11  0.0000000E+00  0.0000000E+00  1.4699649E-34  3.0354803E-07  0.0000000E+00  5.4412295E-19
  3.1926472E+01  0.0000000E+00  0.0000000E+00  0.0000000E+00  2.1078875E-42  8.4022648E-12  0.0000000E+00  0.0000000E+00  8.5343754E-35  2.7166652E-07  0.0000000E+00  4.0630240E-19
  3.2139699E+01  0.0000000E+00  0.0000000E+00  0.0000000E+00  1.0795260E-42  6.9611002E-12  0.0000000E+00  0.0000000E+00  4.9369296E-35  2.4295455E-07  0.0000000E+00  3.0280080E-19
  3.2354349E+01  0.0000000E+00  0.0000000E+00  0.0000000E+00  5.5038804E-43  5.7598824E-12  0.0000000E+00  0.0000000E+00  2.8454562E-35  2.1711611E-07  0.0000000E+00  2.2522380E-19
  3.2570433E+01  0.0000000E+00  0.0000000E+00  0.0000000E+00  2.7934556E-43  4.7599228E-12  0.0000000E+00  0.0000000E+00  1.6339769E-35  1.9388088E-07  0.0000000E+00  1.6719199E-19
  3.2787960E+01  0.0000000E+00  0.0000000E+00  0.0000000E+00  1.4113607E-43  3.9285573E-12  0.0000000E+00  0.0000000E+00  9.3482033E-36  1.7300221E-07  0.0000000E+00  1.2386678E-19
  3.3006940E+01  0.0000000E+00  0.0000000E+00  0.0000000E+00  7.0981338E-44  3.2382434E-12  0.0000000E+00  0.0000000E+00  5.3282885E-36  1.5425523E-07  0.0000000E+00  9.1585484E-20
  3.3227383E+01  0.0000000E+00  0.0000000E+00  0.0000000E+00  3.5534208E-44  2.6657865E-12  0.0000000E+00  0.0000000E+00  3.0256151E-36  1.3743504E-07  0.0000000E+00  6.7581069E-20
  3.3449298E+01  0.0000000E+00  0.0000000E+00  0.0000000E+00  1.7706456E-44  2.1916792E-12  0.0000000E+00  0.0000000E+00  1.7115712E-36  1.2235514E-07  0.0000000E+00  4.9767314E-20
  3.3672694E+01  0.0000000E+00  0.0000000E+00  0.0000000E+00  8.7818372E-45  1.7995362E-12  0.0000000E+00  0.0000000E+00  9.6454054E-37  1.0884584E-07  0.0000000E+00  3.6574444E-20
  3.3897583E+01  0.0000000E+00  0.0000000E+00  0.0000000E+00  4.3350476E-45  1.4756126E-12  0.0000000E+00  0.0000000E+00  5.4147576E-37  9.6752932E-08  0.0000000E+00  2.6823793E-20
  3.4123974E+01  0.0000000E+00  0.0000000E+00  0.0000000E+00  2.1298209E-45  1.2083939E-12  0.0000000E+00  0.0000000E+00  3.0280238E-37  8.5936332E-08  0.0000000E+00  1.9632046E-20
  3.4351877E+01  0.0000000E+00  0.0000000E+00  0.0000000E+00  1.0414030E-45  9.8824626E-13  0.0000000E+00  0.0000000E+00  1.6867470E-37  7.6268921E-08  0.0000000E+00  1.4338637E-20
  3.4581301E+01  0.0000000E+00  0.0000000E+00  0.0000000E+00  5.0676532E-46  8.0712074E-13  0.0000000E+00  0.0000000E+00  9.3592174E-38  6.7635422E-08  0.0000000E+00  1.0450597E-20
  3.4812258E+01  0.0000000E+00  0.0000000E+00  0.0000000E+00  2.4541033E-46  6.5830112E-13  0.0000000E+00  0.0000000E+00  5.1726912E-38  5.9931385E-08  0.0000000E+00  7.6007958E-21
  3.5044758E+01  0.0000000E+00  0.0000000E+00  0.0000000E+00  1.1826663E-46  5.3619100E-13  0.0000000E+00  0.0000000E+00  2.8475371E-38  5.3062244E-08  0.0000000E+00  5.5163994E-21
  3.5278810E+01  0.0000000E+00  0.0000000E+00  0.0000000E+00  5.6715326E-47  4.3613339E-13  0.0000000E+00  0.0000000E+00  1.5613000E-38  4.6942450E-08  0.0000000E+00  3.9950739E-21
  3.5514426E+01  0.0000000E+00  0.0000000E+00  0.0000000E+00  2.7064048E-47  3.5425833E-13  0.0000000E+00  0.0000000E+00  8.5262032E-39  4.1494676E-08  0.0000000E+00  2.8870892E-21
  3.5751615E+01  0.0000000E+00  0.0000000E+00  0.0000000E+00  1.2850628E-47  2.8735409E-13  0.0000000E+00  0.0000000E+00  4.6373034E-39  3.6649083E-08  0.0000000E+00  2.0818796E-21
  3.5990388E+01  0.0000000E+00  0.0000000E+00  0.0000000E+00  6.0712809E-48  2.3275958E-13  0.0000000E+00  0.0000000E+00  2.5119090E-39  3.2342648E-08  0.0000000E+00  1.4979755E-21
  3.6230756E+01  0.0000000E+00  0.0000000E+00  0.0000000E+00  2.8539448E-48  1.8827236E-13  0.0000000E+00  0.0000000E+00  1.3550610E-39  2.8518545E-08  0.0000000E+00  1.0754772E-21
  3.6472729E+01  0.0000000E+00  0.0000000E+00  0.0000000E+00  1.3347654E-48  1.5207237E-13  0.0000000E+00  0.0000000E+00  7.2797789E-40  2.5125578E-08  0.0000000E+00  7.7043972E-22
  3.6716318E+01  0.0000000E+00  0.0000000E+00  0.0000000E+00  6.2107367E-49  1.2265766E-13  0.0000000E+00  0.0000000E+00  3.8946619E-40  2.2117662E-08  0.0000000E+00  5.5069444E-22
  3.6961534E+01  0.0000000E+00  0.0000000E+00  0.0000000E+00  2.8750454E-49  9.8790585E-14  0.0000000E+00  0.0000000E+00  2.0749196E-40  1.9453350E-08  0.0000000E+00  3.9274514E-22
  3.7208388E+01  0.0000000E+00  0.0000000E+00  0.0000000E+00  1.3240188E-49  7.9452717E-14  0.0000000E+00  0.0000000E+00  1.1007795E-40  1.7095394E-08  0.0000000E+00  2.7946828E-22
  3.7456890E+01  0.0000000E+00  0.0000000E+00  0.0000000E+00  6.0656286E-50  6.3807258E-14  0.0000000E+00  0.0000000E+00  5.8150635E-41  1.5010353E-08  0.0000000E+00  1.9841260E-22
  3.7707052E+01  0.0000000E+00  0.0000000E+00  0.0000000E+00  2.7642282E-50  5.1167634E-14  0.0000000E+00  0.0000000E+00  3.0588002E-41  1.3168225E-08  0.0000000E+00  1.4054468E-22
  3.7958885E+01  0.0000000E+00  0.0000000E+00  0.0000000E+00  1.2530618E-50  4.0971347E-14  0.0000000E+00  0.0000000E+00  1.6020558E-41  1.1542121E-08  0.0000000E+00  9.9325635E-23
  3.8212400E+01  0.0000000E+00  0.0000000E+00  0.0000000E+00  5.6500923E-51  3.2758239E-14  0.0000000E+00  0.0000000E+00  8.3545155E-42  1.0107960E-08  0.0000000E+00  7.0033104E-23
  3.8467608E+01  0.0000000E+00  0.0000000E+00  0.0000000E+00  2.5340017E-51  2.6152424E-14  0.0000000E+00  0.0000000E+00  4.3377966E-42  8.8441964E-09  0.0000000E+00  4.9264464E-23
  3.8724520E+01  0.0000000E+00  0.0000000E+00  0.0000000E+00  1.1303431E-51  2.0847313E-14  0.0000000E+00  0.0000000E+00  2.2423760E-42  7.7315687E-09  0.0000000E+00  3.4573689E-23
  3.8983148E+01  0.0000000E+00  0.0000000E+00  0.0000000E+00  5.0147490E-52  1.6593218E-14  0.0000000E+00  0.0000000E+00  1.1540537E-42  6.7528742E-09  0.0000000E+00  2.4206525E-23
  3.9243504E+01  0.0000000E+00  0.0000000E+00  0.0000000E+00  2.2126216E-52  1.3187095E-14  0.0000000E+00  0.0000000E+00  5.9130119E-43  5.8927619E-09  0.0000000E+00  1.6907798E-23
  3.9505598E+01  0.0000000E+00  0.0000000E+00  0.0000000E+00  9.7088409E-53  1.0464085E-14  0.0000000E+00  0.0000000E+00  3.0160842E-43  5.1375458E-09  0.0000000E+00  1.1781555E-23
  3.9769442E+01  0.0000000E+00  0.0000000E+00  0.0000000E+00  4.2365574E-53  8.2905333E-15  0.0000000E+00  0.0000000E+00  1.5314993E-43  4.4750352E-09  0.0000000E+00  8.1897787E-24
  4.0035049E+01  0.0000000E+00  0.0000000E+00  0.0000000E+00  1.8383462E-53  6.5582555E-15  0.0000000E+00  0.0000000E+00  7.7413263E-44  3.8943815E-09  0.0000000E+00  5.6792204E-24
  4.0302430E+01  0.0000000E+00  0.0000000E+00  0.0000000E+00  7.9321854E-54  5.1798159E-15  0.0000000E+00  0.0000000E+00  3.8951629E-44  3.3859391E-09  0.0000000E+00  3.9286670E-24
  4.0571596E+01  0.0000000E+00  0.0000000E+00  0.0000000E+00  3.4032397E-54  4.0846600E-15  0.0000000E+00  0.0000000E+00  1.9508952E-44  2.9411401E-09  0.0000000E+00  2.7110314E-24
  4.0842560E+01  0.0000000E+00  0.0000000E+00  0.0000000E+00  1.4518071E-54  3.2159443E-15  0.0000000E+00  0.0000000E+00  9.7258284E-45  2.5523809E-09  0.0000000E+00  1.8661629E-24
  4.1115334E+01  0.0000000E+00  0.0000000E+00  0.0000000E+00  6.1577843E-55  2.5279445E-15  0.0000000E+00  0.0000000E+00  4.8260272E-45  2.2129202E-09  0.0000000E+00  1.2813950E-24
  4.1389930E+01  0.0000000E+00  0.0000000E+00  0.0000000E+00  2.5966982E-55  1.9839391E-15  0.0000000E+00  0.0000000E+00  2.3834690E-45  1.9167865E-09  0.0000000E+00  8.7766286E-25
  4.1666359E+01  0.0000000E+00  0.0000000E+00  0.0000000E+00  1.0886345E-55  1.5544840E-15  0.0000000E+00  0.0000000E+00  1.1715795E-45  1.6586957E-09  0.0000000E+00  5.9962033E-25
  4.1944635E+01  0.0000000E+00  0.0000000E+00  0.0000000E+00  4.5372042E-56  1.2160084E-15  0.0000000E+00  0.0000000E+00  5.7314225E-46  1.4339760E-09  0.0000000E+00  4.0862183E-25
  4.2224769E+01  0.0000000E+00  0.0000000E+00  0.0000000E+00  1.8798449E-56  9.4967418E-16  0.0000000E+00  0.0000000E+00  2.7904048E-46  1.2385012E-09  0.0000000E+00  2.7775121E-25
  4.2506774E+01  0.0000000E+00  0.0000000E+00  0.0000000E+00  7.7422088E-57  7.4044978E-16  0.0000000E+00  0.0000000E+00  1.3519846E-46  1.0686305E-09  0.0000000E+00  1.8830944E-25
  4.2790662E+01  0.0000000E+00  0.0000000E+00  0.0000000E+00  3.1695559E-57  5.7636119E-16  0.0000000E+00  0.0000000E+00  6.5187087E-47  9.2115436E-10  0.0000000E+00  1.2733931E-25
  4.3076447E+01  0.0000000E+00  0.0000000E+00  0.0000000E+00  1.2897455E-57  4.4788569E-16  0.0000000E+00  0.0000000E+00  3.1276785E-47  7.9324647E-10  0.0000000E+00  8.5885442E-26
  4.3364140E+01  0.0000000E+00  0.0000000E+00  0.0000000E+00  5.2163042E-58  3.4746264E-16  0.0000000E+00  0.0000000E+00  1.4932710E-47  6.8242022E-10  0.0000000E+00  5.7774437E-26
  4.3653754E+01  0.0000000E+00  0.0000000E+00  0.0000000E+00  2.0967958E-58  2.6909933E-16  0.0000000E+00  0.0000000E+00  7.0940842E-48  5.8649017E-10  0.0000000E+00  3.8761747E-26
  4.3945303E+01  0.0000000E+00  0.0000000E+00  0.0000000E+00  8.3765379E-59  2.0805387E-16  0.0000000E+00  0.0000000E+00  3.3533610E-48  5.0353745E-10  0.0000000E+00  2.5936699E-26
  4.4238799E+01  0.0000000E+00  0.0000000E+00  0.0000000E+00  3.3255916E-59  1.6058046E-16  0.0000000E+00  0.0000000E+00  1.5771590E-48  4.3187898E-10  0.0000000E+00  1.7308604E-26
  4.4534255E+01  0.0000000E+00  0.0000000E+00  0.0000000E+00  1.3120481E-59  1.2372524E-16  0.0000000E+00  0.0000000E+00  7.3801760E-49  3.7004000E-10  0.0000000E+00  1.1519605E-26
  4.4831684E+01  0.0000000E+00  0.0000000E+00  0.0000000E+00  5.1438399E-60  9.5162892E-17  0.0000000E+00  0.0000000E+00  3.4358857E-49  3.1672957E-10  0.0000000E+00  7.6459851E-27
  4.5131100E+01  0.0000000E+00  0.0000000E+00  0.0000000E+00  2.0038360E-60  7.3066048E-17  0.0000000E+00  0.0000000E+00  1.5913880E-49  2.7081884E-10  0.0000000E+00  5.0610629E-27
  4.5432515E+01  0.0000000E+00  0.0000000E+00  0.0000000E+00  7.7562887E-61  5.6001179E-17  0.0000000E+00  0.0000000E+00  7.3326891E-50  2.3132176E-10  0.0000000E+00  3.3408304E-27
  4.5735943E+01  0.0000000E+00  0.0000000E+00  0.0000000E+00  2.9829273E-61  4.2845694E-17  0.0000000E+00  0.0000000E+00  3.3611250E-50  1.9737783E-10  0.0000000E+00  2.1991908E-27
  4.6041398E+01  0.0000000E+00  0.0000000E+00  0.0000000E+00  1.1397456E-61  3.2722048E-17  0.0000000E+00  0.0000000E+00  1.5325847E-50  1.6823700E-10  0.0000000E+00  1.4436427E-27
  4.6348893E+01  0.0000000E+00  0.0000000E+00  0.0000000E+00  4.3264257E-62  2.4945481E-17  0.0000000E+00  0.0000000E+00  6.9513125E-51  1.4324610E-10  0.0000000E+00  9.4501066E-28
  4.6658442E+01  0.0000000E+00  0.0000000E+00  0.0000000E+00  1.6314955E-62  1.8982621E-17  0.0000000E+00  0.0000000E+00  3.1361415E-51  1.2183700E-10  0.0000000E+00  6.1685872E-28
  4.6970058E+01  0.0000000E+00  0.0000000E+00  0.0000000E+00  6.1116282E-63  1.4418766E-17  0.0000000E+00  0.0000000E+00  1.4073263E-51  1.0351601E-10  0.0000000E+00  4.0151194E-28
  4.7283755E+01  0.0000000E+00  0.0000000E+00  0.0000000E+00  2.2741615E-63  1.0932069E-17  0.0000000E+00  0.0000000E+00  6.2812784E-52  8.7854637E-11  0.0000000E+00  2.6059537E-28
  4.7599547E+01  0.0000000E+00  0.0000000E+00  0.0000000E+00  8.4053868E-64  8.2732014E-18  0.0000000E+00  0.0000000E+00  2.7882962E-52  7.4481347E-11  0.0000000E+00  1.6864833E-28
  4.7917448E+01  0.0000000E+00  0.0000000E+00  0.0000000E+00  3.0856356E-64  6.2493735E-18  0.0000000E+00  0.0000000E+00  1.2309796E-52  6.3074358E-11  0.0000000E+00  1.0882686E-28
  4.8237473E+01  0.0000000E+00  0.0000000E+00  0.0000000E+00  1.1250205E-64  4.7117865E-18  0.0000000E+00  0.0000000E+00  5.4046457E-53  5.3355286E-11  0.0000000E+00  7.0019719E-29
  4.8559634E+01  0.0000000E+00  0.0000000E+00  0.0000000E+00  4.0736448E-65  3.5458106E-18  0.0000000E+00  0.0000000E+00  2.3597781E-53  4.5083554E-11  0.0000000E+00  4.4918615E-29
  4.8883948E+01  0.0000000E+00  0.0000000E+00  0.0000000E+00  1.4648418E-65  2.6633042E-18  0.0000000E+00  0.0000000E+00  1.0245796E-53  3.8051490E-11  0.0000000E+00  2.8730651E-29
  4.9210427E+01  0.0000000E+00  0.0000000E+00  0.0000000E+00  5.2307125E-66  1.9966219E-18  0.0000000E+00  0.0000000E+00  4.4235790E-54  3.2080029E-11  0.0000000E+00  1.8321840E-29
  4.9539087E+01  0.0000000E+00  0.0000000E+00  0.0000000E+00  1.8546885E-66  1.4939469E-18  0.0000000E+00  0.0000000E+00  1.8990575E-54  2.7014948E-11  0.0000000E+00  1.1648995E-29
  4.9869942E+01  0.0000000E+00  0.0000000E+00  0.0000000E+00  6.5297771E-67  1.1156634E-18  0.0000000E+00  0.0000000E+00  8.1062752E-55  2.2723566E-11  0.0000000E+00  7.3840544E-30
  5.0203006E+01  0.0000000E+00  0.0000000E+00  0.0000000E+00  2.2825487E-67  8.3154214E-19  0.0000000E+00  0.0000000E+00  3.4403760E-55  1.9091871E-11  0.0000000E+00  4.6663737E-30
  5.0538295E+01  0.0000000E+00  0.0000000E+00  0.0000000E+00  7.9215992E-68  6.1856130E-19  0.0000000E+00  0.0000000E+00  1.4516909E-55  1.6022003E-11  0.0000000E+00  2.9399061E-30
  5.0875823E+01  0.0000000E+00  0.0000000E+00  0.0000000E+00  2.7293133E-68  4.5922227E-19  0.0000000E+00  0.0000000E+00  6.0898727E-56  1.3430063E-11  0.0000000E+00  1.8464936E-30
  5.1215605E+01  0.0000000E+00  0.0000000E+00  0.0000000E+00  9.3350790E-69  3.4025076E-19  0.0000000E+00  0.0000000E+00  2.5397451E-56  1.1244206E-11  0.0000000E+00  1.1561482E-30
  5.1557657E+01  0.0000000E+00  0.0000000E+00  0.0000000E+00  3.1694420E-69  2.5159700E-19  0.0000000E+00  0.0000000E+00  1.0529355E-56  9.4029838E-12  0.0000000E+00  7.2164159E-31
  5.1901993E+01  0.0000000E+00  0.0000000E+00  0.0000000E+00  1.0681290E-69  1.8566764E-19  0.0000000E+00  0.0000000E+00  4.3393517E-57  7.8538978E-12  0.0000000E+00  4.4901700E-31
  5.2248629E+01  0.0000000E+00  0.0000000E+00  0.0000000E+00  3.5728633E-70  1.3673682E-19  0.0000000E+00  0.0000000E+00  1.7776281E-57  6.5521528E-12  0.0000000E+00  2.7850181E-31
  5.2597579E+01  0.0000000E+00  0.0000000E+00  0.0000000E+00  1.1861408E-70  1.0049557E-19  0.0000000E+00  0.0000000E+00  7.2382124E-58  5.4595709E-12  0.0000000E+00  1.7219003E-31
  5.2948861E+01  0.0000000E+00  0.0000000E+00  0.0000000E+00  3.9080348E-71  7.3708069E-20  0.0000000E+00  0.0000000E+00  2.9293911E-58  4.5436536E-12  0.0000000E+00  1.0611907E-31
  5.3302488E+01  0.0000000E+00  0.0000000E+00  0.0000000E+00  1.2777852E-71  5.3949059E-20  0.0000000E+00  0.0000000E+00  1.1783113E-58  3.7767706E-12  0.0000000E+00  6.5189091E-32
  5.3658477E+01  0.0000000E+00  0.0000000E+00  0.0000000E+00  4.1458083E-72  3.9404646E-20  0.0000000E+00  0.0000000E+00  4.7104277E-59  3.1354590E-12  0.0000000E+00  3.9915633E-32
  5.4016844E+01  0.0000000E+00  0.0000000E+00  0.0000000E+00  1.3347100E-72  2.8721005E-20  0.0000000E+00  0.0000000E+00  1.8713668E-59  2.5998194E-12  0.0000000E+00  2.4360614E-32
  5.4377604E+01  0.0000000E+00  0.0000000E+00  0.0000000E+00  4.2634882E-73  2.0889806E-20  0.0000000E+00  0.0000000E+00  7.3881618E-60  2.1529958E-12  0.0000000E+00  1.4818388E-32
  5.4740774E+01  0.0000000E+00  0.0000000E+00  0.0000000E+00  1.3511936E-73  1.5161620E-20  0.0000000E+00  0.0000000E+00  2.8984989E-60  1.7807276E-12  0.0000000E+00  8.9840385E-33
  5.5106368E+01  0.0000000E+00  0.0000000E+00  0.0000000E+00  4.2483282E-74  1.0980626E-20  0.0000000E+00  0.0000000E+00  1.1299243E-60  1.4709654E-12  0.0000000E+00  5.4286323E-33
  5.5474405E+01  0.0000000E+00  0.0000000E+00  0.0000000E+00  1.3250732E-74  7.9354690E-21  0.0000000E+00  0.0000000E+00  4.3766830E-61  1.2135409E-12  0.0000000E+00  3.2692464E-33
  5.5844900E+01  0.0000000E+00  0.0000000E+00  0.0000000E+00  4.0997372E-75  5.7223695E-21  0.0000000E+00  0.0000000E+00  1.6843806E-61  9.9988408E-13  0.0000000E+00  1.9621556E-33
  5.6217869E+01  0.0000000E+00  0.0000000E+00  0.0000000E+00  1.2581700E-75  4.1174723E-21  0.0000000E+00  0.0000000E+00  6.4404234E-62  8.2278136E-13  0.0000000E+00  1.1736481E-33
  5.6593329E+01  0.0000000E+00  0.0000000E+00  0.0000000E+00  3.8296784E-76  2.9561783E-21  0.0000000E+00  0.0000000E+00  2.4465110E-62  6.7616866E-13  0.0000000E+00  6.9960200E-34
  5.6971296E+01  0.0000000E+00  0.0000000E+00  0.0000000E+00  1.1561046E-76  2.1177238E-21  0.0000000E+00  0.0000000E+00  9.2324674E-63  5.5495486E-13  0.0000000E+00  4.1558782E-34
  5.7351788E+01  0.0000000E+00  0.0000000E+00  0.0000000E+00  3.4611126E-77  1.5137019E-21  0.0000000E+00  0.0000000E+00  3.4610301E-63  4.5487127E-13  0.0000000E+00  2.4601586E-34
  5.7734821E+01  0.0000000E+00  0.0000000E+00  0.0000000E+00  1.0275186E-77  1.0795363E-21  0.0000000E+00  0.0000000E+00  1.2888099E-63  3.7234348E-13  0.0000000E+00  1.4512483E-34
  5.8120412E+01  0.0000000E+00  0.0000000E+00  0.0000000E+00  3.0247564E-78  7.6816323E-22  0.0000000E+00  0.0000000E+00  4.7670203E-64  3.0438241E-13  0.0000000E+00  8.5307725E-35
  5.8508578E+01  0.0000000E+00  0.0000000E+00  0.0000000E+00  8.8285384E-79  5.4535910E-22  0.0000000E+00  0.0000000E+00  1.7512909E-64  2.4849178E-13  0.0000000E+00  4.9967991E-35
  5.8899337E+01  0.0000000E+00  0.0000000E+00  0.0000000E+00  0.0000000E+00  3.8629387E-22  0.0000000E+00  0.0000000E+00  6.3900035E-65  2.0258966E-13  0.0000000E+00  2.9163705E-35
  5.9292706E+01  0.0000000E+00  0.0000000E+00  0.0000000E+00  0.0000000E+00  2.7299369E-22  0.0000000E+00  0.0000000E+00  2.3155465E-65  1.6494204E-13  0.0000000E+00  1.6960174E-35
  5.9688701E+01  0.0000000E+00  0.0000000E+00  0.0000000E+00  0.0000000E+00  1.9247763E-22  0.0000000E+00  0.0000000E+00  8.3328481E-66  1.3410665E-13  0.0000000E+00  9.8275256E-36
  6.0087342E+01  0.0000000E+00  0.0000000E+00  0.0000000E+00  0.0000000E+00  1.3539232E-22  0.0000000E+00  0.0000000E+00  2.9778216E-66  1.0888545E-13  0.0000000E+00  5.6737955E-36
  6.0488644E+01  0.0000000E+00  0.0000000E+00  0.0000000E+00  0.0000000E+00  9.5013905E-23  0.0000000E+00  0.0000000E+00  1.0566877E-66  8.8284864E-14  0.0000000E+00  3.2636839E-36
  6.0892627E+01  0.0000000E+00  0.0000000E+00  0.0000000E+00  0.0000000E+00  6.6520087E-23  0.0000000E+00  0.0000000E+00  3.7231851E-67  7.1481804E-14  0.0000000E+00  1.8704093E-36
  6.1299308E+01  0.0000000E+00  0.0000000E+00  0.0000000E+00  0.0000000E+00  4.6460523E-23  0.0000000E+00  0.0000000E+00  1.3025060E-67  5.7795435E-14  0.0000000E+00  1.0679441E-36
  6.1708705E+01  0.0000000E+00  0.0000000E+00  0.0000000E+00  0.0000000E+00  3.2372341E-23  0.0000000E+00  0.0000000E+00  4.5239599E-68  4.6663387E-14  0.0000000E+00  6.0748110E-37
  6.2120837E+01  0.0000000E+00  0.0000000E+00  0.0000000E+00  0.0000000E+00  2.2501728E-23  0.0000000E+00  0.0000000E+00  1.5599416E-68  3.7621799E-14  0.0000000E+00  3.4425351E-37
  6.2535720E+01  0.0000000E+00  0.0000000E+00  0.0000000E+00  0.0000000E+00  1.5602795E-23  0.0000000E+00  0.0000000E+00  5.3397984E-69  3.0288605E-14  0.0000000E+00  1.9434540E-37
  6.2953375E+01  0.0000000E+00  0.0000000E+00  0.0000000E+00  0.0000000E+00  1.0792613E-23  0.0000000E+00  0.0000000E+00  1.8144479E-69  2.4349567E-14  0.0000000E+00  1.0929726E-37
  6.3373819E+01  0.0000000E+00  0.0000000E+00  0.0000000E+00  0.0000000E+00  7.4470008E-24  0.0000000E+00  0.0000000E+00  6.1198835E-70  1.9546602E-14  0.0000000E+00  6.1231112E-38
  6.3797071E+01  0.0000000E+00  0.0000000E+00  0.0000000E+00  0.0000000E+00  5.1257760E-24  0.0000000E+00  0.0000000E+00  2.0487856E-70  1.5668057E-14  0.0000000E+00  3.4170520E-38
  6.4223150E+01  0.0000000E+00  0.0000000E+00  0.0000000E+00  0.0000000E+00  3.5192821E-24  0.0000000E+00  0.0000000E+00  6.8073805E-71  1.2540607E-14  0.0000000E+00  1.8994864E-38
  6.4652074E+01  0.0000000E+00  0.0000000E+00  0.0000000E+00  0.0000000E+00  2.4102245E-24  0.0000000E+00  0.0000000E+00  2.2447546E-71  1.0022528E-14  0.0000000E+00  1.0517547E-38
  6.5083863E+01  0.0000000E+00  0.0000000E+00  0.0000000E+00  0.0000000E+00  1.6465033E-24  0.0000000E+00  0.0000000E+00  7.3457817E-72  7.9981021E-15  0.0000000E+00  5.8006255E-39
  6.5518536E+01  0.0000000E+00  0.0000000E+00  0.0000000E+00  0.0000000E+00  1.1219203E-24  0.0000000E+00  0.0000000E+00  2.3854051E-72  6.3729903E-15  0.0000000E+00  3.1864394E-39
  6.5956112E+01  0.0000000E+00  0.0000000E+00  0.0000000E+00  0.0000000E+00  7.6251495E-25  0.0000000E+00  0.0000000E+00  7.6862708E-73  5.0703953E-15  0.0000000E+00  1.7433927E-39
  6.6396610E+01  0.0000000E+00  0.0000000E+00  0.0000000E+00  0.0000000E+00  5.1690910E-25  0.0000000E+00  0.0000000E+00  2.4573828E-73  4.0278960E-15  0.0000000E+00  9.5001773E-40
  6.6840050E+01  0.0000000E+00  0.0000000E+00  0.0000000E+00  0.0000000E+00  3.4950386E-25  0.0000000E+00  0.0000000E+00  7.7948445E-74  3.1948326E-15  0.0000000E+00  5.1558847E-40
  6.7286452E+01  0.0000000E+00  0.0000000E+00  0.0000000E+00  0.0000000E+00  2.3569708E-25  0.0000000E+00  0.0000000E+00  2.4529757E-74  2.5301538E-15  0.0000000E+00  2.7867481E-40
  6.7735835E+01  0.0000000E+00  0.0000000E+00  0.0000000E+00  0.0000000E+00  1.5853065E-25  0.0000000E+00  0.0000000E+00  7.6577916E-75  2.0006459E-15  0.0000000E+00  1.5000412E-40
  6.8188219E+01  0.0000000E+00  0.0000000E+00  0.0000000E+00  0.0000000E+00  1.0634607E-25  0.0000000E+00  0.0000000E+00  2.3714363E-75  1.5794777E-15  0.0000000E+00  8.0409515E-41
  6.8643625E+01  0.0000000E+00  0.0000000E+00  0.0000000E+00  0.0000000E+00  7.1149384E-26  0.0000000E+00  0.0000000E+00  7.2843333E-76  1.2450081E-15  0.0000000E+00  4.2923808E-41
  6.9102072E+01  0.0000000E+00  0.0000000E+00  0.0000000E+00  0.0000000E+00  4.7473860E-26  0.0000000E+00  0.0000000E+00  2.2192750E-76  9.7980957E-16  0.0000000E+00  2.2817248E-41
  6.9563581E+01  0.0000000E+00  0.0000000E+00  0.0000000E+00  0.0000000E+00  3.1591034E-26  0.0000000E+00  0.0000000E+00  6.7057540E-77  7.6987003E-16  0.0000000E+00  1.2077861E-41
  7.0028172E+01  0.0000000E+00  0.0000000E+00  0.0000000E+00  0.0000000E+00  2.0964822E-26  0.0000000E+00  0.0000000E+00  2.0094225E-77  6.0394130E-16  0.0000000E+00  6.3659920E-42
  7.0495866E+01  0.0000000E+00  0.0000000E+00  0.0000000E+00  0.0000000E+00  1.3874861E-26  0.0000000E+00  0.0000000E+00  5.9710914E-78  4.7300852E-16  0.0000000E+00  3.3410177E-42
  7.0966683E+01  0.0000000E+00  0.0000000E+00  0.0000000E+00  0.0000000E+00  9.1573167E-27  0.0000000E+00  0.0000000E+00  1.7594070E-78  3.6985835E-16  0.0000000E+00  1.7458842E-42
  7.1440645E+01  0.0000000E+00  0.0000000E+00  0.0000000E+00  0.0000000E+00  6.0270016E-27  0.0000000E+00  0.0000000E+00  0.0000000E+00  2.8872831E-16  0.0000000E+00  9.0837092E-43
  7.1917773E+01  0.0000000E+00  0.0000000E+00  0.0000000E+00  0.0000000E+00  3.9556731E-27  0.0000000E+00  0.0000000E+00  0.0000000E+00  2.2502256E-16  0.0000000E+00  4.7055379E-43
  7.2398087E+01  0.0000000E+00  0.0000000E+00  0.0000000E+00  0.0000000E+00  2.5889125E-27  0.0000000E+00  0.0000000E+00  0.0000000E+00  1.7508169E-16  0.0000000E+00  2.4268370E-43
  7.2881609E+01  0.0000000E+00  0.0000000E+00  0.0000000E+00  0.0000000E+00  1.6896005E-27  0.0000000E+00  0.0000000E+00  0.0000000E+00  1.3599676E-16  0.0000000E+00  1.2460749E-43
  7.3368360E+01  0.0000000E+00  0.0000000E+00  0.0000000E+00  0.0000000E+00  1.0995428E-27  0.0000000E+00  0.0000000E+00  0.0000000E+00  1.0545928E-16  0.0000000E+00  6.3695198E-44
  7.3858362E+01  0.0000000E+00  0.0000000E+00  0.0000000E+00  0.0000000E+00  7.1349907E-28  0.0000000E+00  0.0000000E+00  0.0000000E+00  8.1640314E-17  0.0000000E+00  3.2412683E-44
  7.4351636E+01  0.0000000E+00  0.0000000E+00  0.0000000E+00  0.0000000E+00  4.6165705E-28  0.0000000E+00  0.0000000E+00  0.0000000E+00  6.3093326E-17  0.0000000E+00  1.6419338E-44
  7.4848205E+01  0.0000000E+00  0.0000000E+00  0.0000000E+00  0.0000000E+00  2.9783923E-28  0.0000000E+00  0.0000000E+00  0.0000000E+00  4.8676179E-17  0.0000000E+00  8.2797114E-45
  7.5348090E+01  0.0000000E+00  0.0000000E+00  0.0000000E+00  0.0000000E+00  1.9158974E-28  0.0000000E+00  0.0000000E+00  0.0000000E+00  3.7488618E-17  0.0000000E+00  4.1560435E-45
  7.5851314E+01  0.0000000E+00  0.0000000E+00  0.0000000E+00  0.0000000E+00  1.2288021E-28  0.0000000E+00  0.0000000E+00  0.0000000E+00  2.8822280E-17  0.0000000E+00  2.0765231E-45
  7.6357899E+01  0.0000000E+00  0.0000000E+00  0.0000000E+00  0.0000000E+00  7.8578271E-29  0.0000000E+00  0.0000000E+00  0.0000000E+00  2.2120746E-17  0.0000000E+00  1.0326939E-45
  7.6867867E+01  0.0000000E+00  0.0000000E+00  0.0000000E+00  0.0000000E+00  5.0098548E-29  0.0000000E+00  0.0000000E+00  0.0000000E+00  1.6947778E-17  0.0000000E+00  5.1117918E-46
  7.7381241E+01  0.0000000E+00  0.0000000E+00  0.0000000E+00  0.0000000E+00  3.1844963E-29  0.0000000E+00  0.0000000E+00  0.0000000E+00  1.2961737E-17  0.0000000E+00  2.5183891E-46
  7.7898043E+01  0.0000000E+00  0.0000000E+00  0.0000000E+00  0.0000000E+00  2.0181023E-29  0.0000000E+00  0.0000000E+00  0.0000000E+00  9.8961580E-18  0.0000000E+00  1.2350400E-46
  7.8418297E+01  0.0000000E+00  0.0000000E+00  0.0000000E+00  0.0000000E+00  1.2751354E-29  0.0000000E+00  0.0000000E+00  0.0000000E+00  7.5422423E-18  0.0000000E+00  6.0338792E-47
  7.8942026E+01  0.0000000E+00  0.0000000E+00  0.0000000E+00  0.0000000E+00  8.0322599E-30  0.0000000E+00  0.0000000E+00  0.0000000E+00  5.7378143E-18  0.0000000E+00  2.9338274E-47
  7.9469252E+01  0.0000000E+00  0.0000000E+00  0.0000000E+00  0.0000000E+00  5.0440420E-30  0.0000000E+00  0.0000000E+00  0.0000000E+00  4.3571186E-18  0.0000000E+00  1.4196491E-47
  8.0000000E+01  0.0000000E+00  0.0000000E+00  0.0000000E+00  0.0000000E+00  3.1576948E-30  0.0000000E+00  0.0000000E+00  0.0000000E+00  3.3025839E-18  0.0000000E+00  6.8363138E-48
